from_zone,from_naam,to_zone,to_naam,meters,freeflow_s,werkdag_ochtendspits_s,werkdag_dal_s,werkdag_avondspits_s,werkdag_avond_s,weekend_middag_s
Z00,'s-Gravenland,Z00,'s-Gravenland,0,108,108,108,108,108,108
Z00,'s-Gravenland,Z01,Afrikaanderwijk,9396,792,1186,876,1265,790,964
Z00,'s-Gravenland,Z02,Agniesebuurt,6180,754,954,826,992,750,895
Z00,'s-Gravenland,Z03,Bedrijvenpark Noord-West,16148,1009,1620,1086,1752,1007,1194
Z00,'s-Gravenland,Z04,Bergpolder,10614,734,1132,789,1217,732,862
Z00,'s-Gravenland,Z05,Beverwaard,9402,790,1155,866,1229,787,948
Z00,'s-Gravenland,Z06,Blijdorp,10197,816,1265,887,1356,813,974
Z00,'s-Gravenland,Z07,Blijdorpsepolder,12896,932,1428,997,1536,930,1087
Z00,'s-Gravenland,Z08,Bloemhof,9602,850,1245,929,1334,847,1012
Z00,'s-Gravenland,Z09,Bospolder,9360,1024,1457,1145,1541,1020,1258
Z00,'s-Gravenland,Z10,Carnisse,10906,965,1452,1068,1560,963,1173
Z00,'s-Gravenland,Z11,Charlois Zuidrand,18941,1125,1793,1200,1942,1123,1313
Z00,'s-Gravenland,Z12,Cool,6480,691,938,772,990,688,843
Z00,'s-Gravenland,Z13,Cs Kwartier,7898,860,1193,965,1249,856,1057
Z00,'s-Gravenland,Z14,De Esch,3406,391,516,431,538,390,465
Z00,'s-Gravenland,Z15,Delfshaven,8426,877,1212,986,1278,874,1089
Z00,'s-Gravenland,Z16,Dijkzigt,7151,738,1034,830,1080,735,910
Z00,'s-Gravenland,Z17,Feijenoord,9532,850,1209,924,1283,847,1007
Z00,'s-Gravenland,Z18,Groot IJsselmonde,8244,686,1021,752,1088,684,824
Z00,'s-Gravenland,Z19,Heijplaat,21482,1306,2077,1405,2243,1303,1543
Z00,'s-Gravenland,Z20,Het Lage Land,4956,511,729,561,769,508,615
Z00,'s-Gravenland,Z21,Hillegersberg Noord,8140,815,1151,928,1203,814,1019
Z00,'s-Gravenland,Z22,Hillegersberg Zuid,7916,805,1149,921,1211,802,1024
Z00,'s-Gravenland,Z23,Hillesluis,9041,765,1154,848,1231,762,934
Z00,'s-Gravenland,Z24,Hoogvliet Noord,24144,1330,2190,1419,2381,1327,1560
Z00,'s-Gravenland,Z25,Hoogvliet Zuid,24452,1495,2449,1635,2650,1491,1808
Z00,'s-Gravenland,Z26,Katendrecht,8988,964,1362,1086,1444,962,1198
Z00,'s-Gravenland,Z27,Kleinpolder,12142,798,1264,854,1365,796,936
Z00,'s-Gravenland,Z28,Kop van Zuid,7142,763,1121,860,1207,760,943
Z00,'s-Gravenland,Z29,Kop van Zuid - Entrepot,9319,786,1173,892,1255,782,986
Z00,'s-Gravenland,Z30,Kralingen Oost,2527,318,399,350,415,316,371
Z00,'s-Gravenland,Z31,Kralingen West,4015,449,583,500,606,447,548
Z00,'s-Gravenland,Z32,Kralingse Bos,4749,583,732,629,763,582,670
Z00,'s-Gravenland,Z33,Kralingseveer,4068,447,597,480,639,445,515
Z00,'s-Gravenland,Z34,Liskwartier,6728,719,965,805,1056,716,883
Z00,'s-Gravenland,Z35,Lombardijen,9621,810,1210,898,1285,808,989
Z00,'s-Gravenland,Z36,Middelland,7789,840,1169,939,1230,838,1030
Z00,'s-Gravenland,Z37,Molenlaankwartier,6964,695,984,791,1028,694,875
Z00,'s-Gravenland,Z38,Nesselande,11753,963,1427,1073,1515,960,1185
Z00,'s-Gravenland,Z39,Nieuw Crooswijk,5811,662,912,744,964,658,815
Z00,'s-Gravenland,Z40,Nieuwe Werk,7438,816,1164,914,1249,814,998
Z00,'s-Gravenland,Z41,Nieuwe Westen,8512,956,1309,1047,1366,954,1154
Z00,'s-Gravenland,Z42,Noord Kethel,18482,1289,2002,1395,2150,1286,1533
Z00,'s-Gravenland,Z43,Noordereiland,6722,725,1034,815,1095,723,899
Z00,'s-Gravenland,Z44,Ommoord,6743,716,994,806,1039,714,885
Z00,'s-Gravenland,Z45,Oosterflank,4945,594,826,655,862,591,714
Z00,'s-Gravenland,Z46,Oud Charlois,9937,1034,1541,1157,1655,1032,1273
Z00,'s-Gravenland,Z47,Oud Crooswijk,4914,540,735,608,769,538,668
Z00,'s-Gravenland,Z48,Oud IJsselmonde,6670,541,791,585,846,538,637
Z00,'s-Gravenland,Z49,Oud Mathenesse,14918,991,1592,1068,1720,989,1178
Z00,'s-Gravenland,Z50,Oude Noorden,6253,670,900,751,940,667,824
Z00,'s-Gravenland,Z51,Oude Westen,7431,824,1111,921,1162,821,1007
Z00,'s-Gravenland,Z52,Overschie,14926,962,1505,1038,1618,959,1142
Z00,'s-Gravenland,Z53,Pendrecht,12658,1091,1673,1228,1795,1090,1361
Z00,'s-Gravenland,Z54,Prinsenland,3323,419,522,452,539,418,482
Z00,'s-Gravenland,Z55,Provenierswijk,7548,797,1073,893,1124,794,976
Z00,'s-Gravenland,Z56,Rubroek,5153,597,771,662,806,595,716
Z00,'s-Gravenland,Z57,Schiebroek,12185,880,1325,959,1418,877,1052
Z00,'s-Gravenland,Z58,Schiemond,9074,958,1411,1084,1505,955,1192
Z00,'s-Gravenland,Z59,Schieveen,15575,953,1411,1017,1512,951,1102
Z00,'s-Gravenland,Z60,Spangen,13946,1077,1570,1163,1685,1074,1279
Z00,'s-Gravenland,Z61,Stadsdriehoek,5562,588,822,658,882,586,719
Z00,'s-Gravenland,Z62,Struisenburg,4620,484,627,524,662,482,568
Z00,'s-Gravenland,Z63,Tarwewijk,10624,920,1417,1023,1505,918,1129
Z00,'s-Gravenland,Z64,Terbregge,5524,555,769,626,804,553,689
Z00,'s-Gravenland,Z65,Tussendijken,9331,1047,1442,1176,1513,1044,1287
Z00,'s-Gravenland,Z66,Vreewijk,9237,802,1207,886,1296,800,972
Z00,'s-Gravenland,Z67,Wielewaal,11639,1267,1836,1408,1963,1265,1542
Z00,'s-Gravenland,Z68,Zestienhoven,13319,879,1422,954,1542,877,1047
Z00,'s-Gravenland,Z69,Zevenkamp,9019,716,1081,790,1153,712,870
Z00,'s-Gravenland,Z70,Zuiderpark,10919,963,1469,1072,1578,961,1182
Z00,'s-Gravenland,Z71,Zuidplein,10494,919,1386,1024,1492,917,1129
Z00,'s-Gravenland,Z72,Zuidwijk,11038,998,1528,1109,1650,995,1219
Z01,Afrikaanderwijk,Z00,'s-Gravenland,9810,848,1256,949,1332,845,1045
Z01,Afrikaanderwijk,Z01,Afrikaanderwijk,0,57,57,57,57,57,57
Z01,Afrikaanderwijk,Z02,Agniesebuurt,4394,523,748,595,787,521,662
Z01,Afrikaanderwijk,Z03,Bedrijvenpark Noord-West,10994,992,1532,1123,1630,990,1258
Z01,Afrikaanderwijk,Z04,Bergpolder,5591,617,879,705,923,616,782
Z01,Afrikaanderwijk,Z05,Beverwaard,6418,635,928,730,972,634,813
Z01,Afrikaanderwijk,Z06,Blijdorp,5521,606,877,698,918,605,778
Z01,Afrikaanderwijk,Z07,Blijdorpsepolder,7637,854,1190,963,1256,851,1060
Z01,Afrikaanderwijk,Z08,Bloemhof,1324,217,260,228,271,215,242
Z01,Afrikaanderwijk,Z09,Bospolder,5847,638,939,728,992,636,810
Z01,Afrikaanderwijk,Z10,Carnisse,3202,387,510,424,533,385,460
Z01,Afrikaanderwijk,Z11,Charlois Zuidrand,6015,677,965,762,1020,675,840
Z01,Afrikaanderwijk,Z12,Cool,3209,358,528,414,535,356,465
Z01,Afrikaanderwijk,Z13,Cs Kwartier,5035,573,880,670,939,570,746
Z01,Afrikaanderwijk,Z14,De Esch,7954,663,1028,748,1100,662,834
Z01,Afrikaanderwijk,Z15,Delfshaven,4570,485,739,561,789,483,630
Z01,Afrikaanderwijk,Z16,Dijkzigt,4087,433,648,500,683,430,562
Z01,Afrikaanderwijk,Z17,Feijenoord,1462,226,293,247,307,224,267
Z01,Afrikaanderwijk,Z18,Groot IJsselmonde,4765,505,695,569,726,504,625
Z01,Afrikaanderwijk,Z19,Heijplaat,8684,925,1347,1058,1412,921,1176
Z01,Afrikaanderwijk,Z20,Het Lage Land,11338,816,1306,910,1406,815,1016
Z01,Afrikaanderwijk,Z21,Hillegersberg Noord,8293,890,1211,1004,1267,888,1104
Z01,Afrikaanderwijk,Z22,Hillegersberg Zuid,6817,727,1062,840,1116,725,939
Z01,Afrikaanderwijk,Z23,Hillesluis,1374,171,239,192,252,170,212
Z01,Afrikaanderwijk,Z24,Hoogvliet Noord,12551,1023,1562,1142,1678,1020,1263
Z01,Afrikaanderwijk,Z25,Hoogvliet Zuid,12886,1168,1790,1344,1919,1165,1501
Z01,Afrikaanderwijk,Z26,Katendrecht,1682,261,294,272,302,260,283
Z01,Afrikaanderwijk,Z27,Kleinpolder,7573,789,1154,905,1221,788,1008
Z01,Afrikaanderwijk,Z28,Kop van Zuid,1738,210,299,238,314,209,263
Z01,Afrikaanderwijk,Z29,Kop van Zuid - Entrepot,870,138,188,155,198,136,168
Z01,Afrikaanderwijk,Z30,Kralingen Oost,6136,629,920,719,980,627,797
Z01,Afrikaanderwijk,Z31,Kralingen West,5233,593,823,673,876,591,739
Z01,Afrikaanderwijk,Z32,Kralingse Bos,7308,918,1242,1020,1366,915,1111
Z01,Afrikaanderwijk,Z33,Kralingseveer,8060,668,1055,756,1132,666,842
Z01,Afrikaanderwijk,Z34,Liskwartier,5722,644,909,734,952,642,813
Z01,Afrikaanderwijk,Z35,Lombardijen,4214,471,645,531,681,470,582
Z01,Afrikaanderwijk,Z36,Middelland,4736,494,709,566,750,492,618
Z01,Afrikaanderwijk,Z37,Molenlaankwartier,8948,961,1320,1092,1382,959,1204
Z01,Afrikaanderwijk,Z38,Nesselande,17525,1282,2012,1438,2156,1280,1604
Z01,Afrikaanderwijk,Z39,Nieuw Crooswijk,6403,735,1086,843,1141,732,938
Z01,Afrikaanderwijk,Z40,Nieuwe Werk,3499,418,591,470,623,416,521
Z01,Afrikaanderwijk,Z41,Nieuwe Westen,5436,626,890,714,941,623,776
Z01,Afrikaanderwijk,Z42,Noord Kethel,14420,1268,1878,1420,1992,1267,1571
Z01,Afrikaanderwijk,Z43,Noordereiland,2360,279,387,314,408,277,346
Z01,Afrikaanderwijk,Z44,Ommoord,13334,1004,1604,1124,1727,1003,1250
Z01,Afrikaanderwijk,Z45,Oosterflank,14126,978,1559,1091,1694,976,1215
Z01,Afrikaanderwijk,Z46,Oud Charlois,2985,366,502,410,527,364,448
Z01,Afrikaanderwijk,Z47,Oud Crooswijk,5520,577,837,666,850,574,750
Z01,Afrikaanderwijk,Z48,Oud IJsselmonde,3687,381,561,435,594,379,484
Z01,Afrikaanderwijk,Z49,Oud Mathenesse,7484,758,1149,880,1213,756,990
Z01,Afrikaanderwijk,Z50,Oude Noorden,5725,618,875,710,891,615,794
Z01,Afrikaanderwijk,Z51,Oude Westen,4480,510,718,577,754,509,638
Z01,Afrikaanderwijk,Z52,Overschie,8854,955,1376,1094,1454,954,1218
Z01,Afrikaanderwijk,Z53,Pendrecht,4993,548,793,621,832,546,687
Z01,Afrikaanderwijk,Z54,Prinsenland,9304,849,1231,931,1306,848,1017
Z01,Afrikaanderwijk,Z55,Provenierswijk,4999,602,823,674,863,601,737
Z01,Afrikaanderwijk,Z56,Rubroek,4530,514,723,588,758,511,657
Z01,Afrikaanderwijk,Z57,Schiebroek,9800,1001,1434,1151,1509,999,1279
Z01,Afrikaanderwijk,Z58,Schiemond,5143,566,837,649,886,563,730
Z01,Afrikaanderwijk,Z59,Schieveen,11795,1046,1558,1182,1656,1045,1316
Z01,Afrikaanderwijk,Z60,Spangen,6652,740,1062,842,1125,736,933
Z01,Afrikaanderwijk,Z61,Stadsdriehoek,3386,368,534,417,566,367,462
Z01,Afrikaanderwijk,Z62,Struisenburg,4304,453,693,523,739,453,585
Z01,Afrikaanderwijk,Z63,Tarwewijk,2100,283,348,302,361,281,322
Z01,Afrikaanderwijk,Z64,Terbregge,12128,882,1409,987,1514,881,1102
Z01,Afrikaanderwijk,Z65,Tussendijken,6073,671,958,761,1013,668,842
Z01,Afrikaanderwijk,Z66,Vreewijk,2708,373,480,411,511,371,440
Z01,Afrikaanderwijk,Z67,Wielewaal,4743,589,789,649,827,587,706
Z01,Afrikaanderwijk,Z68,Zestienhoven,8902,913,1316,1044,1386,912,1159
Z01,Afrikaanderwijk,Z69,Zevenkamp,14543,994,1612,1110,1736,992,1239
Z01,Afrikaanderwijk,Z70,Zuiderpark,4446,467,694,528,735,466,585
Z01,Afrikaanderwijk,Z71,Zuidplein,2778,333,453,370,475,331,405
Z01,Afrikaanderwijk,Z72,Zuidwijk,4597,480,725,544,772,478,608
Z02,Agniesebuurt,Z00,'s-Gravenland,6688,760,983,836,1024,756,903
Z02,Agniesebuurt,Z01,Afrikaanderwijk,5458,630,869,723,909,625,787
Z02,Agniesebuurt,Z02,Agniesebuurt,0,45,45,45,45,45,45
Z02,Agniesebuurt,Z03,Bedrijvenpark Noord-West,7132,597,944,662,1014,594,740
Z02,Agniesebuurt,Z04,Bergpolder,1750,218,292,242,305,216,263
Z02,Agniesebuurt,Z05,Beverwaard,11486,1057,1546,1193,1639,1053,1320
Z02,Agniesebuurt,Z06,Blijdorp,1645,207,276,229,288,206,249
Z02,Agniesebuurt,Z07,Blijdorpsepolder,3478,464,644,517,682,461,565
Z02,Agniesebuurt,Z08,Bloemhof,6283,728,986,808,1029,724,896
Z02,Agniesebuurt,Z09,Bospolder,4983,639,823,718,860,636,787
Z02,Agniesebuurt,Z10,Carnisse,6539,729,1097,808,1175,726,889
Z02,Agniesebuurt,Z11,Charlois Zuidrand,9241,990,1508,1114,1621,989,1230
Z02,Agniesebuurt,Z12,Cool,3255,406,568,459,596,402,506
Z02,Agniesebuurt,Z13,Cs Kwartier,2449,344,463,382,487,342,417
Z02,Agniesebuurt,Z14,De Esch,5775,625,874,712,919,622,786
Z02,Agniesebuurt,Z15,Delfshaven,4271,496,701,559,745,493,617
Z02,Agniesebuurt,Z16,Dijkzigt,3747,436,623,496,661,434,546
Z02,Agniesebuurt,Z17,Feijenoord,4907,612,864,690,910,607,764
Z02,Agniesebuurt,Z18,Groot IJsselmonde,9862,990,1449,1116,1538,986,1234
Z02,Agniesebuurt,Z19,Heijplaat,11823,1247,1906,1413,2041,1243,1568
Z02,Agniesebuurt,Z20,Het Lage Land,6448,650,958,726,1017,648,802
Z02,Agniesebuurt,Z21,Hillegersberg Noord,4083,450,564,495,587,449,533
Z02,Agniesebuurt,Z22,Hillegersberg Zuid,2975,323,444,364,465,322,401
Z02,Agniesebuurt,Z23,Hillesluis,6046,679,1018,787,1049,674,883
Z02,Agniesebuurt,Z24,Hoogvliet Noord,17524,1098,1758,1178,1904,1096,1293
Z02,Agniesebuurt,Z25,Hoogvliet Zuid,20918,1382,2227,1513,2401,1380,1674
Z02,Agniesebuurt,Z26,Katendrecht,6083,719,970,811,1012,716,888
Z02,Agniesebuurt,Z27,Kleinpolder,3731,390,566,442,603,389,488
Z02,Agniesebuurt,Z28,Kop van Zuid,4475,518,692,579,726,515,630
Z02,Agniesebuurt,Z29,Kop van Zuid - Entrepot,4599,552,799,636,841,548,709
Z02,Agniesebuurt,Z30,Kralingen Oost,4686,510,672,569,703,508,621
Z02,Agniesebuurt,Z31,Kralingen West,3109,370,487,407,511,368,441
Z02,Agniesebuurt,Z32,Kralingse Bos,4669,609,760,663,790,606,709
Z02,Agniesebuurt,Z33,Kralingseveer,7424,769,1130,875,1199,765,971
Z02,Agniesebuurt,Z34,Liskwartier,1501,212,261,228,271,211,243
Z02,Agniesebuurt,Z35,Lombardijen,8886,968,1417,1099,1464,963,1224
Z02,Agniesebuurt,Z36,Middelland,3064,396,522,446,546,394,490
Z02,Agniesebuurt,Z37,Molenlaankwartier,4737,521,673,582,702,520,632
Z02,Agniesebuurt,Z38,Nesselande,13874,1074,1658,1194,1772,1072,1328
Z02,Agniesebuurt,Z39,Nieuw Crooswijk,2996,348,440,373,461,345,405
Z02,Agniesebuurt,Z40,Nieuwe Werk,4628,580,844,645,895,576,700
Z02,Agniesebuurt,Z41,Nieuwe Westen,3414,460,624,517,656,458,566
Z02,Agniesebuurt,Z42,Noord Kethel,10578,869,1285,957,1366,868,1051
Z02,Agniesebuurt,Z43,Noordereiland,3853,463,657,526,694,460,582
Z02,Agniesebuurt,Z44,Ommoord,7806,773,1235,868,1328,771,945
Z02,Agniesebuurt,Z45,Oosterflank,10601,769,1204,841,1292,768,929
Z02,Agniesebuurt,Z46,Oud Charlois,6149,675,1035,757,1112,674,836
Z02,Agniesebuurt,Z47,Oud Crooswijk,1902,251,313,272,326,249,292
Z02,Agniesebuurt,Z48,Oud IJsselmonde,8772,795,1176,895,1252,791,989
Z02,Agniesebuurt,Z49,Oud Mathenesse,6738,566,875,626,937,564,695
Z02,Agniesebuurt,Z50,Oude Noorden,1188,199,243,212,256,197,224
Z02,Agniesebuurt,Z51,Oude Westen,3197,430,585,481,615,427,525
Z02,Agniesebuurt,Z52,Overschie,5013,556,789,631,834,554,699
Z02,Agniesebuurt,Z53,Pendrecht,8185,866,1343,977,1450,863,1084
Z02,Agniesebuurt,Z54,Prinsenland,11093,805,1252,875,1342,802,962
Z02,Agniesebuurt,Z55,Provenierswijk,1176,182,239,198,252,179,212
Z02,Agniesebuurt,Z56,Rubroek,1524,228,307,251,322,226,271
Z02,Agniesebuurt,Z57,Schiebroek,5761,607,784,677,815,604,734
Z02,Agniesebuurt,Z58,Schiemond,5275,616,882,688,938,614,761
Z02,Agniesebuurt,Z59,Schieveen,7953,649,970,717,1039,648,780
Z02,Agniesebuurt,Z60,Spangen,4103,591,752,664,784,589,697
Z02,Agniesebuurt,Z61,Stadsdriehoek,3000,386,594,437,625,381,483
Z02,Agniesebuurt,Z62,Struisenburg,3361,412,585,468,614,409,517
Z02,Agniesebuurt,Z63,Tarwewijk,6398,711,1081,789,1161,708,868
Z02,Agniesebuurt,Z64,Terbregge,5795,614,857,694,895,613,762
Z02,Agniesebuurt,Z65,Tussendijken,4042,584,750,658,783,582,693
Z02,Agniesebuurt,Z66,Vreewijk,7921,864,1276,982,1338,860,1084
Z02,Agniesebuurt,Z67,Wielewaal,7934,907,1322,1001,1413,905,1095
Z02,Agniesebuurt,Z68,Zestienhoven,5060,514,728,581,768,512,640
Z02,Agniesebuurt,Z69,Zevenkamp,10892,774,1243,854,1338,772,951
Z02,Agniesebuurt,Z70,Zuiderpark,8709,910,1409,1030,1514,908,1144
Z02,Agniesebuurt,Z71,Zuidplein,6827,733,1127,818,1213,731,903
Z02,Agniesebuurt,Z72,Zuidwijk,9202,960,1490,1096,1617,956,1218
Z03,Bedrijvenpark Noord-West,Z00,'s-Gravenland,15970,987,1594,1064,1721,984,1176
Z03,Bedrijvenpark Noord-West,Z01,Afrikaanderwijk,11289,1020,1569,1160,1670,1018,1294
Z03,Bedrijvenpark Noord-West,Z02,Agniesebuurt,7340,610,954,690,1018,608,766
Z03,Bedrijvenpark Noord-West,Z03,Bedrijvenpark Noord-West,0,78,78,78,78,78,78
Z03,Bedrijvenpark Noord-West,Z04,Bergpolder,6296,444,720,482,775,442,533
Z03,Bedrijvenpark Noord-West,Z05,Beverwaard,21314,1264,2092,1374,2262,1262,1528
Z03,Bedrijvenpark Noord-West,Z06,Blijdorp,5907,458,746,513,804,456,574
Z03,Bedrijvenpark Noord-West,Z07,Blijdorpsepolder,5103,486,722,530,768,483,579
Z03,Bedrijvenpark Noord-West,Z08,Bloemhof,12436,1100,1762,1237,1897,1098,1379
Z03,Bedrijvenpark Noord-West,Z09,Bospolder,5212,571,796,644,832,568,710
Z03,Bedrijvenpark Noord-West,Z10,Carnisse,11122,966,1558,1074,1684,964,1194
Z03,Bedrijvenpark Noord-West,Z11,Charlois Zuidrand,17613,1080,1718,1170,1856,1078,1284
Z03,Bedrijvenpark Noord-West,Z12,Cool,8532,746,1197,849,1282,743,950
Z03,Bedrijvenpark Noord-West,Z13,Cs Kwartier,7004,573,919,643,993,571,718
Z03,Bedrijvenpark Noord-West,Z14,De Esch,16514,916,1546,990,1678,914,1102
Z03,Bedrijvenpark Noord-West,Z15,Delfshaven,6534,658,951,739,996,655,823
Z03,Bedrijvenpark Noord-West,Z16,Dijkzigt,8309,679,1093,767,1177,677,859
Z03,Bedrijvenpark Noord-West,Z17,Feijenoord,11798,1090,1695,1238,1807,1085,1385
Z03,Bedrijvenpark Noord-West,Z18,Groot IJsselmonde,20347,1198,1994,1296,2161,1195,1442
Z03,Bedrijvenpark Noord-West,Z19,Heijplaat,17667,1142,1822,1251,1961,1139,1379
Z03,Bedrijvenpark Noord-West,Z20,Het Lage Land,13372,850,1395,936,1500,849,1046
Z03,Bedrijvenpark Noord-West,Z21,Hillegersberg Noord,8720,623,960,684,1024,621,755
Z03,Bedrijvenpark Noord-West,Z22,Hillegersberg Zuid,7426,549,873,604,935,547,671
Z03,Bedrijvenpark Noord-West,Z23,Hillesluis,12056,1095,1696,1253,1805,1092,1404
Z03,Bedrijvenpark Noord-West,Z24,Hoogvliet Noord,13572,872,1363,949,1468,869,1042
Z03,Bedrijvenpark Noord-West,Z25,Hoogvliet Zuid,16966,1156,1832,1284,1965,1154,1423
Z03,Bedrijvenpark Noord-West,Z26,Katendrecht,11690,1098,1673,1250,1778,1096,1396
Z03,Bedrijvenpark Noord-West,Z27,Kleinpolder,4541,345,543,379,580,344,420
Z03,Bedrijvenpark Noord-West,Z28,Kop van Zuid,10082,896,1390,1018,1482,894,1137
Z03,Bedrijvenpark Noord-West,Z29,Kop van Zuid - Entrepot,11236,1008,1583,1147,1694,1004,1292
Z03,Bedrijvenpark Noord-West,Z30,Kralingen Oost,15284,878,1470,955,1596,875,1065
Z03,Bedrijvenpark Noord-West,Z31,Kralingen West,10247,779,1254,854,1344,777,944
Z03,Bedrijvenpark Noord-West,Z32,Kralingse Bos,11189,930,1385,1010,1475,929,1102
Z03,Bedrijvenpark Noord-West,Z33,Kralingseveer,17253,982,1679,1062,1828,979,1184
Z03,Bedrijvenpark Noord-West,Z34,Liskwartier,7144,550,873,603,932,549,670
Z03,Bedrijvenpark Noord-West,Z35,Lombardijen,14373,1246,1954,1383,2103,1244,1534
Z03,Bedrijvenpark Noord-West,Z36,Middelland,7639,634,994,713,1066,632,792
Z03,Bedrijvenpark Noord-West,Z37,Molenlaankwartier,8955,620,991,691,1058,619,771
Z03,Bedrijvenpark Noord-West,Z38,Nesselande,18329,1201,1928,1329,2074,1199,1483
Z03,Bedrijvenpark Noord-West,Z39,Nieuw Crooswijk,8668,623,1013,677,1093,620,749
Z03,Bedrijvenpark Noord-West,Z40,Nieuwe Werk,9546,841,1259,962,1420,839,1076
Z03,Bedrijvenpark Noord-West,Z41,Nieuwe Westen,5452,588,876,665,927,584,736
Z03,Bedrijvenpark Noord-West,Z42,Noord Kethel,6266,624,867,708,908,621,779
Z03,Bedrijvenpark Noord-West,Z43,Noordereiland,10716,935,1475,1067,1580,931,1198
Z03,Bedrijvenpark Noord-West,Z44,Ommoord,13359,836,1373,919,1478,834,1023
Z03,Bedrijvenpark Noord-West,Z45,Oosterflank,15035,906,1491,986,1612,904,1095
Z03,Bedrijvenpark Noord-West,Z46,Oud Charlois,10778,918,1508,1032,1632,917,1153
Z03,Bedrijvenpark Noord-West,Z47,Oud Crooswijk,9498,681,1124,751,1210,678,838
Z03,Bedrijvenpark Noord-West,Z48,Oud IJsselmonde,18600,998,1718,1072,1875,996,1194
Z03,Bedrijvenpark Noord-West,Z49,Oud Mathenesse,3791,380,566,440,596,379,494
Z03,Bedrijvenpark Noord-West,Z50,Oude Noorden,7702,646,998,726,1064,643,805
Z03,Bedrijvenpark Noord-West,Z51,Oude Westen,7773,660,1036,740,1119,658,823
Z03,Bedrijvenpark Noord-West,Z52,Overschie,2739,281,405,322,428,278,359
Z03,Bedrijvenpark Noord-West,Z53,Pendrecht,12760,1096,1810,1239,1964,1093,1388
Z03,Bedrijvenpark Noord-West,Z54,Prinsenland,15755,970,1563,1064,1686,968,1179
Z03,Bedrijvenpark Noord-West,Z55,Provenierswijk,6931,560,894,630,958,558,706
Z03,Bedrijvenpark Noord-West,Z56,Rubroek,8790,733,1168,836,1252,730,940
Z03,Bedrijvenpark Noord-West,Z57,Schiebroek,9260,674,1047,750,1118,672,832
Z03,Bedrijvenpark Noord-West,Z58,Schiemond,5998,602,895,698,938,601,783
Z03,Bedrijvenpark Noord-West,Z59,Schieveen,3904,356,488,396,508,354,431
Z03,Bedrijvenpark Noord-West,Z60,Spangen,4393,468,674,527,708,464,595
Z03,Bedrijvenpark Noord-West,Z61,Stadsdriehoek,9385,843,1309,953,1400,839,1064
Z03,Bedrijvenpark Noord-West,Z62,Struisenburg,10263,890,1408,993,1508,887,1108
Z03,Bedrijvenpark Noord-West,Z63,Tarwewijk,10979,944,1543,1053,1670,942,1175
Z03,Bedrijvenpark Noord-West,Z64,Terbregge,11854,690,1142,744,1238,688,831
Z03,Bedrijvenpark Noord-West,Z65,Tussendijken,4934,515,744,589,780,513,658
Z03,Bedrijvenpark Noord-West,Z66,Vreewijk,12988,1141,1860,1285,2014,1139,1436
Z03,Bedrijvenpark Noord-West,Z67,Wielewaal,12510,1150,1793,1276,1930,1147,1410
Z03,Bedrijvenpark Noord-West,Z68,Zestienhoven,3951,378,555,430,582,377,478
Z03,Bedrijvenpark Noord-West,Z69,Zevenkamp,15346,917,1535,1006,1658,915,1124
Z03,Bedrijvenpark Noord-West,Z70,Zuiderpark,13284,1153,1880,1306,2034,1152,1461
Z03,Bedrijvenpark Noord-West,Z71,Zuidplein,11403,974,1600,1090,1733,972,1218
Z03,Bedrijvenpark Noord-West,Z72,Zuidwijk,13941,1202,1975,1368,2138,1199,1536
Z04,Bergpolder,Z00,'s-Gravenland,10002,696,1083,747,1164,694,817
Z04,Bergpolder,Z01,Afrikaanderwijk,6684,724,1045,827,1100,722,919
Z04,Bergpolder,Z02,Agniesebuurt,1766,243,311,264,324,241,284
Z04,Bergpolder,Z03,Bedrijvenpark Noord-West,6381,490,783,533,844,489,588
Z04,Bergpolder,Z04,Bergpolder,0,49,49,49,49,49,49
Z04,Bergpolder,Z05,Beverwaard,15610,997,1622,1083,1758,995,1199
Z04,Bergpolder,Z06,Blijdorp,1144,144,187,157,195,143,170
Z04,Bergpolder,Z07,Blijdorpsepolder,2977,369,528,401,564,368,440
Z04,Bergpolder,Z08,Bloemhof,7812,804,1238,905,1327,803,1003
Z04,Bergpolder,Z09,Bospolder,5030,569,804,631,846,568,701
Z04,Bergpolder,Z10,Carnisse,6509,676,1046,751,1125,674,830
Z04,Bergpolder,Z11,Charlois Zuidrand,9212,938,1456,1057,1570,937,1171
Z04,Bergpolder,Z12,Cool,3926,450,674,516,712,448,574
Z04,Bergpolder,Z13,Cs Kwartier,2452,291,412,325,437,290,357
Z04,Bergpolder,Z14,De Esch,10784,648,1070,700,1161,647,774
Z04,Bergpolder,Z15,Delfshaven,4241,443,650,502,695,441,557
Z04,Bergpolder,Z16,Dijkzigt,3711,386,571,440,610,386,487
Z04,Bergpolder,Z17,Feijenoord,6487,792,1139,904,1204,787,1006
Z04,Bergpolder,Z18,Groot IJsselmonde,14622,914,1504,990,1628,913,1097
Z04,Bergpolder,Z19,Heijplaat,11793,1167,1855,1310,1991,1164,1452
Z04,Bergpolder,Z20,Het Lage Land,7375,671,1044,752,1110,669,840
Z04,Bergpolder,Z21,Hillegersberg Noord,3999,405,540,455,562,404,498
Z04,Bergpolder,Z22,Hillegersberg Zuid,1933,200,280,228,293,200,252
Z04,Bergpolder,Z23,Hillesluis,7451,799,1173,920,1235,797,1028
Z04,Bergpolder,Z24,Hoogvliet Noord,16482,965,1593,1032,1734,964,1140
Z04,Bergpolder,Z25,Hoogvliet Zuid,19724,1240,2020,1350,2187,1239,1492
Z04,Bergpolder,Z26,Katendrecht,7167,818,1149,927,1208,816,1020
Z04,Bergpolder,Z27,Kleinpolder,2923,248,378,276,407,248,312
Z04,Bergpolder,Z28,Kop van Zuid,5477,600,877,686,928,599,761
Z04,Bergpolder,Z29,Kop van Zuid - Entrepot,6402,697,1042,812,1102,692,910
Z04,Bergpolder,Z30,Kralingen Oost,6009,563,802,631,849,561,698
Z04,Bergpolder,Z31,Kralingen West,4366,437,633,497,696,435,550
Z04,Bergpolder,Z32,Kralingse Bos,5920,622,844,679,886,622,732
Z04,Bergpolder,Z33,Kralingseveer,11426,693,1198,751,1307,691,836
Z04,Bergpolder,Z34,Liskwartier,1249,179,246,200,256,178,220
Z04,Bergpolder,Z35,Lombardijen,9768,942,1449,1051,1558,942,1165
Z04,Bergpolder,Z36,Middelland,3034,344,470,389,496,342,431
Z04,Bergpolder,Z37,Molenlaankwartier,4849,521,714,592,741,520,654
Z04,Bergpolder,Z38,Nesselande,12657,912,1464,1014,1573,911,1138
Z04,Bergpolder,Z39,Nieuw Crooswijk,3378,316,480,355,508,314,395
Z04,Bergpolder,Z40,Nieuwe Werk,5119,551,813,630,866,550,700
Z04,Bergpolder,Z41,Nieuwe Westen,3385,406,570,459,602,406,506
Z04,Bergpolder,Z42,Noord Kethel,9397,742,1120,820,1194,740,902
Z04,Bergpolder,Z43,Noordereiland,5451,621,939,719,995,617,806
Z04,Bergpolder,Z44,Ommoord,10402,702,1134,768,1223,701,854
Z04,Bergpolder,Z45,Oosterflank,9571,646,1039,704,1120,645,780
Z04,Bergpolder,Z46,Oud Charlois,6117,622,984,700,1062,621,777
Z04,Bergpolder,Z47,Oud Crooswijk,3083,312,432,352,453,310,389
Z04,Bergpolder,Z48,Oud IJsselmonde,12759,734,1245,785,1358,733,868
Z04,Bergpolder,Z49,Oud Mathenesse,5696,445,710,491,764,442,546
Z04,Bergpolder,Z50,Oude Noorden,1938,256,327,286,340,254,304
Z04,Bergpolder,Z51,Oude Westen,3168,365,524,412,556,363,454
Z04,Bergpolder,Z52,Overschie,4269,440,629,489,666,440,538
Z04,Bergpolder,Z53,Pendrecht,8328,824,1296,930,1399,822,1034
Z04,Bergpolder,Z54,Prinsenland,10223,738,1171,799,1254,737,884
Z04,Bergpolder,Z55,Provenierswijk,1296,190,251,209,264,188,227
Z04,Bergpolder,Z56,Rubroek,3105,403,565,456,596,400,506
Z04,Bergpolder,Z57,Schiebroek,4597,448,643,511,683,447,569
Z04,Bergpolder,Z58,Schiemond,5245,563,830,630,888,562,702
Z04,Bergpolder,Z59,Schieveen,7055,536,819,588,882,535,650
Z04,Bergpolder,Z60,Spangen,5542,512,742,561,786,510,623
Z04,Bergpolder,Z61,Stadsdriehoek,4780,546,785,620,830,544,688
Z04,Bergpolder,Z62,Struisenburg,5325,556,812,621,860,554,707
Z04,Bergpolder,Z63,Tarwewijk,6368,658,1029,732,1111,656,809
Z04,Bergpolder,Z64,Terbregge,5906,603,870,677,913,601,758
Z04,Bergpolder,Z65,Tussendijken,4019,532,751,591,792,531,657
Z04,Bergpolder,Z66,Vreewijk,8426,853,1336,962,1444,852,1070
Z04,Bergpolder,Z67,Wielewaal,7904,854,1271,944,1362,853,1036
Z04,Bergpolder,Z68,Zestienhoven,4018,391,563,444,596,390,491
Z04,Bergpolder,Z69,Zevenkamp,9850,651,1080,717,1171,650,801
Z04,Bergpolder,Z70,Zuiderpark,8502,854,1334,957,1439,852,1061
Z04,Bergpolder,Z71,Zuidplein,6798,728,1139,813,1226,726,901
Z04,Bergpolder,Z72,Zuidwijk,9336,914,1456,1043,1568,912,1166
Z05,Beverwaard,Z00,'s-Gravenland,9099,748,1085,833,1147,745,914
Z05,Beverwaard,Z01,Afrikaanderwijk,6436,643,947,739,994,641,827
Z05,Beverwaard,Z02,Agniesebuurt,11166,1006,1496,1139,1588,1004,1266
Z05,Beverwaard,Z03,Bedrijvenpark Noord-West,21162,1228,2043,1332,2217,1225,1483
Z05,Beverwaard,Z04,Bergpolder,15536,940,1534,1022,1660,939,1132
Z05,Beverwaard,Z05,Beverwaard,0,89,89,89,89,89,89
Z05,Beverwaard,Z06,Blijdorp,16267,1029,1663,1123,1795,1028,1246
Z05,Beverwaard,Z07,Blijdorpsepolder,17892,1185,1882,1277,2033,1184,1404
Z05,Beverwaard,Z08,Bloemhof,6517,699,959,784,1012,697,853
Z05,Beverwaard,Z09,Bospolder,11708,1183,1772,1362,1867,1178,1523
Z05,Beverwaard,Z10,Carnisse,11169,828,1322,893,1431,826,980
Z05,Beverwaard,Z11,Charlois Zuidrand,13551,812,1304,869,1412,810,956
Z05,Beverwaard,Z12,Cool,10466,895,1326,1030,1390,892,1140
Z05,Beverwaard,Z13,Cs Kwartier,12442,1116,1710,1255,1811,1113,1386
Z05,Beverwaard,Z14,De Esch,7526,600,901,671,960,598,743
Z05,Beverwaard,Z15,Delfshaven,10439,1024,1551,1187,1640,1020,1336
Z05,Beverwaard,Z16,Dijkzigt,11135,962,1428,1091,1514,960,1230
Z05,Beverwaard,Z17,Feijenoord,6816,717,990,816,1032,714,887
Z05,Beverwaard,Z18,Groot IJsselmonde,2331,261,345,290,361,259,315
Z05,Beverwaard,Z19,Heijplaat,16039,997,1597,1082,1722,993,1198
Z05,Beverwaard,Z20,Het Lage Land,10772,752,1179,833,1266,750,925
Z05,Beverwaard,Z21,Hillegersberg Noord,16235,1058,1645,1158,1772,1057,1281
Z05,Beverwaard,Z22,Hillegersberg Zuid,16670,1042,1682,1140,1815,1040,1265
Z05,Beverwaard,Z23,Hillesluis,6043,609,912,705,960,606,793
Z05,Beverwaard,Z24,Hoogvliet Noord,18554,1033,1698,1103,1844,1030,1215
Z05,Beverwaard,Z25,Hoogvliet Zuid,18825,1183,1933,1311,2092,1180,1461
Z05,Beverwaard,Z26,Katendrecht,7855,854,1228,971,1289,851,1086
Z05,Beverwaard,Z27,Kleinpolder,17253,1040,1702,1125,1844,1039,1245
Z05,Beverwaard,Z28,Kop van Zuid,7506,744,1115,862,1172,742,969
Z05,Beverwaard,Z29,Kop van Zuid - Entrepot,6766,667,986,767,1037,664,860
Z05,Beverwaard,Z30,Kralingen Oost,8113,662,975,735,1039,659,808
Z05,Beverwaard,Z31,Kralingen West,9677,789,1153,881,1225,787,972
Z05,Beverwaard,Z32,Kralingse Bos,10364,898,1320,1008,1397,895,1116
Z05,Beverwaard,Z33,Kralingseveer,7551,613,914,676,976,612,743
Z05,Beverwaard,Z34,Liskwartier,16056,1052,1701,1151,1837,1049,1279
Z05,Beverwaard,Z35,Lombardijen,4580,476,672,541,703,475,598
Z05,Beverwaard,Z36,Middelland,10610,1032,1564,1197,1645,1029,1332
Z05,Beverwaard,Z37,Molenlaankwartier,13066,955,1480,1067,1579,953,1186
Z05,Beverwaard,Z38,Nesselande,16875,1217,1868,1353,1996,1214,1501
Z05,Beverwaard,Z39,Nieuw Crooswijk,12733,983,1526,1072,1641,981,1180
Z05,Beverwaard,Z40,Nieuwe Werk,9326,956,1421,1102,1498,953,1237
Z05,Beverwaard,Z41,Nieuwe Westen,11309,1168,1728,1346,1831,1163,1494
Z05,Beverwaard,Z42,Noord Kethel,23592,1512,2416,1646,2603,1511,1820
Z05,Beverwaard,Z43,Noordereiland,8002,802,1201,927,1264,798,1042
Z05,Beverwaard,Z44,Ommoord,12924,940,1483,1046,1595,938,1160
Z05,Beverwaard,Z45,Oosterflank,13492,914,1433,1004,1551,911,1116
Z05,Beverwaard,Z46,Oud Charlois,8870,879,1407,1021,1525,876,1151
Z05,Beverwaard,Z47,Oud Crooswijk,10595,894,1346,1015,1431,890,1130
Z05,Beverwaard,Z48,Oud IJsselmonde,4135,425,588,483,614,422,534
Z05,Beverwaard,Z49,Oud Mathenesse,19821,1213,2006,1317,2173,1211,1464
Z05,Beverwaard,Z50,Oude Noorden,11610,1008,1487,1141,1577,1005,1264
Z05,Beverwaard,Z51,Oude Westen,11886,1047,1528,1179,1617,1045,1304
Z05,Beverwaard,Z52,Overschie,20600,1176,1947,1281,2098,1174,1420
Z05,Beverwaard,Z53,Pendrecht,8345,822,1195,945,1251,819,1054
Z05,Beverwaard,Z54,Prinsenland,8896,753,1104,835,1166,752,919
Z05,Beverwaard,Z55,Provenierswijk,16460,1059,1651,1167,1783,1057,1292
Z05,Beverwaard,Z56,Rubroek,10417,914,1335,1026,1416,911,1131
Z05,Beverwaard,Z57,Schiebroek,17295,1112,1767,1224,1898,1110,1362
Z05,Beverwaard,Z58,Schiemond,11017,1108,1655,1272,1749,1104,1422
Z05,Beverwaard,Z59,Schieveen,20818,1206,1875,1297,2015,1205,1418
Z05,Beverwaard,Z60,Spangen,12678,1276,2035,1442,2201,1273,1594
Z05,Beverwaard,Z61,Stadsdriehoek,9713,812,1235,916,1330,810,1016
Z05,Beverwaard,Z62,Struisenburg,8432,685,1059,774,1138,683,861
Z05,Beverwaard,Z63,Tarwewijk,7838,804,1175,901,1233,801,1010
Z05,Beverwaard,Z64,Terbregge,11534,818,1266,908,1355,816,1004
Z05,Beverwaard,Z65,Tussendijken,11935,1220,1790,1400,1887,1216,1563
Z05,Beverwaard,Z66,Vreewijk,6089,621,886,708,933,620,786
Z05,Beverwaard,Z67,Wielewaal,15804,1060,1680,1149,1816,1058,1269
Z05,Beverwaard,Z68,Zestienhoven,18162,1162,1867,1264,2010,1160,1404
Z05,Beverwaard,Z69,Zevenkamp,14042,946,1485,1042,1596,944,1154
Z05,Beverwaard,Z70,Zuiderpark,10179,711,1156,774,1248,709,856
Z05,Beverwaard,Z71,Zuidplein,10357,775,1238,832,1340,773,909
Z05,Beverwaard,Z72,Zuidwijk,6751,661,980,764,1028,659,856
Z06,Blijdorp,Z00,'s-Gravenland,10731,786,1211,848,1298,782,928
Z06,Blijdorp,Z01,Afrikaanderwijk,6344,694,1030,802,1086,692,898
Z06,Blijdorp,Z02,Agniesebuurt,2053,262,382,300,402,260,335
Z06,Blijdorp,Z03,Bedrijvenpark Noord-West,5815,474,762,519,825,473,578
Z06,Blijdorp,Z04,Bergpolder,1249,160,208,174,217,159,188
Z06,Blijdorp,Z05,Beverwaard,16183,1069,1716,1163,1851,1066,1287
Z06,Blijdorp,Z06,Blijdorp,0,94,94,94,94,94,94
Z06,Blijdorp,Z07,Blijdorpsepolder,2218,330,446,364,476,328,394
Z06,Blijdorp,Z08,Bloemhof,7529,788,1223,890,1312,784,988
Z06,Blijdorp,Z09,Bospolder,4271,517,712,584,745,514,638
Z06,Blijdorp,Z10,Carnisse,6218,655,1031,731,1111,654,811
Z06,Blijdorp,Z11,Charlois Zuidrand,8703,911,1419,1024,1535,909,1135
Z06,Blijdorp,Z12,Cool,3482,412,621,472,698,408,526
Z06,Blijdorp,Z13,Cs Kwartier,2081,245,395,283,423,243,321
Z06,Blijdorp,Z14,De Esch,11422,717,1170,778,1267,715,862
Z06,Blijdorp,Z15,Delfshaven,3783,404,621,457,673,402,515
Z06,Blijdorp,Z16,Dijkzigt,3404,368,556,424,596,366,471
Z06,Blijdorp,Z17,Feijenoord,6910,779,1161,895,1224,774,997
Z06,Blijdorp,Z18,Groot IJsselmonde,15185,1002,1618,1086,1750,999,1201
Z06,Blijdorp,Z19,Heijplaat,11358,1141,1785,1296,1925,1138,1448
Z06,Blijdorp,Z20,Het Lage Land,8086,745,1136,834,1215,742,930
Z06,Blijdorp,Z21,Hillegersberg Noord,4642,474,638,534,666,473,586
Z06,Blijdorp,Z22,Hillegersberg Zuid,2612,276,384,314,401,274,346
Z06,Blijdorp,Z23,Hillesluis,7150,776,1158,900,1221,774,1012
Z06,Blijdorp,Z24,Hoogvliet Noord,17023,1048,1693,1121,1838,1045,1232
Z06,Blijdorp,Z25,Hoogvliet Zuid,20418,1330,2148,1451,2316,1328,1604
Z06,Blijdorp,Z26,Katendrecht,6751,786,1134,903,1194,782,1004
Z06,Blijdorp,Z27,Kleinpolder,2472,259,380,297,402,258,330
Z06,Blijdorp,Z28,Kop van Zuid,5063,564,851,655,898,562,738
Z06,Blijdorp,Z29,Kop van Zuid - Entrepot,6168,684,1042,800,1106,679,898
Z06,Blijdorp,Z30,Kralingen Oost,6153,635,880,711,925,631,786
Z06,Blijdorp,Z31,Kralingen West,4610,497,695,572,732,494,628
Z06,Blijdorp,Z32,Kralingse Bos,6462,694,944,759,992,693,820
Z06,Blijdorp,Z33,Kralingseveer,12118,780,1296,846,1406,778,936
Z06,Blijdorp,Z34,Liskwartier,1971,256,330,282,343,255,301
Z06,Blijdorp,Z35,Lombardijen,9380,928,1416,1041,1517,926,1154
Z06,Blijdorp,Z36,Middelland,2548,300,452,340,482,299,378
Z06,Blijdorp,Z37,Molenlaankwartier,5388,582,794,658,831,580,724
Z06,Blijdorp,Z38,Nesselande,13374,1002,1565,1114,1676,1000,1242
Z06,Blijdorp,Z39,Nieuw Crooswijk,3919,387,577,426,610,384,469
Z06,Blijdorp,Z40,Nieuwe Werk,4736,530,798,610,852,528,683
Z06,Blijdorp,Z41,Nieuwe Westen,2229,332,442,371,466,331,405
Z06,Blijdorp,Z42,Noord Kethel,10077,808,1220,893,1300,807,988
Z06,Blijdorp,Z43,Noordereiland,5733,608,954,709,1015,604,802
Z06,Blijdorp,Z44,Ommoord,11132,781,1237,856,1332,778,950
Z06,Blijdorp,Z45,Oosterflank,10112,719,1140,784,1226,717,868
Z06,Blijdorp,Z46,Oud Charlois,5834,603,969,678,1048,602,755
Z06,Blijdorp,Z47,Oud Crooswijk,3370,366,516,419,543,364,465
Z06,Blijdorp,Z48,Oud IJsselmonde,13440,800,1343,865,1460,798,956
Z06,Blijdorp,Z49,Oud Mathenesse,4567,482,710,545,755,479,608
Z06,Blijdorp,Z50,Oude Noorden,2375,296,394,328,416,295,357
Z06,Blijdorp,Z51,Oude Westen,2592,312,470,349,510,311,388
Z06,Blijdorp,Z52,Overschie,3753,430,602,482,634,429,536
Z06,Blijdorp,Z53,Pendrecht,7873,797,1277,897,1385,793,1004
Z06,Blijdorp,Z54,Prinsenland,10915,828,1272,899,1360,825,990
Z06,Blijdorp,Z55,Provenierswijk,1598,209,284,230,299,206,251
Z06,Blijdorp,Z56,Rubroek,3518,422,611,485,648,419,543
Z06,Blijdorp,Z57,Schiebroek,5326,538,743,611,776,535,680
Z06,Blijdorp,Z58,Schiemond,4822,529,800,615,857,526,686
Z06,Blijdorp,Z59,Schieveen,7167,552,826,606,891,549,666
Z06,Blijdorp,Z60,Spangen,2919,440,600,496,630,438,544
Z06,Blijdorp,Z61,Stadsdriehoek,4444,530,770,606,816,526,672
Z06,Blijdorp,Z62,Struisenburg,5341,578,872,672,924,574,754
Z06,Blijdorp,Z63,Tarwewijk,6079,617,1014,704,1097,614,792
Z06,Blijdorp,Z64,Terbregge,6446,675,956,758,1005,673,852
Z06,Blijdorp,Z65,Tussendijken,2865,434,598,490,629,432,540
Z06,Blijdorp,Z66,Vreewijk,8083,827,1321,928,1430,825,1030
Z06,Blijdorp,Z67,Wielewaal,7622,838,1256,929,1348,834,1020
Z06,Blijdorp,Z68,Zestienhoven,4560,464,664,524,702,461,579
Z06,Blijdorp,Z69,Zevenkamp,10455,724,1179,797,1271,721,890
Z06,Blijdorp,Z70,Zuiderpark,8086,807,1288,915,1391,806,1021
Z06,Blijdorp,Z71,Zuidplein,6465,662,1087,746,1179,660,835
Z06,Blijdorp,Z72,Zuidwijk,8834,883,1441,1002,1554,881,1122
Z07,Blijdorpsepolder,Z00,'s-Gravenland,12136,928,1416,994,1521,925,1083
Z07,Blijdorpsepolder,Z01,Afrikaanderwijk,7828,872,1203,982,1263,871,1075
Z07,Blijdorpsepolder,Z02,Agniesebuurt,3527,482,643,533,675,480,574
Z07,Blijdorpsepolder,Z03,Bedrijvenpark Noord-West,5007,499,747,543,798,498,598
Z07,Blijdorpsepolder,Z04,Bergpolder,2809,344,471,365,489,343,391
Z07,Blijdorpsepolder,Z05,Beverwaard,17488,1201,1907,1295,2058,1199,1423
Z07,Blijdorpsepolder,Z06,Blijdorp,2060,322,423,354,436,321,382
Z07,Blijdorpsepolder,Z07,Blijdorpsepolder,0,68,68,68,68,68,68
Z07,Blijdorpsepolder,Z08,Bloemhof,8443,943,1332,1046,1408,942,1141
Z07,Blijdorpsepolder,Z09,Bospolder,3421,475,592,519,614,473,556
Z07,Blijdorpsepolder,Z10,Carnisse,7140,816,1139,889,1204,813,961
Z07,Blijdorpsepolder,Z11,Charlois Zuidrand,9828,1077,1551,1197,1648,1076,1308
Z07,Blijdorpsepolder,Z12,Cool,5074,593,776,660,806,592,718
Z07,Blijdorpsepolder,Z13,Cs Kwartier,3182,442,625,492,664,440,537
Z07,Blijdorpsepolder,Z14,De Esch,12679,852,1362,912,1474,851,998
Z07,Blijdorpsepolder,Z15,Delfshaven,3668,458,568,500,589,458,536
Z07,Blijdorpsepolder,Z16,Dijkzigt,4320,518,644,568,664,517,609
Z07,Blijdorpsepolder,Z17,Feijenoord,7984,957,1334,1083,1400,952,1197
Z07,Blijdorpsepolder,Z18,Groot IJsselmonde,16521,1134,1809,1218,1957,1131,1337
Z07,Blijdorpsepolder,Z19,Heijplaat,12425,1334,1949,1497,2070,1330,1646
Z07,Blijdorpsepolder,Z20,Het Lage Land,9577,877,1358,966,1454,875,1066
Z07,Blijdorpsepolder,Z21,Hillegersberg Noord,6717,658,903,726,956,657,790
Z07,Blijdorpsepolder,Z22,Hillegersberg Zuid,4035,446,615,485,640,444,526
Z07,Blijdorpsepolder,Z23,Hillesluis,8595,948,1330,1075,1398,946,1184
Z07,Blijdorpsepolder,Z24,Hoogvliet Noord,15106,1158,1713,1252,1830,1154,1361
Z07,Blijdorpsepolder,Z25,Hoogvliet Zuid,18500,1442,2182,1587,2327,1439,1742
Z07,Blijdorpsepolder,Z26,Katendrecht,8229,950,1307,1072,1371,949,1177
Z07,Blijdorpsepolder,Z27,Kleinpolder,1640,272,338,292,352,271,310
Z07,Blijdorpsepolder,Z28,Kop van Zuid,6621,748,1024,840,1075,748,918
Z07,Blijdorpsepolder,Z29,Kop van Zuid - Entrepot,7587,865,1217,986,1271,862,1090
Z07,Blijdorpsepolder,Z30,Kralingen Oost,8229,797,1152,874,1222,795,956
Z07,Blijdorpsepolder,Z31,Kralingen West,6856,680,1005,739,1069,678,804
Z07,Blijdorpsepolder,Z32,Kralingse Bos,7798,827,1136,890,1199,826,957
Z07,Blijdorpsepolder,Z33,Kralingseveer,13418,923,1506,992,1634,920,1087
Z07,Blijdorpsepolder,Z34,Liskwartier,3687,442,601,480,624,442,514
Z07,Blijdorpsepolder,Z35,Lombardijen,10399,1099,1528,1221,1615,1096,1327
Z07,Blijdorpsepolder,Z36,Middelland,4028,479,599,523,617,479,564
Z07,Blijdorpsepolder,Z37,Molenlaankwartier,7738,764,1082,834,1148,762,907
Z07,Blijdorpsepolder,Z38,Nesselande,14710,1145,1781,1260,1911,1142,1396
Z07,Blijdorpsepolder,Z39,Nieuw Crooswijk,5255,519,764,557,817,517,603
Z07,Blijdorpsepolder,Z40,Nieuwe Werk,5272,670,842,737,872,670,793
Z07,Blijdorpsepolder,Z41,Nieuwe Westen,2560,394,498,431,513,391,463
Z07,Blijdorpsepolder,Z42,Noord Kethel,7799,909,1214,1012,1266,906,1098
Z07,Blijdorpsepolder,Z43,Noordereiland,6894,804,1116,916,1164,800,1016
Z07,Blijdorpsepolder,Z44,Ommoord,12496,913,1429,988,1539,910,1086
Z07,Blijdorpsepolder,Z45,Oosterflank,11408,850,1331,916,1433,847,1004
Z07,Blijdorpsepolder,Z46,Oud Charlois,6780,766,1078,840,1142,765,914
Z07,Blijdorpsepolder,Z47,Oud Crooswijk,5985,565,792,630,834,564,692
Z07,Blijdorpsepolder,Z48,Oud IJsselmonde,14774,939,1537,997,1671,936,1092
Z07,Blijdorpsepolder,Z49,Oud Mathenesse,3238,425,567,472,589,423,515
Z07,Blijdorpsepolder,Z50,Oude Noorden,3880,513,695,570,733,511,618
Z07,Blijdorpsepolder,Z51,Oude Westen,3959,530,743,589,711,527,642
Z07,Blijdorpsepolder,Z52,Overschie,2921,438,560,482,583,437,520
Z07,Blijdorpsepolder,Z53,Pendrecht,8786,952,1386,1061,1478,950,1162
Z07,Blijdorpsepolder,Z54,Prinsenland,12094,971,1464,1044,1567,968,1127
Z07,Blijdorpsepolder,Z55,Provenierswijk,3094,432,584,478,619,431,518
Z07,Blijdorpsepolder,Z56,Rubroek,4968,604,859,686,909,603,752
Z07,Blijdorpsepolder,Z57,Schiebroek,6739,697,987,774,1044,694,851
Z07,Blijdorpsepolder,Z58,Schiemond,4109,581,722,633,749,578,676
Z07,Blijdorpsepolder,Z59,Schieveen,6233,570,807,616,857,569,666
Z07,Blijdorpsepolder,Z60,Spangen,2940,457,567,497,587,456,530
Z07,Blijdorpsepolder,Z61,Stadsdriehoek,5572,707,932,789,970,704,858
Z07,Blijdorpsepolder,Z62,Struisenburg,6436,754,1100,862,1164,752,951
Z07,Blijdorpsepolder,Z63,Tarwewijk,6996,793,1124,870,1190,790,946
Z07,Blijdorpsepolder,Z64,Terbregge,8796,810,1236,889,1311,808,982
Z07,Blijdorpsepolder,Z65,Tussendijken,2887,462,576,505,595,461,540
Z07,Blijdorpsepolder,Z66,Vreewijk,9006,984,1431,1093,1523,983,1197
Z07,Blijdorpsepolder,Z67,Wielewaal,8536,993,1365,1084,1442,992,1174
Z07,Blijdorpsepolder,Z68,Zestienhoven,5488,553,796,597,847,551,647
Z07,Blijdorpsepolder,Z69,Zevenkamp,11727,856,1370,929,1478,853,1026
Z07,Blijdorpsepolder,Z70,Zuiderpark,9310,997,1452,1113,1543,996,1222
Z07,Blijdorpsepolder,Z71,Zuidplein,7429,824,1174,905,1245,823,985
Z07,Blijdorpsepolder,Z72,Zuidwijk,9967,1050,1550,1183,1648,1048,1304
Z08,Bloemhof,Z00,'s-Gravenland,10012,906,1302,1001,1385,903,1090
Z08,Bloemhof,Z01,Afrikaanderwijk,1700,271,320,284,331,269,300
Z08,Bloemhof,Z02,Agniesebuurt,5775,679,947,768,991,677,848
Z08,Bloemhof,Z03,Bedrijvenpark Noord-West,12350,1107,1786,1230,1934,1105,1367
Z08,Bloemhof,Z04,Bergpolder,7101,789,1104,894,1153,788,988
Z08,Bloemhof,Z05,Beverwaard,6469,707,942,784,990,704,852
Z08,Bloemhof,Z06,Blijdorp,7129,760,1102,861,1151,758,953
Z08,Bloemhof,Z07,Blijdorpsepolder,8620,965,1381,1064,1469,962,1161
Z08,Bloemhof,Z08,Bloemhof,0,64,64,64,64,64,64
Z08,Bloemhof,Z09,Bospolder,6804,761,1151,834,1228,758,916
Z08,Bloemhof,Z10,Carnisse,2154,307,380,328,396,306,347
Z08,Bloemhof,Z11,Charlois Zuidrand,5162,617,807,679,842,615,735
Z08,Bloemhof,Z12,Cool,4635,520,728,588,740,519,648
Z08,Bloemhof,Z13,Cs Kwartier,6370,672,1046,745,1128,670,822
Z08,Bloemhof,Z14,De Esch,8160,713,1074,794,1154,711,875
Z08,Bloemhof,Z15,Delfshaven,5606,611,931,674,1001,609,742
Z08,Bloemhof,Z16,Dijkzigt,5252,566,860,619,925,565,676
Z08,Bloemhof,Z17,Feijenoord,2810,380,486,412,507,378,443
Z08,Bloemhof,Z18,Groot IJsselmonde,5230,602,814,671,850,599,733
Z08,Bloemhof,Z19,Heijplaat,8290,894,1295,1016,1365,890,1124
Z08,Bloemhof,Z20,Het Lage Land,11452,865,1352,956,1460,864,1057
Z08,Bloemhof,Z21,Hillegersberg Noord,9803,1062,1435,1194,1497,1060,1309
Z08,Bloemhof,Z22,Hillegersberg Zuid,8327,894,1262,1017,1321,893,1126
Z08,Bloemhof,Z23,Hillesluis,1092,178,216,188,225,177,198
Z08,Bloemhof,Z24,Hoogvliet Noord,12295,999,1498,1112,1601,997,1223
Z08,Bloemhof,Z25,Hoogvliet Zuid,12548,1137,1716,1301,1832,1135,1448
Z08,Bloemhof,Z26,Katendrecht,3097,418,507,447,523,417,474
Z08,Bloemhof,Z27,Kleinpolder,9020,898,1426,1014,1545,897,1127
Z08,Bloemhof,Z28,Kop van Zuid,3029,368,514,415,539,367,458
Z08,Bloemhof,Z29,Kop van Zuid - Entrepot,2593,344,451,377,471,342,408
Z08,Bloemhof,Z30,Kralingen Oost,8469,767,1116,848,1189,765,936
Z08,Bloemhof,Z31,Kralingen West,6780,744,1047,848,1081,742,941
Z08,Bloemhof,Z32,Kralingse Bos,8810,995,1432,1096,1532,992,1194
Z08,Bloemhof,Z33,Kralingseveer,8237,726,1102,805,1184,724,886
Z08,Bloemhof,Z34,Liskwartier,7045,798,1101,898,1151,796,989
Z08,Bloemhof,Z35,Lombardijen,3392,406,500,438,515,404,467
Z08,Bloemhof,Z36,Middelland,5719,605,912,661,981,604,722
Z08,Bloemhof,Z37,Molenlaankwartier,13707,1062,1647,1184,1767,1061,1312
Z08,Bloemhof,Z38,Nesselande,17639,1340,2059,1490,2208,1338,1649
Z08,Bloemhof,Z39,Nieuw Crooswijk,7936,907,1277,1032,1347,904,1143
Z08,Bloemhof,Z40,Nieuwe Werk,4962,590,807,659,845,588,722
Z08,Bloemhof,Z41,Nieuwe Westen,6418,717,1113,789,1198,714,890
Z08,Bloemhof,Z42,Noord Kethel,14531,1395,2087,1571,2214,1394,1740
Z08,Bloemhof,Z43,Noordereiland,3882,472,638,523,667,470,571
Z08,Bloemhof,Z44,Ommoord,13447,1053,1650,1169,1781,1051,1292
Z08,Bloemhof,Z45,Oosterflank,14240,1027,1606,1130,1745,1024,1249
Z08,Bloemhof,Z46,Oud Charlois,2928,392,517,430,544,391,463
Z08,Bloemhof,Z47,Oud Crooswijk,7067,751,1061,851,1080,749,943
Z08,Bloemhof,Z48,Oud IJsselmonde,3801,430,607,481,648,428,526
Z08,Bloemhof,Z49,Oud Mathenesse,8400,873,1337,984,1425,872,1094
Z08,Bloemhof,Z50,Oude Noorden,7201,786,1085,892,1122,784,978
Z08,Bloemhof,Z51,Oude Westen,5785,633,958,686,1034,632,747
Z08,Bloemhof,Z52,Overschie,10395,1077,1658,1199,1784,1076,1332
Z08,Bloemhof,Z53,Pendrecht,4034,465,639,519,671,464,569
Z08,Bloemhof,Z54,Prinsenland,9418,898,1277,977,1360,896,1058
Z08,Bloemhof,Z55,Provenierswijk,6508,758,1040,863,1084,755,942
Z08,Bloemhof,Z56,Rubroek,6073,680,934,769,975,679,849
Z08,Bloemhof,Z57,Schiebroek,11108,1152,1644,1314,1730,1150,1461
Z08,Bloemhof,Z58,Schiemond,6163,675,1035,754,1110,672,831
Z08,Bloemhof,Z59,Schieveen,13304,1182,1836,1312,1988,1181,1451
Z08,Bloemhof,Z60,Spangen,7516,845,1233,933,1316,843,1022
Z08,Bloemhof,Z61,Stadsdriehoek,4781,540,754,606,788,539,667
Z08,Bloemhof,Z62,Struisenburg,5707,625,895,709,944,624,780
Z08,Bloemhof,Z63,Tarwewijk,2295,314,374,332,386,312,349
Z08,Bloemhof,Z64,Terbregge,12267,931,1456,1033,1567,929,1144
Z08,Bloemhof,Z65,Tussendijken,7020,787,1145,865,1223,785,947
Z08,Bloemhof,Z66,Vreewijk,1802,279,330,294,353,277,309
Z08,Bloemhof,Z67,Wielewaal,4899,628,849,687,899,627,743
Z08,Bloemhof,Z68,Zestienhoven,10412,1085,1540,1234,1616,1084,1365
Z08,Bloemhof,Z69,Zevenkamp,14657,1043,1658,1155,1790,1041,1281
Z08,Bloemhof,Z70,Zuiderpark,3380,389,561,432,595,388,472
Z08,Bloemhof,Z71,Zuidplein,1737,261,322,283,337,259,303
Z08,Bloemhof,Z72,Zuidwijk,3532,401,587,443,628,399,489
Z09,Bospolder,Z00,'s-Gravenland,9189,1001,1390,1130,1462,999,1239
Z09,Bospolder,Z01,Afrikaanderwijk,5793,634,894,721,939,632,792
Z09,Bospolder,Z02,Agniesebuurt,5128,588,849,676,897,585,749
Z09,Bospolder,Z03,Bedrijvenpark Noord-West,5140,564,819,644,861,561,721
Z09,Bospolder,Z04,Bergpolder,6064,541,828,595,882,538,670
Z09,Bospolder,Z05,Beverwaard,11489,1154,1718,1332,1808,1152,1488
Z09,Bospolder,Z06,Blijdorp,4454,508,752,581,804,510,647
Z09,Bospolder,Z07,Blijdorpsepolder,3669,524,652,576,674,522,614
Z09,Bospolder,Z08,Bloemhof,6460,704,1049,787,1116,702,868
Z09,Bospolder,Z09,Bospolder,0,50,50,50,50,50,50
Z09,Bospolder,Z10,Carnisse,5157,576,857,633,914,573,694
Z09,Bospolder,Z11,Charlois Zuidrand,7758,857,1260,947,1343,856,1036
Z09,Bospolder,Z12,Cool,3231,386,531,436,556,385,481
Z09,Bospolder,Z13,Cs Kwartier,3678,430,613,492,648,428,544
Z09,Bospolder,Z14,De Esch,7700,814,1180,930,1235,812,1030
Z09,Bospolder,Z15,Delfshaven,1684,215,275,234,288,214,256
Z09,Bospolder,Z16,Dijkzigt,2561,320,416,356,432,319,387
Z09,Bospolder,Z17,Feijenoord,6237,718,1018,806,1073,716,888
Z09,Bospolder,Z18,Groot IJsselmonde,10093,1047,1507,1202,1583,1044,1334
Z09,Bospolder,Z19,Heijplaat,10414,1092,1656,1234,1766,1088,1367
Z09,Bospolder,Z20,Het Lage Land,12519,1068,1616,1188,1705,1067,1328
Z09,Bospolder,Z21,Hillegersberg Noord,9541,859,1263,958,1335,856,1058
Z09,Bospolder,Z22,Hillegersberg Zuid,7142,650,991,752,1058,647,829
Z09,Bospolder,Z23,Hillesluis,6544,702,1014,808,1067,701,896
Z09,Bospolder,Z24,Hoogvliet Noord,14910,1012,1586,1097,1707,1008,1217
Z09,Bospolder,Z25,Hoogvliet Zuid,18304,1296,2032,1432,2174,1293,1586
Z09,Bospolder,Z26,Katendrecht,6204,709,979,792,1028,708,867
Z09,Bospolder,Z27,Kleinpolder,4248,462,664,520,698,459,575
Z09,Bospolder,Z28,Kop van Zuid,4506,506,729,581,770,504,642
Z09,Bospolder,Z29,Kop van Zuid - Entrepot,5687,621,910,705,964,619,784
Z09,Bospolder,Z30,Kralingen Oost,7052,751,1071,854,1120,748,946
Z09,Bospolder,Z31,Kralingen West,5969,681,916,763,952,679,838
Z09,Bospolder,Z32,Kralingse Bos,9379,1018,1404,1110,1465,1017,1208
Z09,Bospolder,Z33,Kralingseveer,9349,943,1389,1077,1496,942,1200
Z09,Bospolder,Z34,Liskwartier,5461,634,895,709,947,632,785
Z09,Bospolder,Z35,Lombardijen,8416,870,1276,962,1360,868,1055
Z09,Bospolder,Z36,Middelland,2438,297,374,324,388,296,350
Z09,Bospolder,Z37,Molenlaankwartier,10776,955,1412,1067,1507,954,1182
Z09,Bospolder,Z38,Nesselande,17976,1351,2120,1492,2274,1349,1657
Z09,Bospolder,Z39,Nieuw Crooswijk,8478,720,1124,790,1209,716,886
Z09,Bospolder,Z40,Nieuwe Werk,3392,429,567,478,591,428,520
Z09,Bospolder,Z41,Nieuwe Westen,1760,280,328,298,339,279,313
Z09,Bospolder,Z42,Noord Kethel,7964,783,1102,876,1161,780,960
Z09,Bospolder,Z43,Noordereiland,5502,601,866,683,908,600,755
Z09,Bospolder,Z44,Ommoord,15751,1114,1762,1221,1899,1110,1369
Z09,Bospolder,Z45,Oosterflank,14715,1053,1704,1149,1836,1050,1283
Z09,Bospolder,Z46,Oud Charlois,4765,526,795,582,852,524,642
Z09,Bospolder,Z47,Oud Crooswijk,6156,661,941,758,988,659,839
Z09,Bospolder,Z48,Oud IJsselmonde,8739,903,1328,1040,1406,900,1156
Z09,Bospolder,Z49,Oud Mathenesse,1887,255,355,287,374,254,318
Z09,Bospolder,Z50,Oude Noorden,5724,660,933,753,984,657,832
Z09,Bospolder,Z51,Oude Westen,3055,382,470,417,486,380,450
Z09,Bospolder,Z52,Overschie,5682,655,920,733,962,652,821
Z09,Bospolder,Z53,Pendrecht,6899,739,1123,828,1200,736,917
Z09,Bospolder,Z54,Prinsenland,10501,1126,1626,1264,1705,1124,1387
Z09,Bospolder,Z55,Provenierswijk,4687,551,797,630,846,549,700
Z09,Bospolder,Z56,Rubroek,5351,582,816,663,860,580,733
Z09,Bospolder,Z57,Schiebroek,10077,903,1340,1006,1429,901,1113
Z09,Bospolder,Z58,Schiemond,1151,188,236,202,246,186,215
Z09,Bospolder,Z59,Schieveen,9515,787,1199,868,1280,784,967
Z09,Bospolder,Z60,Spangen,1540,234,263,244,267,233,250
Z09,Bospolder,Z61,Stadsdriehoek,4426,493,699,560,740,492,613
Z09,Bospolder,Z62,Struisenburg,5390,589,880,675,922,587,749
Z09,Bospolder,Z63,Tarwewijk,5016,558,840,614,900,556,674
Z09,Bospolder,Z64,Terbregge,10763,1008,1541,1134,1628,1005,1258
Z09,Bospolder,Z65,Tussendijken,686,126,143,131,147,124,137
Z09,Bospolder,Z66,Vreewijk,7139,759,1147,836,1234,757,925
Z09,Bospolder,Z67,Wielewaal,6552,753,1082,826,1152,752,901
Z09,Bospolder,Z68,Zestienhoven,8769,770,1188,848,1270,767,949
Z09,Bospolder,Z69,Zevenkamp,14994,1056,1743,1162,1881,1053,1308
Z09,Bospolder,Z70,Zuiderpark,7224,757,1161,853,1240,756,946
Z09,Bospolder,Z71,Zuidplein,5446,616,929,680,993,614,748
Z09,Bospolder,Z72,Zuidwijk,7890,814,1267,925,1358,812,1032
Z10,Carnisse,Z00,'s-Gravenland,11468,1051,1552,1173,1661,1048,1286
Z10,Carnisse,Z01,Afrikaanderwijk,3118,378,521,418,538,376,464
Z10,Carnisse,Z02,Agniesebuurt,6435,686,1075,774,1155,683,858
Z10,Carnisse,Z03,Bedrijvenpark Noord-West,11035,963,1590,1072,1726,960,1199
Z10,Carnisse,Z04,Bergpolder,6637,681,1092,771,1180,678,856
Z10,Carnisse,Z05,Beverwaard,7934,850,1192,952,1264,847,1045
Z10,Carnisse,Z06,Blijdorp,5854,612,992,690,1076,609,767
Z10,Carnisse,Z07,Blijdorpsepolder,7120,808,1160,893,1233,804,975
Z10,Carnisse,Z08,Bloemhof,2550,362,475,395,499,359,425
Z10,Carnisse,Z09,Bospolder,5343,604,930,664,993,602,731
Z10,Carnisse,Z10,Carnisse,0,55,55,55,55,55,55
Z10,Carnisse,Z11,Charlois Zuidrand,3670,440,615,485,649,438,531
Z10,Carnisse,Z12,Cool,4554,486,771,542,831,483,599
Z10,Carnisse,Z13,Cs Kwartier,5002,542,847,599,913,540,660
Z10,Carnisse,Z14,De Esch,8536,855,1363,973,1476,853,1083
Z10,Carnisse,Z15,Delfshaven,4111,454,709,504,766,452,556
Z10,Carnisse,Z16,Dijkzigt,3833,410,644,449,695,408,490
Z10,Carnisse,Z17,Feijenoord,5057,558,804,631,844,556,705
Z10,Carnisse,Z18,Groot IJsselmonde,6496,712,967,788,1029,710,857
Z10,Carnisse,Z19,Heijplaat,6267,693,1016,785,1080,689,868
Z10,Carnisse,Z20,Het Lage Land,12917,1008,1601,1124,1734,1006,1250
Z10,Carnisse,Z21,Hillegersberg Noord,9459,994,1458,1117,1555,992,1227
Z10,Carnisse,Z22,Hillegersberg Zuid,7863,788,1253,894,1350,786,996
Z10,Carnisse,Z23,Hillesluis,3736,418,614,477,645,416,538
Z10,Carnisse,Z24,Hoogvliet Noord,10187,786,1206,866,1302,784,953
Z10,Carnisse,Z25,Hoogvliet Zuid,10459,931,1434,1067,1543,929,1192
Z10,Carnisse,Z26,Katendrecht,3976,492,667,544,690,489,599
Z10,Carnisse,Z27,Kleinpolder,7615,757,1214,858,1317,756,952
Z10,Carnisse,Z28,Kop van Zuid,4022,457,680,523,709,454,590
Z10,Carnisse,Z29,Kop van Zuid - Entrepot,3878,473,687,537,716,470,600
Z10,Carnisse,Z30,Kralingen Oost,7996,817,1268,925,1366,814,1025
Z10,Carnisse,Z31,Kralingen West,7131,787,1192,878,1339,784,966
Z10,Carnisse,Z32,Kralingse Bos,9161,1108,1591,1228,1757,1105,1338
Z10,Carnisse,Z33,Kralingseveer,9702,870,1355,973,1466,868,1078
Z10,Carnisse,Z34,Liskwartier,6888,760,1156,841,1242,758,924
Z10,Carnisse,Z35,Lombardijen,4210,486,595,527,621,483,565
Z10,Carnisse,Z36,Middelland,4220,448,691,491,745,446,536
Z10,Carnisse,Z37,Molenlaankwartier,10113,1070,1567,1205,1671,1068,1326
Z10,Carnisse,Z38,Nesselande,19104,1485,2316,1662,2492,1482,1847
Z10,Carnisse,Z39,Nieuw Crooswijk,9264,880,1334,988,1429,877,1099
Z10,Carnisse,Z40,Nieuwe Werk,4462,518,787,571,846,515,627
Z10,Carnisse,Z41,Nieuwe Westen,4919,584,921,644,992,580,706
Z10,Carnisse,Z42,Noord Kethel,13053,1256,1882,1418,1994,1254,1571
Z10,Carnisse,Z43,Noordereiland,5141,581,840,661,874,577,734
Z10,Carnisse,Z44,Ommoord,14912,1196,1899,1337,2055,1194,1484
Z10,Carnisse,Z45,Oosterflank,15705,1170,1855,1304,2019,1167,1445
Z10,Carnisse,Z46,Oud Charlois,1233,189,240,204,248,187,221
Z10,Carnisse,Z47,Oud Crooswijk,7448,766,1163,865,1242,763,957
Z10,Carnisse,Z48,Oud IJsselmonde,5266,573,856,649,922,571,718
Z10,Carnisse,Z49,Oud Mathenesse,6980,732,1134,826,1208,730,923
Z10,Carnisse,Z50,Oude Noorden,7030,755,1148,843,1231,752,929
Z10,Carnisse,Z51,Oude Westen,4286,487,744,540,798,485,587
Z10,Carnisse,Z52,Overschie,8896,923,1436,1047,1548,921,1163
Z10,Carnisse,Z53,Pendrecht,2629,314,454,350,488,311,385
Z10,Carnisse,Z54,Prinsenland,10883,1041,1526,1145,1634,1039,1251
Z10,Carnisse,Z55,Provenierswijk,5959,655,1017,732,1097,652,807
Z10,Carnisse,Z56,Rubroek,6647,686,1061,771,1138,684,852
Z10,Carnisse,Z57,Schiebroek,10842,1072,1647,1215,1766,1068,1353
Z10,Carnisse,Z58,Schiemond,4689,538,813,588,875,536,650
Z10,Carnisse,Z59,Schieveen,12212,1026,1648,1142,1785,1024,1264
Z10,Carnisse,Z60,Spangen,6086,693,1011,765,1080,690,836
Z10,Carnisse,Z61,Stadsdriehoek,5241,556,881,622,952,554,689
Z10,Carnisse,Z62,Struisenburg,6137,647,1040,727,1128,645,809
Z10,Carnisse,Z63,Tarwewijk,1192,196,233,207,241,195,217
Z10,Carnisse,Z64,Terbregge,13732,1074,1705,1201,1841,1072,1336
Z10,Carnisse,Z65,Tussendijken,5607,646,947,708,1013,642,776
Z10,Carnisse,Z66,Vreewijk,2842,361,496,399,527,359,435
Z10,Carnisse,Z67,Wielewaal,2378,353,433,375,449,351,396
Z10,Carnisse,Z68,Zestienhoven,9947,977,1529,1110,1643,974,1233
Z10,Carnisse,Z69,Zevenkamp,16122,1186,1908,1324,2064,1184,1473
Z10,Carnisse,Z70,Zuiderpark,3153,356,520,401,552,354,445
Z10,Carnisse,Z71,Zuidplein,1240,194,232,204,242,192,216
Z10,Carnisse,Z72,Zuidwijk,3810,420,618,471,657,418,526
Z11,Charlois Zuidrand,Z00,'s-Gravenland,19824,1273,1916,1370,2077,1269,1504
Z11,Charlois Zuidrand,Z01,Afrikaanderwijk,6005,669,951,753,1012,667,830
Z11,Charlois Zuidrand,Z02,Agniesebuurt,9264,971,1497,1102,1613,969,1218
Z11,Charlois Zuidrand,Z03,Bedrijvenpark Noord-West,16760,1044,1680,1140,1816,1041,1258
Z11,Charlois Zuidrand,Z04,Bergpolder,9313,966,1492,1074,1651,964,1186
Z11,Charlois Zuidrand,Z05,Beverwaard,14365,894,1439,960,1560,892,1057
Z11,Charlois Zuidrand,Z06,Blijdorp,8684,903,1406,1016,1525,900,1123
Z11,Charlois Zuidrand,Z07,Blijdorpsepolder,17292,1073,1687,1176,1832,1071,1279
Z11,Charlois Zuidrand,Z08,Bloemhof,5449,649,882,721,955,646,790
Z11,Charlois Zuidrand,Z09,Bospolder,8163,908,1337,1006,1435,906,1105
Z11,Charlois Zuidrand,Z10,Carnisse,3754,464,612,505,651,462,543
Z11,Charlois Zuidrand,Z11,Charlois Zuidrand,0,101,101,101,101,101,101
Z11,Charlois Zuidrand,Z12,Cool,7370,771,1171,859,1256,769,946
Z11,Charlois Zuidrand,Z13,Cs Kwartier,7833,824,1261,918,1364,822,1012
Z11,Charlois Zuidrand,Z14,De Esch,18748,1109,1787,1234,1945,1108,1369
Z11,Charlois Zuidrand,Z15,Delfshaven,6940,742,1142,832,1234,740,924
Z11,Charlois Zuidrand,Z16,Dijkzigt,6652,695,1078,777,1160,694,858
Z11,Charlois Zuidrand,Z17,Feijenoord,7906,865,1246,976,1315,863,1076
Z11,Charlois Zuidrand,Z18,Groot IJsselmonde,8127,843,1187,952,1239,841,1056
Z11,Charlois Zuidrand,Z19,Heijplaat,5687,650,903,732,968,646,803
Z11,Charlois Zuidrand,Z20,Het Lage Land,21624,1219,2025,1309,2204,1217,1446
Z11,Charlois Zuidrand,Z21,Hillegersberg Noord,12288,1253,1889,1417,2019,1252,1569
Z11,Charlois Zuidrand,Z22,Hillegersberg Zuid,10692,1083,1687,1224,1811,1081,1362
Z11,Charlois Zuidrand,Z23,Hillesluis,6601,706,1022,802,1088,705,885
Z11,Charlois Zuidrand,Z24,Hoogvliet Noord,8174,601,891,653,954,600,713
Z11,Charlois Zuidrand,Z25,Hoogvliet Zuid,8431,755,1120,857,1196,752,946
Z11,Charlois Zuidrand,Z26,Katendrecht,6864,780,1109,878,1168,778,966
Z11,Charlois Zuidrand,Z27,Kleinpolder,17486,990,1637,1057,1780,988,1162
Z11,Charlois Zuidrand,Z28,Kop van Zuid,6820,732,1070,835,1132,730,927
Z11,Charlois Zuidrand,Z29,Kop van Zuid - Entrepot,6877,778,1130,882,1194,776,974
Z11,Charlois Zuidrand,Z30,Kralingen Oost,10682,1102,1681,1236,1816,1099,1367
Z11,Charlois Zuidrand,Z31,Kralingen West,9960,1048,1602,1181,1728,1045,1308
Z11,Charlois Zuidrand,Z32,Kralingse Bos,11990,1362,2008,1511,2142,1360,1649
Z11,Charlois Zuidrand,Z33,Kralingseveer,18819,1111,1819,1202,1983,1110,1334
Z11,Charlois Zuidrand,Z34,Liskwartier,9668,1020,1533,1133,1653,1018,1245
Z11,Charlois Zuidrand,Z35,Lombardijen,5311,588,785,657,820,587,720
Z11,Charlois Zuidrand,Z36,Middelland,7049,749,1133,825,1216,746,904
Z11,Charlois Zuidrand,Z37,Molenlaankwartier,12942,1355,1997,1533,2127,1354,1694
Z11,Charlois Zuidrand,Z38,Nesselande,27770,1670,2709,1818,2928,1667,2014
Z11,Charlois Zuidrand,Z39,Nieuw Crooswijk,11800,1164,1726,1284,1848,1162,1413
Z11,Charlois Zuidrand,Z40,Nieuwe Werk,7292,800,1220,899,1304,799,995
Z11,Charlois Zuidrand,Z41,Nieuwe Westen,7725,856,1287,946,1381,852,1049
Z11,Charlois Zuidrand,Z42,Noord Kethel,16259,1116,1708,1216,1830,1114,1332
Z11,Charlois Zuidrand,Z43,Noordereiland,8028,860,1247,977,1327,857,1082
Z11,Charlois Zuidrand,Z44,Ommoord,23738,1415,2342,1527,2536,1412,1688
Z11,Charlois Zuidrand,Z45,Oosterflank,24387,1380,2275,1480,2484,1378,1637
Z11,Charlois Zuidrand,Z46,Oud Charlois,3782,460,634,507,679,457,551
Z11,Charlois Zuidrand,Z47,Oud Crooswijk,10113,1051,1586,1185,1704,1050,1307
Z11,Charlois Zuidrand,Z48,Oud IJsselmonde,8068,868,1257,983,1337,866,1088
Z11,Charlois Zuidrand,Z49,Oud Mathenesse,16171,927,1516,997,1644,925,1097
Z11,Charlois Zuidrand,Z50,Oude Noorden,9860,1042,1582,1177,1695,1040,1297
Z11,Charlois Zuidrand,Z51,Oude Westen,7079,763,1131,834,1218,762,908
Z11,Charlois Zuidrand,Z52,Overschie,17175,1135,1790,1233,1927,1132,1355
Z11,Charlois Zuidrand,Z53,Pendrecht,1281,192,226,201,235,191,212
Z11,Charlois Zuidrand,Z54,Prinsenland,20000,1277,1990,1372,2151,1276,1510
Z11,Charlois Zuidrand,Z55,Provenierswijk,8751,940,1423,1049,1562,938,1155
Z11,Charlois Zuidrand,Z56,Rubroek,9308,971,1474,1097,1581,970,1211
Z11,Charlois Zuidrand,Z57,Schiebroek,13362,1331,2028,1507,2176,1328,1674
Z11,Charlois Zuidrand,Z58,Schiemond,7518,823,1240,916,1332,822,1010
Z11,Charlois Zuidrand,Z59,Schieveen,21621,1319,2089,1418,2251,1317,1556
Z11,Charlois Zuidrand,Z60,Spangen,8911,971,1454,1079,1550,969,1180
Z11,Charlois Zuidrand,Z61,Stadsdriehoek,8070,842,1319,950,1420,840,1056
Z11,Charlois Zuidrand,Z62,Struisenburg,8905,926,1457,1055,1576,926,1177
Z11,Charlois Zuidrand,Z63,Tarwewijk,4526,528,760,593,817,526,653
Z11,Charlois Zuidrand,Z64,Terbregge,22349,1276,2108,1373,2289,1273,1519
Z11,Charlois Zuidrand,Z65,Tussendijken,8437,936,1360,1039,1459,933,1137
Z11,Charlois Zuidrand,Z66,Vreewijk,4804,544,739,609,773,542,667
Z11,Charlois Zuidrand,Z67,Wielewaal,3936,520,696,572,730,519,620
Z11,Charlois Zuidrand,Z68,Zestienhoven,12777,1234,1971,1357,2114,1232,1503
Z11,Charlois Zuidrand,Z69,Zevenkamp,24875,1400,2328,1508,2529,1397,1669
Z11,Charlois Zuidrand,Z70,Zuiderpark,3053,392,508,429,530,391,464
Z11,Charlois Zuidrand,Z71,Zuidplein,4522,553,827,629,874,552,696
Z11,Charlois Zuidrand,Z72,Zuidwijk,2931,356,452,388,468,355,419
Z12,Cool,Z00,'s-Gravenland,6198,665,925,746,966,662,817
Z12,Cool,Z01,Afrikaanderwijk,3328,365,532,418,558,363,466
Z12,Cool,Z02,Agniesebuurt,1900,260,360,290,381,257,320
Z12,Cool,Z03,Bedrijvenpark Noord-West,8515,730,1176,818,1264,726,922
Z12,Cool,Z04,Bergpolder,3113,354,496,400,520,352,441
Z12,Cool,Z05,Beverwaard,9102,885,1328,1028,1394,883,1155
Z12,Cool,Z06,Blijdorp,3029,343,492,392,518,342,437
Z12,Cool,Z07,Blijdorpsepolder,4955,585,789,657,824,582,721
Z12,Cool,Z08,Bloemhof,3896,432,625,493,656,430,552
Z12,Cool,Z09,Bospolder,3208,418,576,470,605,415,517
Z12,Cool,Z10,Carnisse,4638,497,792,553,850,494,614
Z12,Cool,Z11,Charlois Zuidrand,7291,774,1179,862,1267,772,956
Z12,Cool,Z12,Cool,0,56,56,56,56,56,56
Z12,Cool,Z13,Cs Kwartier,1909,259,347,287,365,256,313
Z12,Cool,Z14,De Esch,4821,494,705,567,741,492,629
Z12,Cool,Z15,Delfshaven,2370,259,381,296,404,256,332
Z12,Cool,Z16,Dijkzigt,1084,136,198,155,209,135,172
Z12,Cool,Z17,Feijenoord,3613,427,606,482,639,424,534
Z12,Cool,Z18,Groot IJsselmonde,7557,780,1115,894,1170,778,992
Z12,Cool,Z19,Heijplaat,9922,1016,1591,1157,1705,1012,1289
Z12,Cool,Z20,Het Lage Land,7262,724,1114,820,1179,723,920
Z12,Cool,Z21,Hillegersberg Noord,5815,626,827,700,865,624,763
Z12,Cool,Z22,Hillegersberg Zuid,4338,460,675,533,710,458,598
Z12,Cool,Z23,Hillesluis,4133,436,653,508,686,435,572
Z12,Cool,Z24,Hoogvliet Noord,13842,1109,1790,1239,1939,1106,1378
Z12,Cool,Z25,Hoogvliet Zuid,14162,1254,2018,1441,2180,1251,1612
Z12,Cool,Z26,Katendrecht,3693,427,610,487,639,426,544
Z12,Cool,Z27,Kleinpolder,5095,526,795,601,847,524,689
Z12,Cool,Z28,Kop van Zuid,2085,235,357,272,379,233,307
Z12,Cool,Z29,Kop van Zuid - Entrepot,3200,342,528,402,558,340,455
Z12,Cool,Z30,Kralingen Oost,4101,420,597,480,628,417,533
Z12,Cool,Z31,Kralingen West,2925,352,466,390,484,350,425
Z12,Cool,Z32,Kralingse Bos,5000,674,859,727,953,672,774
Z12,Cool,Z33,Kralingseveer,6466,628,948,720,1006,625,802
Z12,Cool,Z34,Liskwartier,3244,386,524,432,551,383,472
Z12,Cool,Z35,Lombardijen,6852,698,1004,797,1052,697,892
Z12,Cool,Z36,Middelland,1691,232,321,261,337,230,288
Z12,Cool,Z37,Molenlaankwartier,6469,698,936,787,980,696,862
Z12,Cool,Z38,Nesselande,15238,1207,1862,1351,1988,1204,1505
Z12,Cool,Z39,Nieuw Crooswijk,4081,491,701,555,738,489,617
Z12,Cool,Z40,Nieuwe Werk,2000,269,347,293,365,267,316
Z12,Cool,Z41,Nieuwe Westen,2390,346,472,390,496,344,430
Z12,Cool,Z42,Noord Kethel,11941,1005,1491,1115,1586,1003,1229
Z12,Cool,Z43,Noordereiland,2570,286,414,326,435,284,363
Z12,Cool,Z44,Ommoord,8620,849,1316,968,1390,847,1087
Z12,Cool,Z45,Oosterflank,9007,894,1392,998,1459,891,1118
Z12,Cool,Z46,Oud Charlois,4260,452,730,505,788,450,562
Z12,Cool,Z47,Oud Crooswijk,2799,333,411,367,425,332,391
Z12,Cool,Z48,Oud IJsselmonde,6372,637,966,740,1021,634,832
Z12,Cool,Z49,Oud Mathenesse,5413,546,774,627,812,544,698
Z12,Cool,Z50,Oude Noorden,3105,364,450,395,468,362,422
Z12,Cool,Z51,Oude Westen,1475,202,277,226,291,200,249
Z12,Cool,Z52,Overschie,6376,692,1024,790,1099,690,894
Z12,Cool,Z53,Pendrecht,6332,648,1046,734,1131,644,821
Z12,Cool,Z54,Prinsenland,7009,806,1139,907,1198,804,989
Z12,Cool,Z55,Provenierswijk,2520,339,436,369,457,337,396
Z12,Cool,Z56,Rubroek,2088,259,322,290,332,258,304
Z12,Cool,Z57,Schiebroek,7308,743,1050,848,1107,740,938
Z12,Cool,Z58,Schiemond,3360,379,543,435,569,377,487
Z12,Cool,Z59,Schieveen,9316,788,1204,879,1286,786,979
Z12,Cool,Z60,Spangen,4076,482,654,539,683,480,591
Z12,Cool,Z61,Stadsdriehoek,1386,159,225,178,238,157,197
Z12,Cool,Z62,Struisenburg,2446,269,403,316,424,267,354
Z12,Cool,Z63,Tarwewijk,4376,463,662,524,693,461,580
Z12,Cool,Z64,Terbregge,7115,707,1071,802,1134,705,901
Z12,Cool,Z65,Tussendijken,3462,449,613,508,642,447,558
Z12,Cool,Z66,Vreewijk,5627,593,855,675,908,590,751
Z12,Cool,Z67,Wielewaal,6033,675,1017,746,1088,673,821
Z12,Cool,Z68,Zestienhoven,6423,650,932,740,983,648,818
Z12,Cool,Z69,Zevenkamp,12255,910,1447,1012,1553,907,1129
Z12,Cool,Z70,Zuiderpark,6638,651,1007,753,1067,650,848
Z12,Cool,Z71,Zuidplein,4926,525,844,585,882,522,651
Z12,Cool,Z72,Zuidwijk,6812,674,1040,781,1104,672,880
Z13,Cs Kwartier,Z00,'s-Gravenland,7186,837,1153,945,1202,834,1036
Z13,Cs Kwartier,Z01,Afrikaanderwijk,4928,590,817,666,853,589,733
Z13,Cs Kwartier,Z02,Agniesebuurt,2116,294,404,329,424,291,360
Z13,Cs Kwartier,Z03,Bedrijvenpark Noord-West,7113,612,971,677,1049,610,756
Z13,Cs Kwartier,Z04,Bergpolder,2714,326,476,370,505,324,408
Z13,Cs Kwartier,Z05,Beverwaard,11986,1089,1605,1232,1700,1086,1364
Z13,Cs Kwartier,Z06,Blijdorp,1932,269,375,298,401,267,324
Z13,Cs Kwartier,Z07,Blijdorpsepolder,3438,476,675,532,721,473,581
Z13,Cs Kwartier,Z08,Bloemhof,5502,661,921,747,963,658,826
Z13,Cs Kwartier,Z09,Bospolder,3656,514,642,572,715,510,621
Z13,Cs Kwartier,Z10,Carnisse,5290,586,897,642,968,584,706
Z13,Cs Kwartier,Z11,Charlois Zuidrand,7914,864,1308,957,1406,862,1048
Z13,Cs Kwartier,Z12,Cool,2333,334,446,370,468,331,403
Z13,Cs Kwartier,Z13,Cs Kwartier,0,46,46,46,46,46,46
Z13,Cs Kwartier,Z14,De Esch,6299,670,941,760,988,668,839
Z13,Cs Kwartier,Z15,Delfshaven,2943,350,501,393,534,347,434
Z13,Cs Kwartier,Z16,Dijkzigt,2452,293,426,331,455,291,363
Z13,Cs Kwartier,Z17,Feijenoord,5421,647,940,732,985,642,811
Z13,Cs Kwartier,Z18,Groot IJsselmonde,9513,975,1413,1114,1489,972,1237
Z13,Cs Kwartier,Z19,Heijplaat,10496,1101,1706,1248,1831,1097,1385
Z13,Cs Kwartier,Z20,Het Lage Land,7828,764,1141,864,1211,762,961
Z13,Cs Kwartier,Z21,Hillegersberg Noord,5536,638,841,716,880,636,778
Z13,Cs Kwartier,Z22,Hillegersberg Zuid,3940,455,656,517,694,452,570
Z13,Cs Kwartier,Z23,Hillesluis,5734,669,949,765,993,667,846
Z13,Cs Kwartier,Z24,Hoogvliet Noord,14416,1195,1895,1328,2053,1192,1470
Z13,Cs Kwartier,Z25,Hoogvliet Zuid,14802,1339,2133,1530,2301,1336,1708
Z13,Cs Kwartier,Z26,Katendrecht,5299,653,906,740,946,652,818
Z13,Cs Kwartier,Z27,Kleinpolder,3692,402,598,457,642,401,504
Z13,Cs Kwartier,Z28,Kop van Zuid,3691,460,640,520,670,459,573
Z13,Cs Kwartier,Z29,Kop van Zuid - Entrepot,4845,575,826,661,872,572,733
Z13,Cs Kwartier,Z30,Kralingen Oost,5093,588,825,666,864,585,739
Z13,Cs Kwartier,Z31,Kralingen West,3647,453,612,510,643,450,555
Z13,Cs Kwartier,Z32,Kralingse Bos,6048,723,943,802,983,721,868
Z13,Cs Kwartier,Z33,Kralingseveer,7931,808,1192,916,1264,804,1015
Z13,Cs Kwartier,Z34,Liskwartier,2965,404,537,443,565,402,477
Z13,Cs Kwartier,Z35,Lombardijen,8470,877,1309,974,1401,875,1067
Z13,Cs Kwartier,Z36,Middelland,1737,253,322,280,336,251,307
Z13,Cs Kwartier,Z37,Molenlaankwartier,6190,715,950,804,996,714,878
Z13,Cs Kwartier,Z38,Nesselande,14839,1180,1838,1320,1968,1177,1470
Z13,Cs Kwartier,Z39,Nieuw Crooswijk,4646,524,717,587,754,522,650
Z13,Cs Kwartier,Z40,Nieuwe Werk,3841,481,678,543,718,478,596
Z13,Cs Kwartier,Z41,Nieuwe Westen,2164,325,423,358,442,323,387
Z13,Cs Kwartier,Z42,Noord Kethel,11543,983,1472,1090,1569,981,1200
Z13,Cs Kwartier,Z43,Noordereiland,4370,504,728,574,765,501,637
Z13,Cs Kwartier,Z44,Ommoord,12032,901,1419,1011,1529,898,1122
Z13,Cs Kwartier,Z45,Oosterflank,11578,885,1400,977,1506,882,1083
Z13,Cs Kwartier,Z46,Oud Charlois,4929,548,845,609,910,545,669
Z13,Cs Kwartier,Z47,Oud Crooswijk,3110,370,490,411,513,368,445
Z13,Cs Kwartier,Z48,Oud IJsselmonde,9273,837,1235,945,1313,834,1043
Z13,Cs Kwartier,Z49,Oud Mathenesse,3956,521,751,597,789,519,664
Z13,Cs Kwartier,Z50,Oude Noorden,2991,390,525,440,549,388,476
Z13,Cs Kwartier,Z51,Oude Westen,1446,258,333,278,350,254,299
Z13,Cs Kwartier,Z52,Overschie,4973,570,820,646,873,569,714
Z13,Cs Kwartier,Z53,Pendrecht,6916,738,1156,828,1249,735,918
Z13,Cs Kwartier,Z54,Prinsenland,8002,921,1323,1031,1398,918,1135
Z13,Cs Kwartier,Z55,Provenierswijk,2090,307,400,331,436,305,359
Z13,Cs Kwartier,Z56,Rubroek,2445,305,415,341,432,303,378
Z13,Cs Kwartier,Z57,Schiebroek,6921,716,1030,817,1092,712,905
Z13,Cs Kwartier,Z58,Schiemond,3947,476,682,546,727,472,600
Z13,Cs Kwartier,Z59,Schieveen,8290,690,1034,752,1110,688,823
Z13,Cs Kwartier,Z60,Spangen,2834,459,608,510,633,458,554
Z13,Cs Kwartier,Z61,Stadsdriehoek,3028,396,541,443,568,394,486
Z13,Cs Kwartier,Z62,Struisenburg,3924,449,643,515,676,446,569
Z13,Cs Kwartier,Z63,Tarwewijk,5128,569,883,627,953,566,689
Z13,Cs Kwartier,Z64,Terbregge,7681,747,1129,846,1200,744,942
Z13,Cs Kwartier,Z65,Tussendijken,2747,439,602,493,630,437,541
Z13,Cs Kwartier,Z66,Vreewijk,7156,758,1188,844,1284,755,937
Z13,Cs Kwartier,Z67,Wielewaal,6631,760,1122,835,1203,758,913
Z13,Cs Kwartier,Z68,Zestienhoven,6025,622,912,709,968,619,785
Z13,Cs Kwartier,Z69,Zevenkamp,11856,882,1427,982,1538,879,1096
Z13,Cs Kwartier,Z70,Zuiderpark,7381,764,1209,864,1303,762,962
Z13,Cs Kwartier,Z71,Zuidplein,5538,614,956,680,1031,612,748
Z13,Cs Kwartier,Z72,Zuidwijk,8038,826,1319,935,1422,824,1043
Z14,De Esch,Z00,'s-Gravenland,3508,388,504,427,528,387,460
Z14,De Esch,Z01,Afrikaanderwijk,7235,605,930,680,995,604,755
Z14,De Esch,Z02,Agniesebuurt,5561,610,881,701,928,608,780
Z14,De Esch,Z03,Bedrijvenpark Noord-West,16879,949,1616,1024,1761,947,1142
Z14,De Esch,Z04,Bergpolder,11037,658,1087,746,1184,657,834
Z14,De Esch,Z05,Beverwaard,7426,608,906,679,964,606,749
Z14,De Esch,Z06,Blijdorp,6685,693,1008,798,1059,692,891
Z14,De Esch,Z07,Blijdorpsepolder,13651,904,1455,966,1577,903,1063
Z14,De Esch,Z08,Bloemhof,7353,636,963,708,1036,634,778
Z14,De Esch,Z09,Bospolder,8086,885,1253,1009,1328,882,1120
Z14,De Esch,Z10,Carnisse,8748,766,1180,860,1272,764,950
Z14,De Esch,Z11,Charlois Zuidrand,16902,960,1551,1025,1683,958,1123
Z14,De Esch,Z12,Cool,5151,518,751,598,788,517,668
Z14,De Esch,Z13,Cs Kwartier,6829,720,1005,816,1056,717,901
Z14,De Esch,Z14,De Esch,0,112,112,112,112,112,112
Z14,De Esch,Z15,Delfshaven,7009,709,1084,819,1170,706,916
Z14,De Esch,Z16,Dijkzigt,5838,585,844,672,888,583,746
Z14,De Esch,Z17,Feijenoord,7131,673,965,747,1024,669,809
Z14,De Esch,Z18,Groot IJsselmonde,6460,536,804,598,860,534,660
Z14,De Esch,Z19,Heijplaat,19344,1134,1863,1228,2018,1130,1356
Z14,De Esch,Z20,Het Lage Land,6521,483,757,530,815,481,585
Z14,De Esch,Z21,Hillegersberg Noord,12026,780,1237,870,1338,779,960
Z14,De Esch,Z22,Hillegersberg Zuid,12167,774,1278,878,1384,771,970
Z14,De Esch,Z23,Hillesluis,6842,564,888,641,952,563,716
Z14,De Esch,Z24,Hoogvliet Noord,21925,1167,1940,1248,2111,1165,1376
Z14,De Esch,Z25,Hoogvliet Zuid,22202,1323,2172,1459,2355,1322,1619
Z14,De Esch,Z26,Katendrecht,7352,795,1176,901,1256,793,1002
Z14,De Esch,Z27,Kleinpolder,13021,762,1278,819,1389,761,906
Z14,De Esch,Z28,Kop van Zuid,5692,583,933,683,1005,580,770
Z14,De Esch,Z29,Kop van Zuid - Entrepot,7161,596,931,691,998,595,768
Z14,De Esch,Z30,Kralingen Oost,2456,258,374,297,394,257,331
Z14,De Esch,Z31,Kralingen West,4037,402,558,458,584,401,508
Z14,De Esch,Z32,Kralingse Bos,4846,559,742,624,774,557,680
Z14,De Esch,Z33,Kralingseveer,2153,248,338,279,355,247,309
Z14,De Esch,Z34,Liskwartier,7008,686,954,783,1000,683,868
Z14,De Esch,Z35,Lombardijen,7497,644,970,722,1033,643,799
Z14,De Esch,Z36,Middelland,6476,702,982,802,1029,699,884
Z14,De Esch,Z37,Molenlaankwartier,8843,682,1053,761,1122,681,845
Z14,De Esch,Z38,Nesselande,12666,939,1459,1051,1562,936,1169
Z14,De Esch,Z39,Nieuw Crooswijk,6091,643,897,725,941,641,805
Z14,De Esch,Z40,Nieuwe Werk,5896,647,978,750,1047,645,830
Z14,De Esch,Z41,Nieuwe Westen,7189,795,1118,907,1174,793,1002
Z14,De Esch,Z42,Noord Kethel,19365,1234,1990,1338,2149,1233,1478
Z14,De Esch,Z43,Noordereiland,5341,548,835,632,893,547,706
Z14,De Esch,Z44,Ommoord,8583,692,1076,766,1146,689,850
Z14,De Esch,Z45,Oosterflank,9284,644,1022,707,1100,642,782
Z14,De Esch,Z46,Oud Charlois,9669,833,1300,951,1400,830,1065
Z14,De Esch,Z47,Oud Crooswijk,5137,502,723,581,762,500,650
Z14,De Esch,Z48,Oud IJsselmonde,4594,341,536,377,580,339,416
Z14,De Esch,Z49,Oud Mathenesse,15597,934,1579,1009,1717,933,1122
Z14,De Esch,Z50,Oude Noorden,6323,624,862,705,905,622,775
Z14,De Esch,Z51,Oude Westen,6125,654,923,744,969,652,823
Z14,De Esch,Z52,Overschie,16377,919,1519,990,1642,917,1099
Z14,De Esch,Z53,Pendrecht,10520,926,1441,1052,1550,925,1173
Z14,De Esch,Z54,Prinsenland,4554,507,677,546,710,505,584
Z14,De Esch,Z55,Provenierswijk,6181,689,988,797,1036,687,886
Z14,De Esch,Z56,Rubroek,4808,518,720,588,759,515,646
Z14,De Esch,Z57,Schiebroek,12918,852,1341,928,1447,850,1022
Z14,De Esch,Z58,Schiemond,7540,776,1210,893,1304,774,1004
Z14,De Esch,Z59,Schieveen,16594,926,1448,996,1559,924,1097
Z14,De Esch,Z60,Spangen,8835,930,1300,1056,1361,927,1165
Z14,De Esch,Z61,Stadsdriehoek,4012,425,636,488,680,422,538
Z14,De Esch,Z62,Struisenburg,2827,322,450,370,486,320,400
Z14,De Esch,Z63,Tarwewijk,8620,750,1132,844,1204,748,937
Z14,De Esch,Z64,Terbregge,7208,541,856,602,917,540,670
Z14,De Esch,Z65,Tussendijken,8260,898,1254,1022,1321,896,1129
Z14,De Esch,Z66,Vreewijk,7099,625,965,707,1037,624,782
Z14,De Esch,Z67,Wielewaal,11456,1056,1570,1189,1667,1054,1318
Z14,De Esch,Z68,Zestienhoven,13939,888,1440,972,1554,887,1076
Z14,De Esch,Z69,Zevenkamp,9793,665,1058,732,1140,663,809
Z14,De Esch,Z70,Zuiderpark,8781,787,1199,890,1284,786,987
Z14,De Esch,Z71,Zuidplein,8325,746,1152,839,1243,744,928
Z14,De Esch,Z72,Zuidwijk,8900,805,1340,915,1452,803,1017
Z15,Delfshaven,Z00,'s-Gravenland,8546,863,1272,972,1369,861,1063
Z15,Delfshaven,Z01,Afrikaanderwijk,4509,485,706,551,748,483,610
Z15,Delfshaven,Z02,Agniesebuurt,4439,481,708,553,778,477,614
Z15,Delfshaven,Z03,Bedrijvenpark Noord-West,6259,668,968,768,1016,667,852
Z15,Delfshaven,Z04,Bergpolder,4641,480,725,549,804,478,613
Z15,Delfshaven,Z05,Beverwaard,10403,1021,1554,1189,1640,1018,1336
Z15,Delfshaven,Z06,Blijdorp,3875,418,637,481,690,415,537
Z15,Delfshaven,Z07,Blijdorpsepolder,4046,500,655,559,683,498,607
Z15,Delfshaven,Z08,Bloemhof,5142,546,822,606,876,544,668
Z15,Delfshaven,Z09,Bospolder,1615,225,290,244,303,223,264
Z15,Delfshaven,Z10,Carnisse,3795,418,630,452,675,416,494
Z15,Delfshaven,Z11,Charlois Zuidrand,6460,708,1040,778,1120,707,851
Z15,Delfshaven,Z12,Cool,2558,283,390,320,410,281,351
Z15,Delfshaven,Z13,Cs Kwartier,3008,337,479,380,530,334,418
Z15,Delfshaven,Z14,De Esch,6628,666,1026,766,1105,664,853
Z15,Delfshaven,Z15,Delfshaven,0,53,53,53,53,53,53
Z15,Delfshaven,Z16,Dijkzigt,1827,200,257,220,268,198,237
Z15,Delfshaven,Z17,Feijenoord,4987,568,809,639,856,565,702
Z15,Delfshaven,Z18,Groot IJsselmonde,8932,897,1320,1033,1392,894,1151
Z15,Delfshaven,Z19,Heijplaat,9110,943,1449,1065,1552,940,1182
Z15,Delfshaven,Z20,Het Lage Land,9526,957,1478,1090,1564,954,1218
Z15,Delfshaven,Z21,Hillegersberg Noord,7463,769,1090,886,1178,767,984
Z15,Delfshaven,Z22,Hillegersberg Zuid,5988,599,905,693,965,596,775
Z15,Delfshaven,Z23,Hillesluis,5260,553,827,639,876,551,714
Z15,Delfshaven,Z24,Hoogvliet Noord,13098,1039,1673,1160,1814,1037,1289
Z15,Delfshaven,Z25,Hoogvliet Zuid,13330,1186,1862,1350,2008,1184,1505
Z15,Delfshaven,Z26,Katendrecht,5067,576,815,649,859,575,714
Z15,Delfshaven,Z27,Kleinpolder,4952,505,697,575,732,502,633
Z15,Delfshaven,Z28,Kop van Zuid,3221,357,542,412,578,354,460
Z15,Delfshaven,Z29,Kop van Zuid - Entrepot,4548,470,704,541,748,468,604
Z15,Delfshaven,Z30,Kralingen Oost,6135,632,938,723,1004,629,801
Z15,Delfshaven,Z31,Kralingen West,5158,576,782,647,829,573,710
Z15,Delfshaven,Z32,Kralingse Bos,7188,896,1227,997,1357,894,1083
Z15,Delfshaven,Z33,Kralingseveer,8241,806,1269,920,1371,804,1028
Z15,Delfshaven,Z34,Liskwartier,4892,542,770,608,818,539,668
Z15,Delfshaven,Z35,Lombardijen,7113,712,1069,784,1145,711,865
Z15,Delfshaven,Z36,Middelland,1790,202,249,219,260,200,234
Z15,Delfshaven,Z37,Molenlaankwartier,8168,873,1208,991,1294,871,1092
Z15,Delfshaven,Z38,Nesselande,16766,1311,2062,1479,2213,1308,1653
Z15,Delfshaven,Z39,Nieuw Crooswijk,7165,675,966,767,1026,671,853
Z15,Delfshaven,Z40,Nieuwe Werk,2215,289,409,321,432,287,349
Z15,Delfshaven,Z41,Nieuwe Westen,1887,282,348,306,363,278,326
Z15,Delfshaven,Z42,Noord Kethel,9056,888,1253,1006,1316,886,1108
Z15,Delfshaven,Z43,Noordereiland,4315,464,675,525,718,462,579
Z15,Delfshaven,Z44,Ommoord,13959,1064,1668,1201,1827,1061,1343
Z15,Delfshaven,Z45,Oosterflank,13504,1027,1637,1148,1791,1023,1280
Z15,Delfshaven,Z46,Oud Charlois,3429,377,584,413,629,375,455
Z15,Delfshaven,Z47,Oud Crooswijk,5452,560,808,644,870,557,714
Z15,Delfshaven,Z48,Oud IJsselmonde,7553,754,1140,870,1211,751,974
Z15,Delfshaven,Z49,Oud Mathenesse,2978,363,504,410,529,361,451
Z15,Delfshaven,Z50,Oude Noorden,5034,552,774,627,847,548,686
Z15,Delfshaven,Z51,Oude Westen,2290,282,341,309,352,279,331
Z15,Delfshaven,Z52,Overschie,6233,691,938,780,985,688,859
Z15,Delfshaven,Z53,Pendrecht,5772,600,916,666,985,598,734
Z15,Delfshaven,Z54,Prinsenland,9780,991,1480,1105,1588,989,1214
Z15,Delfshaven,Z55,Provenierswijk,3980,450,660,514,721,446,573
Z15,Delfshaven,Z56,Rubroek,4651,481,694,550,731,478,609
Z15,Delfshaven,Z57,Schiebroek,8726,847,1269,976,1355,843,1092
Z15,Delfshaven,Z58,Schiemond,1411,200,258,224,273,197,246
Z15,Delfshaven,Z59,Schieveen,9545,839,1191,927,1262,836,1015
Z15,Delfshaven,Z60,Spangen,2331,329,379,344,389,327,361
Z15,Delfshaven,Z61,Stadsdriehoek,3313,356,520,402,560,354,441
Z15,Delfshaven,Z62,Struisenburg,4215,442,684,508,738,441,565
Z15,Delfshaven,Z63,Tarwewijk,3628,400,613,433,660,398,474
Z15,Delfshaven,Z64,Terbregge,9348,931,1434,1065,1520,929,1195
Z15,Delfshaven,Z65,Tussendijken,1720,237,311,262,327,235,284
Z15,Delfshaven,Z66,Vreewijk,5870,626,954,693,1024,624,763
Z15,Delfshaven,Z67,Wielewaal,5131,596,855,645,912,594,701
Z15,Delfshaven,Z68,Zestienhoven,7952,767,1131,862,1207,764,962
Z15,Delfshaven,Z69,Zevenkamp,13805,1036,1676,1162,1836,1033,1301
Z15,Delfshaven,Z70,Zuiderpark,5901,609,954,680,1026,607,755
Z15,Delfshaven,Z71,Zuidplein,4067,483,760,536,813,481,595
Z15,Delfshaven,Z72,Zuidwijk,6611,656,1050,746,1129,654,836
Z16,Dijkzigt,Z00,'s-Gravenland,6954,737,997,829,1040,734,912
Z16,Dijkzigt,Z01,Afrikaanderwijk,4083,416,607,478,637,414,532
Z16,Dijkzigt,Z02,Agniesebuurt,2763,350,502,401,530,348,446
Z16,Dijkzigt,Z03,Bedrijvenpark Noord-West,8263,685,1086,772,1170,682,856
Z16,Dijkzigt,Z04,Bergpolder,3889,399,605,466,626,397,518
Z16,Dijkzigt,Z05,Beverwaard,9869,956,1430,1109,1500,954,1245
Z16,Dijkzigt,Z06,Blijdorp,3106,330,505,386,522,328,428
Z16,Dijkzigt,Z07,Blijdorpsepolder,4372,517,677,576,705,515,627
Z16,Dijkzigt,Z08,Bloemhof,4645,503,727,574,762,501,642
Z16,Dijkzigt,Z09,Bospolder,2458,335,450,374,472,333,409
Z16,Dijkzigt,Z10,Carnisse,3956,430,674,472,729,427,516
Z16,Dijkzigt,Z11,Charlois Zuidrand,6637,692,1086,778,1168,690,862
Z16,Dijkzigt,Z12,Cool,1016,114,170,130,180,112,146
Z16,Dijkzigt,Z13,Cs Kwartier,2219,260,345,297,359,258,316
Z16,Dijkzigt,Z14,De Esch,5563,552,794,636,834,550,707
Z16,Dijkzigt,Z15,Delfshaven,1667,192,269,215,285,189,238
Z16,Dijkzigt,Z16,Dijkzigt,0,52,52,52,52,52,52
Z16,Dijkzigt,Z17,Feijenoord,4379,498,708,563,744,494,624
Z16,Dijkzigt,Z18,Groot IJsselmonde,8312,831,1197,952,1255,828,1056
Z16,Dijkzigt,Z19,Heijplaat,9219,948,1489,1077,1598,944,1200
Z16,Dijkzigt,Z20,Het Lage Land,8028,795,1231,910,1304,794,1022
Z16,Dijkzigt,Z21,Hillegersberg Noord,6650,715,971,808,1001,714,888
Z16,Dijkzigt,Z22,Hillegersberg Zuid,5114,504,770,589,797,502,657
Z16,Dijkzigt,Z23,Hillesluis,4888,496,737,574,775,494,644
Z16,Dijkzigt,Z24,Hoogvliet Noord,13139,1042,1678,1158,1820,1039,1284
Z16,Dijkzigt,Z25,Hoogvliet Zuid,13468,1187,1907,1360,2062,1184,1523
Z16,Dijkzigt,Z26,Katendrecht,4459,493,711,568,745,492,634
Z16,Dijkzigt,Z27,Kleinpolder,4867,475,727,553,764,474,614
Z16,Dijkzigt,Z28,Kop van Zuid,2852,292,428,336,452,291,375
Z16,Dijkzigt,Z29,Kop van Zuid - Entrepot,3942,412,612,479,646,410,531
Z16,Dijkzigt,Z30,Kralingen Oost,4867,485,686,554,718,483,616
Z16,Dijkzigt,Z31,Kralingen West,3691,423,568,470,590,421,515
Z16,Dijkzigt,Z32,Kralingse Bos,5766,744,976,808,1076,742,864
Z16,Dijkzigt,Z33,Kralingseveer,7212,703,1053,801,1118,700,892
Z16,Dijkzigt,Z34,Liskwartier,4067,477,652,539,686,475,580
Z16,Dijkzigt,Z35,Lombardijen,7194,724,1065,801,1142,722,881
Z16,Dijkzigt,Z36,Middelland,1249,153,192,168,199,152,181
Z16,Dijkzigt,Z37,Molenlaankwartier,7304,787,1080,896,1117,786,987
Z16,Dijkzigt,Z38,Nesselande,16013,1256,1953,1418,2089,1253,1573
Z16,Dijkzigt,Z39,Nieuw Crooswijk,4847,561,820,645,860,559,719
Z16,Dijkzigt,Z40,Nieuwe Werk,2114,288,353,310,366,287,331
Z16,Dijkzigt,Z41,Nieuwe Westen,1830,280,372,309,388,279,336
Z16,Dijkzigt,Z42,Noord Kethel,10495,973,1369,1099,1456,970,1212
Z16,Dijkzigt,Z43,Noordereiland,3311,354,510,403,536,352,448
Z16,Dijkzigt,Z44,Ommoord,9386,920,1433,1058,1519,918,1190
Z16,Dijkzigt,Z45,Oosterflank,12691,942,1504,1074,1601,938,1198
Z16,Dijkzigt,Z46,Oud Charlois,3612,376,618,420,669,375,468
Z16,Dijkzigt,Z47,Oud Crooswijk,3978,410,601,475,631,408,530
Z16,Dijkzigt,Z48,Oud IJsselmonde,7138,702,1063,815,1123,699,916
Z16,Dijkzigt,Z49,Oud Mathenesse,4712,478,660,542,692,476,600
Z16,Dijkzigt,Z50,Oude Noorden,4104,445,634,509,667,442,567
Z16,Dijkzigt,Z51,Oude Westen,921,136,164,145,170,135,155
Z16,Dijkzigt,Z52,Overschie,6148,641,949,742,994,640,824
Z16,Dijkzigt,Z53,Pendrecht,5582,567,926,641,1006,564,716
Z16,Dijkzigt,Z54,Prinsenland,7775,881,1241,988,1304,878,1079
Z16,Dijkzigt,Z55,Provenierswijk,3207,373,530,427,544,371,468
Z16,Dijkzigt,Z56,Rubroek,2988,340,486,387,509,339,430
Z16,Dijkzigt,Z57,Schiebroek,8060,792,1159,915,1213,788,1012
Z16,Dijkzigt,Z58,Schiemond,2657,312,427,343,452,310,382
Z16,Dijkzigt,Z59,Schieveen,9464,744,1161,837,1231,743,926
Z16,Dijkzigt,Z60,Spangen,3335,402,530,448,550,400,490
Z16,Dijkzigt,Z61,Stadsdriehoek,2152,229,327,259,344,228,287
Z16,Dijkzigt,Z62,Struisenburg,3188,344,505,400,530,342,446
Z16,Dijkzigt,Z63,Tarwewijk,3816,412,661,453,714,410,500
Z16,Dijkzigt,Z64,Terbregge,7881,777,1219,892,1293,776,1004
Z16,Dijkzigt,Z65,Tussendijken,2748,381,510,422,533,378,459
Z16,Dijkzigt,Z66,Vreewijk,5822,598,971,673,1051,597,751
Z16,Dijkzigt,Z67,Wielewaal,5330,609,903,665,969,606,725
Z16,Dijkzigt,Z68,Zestienhoven,7199,695,1042,806,1089,693,894
Z16,Dijkzigt,Z69,Zevenkamp,13031,955,1557,1078,1659,952,1205
Z16,Dijkzigt,Z70,Zuiderpark,6105,611,992,694,1071,610,776
Z16,Dijkzigt,Z71,Zuidplein,4223,432,711,479,772,430,533
Z16,Dijkzigt,Z72,Zuidwijk,6761,668,1090,764,1176,666,858
Z17,Feijenoord,Z00,'s-Gravenland,7675,861,1171,963,1230,857,1051
Z17,Feijenoord,Z01,Afrikaanderwijk,1469,229,283,252,297,227,272
Z17,Feijenoord,Z02,Agniesebuurt,4852,577,818,653,858,574,724
Z17,Feijenoord,Z03,Bedrijvenpark Noord-West,11467,1044,1600,1175,1701,1041,1314
Z17,Feijenoord,Z04,Bergpolder,6064,671,964,763,1010,668,848
Z17,Feijenoord,Z05,Beverwaard,6719,692,945,775,984,691,847
Z17,Feijenoord,Z06,Blijdorp,5985,660,944,751,989,658,835
Z17,Feijenoord,Z07,Blijdorpsepolder,7793,917,1316,1039,1387,913,1151
Z17,Feijenoord,Z08,Bloemhof,3041,380,498,420,498,377,458
Z17,Feijenoord,Z09,Bospolder,6413,727,1065,828,1121,724,920
Z17,Feijenoord,Z10,Carnisse,4837,545,749,613,785,543,674
Z17,Feijenoord,Z11,Charlois Zuidrand,7879,831,1214,950,1288,829,1055
Z17,Feijenoord,Z12,Cool,3684,440,603,488,631,438,536
Z17,Feijenoord,Z13,Cs Kwartier,5394,643,977,719,1042,640,788
Z17,Feijenoord,Z14,De Esch,6213,658,972,751,1035,656,833
Z17,Feijenoord,Z15,Delfshaven,5219,576,846,661,895,573,740
Z17,Feijenoord,Z16,Dijkzigt,4385,499,700,567,734,496,628
Z17,Feijenoord,Z17,Feijenoord,0,72,72,72,72,72,72
Z17,Feijenoord,Z18,Groot IJsselmonde,5323,578,750,652,779,575,690
Z17,Feijenoord,Z19,Heijplaat,10514,1083,1586,1246,1665,1079,1390
Z17,Feijenoord,Z20,Het Lage Land,11606,881,1379,966,1487,878,1069
Z17,Feijenoord,Z21,Hillegersberg Noord,8209,886,1197,993,1253,882,1089
Z17,Feijenoord,Z22,Hillegersberg Zuid,7151,773,1098,877,1151,769,978
Z17,Feijenoord,Z23,Hillesluis,1957,245,329,276,346,244,304
Z17,Feijenoord,Z24,Hoogvliet Noord,14380,1181,1802,1330,1930,1178,1477
Z17,Feijenoord,Z25,Hoogvliet Zuid,14639,1326,2030,1532,2172,1323,1716
Z17,Feijenoord,Z26,Katendrecht,2590,398,509,446,531,397,486
Z17,Feijenoord,Z27,Kleinpolder,8046,843,1238,964,1308,841,1074
Z17,Feijenoord,Z28,Kop van Zuid,2286,297,403,336,428,295,369
Z17,Feijenoord,Z29,Kop van Zuid - Entrepot,908,152,184,166,193,150,178
Z17,Feijenoord,Z30,Kralingen Oost,5679,620,876,702,925,617,774
Z17,Feijenoord,Z31,Kralingen West,4633,568,752,628,781,566,683
Z17,Feijenoord,Z32,Kralingse Bos,6708,890,1160,965,1268,887,1032
Z17,Feijenoord,Z33,Kralingseveer,8352,739,1104,815,1182,736,891
Z17,Feijenoord,Z34,Liskwartier,5899,667,920,754,969,663,833
Z17,Feijenoord,Z35,Lombardijen,4797,547,751,616,784,545,679
Z17,Feijenoord,Z36,Middelland,5390,585,820,666,864,582,727
Z17,Feijenoord,Z37,Molenlaankwartier,8863,957,1306,1080,1369,954,1189
Z17,Feijenoord,Z38,Nesselande,17755,1353,2063,1501,2206,1350,1661
Z17,Feijenoord,Z39,Nieuw Crooswijk,5789,707,1004,802,1052,704,888
Z17,Feijenoord,Z40,Nieuwe Werk,4106,509,713,576,751,506,635
Z17,Feijenoord,Z41,Nieuwe Westen,6064,720,1007,811,1055,716,882
Z17,Feijenoord,Z42,Noord Kethel,14893,1322,1956,1478,2069,1320,1636
Z17,Feijenoord,Z43,Noordereiland,1833,258,316,275,329,256,293
Z17,Feijenoord,Z44,Ommoord,10915,1057,1637,1200,1750,1054,1320
Z17,Feijenoord,Z45,Oosterflank,14356,1043,1624,1158,1744,1039,1273
Z17,Feijenoord,Z46,Oud Charlois,4784,516,742,592,779,514,661
Z17,Feijenoord,Z47,Oud Crooswijk,4921,555,785,626,823,552,690
Z17,Feijenoord,Z48,Oud IJsselmonde,3677,444,523,473,540,440,497
Z17,Feijenoord,Z49,Oud Mathenesse,8082,852,1246,980,1316,850,1099
Z17,Feijenoord,Z50,Oude Noorden,5226,590,824,666,865,587,736
Z17,Feijenoord,Z51,Oude Westen,4846,578,800,649,837,575,714
Z17,Feijenoord,Z52,Overschie,9327,1009,1460,1153,1539,1006,1284
Z17,Feijenoord,Z53,Pendrecht,6784,706,1036,813,1088,703,908
Z17,Feijenoord,Z54,Prinsenland,9730,914,1271,986,1356,911,1063
Z17,Feijenoord,Z55,Provenierswijk,5472,656,900,732,941,653,803
Z17,Feijenoord,Z56,Rubroek,3930,486,669,545,701,483,599
Z17,Feijenoord,Z57,Schiebroek,9902,1037,1416,1167,1482,1033,1287
Z17,Feijenoord,Z58,Schiemond,5796,660,953,750,1009,658,833
Z17,Feijenoord,Z59,Schieveen,12268,1102,1642,1238,1744,1100,1372
Z17,Feijenoord,Z60,Spangen,7252,829,1172,942,1236,826,1043
Z17,Feijenoord,Z61,Stadsdriehoek,2891,360,495,402,519,358,441
Z17,Feijenoord,Z62,Struisenburg,3777,446,634,504,671,444,558
Z17,Feijenoord,Z63,Tarwewijk,3736,441,590,492,617,439,539
Z17,Feijenoord,Z64,Terbregge,8823,923,1404,1050,1486,920,1158
Z17,Feijenoord,Z65,Tussendijken,6715,766,1054,861,1114,762,951
Z17,Feijenoord,Z66,Vreewijk,3490,484,644,541,672,482,592
Z17,Feijenoord,Z67,Wielewaal,6573,747,1032,837,1085,745,920
Z17,Feijenoord,Z68,Zestienhoven,9375,967,1400,1103,1473,964,1225
Z17,Feijenoord,Z69,Zevenkamp,14876,1058,1679,1165,1809,1056,1292
Z17,Feijenoord,Z70,Zuiderpark,6097,626,936,717,991,624,802
Z17,Feijenoord,Z71,Zuidplein,4414,486,688,557,724,484,621
Z17,Feijenoord,Z72,Zuidwijk,6271,642,973,739,1032,639,829
Z18,Groot IJsselmonde,Z00,'s-Gravenland,7877,659,949,728,1004,655,795
Z18,Groot IJsselmonde,Z01,Afrikaanderwijk,4980,542,744,612,778,540,672
Z18,Groot IJsselmonde,Z02,Agniesebuurt,9654,927,1340,1061,1405,925,1180
Z18,Groot IJsselmonde,Z03,Bedrijvenpark Noord-West,20366,1178,1962,1275,2128,1175,1415
Z18,Groot IJsselmonde,Z04,Bergpolder,14741,888,1458,961,1581,885,1065
Z18,Groot IJsselmonde,Z05,Beverwaard,2568,264,362,297,380,262,326
Z18,Groot IJsselmonde,Z06,Blijdorp,15472,980,1591,1067,1720,978,1183
Z18,Groot IJsselmonde,Z07,Blijdorpsepolder,17079,1106,1770,1186,1913,1104,1307
Z18,Groot IJsselmonde,Z08,Bloemhof,5533,607,853,687,869,604,760
Z18,Groot IJsselmonde,Z09,Bospolder,10350,1080,1560,1240,1641,1076,1385
Z18,Groot IJsselmonde,Z10,Carnisse,6426,706,1006,781,1071,704,857
Z18,Groot IJsselmonde,Z11,Charlois Zuidrand,8215,827,1175,942,1251,826,1035
Z18,Groot IJsselmonde,Z12,Cool,7772,773,1142,871,1184,771,972
Z18,Groot IJsselmonde,Z13,Cs Kwartier,9772,983,1480,1142,1566,980,1276
Z18,Groot IJsselmonde,Z14,De Esch,6730,550,830,614,886,548,680
Z18,Groot IJsselmonde,Z15,Delfshaven,9012,922,1340,1059,1415,920,1178
Z18,Groot IJsselmonde,Z16,Dijkzigt,8756,855,1265,968,1334,853,1074
Z18,Groot IJsselmonde,Z17,Feijenoord,5396,594,796,659,830,592,716
Z18,Groot IJsselmonde,Z18,Groot IJsselmonde,0,173,173,173,173,173,173
Z18,Groot IJsselmonde,Z19,Heijplaat,13549,1011,1556,1115,1663,1007,1230
Z18,Groot IJsselmonde,Z20,Het Lage Land,9965,679,1084,750,1167,677,835
Z18,Groot IJsselmonde,Z21,Hillegersberg Noord,15013,995,1573,1091,1698,994,1209
Z18,Groot IJsselmonde,Z22,Hillegersberg Zuid,15870,993,1610,1084,1741,991,1203
Z18,Groot IJsselmonde,Z23,Hillesluis,4571,501,701,573,736,499,633
Z18,Groot IJsselmonde,Z24,Hoogvliet Noord,16064,1058,1687,1153,1818,1056,1275
Z18,Groot IJsselmonde,Z25,Hoogvliet Zuid,16335,1200,1910,1346,2051,1199,1494
Z18,Groot IJsselmonde,Z26,Katendrecht,6497,727,998,811,1044,724,898
Z18,Groot IJsselmonde,Z27,Kleinpolder,16446,966,1605,1043,1741,966,1156
Z18,Groot IJsselmonde,Z28,Kop van Zuid,5969,628,898,723,942,627,802
Z18,Groot IJsselmonde,Z29,Kop van Zuid - Entrepot,5408,550,798,635,839,548,708
Z18,Groot IJsselmonde,Z30,Kralingen Oost,7306,602,891,666,949,601,732
Z18,Groot IJsselmonde,Z31,Kralingen West,8574,704,1052,790,1121,702,876
Z18,Groot IJsselmonde,Z32,Kralingse Bos,9569,833,1220,918,1296,829,1021
Z18,Groot IJsselmonde,Z33,Kralingseveer,6744,528,814,585,871,528,647
Z18,Groot IJsselmonde,Z34,Liskwartier,14834,1002,1628,1095,1757,999,1216
Z18,Groot IJsselmonde,Z35,Lombardijen,3203,332,462,369,484,331,409
Z18,Groot IJsselmonde,Z36,Middelland,9224,935,1360,1078,1441,931,1192
Z18,Groot IJsselmonde,Z37,Molenlaankwartier,12244,878,1380,982,1475,877,1095
Z18,Groot IJsselmonde,Z38,Nesselande,16056,1132,1768,1262,1891,1130,1406
Z18,Groot IJsselmonde,Z39,Nieuw Crooswijk,11511,898,1418,983,1526,896,1092
Z18,Groot IJsselmonde,Z40,Nieuwe Werk,7933,856,1236,982,1299,853,1095
Z18,Groot IJsselmonde,Z41,Nieuwe Westen,9946,1042,1539,1193,1630,1037,1310
Z18,Groot IJsselmonde,Z42,Noord Kethel,22785,1457,2343,1584,2526,1456,1753
Z18,Groot IJsselmonde,Z43,Noordereiland,6408,674,971,767,1019,670,854
Z18,Groot IJsselmonde,Z44,Ommoord,12117,891,1404,990,1499,888,1097
Z18,Groot IJsselmonde,Z45,Oosterflank,12271,865,1358,948,1477,861,1053
Z18,Groot IJsselmonde,Z46,Oud Charlois,7357,769,1126,883,1201,766,981
Z18,Groot IJsselmonde,Z47,Oud Crooswijk,9702,844,1275,959,1357,840,1068
Z18,Groot IJsselmonde,Z48,Oud IJsselmonde,3436,375,528,426,554,372,472
Z18,Groot IJsselmonde,Z49,Oud Mathenesse,18309,1148,1809,1260,2096,1146,1401
Z18,Groot IJsselmonde,Z50,Oude Noorden,10389,938,1378,1056,1461,936,1168
Z18,Groot IJsselmonde,Z51,Oude Westen,9217,923,1347,1048,1411,920,1168
Z18,Groot IJsselmonde,Z52,Overschie,19477,1127,1847,1224,1994,1124,1357
Z18,Groot IJsselmonde,Z53,Pendrecht,6967,685,984,782,1032,683,869
Z18,Groot IJsselmonde,Z54,Prinsenland,8089,663,976,730,1036,662,800
Z18,Groot IJsselmonde,Z55,Provenierswijk,10819,1006,1514,1111,1640,1004,1230
Z18,Groot IJsselmonde,Z56,Rubroek,9622,842,1246,949,1322,840,1051
Z18,Groot IJsselmonde,Z57,Schiebroek,16488,1048,1667,1148,1794,1046,1272
Z18,Groot IJsselmonde,Z58,Schiemond,9568,981,1448,1134,1528,978,1265
Z18,Groot IJsselmonde,Z59,Schieveen,20022,1121,1756,1206,1908,1120,1322
Z18,Groot IJsselmonde,Z60,Spangen,11038,1148,1713,1305,1807,1145,1450
Z18,Groot IJsselmonde,Z61,Stadsdriehoek,8381,744,1129,839,1188,743,932
Z18,Groot IJsselmonde,Z62,Struisenburg,7585,636,956,717,1016,634,794
Z18,Groot IJsselmonde,Z63,Tarwewijk,6418,676,952,760,1000,673,840
Z18,Groot IJsselmonde,Z64,Terbregge,10728,737,1166,817,1250,736,909
Z18,Groot IJsselmonde,Z65,Tussendijken,10341,1092,1560,1240,1642,1088,1375
Z18,Groot IJsselmonde,Z66,Vreewijk,4538,501,708,570,743,498,627
Z18,Groot IJsselmonde,Z67,Wielewaal,8891,968,1415,1094,1492,965,1214
Z18,Groot IJsselmonde,Z68,Zestienhoven,17367,1072,1796,1158,1936,1070,1286
Z18,Groot IJsselmonde,Z69,Zevenkamp,13235,881,1414,976,1522,878,1086
Z18,Groot IJsselmonde,Z70,Zuiderpark,5815,598,905,681,959,596,760
Z18,Groot IJsselmonde,Z71,Zuidplein,5879,630,951,704,1014,628,780
Z18,Groot IJsselmonde,Z72,Zuidwijk,5395,555,823,644,865,553,723
Z19,Heijplaat,Z00,'s-Gravenland,22591,1400,2212,1509,2382,1396,1658
Z19,Heijplaat,Z01,Afrikaanderwijk,8424,875,1269,997,1342,873,1106
Z19,Heijplaat,Z02,Agniesebuurt,11671,1176,1815,1342,1943,1174,1494
Z19,Heijplaat,Z03,Bedrijvenpark Noord-West,16649,1081,1718,1187,1850,1078,1316
Z19,Heijplaat,Z04,Bergpolder,18654,1093,1781,1174,1928,1092,1297
Z19,Heijplaat,Z05,Beverwaard,16107,988,1594,1068,1722,986,1182
Z19,Heijplaat,Z06,Blijdorp,11246,1102,1799,1226,1953,1099,1363
Z19,Heijplaat,Z07,Blijdorpsepolder,17436,1113,1770,1197,1913,1110,1312
Z19,Heijplaat,Z08,Bloemhof,8366,876,1280,1003,1355,874,1114
Z19,Heijplaat,Z09,Bospolder,10614,1103,1754,1224,1885,1101,1359
Z19,Heijplaat,Z10,Carnisse,6200,681,958,769,1010,679,847
Z19,Heijplaat,Z11,Charlois Zuidrand,5418,604,825,674,868,602,735
Z19,Heijplaat,Z12,Cool,9783,975,1513,1109,1622,972,1236
Z19,Heijplaat,Z13,Cs Kwartier,10233,1031,1579,1165,1694,1029,1291
Z19,Heijplaat,Z14,De Esch,20745,1206,1989,1303,2158,1204,1444
Z19,Heijplaat,Z15,Delfshaven,9340,950,1459,1078,1565,947,1201
Z19,Heijplaat,Z16,Dijkzigt,9104,899,1381,1016,1480,898,1127
Z19,Heijplaat,Z17,Feijenoord,10386,1060,1554,1215,1642,1058,1352
Z19,Heijplaat,Z18,Groot IJsselmonde,14817,1038,1592,1151,1701,1034,1270
Z19,Heijplaat,Z19,Heijplaat,0,45,45,45,45,45,45
Z19,Heijplaat,Z20,Het Lage Land,23413,1314,2180,1417,2366,1311,1571
Z19,Heijplaat,Z21,Hillegersberg Noord,22561,1396,2238,1522,2419,1394,1682
Z19,Heijplaat,Z22,Hillegersberg Zuid,19879,1195,1959,1294,2122,1193,1432
Z19,Heijplaat,Z23,Hillesluis,9023,910,1356,1051,1436,908,1175
Z19,Heijplaat,Z24,Hoogvliet Noord,8064,644,930,706,990,641,770
Z19,Heijplaat,Z25,Hoogvliet Zuid,11409,926,1389,1038,1471,923,1148
Z19,Heijplaat,Z26,Katendrecht,9264,984,1409,1118,1488,981,1236
Z19,Heijplaat,Z27,Kleinpolder,17500,1026,1676,1107,1816,1024,1221
Z19,Heijplaat,Z28,Kop van Zuid,9309,949,1422,1096,1507,946,1226
Z19,Heijplaat,Z29,Kop van Zuid - Entrepot,9203,974,1437,1121,1522,970,1250
Z19,Heijplaat,Z30,Kralingen Oost,21048,1267,2060,1367,2230,1264,1510
Z19,Heijplaat,Z31,Kralingen West,12360,1276,1934,1446,2108,1273,1603
Z19,Heijplaat,Z32,Kralingse Bos,23020,1488,2350,1604,2536,1484,1763
Z19,Heijplaat,Z33,Kralingseveer,20816,1220,2011,1314,2181,1217,1455
Z19,Heijplaat,Z34,Liskwartier,19532,1198,1930,1301,2091,1196,1438
Z19,Heijplaat,Z35,Lombardijen,11448,770,1197,837,1287,768,919
Z19,Heijplaat,Z36,Middelland,9449,944,1440,1064,1544,941,1180
Z19,Heijplaat,Z37,Molenlaankwartier,23583,1501,2401,1631,2592,1499,1800
Z19,Heijplaat,Z38,Nesselande,29600,1789,2881,1950,3107,1787,2161
Z19,Heijplaat,Z39,Nieuw Crooswijk,21181,1258,2082,1354,2261,1255,1496
Z19,Heijplaat,Z40,Nieuwe Werk,9702,1006,1520,1138,1624,1004,1264
Z19,Heijplaat,Z41,Nieuwe Westen,10148,1073,1646,1210,1762,1069,1343
Z19,Heijplaat,Z42,Noord Kethel,16200,1150,1743,1264,1859,1148,1390
Z19,Heijplaat,Z43,Noordereiland,10428,1072,1574,1231,1664,1068,1370
Z19,Heijplaat,Z44,Ommoord,25408,1511,2478,1635,2687,1507,1811
Z19,Heijplaat,Z45,Oosterflank,26201,1479,2433,1607,2651,1475,1774
Z19,Heijplaat,Z46,Oud Charlois,5983,634,929,725,987,631,806
Z19,Heijplaat,Z47,Oud Crooswijk,12677,1254,1904,1432,2034,1252,1594
Z19,Heijplaat,Z48,Oud IJsselmonde,18189,1068,1745,1150,1891,1065,1269
Z19,Heijplaat,Z49,Oud Mathenesse,16108,958,1547,1040,1672,956,1149
Z19,Heijplaat,Z50,Oude Noorden,12267,1246,1884,1416,2015,1243,1566
Z19,Heijplaat,Z51,Oude Westen,9515,976,1487,1106,1589,974,1218
Z19,Heijplaat,Z52,Overschie,17191,1185,1828,1299,1963,1181,1424
Z19,Heijplaat,Z53,Pendrecht,4780,513,720,582,758,510,642
Z19,Heijplaat,Z54,Prinsenland,21997,1391,2192,1485,2364,1389,1627
Z19,Heijplaat,Z55,Provenierswijk,11230,1144,1759,1299,1892,1141,1444
Z19,Heijplaat,Z56,Rubroek,11876,1176,1802,1339,1924,1174,1489
Z19,Heijplaat,Z57,Schiebroek,22655,1443,2304,1572,2488,1440,1740
Z19,Heijplaat,Z58,Schiemond,9918,1027,1558,1166,1666,1025,1300
Z19,Heijplaat,Z59,Schieveen,22093,1331,2145,1432,2321,1329,1578
Z19,Heijplaat,Z60,Spangen,16754,1047,1655,1135,1783,1044,1249
Z19,Heijplaat,Z61,Stadsdriehoek,10470,1046,1619,1190,1740,1043,1326
Z19,Heijplaat,Z62,Struisenburg,11409,1135,1774,1294,1906,1134,1446
Z19,Heijplaat,Z63,Tarwewijk,6991,740,1078,843,1147,737,931
Z19,Heijplaat,Z64,Terbregge,24228,1379,2283,1494,2474,1377,1658
Z19,Heijplaat,Z65,Tussendijken,17254,1093,1735,1193,1868,1090,1318
Z19,Heijplaat,Z66,Vreewijk,7800,801,1160,921,1219,799,1025
Z19,Heijplaat,Z67,Wielewaal,6380,725,998,811,1050,722,889
Z19,Heijplaat,Z68,Zestienhoven,21347,1307,2134,1412,2311,1305,1559
Z19,Heijplaat,Z69,Zevenkamp,26617,1491,2486,1616,2696,1488,1795
Z19,Heijplaat,Z70,Zuiderpark,6016,630,906,720,953,629,799
Z19,Heijplaat,Z71,Zuidplein,7382,778,1148,889,1223,776,987
Z19,Heijplaat,Z72,Zuidwijk,6187,636,896,726,941,633,804
Z20,Het Lage Land,Z00,'s-Gravenland,5075,517,722,570,753,514,626
Z20,Het Lage Land,Z01,Afrikaanderwijk,11296,838,1341,934,1440,836,1042
Z20,Het Lage Land,Z02,Agniesebuurt,6501,696,1044,783,1111,693,869
Z20,Het Lage Land,Z03,Bedrijvenpark Noord-West,12914,820,1373,894,1491,818,998
Z20,Het Lage Land,Z04,Bergpolder,7690,696,1113,782,1186,694,874
Z20,Het Lage Land,Z05,Beverwaard,11519,852,1339,947,1436,850,1052
Z20,Het Lage Land,Z06,Blijdorp,7757,768,1162,872,1235,766,973
Z20,Het Lage Land,Z07,Blijdorpsepolder,10124,937,1466,1039,1572,934,1151
Z20,Het Lage Land,Z08,Bloemhof,11414,885,1400,980,1511,883,1084
Z20,Het Lage Land,Z09,Bospolder,10451,1123,1756,1266,1836,1120,1412
Z20,Het Lage Land,Z10,Carnisse,12809,1012,1608,1128,1736,1010,1252
Z20,Het Lage Land,Z11,Charlois Zuidrand,20975,1195,1978,1284,2149,1193,1419
Z20,Het Lage Land,Z12,Cool,7399,790,1220,901,1294,788,1009
Z20,Het Lage Land,Z13,Cs Kwartier,8552,905,1349,1025,1433,901,1140
Z20,Het Lage Land,Z14,De Esch,6409,504,769,563,816,502,627
Z20,Het Lage Land,Z15,Delfshaven,9417,980,1500,1120,1590,976,1255
Z20,Het Lage Land,Z16,Dijkzigt,8068,837,1300,959,1379,835,1076
Z20,Het Lage Land,Z17,Feijenoord,11714,893,1412,986,1516,890,1100
Z20,Het Lage Land,Z18,Groot IJsselmonde,10492,756,1203,836,1295,752,929
Z20,Het Lage Land,Z19,Heijplaat,23462,1381,2299,1497,2492,1377,1660
Z20,Het Lage Land,Z20,Het Lage Land,0,106,106,106,106,106,106
Z20,Het Lage Land,Z21,Hillegersberg Noord,5778,622,905,718,973,620,796
Z20,Het Lage Land,Z22,Hillegersberg Zuid,7082,692,1075,790,1143,691,886
Z20,Het Lage Land,Z23,Hillesluis,10903,804,1306,900,1406,802,1008
Z20,Het Lage Land,Z24,Hoogvliet Noord,25971,1416,2375,1519,2584,1413,1681
Z20,Het Lage Land,Z25,Hoogvliet Zuid,26249,1566,2608,1726,2829,1563,1924
Z20,Het Lage Land,Z26,Katendrecht,12656,1038,1614,1167,1723,1036,1298
Z20,Het Lage Land,Z27,Kleinpolder,9540,800,1286,890,1383,798,992
Z20,Het Lage Land,Z28,Kop van Zuid,10581,871,1358,994,1463,869,1113
Z20,Het Lage Land,Z29,Kop van Zuid - Entrepot,11567,862,1379,963,1481,860,1074
Z20,Het Lage Land,Z30,Kralingen Oost,5290,478,640,516,676,475,575
Z20,Het Lage Land,Z31,Kralingen West,5648,578,823,648,860,576,722
Z20,Het Lage Land,Z32,Kralingse Bos,5169,602,854,670,904,600,725
Z20,Het Lage Land,Z33,Kralingseveer,5527,534,812,608,860,532,677
Z20,Het Lage Land,Z34,Liskwartier,6359,655,1004,742,1070,653,830
Z20,Het Lage Land,Z35,Lombardijen,11738,893,1417,1000,1516,891,1116
Z20,Het Lage Land,Z36,Middelland,8738,928,1412,1058,1495,925,1184
Z20,Het Lage Land,Z37,Molenlaankwartier,4456,497,734,575,771,496,644
Z20,Het Lage Land,Z38,Nesselande,7102,759,1105,873,1161,756,977
Z20,Het Lage Land,Z39,Nieuw Crooswijk,4570,533,768,584,818,531,636
Z20,Het Lage Land,Z40,Nieuwe Werk,10734,925,1417,1048,1530,923,1168
Z20,Het Lage Land,Z41,Nieuwe Westen,9426,1020,1507,1160,1598,1017,1289
Z20,Het Lage Land,Z42,Noord Kethel,15879,1272,2000,1410,2141,1270,1567
Z20,Het Lage Land,Z43,Noordereiland,10240,849,1300,963,1373,846,1075
Z20,Het Lage Land,Z44,Ommoord,3569,429,628,494,661,427,551
Z20,Het Lage Land,Z45,Oosterflank,2422,346,473,386,496,343,424
Z20,Het Lage Land,Z46,Oud Charlois,13729,1074,1728,1216,1866,1072,1365
Z20,Het Lage Land,Z47,Oud Crooswijk,4709,476,764,540,820,474,606
Z20,Het Lage Land,Z48,Oud IJsselmonde,8773,590,969,648,1048,587,722
Z20,Het Lage Land,Z49,Oud Mathenesse,12070,972,1590,1081,1712,969,1210
Z20,Het Lage Land,Z50,Oude Noorden,5951,609,927,685,987,606,762
Z20,Het Lage Land,Z51,Oude Westen,8529,923,1400,1050,1481,920,1172
Z20,Het Lage Land,Z52,Overschie,12669,787,1314,864,1426,783,964
Z20,Het Lage Land,Z53,Pendrecht,14774,1177,1891,1332,2039,1174,1492
Z20,Het Lage Land,Z54,Prinsenland,2620,418,544,475,563,417,493
Z20,Het Lage Land,Z55,Provenierswijk,7241,740,1125,838,1198,736,936
Z20,Het Lage Land,Z56,Rubroek,5563,581,889,652,946,579,725
Z20,Het Lage Land,Z57,Schiebroek,8894,704,1098,786,1176,702,873
Z20,Het Lage Land,Z58,Schiemond,12424,1076,1653,1218,1760,1074,1356
Z20,Het Lage Land,Z59,Schieveen,12570,800,1205,866,1288,798,951
Z20,Het Lage Land,Z60,Spangen,12581,1054,1679,1166,1802,1052,1298
Z20,Het Lage Land,Z61,Stadsdriehoek,8661,687,1083,787,1173,686,885
Z20,Het Lage Land,Z62,Struisenburg,7662,589,891,666,953,587,746
Z20,Het Lage Land,Z63,Tarwewijk,12735,983,1578,1108,1696,979,1243
Z20,Het Lage Land,Z64,Terbregge,2963,366,543,424,571,364,475
Z20,Het Lage Land,Z65,Tussendijken,13204,1104,1770,1230,1900,1101,1374
Z20,Het Lage Land,Z66,Vreewijk,11352,875,1405,979,1516,872,1090
Z20,Het Lage Land,Z67,Wielewaal,15517,1305,2007,1461,2142,1303,1624
Z20,Het Lage Land,Z68,Zestienhoven,11579,773,1254,857,1367,771,953
Z20,Het Lage Land,Z69,Zevenkamp,4419,520,780,603,822,516,678
Z20,Het Lage Land,Z70,Zuiderpark,12971,1032,1630,1158,1753,1030,1290
Z20,Het Lage Land,Z71,Zuidplein,12386,985,1541,1095,1667,983,1214
Z20,Het Lage Land,Z72,Zuidwijk,13145,1054,1705,1186,1834,1051,1323
Z21,Hillegersberg Noord,Z00,'s-Gravenland,8957,789,1207,886,1290,785,951
Z21,Hillegersberg Noord,Z01,Afrikaanderwijk,8762,922,1256,1052,1313,917,1149
Z21,Hillegersberg Noord,Z02,Agniesebuurt,4054,459,585,505,609,457,546
Z21,Hillegersberg Noord,Z03,Bedrijvenpark Noord-West,9410,716,1119,784,1196,713,870
Z21,Hillegersberg Noord,Z04,Bergpolder,3900,390,526,440,550,390,483
Z21,Hillegersberg Noord,Z05,Beverwaard,14538,1096,1700,1202,1836,1094,1332
Z21,Hillegersberg Noord,Z06,Blijdorp,4633,469,646,533,676,468,587
Z21,Hillegersberg Noord,Z07,Blijdorpsepolder,6018,665,909,751,950,663,825
Z21,Hillegersberg Noord,Z08,Bloemhof,9590,1021,1376,1146,1439,1016,1258
Z21,Hillegersberg Noord,Z09,Bospolder,8689,866,1225,980,1281,864,1081
Z21,Hillegersberg Noord,Z10,Carnisse,9533,1004,1474,1122,1569,1002,1241
Z21,Hillegersberg Noord,Z11,Charlois Zuidrand,12235,1259,1875,1414,2004,1257,1566
Z21,Hillegersberg Noord,Z12,Cool,6558,685,946,778,990,683,860
Z21,Hillegersberg Noord,Z13,Cs Kwartier,5475,593,840,674,881,591,752
Z21,Hillegersberg Noord,Z14,De Esch,9511,729,1177,818,1258,726,907
Z21,Hillegersberg Noord,Z15,Delfshaven,7265,744,1077,848,1139,742,946
Z21,Hillegersberg Noord,Z16,Dijkzigt,6735,715,1000,815,1055,714,898
Z21,Hillegersberg Noord,Z17,Feijenoord,8210,907,1255,1023,1320,900,1129
Z21,Hillegersberg Noord,Z18,Groot IJsselmonde,13483,1006,1600,1124,1727,1004,1231
Z21,Hillegersberg Noord,Z19,Heijplaat,14817,1484,2283,1675,2435,1481,1847
Z21,Hillegersberg Noord,Z20,Het Lage Land,5627,589,863,680,907,587,760
Z21,Hillegersberg Noord,Z21,Hillegersberg Noord,0,126,126,126,126,126,126
Z21,Hillegersberg Noord,Z22,Hillegersberg Zuid,2352,238,319,270,334,237,296
Z21,Hillegersberg Noord,Z23,Hillesluis,9350,971,1402,1116,1449,965,1234
Z21,Hillegersberg Noord,Z24,Hoogvliet Noord,19514,1244,1980,1352,2141,1243,1491
Z21,Hillegersberg Noord,Z25,Hoogvliet Zuid,22776,1520,2414,1670,2593,1518,1848
Z21,Hillegersberg Noord,Z26,Katendrecht,9414,1004,1356,1134,1416,1000,1245
Z21,Hillegersberg Noord,Z27,Kleinpolder,6106,536,775,598,821,534,660
Z21,Hillegersberg Noord,Z28,Kop van Zuid,7779,809,1077,908,1125,805,992
Z21,Hillegersberg Noord,Z29,Kop van Zuid - Entrepot,7903,828,1185,950,1246,824,1059
Z21,Hillegersberg Noord,Z30,Kralingen Oost,7054,672,942,762,986,669,833
Z21,Hillegersberg Noord,Z31,Kralingen West,5554,585,773,654,807,582,715
Z21,Hillegersberg Noord,Z32,Kralingse Bos,5864,738,961,818,1002,735,886
Z21,Hillegersberg Noord,Z33,Kralingseveer,10214,783,1297,884,1399,780,966
Z21,Hillegersberg Noord,Z34,Liskwartier,3226,348,448,384,464,346,417
Z21,Hillegersberg Noord,Z35,Lombardijen,14525,1093,1776,1229,1900,1091,1369
Z21,Hillegersberg Noord,Z36,Middelland,6058,649,899,731,941,647,809
Z21,Hillegersberg Noord,Z37,Molenlaankwartier,1610,204,268,228,281,203,248
Z21,Hillegersberg Noord,Z38,Nesselande,13148,1009,1555,1166,1651,1007,1306
Z21,Hillegersberg Noord,Z39,Nieuw Crooswijk,3503,429,568,478,593,426,521
Z21,Hillegersberg Noord,Z40,Nieuwe Werk,7931,872,1154,979,1290,867,1067
Z21,Hillegersberg Noord,Z41,Nieuwe Westen,6408,735,998,836,1046,734,918
Z21,Hillegersberg Noord,Z42,Noord Kethel,12450,1016,1507,1133,1604,1015,1249
Z21,Hillegersberg Noord,Z43,Noordereiland,7174,752,1054,857,1107,748,950
Z21,Hillegersberg Noord,Z44,Ommoord,5352,555,806,640,844,554,714
Z21,Hillegersberg Noord,Z45,Oosterflank,10050,736,1117,821,1198,733,907
Z21,Hillegersberg Noord,Z46,Oud Charlois,9141,951,1412,1069,1507,950,1186
Z21,Hillegersberg Noord,Z47,Oud Crooswijk,4271,441,575,493,598,440,538
Z21,Hillegersberg Noord,Z48,Oud IJsselmonde,11572,816,1344,903,1447,813,1001
Z21,Hillegersberg Noord,Z49,Oud Mathenesse,8728,717,1097,804,1174,715,893
Z21,Hillegersberg Noord,Z50,Oude Noorden,3358,374,490,414,513,371,453
Z21,Hillegersberg Noord,Z51,Oude Westen,6191,649,926,736,978,647,819
Z21,Hillegersberg Noord,Z52,Overschie,6244,627,839,708,877,624,777
Z21,Hillegersberg Noord,Z53,Pendrecht,11297,1135,1720,1286,1844,1133,1435
Z21,Hillegersberg Noord,Z54,Prinsenland,7413,782,1169,857,1237,780,946
Z21,Hillegersberg Noord,Z55,Provenierswijk,4164,461,617,515,646,459,564
Z21,Hillegersberg Noord,Z56,Rubroek,4828,532,698,592,732,529,647
Z21,Hillegersberg Noord,Z57,Schiebroek,1750,221,291,241,307,220,263
Z21,Hillegersberg Noord,Z58,Schiemond,8269,878,1256,1007,1326,875,1113
Z21,Hillegersberg Noord,Z59,Schieveen,9177,681,964,756,1018,680,823
Z21,Hillegersberg Noord,Z60,Spangen,9100,799,1170,896,1220,797,980
Z21,Hillegersberg Noord,Z61,Stadsdriehoek,6276,678,965,766,1012,672,871
Z21,Hillegersberg Noord,Z62,Struisenburg,6513,697,978,786,1023,694,879
Z21,Hillegersberg Noord,Z63,Tarwewijk,9392,965,1458,1094,1555,962,1220
Z21,Hillegersberg Noord,Z64,Terbregge,3140,326,465,375,487,325,417
Z21,Hillegersberg Noord,Z65,Tussendijken,7042,848,1127,956,1177,846,1045
Z21,Hillegersberg Noord,Z66,Vreewijk,14048,1077,1761,1211,1908,1075,1339
Z21,Hillegersberg Noord,Z67,Wielewaal,10928,1182,1699,1321,1807,1181,1448
Z21,Hillegersberg Noord,Z68,Zestienhoven,5074,530,710,595,742,528,650
Z21,Hillegersberg Noord,Z69,Zevenkamp,10327,750,1156,856,1224,748,963
Z21,Hillegersberg Noord,Z70,Zuiderpark,11514,1144,1733,1296,1856,1142,1438
Z21,Hillegersberg Noord,Z71,Zuidplein,9821,1010,1527,1137,1626,1008,1266
Z21,Hillegersberg Noord,Z72,Zuidwijk,12360,1232,1884,1388,2013,1229,1552
Z22,Hillegersberg Zuid,Z00,'s-Gravenland,10616,808,1137,899,1220,805,982
Z22,Hillegersberg Zuid,Z01,Afrikaanderwijk,7728,803,1111,922,1164,798,1011
Z22,Hillegersberg Zuid,Z02,Agniesebuurt,2471,315,406,348,414,313,377
Z22,Hillegersberg Zuid,Z03,Bedrijvenpark Noord-West,7594,588,950,652,1023,585,731
Z22,Hillegersberg Zuid,Z04,Bergpolder,1841,194,273,220,286,194,244
Z22,Hillegersberg Zuid,Z05,Beverwaard,16552,1086,1747,1188,1882,1083,1317
Z22,Hillegersberg Zuid,Z06,Blijdorp,2619,279,400,318,418,277,352
Z22,Hillegersberg Zuid,Z07,Blijdorpsepolder,3942,477,657,538,686,475,590
Z22,Hillegersberg Zuid,Z08,Bloemhof,8460,902,1228,1016,1284,897,1120
Z22,Hillegersberg Zuid,Z09,Bospolder,6650,678,946,769,989,676,850
Z22,Hillegersberg Zuid,Z10,Carnisse,8076,816,1265,915,1355,814,1014
Z22,Hillegersberg Zuid,Z11,Charlois Zuidrand,10741,1078,1675,1225,1800,1077,1362
Z22,Hillegersberg Zuid,Z12,Cool,5386,554,810,635,851,551,713
Z22,Hillegersberg Zuid,Z13,Cs Kwartier,3986,426,631,488,667,423,546
Z22,Hillegersberg Zuid,Z14,De Esch,11745,737,1201,804,1298,735,891
Z22,Hillegersberg Zuid,Z15,Delfshaven,5784,584,869,670,924,581,748
Z22,Hillegersberg Zuid,Z16,Dijkzigt,5254,527,790,608,840,526,678
Z22,Hillegersberg Zuid,Z17,Feijenoord,7226,787,1107,893,1165,782,991
Z22,Hillegersberg Zuid,Z18,Groot IJsselmonde,15586,1019,1649,1110,1782,1016,1230
Z22,Hillegersberg Zuid,Z19,Heijplaat,13336,1335,2183,1448,2361,1331,1598
Z22,Hillegersberg Zuid,Z20,Het Lage Land,7094,669,1035,764,1121,667,857
Z22,Hillegersberg Zuid,Z21,Hillegersberg Noord,2334,243,318,274,331,241,298
Z22,Hillegersberg Zuid,Z22,Hillegersberg Zuid,0,81,81,81,81,81,81
Z22,Hillegersberg Zuid,Z23,Hillesluis,8308,852,1253,986,1294,847,1107
Z22,Hillegersberg Zuid,Z24,Hoogvliet Noord,17424,1064,1724,1146,1869,1062,1261
Z22,Hillegersberg Zuid,Z25,Hoogvliet Zuid,20818,1349,2194,1481,2366,1346,1642
Z22,Hillegersberg Zuid,Z26,Katendrecht,8403,892,1212,1010,1267,889,1112
Z22,Hillegersberg Zuid,Z27,Kleinpolder,4207,363,538,404,573,362,445
Z22,Hillegersberg Zuid,Z28,Kop van Zuid,6665,690,935,778,981,686,853
Z22,Hillegersberg Zuid,Z29,Kop van Zuid - Entrepot,6919,709,1041,818,1096,704,920
Z22,Hillegersberg Zuid,Z30,Kralingen Oost,5940,584,794,662,833,581,730
Z22,Hillegersberg Zuid,Z31,Kralingen West,4502,456,619,515,649,454,568
Z22,Hillegersberg Zuid,Z32,Kralingse Bos,5348,619,813,688,866,617,748
Z22,Hillegersberg Zuid,Z33,Kralingseveer,12484,810,1346,886,1458,808,980
Z22,Hillegersberg Zuid,Z34,Liskwartier,1524,184,248,204,264,183,222
Z22,Hillegersberg Zuid,Z35,Lombardijen,11311,1082,1651,1218,1765,1081,1349
Z22,Hillegersberg Zuid,Z36,Middelland,4577,484,689,557,726,482,620
Z22,Hillegersberg Zuid,Z37,Molenlaankwartier,3520,374,493,422,509,373,463
Z22,Hillegersberg Zuid,Z38,Nesselande,13774,1032,1622,1154,1737,1029,1290
Z22,Hillegersberg Zuid,Z39,Nieuw Crooswijk,2806,311,441,355,484,309,394
Z22,Hillegersberg Zuid,Z40,Nieuwe Werk,6620,692,1032,798,1096,690,892
Z22,Hillegersberg Zuid,Z41,Nieuwe Westen,4946,551,793,629,837,549,698
Z22,Hillegersberg Zuid,Z42,Noord Kethel,10478,836,1251,925,1331,834,1019
Z22,Hillegersberg Zuid,Z43,Noordereiland,6009,621,899,714,949,617,798
Z22,Hillegersberg Zuid,Z44,Ommoord,7046,722,1037,831,1088,720,927
Z22,Hillegersberg Zuid,Z45,Oosterflank,10503,735,1171,808,1257,734,897
Z22,Hillegersberg Zuid,Z46,Oud Charlois,7711,765,1203,868,1292,764,968
Z22,Hillegersberg Zuid,Z47,Oud Crooswijk,3205,314,430,357,452,312,395
Z22,Hillegersberg Zuid,Z48,Oud IJsselmonde,13838,823,1376,890,1495,821,986
Z22,Hillegersberg Zuid,Z49,Oud Mathenesse,6638,524,841,586,902,522,656
Z22,Hillegersberg Zuid,Z50,Oude Noorden,2292,258,343,287,360,256,314
Z22,Hillegersberg Zuid,Z51,Oude Westen,4711,513,751,585,795,510,651
Z22,Hillegersberg Zuid,Z52,Overschie,4759,470,638,534,669,468,590
Z22,Hillegersberg Zuid,Z53,Pendrecht,9748,953,1511,1088,1629,951,1216
Z22,Hillegersberg Zuid,Z54,Prinsenland,10993,793,1218,898,1307,791,999
Z22,Hillegersberg Zuid,Z55,Provenierswijk,2648,316,452,360,475,314,399
Z22,Hillegersberg Zuid,Z56,Rubroek,3779,403,550,456,577,400,504
Z22,Hillegersberg Zuid,Z57,Schiebroek,3041,314,417,349,434,313,384
Z22,Hillegersberg Zuid,Z58,Schiemond,6788,703,1049,801,1117,700,893
Z22,Hillegersberg Zuid,Z59,Schieveen,7453,577,748,635,785,576,682
Z22,Hillegersberg Zuid,Z60,Spangen,7187,618,924,681,982,616,751
Z22,Hillegersberg Zuid,Z61,Stadsdriehoek,5320,558,816,636,858,554,732
Z22,Hillegersberg Zuid,Z62,Struisenburg,5420,578,824,657,865,576,740
Z22,Hillegersberg Zuid,Z63,Tarwewijk,7911,797,1248,899,1341,794,1000
Z22,Hillegersberg Zuid,Z64,Terbregge,4787,478,670,548,702,477,609
Z22,Hillegersberg Zuid,Z65,Tussendijken,6146,664,929,749,970,663,831
Z22,Hillegersberg Zuid,Z66,Vreewijk,9988,985,1555,1120,1674,984,1251
Z22,Hillegersberg Zuid,Z67,Wielewaal,9448,994,1490,1112,1592,993,1227
Z22,Hillegersberg Zuid,Z68,Zestienhoven,3611,371,501,418,524,370,457
Z22,Hillegersberg Zuid,Z69,Zevenkamp,10792,740,1210,822,1302,738,919
Z22,Hillegersberg Zuid,Z70,Zuiderpark,10222,998,1577,1141,1693,996,1276
Z22,Hillegersberg Zuid,Z71,Zuidplein,8348,823,1297,930,1395,822,1037
Z22,Hillegersberg Zuid,Z72,Zuidwijk,10879,1054,1675,1211,1798,1051,1358
Z23,Hillesluis,Z00,'s-Gravenland,9351,809,1211,906,1294,806,997
Z23,Hillesluis,Z01,Afrikaanderwijk,1485,225,271,241,278,225,254
Z23,Hillesluis,Z02,Agniesebuurt,5372,665,906,742,945,663,812
Z23,Hillesluis,Z03,Bedrijvenpark Noord-West,11951,1140,1688,1273,1792,1138,1414
Z23,Hillesluis,Z04,Bergpolder,6548,758,1038,852,1085,757,937
Z23,Hillesluis,Z05,Beverwaard,5966,610,870,702,918,608,780
Z23,Hillesluis,Z06,Blijdorp,6484,748,1032,840,1079,747,923
Z23,Hillesluis,Z07,Blijdorpsepolder,8594,995,1408,1106,1541,992,1212
Z23,Hillesluis,Z08,Bloemhof,1062,176,218,189,227,175,201
Z23,Hillesluis,Z09,Bospolder,6825,785,1097,885,1155,781,971
Z23,Hillesluis,Z10,Carnisse,2844,379,484,410,511,378,447
Z23,Hillesluis,Z11,Charlois Zuidrand,5855,689,923,770,970,688,837
Z23,Hillesluis,Z12,Cool,4166,499,686,546,693,497,603
Z23,Hillesluis,Z13,Cs Kwartier,5994,715,1105,812,1259,712,899
Z23,Hillesluis,Z14,De Esch,7494,631,994,713,1072,629,794
Z23,Hillesluis,Z15,Delfshaven,5548,627,897,702,946,625,781
Z23,Hillesluis,Z16,Dijkzigt,5066,566,806,634,841,565,696
Z23,Hillesluis,Z17,Feijenoord,2457,335,465,378,457,333,417
Z23,Hillesluis,Z18,Groot IJsselmonde,4616,516,733,588,769,513,652
Z23,Hillesluis,Z19,Heijplaat,8982,948,1392,1089,1459,945,1213
Z23,Hillesluis,Z20,Het Lage Land,10949,788,1278,882,1378,786,985
Z23,Hillesluis,Z21,Hillegersberg Noord,9403,1024,1369,1144,1430,1022,1258
Z23,Hillesluis,Z22,Hillegersberg Zuid,7774,864,1220,985,1274,863,1100
Z23,Hillesluis,Z23,Hillesluis,0,68,68,68,68,68,68
Z23,Hillesluis,Z24,Hoogvliet Noord,14817,1039,1588,1138,1707,1037,1252
Z23,Hillesluis,Z25,Hoogvliet Zuid,15262,1184,1832,1336,1959,1182,1483
Z23,Hillesluis,Z26,Katendrecht,2533,387,437,404,447,385,421
Z23,Hillesluis,Z27,Kleinpolder,8530,912,1312,1035,1384,912,1158
Z23,Hillesluis,Z28,Kop van Zuid,2589,327,453,362,471,327,405
Z23,Hillesluis,Z29,Kop van Zuid - Entrepot,2240,298,430,343,421,297,383
Z23,Hillesluis,Z30,Kralingen Oost,8166,672,1041,769,1124,669,852
Z23,Hillesluis,Z31,Kralingen West,6088,682,978,790,1017,678,859
Z23,Hillesluis,Z32,Kralingse Bos,8404,918,1333,1022,1451,915,1122
Z23,Hillesluis,Z33,Kralingseveer,7600,629,1010,713,1094,627,795
Z23,Hillesluis,Z34,Liskwartier,6679,790,1065,881,1113,789,962
Z23,Hillesluis,Z35,Lombardijen,2923,353,480,398,501,352,438
Z23,Hillesluis,Z36,Middelland,5693,636,867,719,907,634,778
Z23,Hillesluis,Z37,Molenlaankwartier,13204,985,1573,1109,1686,984,1240
Z23,Hillesluis,Z38,Nesselande,17127,1243,1967,1395,2118,1241,1556
Z23,Hillesluis,Z39,Nieuw Crooswijk,7485,855,1244,971,1300,852,1087
Z23,Hillesluis,Z40,Nieuwe Werk,4477,560,748,627,780,558,681
Z23,Hillesluis,Z41,Nieuwe Westen,6393,754,1110,839,1182,752,912
Z23,Hillesluis,Z42,Noord Kethel,15377,1410,2036,1568,2149,1409,1725
Z23,Hillesluis,Z43,Noordereiland,3516,418,615,483,617,416,542
Z23,Hillesluis,Z44,Ommoord,12944,976,1576,1095,1700,974,1219
Z23,Hillesluis,Z45,Oosterflank,13737,948,1530,1052,1661,946,1173
Z23,Hillesluis,Z46,Oud Charlois,3456,402,558,453,583,401,499
Z23,Hillesluis,Z47,Oud Crooswijk,6347,723,994,821,1009,719,908
Z23,Hillesluis,Z48,Oud IJsselmonde,3279,342,520,394,560,340,439
Z23,Hillesluis,Z49,Oud Mathenesse,8446,910,1304,1033,1373,908,1145
Z23,Hillesluis,Z50,Oude Noorden,6682,732,1033,845,1051,728,926
Z23,Hillesluis,Z51,Oude Westen,5437,636,876,711,916,634,789
Z23,Hillesluis,Z52,Overschie,9811,1093,1534,1239,1614,1092,1370
Z23,Hillesluis,Z53,Pendrecht,4724,538,740,611,772,536,671
Z23,Hillesluis,Z54,Prinsenland,8915,814,1203,903,1278,813,986
Z23,Hillesluis,Z55,Provenierswijk,5956,744,981,822,1020,742,897
Z23,Hillesluis,Z56,Rubroek,5527,634,875,736,911,631,790
Z23,Hillesluis,Z57,Schiebroek,10780,1099,1608,1231,1925,1095,1369
Z23,Hillesluis,Z58,Schiemond,6100,711,995,787,1044,709,868
Z23,Hillesluis,Z59,Schieveen,13105,1186,1746,1299,1851,1184,1448
Z23,Hillesluis,Z60,Spangen,7630,880,1270,978,1425,877,1082
Z23,Hillesluis,Z61,Stadsdriehoek,4314,509,687,564,721,508,616
Z23,Hillesluis,Z62,Struisenburg,5149,595,848,669,898,594,736
Z23,Hillesluis,Z63,Tarwewijk,2408,328,406,352,420,326,376
Z23,Hillesluis,Z64,Terbregge,11669,851,1375,952,1486,849,1067
Z23,Hillesluis,Z65,Tussendijken,7030,823,1115,915,1175,821,999
Z23,Hillesluis,Z66,Vreewijk,1456,239,317,272,329,238,295
Z23,Hillesluis,Z67,Wielewaal,5243,634,845,697,883,633,758
Z23,Hillesluis,Z68,Zestienhoven,9859,1055,1474,1192,1548,1053,1314
Z23,Hillesluis,Z69,Zevenkamp,14154,966,1584,1081,1709,964,1208
Z23,Hillesluis,Z70,Zuiderpark,3064,391,529,443,551,391,486
Z23,Hillesluis,Z71,Zuidplein,2392,327,444,356,472,326,392
Z23,Hillesluis,Z72,Zuidwijk,3256,418,580,479,607,417,530
Z24,Hoogvliet Noord,Z00,'s-Gravenland,24646,1410,2312,1512,2507,1407,1666
Z24,Hoogvliet Noord,Z01,Afrikaanderwijk,12685,1058,1594,1194,1697,1056,1333
Z24,Hoogvliet Noord,Z02,Agniesebuurt,18104,1110,1816,1201,1964,1107,1326
Z24,Hoogvliet Noord,Z03,Bedrijvenpark Noord-West,14543,924,1479,1025,1591,921,1139
Z24,Hoogvliet Noord,Z04,Bergpolder,16730,955,1586,1020,1719,954,1124
Z24,Hoogvliet Noord,Z05,Beverwaard,18553,1042,1719,1109,1874,1040,1224
Z24,Hoogvliet Noord,Z06,Blijdorp,16094,961,1594,1050,1730,958,1166
Z24,Hoogvliet Noord,Z07,Blijdorpsepolder,15436,960,1529,1035,1653,958,1136
Z24,Hoogvliet Noord,Z08,Bloemhof,13296,1036,1620,1156,1738,1033,1280
Z24,Hoogvliet Noord,Z09,Bospolder,15379,989,1552,1070,1670,987,1185
Z24,Hoogvliet Noord,Z10,Carnisse,10480,852,1268,970,1345,850,1077
Z24,Hoogvliet Noord,Z11,Charlois Zuidrand,8364,653,953,733,1002,651,809
Z24,Hoogvliet Noord,Z12,Cool,14063,1159,1841,1310,1972,1157,1468
Z24,Hoogvliet Noord,Z13,Cs Kwartier,17244,1088,1784,1195,1935,1086,1325
Z24,Hoogvliet Noord,Z14,De Esch,23133,1251,2114,1338,2302,1249,1486
Z24,Hoogvliet Noord,Z15,Delfshaven,16523,1086,1687,1194,1810,1084,1321
Z24,Hoogvliet Noord,Z16,Dijkzigt,13332,1067,1708,1218,1835,1065,1359
Z24,Hoogvliet Noord,Z17,Feijenoord,17702,1242,1962,1368,2104,1240,1515
Z24,Hoogvliet Noord,Z18,Groot IJsselmonde,17312,1059,1712,1162,1844,1056,1289
Z24,Hoogvliet Noord,Z19,Heijplaat,9101,730,1089,807,1161,725,886
Z24,Hoogvliet Noord,Z20,Het Lage Land,25800,1359,2305,1455,2519,1356,1613
Z24,Hoogvliet Noord,Z21,Hillegersberg Noord,20362,1252,2021,1358,2182,1251,1497
Z24,Hoogvliet Noord,Z22,Hillegersberg Zuid,17872,1048,1740,1132,1884,1046,1253
Z24,Hoogvliet Noord,Z23,Hillesluis,16369,1076,1693,1191,1818,1074,1308
Z24,Hoogvliet Noord,Z24,Hoogvliet Noord,0,160,160,160,160,160,160
Z24,Hoogvliet Noord,Z25,Hoogvliet Zuid,3116,391,505,409,530,387,455
Z24,Hoogvliet Noord,Z26,Katendrecht,13544,1152,1740,1319,1843,1149,1468
Z24,Hoogvliet Noord,Z27,Kleinpolder,15301,872,1435,945,1556,871,1041
Z24,Hoogvliet Noord,Z28,Kop van Zuid,13589,1116,1739,1286,1848,1113,1439
Z24,Hoogvliet Noord,Z29,Kop van Zuid - Entrepot,13856,1170,1761,1319,1877,1167,1476
Z24,Hoogvliet Noord,Z30,Kralingen Oost,23643,1302,2178,1390,2358,1301,1538
Z24,Hoogvliet Noord,Z31,Kralingen West,20762,1273,2106,1380,2274,1270,1530
Z24,Hoogvliet Noord,Z32,Kralingse Bos,21443,1410,2214,1525,2384,1409,1672
Z24,Hoogvliet Noord,Z33,Kralingseveer,23203,1230,2122,1319,2320,1228,1463
Z24,Hoogvliet Noord,Z34,Liskwartier,17562,1038,1720,1130,1865,1036,1255
Z24,Hoogvliet Noord,Z35,Lombardijen,13836,809,1322,866,1431,808,953
Z24,Hoogvliet Noord,Z36,Middelland,14065,1105,1764,1244,1879,1102,1390
Z24,Hoogvliet Noord,Z37,Molenlaankwartier,21506,1360,2163,1479,2333,1359,1630
Z24,Hoogvliet Noord,Z38,Nesselande,28356,1720,2846,1875,3083,1717,2084
Z24,Hoogvliet Noord,Z39,Nieuw Crooswijk,19208,1132,1857,1217,2013,1130,1342
Z24,Hoogvliet Noord,Z40,Nieuwe Werk,13972,1172,1850,1339,1979,1169,1497
Z24,Hoogvliet Noord,Z41,Nieuwe Westen,15841,1028,1635,1131,1754,1025,1251
Z24,Hoogvliet Noord,Z42,Noord Kethel,14001,996,1507,1102,1608,994,1213
Z24,Hoogvliet Noord,Z43,Noordereiland,14708,1243,1884,1440,2012,1239,1615
Z24,Hoogvliet Noord,Z44,Ommoord,26142,1497,2507,1622,2724,1494,1800
Z24,Hoogvliet Noord,Z45,Oosterflank,25094,1434,2409,1550,2621,1433,1720
Z24,Hoogvliet Noord,Z46,Oud Charlois,10633,838,1274,971,1362,835,1086
Z24,Hoogvliet Noord,Z47,Oud Crooswijk,19765,1162,1952,1266,2120,1160,1409
Z24,Hoogvliet Noord,Z48,Oud IJsselmonde,20577,1112,1872,1186,2040,1110,1311
Z24,Hoogvliet Noord,Z49,Oud Mathenesse,13865,807,1314,883,1420,805,978
Z24,Hoogvliet Noord,Z50,Oude Noorden,18308,1131,1843,1238,1989,1128,1372
Z24,Hoogvliet Noord,Z51,Oude Westen,13895,1150,1807,1269,1944,1148,1398
Z24,Hoogvliet Noord,Z52,Overschie,14992,1022,1588,1121,1703,1019,1234
Z24,Hoogvliet Noord,Z53,Pendrecht,9060,707,1049,777,1113,704,868
Z24,Hoogvliet Noord,Z54,Prinsenland,25016,1415,2317,1514,2508,1414,1669
Z24,Hoogvliet Noord,Z55,Provenierswijk,17684,1056,1731,1146,1874,1054,1269
Z24,Hoogvliet Noord,Z56,Rubroek,18993,1252,2020,1385,2190,1250,1536
Z24,Hoogvliet Noord,Z57,Schiebroek,20391,1271,2065,1386,2229,1269,1537
Z24,Hoogvliet Noord,Z58,Schiemond,16165,1029,1653,1140,1771,1027,1266
Z24,Hoogvliet Noord,Z59,Schieveen,19894,1206,1921,1297,2074,1204,1423
Z24,Hoogvliet Noord,Z60,Spangen,14761,922,1438,1000,1546,920,1098
Z24,Hoogvliet Noord,Z61,Stadsdriehoek,14750,1213,1950,1391,2095,1211,1558
Z24,Hoogvliet Noord,Z62,Struisenburg,16194,1296,2117,1447,2300,1294,1605
Z24,Hoogvliet Noord,Z63,Tarwewijk,11206,907,1391,1045,1502,904,1168
Z24,Hoogvliet Noord,Z64,Terbregge,22619,1383,2294,1489,2496,1382,1658
Z24,Hoogvliet Noord,Z65,Tussendijken,14996,939,1494,1031,1608,937,1141
Z24,Hoogvliet Noord,Z66,Vreewijk,14552,869,1424,943,1545,866,1040
Z24,Hoogvliet Noord,Z67,Wielewaal,10616,892,1326,1012,1405,889,1122
Z24,Hoogvliet Noord,Z68,Zestienhoven,19148,1155,1894,1250,2052,1153,1382
Z24,Hoogvliet Noord,Z69,Zevenkamp,25466,1449,2448,1565,2662,1447,1742
Z24,Hoogvliet Noord,Z70,Zuiderpark,10419,826,1236,949,1308,824,1058
Z24,Hoogvliet Noord,Z71,Zuidplein,12226,960,1529,1069,1667,959,1191
Z24,Hoogvliet Noord,Z72,Zuidwijk,10441,808,1211,919,1296,806,1030
Z25,Hoogvliet Zuid,Z00,'s-Gravenland,25281,1554,2505,1700,2713,1549,1879
Z25,Hoogvliet Zuid,Z01,Afrikaanderwijk,12759,1133,1738,1304,1860,1131,1456
Z25,Hoogvliet Zuid,Z02,Agniesebuurt,20638,1355,2189,1483,2358,1352,1644
Z25,Hoogvliet Zuid,Z03,Bedrijvenpark Noord-West,17038,1170,1877,1307,2014,1166,1457
Z25,Hoogvliet Zuid,Z04,Bergpolder,19138,1170,1947,1278,2108,1167,1422
Z25,Hoogvliet Zuid,Z05,Beverwaard,18797,1183,1938,1308,2098,1181,1457
Z25,Hoogvliet Zuid,Z06,Blijdorp,18682,1205,1981,1332,2141,1202,1482
Z25,Hoogvliet Zuid,Z07,Blijdorpsepolder,17825,1182,1882,1288,2026,1180,1420
Z25,Hoogvliet Zuid,Z08,Bloemhof,12679,1139,1754,1315,1879,1137,1470
Z25,Hoogvliet Zuid,Z09,Bospolder,17834,1218,1936,1352,2072,1215,1503
Z25,Hoogvliet Zuid,Z10,Carnisse,10472,928,1406,1060,1506,926,1178
Z25,Hoogvliet Zuid,Z11,Charlois Zuidrand,8356,734,1075,829,1155,731,913
Z25,Hoogvliet Zuid,Z12,Cool,14056,1232,1958,1408,2118,1230,1573
Z25,Hoogvliet Zuid,Z13,Cs Kwartier,14692,1288,2055,1474,2219,1286,1647
Z25,Hoogvliet Zuid,Z14,De Esch,23435,1401,2332,1543,2531,1398,1719
Z25,Hoogvliet Zuid,Z15,Delfshaven,13673,1207,1926,1383,2081,1204,1549
Z25,Hoogvliet Zuid,Z16,Dijkzigt,13385,1163,1855,1328,2004,1161,1483
Z25,Hoogvliet Zuid,Z17,Feijenoord,14721,1328,2030,1528,2167,1324,1708
Z25,Hoogvliet Zuid,Z18,Groot IJsselmonde,17507,1215,1905,1364,2051,1211,1511
Z25,Hoogvliet Zuid,Z19,Heijplaat,11618,945,1413,1057,1501,942,1168
Z25,Hoogvliet Zuid,Z20,Het Lage Land,26103,1502,2510,1644,2735,1499,1828
Z25,Hoogvliet Zuid,Z21,Hillegersberg Noord,22697,1479,2382,1617,2564,1477,1793
Z25,Hoogvliet Zuid,Z22,Hillegersberg Zuid,20268,1275,2100,1401,2268,1272,1560
Z25,Hoogvliet Zuid,Z23,Hillesluis,13296,1174,1815,1358,1943,1171,1520
Z25,Hoogvliet Zuid,Z24,Hoogvliet Noord,3090,383,507,422,510,379,455
Z25,Hoogvliet Zuid,Z25,Hoogvliet Zuid,0,168,168,168,168,168,168
Z25,Hoogvliet Zuid,Z26,Katendrecht,13536,1247,1884,1429,2012,1245,1591
Z25,Hoogvliet Zuid,Z27,Kleinpolder,17657,1100,1803,1204,1947,1098,1337
Z25,Hoogvliet Zuid,Z28,Kop van Zuid,13582,1187,1853,1374,1993,1185,1541
Z25,Hoogvliet Zuid,Z29,Kop van Zuid - Entrepot,13538,1242,1913,1438,2047,1240,1610
Z25,Hoogvliet Zuid,Z30,Kralingen Oost,24114,1458,2389,1597,2591,1456,1772
Z25,Hoogvliet Zuid,Z31,Kralingen West,22325,1486,2376,1650,2567,1482,1833
Z25,Hoogvliet Zuid,Z32,Kralingse Bos,24031,1636,2612,1786,2808,1631,1971
Z25,Hoogvliet Zuid,Z33,Kralingseveer,23506,1385,2312,1517,2513,1383,1687
Z25,Hoogvliet Zuid,Z34,Liskwartier,19948,1284,2112,1412,2278,1281,1573
Z25,Hoogvliet Zuid,Z35,Lombardijen,14171,965,1531,1073,1649,963,1188
Z25,Hoogvliet Zuid,Z36,Middelland,13747,1204,1916,1370,2068,1200,1539
Z25,Hoogvliet Zuid,Z37,Molenlaankwartier,23933,1583,2540,1738,2736,1581,1926
Z25,Hoogvliet Zuid,Z38,Nesselande,30713,1942,3179,2146,3435,1939,2390
Z25,Hoogvliet Zuid,Z39,Nieuw Crooswijk,21488,1348,2233,1473,2416,1345,1637
Z25,Hoogvliet Zuid,Z40,Nieuwe Werk,13978,1267,1994,1450,2148,1265,1620
Z25,Hoogvliet Zuid,Z41,Nieuwe Westen,18338,1274,2034,1413,2179,1270,1569
Z25,Hoogvliet Zuid,Z42,Noord Kethel,16426,1242,1899,1381,2024,1239,1528
Z25,Hoogvliet Zuid,Z43,Noordereiland,14701,1324,2041,1533,2182,1321,1717
Z25,Hoogvliet Zuid,Z44,Ommoord,28095,1696,2815,1870,3043,1694,2081
Z25,Hoogvliet Zuid,Z45,Oosterflank,27544,1669,2769,1828,3026,1665,2037
Z25,Hoogvliet Zuid,Z46,Oud Charlois,10626,924,1428,1063,1534,921,1187
Z25,Hoogvliet Zuid,Z47,Oud Crooswijk,22352,1408,2351,1548,2545,1405,1727
Z25,Hoogvliet Zuid,Z48,Oud IJsselmonde,20880,1261,2075,1389,2250,1258,1544
Z25,Hoogvliet Zuid,Z49,Oud Mathenesse,16449,1053,1707,1164,1837,1050,1294
Z25,Hoogvliet Zuid,Z50,Oude Noorden,20880,1377,2242,1520,2413,1372,1690
Z25,Hoogvliet Zuid,Z51,Oude Westen,13788,1225,1914,1389,2079,1223,1543
Z25,Hoogvliet Zuid,Z52,Overschie,17404,1244,1932,1380,2069,1241,1530
Z25,Hoogvliet Zuid,Z53,Pendrecht,9096,768,1192,884,1281,764,992
Z25,Hoogvliet Zuid,Z54,Prinsenland,24708,1558,2531,1702,2739,1556,1884
Z25,Hoogvliet Zuid,Z55,Provenierswijk,20168,1302,2130,1428,2298,1299,1587
Z25,Hoogvliet Zuid,Z56,Rubroek,16313,1438,2268,1650,2436,1436,1845
Z25,Hoogvliet Zuid,Z57,Schiebroek,22294,1464,2363,1612,2549,1460,1791
Z25,Hoogvliet Zuid,Z58,Schiemond,18069,1270,2010,1414,2164,1267,1574
Z25,Hoogvliet Zuid,Z59,Schieveen,22481,1416,2297,1551,2477,1413,1719
Z25,Hoogvliet Zuid,Z60,Spangen,17143,1135,1802,1249,1935,1133,1384
Z25,Hoogvliet Zuid,Z61,Stadsdriehoek,14804,1309,2093,1501,2264,1306,1681
Z25,Hoogvliet Zuid,Z62,Struisenburg,15686,1394,2250,1606,2431,1392,1802
Z25,Hoogvliet Zuid,Z63,Tarwewijk,11279,992,1554,1149,1672,990,1288
Z25,Hoogvliet Zuid,Z64,Terbregge,26915,1549,2577,1701,2808,1547,1893
Z25,Hoogvliet Zuid,Z65,Tussendijken,17583,1185,1893,1312,2032,1182,1459
Z25,Hoogvliet Zuid,Z66,Vreewijk,14855,1012,1617,1131,1751,1009,1254
Z25,Hoogvliet Zuid,Z67,Wielewaal,10655,988,1473,1123,1574,985,1245
Z25,Hoogvliet Zuid,Z68,Zestienhoven,21436,1378,2239,1511,2428,1375,1678
Z25,Hoogvliet Zuid,Z69,Zevenkamp,27961,1685,2830,1856,3072,1682,2068
Z25,Hoogvliet Zuid,Z70,Zuiderpark,10351,899,1382,1037,1478,897,1158
Z25,Hoogvliet Zuid,Z71,Zuidplein,11717,1047,1624,1205,1748,1044,1347
Z25,Hoogvliet Zuid,Z72,Zuidwijk,10522,890,1370,1030,1465,887,1153
Z26,Katendrecht,Z00,'s-Gravenland,9054,988,1374,1101,1459,985,1214
Z26,Katendrecht,Z01,Afrikaanderwijk,1901,292,326,304,334,291,316
Z26,Katendrecht,Z02,Agniesebuurt,5139,643,898,733,940,641,811
Z26,Katendrecht,Z03,Bedrijvenpark Noord-West,11753,1119,1693,1264,1798,1117,1412
Z26,Katendrecht,Z04,Bergpolder,6351,737,1040,843,1088,736,935
Z26,Katendrecht,Z05,Beverwaard,8026,871,1245,999,1302,869,1110
Z26,Katendrecht,Z06,Blijdorp,6287,726,1024,830,1071,726,922
Z26,Katendrecht,Z07,Blijdorpsepolder,8396,974,1351,1101,1422,971,1212
Z26,Katendrecht,Z08,Bloemhof,2486,364,441,389,457,362,412
Z26,Katendrecht,Z09,Bospolder,6519,755,1100,853,1158,752,940
Z26,Katendrecht,Z10,Carnisse,3967,502,638,545,662,500,584
Z26,Katendrecht,Z11,Charlois Zuidrand,6936,789,1105,883,1168,788,967
Z26,Katendrecht,Z12,Cool,3968,477,661,537,681,475,595
Z26,Katendrecht,Z13,Cs Kwartier,5795,699,1038,810,1102,696,899
Z26,Katendrecht,Z14,De Esch,7388,787,1174,906,1251,786,1009
Z26,Katendrecht,Z15,Delfshaven,5325,605,879,693,931,604,771
Z26,Katendrecht,Z16,Dijkzigt,4778,545,779,624,817,543,694
Z26,Katendrecht,Z17,Feijenoord,2841,431,551,477,574,429,516
Z26,Katendrecht,Z18,Groot IJsselmonde,6448,735,1012,832,1056,734,918
Z26,Katendrecht,Z19,Heijplaat,9644,1041,1467,1179,1536,1037,1302
Z26,Katendrecht,Z20,Het Lage Land,12824,1053,1622,1180,1736,1052,1312
Z26,Katendrecht,Z21,Hillegersberg Noord,9053,990,1371,1125,1432,989,1244
Z26,Katendrecht,Z22,Hillegersberg Zuid,7577,842,1192,966,1248,841,1073
Z26,Katendrecht,Z23,Hillesluis,2818,391,470,418,484,390,444
Z26,Katendrecht,Z24,Hoogvliet Noord,13510,1129,1693,1260,1811,1126,1389
Z26,Katendrecht,Z25,Hoogvliet Zuid,13767,1284,1921,1465,2052,1282,1628
Z26,Katendrecht,Z26,Katendrecht,0,78,78,78,78,78,78
Z26,Katendrecht,Z27,Kleinpolder,8114,909,1315,1044,1386,908,1161
Z26,Katendrecht,Z28,Kop van Zuid,2307,326,449,368,471,324,406
Z26,Katendrecht,Z29,Kop van Zuid - Entrepot,2364,347,462,386,483,345,422
Z26,Katendrecht,Z30,Kralingen Oost,6756,749,1078,857,1141,747,950
Z26,Katendrecht,Z31,Kralingen West,6030,685,984,785,1023,681,886
Z26,Katendrecht,Z32,Kralingse Bos,8060,1019,1371,1124,1442,1016,1225
Z26,Katendrecht,Z33,Kralingseveer,9603,904,1375,1020,1468,902,1133
Z26,Katendrecht,Z34,Liskwartier,6326,772,1069,877,1119,770,968
Z26,Katendrecht,Z35,Lombardijen,5499,640,797,701,833,638,756
Z26,Katendrecht,Z36,Middelland,5496,614,888,699,946,612,759
Z26,Katendrecht,Z37,Molenlaankwartier,9681,1080,1480,1230,1548,1080,1356
Z26,Katendrecht,Z38,Nesselande,18918,1508,2330,1697,2490,1504,1892
Z26,Katendrecht,Z39,Nieuw Crooswijk,7186,855,1160,969,1207,852,1065
Z26,Katendrecht,Z40,Nieuwe Werk,4212,538,743,608,780,536,670
Z26,Katendrecht,Z41,Nieuwe Westen,6176,749,1051,852,1106,746,929
Z26,Katendrecht,Z42,Noord Kethel,15029,1388,2033,1558,2149,1387,1723
Z26,Katendrecht,Z43,Noordereiland,3511,457,628,517,659,455,569
Z26,Katendrecht,Z44,Ommoord,11725,1213,1860,1394,1974,1211,1561
Z26,Katendrecht,Z45,Oosterflank,15535,1214,1876,1351,2022,1212,1503
Z26,Katendrecht,Z46,Oud Charlois,3914,473,633,526,660,472,573
Z26,Katendrecht,Z47,Oud Crooswijk,6140,703,997,812,1015,701,907
Z26,Katendrecht,Z48,Oud IJsselmonde,5188,617,877,705,924,616,780
Z26,Katendrecht,Z49,Oud Mathenesse,8188,888,1304,1023,1374,886,1143
Z26,Katendrecht,Z50,Oude Noorden,6274,741,1033,844,1057,737,937
Z26,Katendrecht,Z51,Oude Westen,5157,630,879,715,919,629,791
Z26,Katendrecht,Z52,Overschie,9614,1075,1556,1233,1653,1074,1371
Z26,Katendrecht,Z53,Pendrecht,5812,658,917,741,962,656,817
Z26,Katendrecht,Z54,Prinsenland,10948,1041,1538,1161,1634,1040,1284
Z26,Katendrecht,Z55,Provenierswijk,5779,722,976,812,1019,721,890
Z26,Katendrecht,Z56,Rubroek,5307,642,884,731,923,640,810
Z26,Katendrecht,Z57,Schiebroek,10182,1076,1546,1234,1629,1072,1374
Z26,Katendrecht,Z58,Schiemond,5903,689,983,777,1040,688,857
Z26,Katendrecht,Z59,Schieveen,12530,1164,1708,1318,1800,1163,1452
Z26,Katendrecht,Z60,Spangen,7358,858,1202,973,1268,856,1073
Z26,Katendrecht,Z61,Stadsdriehoek,4140,488,690,555,724,487,614
Z26,Katendrecht,Z62,Struisenburg,4975,573,851,660,905,573,735
Z26,Katendrecht,Z63,Tarwewijk,2866,398,481,424,502,396,449
Z26,Katendrecht,Z64,Terbregge,10046,1066,1645,1224,1749,1062,1371
Z26,Katendrecht,Z65,Tussendijken,6821,802,1118,906,1178,799,998
Z26,Katendrecht,Z66,Vreewijk,4106,499,670,553,701,498,602
Z26,Katendrecht,Z67,Wielewaal,5702,704,920,770,960,703,832
Z26,Katendrecht,Z68,Zestienhoven,9662,1033,1476,1183,1551,1032,1312
Z26,Katendrecht,Z69,Zevenkamp,16150,1237,1946,1386,2088,1234,1544
Z26,Katendrecht,Z70,Zuiderpark,4773,530,747,585,788,527,640
Z26,Katendrecht,Z71,Zuidplein,3544,470,578,511,599,468,549
Z26,Katendrecht,Z72,Zuidwijk,5291,605,861,677,909,603,744
Z27,Kleinpolder,Z00,'s-Gravenland,12327,852,1369,922,1480,849,1016
Z27,Kleinpolder,Z01,Afrikaanderwijk,7752,809,1213,934,1288,807,1044
Z27,Kleinpolder,Z02,Agniesebuurt,3771,407,600,460,638,406,513
Z27,Kleinpolder,Z03,Bedrijvenpark Noord-West,3333,364,519,407,544,361,449
Z27,Kleinpolder,Z04,Bergpolder,3054,273,432,316,458,273,354
Z27,Kleinpolder,Z05,Beverwaard,17732,1129,1868,1232,2026,1127,1369
Z27,Kleinpolder,Z06,Blijdorp,2334,245,372,280,400,244,314
Z27,Kleinpolder,Z07,Blijdorpsepolder,1481,243,313,265,328,241,284
Z27,Kleinpolder,Z08,Bloemhof,8861,885,1393,1005,1499,884,1119
Z27,Kleinpolder,Z09,Bospolder,4200,453,619,512,650,450,563
Z27,Kleinpolder,Z10,Carnisse,7545,757,1201,851,1297,755,945
Z27,Kleinpolder,Z11,Charlois Zuidrand,10180,1026,1594,1157,1720,1024,1287
Z27,Kleinpolder,Z12,Cool,4962,531,829,616,899,529,690
Z27,Kleinpolder,Z13,Cs Kwartier,3488,360,564,416,609,358,467
Z27,Kleinpolder,Z14,De Esch,12872,781,1326,849,1446,778,945
Z27,Kleinpolder,Z15,Delfshaven,4385,439,589,494,617,438,540
Z27,Kleinpolder,Z16,Dijkzigt,4747,468,726,540,783,466,603
Z27,Kleinpolder,Z17,Feijenoord,8229,878,1331,1010,1410,873,1129
Z27,Kleinpolder,Z18,Groot IJsselmonde,16766,1062,1770,1154,1926,1059,1283
Z27,Kleinpolder,Z19,Heijplaat,17827,1192,1860,1296,1996,1188,1422
Z27,Kleinpolder,Z20,Het Lage Land,9821,805,1319,902,1422,803,1012
Z27,Kleinpolder,Z21,Hillegersberg Noord,6961,586,886,662,930,584,730
Z27,Kleinpolder,Z22,Hillegersberg Zuid,4279,385,599,436,633,382,489
Z27,Kleinpolder,Z23,Hillesluis,8524,887,1338,1029,1419,885,1154
Z27,Kleinpolder,Z24,Hoogvliet Noord,13648,922,1411,994,1515,919,1085
Z27,Kleinpolder,Z25,Hoogvliet Zuid,17043,1206,1866,1329,1993,1203,1466
Z27,Kleinpolder,Z26,Katendrecht,8121,883,1304,1018,1381,881,1136
Z27,Kleinpolder,Z27,Kleinpolder,0,82,82,82,82,82,82
Z27,Kleinpolder,Z28,Kop van Zuid,6485,681,1036,788,1105,680,884
Z27,Kleinpolder,Z29,Kop van Zuid - Entrepot,7667,797,1213,923,1291,794,1037
Z27,Kleinpolder,Z30,Kralingen Oost,8446,725,1113,811,1191,723,901
Z27,Kleinpolder,Z31,Kralingen West,7148,620,973,690,1045,616,767
Z27,Kleinpolder,Z32,Kralingse Bos,8042,755,1097,827,1168,753,902
Z27,Kleinpolder,Z33,Kralingseveer,13610,846,1454,921,1587,844,1024
Z27,Kleinpolder,Z34,Liskwartier,3932,374,562,420,592,373,462
Z27,Kleinpolder,Z35,Lombardijen,10804,1043,1611,1174,1734,1042,1305
Z27,Kleinpolder,Z36,Middelland,4058,420,601,480,643,418,531
Z27,Kleinpolder,Z37,Molenlaankwartier,7983,692,1044,762,1116,690,846
Z27,Kleinpolder,Z38,Nesselande,14954,1068,1723,1188,1857,1066,1329
Z27,Kleinpolder,Z39,Nieuw Crooswijk,5594,447,725,494,785,445,549
Z27,Kleinpolder,Z40,Nieuwe Werk,6177,641,980,737,1050,641,821
Z27,Kleinpolder,Z41,Nieuwe Westen,3267,374,507,419,531,371,460
Z27,Kleinpolder,Z42,Noord Kethel,6342,673,902,753,941,671,822
Z27,Kleinpolder,Z43,Noordereiland,7141,723,1124,842,1200,719,948
Z27,Kleinpolder,Z44,Ommoord,12728,841,1390,925,1507,838,1032
Z27,Kleinpolder,Z45,Oosterflank,11693,779,1292,852,1401,777,950
Z27,Kleinpolder,Z46,Oud Charlois,7153,708,1140,803,1236,707,894
Z27,Kleinpolder,Z47,Oud Crooswijk,5088,497,734,568,780,495,636
Z27,Kleinpolder,Z48,Oud IJsselmonde,15019,867,1494,934,1635,864,1038
Z27,Kleinpolder,Z49,Oud Mathenesse,3957,405,559,464,589,403,515
Z27,Kleinpolder,Z50,Oude Noorden,4093,433,640,496,682,431,552
Z27,Kleinpolder,Z51,Oude Westen,4170,446,666,507,716,444,562
Z27,Kleinpolder,Z52,Overschie,1934,277,381,317,393,275,351
Z27,Kleinpolder,Z53,Pendrecht,9252,900,1458,1028,1582,897,1150
Z27,Kleinpolder,Z54,Prinsenland,12339,894,1425,974,1535,892,1072
Z27,Kleinpolder,Z55,Provenierswijk,3347,354,526,405,561,353,450
Z27,Kleinpolder,Z56,Rubroek,5236,536,801,615,855,534,684
Z27,Kleinpolder,Z57,Schiebroek,6931,620,943,702,1012,617,784
Z27,Kleinpolder,Z58,Schiemond,4826,550,724,615,759,548,670
Z27,Kleinpolder,Z59,Schieveen,6138,460,688,501,736,459,549
Z27,Kleinpolder,Z60,Spangen,3664,429,573,480,598,428,524
Z27,Kleinpolder,Z61,Stadsdriehoek,5852,628,940,720,1003,625,804
Z27,Kleinpolder,Z62,Struisenburg,6660,675,1042,788,1110,673,885
Z27,Kleinpolder,Z63,Tarwewijk,7404,732,1184,832,1283,730,925
Z27,Kleinpolder,Z64,Terbregge,13383,747,1256,815,1372,746,907
Z27,Kleinpolder,Z65,Tussendijken,3639,435,585,487,612,434,534
Z27,Kleinpolder,Z66,Vreewijk,9492,925,1491,1052,1617,924,1176
Z27,Kleinpolder,Z67,Wielewaal,8940,935,1426,1044,1535,934,1152
Z27,Kleinpolder,Z68,Zestienhoven,3581,418,609,469,641,416,520
Z27,Kleinpolder,Z69,Zevenkamp,11972,784,1331,865,1446,781,971
Z27,Kleinpolder,Z70,Zuiderpark,9665,938,1510,1073,1632,937,1200
Z27,Kleinpolder,Z71,Zuidplein,7834,777,1257,879,1364,775,981
Z27,Kleinpolder,Z72,Zuidwijk,10331,995,1611,1135,1741,994,1275
Z28,Kop van Zuid,Z00,'s-Gravenland,7086,735,1074,833,1155,733,915
Z28,Kop van Zuid,Z01,Afrikaanderwijk,1465,176,252,202,263,174,225
Z28,Kop van Zuid,Z02,Agniesebuurt,3135,383,558,442,589,381,494
Z28,Kop van Zuid,Z03,Bedrijvenpark Noord-West,9750,859,1353,973,1446,857,1095
Z28,Kop van Zuid,Z04,Bergpolder,4347,478,701,552,736,476,618
Z28,Kop van Zuid,Z05,Beverwaard,7304,716,1084,834,1140,713,938
Z28,Kop van Zuid,Z06,Blijdorp,4284,466,685,539,720,465,604
Z28,Kop van Zuid,Z07,Blijdorpsepolder,6478,714,1012,810,1070,711,895
Z28,Kop van Zuid,Z08,Bloemhof,2033,261,359,289,376,259,321
Z28,Kop van Zuid,Z09,Bospolder,4708,525,760,600,806,522,669
Z28,Kop van Zuid,Z10,Carnisse,3574,395,559,444,589,394,490
Z28,Kop van Zuid,Z11,Charlois Zuidrand,6581,682,1022,783,1081,681,873
Z28,Kop van Zuid,Z12,Cool,2004,218,326,252,329,217,282
Z28,Kop van Zuid,Z13,Cs Kwartier,3791,439,699,518,750,436,582
Z28,Kop van Zuid,Z14,De Esch,5420,530,834,615,899,529,692
Z28,Kop van Zuid,Z15,Delfshaven,3432,359,540,412,579,357,461
Z28,Kop van Zuid,Z16,Dijkzigt,2921,292,449,336,481,291,377
Z28,Kop van Zuid,Z17,Feijenoord,2122,280,392,314,414,277,345
Z28,Kop van Zuid,Z18,Groot IJsselmonde,5850,611,859,703,899,609,772
Z28,Kop van Zuid,Z19,Heijplaat,9250,934,1394,1079,1464,931,1209
Z28,Kop van Zuid,Z20,Het Lage Land,8363,828,1324,955,1417,827,1077
Z28,Kop van Zuid,Z21,Hillegersberg Noord,7049,750,1032,852,1081,748,940
Z28,Kop van Zuid,Z22,Hillegersberg Zuid,5652,606,877,699,920,605,780
Z28,Kop van Zuid,Z23,Hillesluis,2261,265,389,295,409,264,341
Z28,Kop van Zuid,Z24,Hoogvliet Noord,13118,1032,1610,1163,1729,1030,1296
Z28,Kop van Zuid,Z25,Hoogvliet Zuid,13374,1177,1839,1365,1974,1175,1534
Z28,Kop van Zuid,Z26,Katendrecht,1890,248,344,282,359,247,313
Z28,Kop van Zuid,Z27,Kleinpolder,6329,646,975,750,1035,646,842
Z28,Kop van Zuid,Z28,Kop van Zuid,0,58,58,58,58,58,58
Z28,Kop van Zuid,Z29,Kop van Zuid - Entrepot,1444,182,275,216,289,179,246
Z28,Kop van Zuid,Z30,Kralingen Oost,4892,496,740,571,790,494,636
Z28,Kop van Zuid,Z31,Kralingen West,4026,446,665,516,672,444,575
Z28,Kop van Zuid,Z32,Kralingse Bos,6056,780,1063,869,1162,778,946
Z28,Kop van Zuid,Z33,Kralingseveer,7005,664,1075,769,1164,662,863
Z28,Kop van Zuid,Z34,Liskwartier,4414,512,730,586,767,510,650
Z28,Kop van Zuid,Z35,Lombardijen,4957,521,735,598,775,518,658
Z28,Kop van Zuid,Z36,Middelland,3568,380,553,438,587,377,477
Z28,Kop van Zuid,Z37,Molenlaankwartier,7712,825,1156,946,1213,823,1049
Z28,Kop van Zuid,Z38,Nesselande,16469,1292,2047,1466,2202,1290,1639
Z28,Kop van Zuid,Z39,Nieuw Crooswijk,5182,598,874,690,927,595,774
Z28,Kop van Zuid,Z40,Nieuwe Werk,2361,298,435,343,460,296,380
Z28,Kop van Zuid,Z41,Nieuwe Westen,4207,487,711,559,755,483,610
Z28,Kop van Zuid,Z42,Noord Kethel,13176,1128,1694,1267,1798,1127,1406
Z28,Kop van Zuid,Z43,Noordereiland,1540,198,296,228,315,195,255
Z28,Kop van Zuid,Z44,Ommoord,9722,974,1528,1119,1630,970,1256
Z28,Kop van Zuid,Z45,Oosterflank,13070,997,1608,1124,1737,995,1268
Z28,Kop van Zuid,Z46,Oud Charlois,3521,367,550,426,579,366,480
Z28,Kop van Zuid,Z47,Oud Crooswijk,4366,443,672,520,688,441,590
Z28,Kop van Zuid,Z48,Oud IJsselmonde,4573,467,711,540,751,466,609
Z28,Kop van Zuid,Z49,Oud Mathenesse,6185,628,965,732,1022,626,826
Z28,Kop van Zuid,Z50,Oude Noorden,4504,487,682,559,705,484,615
Z28,Kop van Zuid,Z51,Oude Westen,3236,370,540,424,568,369,474
Z28,Kop van Zuid,Z52,Overschie,7610,826,1221,942,1292,823,1054
Z28,Kop van Zuid,Z53,Pendrecht,5454,557,840,646,884,556,728
Z28,Kop van Zuid,Z54,Prinsenland,8320,862,1281,966,1370,861,1063
Z28,Kop van Zuid,Z55,Provenierswijk,3821,462,667,532,700,460,595
Z28,Kop van Zuid,Z56,Rubroek,3376,382,544,436,572,380,488
Z28,Kop van Zuid,Z57,Schiebroek,8478,854,1241,982,1310,852,1098
Z28,Kop van Zuid,Z58,Schiemond,3962,429,648,487,691,427,548
Z28,Kop van Zuid,Z59,Schieveen,10551,904,1375,1027,1465,903,1135
Z28,Kop van Zuid,Z60,Spangen,5413,608,866,689,919,605,762
Z28,Kop van Zuid,Z61,Stadsdriehoek,2150,228,350,264,372,227,297
Z28,Kop van Zuid,Z62,Struisenburg,2981,314,511,368,553,312,418
Z28,Kop van Zuid,Z63,Tarwewijk,2473,292,396,323,412,290,355
Z28,Kop van Zuid,Z64,Terbregge,8195,811,1298,936,1388,808,1058
Z28,Kop van Zuid,Z65,Tussendijken,4818,542,778,615,827,539,681
Z28,Kop van Zuid,Z66,Vreewijk,3713,393,586,453,620,392,508
Z28,Kop van Zuid,Z67,Wielewaal,5306,602,837,671,879,600,739
Z28,Kop van Zuid,Z68,Zestienhoven,7658,773,1137,892,1199,771,995
Z28,Kop van Zuid,Z69,Zevenkamp,13487,1008,1663,1145,1800,1005,1286
Z28,Kop van Zuid,Z70,Zuiderpark,4818,476,741,549,787,475,618
Z28,Kop van Zuid,Z71,Zuidplein,3138,337,501,388,530,335,437
Z28,Kop van Zuid,Z72,Zuidwijk,4970,498,778,577,828,497,650
Z29,Kop van Zuid - Entrepot,Z00,'s-Gravenland,7957,818,1145,931,1209,814,1023
Z29,Kop van Zuid - Entrepot,Z01,Afrikaanderwijk,881,134,179,149,188,132,163
Z29,Kop van Zuid - Entrepot,Z02,Agniesebuurt,4244,504,730,586,767,501,651
Z29,Kop van Zuid - Entrepot,Z03,Bedrijvenpark Noord-West,10858,978,1513,1105,1613,976,1241
Z29,Kop van Zuid - Entrepot,Z04,Bergpolder,5746,596,865,684,908,595,762
Z29,Kop van Zuid - Entrepot,Z05,Beverwaard,6588,641,956,743,1003,639,833
Z29,Kop van Zuid - Entrepot,Z06,Blijdorp,5392,592,856,682,898,591,761
Z29,Kop van Zuid - Entrepot,Z07,Blijdorpsepolder,7673,833,1172,942,1237,830,1040
Z29,Kop van Zuid - Entrepot,Z08,Bloemhof,2250,285,396,318,410,284,351
Z29,Kop van Zuid - Entrepot,Z09,Bospolder,5876,643,948,738,1002,642,824
Z29,Kop van Zuid - Entrepot,Z10,Carnisse,3686,447,619,508,648,446,557
Z29,Kop van Zuid - Entrepot,Z11,Charlois Zuidrand,6728,741,1077,840,1139,740,933
Z29,Kop van Zuid - Entrepot,Z12,Cool,3102,349,517,404,515,348,453
Z29,Kop van Zuid - Entrepot,Z13,Cs Kwartier,4900,558,862,654,919,555,731
Z29,Kop van Zuid - Entrepot,Z14,De Esch,6272,621,957,721,1021,619,811
Z29,Kop van Zuid - Entrepot,Z15,Delfshaven,4538,490,731,565,778,488,631
Z29,Kop van Zuid - Entrepot,Z16,Dijkzigt,4019,422,640,489,682,422,546
Z29,Kop van Zuid - Entrepot,Z17,Feijenoord,921,151,202,166,213,149,181
Z29,Kop van Zuid - Entrepot,Z18,Groot IJsselmonde,5029,533,744,606,779,530,668
Z29,Kop van Zuid - Entrepot,Z19,Heijplaat,9362,976,1431,1122,1502,972,1252
Z29,Kop van Zuid - Entrepot,Z20,Het Lage Land,11509,822,1333,924,1438,820,1036
Z29,Kop van Zuid - Entrepot,Z21,Hillegersberg Noord,8158,850,1189,955,1244,846,1056
Z29,Kop van Zuid - Entrepot,Z22,Hillegersberg Zuid,6918,708,1059,820,1118,705,936
Z29,Kop van Zuid - Entrepot,Z23,Hillesluis,1604,190,278,220,292,190,245
Z29,Kop van Zuid - Entrepot,Z24,Hoogvliet Noord,13618,1085,1674,1223,1796,1084,1362
Z29,Kop van Zuid - Entrepot,Z25,Hoogvliet Zuid,13486,1223,1903,1410,2038,1222,1577
Z29,Kop van Zuid - Entrepot,Z26,Katendrecht,2011,306,405,345,423,305,378
Z29,Kop van Zuid - Entrepot,Z27,Kleinpolder,7455,768,1147,884,1214,767,989
Z29,Kop van Zuid - Entrepot,Z28,Kop van Zuid,1497,196,288,229,305,195,255
Z29,Kop van Zuid - Entrepot,Z29,Kop van Zuid - Entrepot,0,59,59,59,59,59,59
Z29,Kop van Zuid - Entrepot,Z30,Kralingen Oost,5658,583,866,664,920,580,744
Z29,Kop van Zuid - Entrepot,Z31,Kralingen West,4571,532,734,590,767,529,650
Z29,Kop van Zuid - Entrepot,Z32,Kralingse Bos,6741,854,1141,927,1253,850,999
Z29,Kop van Zuid - Entrepot,Z33,Kralingseveer,8225,684,1087,773,1170,682,864
Z29,Kop van Zuid - Entrepot,Z34,Liskwartier,5587,620,890,715,934,616,794
Z29,Kop van Zuid - Entrepot,Z35,Lombardijen,4384,477,684,544,716,476,605
Z29,Kop van Zuid - Entrepot,Z36,Middelland,4751,498,722,576,762,496,631
Z29,Kop van Zuid - Entrepot,Z37,Molenlaankwartier,8812,921,1298,1042,1360,917,1156
Z29,Kop van Zuid - Entrepot,Z38,Nesselande,17696,1298,2056,1462,2203,1296,1635
Z29,Kop van Zuid - Entrepot,Z39,Nieuw Crooswijk,5822,670,986,764,1037,667,854
Z29,Kop van Zuid - Entrepot,Z40,Nieuwe Werk,3460,419,603,480,636,418,534
Z29,Kop van Zuid - Entrepot,Z41,Nieuwe Westen,5468,609,871,697,921,605,762
Z29,Kop van Zuid - Entrepot,Z42,Noord Kethel,14375,1248,1867,1408,1978,1246,1565
Z29,Kop van Zuid - Entrepot,Z43,Noordereiland,1825,215,314,247,332,213,272
Z29,Kop van Zuid - Entrepot,Z44,Ommoord,13226,1010,1631,1148,1758,1008,1287
Z29,Kop van Zuid - Entrepot,Z45,Oosterflank,14297,998,1601,1119,1742,994,1248
Z29,Kop van Zuid - Entrepot,Z46,Oud Charlois,3633,426,614,489,646,425,546
Z29,Kop van Zuid - Entrepot,Z47,Oud Crooswijk,4826,519,766,596,799,516,671
Z29,Kop van Zuid - Entrepot,Z48,Oud IJsselmonde,3857,397,596,461,631,395,518
Z29,Kop van Zuid - Entrepot,Z49,Oud Mathenesse,7293,747,1128,864,1193,745,971
Z29,Kop van Zuid - Entrepot,Z50,Oude Noorden,5222,554,805,628,850,550,702
Z29,Kop van Zuid - Entrepot,Z51,Oude Westen,4345,490,721,563,758,488,634
Z29,Kop van Zuid - Entrepot,Z52,Overschie,9083,934,1389,1077,1467,933,1214
Z29,Kop van Zuid - Entrepot,Z53,Pendrecht,5652,596,876,682,933,595,760
Z29,Kop van Zuid - Entrepot,Z54,Prinsenland,9474,855,1258,944,1338,853,1036
Z29,Kop van Zuid - Entrepot,Z55,Provenierswijk,5172,582,835,663,876,580,742
Z29,Kop van Zuid - Entrepot,Z56,Rubroek,3837,449,651,507,686,447,567
Z29,Kop van Zuid - Entrepot,Z57,Schiebroek,9575,984,1412,1133,1489,982,1258
Z29,Kop van Zuid - Entrepot,Z58,Schiemond,5095,549,838,639,891,547,718
Z29,Kop van Zuid - Entrepot,Z59,Schieveen,11855,1030,1539,1166,1636,1028,1298
Z29,Kop van Zuid - Entrepot,Z60,Spangen,6510,739,1057,842,1119,736,932
Z29,Kop van Zuid - Entrepot,Z61,Stadsdriehoek,2892,324,477,366,505,321,408
Z29,Kop van Zuid - Entrepot,Z62,Struisenburg,3792,408,630,472,675,406,526
Z29,Kop van Zuid - Entrepot,Z63,Tarwewijk,3055,351,460,387,480,349,422
Z29,Kop van Zuid - Entrepot,Z64,Terbregge,8856,886,1387,1007,1470,884,1132
Z29,Kop van Zuid - Entrepot,Z65,Tussendijken,5926,661,938,747,993,658,825
Z29,Kop van Zuid - Entrepot,Z66,Vreewijk,3077,405,562,462,593,403,511
Z29,Kop van Zuid - Entrepot,Z67,Wielewaal,5421,657,901,734,946,656,805
Z29,Kop van Zuid - Entrepot,Z68,Zestienhoven,8766,892,1297,1023,1366,890,1139
Z29,Kop van Zuid - Entrepot,Z69,Zevenkamp,14713,1000,1640,1123,1768,998,1259
Z29,Kop van Zuid - Entrepot,Z70,Zuiderpark,4821,520,780,595,826,520,663
Z29,Kop van Zuid - Entrepot,Z71,Zuidplein,3263,396,591,456,622,394,513
Z29,Kop van Zuid - Entrepot,Z72,Zuidwijk,5120,541,838,625,890,539,702
Z30,Kralingen Oost,Z00,'s-Gravenland,2507,327,412,355,426,324,379
Z30,Kralingen Oost,Z01,Afrikaanderwijk,6173,642,958,735,1020,641,817
Z30,Kralingen Oost,Z02,Agniesebuurt,4121,512,663,565,696,509,614
Z30,Kralingen Oost,Z03,Bedrijvenpark Noord-West,15601,913,1531,992,1663,910,1104
Z30,Kralingen Oost,Z04,Bergpolder,6084,575,812,648,891,574,719
Z30,Kralingen Oost,Z05,Beverwaard,8384,714,1061,798,1133,712,880
Z30,Kralingen Oost,Z06,Blijdorp,5878,588,823,672,864,585,746
Z30,Kralingen Oost,Z07,Blijdorpsepolder,8730,822,1214,910,1293,819,1001
Z30,Kralingen Oost,Z08,Bloemhof,6870,728,1083,820,1154,726,906
Z30,Kralingen Oost,Z09,Bospolder,7059,783,1096,891,1184,779,985
Z30,Kralingen Oost,Z10,Carnisse,8177,841,1307,949,1408,839,1051
Z30,Kralingen Oost,Z11,Charlois Zuidrand,17887,1058,1696,1136,1827,1056,1247
Z30,Kralingen Oost,Z12,Cool,4228,433,625,496,652,432,555
Z30,Kralingen Oost,Z13,Cs Kwartier,5914,635,874,714,921,632,784
Z30,Kralingen Oost,Z14,De Esch,2538,273,386,315,405,271,349
Z30,Kralingen Oost,Z15,Delfshaven,6246,636,900,724,946,632,804
Z30,Kralingen Oost,Z16,Dijkzigt,4897,496,709,571,746,494,633
Z30,Kralingen Oost,Z17,Feijenoord,5754,638,912,719,967,635,792
Z30,Kralingen Oost,Z18,Groot IJsselmonde,7418,648,964,720,1032,645,794
Z30,Kralingen Oost,Z19,Heijplaat,20344,1243,2023,1349,2190,1239,1489
Z30,Kralingen Oost,Z20,Het Lage Land,5432,456,679,518,717,453,576
Z30,Kralingen Oost,Z21,Hillegersberg Noord,6747,698,967,797,1013,696,878
Z30,Kralingen Oost,Z22,Hillegersberg Zuid,5707,577,824,662,864,575,736
Z30,Kralingen Oost,Z23,Hillesluis,7800,666,1045,754,1120,664,846
Z30,Kralingen Oost,Z24,Hoogvliet Noord,22882,1279,2099,1371,2283,1276,1509
Z30,Kralingen Oost,Z25,Hoogvliet Zuid,23166,1428,2339,1578,2532,1426,1752
Z30,Kralingen Oost,Z26,Katendrecht,6667,720,1067,826,1137,719,918
Z30,Kralingen Oost,Z27,Kleinpolder,8068,666,1010,740,1077,663,819
Z30,Kralingen Oost,Z28,Kop van Zuid,4891,517,784,594,840,514,659
Z30,Kralingen Oost,Z29,Kop van Zuid - Entrepot,5410,557,842,646,897,554,727
Z30,Kralingen Oost,Z30,Kralingen Oost,0,103,103,103,103,103,103
Z30,Kralingen Oost,Z31,Kralingen West,1852,207,281,233,296,205,256
Z30,Kralingen Oost,Z32,Kralingse Bos,3467,470,605,518,628,467,558
Z30,Kralingen Oost,Z33,Kralingseveer,4201,423,648,482,697,420,531
Z30,Kralingen Oost,Z34,Liskwartier,4750,491,678,558,712,488,616
Z30,Kralingen Oost,Z35,Lombardijen,8561,745,1140,842,1212,743,938
Z30,Kralingen Oost,Z36,Middelland,5567,601,833,684,868,600,759
Z30,Kralingen Oost,Z37,Molenlaankwartier,6411,639,945,743,991,637,832
Z30,Kralingen Oost,Z38,Nesselande,11605,919,1405,1037,1498,916,1156
Z30,Kralingen Oost,Z39,Nieuw Crooswijk,3834,447,593,498,621,443,543
Z30,Kralingen Oost,Z40,Nieuwe Werk,5138,573,840,648,900,571,714
Z30,Kralingen Oost,Z41,Nieuwe Westen,6266,707,985,805,1034,704,892
Z30,Kralingen Oost,Z42,Noord Kethel,14412,1156,1741,1282,1854,1153,1413
Z30,Kralingen Oost,Z43,Noordereiland,4540,469,695,540,740,466,603
Z30,Kralingen Oost,Z44,Ommoord,7428,638,968,729,1017,636,811
Z30,Kralingen Oost,Z45,Oosterflank,8220,618,959,689,1027,614,764
Z30,Kralingen Oost,Z46,Oud Charlois,7830,792,1236,897,1334,790,999
Z30,Kralingen Oost,Z47,Oud Crooswijk,2862,298,426,344,448,296,384
Z30,Kralingen Oost,Z48,Oud IJsselmonde,5658,452,691,500,746,449,549
Z30,Kralingen Oost,Z49,Oud Mathenesse,10710,857,1331,953,1423,854,1058
Z30,Kralingen Oost,Z50,Oude Noorden,4114,428,587,486,616,426,536
Z30,Kralingen Oost,Z51,Oude Westen,5312,566,790,642,829,563,710
Z30,Kralingen Oost,Z52,Overschie,9448,846,1258,944,1335,843,1052
Z30,Kralingen Oost,Z53,Pendrecht,9880,982,1563,1118,1688,980,1247
Z30,Kralingen Oost,Z54,Prinsenland,3382,459,613,513,636,457,563
Z30,Kralingen Oost,Z55,Provenierswijk,5404,559,786,638,828,556,710
Z30,Kralingen Oost,Z56,Rubroek,3082,358,484,402,510,355,441
Z30,Kralingen Oost,Z57,Schiebroek,11580,789,1235,872,1329,785,970
Z30,Kralingen Oost,Z58,Schiemond,6772,706,1071,817,1147,702,910
Z30,Kralingen Oost,Z59,Schieveen,15438,906,1401,985,1503,904,1090
Z30,Kralingen Oost,Z60,Spangen,7912,849,1166,960,1219,846,1052
Z30,Kralingen Oost,Z61,Stadsdriehoek,3260,347,488,399,510,344,445
Z30,Kralingen Oost,Z62,Struisenburg,2142,236,339,269,358,236,300
Z30,Kralingen Oost,Z63,Tarwewijk,7250,764,1119,867,1190,762,960
Z30,Kralingen Oost,Z64,Terbregge,4870,508,754,591,791,506,663
Z30,Kralingen Oost,Z65,Tussendijken,7338,822,1120,925,1180,820,1014
Z30,Kralingen Oost,Z66,Vreewijk,8134,733,1127,823,1213,730,914
Z30,Kralingen Oost,Z67,Wielewaal,9617,1023,1539,1142,1652,1022,1258
Z30,Kralingen Oost,Z68,Zestienhoven,9052,811,1196,916,1267,808,1015
Z30,Kralingen Oost,Z69,Zevenkamp,8637,634,1011,717,1085,630,800
Z30,Kralingen Oost,Z70,Zuiderpark,9788,894,1353,1009,1450,892,1118
Z30,Kralingen Oost,Z71,Zuidplein,7928,799,1250,917,1343,796,1023
Z30,Kralingen Oost,Z72,Zuidwijk,9939,904,1504,1031,1626,900,1150
Z31,Kralingen West,Z00,'s-Gravenland,4001,461,603,511,631,460,558
Z31,Kralingen West,Z01,Afrikaanderwijk,4867,559,811,637,851,556,706
Z31,Kralingen West,Z02,Agniesebuurt,2574,356,473,398,494,354,434
Z31,Kralingen West,Z03,Bedrijvenpark Noord-West,10472,786,1275,871,1371,783,973
Z31,Kralingen West,Z04,Bergpolder,4286,441,639,497,672,439,550
Z31,Kralingen West,Z05,Beverwaard,9484,832,1245,938,1327,827,1046
Z31,Kralingen West,Z06,Blijdorp,4214,439,623,501,653,438,558
Z31,Kralingen West,Z07,Blijdorpsepolder,6014,687,1022,774,1094,684,855
Z31,Kralingen West,Z08,Bloemhof,5695,658,931,745,977,654,827
Z31,Kralingen West,Z09,Bospolder,5570,675,920,762,960,672,835
Z31,Kralingen West,Z10,Carnisse,6950,763,1145,848,1217,759,935
Z31,Kralingen West,Z11,Charlois Zuidrand,9652,1025,1555,1154,1663,1022,1276
Z31,Kralingen West,Z12,Cool,2690,335,454,373,475,333,407
Z31,Kralingen West,Z13,Cs Kwartier,4350,536,725,598,760,532,653
Z31,Kralingen West,Z14,De Esch,3752,383,553,439,584,380,489
Z31,Kralingen West,Z15,Delfshaven,4682,524,734,591,770,521,653
Z31,Kralingen West,Z16,Dijkzigt,3361,382,534,431,560,380,474
Z31,Kralingen West,Z17,Feijenoord,4316,544,751,608,789,539,668
Z31,Kralingen West,Z18,Groot IJsselmonde,8454,753,1143,852,1222,750,948
Z31,Kralingen West,Z19,Heijplaat,12234,1281,1953,1454,2083,1276,1614
Z31,Kralingen West,Z20,Het Lage Land,5398,526,824,595,878,524,665
Z31,Kralingen West,Z21,Hillegersberg Noord,5508,566,750,634,784,564,694
Z31,Kralingen West,Z22,Hillegersberg Zuid,4331,451,642,514,675,448,567
Z31,Kralingen West,Z23,Hillesluis,5456,608,897,701,946,604,784
Z31,Kralingen West,Z24,Hoogvliet Noord,20280,1263,2066,1367,2238,1260,1513
Z31,Kralingen West,Z25,Hoogvliet Zuid,16594,1488,2317,1681,2560,1487,1876
Z31,Kralingen West,Z26,Katendrecht,5575,654,928,742,973,652,821
Z31,Kralingen West,Z27,Kleinpolder,6836,562,867,624,930,560,689
Z31,Kralingen West,Z28,Kop van Zuid,3885,447,632,507,663,445,560
Z31,Kralingen West,Z29,Kop van Zuid - Entrepot,4034,490,685,556,720,486,610
Z31,Kralingen West,Z30,Kralingen Oost,1873,215,275,236,293,213,255
Z31,Kralingen West,Z31,Kralingen West,0,73,73,73,73,73,73
Z31,Kralingen West,Z32,Kralingse Bos,2764,426,494,451,513,424,472
Z31,Kralingen West,Z33,Kralingseveer,5365,517,796,593,853,514,664
Z31,Kralingen West,Z34,Liskwartier,3176,349,483,394,510,346,436
Z31,Kralingen West,Z35,Lombardijen,9703,840,1281,952,1366,837,1062
Z31,Kralingen West,Z36,Middelland,4003,484,670,544,703,482,600
Z31,Kralingen West,Z37,Molenlaankwartier,6482,634,927,717,971,632,793
Z31,Kralingen West,Z38,Nesselande,13018,1061,1599,1200,1700,1058,1336
Z31,Kralingen West,Z39,Nieuw Crooswijk,2367,306,413,342,434,304,374
Z31,Kralingen West,Z40,Nieuwe Werk,4009,508,723,571,771,505,628
Z31,Kralingen West,Z41,Nieuwe Westen,4721,611,830,686,867,608,752
Z31,Kralingen West,Z42,Noord Kethel,13179,1034,1582,1141,1690,1032,1259
Z31,Kralingen West,Z43,Noordereiland,3279,403,558,452,586,400,497
Z31,Kralingen West,Z44,Ommoord,6906,651,1026,743,1093,648,832
Z31,Kralingen West,Z45,Oosterflank,7088,709,1073,797,1139,706,886
Z31,Kralingen West,Z46,Oud Charlois,6558,709,1082,797,1154,707,883
Z31,Kralingen West,Z47,Oud Crooswijk,1384,156,235,182,250,154,205
Z31,Kralingen West,Z48,Oud IJsselmonde,6752,559,847,630,913,556,700
Z31,Kralingen West,Z49,Oud Mathenesse,9495,723,1172,803,1260,719,903
Z31,Kralingen West,Z50,Oude Noorden,2542,284,388,318,415,281,350
Z31,Kralingen West,Z51,Oude Westen,3794,467,633,522,662,465,571
Z31,Kralingen West,Z52,Overschie,8229,728,1103,814,1174,726,906
Z31,Kralingen West,Z53,Pendrecht,8769,903,1391,1017,1492,900,1131
Z31,Kralingen West,Z54,Prinsenland,4787,601,786,675,816,599,726
Z31,Kralingen West,Z55,Provenierswijk,3845,417,586,475,619,414,526
Z31,Kralingen West,Z56,Rubroek,1460,213,285,235,301,210,256
Z31,Kralingen West,Z57,Schiebroek,7089,724,969,816,1012,720,895
Z31,Kralingen West,Z58,Schiemond,5672,645,901,719,941,642,796
Z31,Kralingen West,Z59,Schieveen,10890,843,1313,924,1412,841,1023
Z31,Kralingen West,Z60,Spangen,6349,735,998,824,1041,732,902
Z31,Kralingen West,Z61,Stadsdriehoek,2121,270,377,304,396,268,335
Z31,Kralingen West,Z62,Struisenburg,1690,194,272,222,288,192,247
Z31,Kralingen West,Z63,Tarwewijk,6578,692,991,780,1054,689,861
Z31,Kralingen West,Z64,Terbregge,5186,508,812,577,867,506,646
Z31,Kralingen West,Z65,Tussendijken,5774,715,974,803,1018,712,881
Z31,Kralingen West,Z66,Vreewijk,7394,794,1167,910,1229,791,1014
Z31,Kralingen West,Z67,Wielewaal,8345,940,1370,1041,1455,938,1142
Z31,Kralingen West,Z68,Zestienhoven,7836,688,1040,781,1105,686,869
Z31,Kralingen West,Z69,Zevenkamp,10036,773,1184,867,1265,769,962
Z31,Kralingen West,Z70,Zuiderpark,8260,844,1265,969,1336,843,1083
Z31,Kralingen West,Z71,Zuidplein,6754,763,1095,881,1146,760,988
Z31,Kralingen West,Z72,Zuidwijk,8611,899,1350,1034,1428,896,1156
Z32,Kralingse Bos,Z00,'s-Gravenland,4776,587,759,634,792,585,681
Z32,Kralingse Bos,Z01,Afrikaanderwijk,7296,901,1202,994,1249,898,1080
Z32,Kralingse Bos,Z02,Agniesebuurt,4674,610,777,670,810,607,720
Z32,Kralingse Bos,Z03,Bedrijvenpark Noord-West,11247,941,1412,1021,1507,939,1120
Z32,Kralingse Bos,Z04,Bergpolder,5863,601,824,657,867,600,710
Z32,Kralingse Bos,Z05,Beverwaard,10738,951,1411,1070,1497,946,1180
Z32,Kralingse Bos,Z06,Blijdorp,5931,682,957,759,1006,680,824
Z32,Kralingse Bos,Z07,Blijdorpsepolder,8298,842,1176,914,1245,840,987
Z32,Kralingse Bos,Z08,Bloemhof,8124,952,1322,1045,1375,948,1139
Z32,Kralingse Bos,Z09,Bospolder,8915,1026,1456,1124,1535,1023,1234
Z32,Kralingse Bos,Z10,Carnisse,9379,1078,1536,1193,1615,1075,1306
Z32,Kralingse Bos,Z11,Charlois Zuidrand,12082,1262,1922,1351,2061,1259,1474
Z32,Kralingse Bos,Z12,Cool,5093,693,845,746,873,691,792
Z32,Kralingse Bos,Z13,Cs Kwartier,6726,818,1182,912,1248,815,992
Z32,Kralingse Bos,Z14,De Esch,4838,551,727,612,756,550,664
Z32,Kralingse Bos,Z15,Delfshaven,7111,882,1124,964,1168,880,1038
Z32,Kralingse Bos,Z16,Dijkzigt,5762,740,924,804,958,738,859
Z32,Kralingse Bos,Z17,Feijenoord,6745,902,1142,982,1187,898,1053
Z32,Kralingse Bos,Z18,Groot IJsselmonde,9772,852,1276,955,1362,848,1056
Z32,Kralingse Bos,Z19,Heijplaat,22728,1447,2333,1571,2521,1442,1735
Z32,Kralingse Bos,Z20,Het Lage Land,4959,631,821,695,852,630,745
Z32,Kralingse Bos,Z21,Hillegersberg Noord,6280,726,929,801,964,725,864
Z32,Kralingse Bos,Z22,Hillegersberg Zuid,5255,597,785,665,816,597,722
Z32,Kralingse Bos,Z23,Hillesluis,7885,870,1285,966,1344,867,1062
Z32,Kralingse Bos,Z24,Hoogvliet Noord,21030,1406,2183,1506,2352,1404,1645
Z32,Kralingse Bos,Z25,Hoogvliet Zuid,24424,1591,2579,1743,2786,1587,1924
Z32,Kralingse Bos,Z26,Katendrecht,7922,1006,1306,1112,1358,1004,1204
Z32,Kralingse Bos,Z27,Kleinpolder,7813,704,997,765,1056,704,828
Z32,Kralingse Bos,Z28,Kop van Zuid,6314,805,1023,880,1061,803,945
Z32,Kralingse Bos,Z29,Kop van Zuid - Entrepot,6438,850,1076,929,1118,846,995
Z32,Kralingse Bos,Z30,Kralingen Oost,3439,462,593,507,617,460,545
Z32,Kralingse Bos,Z31,Kralingen West,2773,404,472,430,486,402,450
Z32,Kralingse Bos,Z32,Kralingse Bos,0,148,148,148,148,148,148
Z32,Kralingse Bos,Z33,Kralingseveer,6712,650,971,710,1039,647,784
Z32,Kralingse Bos,Z34,Liskwartier,4533,560,724,617,753,559,666
Z32,Kralingse Bos,Z35,Lombardijen,11023,959,1450,1065,1543,956,1180
Z32,Kralingse Bos,Z36,Middelland,6432,841,1052,917,1089,839,982
Z32,Kralingse Bos,Z37,Molenlaankwartier,7012,746,1038,842,1081,745,926
Z32,Kralingse Bos,Z38,Nesselande,12223,1130,1647,1258,1745,1126,1384
Z32,Kralingse Bos,Z39,Nieuw Crooswijk,3409,475,598,521,620,474,558
Z32,Kralingse Bos,Z40,Nieuwe Werk,7095,863,1155,957,1218,861,1038
Z32,Kralingse Bos,Z41,Nieuwe Westen,7600,930,1324,1043,1381,927,1137
Z32,Kralingse Bos,Z42,Noord Kethel,14084,1177,1710,1286,1814,1176,1403
Z32,Kralingse Bos,Z43,Noordereiland,5708,761,949,826,984,758,881
Z32,Kralingse Bos,Z44,Ommoord,7078,779,1102,873,1159,778,953
Z32,Kralingse Bos,Z45,Oosterflank,6551,802,1064,889,1110,800,968
Z32,Kralingse Bos,Z46,Oud Charlois,8987,1067,1473,1170,1552,1065,1268
Z32,Kralingse Bos,Z47,Oud Crooswijk,2882,390,497,427,519,388,457
Z32,Kralingse Bos,Z48,Oud IJsselmonde,8025,657,1001,720,1076,653,794
Z32,Kralingse Bos,Z49,Oud Mathenesse,10244,877,1300,956,1385,876,1046
Z32,Kralingse Bos,Z50,Oude Noorden,4125,522,660,572,686,520,614
Z32,Kralingse Bos,Z51,Oude Westen,6224,825,1024,895,1060,824,955
Z32,Kralingse Bos,Z52,Overschie,9094,870,1219,954,1287,870,1038
Z32,Kralingse Bos,Z53,Pendrecht,11025,1243,1782,1375,1890,1239,1499
Z32,Kralingse Bos,Z54,Prinsenland,5089,641,864,714,911,638,770
Z32,Kralingse Bos,Z55,Provenierswijk,5414,653,858,725,897,650,788
Z32,Kralingse Bos,Z56,Rubroek,3676,494,622,540,643,493,576
Z32,Kralingse Bos,Z57,Schiebroek,7992,884,1148,983,1193,881,1065
Z32,Kralingse Bos,Z58,Schiemond,8101,1003,1292,1093,1339,1000,1181
Z32,Kralingse Bos,Z59,Schieveen,11602,986,1438,1064,1531,985,1155
Z32,Kralingse Bos,Z60,Spangen,10432,960,1390,1042,1476,958,1134
Z32,Kralingse Bos,Z61,Stadsdriehoek,5029,616,786,674,822,614,723
Z32,Kralingse Bos,Z62,Struisenburg,4063,531,651,576,676,529,614
Z32,Kralingse Bos,Z63,Tarwewijk,8505,988,1358,1105,1411,985,1222
Z32,Kralingse Bos,Z64,Terbregge,5573,606,865,678,916,604,740
Z32,Kralingse Bos,Z65,Tussendijken,9831,1009,1480,1105,1571,1007,1210
Z32,Kralingse Bos,Z66,Vreewijk,10604,941,1438,1044,1543,938,1154
Z32,Kralingse Bos,Z67,Wielewaal,10775,1298,1760,1415,1853,1296,1527
Z32,Kralingse Bos,Z68,Zestienhoven,8585,831,1157,920,1219,830,1001
Z32,Kralingse Bos,Z69,Zevenkamp,9540,914,1385,1041,1467,911,1155
Z32,Kralingse Bos,Z70,Zuiderpark,10866,1098,1598,1224,1716,1095,1345
Z32,Kralingse Bos,Z71,Zuidplein,9183,1020,1447,1137,1510,1016,1253
Z32,Kralingse Bos,Z72,Zuidwijk,11040,1120,1690,1252,1772,1116,1377
Z33,Kralingseveer,Z00,'s-Gravenland,3835,419,592,454,631,417,494
Z33,Kralingseveer,Z01,Afrikaanderwijk,8080,694,1102,778,1184,693,868
Z33,Kralingseveer,Z02,Agniesebuurt,7142,750,1130,857,1201,748,957
Z33,Kralingseveer,Z03,Bedrijvenpark Noord-West,17070,984,1680,1062,1831,983,1181
Z33,Kralingseveer,Z04,Bergpolder,11535,701,1191,758,1298,699,846
Z33,Kralingseveer,Z05,Beverwaard,8314,711,1096,792,1174,708,875
Z33,Kralingseveer,Z06,Blijdorp,12345,793,1324,863,1437,791,961
Z33,Kralingseveer,Z07,Blijdorpsepolder,13817,942,1519,1011,1646,939,1106
Z33,Kralingseveer,Z08,Bloemhof,8286,744,1161,827,1252,741,916
Z33,Kralingseveer,Z09,Bospolder,9656,997,1467,1133,1552,994,1260
Z33,Kralingseveer,Z10,Carnisse,9591,868,1368,971,1479,866,1077
Z33,Kralingseveer,Z11,Charlois Zuidrand,17656,1034,1709,1105,1861,1032,1217
Z33,Kralingseveer,Z12,Cool,6708,645,968,734,1029,644,818
Z33,Kralingseveer,Z13,Cs Kwartier,8398,847,1246,961,1322,844,1068
Z33,Kralingseveer,Z14,De Esch,2146,232,313,264,327,231,291
Z33,Kralingseveer,Z15,Delfshaven,8642,834,1291,952,1398,832,1062
Z33,Kralingseveer,Z16,Dijkzigt,7455,711,1073,814,1140,709,911
Z33,Kralingseveer,Z17,Feijenoord,8341,752,1125,826,1204,750,908
Z33,Kralingseveer,Z18,Groot IJsselmonde,7259,609,961,677,1033,608,751
Z33,Kralingseveer,Z19,Heijplaat,20166,1208,1996,1308,2168,1206,1447
Z33,Kralingseveer,Z20,Het Lage Land,6643,496,811,547,879,494,610
Z33,Kralingseveer,Z21,Hillegersberg Noord,12148,802,1306,878,1409,800,976
Z33,Kralingseveer,Z22,Hillegersberg Zuid,12602,806,1343,881,1458,804,983
Z33,Kralingseveer,Z23,Hillesluis,7726,662,1070,748,1152,660,838
Z33,Kralingseveer,Z24,Hoogvliet Noord,22858,1244,2130,1331,2327,1242,1476
Z33,Kralingseveer,Z25,Hoogvliet Zuid,23136,1397,2365,1538,2569,1394,1712
Z33,Kralingseveer,Z26,Katendrecht,9422,897,1380,1011,1475,895,1124
Z33,Kralingseveer,Z27,Kleinpolder,13143,773,1323,830,1444,772,922
Z33,Kralingseveer,Z28,Kop van Zuid,7262,709,1151,820,1244,706,924
Z33,Kralingseveer,Z29,Kop van Zuid - Entrepot,7915,713,1137,803,1221,712,898
Z33,Kralingseveer,Z30,Kralingen Oost,4006,394,591,439,635,393,484
Z33,Kralingseveer,Z31,Kralingen West,5587,513,753,573,806,512,631
Z33,Kralingseveer,Z32,Kralingse Bos,6442,646,948,713,1012,642,788
Z33,Kralingseveer,Z33,Kralingseveer,0,58,58,58,58,58,58
Z33,Kralingseveer,Z34,Liskwartier,11969,815,1345,885,1460,813,982
Z33,Kralingseveer,Z35,Lombardijen,8306,713,1126,801,1204,712,893
Z33,Kralingseveer,Z36,Middelland,8026,813,1199,925,1270,812,1029
Z33,Kralingseveer,Z37,Molenlaankwartier,9035,709,1116,789,1195,707,879
Z33,Kralingseveer,Z38,Nesselande,12788,938,1486,1049,1594,936,1172
Z33,Kralingseveer,Z39,Nieuw Crooswijk,8646,717,1144,810,1225,713,890
Z33,Kralingseveer,Z40,Nieuwe Werk,7508,767,1194,875,1289,766,976
Z33,Kralingseveer,Z41,Nieuwe Westen,8700,911,1322,1034,1398,910,1147
Z33,Kralingseveer,Z42,Noord Kethel,19487,1264,2061,1371,2230,1262,1520
Z33,Kralingseveer,Z43,Noordereiland,6911,674,1073,775,1158,672,870
Z33,Kralingseveer,Z44,Ommoord,8718,691,1108,786,1187,690,878
Z33,Kralingseveer,Z45,Oosterflank,5669,574,895,654,960,572,732
Z33,Kralingseveer,Z46,Oud Charlois,10602,932,1476,1064,1578,930,1190
Z33,Kralingseveer,Z47,Oud Crooswijk,6572,643,981,737,1046,640,824
Z33,Kralingseveer,Z48,Oud IJsselmonde,5355,443,707,488,765,441,541
Z33,Kralingseveer,Z49,Oud Mathenesse,15839,966,1651,1044,1799,965,1165
Z33,Kralingseveer,Z50,Oude Noorden,7521,735,1109,842,1180,732,940
Z33,Kralingseveer,Z51,Oude Westen,7695,768,1141,874,1211,766,973
Z33,Kralingseveer,Z52,Overschie,16612,937,1583,1014,1729,935,1129
Z33,Kralingseveer,Z53,Pendrecht,11342,994,1589,1130,1714,993,1265
Z33,Kralingseveer,Z54,Prinsenland,4234,474,666,522,703,474,561
Z33,Kralingseveer,Z55,Provenierswijk,12373,823,1286,908,1396,820,1010
Z33,Kralingseveer,Z56,Rubroek,6377,635,947,721,1008,633,802
Z33,Kralingseveer,Z57,Schiebroek,13219,865,1384,946,1497,863,1054
Z33,Kralingseveer,Z58,Schiemond,9110,912,1441,1051,1552,910,1175
Z33,Kralingseveer,Z59,Schieveen,16895,928,1527,994,1657,927,1100
Z33,Kralingseveer,Z60,Spangen,16137,1052,1669,1139,1814,1050,1265
Z33,Kralingseveer,Z61,Stadsdriehoek,5521,537,852,611,922,536,684
Z33,Kralingseveer,Z62,Struisenburg,4507,435,677,496,734,433,545
Z33,Kralingseveer,Z63,Tarwewijk,9554,844,1333,948,1425,842,1056
Z33,Kralingseveer,Z64,Terbregge,7346,544,884,605,954,542,676
Z33,Kralingseveer,Z65,Tussendijken,9869,1034,1492,1172,1575,1032,1298
Z33,Kralingseveer,Z66,Vreewijk,7922,705,1123,788,1215,703,876
Z33,Kralingseveer,Z67,Wielewaal,12390,1164,1771,1308,1888,1161,1456
Z33,Kralingseveer,Z68,Zestienhoven,14240,916,1528,986,1653,914,1097
Z33,Kralingseveer,Z69,Zevenkamp,10094,694,1147,773,1239,691,866
Z33,Kralingseveer,Z70,Zuiderpark,9603,866,1385,975,1499,864,1086
Z33,Kralingseveer,Z71,Zuidplein,9178,814,1310,919,1421,812,1030
Z33,Kralingseveer,Z72,Zuidwijk,9722,900,1469,1012,1596,898,1123
Z34,Liskwartier,Z00,'s-Gravenland,9947,762,1068,846,1149,757,924
Z34,Liskwartier,Z01,Afrikaanderwijk,6237,739,1022,838,1149,734,909
Z34,Liskwartier,Z02,Agniesebuurt,1321,197,231,214,238,195,221
Z34,Liskwartier,Z03,Bedrijvenpark Noord-West,7043,578,905,641,971,576,711
Z34,Liskwartier,Z04,Bergpolder,1269,177,219,192,226,176,203
Z34,Liskwartier,Z05,Beverwaard,16420,1080,1745,1175,1885,1079,1307
Z34,Liskwartier,Z06,Blijdorp,1552,206,263,221,273,204,242
Z34,Liskwartier,Z07,Blijdorpsepolder,3403,450,605,496,638,448,536
Z34,Liskwartier,Z08,Bloemhof,6996,837,1287,929,1376,832,1014
Z34,Liskwartier,Z09,Bospolder,5286,636,866,718,904,634,792
Z34,Liskwartier,Z10,Carnisse,6841,735,1104,809,1184,734,887
Z34,Liskwartier,Z11,Charlois Zuidrand,9390,991,1512,1119,1622,990,1240
Z34,Liskwartier,Z12,Cool,3979,484,675,547,724,482,602
Z34,Liskwartier,Z13,Cs Kwartier,2723,342,467,381,492,340,414
Z34,Liskwartier,Z14,De Esch,7256,708,1137,786,1230,705,863
Z34,Liskwartier,Z15,Delfshaven,4569,495,718,564,766,491,627
Z34,Liskwartier,Z16,Dijkzigt,4043,438,640,502,680,436,552
Z34,Liskwartier,Z17,Feijenoord,5696,723,988,806,1038,717,885
Z34,Liskwartier,Z18,Groot IJsselmonde,15215,1000,1610,1089,1738,998,1202
Z34,Liskwartier,Z19,Heijplaat,12040,1246,1924,1418,2060,1241,1578
Z34,Liskwartier,Z20,Het Lage Land,6654,650,991,737,1056,647,823
Z34,Liskwartier,Z21,Hillegersberg Noord,3434,368,476,410,495,368,446
Z34,Liskwartier,Z22,Hillegersberg Zuid,1404,165,218,185,228,164,202
Z34,Liskwartier,Z23,Hillesluis,6836,795,1154,907,1284,790,1010
Z34,Liskwartier,Z24,Hoogvliet Noord,17251,1050,1712,1128,1860,1049,1243
Z34,Liskwartier,Z25,Hoogvliet Zuid,20448,1326,2146,1449,2314,1324,1603
Z34,Liskwartier,Z26,Katendrecht,6872,827,1126,923,1209,824,1006
Z34,Liskwartier,Z27,Kleinpolder,3796,344,500,386,534,342,417
Z34,Liskwartier,Z28,Kop van Zuid,5174,626,850,691,961,623,750
Z34,Liskwartier,Z29,Kop van Zuid - Entrepot,5389,655,924,744,974,650,827
Z34,Liskwartier,Z30,Kralingen Oost,4928,529,740,599,778,526,661
Z34,Liskwartier,Z31,Kralingen West,3517,406,555,457,586,403,502
Z34,Liskwartier,Z32,Kralingse Bos,4875,609,801,675,831,606,730
Z34,Liskwartier,Z33,Kralingseveer,12156,792,1306,860,1414,791,952
Z34,Liskwartier,Z34,Liskwartier,0,55,55,55,55,55,55
Z34,Liskwartier,Z35,Lombardijen,10043,1022,1501,1130,1606,1019,1256
Z34,Liskwartier,Z36,Middelland,3269,395,539,451,568,392,488
Z34,Liskwartier,Z37,Molenlaankwartier,4238,486,639,550,667,484,597
Z34,Liskwartier,Z38,Nesselande,13404,1003,1587,1122,1693,1001,1256
Z34,Liskwartier,Z39,Nieuw Crooswijk,2545,314,429,358,449,313,389
Z34,Liskwartier,Z40,Nieuwe Werk,5410,610,881,692,937,609,770
Z34,Liskwartier,Z41,Nieuwe Westen,3717,469,638,523,673,468,574
Z34,Liskwartier,Z42,Noord Kethel,10140,830,1212,907,1287,830,991
Z34,Liskwartier,Z43,Noordereiland,4546,566,793,634,834,562,699
Z34,Liskwartier,Z44,Ommoord,10426,755,1191,855,1266,751,952
Z34,Liskwartier,Z45,Oosterflank,10143,730,1132,791,1213,729,869
Z34,Liskwartier,Z46,Oud Charlois,6449,684,1052,762,1134,683,847
Z34,Liskwartier,Z47,Oud Crooswijk,2193,268,368,303,386,265,332
Z34,Liskwartier,Z48,Oud IJsselmonde,13468,818,1337,872,1452,817,958
Z34,Liskwartier,Z49,Oud Mathenesse,6268,531,802,578,858,529,635
Z34,Liskwartier,Z50,Oude Noorden,1180,179,224,191,232,178,202
Z34,Liskwartier,Z51,Oude Westen,3381,429,585,478,618,425,519
Z34,Liskwartier,Z52,Overschie,5090,524,768,593,814,523,655
Z34,Liskwartier,Z53,Pendrecht,8487,865,1361,982,1470,863,1095
Z34,Liskwartier,Z54,Prinsenland,10617,793,1189,880,1263,790,965
Z34,Liskwartier,Z55,Provenierswijk,1449,196,274,219,289,194,242
Z34,Liskwartier,Z56,Rubroek,2313,346,432,375,450,342,402
Z34,Liskwartier,Z57,Schiebroek,4227,462,602,512,628,460,559
Z34,Liskwartier,Z58,Schiemond,5552,615,899,695,959,612,772
Z34,Liskwartier,Z59,Schieveen,7585,631,931,684,994,631,746
Z34,Liskwartier,Z60,Spangen,4403,588,807,656,844,587,708
Z34,Liskwartier,Z61,Stadsdriehoek,3790,494,743,549,783,489,601
Z34,Liskwartier,Z62,Struisenburg,4408,520,761,591,806,517,668
Z34,Liskwartier,Z63,Tarwewijk,6700,709,1090,792,1173,706,869
Z34,Liskwartier,Z64,Terbregge,5295,581,809,662,847,578,733
Z34,Liskwartier,Z65,Tussendijken,4345,586,801,663,841,585,719
Z34,Liskwartier,Z66,Vreewijk,8725,896,1405,1014,1515,894,1130
Z34,Liskwartier,Z67,Wielewaal,8236,908,1340,1006,1433,906,1103
Z34,Liskwartier,Z68,Zestienhoven,4590,475,655,531,689,474,580
Z34,Liskwartier,Z69,Zevenkamp,10712,735,1203,812,1297,734,909
Z34,Liskwartier,Z70,Zuiderpark,8876,909,1427,1035,1534,906,1154
Z34,Liskwartier,Z71,Zuidplein,7107,742,1147,825,1236,740,911
Z34,Liskwartier,Z72,Zuidwijk,9541,965,1524,1105,1637,963,1232
Z35,Lombardijen,Z00,'s-Gravenland,9602,845,1226,942,1292,842,1034
Z35,Lombardijen,Z01,Afrikaanderwijk,4207,482,718,537,770,480,599
Z35,Lombardijen,Z02,Agniesebuurt,7926,884,1336,1012,1406,881,1129
Z35,Lombardijen,Z03,Bedrijvenpark Noord-West,21854,1227,2070,1329,2252,1224,1510
Z35,Lombardijen,Z04,Bergpolder,9841,962,1588,1086,1729,961,1210
Z35,Lombardijen,Z05,Beverwaard,4606,478,686,545,717,476,604
Z35,Lombardijen,Z06,Blijdorp,9100,919,1527,1034,1663,916,1156
Z35,Lombardijen,Z07,Blijdorpsepolder,10382,1090,1658,1208,1781,1087,1332
Z35,Lombardijen,Z08,Bloemhof,3296,437,563,477,590,434,515
Z35,Lombardijen,Z09,Bospolder,8675,921,1458,1024,1571,918,1138
Z35,Lombardijen,Z10,Carnisse,4062,462,685,502,735,460,547
Z35,Lombardijen,Z11,Charlois Zuidrand,5402,571,804,616,837,568,676
Z35,Lombardijen,Z12,Cool,6756,725,1099,831,1154,722,930
Z35,Lombardijen,Z13,Cs Kwartier,8240,826,1348,919,1463,825,1022
Z35,Lombardijen,Z14,De Esch,7767,660,1011,745,1074,658,830
Z35,Lombardijen,Z15,Delfshaven,7398,766,1240,849,1345,764,945
Z35,Lombardijen,Z16,Dijkzigt,7090,692,1143,764,1243,691,849
Z35,Lombardijen,Z17,Feijenoord,4595,516,756,593,793,515,663
Z35,Lombardijen,Z18,Groot IJsselmonde,3241,365,510,415,534,364,459
Z35,Lombardijen,Z19,Heijplaat,10736,752,1192,821,1283,748,906
Z35,Lombardijen,Z20,Het Lage Land,11191,812,1289,907,1380,810,1013
Z35,Lombardijen,Z21,Hillegersberg Noord,16738,1118,1761,1233,1892,1113,1369
Z35,Lombardijen,Z22,Hillegersberg Zuid,10908,1076,1738,1247,1944,1072,1400
Z35,Lombardijen,Z23,Hillesluis,3097,352,508,401,534,349,447
Z35,Lombardijen,Z24,Hoogvliet Noord,13252,787,1272,842,1384,785,924
Z35,Lombardijen,Z25,Hoogvliet Zuid,13674,941,1514,1052,1632,937,1171
Z35,Lombardijen,Z26,Katendrecht,5167,600,883,664,940,597,728
Z35,Lombardijen,Z27,Kleinpolder,10851,1040,1727,1176,1882,1039,1316
Z35,Lombardijen,Z28,Kop van Zuid,5180,561,868,640,948,558,716
Z35,Lombardijen,Z29,Kop van Zuid - Entrepot,4381,466,701,542,737,465,611
Z35,Lombardijen,Z30,Kralingen Oost,8584,719,1074,805,1141,718,889
Z35,Lombardijen,Z31,Kralingen West,9607,865,1270,970,1346,864,1073
Z35,Lombardijen,Z32,Kralingse Bos,10744,942,1398,1047,1483,939,1168
Z35,Lombardijen,Z33,Kralingseveer,7852,665,1025,749,1092,662,831
Z35,Lombardijen,Z34,Liskwartier,9390,992,1510,1142,1601,986,1271
Z35,Lombardijen,Z35,Lombardijen,0,117,117,117,117,117,117
Z35,Lombardijen,Z36,Middelland,7473,761,1243,843,1352,758,936
Z35,Lombardijen,Z37,Molenlaankwartier,13446,1009,1584,1135,1687,1008,1268
Z35,Lombardijen,Z38,Nesselande,17378,1278,1982,1431,2116,1276,1593
Z35,Lombardijen,Z39,Nieuw Crooswijk,13236,1007,1570,1124,1679,1005,1236
Z35,Lombardijen,Z40,Nieuwe Werk,7012,783,1181,893,1260,780,995
Z35,Lombardijen,Z41,Nieuwe Westen,8156,868,1421,963,1540,864,1070
Z35,Lombardijen,Z42,Noord Kethel,21392,1305,2110,1413,2278,1303,1560
Z35,Lombardijen,Z43,Noordereiland,5492,582,884,678,931,580,766
Z35,Lombardijen,Z44,Ommoord,13186,1009,1587,1124,1701,1005,1252
Z35,Lombardijen,Z45,Oosterflank,13979,977,1542,1088,1665,973,1205
Z35,Lombardijen,Z46,Oud Charlois,4822,536,814,590,882,535,648
Z35,Lombardijen,Z47,Oud Crooswijk,8579,892,1353,1043,1431,887,1179
Z35,Lombardijen,Z48,Oud IJsselmonde,4354,479,710,543,749,475,621
Z35,Lombardijen,Z49,Oud Mathenesse,10262,1019,1636,1149,1760,1017,1286
Z35,Lombardijen,Z50,Oude Noorden,8885,927,1396,1077,1473,922,1214
Z35,Lombardijen,Z51,Oude Westen,7522,774,1242,856,1347,771,948
Z35,Lombardijen,Z52,Overschie,14068,1221,1969,1362,2135,1218,1520
Z35,Lombardijen,Z53,Pendrecht,4216,431,633,498,665,429,556
Z35,Lombardijen,Z54,Prinsenland,9157,845,1214,928,1280,843,1014
Z35,Lombardijen,Z55,Provenierswijk,9158,957,1544,1066,1688,954,1184
Z35,Lombardijen,Z56,Rubroek,7591,806,1214,935,1309,803,1052
Z35,Lombardijen,Z57,Schiebroek,17521,1171,1878,1299,2016,1170,1446
Z35,Lombardijen,Z58,Schiemond,7929,824,1347,924,1458,822,1032
Z35,Lombardijen,Z59,Schieveen,21197,1265,1985,1378,2128,1264,1526
Z35,Lombardijen,Z60,Spangen,9418,1000,1544,1108,1663,997,1223
Z35,Lombardijen,Z61,Stadsdriehoek,6518,696,1069,813,1128,693,917
Z35,Lombardijen,Z62,Struisenburg,8618,745,1146,853,1228,744,949
Z35,Lombardijen,Z63,Tarwewijk,4365,476,735,526,794,475,579
Z35,Lombardijen,Z64,Terbregge,11920,877,1390,984,1485,876,1099
Z35,Lombardijen,Z65,Tussendijken,8845,932,1446,1032,1560,930,1140
Z35,Lombardijen,Z66,Vreewijk,1997,238,328,270,343,238,297
Z35,Lombardijen,Z67,Wielewaal,6096,684,992,762,1052,681,841
Z35,Lombardijen,Z68,Zestienhoven,18542,1226,1977,1355,2124,1225,1506
Z35,Lombardijen,Z69,Zevenkamp,14396,989,1595,1106,1710,988,1236
Z35,Lombardijen,Z70,Zuiderpark,3092,346,538,378,579,344,417
Z35,Lombardijen,Z71,Zuidplein,3252,381,592,418,642,379,460
Z35,Lombardijen,Z72,Zuidwijk,2593,270,404,312,427,269,348
Z36,Middelland,Z00,'s-Gravenland,7584,854,1165,955,1214,851,1051
Z36,Middelland,Z01,Afrikaanderwijk,5124,535,797,616,843,534,676
Z36,Middelland,Z02,Agniesebuurt,2814,322,470,371,496,320,413
Z36,Middelland,Z03,Bedrijvenpark Noord-West,7389,602,973,673,1053,601,752
Z36,Middelland,Z04,Bergpolder,2979,322,496,374,531,321,420
Z36,Middelland,Z05,Beverwaard,10946,1076,1601,1247,1686,1074,1389
Z36,Middelland,Z06,Blijdorp,2226,254,396,294,427,252,330
Z36,Middelland,Z07,Blijdorpsepolder,3261,452,599,508,643,450,548
Z36,Middelland,Z08,Bloemhof,5721,607,908,679,966,605,742
Z36,Middelland,Z09,Bospolder,2209,337,422,363,438,334,389
Z36,Middelland,Z10,Carnisse,4407,483,716,518,764,481,568
Z36,Middelland,Z11,Charlois Zuidrand,7019,740,1115,831,1203,739,909
Z36,Middelland,Z12,Cool,1763,242,338,275,355,240,302
Z36,Middelland,Z13,Cs Kwartier,1382,169,234,188,247,168,208
Z36,Middelland,Z14,De Esch,6232,681,962,780,1009,678,863
Z36,Middelland,Z15,Delfshaven,1683,201,262,218,277,198,236
Z36,Middelland,Z16,Dijkzigt,1577,172,222,188,232,171,202
Z36,Middelland,Z17,Feijenoord,5136,625,884,705,952,622,780
Z36,Middelland,Z18,Groot IJsselmonde,9293,948,1385,1080,1468,945,1202
Z36,Middelland,Z19,Heijplaat,9669,997,1520,1126,1626,994,1243
Z36,Middelland,Z20,Het Lage Land,8545,806,1224,922,1300,804,1030
Z36,Middelland,Z21,Hillegersberg Noord,5838,620,862,715,906,619,790
Z36,Middelland,Z22,Hillegersberg Zuid,4244,433,659,503,702,431,565
Z36,Middelland,Z23,Hillesluis,5875,613,918,709,971,611,790
Z36,Middelland,Z24,Hoogvliet Noord,13652,1091,1713,1211,1852,1088,1332
Z36,Middelland,Z25,Hoogvliet Zuid,13909,1235,1942,1411,2093,1234,1566
Z36,Middelland,Z26,Katendrecht,5536,613,882,706,931,612,778
Z36,Middelland,Z27,Kleinpolder,3924,395,615,458,665,395,512
Z36,Middelland,Z28,Kop van Zuid,3837,412,627,474,673,411,519
Z36,Middelland,Z29,Kop van Zuid - Entrepot,4853,530,784,609,826,527,678
Z36,Middelland,Z30,Kralingen Oost,5584,607,854,699,893,605,772
Z36,Middelland,Z31,Kralingen West,4364,493,673,553,711,491,605
Z36,Middelland,Z32,Kralingse Bos,6765,765,1025,859,1072,763,937
Z36,Middelland,Z33,Kralingseveer,7881,817,1209,934,1280,813,1038
Z36,Middelland,Z34,Liskwartier,3181,386,536,430,567,385,470
Z36,Middelland,Z35,Lombardijen,7672,772,1138,844,1220,769,926
Z36,Middelland,Z36,Middelland,0,59,59,59,59,59,59
Z36,Middelland,Z37,Molenlaankwartier,6492,712,971,808,1021,711,889
Z36,Middelland,Z38,Nesselande,15107,1162,1837,1308,1971,1160,1463
Z36,Middelland,Z39,Nieuw Crooswijk,5486,521,738,592,780,519,662
Z36,Middelland,Z40,Nieuwe Werk,2788,346,499,397,527,345,428
Z36,Middelland,Z41,Nieuwe Westen,1033,157,207,174,218,155,190
Z36,Middelland,Z42,Noord Kethel,9124,919,1285,1031,1368,916,1133
Z36,Middelland,Z43,Noordereiland,4003,468,660,530,693,466,586
Z36,Middelland,Z44,Ommoord,12334,911,1440,1023,1554,908,1143
Z36,Middelland,Z45,Oosterflank,11879,874,1409,973,1518,872,1084
Z36,Middelland,Z46,Oud Charlois,4056,431,655,474,704,430,516
Z36,Middelland,Z47,Oud Crooswijk,3798,397,559,454,587,396,503
Z36,Middelland,Z48,Oud IJsselmonde,8169,822,1234,947,1308,819,1055
Z36,Middelland,Z49,Oud Mathenesse,3375,411,576,466,605,409,516
Z36,Middelland,Z50,Oude Noorden,3409,395,546,449,575,393,493
Z36,Middelland,Z51,Oude Westen,1065,152,196,166,206,151,179
Z36,Middelland,Z52,Overschie,5275,565,840,643,899,564,718
Z36,Middelland,Z53,Pendrecht,6094,616,984,694,1060,614,764
Z36,Middelland,Z54,Prinsenland,10013,931,1389,1056,1471,928,1172
Z36,Middelland,Z55,Provenierswijk,2300,296,421,335,448,294,370
Z36,Middelland,Z56,Rubroek,3131,342,480,390,506,340,430
Z36,Middelland,Z57,Schiebroek,7047,698,1043,805,1113,695,902
Z36,Middelland,Z58,Schiemond,2652,305,412,343,430,303,380
Z36,Middelland,Z59,Schieveen,8591,668,1052,745,1136,667,828
Z36,Middelland,Z60,Spangen,2008,304,392,334,410,303,364
Z36,Middelland,Z61,Stadsdriehoek,2910,358,494,403,519,356,443
Z36,Middelland,Z62,Struisenburg,3897,467,667,539,700,465,596
Z36,Middelland,Z63,Tarwewijk,4268,461,699,492,750,459,548
Z36,Middelland,Z64,Terbregge,8278,789,1140,903,1212,786,1011
Z36,Middelland,Z65,Tussendijken,1921,295,384,328,402,294,356
Z36,Middelland,Z66,Vreewijk,6313,647,1006,726,1083,646,798
Z36,Middelland,Z67,Wielewaal,5843,656,940,718,1002,655,775
Z36,Middelland,Z68,Zestienhoven,6326,618,933,703,994,616,784
Z36,Middelland,Z69,Zevenkamp,12158,878,1448,986,1563,876,1107
Z36,Middelland,Z70,Zuiderpark,6504,660,1026,745,1100,659,821
Z36,Middelland,Z71,Zuidplein,4654,489,784,533,852,487,594
Z36,Middelland,Z72,Zuidwijk,7170,717,1126,807,1207,715,897
Z37,Molenlaankwartier,Z00,'s-Gravenland,7592,672,998,752,1055,668,832
Z37,Molenlaankwartier,Z01,Afrikaanderwijk,12996,959,1526,1074,1635,957,1201
Z37,Molenlaankwartier,Z02,Agniesebuurt,4724,525,687,584,717,523,638
Z37,Molenlaankwartier,Z03,Bedrijvenpark Noord-West,9664,696,1131,769,1218,696,862
Z37,Molenlaankwartier,Z04,Bergpolder,4821,500,676,568,705,500,626
Z37,Molenlaankwartier,Z05,Beverwaard,13243,978,1531,1092,1637,976,1217
Z37,Molenlaankwartier,Z06,Blijdorp,5304,554,754,627,788,554,689
Z37,Molenlaankwartier,Z07,Blijdorpsepolder,6866,765,1040,860,1085,763,944
Z37,Molenlaankwartier,Z08,Bloemhof,13114,1006,1585,1119,1705,1004,1243
Z37,Molenlaankwartier,Z09,Bospolder,9629,961,1376,1093,1436,959,1205
Z37,Molenlaankwartier,Z10,Carnisse,10204,1076,1566,1206,1663,1074,1328
Z37,Molenlaankwartier,Z11,Charlois Zuidrand,22676,1316,2163,1424,2343,1314,1578
Z37,Molenlaankwartier,Z12,Cool,7377,763,1070,866,1120,760,963
Z37,Molenlaankwartier,Z13,Cs Kwartier,6146,691,932,780,975,689,856
Z37,Molenlaankwartier,Z14,De Esch,8458,624,979,703,1046,622,786
Z37,Molenlaankwartier,Z15,Delfshaven,8012,851,1182,966,1246,848,1067
Z37,Molenlaankwartier,Z16,Dijkzigt,7406,787,1091,895,1149,785,986
Z37,Molenlaankwartier,Z17,Feijenoord,8881,972,1495,1101,1599,967,1217
Z37,Molenlaankwartier,Z18,Groot IJsselmonde,12212,889,1419,995,1519,887,1112
Z37,Molenlaankwartier,Z19,Heijplaat,25163,1501,2459,1637,2655,1498,1819
Z37,Molenlaankwartier,Z20,Het Lage Land,4478,468,698,541,734,467,608
Z37,Molenlaankwartier,Z21,Hillegersberg Noord,1581,192,244,213,253,192,230
Z37,Molenlaankwartier,Z22,Hillegersberg Zuid,3315,366,486,412,508,364,451
Z37,Molenlaankwartier,Z23,Hillesluis,12603,924,1491,1040,1600,923,1167
Z37,Molenlaankwartier,Z24,Hoogvliet Noord,20185,1347,2107,1467,2268,1345,1615
Z37,Molenlaankwartier,Z25,Hoogvliet Zuid,23579,1629,2569,1798,2756,1628,1991
Z37,Molenlaankwartier,Z26,Katendrecht,10238,1100,1452,1226,1515,1096,1338
Z37,Molenlaankwartier,Z27,Kleinpolder,6954,646,923,725,975,645,799
Z37,Molenlaankwartier,Z28,Kop van Zuid,8450,879,1202,999,1260,874,1100
Z37,Molenlaankwartier,Z29,Kop van Zuid - Entrepot,8722,920,1340,1049,1406,916,1166
Z37,Molenlaankwartier,Z30,Kralingen Oost,7339,599,926,680,984,596,762
Z37,Molenlaankwartier,Z31,Kralingen West,6351,650,924,733,963,648,814
Z37,Molenlaankwartier,Z32,Kralingse Bos,7012,758,1052,843,1096,757,925
Z37,Molenlaankwartier,Z33,Kralingseveer,9162,701,1107,777,1186,700,864
Z37,Molenlaankwartier,Z34,Liskwartier,3965,419,564,475,589,418,524
Z37,Molenlaankwartier,Z35,Lombardijen,13462,1013,1593,1136,1699,1012,1267
Z37,Molenlaankwartier,Z36,Middelland,6729,744,992,844,1038,742,930
Z37,Molenlaankwartier,Z37,Molenlaankwartier,0,105,105,105,105,105,105
Z37,Molenlaankwartier,Z38,Nesselande,9264,936,1368,1078,1434,935,1208
Z37,Molenlaankwartier,Z39,Nieuw Crooswijk,4117,502,680,563,714,500,621
Z37,Molenlaankwartier,Z40,Nieuwe Werk,8602,937,1310,1074,1382,933,1184
Z37,Molenlaankwartier,Z41,Nieuwe Westen,7079,806,1089,914,1140,805,1005
Z37,Molenlaankwartier,Z42,Noord Kethel,13239,1118,1634,1246,1730,1117,1374
Z37,Molenlaankwartier,Z43,Noordereiland,7844,831,1153,945,1210,827,1045
Z37,Molenlaankwartier,Z44,Ommoord,4216,438,638,506,669,437,566
Z37,Molenlaankwartier,Z45,Oosterflank,6045,652,941,743,986,649,828
Z37,Molenlaankwartier,Z46,Oud Charlois,9811,1022,1506,1155,1604,1021,1276
Z37,Molenlaankwartier,Z47,Oud Crooswijk,4957,512,699,576,728,511,651
Z37,Molenlaankwartier,Z48,Oud IJsselmonde,10474,711,1154,788,1243,708,880
Z37,Molenlaankwartier,Z49,Oud Mathenesse,9399,819,1224,917,1300,817,1017
Z37,Molenlaankwartier,Z50,Oude Noorden,4196,454,604,510,631,452,559
Z37,Molenlaankwartier,Z51,Oude Westen,6862,767,1034,866,1085,764,949
Z37,Molenlaankwartier,Z52,Overschie,9418,678,1074,750,1153,677,834
Z37,Molenlaankwartier,Z53,Pendrecht,12118,1245,1852,1406,1977,1242,1554
Z37,Molenlaankwartier,Z54,Prinsenland,6130,659,948,741,1000,657,825
Z37,Molenlaankwartier,Z55,Provenierswijk,4874,526,708,593,740,525,652
Z37,Molenlaankwartier,Z56,Rubroek,5498,597,789,671,826,595,735
Z37,Molenlaankwartier,Z57,Schiebroek,3013,341,422,377,442,340,399
Z37,Molenlaankwartier,Z58,Schiemond,8996,964,1364,1091,1432,962,1213
Z37,Molenlaankwartier,Z59,Schieveen,9320,685,964,754,1016,684,824
Z37,Molenlaankwartier,Z60,Spangen,9948,901,1292,1024,1369,900,1105
Z37,Molenlaankwartier,Z61,Stadsdriehoek,6975,743,1116,844,1167,739,958
Z37,Molenlaankwartier,Z62,Struisenburg,9387,715,1143,812,1231,714,909
Z37,Molenlaankwartier,Z63,Tarwewijk,10146,1058,1609,1187,1710,1056,1308
Z37,Molenlaankwartier,Z64,Terbregge,1869,209,304,241,319,209,269
Z37,Molenlaankwartier,Z65,Tussendijken,7713,932,1218,1057,1270,930,1133
Z37,Molenlaankwartier,Z66,Vreewijk,13053,995,1590,1118,1710,993,1248
Z37,Molenlaankwartier,Z67,Wielewaal,11599,1254,1791,1399,1901,1252,1535
Z37,Molenlaankwartier,Z68,Zestienhoven,6399,630,841,710,877,629,776
Z37,Molenlaankwartier,Z69,Zevenkamp,6443,665,984,768,1032,664,861
Z37,Molenlaankwartier,Z70,Zuiderpark,14672,1152,1816,1298,1947,1150,1449
Z37,Molenlaankwartier,Z71,Zuidplein,14087,1116,1704,1252,1811,1114,1396
Z37,Molenlaankwartier,Z72,Zuidwijk,14845,1175,1925,1326,2080,1172,1482
Z38,Nesselande,Z00,'s-Gravenland,11973,991,1476,1128,1543,986,1254
Z38,Nesselande,Z01,Afrikaanderwijk,17398,1282,2024,1433,2168,1279,1596
Z38,Nesselande,Z02,Agniesebuurt,14043,1101,1696,1223,1813,1098,1358
Z38,Nesselande,Z03,Bedrijvenpark Noord-West,17902,1190,1909,1316,2054,1188,1462
Z38,Nesselande,Z04,Bergpolder,12544,921,1463,1026,1568,918,1147
Z38,Nesselande,Z05,Beverwaard,17590,1298,2022,1446,2164,1294,1606
Z38,Nesselande,Z06,Blijdorp,13275,1007,1588,1125,1700,1005,1255
Z38,Nesselande,Z07,Blijdorpsepolder,14842,1156,1807,1276,1939,1152,1413
Z38,Nesselande,Z08,Bloemhof,17517,1331,2083,1479,2237,1327,1638
Z38,Nesselande,Z09,Bospolder,17863,1354,2107,1500,2263,1351,1666
Z38,Nesselande,Z10,Carnisse,18912,1455,2290,1626,2464,1452,1805
Z38,Nesselande,Z11,Charlois Zuidrand,26976,1634,2661,1778,2877,1630,1969
Z38,Nesselande,Z12,Cool,16063,1245,1918,1402,2048,1243,1559
Z38,Nesselande,Z13,Cs Kwartier,14705,1136,1797,1275,1926,1133,1426
Z38,Nesselande,Z14,De Esch,12705,943,1469,1055,1572,940,1173
Z38,Nesselande,Z15,Delfshaven,16406,1290,2037,1452,2186,1286,1626
Z38,Nesselande,Z16,Dijkzigt,15989,1250,1972,1407,2115,1247,1571
Z38,Nesselande,Z17,Feijenoord,17607,1339,2045,1479,2187,1336,1632
Z38,Nesselande,Z18,Groot IJsselmonde,16593,1209,1919,1350,2058,1205,1505
Z38,Nesselande,Z19,Heijplaat,29477,1796,2953,1965,3191,1792,2183
Z38,Nesselande,Z20,Het Lage Land,6982,713,1039,825,1089,710,924
Z38,Nesselande,Z21,Hillegersberg Noord,12989,1024,1548,1151,1644,1021,1275
Z38,Nesselande,Z22,Hillegersberg Zuid,13627,1020,1607,1142,1721,1018,1274
Z38,Nesselande,Z23,Hillesluis,17006,1250,1989,1400,2134,1246,1562
Z38,Nesselande,Z24,Hoogvliet Noord,27614,1702,2814,1856,3046,1699,2067
Z38,Nesselande,Z25,Hoogvliet Zuid,30848,1978,3249,2174,3521,1974,2420
Z38,Nesselande,Z26,Katendrecht,18757,1484,2305,1667,2463,1481,1855
Z38,Nesselande,Z27,Kleinpolder,14177,988,1603,1096,1727,986,1225
Z38,Nesselande,Z28,Kop van Zuid,16616,1309,2085,1488,2243,1305,1665
Z38,Nesselande,Z29,Kop van Zuid - Entrepot,17668,1300,2062,1458,2209,1298,1627
Z38,Nesselande,Z30,Kralingen Oost,11672,924,1424,1040,1518,920,1157
Z38,Nesselande,Z31,Kralingen West,13119,1053,1594,1186,1696,1050,1317
Z38,Nesselande,Z32,Kralingse Bos,12385,1122,1642,1246,1743,1118,1367
Z38,Nesselande,Z33,Kralingseveer,13347,986,1584,1106,1702,984,1233
Z38,Nesselande,Z34,Liskwartier,13354,1030,1612,1148,1725,1026,1279
Z38,Nesselande,Z35,Lombardijen,17631,1300,2057,1455,2202,1298,1622
Z38,Nesselande,Z36,Middelland,15171,1191,1854,1332,1984,1189,1483
Z38,Nesselande,Z37,Molenlaankwartier,9226,949,1397,1097,1466,946,1229
Z38,Nesselande,Z38,Nesselande,0,135,135,135,135,135,135
Z38,Nesselande,Z39,Nieuw Crooswijk,10639,1080,1543,1215,1624,1078,1339
Z38,Nesselande,Z40,Nieuwe Werk,16863,1367,2139,1547,2298,1365,1722
Z38,Nesselande,Z41,Nieuwe Westen,15662,1270,1970,1427,2106,1267,1591
Z38,Nesselande,Z42,Noord Kethel,20521,1478,2328,1634,2495,1476,1817
Z38,Nesselande,Z43,Noordereiland,16266,1274,2007,1443,2154,1271,1610
Z38,Nesselande,Z44,Ommoord,6120,639,930,737,978,636,824
Z38,Nesselande,Z45,Oosterflank,6356,667,950,765,996,665,850
Z38,Nesselande,Z46,Oud Charlois,18394,1486,2379,1667,2559,1483,1861
Z38,Nesselande,Z47,Oud Crooswijk,10912,1023,1556,1170,1647,1021,1309
Z38,Nesselande,Z48,Oud IJsselmonde,14683,1030,1629,1142,1750,1027,1270
Z38,Nesselande,Z49,Oud Mathenesse,16829,1181,1918,1307,2064,1178,1462
Z38,Nesselande,Z50,Oude Noorden,14286,1122,1717,1260,1811,1118,1407
Z38,Nesselande,Z51,Oude Westen,15215,1198,1888,1345,2025,1195,1503
Z38,Nesselande,Z52,Overschie,17415,1143,1828,1268,1962,1140,1410
Z38,Nesselande,Z53,Pendrecht,20668,1586,2528,1790,2719,1583,2001
Z38,Nesselande,Z54,Prinsenland,9264,936,1358,1072,1421,934,1193
Z38,Nesselande,Z55,Provenierswijk,13574,1047,1637,1168,1751,1044,1301
Z38,Nesselande,Z56,Rubroek,11786,1135,1692,1295,1784,1133,1441
Z38,Nesselande,Z57,Schiebroek,13939,1081,1647,1214,1755,1078,1346
Z38,Nesselande,Z58,Schiemond,18730,1395,2213,1557,2376,1392,1742
Z38,Nesselande,Z59,Schieveen,17633,1141,1763,1266,1877,1138,1407
Z38,Nesselande,Z60,Spangen,17171,1273,2021,1403,2169,1270,1562
Z38,Nesselande,Z61,Stadsdriehoek,14878,1138,1787,1288,1918,1134,1441
Z38,Nesselande,Z62,Struisenburg,13767,1035,1641,1166,1765,1032,1300
Z38,Nesselande,Z63,Tarwewijk,18784,1443,2252,1615,2408,1440,1797
Z38,Nesselande,Z64,Terbregge,7722,816,1206,944,1266,813,1061
Z38,Nesselande,Z65,Tussendijken,17962,1322,2111,1466,2266,1319,1636
Z38,Nesselande,Z66,Vreewijk,17247,1292,2045,1443,2204,1289,1604
Z38,Nesselande,Z67,Wielewaal,20182,1717,2672,1911,2867,1714,2121
Z38,Nesselande,Z68,Zestienhoven,16319,1134,1755,1259,1873,1130,1404
Z38,Nesselande,Z69,Zevenkamp,3314,366,512,417,541,364,461
Z38,Nesselande,Z70,Zuiderpark,18928,1453,2307,1629,2481,1450,1815
Z38,Nesselande,Z71,Zuidplein,18489,1401,2233,1571,2405,1398,1752
Z38,Nesselande,Z72,Zuidwijk,19048,1488,2426,1666,2619,1484,1852
Z39,Nieuw Crooswijk,Z00,'s-Gravenland,5845,666,915,749,956,662,824
Z39,Nieuw Crooswijk,Z01,Afrikaanderwijk,6363,731,1046,837,1092,727,933
Z39,Nieuw Crooswijk,Z02,Agniesebuurt,2930,360,470,390,493,358,427
Z39,Nieuw Crooswijk,Z03,Bedrijvenpark Noord-West,8720,641,1060,698,1148,638,781
Z39,Nieuw Crooswijk,Z04,Bergpolder,3432,330,492,362,511,328,396
Z39,Nieuw Crooswijk,Z05,Beverwaard,13212,999,1570,1097,1690,996,1212
Z39,Nieuw Crooswijk,Z06,Blijdorp,4113,394,560,440,599,392,484
Z39,Nieuw Crooswijk,Z07,Blijdorpsepolder,6028,586,842,628,899,584,679
Z39,Nieuw Crooswijk,Z08,Bloemhof,7191,825,1166,945,1218,822,1054
Z39,Nieuw Crooswijk,Z09,Bospolder,9031,740,1103,816,1182,738,901
Z39,Nieuw Crooswijk,Z10,Carnisse,8446,909,1401,1005,1485,907,1113
Z39,Nieuw Crooswijk,Z11,Charlois Zuidrand,11148,1178,1776,1330,1913,1176,1464
Z39,Nieuw Crooswijk,Z12,Cool,4160,502,711,572,743,500,634
Z39,Nieuw Crooswijk,Z13,Cs Kwartier,5481,524,785,583,840,521,647
Z39,Nieuw Crooswijk,Z14,De Esch,7941,630,944,704,1022,627,770
Z39,Nieuw Crooswijk,Z15,Delfshaven,6178,667,979,756,1038,664,842
Z39,Nieuw Crooswijk,Z16,Dijkzigt,4829,557,790,630,827,554,701
Z39,Nieuw Crooswijk,Z17,Feijenoord,5812,711,1007,807,1057,707,895
Z39,Nieuw Crooswijk,Z18,Groot IJsselmonde,12157,896,1434,983,1542,893,1088
Z39,Nieuw Crooswijk,Z19,Heijplaat,22444,1375,2204,1486,2394,1371,1642
Z39,Nieuw Crooswijk,Z20,Het Lage Land,4301,494,715,543,763,492,592
Z39,Nieuw Crooswijk,Z21,Hillegersberg Noord,4273,460,582,513,606,458,550
Z39,Nieuw Crooswijk,Z22,Hillegersberg Zuid,2729,298,433,342,457,296,383
Z39,Nieuw Crooswijk,Z23,Hillesluis,6952,775,1154,900,1214,772,1011
Z39,Nieuw Crooswijk,Z24,Hoogvliet Noord,18630,1112,1868,1191,2034,1110,1317
Z39,Nieuw Crooswijk,Z25,Hoogvliet Zuid,21897,1390,2271,1509,2490,1387,1670
Z39,Nieuw Crooswijk,Z26,Katendrecht,6998,823,1112,938,1156,820,1025
Z39,Nieuw Crooswijk,Z27,Kleinpolder,5342,405,645,442,697,403,489
Z39,Nieuw Crooswijk,Z28,Kop van Zuid,5381,615,867,706,904,612,775
Z39,Nieuw Crooswijk,Z29,Kop van Zuid - Entrepot,5505,650,942,747,988,646,834
Z39,Nieuw Crooswijk,Z30,Kralingen Oost,3871,438,591,489,618,435,540
Z39,Nieuw Crooswijk,Z31,Kralingen West,2498,328,430,360,451,326,393
Z39,Nieuw Crooswijk,Z32,Kralingse Bos,3419,484,619,534,642,483,574
Z39,Nieuw Crooswijk,Z33,Kralingseveer,8912,729,1130,786,1218,726,859
Z39,Nieuw Crooswijk,Z34,Liskwartier,2292,269,380,307,395,267,341
Z39,Nieuw Crooswijk,Z35,Lombardijen,12867,1018,1568,1141,1686,1013,1258
Z39,Nieuw Crooswijk,Z36,Middelland,5947,582,843,653,900,579,721
Z39,Nieuw Crooswijk,Z37,Molenlaankwartier,4704,528,710,595,743,526,652
Z39,Nieuw Crooswijk,Z38,Nesselande,10605,1085,1583,1230,1664,1082,1369
Z39,Nieuw Crooswijk,Z39,Nieuw Crooswijk,0,83,83,83,83,83,83
Z39,Nieuw Crooswijk,Z40,Nieuwe Werk,5505,687,971,765,1028,683,842
Z39,Nieuw Crooswijk,Z41,Nieuwe Westen,6491,656,943,742,1005,654,814
Z39,Nieuw Crooswijk,Z42,Noord Kethel,11681,877,1358,963,1456,874,1063
Z39,Nieuw Crooswijk,Z43,Noordereiland,4775,569,815,651,853,567,724
Z39,Nieuw Crooswijk,Z44,Ommoord,6064,619,916,691,975,616,764
Z39,Nieuw Crooswijk,Z45,Oosterflank,5877,678,954,745,1014,674,812
Z39,Nieuw Crooswijk,Z46,Oud Charlois,8054,870,1335,972,1422,868,1068
Z39,Nieuw Crooswijk,Z47,Oud Crooswijk,1470,194,258,214,270,193,236
Z39,Nieuw Crooswijk,Z48,Oud IJsselmonde,10246,737,1161,790,1255,734,864
Z39,Nieuw Crooswijk,Z49,Oud Mathenesse,7750,577,948,634,1026,574,707
Z39,Nieuw Crooswijk,Z50,Oude Noorden,2246,284,375,305,396,281,333
Z39,Nieuw Crooswijk,Z51,Oude Westen,5941,591,845,676,888,590,750
Z39,Nieuw Crooswijk,Z52,Overschie,6746,590,892,653,954,588,722
Z39,Nieuw Crooswijk,Z53,Pendrecht,10193,1052,1646,1201,1759,1049,1341
Z39,Nieuw Crooswijk,Z54,Prinsenland,6505,685,1003,744,1067,682,814
Z39,Nieuw Crooswijk,Z55,Provenierswijk,3167,377,503,427,530,374,460
Z39,Nieuw Crooswijk,Z56,Rubroek,2299,309,379,330,394,307,350
Z39,Nieuw Crooswijk,Z57,Schiebroek,5429,584,771,660,810,580,715
Z39,Nieuw Crooswijk,Z58,Schiemond,8172,783,1158,870,1235,780,960
Z39,Nieuw Crooswijk,Z59,Schieveen,9428,686,1085,741,1159,684,816
Z39,Nieuw Crooswijk,Z60,Spangen,8266,702,1038,775,1107,700,853
Z39,Nieuw Crooswijk,Z61,Stadsdriehoek,3661,442,681,495,717,440,546
Z39,Nieuw Crooswijk,Z62,Struisenburg,3463,440,631,490,666,438,549
Z39,Nieuw Crooswijk,Z63,Tarwewijk,8049,859,1224,979,1280,857,1086
Z39,Nieuw Crooswijk,Z64,Terbregge,3946,432,645,488,691,429,544
Z39,Nieuw Crooswijk,Z65,Tussendijken,8800,709,1083,782,1165,706,870
Z39,Nieuw Crooswijk,Z66,Vreewijk,9605,966,1496,1069,1625,963,1177
Z39,Nieuw Crooswijk,Z67,Wielewaal,9841,1081,1626,1196,1722,1079,1320
Z39,Nieuw Crooswijk,Z68,Zestienhoven,6058,565,806,619,867,562,675
Z39,Nieuw Crooswijk,Z69,Zevenkamp,8699,846,1328,959,1406,842,1071
Z39,Nieuw Crooswijk,Z70,Zuiderpark,9683,1037,1449,1164,1520,1034,1277
Z39,Nieuw Crooswijk,Z71,Zuidplein,8250,901,1313,1029,1379,900,1151
Z39,Nieuw Crooswijk,Z72,Zuidwijk,10107,1066,1556,1221,1641,1064,1348
Z40,Nieuwe Werk,Z00,'s-Gravenland,7391,823,1172,924,1239,818,1010
Z40,Nieuwe Werk,Z01,Afrikaanderwijk,3622,430,612,492,643,429,542
Z40,Nieuwe Werk,Z02,Agniesebuurt,3520,483,682,544,722,480,604
Z40,Nieuwe Werk,Z03,Bedrijvenpark Noord-West,9427,843,1255,960,1314,841,1076
Z40,Nieuwe Werk,Z04,Bergpolder,5199,563,858,651,917,561,728
Z40,Nieuwe Werk,Z05,Beverwaard,9314,962,1425,1110,1498,958,1242
Z40,Nieuwe Werk,Z06,Blijdorp,4482,506,757,579,813,504,643
Z40,Nieuwe Werk,Z07,Blijdorpsepolder,5337,662,850,733,885,660,794
Z40,Nieuwe Werk,Z08,Bloemhof,4126,511,722,575,760,507,639
Z40,Nieuwe Werk,Z09,Bospolder,3430,432,586,481,613,431,526
Z40,Nieuwe Werk,Z10,Carnisse,4260,489,733,535,782,488,589
Z40,Nieuwe Werk,Z11,Charlois Zuidrand,6870,767,1133,849,1212,766,930
Z40,Nieuwe Werk,Z12,Cool,2397,325,481,356,485,322,415
Z40,Nieuwe Werk,Z13,Cs Kwartier,3591,424,610,481,648,422,532
Z40,Nieuwe Werk,Z14,De Esch,5749,618,936,706,1007,617,787
Z40,Nieuwe Werk,Z15,Delfshaven,2153,279,381,314,402,277,345
Z40,Nieuwe Werk,Z16,Dijkzigt,2448,292,404,330,426,292,362
Z40,Nieuwe Werk,Z17,Feijenoord,4129,526,733,590,772,522,649
Z40,Nieuwe Werk,Z18,Groot IJsselmonde,7852,847,1203,970,1262,845,1076
Z40,Nieuwe Werk,Z19,Heijplaat,9469,1005,1541,1140,1649,1001,1268
Z40,Nieuwe Werk,Z20,Het Lage Land,8681,915,1420,1046,1516,912,1172
Z40,Nieuwe Werk,Z21,Hillegersberg Noord,7670,845,1156,954,1273,841,1050
Z40,Nieuwe Werk,Z22,Hillegersberg Zuid,6282,669,1036,774,1103,667,890
Z40,Nieuwe Werk,Z23,Hillesluis,4419,513,733,579,771,511,646
Z40,Nieuwe Werk,Z24,Hoogvliet Noord,13372,1098,1730,1221,1871,1096,1353
Z40,Nieuwe Werk,Z25,Hoogvliet Zuid,13795,1243,1959,1423,2112,1241,1591
Z40,Nieuwe Werk,Z26,Katendrecht,3963,499,706,569,743,497,631
Z40,Nieuwe Werk,Z27,Kleinpolder,6193,640,980,738,1054,639,824
Z40,Nieuwe Werk,Z28,Kop van Zuid,2341,301,445,348,472,299,390
Z40,Nieuwe Werk,Z29,Kop van Zuid - Entrepot,3450,428,620,493,652,425,551
Z40,Nieuwe Werk,Z30,Kralingen Oost,5210,576,844,657,900,572,732
Z40,Nieuwe Werk,Z31,Kralingen West,4344,546,764,608,838,542,670
Z40,Nieuwe Werk,Z32,Kralingse Bos,6374,867,1164,960,1272,863,1041
Z40,Nieuwe Werk,Z33,Kralingseveer,7382,764,1174,861,1267,761,960
Z40,Nieuwe Werk,Z34,Liskwartier,4807,607,854,669,936,603,738
Z40,Nieuwe Werk,Z35,Lombardijen,7256,767,1116,857,1187,764,950
Z40,Nieuwe Werk,Z36,Middelland,2490,318,384,342,396,318,364
Z40,Nieuwe Werk,Z37,Molenlaankwartier,8341,916,1289,1047,1389,915,1158
Z40,Nieuwe Werk,Z38,Nesselande,16920,1394,2149,1558,2308,1391,1736
Z40,Nieuwe Werk,Z39,Nieuw Crooswijk,5500,682,1009,781,1072,678,869
Z40,Nieuwe Werk,Z40,Nieuwe Werk,0,73,73,73,73,73,73
Z40,Nieuwe Werk,Z41,Nieuwe Westen,3133,436,553,478,576,434,514
Z40,Nieuwe Werk,Z42,Noord Kethel,11004,1069,1538,1215,1614,1067,1346
Z40,Nieuwe Werk,Z43,Noordereiland,3461,422,604,474,640,419,526
Z40,Nieuwe Werk,Z44,Ommoord,10040,1044,1622,1196,1731,1042,1339
Z40,Nieuwe Werk,Z45,Oosterflank,13388,1084,1712,1215,1850,1081,1362
Z40,Nieuwe Werk,Z46,Oud Charlois,3894,450,679,498,726,449,548
Z40,Nieuwe Werk,Z47,Oud Crooswijk,4684,553,782,614,796,549,685
Z40,Nieuwe Werk,Z48,Oud IJsselmonde,6583,713,1055,816,1114,710,913
Z40,Nieuwe Werk,Z49,Oud Mathenesse,4993,544,790,628,828,542,701
Z40,Nieuwe Werk,Z50,Oude Noorden,4822,582,808,663,838,577,727
Z40,Nieuwe Werk,Z51,Oude Westen,2864,369,510,420,534,368,454
Z40,Nieuwe Werk,Z52,Overschie,7474,808,1202,927,1285,806,1035
Z40,Nieuwe Werk,Z53,Pendrecht,5955,641,990,720,1065,639,799
Z40,Nieuwe Werk,Z54,Prinsenland,8625,949,1383,1057,1477,946,1158
Z40,Nieuwe Werk,Z55,Provenierswijk,4500,544,782,613,845,542,679
Z40,Nieuwe Werk,Z56,Rubroek,3694,477,663,540,700,474,598
Z40,Nieuwe Werk,Z57,Schiebroek,8897,952,1412,1095,1503,950,1223
Z40,Nieuwe Werk,Z58,Schiemond,2684,346,479,396,499,344,438
Z40,Nieuwe Werk,Z59,Schieveen,10791,927,1414,1033,1522,926,1142
Z40,Nieuwe Werk,Z60,Spangen,4373,567,718,623,746,565,673
Z40,Nieuwe Werk,Z61,Stadsdriehoek,2543,320,458,355,491,317,392
Z40,Nieuwe Werk,Z62,Struisenburg,3374,408,613,459,660,405,512
Z40,Nieuwe Werk,Z63,Tarwewijk,4093,472,716,516,768,470,569
Z40,Nieuwe Werk,Z64,Terbregge,8534,898,1402,1028,1498,894,1153
Z40,Nieuwe Werk,Z65,Tussendijken,3576,458,600,510,626,455,556
Z40,Nieuwe Werk,Z66,Vreewijk,6017,644,1007,737,1102,642,820
Z40,Nieuwe Werk,Z67,Wielewaal,5596,664,958,728,1020,663,796
Z40,Nieuwe Werk,Z68,Zestienhoven,8510,859,1294,991,1380,857,1105
Z40,Nieuwe Werk,Z69,Zevenkamp,14100,1094,1764,1236,1908,1091,1381
Z40,Nieuwe Werk,Z70,Zuiderpark,6337,668,1044,757,1121,666,844
Z40,Nieuwe Werk,Z71,Zuidplein,4532,518,789,571,847,516,630
Z40,Nieuwe Werk,Z72,Zuidwijk,6994,729,1145,827,1227,723,926
Z41,Nieuwe Westen,Z00,'s-Gravenland,8284,958,1350,1077,1411,954,1183
Z41,Nieuwe Westen,Z01,Afrikaanderwijk,6079,660,977,752,1041,658,836
Z41,Nieuwe Westen,Z02,Agniesebuurt,3374,435,621,497,654,432,550
Z41,Nieuwe Westen,Z03,Bedrijvenpark Noord-West,5322,553,786,634,826,551,704
Z41,Nieuwe Westen,Z04,Bergpolder,4367,418,625,473,656,417,523
Z41,Nieuwe Westen,Z05,Beverwaard,12130,1185,1800,1366,1891,1182,1548
Z41,Nieuwe Westen,Z06,Blijdorp,2556,347,493,383,528,346,421
Z41,Nieuwe Westen,Z07,Blijdorpsepolder,2480,355,456,391,474,353,422
Z41,Nieuwe Westen,Z08,Bloemhof,6679,715,1107,798,1185,713,901
Z41,Nieuwe Westen,Z09,Bospolder,1712,267,325,286,342,266,303
Z41,Nieuwe Westen,Z10,Carnisse,5332,588,915,644,983,584,727
Z41,Nieuwe Westen,Z11,Charlois Zuidrand,7992,872,1325,963,1429,870,1068
Z41,Nieuwe Westen,Z12,Cool,2582,369,504,415,528,367,458
Z41,Nieuwe Westen,Z13,Cs Kwartier,1899,282,386,318,406,280,349
Z41,Nieuwe Westen,Z14,De Esch,7186,794,1121,909,1175,791,1007
Z41,Nieuwe Westen,Z15,Delfshaven,1838,245,313,267,328,242,287
Z41,Nieuwe Westen,Z16,Dijkzigt,2274,283,368,314,382,282,340
Z41,Nieuwe Westen,Z17,Feijenoord,5946,739,1035,837,1086,735,927
Z41,Nieuwe Westen,Z18,Groot IJsselmonde,10342,1073,1567,1224,1660,1069,1364
Z41,Nieuwe Westen,Z19,Heijplaat,10581,1107,1723,1250,1849,1103,1406
Z41,Nieuwe Westen,Z20,Het Lage Land,9061,908,1371,1037,1453,906,1159
Z41,Nieuwe Westen,Z21,Hillegersberg Noord,6354,734,991,836,1042,732,925
Z41,Nieuwe Westen,Z22,Hillegersberg Zuid,5593,529,775,602,823,527,668
Z41,Nieuwe Westen,Z23,Hillesluis,6853,728,1105,839,1177,726,945
Z41,Nieuwe Westen,Z24,Hoogvliet Noord,15549,1040,1620,1135,1744,1036,1249
Z41,Nieuwe Westen,Z25,Hoogvliet Zuid,17773,1327,2087,1485,2239,1324,1643
Z41,Nieuwe Westen,Z26,Katendrecht,6420,757,1082,864,1138,755,955
Z41,Nieuwe Westen,Z27,Kleinpolder,3329,361,500,409,526,359,451
Z41,Nieuwe Westen,Z28,Kop van Zuid,4798,532,798,612,854,529,681
Z41,Nieuwe Westen,Z29,Kop van Zuid - Entrepot,5858,640,958,739,1022,637,829
Z41,Nieuwe Westen,Z30,Kralingen Oost,6278,721,1016,828,1064,718,918
Z41,Nieuwe Westen,Z31,Kralingen West,4880,597,829,670,867,595,735
Z41,Nieuwe Westen,Z32,Kralingse Bos,7282,867,1173,974,1225,865,1066
Z41,Nieuwe Westen,Z33,Kralingseveer,8785,931,1359,1064,1436,927,1181
Z41,Nieuwe Westen,Z34,Liskwartier,3772,496,655,549,687,494,596
Z41,Nieuwe Westen,Z35,Lombardijen,8602,882,1299,974,1389,879,1088
Z41,Nieuwe Westen,Z36,Middelland,1132,175,251,199,268,173,221
Z41,Nieuwe Westen,Z37,Molenlaankwartier,7016,821,1100,933,1157,820,1028
Z41,Nieuwe Westen,Z38,Nesselande,16435,1243,1947,1384,2086,1241,1541
Z41,Nieuwe Westen,Z39,Nieuw Crooswijk,6814,603,895,668,949,600,737
Z41,Nieuwe Westen,Z40,Nieuwe Werk,3548,458,588,505,612,456,546
Z41,Nieuwe Westen,Z41,Nieuwe Westen,0,80,80,80,80,80,80
Z41,Nieuwe Westen,Z42,Noord Kethel,8570,811,1147,914,1225,808,1007
Z41,Nieuwe Westen,Z43,Noordereiland,4909,598,842,681,882,596,755
Z41,Nieuwe Westen,Z44,Ommoord,13697,1002,1544,1105,1664,998,1228
Z41,Nieuwe Westen,Z45,Oosterflank,13172,943,1500,1033,1616,940,1146
Z41,Nieuwe Westen,Z46,Oud Charlois,4966,541,852,598,920,539,675
Z41,Nieuwe Westen,Z47,Oud Crooswijk,4385,509,708,579,744,508,639
Z41,Nieuwe Westen,Z48,Oud IJsselmonde,9147,930,1426,1072,1512,926,1209
Z41,Nieuwe Westen,Z49,Oud Mathenesse,2808,312,444,356,464,310,374
Z41,Nieuwe Westen,Z50,Oude Noorden,3926,507,687,574,721,505,632
Z41,Nieuwe Westen,Z51,Oude Westen,1814,280,375,315,394,277,344
Z41,Nieuwe Westen,Z52,Overschie,4709,527,722,598,757,525,661
Z41,Nieuwe Westen,Z53,Pendrecht,7066,764,1161,850,1257,761,935
Z41,Nieuwe Westen,Z54,Prinsenland,13652,1033,1541,1161,1657,1030,1268
Z41,Nieuwe Westen,Z55,Provenierswijk,2972,406,550,460,596,404,510
Z41,Nieuwe Westen,Z56,Rubroek,3661,449,632,511,662,448,567
Z41,Nieuwe Westen,Z57,Schiebroek,7764,795,1149,897,1219,792,993
Z41,Nieuwe Westen,Z58,Schiemond,2449,357,455,389,477,356,417
Z41,Nieuwe Westen,Z59,Schieveen,8027,660,970,733,1032,658,808
Z41,Nieuwe Westen,Z60,Spangen,1252,200,244,216,253,199,230
Z41,Nieuwe Westen,Z61,Stadsdriehoek,4052,479,699,556,731,477,625
Z41,Nieuwe Westen,Z62,Struisenburg,4706,581,831,670,871,578,747
Z41,Nieuwe Westen,Z63,Tarwewijk,5165,570,898,625,969,566,707
Z41,Nieuwe Westen,Z64,Terbregge,8945,885,1299,998,1379,882,1103
Z41,Nieuwe Westen,Z65,Tussendijken,1183,191,239,208,249,190,224
Z41,Nieuwe Westen,Z66,Vreewijk,7306,793,1218,882,1308,790,971
Z41,Nieuwe Westen,Z67,Wielewaal,6685,765,1140,837,1220,763,934
Z41,Nieuwe Westen,Z68,Zestienhoven,7282,642,959,717,1022,640,801
Z41,Nieuwe Westen,Z69,Zevenkamp,13521,944,1533,1046,1653,942,1167
Z41,Nieuwe Westen,Z70,Zuiderpark,7459,773,1218,869,1314,771,974
Z41,Nieuwe Westen,Z71,Zuidplein,5604,653,988,732,1055,650,807
Z41,Nieuwe Westen,Z72,Zuidwijk,8116,826,1325,936,1426,823,1064
Z42,Noord Kethel,Z00,'s-Gravenland,18271,1299,2031,1410,2180,1296,1550
Z42,Noord Kethel,Z01,Afrikaanderwijk,13489,1269,1870,1452,1967,1268,1613
Z42,Noord Kethel,Z02,Agniesebuurt,10807,907,1343,998,1425,906,1096
Z42,Noord Kethel,Z03,Bedrijvenpark Noord-West,6313,650,922,735,966,646,821
Z42,Noord Kethel,Z04,Bergpolder,9308,731,1108,804,1179,730,885
Z42,Noord Kethel,Z05,Beverwaard,27317,1568,2571,1683,2784,1566,1856
Z42,Noord Kethel,Z06,Blijdorp,8851,756,1126,844,1199,754,931
Z42,Noord Kethel,Z07,Blijdorpsepolder,7994,757,1080,832,1141,755,906
Z42,Noord Kethel,Z08,Bloemhof,14153,1351,2016,1530,2128,1349,1697
Z42,Noord Kethel,Z09,Bospolder,8004,783,1089,872,1142,782,955
Z42,Noord Kethel,Z10,Carnisse,12851,1223,1824,1376,1926,1221,1523
Z42,Noord Kethel,Z11,Charlois Zuidrand,16867,1146,1752,1242,1880,1144,1355
Z42,Noord Kethel,Z12,Cool,11055,1022,1455,1159,1526,1019,1281
Z42,Noord Kethel,Z13,Cs Kwartier,10001,869,1318,976,1408,866,1079
Z42,Noord Kethel,Z14,De Esch,19096,1230,1988,1338,2146,1228,1480
Z42,Noord Kethel,Z15,Delfshaven,9150,881,1237,991,1294,880,1092
Z42,Noord Kethel,Z16,Dijkzigt,10332,946,1322,1067,1385,944,1172
Z42,Noord Kethel,Z17,Feijenoord,14115,1374,2000,1563,2104,1371,1732
Z42,Noord Kethel,Z18,Groot IJsselmonde,22891,1516,2438,1649,2630,1513,1823
Z42,Noord Kethel,Z19,Heijplaat,17019,1201,1846,1314,1975,1197,1441
Z42,Noord Kethel,Z20,Het Lage Land,15859,1258,1986,1397,2127,1257,1552
Z42,Noord Kethel,Z21,Hillegersberg Noord,13119,1040,1543,1151,1642,1038,1265
Z42,Noord Kethel,Z22,Hillegersberg Zuid,10438,833,1264,924,1345,832,1021
Z42,Noord Kethel,Z23,Hillesluis,14256,1345,2002,1546,2107,1343,1726
Z42,Noord Kethel,Z24,Hoogvliet Noord,12877,938,1397,1020,1492,936,1113
Z42,Noord Kethel,Z25,Hoogvliet Zuid,16108,1219,1852,1349,1973,1217,1485
Z42,Noord Kethel,Z26,Katendrecht,13890,1347,1973,1542,2075,1346,1714
Z42,Noord Kethel,Z27,Kleinpolder,7637,654,980,734,1040,651,808
Z42,Noord Kethel,Z28,Kop van Zuid,12283,1146,1693,1310,1784,1144,1455
Z42,Noord Kethel,Z29,Kop van Zuid - Entrepot,13411,1276,1877,1455,1980,1273,1613
Z42,Noord Kethel,Z30,Kralingen Oost,14494,1179,1780,1306,1895,1176,1442
Z42,Noord Kethel,Z31,Kralingen West,13292,1068,1633,1178,1742,1065,1298
Z42,Noord Kethel,Z32,Kralingse Bos,14200,1208,1764,1322,1872,1207,1443
Z42,Noord Kethel,Z33,Kralingseveer,19738,1293,2116,1409,2287,1291,1558
Z42,Noord Kethel,Z34,Liskwartier,10118,836,1257,924,1336,834,1016
Z42,Noord Kethel,Z35,Lombardijen,22659,1338,2174,1438,2349,1336,1586
Z42,Noord Kethel,Z36,Middelland,10178,909,1280,1020,1340,908,1120
Z42,Noord Kethel,Z37,Molenlaankwartier,14141,1145,1711,1266,1821,1144,1393
Z42,Noord Kethel,Z38,Nesselande,20926,1515,2386,1677,2557,1513,1864
Z42,Noord Kethel,Z39,Nieuw Crooswijk,11808,901,1392,989,1490,899,1090
Z42,Noord Kethel,Z40,Nieuwe Werk,11059,1065,1527,1210,1600,1064,1338
Z42,Noord Kethel,Z41,Nieuwe Westen,8508,826,1185,928,1242,824,1021
Z42,Noord Kethel,Z42,Noord Kethel,0,114,114,114,114,114,114
Z42,Noord Kethel,Z43,Noordereiland,13706,1232,1853,1402,1955,1228,1590
Z42,Noord Kethel,Z44,Ommoord,18672,1294,2057,1420,2212,1292,1573
Z42,Noord Kethel,Z45,Oosterflank,17851,1232,1960,1347,2106,1231,1490
Z42,Noord Kethel,Z46,Oud Charlois,12458,1170,1758,1324,1860,1168,1470
Z42,Noord Kethel,Z47,Oud Crooswijk,12522,960,1503,1063,1608,959,1179
Z42,Noord Kethel,Z48,Oud IJsselmonde,21071,1316,2156,1423,2335,1314,1573
Z42,Noord Kethel,Z49,Oud Mathenesse,6619,596,852,670,895,595,737
Z42,Noord Kethel,Z50,Oude Noorden,11050,929,1392,1035,1474,926,1142
Z42,Noord Kethel,Z51,Oude Westen,10578,953,1428,1067,1525,951,1178
Z42,Noord Kethel,Z52,Overschie,6692,748,1013,833,1060,744,920
Z42,Noord Kethel,Z53,Pendrecht,17615,1176,1848,1288,1991,1174,1415
Z42,Noord Kethel,Z54,Prinsenland,18534,1341,2092,1462,2240,1339,1613
Z42,Noord Kethel,Z55,Provenierswijk,10338,854,1282,943,1362,852,1039
Z42,Noord Kethel,Z56,Rubroek,11750,1045,1565,1178,1666,1043,1302
Z42,Noord Kethel,Z57,Schiebroek,12875,1067,1605,1190,1712,1064,1319
Z42,Noord Kethel,Z58,Schiemond,8871,823,1194,934,1254,821,1034
Z42,Noord Kethel,Z59,Schieveen,9619,923,1306,1048,1367,919,1166
Z42,Noord Kethel,Z60,Spangen,7371,688,960,765,1006,686,837
Z42,Noord Kethel,Z61,Stadsdriehoek,12227,1137,1612,1288,1792,1134,1422
Z42,Noord Kethel,Z62,Struisenburg,14249,1185,1803,1312,1922,1182,1449
Z42,Noord Kethel,Z63,Tarwewijk,12709,1193,1808,1354,1912,1190,1503
Z42,Noord Kethel,Z64,Terbregge,15103,1198,1864,1328,1983,1195,1468
Z42,Noord Kethel,Z65,Tussendijken,7752,737,1045,828,1096,735,911
Z42,Noord Kethel,Z66,Vreewijk,23015,1392,2173,1577,2327,1390,1754
Z42,Noord Kethel,Z67,Wielewaal,19171,1394,2049,1522,2164,1392,1667
Z42,Noord Kethel,Z68,Zestienhoven,8351,893,1278,1010,1435,889,1121
Z42,Noord Kethel,Z69,Zevenkamp,18130,1237,1998,1360,2151,1235,1512
Z42,Noord Kethel,Z70,Zuiderpark,18462,1300,2030,1431,2164,1298,1577
Z42,Noord Kethel,Z71,Zuidplein,13139,1238,1867,1397,1978,1236,1549
Z42,Noord Kethel,Z72,Zuidwijk,18996,1296,2024,1428,2172,1294,1575
Z43,Noordereiland,Z00,'s-Gravenland,6486,711,994,802,1046,708,878
Z43,Noordereiland,Z01,Afrikaanderwijk,2188,245,338,277,357,244,304
Z43,Noordereiland,Z02,Agniesebuurt,3669,422,628,486,663,418,545
Z43,Noordereiland,Z03,Bedrijvenpark Noord-West,10284,896,1423,1017,1520,892,1147
Z43,Noordereiland,Z04,Bergpolder,4882,515,770,596,811,513,670
Z43,Noordereiland,Z05,Beverwaard,7820,765,1149,888,1206,763,997
Z43,Noordereiland,Z06,Blijdorp,4814,505,755,583,794,503,656
Z43,Noordereiland,Z07,Blijdorpsepolder,6610,761,1123,872,1187,758,972
Z43,Noordereiland,Z08,Bloemhof,3320,386,545,439,574,384,485
Z43,Noordereiland,Z09,Bospolder,5579,604,905,685,957,601,763
Z43,Noordereiland,Z10,Carnisse,4756,524,742,594,781,522,656
Z43,Noordereiland,Z11,Charlois Zuidrand,7798,811,1210,932,1285,809,1039
Z43,Noordereiland,Z12,Cool,2533,290,427,333,450,288,372
Z43,Noordereiland,Z13,Cs Kwartier,4218,491,698,558,736,488,618
Z43,Noordereiland,Z14,De Esch,5043,502,779,584,835,501,654
Z43,Noordereiland,Z15,Delfshaven,4410,454,691,525,740,452,587
Z43,Noordereiland,Z16,Dijkzigt,3202,337,507,391,535,335,439
Z43,Noordereiland,Z17,Feijenoord,1656,232,291,250,303,230,268
Z43,Noordereiland,Z18,Groot IJsselmonde,6168,636,916,727,961,633,808
Z43,Noordereiland,Z19,Heijplaat,10432,1063,1582,1228,1663,1059,1374
Z43,Noordereiland,Z20,Het Lage Land,7787,785,1222,901,1295,783,1012
Z43,Noordereiland,Z21,Hillegersberg Noord,7026,731,1004,826,1054,727,911
Z43,Noordereiland,Z22,Hillegersberg Zuid,5972,618,918,710,966,614,800
Z43,Noordereiland,Z23,Hillesluis,2777,295,442,341,466,293,384
Z43,Noordereiland,Z24,Hoogvliet Noord,14299,1162,1797,1313,1928,1158,1461
Z43,Noordereiland,Z25,Hoogvliet Zuid,14582,1306,2026,1514,2169,1303,1700
Z43,Noordereiland,Z26,Katendrecht,3072,377,531,432,558,375,479
Z43,Noordereiland,Z27,Kleinpolder,6863,687,1045,797,1109,686,896
Z43,Noordereiland,Z28,Kop van Zuid,1464,175,251,200,269,174,220
Z43,Noordereiland,Z29,Kop van Zuid - Entrepot,1330,177,224,195,233,176,208
Z43,Noordereiland,Z30,Kralingen Oost,4496,464,683,535,725,462,596
Z43,Noordereiland,Z31,Kralingen West,3450,413,558,461,582,411,505
Z43,Noordereiland,Z32,Kralingse Bos,5525,735,966,798,1068,732,854
Z43,Noordereiland,Z33,Kralingseveer,6669,653,1037,749,1120,651,839
Z43,Noordereiland,Z34,Liskwartier,4715,514,739,587,780,510,654
Z43,Noordereiland,Z35,Lombardijen,5616,596,861,680,900,594,758
Z43,Noordereiland,Z36,Middelland,3872,439,635,504,666,437,562
Z43,Noordereiland,Z37,Molenlaankwartier,7680,802,1113,913,1169,799,1011
Z43,Noordereiland,Z38,Nesselande,16074,1284,2023,1455,2171,1280,1626
Z43,Noordereiland,Z39,Nieuw Crooswijk,4606,552,811,635,852,549,709
Z43,Noordereiland,Z40,Nieuwe Werk,3298,387,548,440,579,385,486
Z43,Noordereiland,Z41,Nieuwe Westen,4572,566,814,646,855,564,717
Z43,Noordereiland,Z42,Noord Kethel,13710,1167,1763,1311,1872,1164,1458
Z43,Noordereiland,Z43,Noordereiland,0,59,59,59,59,59,59
Z43,Noordereiland,Z44,Ommoord,9146,910,1424,1049,1510,907,1180
Z43,Noordereiland,Z45,Oosterflank,12675,967,1554,1086,1678,964,1210
Z43,Noordereiland,Z46,Oud Charlois,4726,500,737,575,777,498,645
Z43,Noordereiland,Z47,Oud Crooswijk,3738,400,592,466,623,397,524
Z43,Noordereiland,Z48,Oud IJsselmonde,5090,511,781,594,829,508,668
Z43,Noordereiland,Z49,Oud Mathenesse,7274,735,1109,854,1173,733,960
Z43,Noordereiland,Z50,Oude Noorden,4043,435,630,499,665,432,557
Z43,Noordereiland,Z51,Oude Westen,3663,423,607,482,637,420,535
Z43,Noordereiland,Z52,Overschie,8144,853,1267,986,1340,851,1106
Z43,Noordereiland,Z53,Pendrecht,6721,686,1028,796,1083,684,893
Z43,Noordereiland,Z54,Prinsenland,7853,838,1225,935,1305,836,1026
Z43,Noordereiland,Z55,Provenierswijk,4289,501,706,565,741,498,625
Z43,Noordereiland,Z56,Rubroek,2748,330,476,378,501,328,420
Z43,Noordereiland,Z57,Schiebroek,8732,888,1223,1008,1282,883,1113
Z43,Noordereiland,Z58,Schiemond,4988,538,789,609,839,536,682
Z43,Noordereiland,Z59,Schieveen,11085,944,1449,1071,1544,942,1186
Z43,Noordereiland,Z60,Spangen,6218,690,972,784,1017,687,867
Z43,Noordereiland,Z61,Stadsdriehoek,1703,205,303,235,322,203,263
Z43,Noordereiland,Z62,Struisenburg,2588,291,456,338,489,288,380
Z43,Noordereiland,Z63,Tarwewijk,3655,421,583,473,611,418,521
Z43,Noordereiland,Z64,Terbregge,7640,768,1210,882,1285,765,994
Z43,Noordereiland,Z65,Tussendijken,5837,649,922,737,977,646,815
Z43,Noordereiland,Z66,Vreewijk,4363,511,753,582,788,508,646
Z43,Noordereiland,Z67,Wielewaal,6516,729,1026,820,1081,727,904
Z43,Noordereiland,Z68,Zestienhoven,8192,812,1207,936,1274,809,1047
Z43,Noordereiland,Z69,Zevenkamp,13092,983,1607,1114,1736,980,1249
Z43,Noordereiland,Z70,Zuiderpark,6016,605,928,698,985,603,784
Z43,Noordereiland,Z71,Zuidplein,4333,466,684,538,723,463,603
Z43,Noordereiland,Z72,Zuidwijk,6190,628,966,726,1026,625,816
Z44,Ommoord,Z00,'s-Gravenland,7447,700,991,774,1030,697,859
Z44,Ommoord,Z01,Afrikaanderwijk,13190,981,1541,1092,1649,979,1217
Z44,Ommoord,Z02,Agniesebuurt,7766,775,1171,865,1244,772,961
Z44,Ommoord,Z03,Bedrijvenpark Noord-West,15255,952,1565,1037,1695,950,1157
Z44,Ommoord,Z04,Bergpolder,10386,673,1093,733,1180,671,816
Z44,Ommoord,Z05,Beverwaard,13382,998,1577,1122,1684,994,1235
Z44,Ommoord,Z06,Blijdorp,11117,762,1222,838,1316,760,935
Z44,Ommoord,Z07,Blijdorpsepolder,12723,911,1441,989,1553,908,1093
Z44,Ommoord,Z08,Bloemhof,13308,1008,1592,1123,1711,1005,1247
Z44,Ommoord,Z09,Bospolder,15492,1109,1765,1214,1899,1107,1347
Z44,Ommoord,Z10,Carnisse,14704,1142,1800,1272,1936,1140,1414
Z44,Ommoord,Z11,Charlois Zuidrand,22870,1347,2186,1451,2366,1344,1603
Z44,Ommoord,Z12,Cool,8664,869,1348,994,1428,868,1116
Z44,Ommoord,Z13,Cs Kwartier,12571,909,1447,1006,1557,907,1122
Z44,Ommoord,Z14,De Esch,8653,636,985,709,1051,633,790
Z44,Ommoord,Z15,Delfshaven,13796,1041,1624,1159,1752,1038,1295
Z44,Ommoord,Z16,Dijkzigt,9333,935,1430,1057,1512,933,1182
Z44,Ommoord,Z17,Feijenoord,12694,1061,1601,1190,1694,1056,1296
Z44,Ommoord,Z18,Groot IJsselmonde,12225,908,1433,1013,1543,905,1129
Z44,Ommoord,Z19,Heijplaat,25357,1509,2491,1641,2692,1505,1823
Z44,Ommoord,Z20,Het Lage Land,3509,390,567,447,594,388,499
Z44,Ommoord,Z21,Hillegersberg Noord,5343,566,816,654,849,564,726
Z44,Ommoord,Z22,Hillegersberg Zuid,7005,719,1039,827,1088,717,911
Z44,Ommoord,Z23,Hillesluis,12797,940,1499,1053,1607,938,1178
Z44,Ommoord,Z24,Hoogvliet Noord,25456,1459,2452,1570,2666,1457,1743
Z44,Ommoord,Z25,Hoogvliet Zuid,27658,1688,2780,1869,3029,1686,2080
Z44,Ommoord,Z26,Katendrecht,14550,1199,1843,1333,1973,1196,1464
Z44,Ommoord,Z27,Kleinpolder,11969,769,1262,838,1366,768,934
Z44,Ommoord,Z28,Kop van Zuid,9884,993,1538,1139,1631,990,1280
Z44,Ommoord,Z29,Kop van Zuid - Entrepot,12723,979,1552,1106,1661,976,1246
Z44,Ommoord,Z30,Kralingen Oost,7533,601,933,684,990,598,766
Z44,Ommoord,Z31,Kralingen West,6710,672,1024,755,1089,669,841
Z44,Ommoord,Z32,Kralingse Bos,7028,791,1094,872,1140,789,952
Z44,Ommoord,Z33,Kralingseveer,8687,693,1096,767,1176,691,853
Z44,Ommoord,Z34,Liskwartier,8231,720,1131,812,1203,718,905
Z44,Ommoord,Z35,Lombardijen,13667,1015,1609,1143,1716,1014,1278
Z44,Ommoord,Z36,Middelland,12717,962,1496,1070,1583,959,1195
Z44,Ommoord,Z37,Molenlaankwartier,4134,446,648,517,677,444,574
Z44,Ommoord,Z38,Nesselande,6161,625,905,717,950,623,803
Z44,Ommoord,Z39,Nieuw Crooswijk,6009,622,944,699,1008,619,778
Z44,Ommoord,Z40,Nieuwe Werk,10008,1060,1630,1211,1737,1058,1356
Z44,Ommoord,Z41,Nieuwe Westen,13504,1024,1604,1140,1722,1023,1271
Z44,Ommoord,Z42,Noord Kethel,18308,1245,1975,1361,2124,1244,1509
Z44,Ommoord,Z43,Noordereiland,9279,937,1452,1073,1538,934,1205
Z44,Ommoord,Z44,Ommoord,0,152,152,152,152,152,152
Z44,Ommoord,Z45,Oosterflank,3863,454,641,516,674,452,574
Z44,Ommoord,Z46,Oud Charlois,15672,1208,1958,1347,2119,1205,1503
Z44,Ommoord,Z47,Oud Crooswijk,5973,556,891,632,953,554,712
Z44,Ommoord,Z48,Oud IJsselmonde,10668,716,1160,792,1248,713,884
Z44,Ommoord,Z49,Oud Mathenesse,14670,946,1565,1032,1694,943,1152
Z44,Ommoord,Z50,Oude Noorden,7216,694,1057,782,1124,691,872
Z44,Ommoord,Z51,Oude Westen,12829,950,1489,1073,1594,948,1201
Z44,Ommoord,Z52,Overschie,14590,909,1471,996,1596,907,1109
Z44,Ommoord,Z53,Pendrecht,16670,1300,2083,1476,2239,1297,1655
Z44,Ommoord,Z54,Prinsenland,5552,606,868,690,906,605,766
Z44,Ommoord,Z55,Provenierswijk,10852,799,1211,882,1304,795,981
Z44,Ommoord,Z56,Rubroek,6802,699,1069,790,1135,697,883
Z44,Ommoord,Z57,Schiebroek,6715,702,972,792,1020,700,873
Z44,Ommoord,Z58,Schiemond,15176,1143,1804,1289,1937,1139,1441
Z44,Ommoord,Z59,Schieveen,14911,909,1397,991,1493,907,1087
Z44,Ommoord,Z60,Spangen,15010,1044,1655,1146,1785,1043,1271
Z44,Ommoord,Z61,Stadsdriehoek,7936,834,1296,952,1379,831,1065
Z44,Ommoord,Z62,Struisenburg,9559,748,1170,841,1256,747,936
Z44,Ommoord,Z63,Tarwewijk,14576,1122,1810,1265,1946,1119,1406
Z44,Ommoord,Z64,Terbregge,2775,306,444,353,464,304,396
Z44,Ommoord,Z65,Tussendijken,15804,1077,1745,1180,1882,1075,1316
Z44,Ommoord,Z66,Vreewijk,13247,997,1597,1122,1716,995,1252
Z44,Ommoord,Z67,Wielewaal,17460,1419,2246,1583,2420,1418,1762
Z44,Ommoord,Z68,Zestienhoven,13598,886,1389,966,1488,884,1072
Z44,Ommoord,Z69,Zevenkamp,3447,354,522,407,548,353,456
Z44,Ommoord,Z70,Zuiderpark,14866,1163,1822,1302,1953,1161,1453
Z44,Ommoord,Z71,Zuidplein,14281,1136,1804,1282,1938,1133,1414
Z44,Ommoord,Z72,Zuidwijk,15040,1176,1949,1330,2104,1174,1486
Z45,Oosterflank,Z00,'s-Gravenland,4920,617,823,685,855,613,746
Z45,Oosterflank,Z01,Afrikaanderwijk,12905,985,1547,1102,1656,983,1227
Z45,Oosterflank,Z02,Agniesebuurt,8162,824,1287,920,1384,821,1017
Z45,Oosterflank,Z03,Bedrijvenpark Noord-West,14930,927,1538,1012,1665,924,1125
Z45,Oosterflank,Z04,Bergpolder,9685,662,1092,728,1183,660,812
Z45,Oosterflank,Z05,Beverwaard,13019,998,1552,1106,1661,995,1235
Z45,Oosterflank,Z06,Blijdorp,10433,745,1218,822,1316,742,919
Z45,Oosterflank,Z07,Blijdorpsepolder,12023,904,1445,984,1560,900,1089
Z45,Oosterflank,Z08,Bloemhof,13084,1031,1590,1138,1708,1028,1256
Z45,Oosterflank,Z09,Bospolder,15224,1096,1761,1205,1899,1092,1338
Z45,Oosterflank,Z10,Carnisse,14350,1157,1798,1286,1933,1155,1423
Z45,Oosterflank,Z11,Charlois Zuidrand,22507,1341,2193,1451,2372,1338,1608
Z45,Oosterflank,Z12,Cool,9036,935,1428,1060,1512,933,1188
Z45,Oosterflank,Z13,Cs Kwartier,11764,888,1424,981,1537,885,1093
Z45,Oosterflank,Z14,De Esch,8267,649,986,721,1052,647,798
Z45,Oosterflank,Z15,Delfshaven,13659,1054,1688,1178,1821,1050,1318
Z45,Oosterflank,Z16,Dijkzigt,12926,978,1511,1112,1597,975,1243
Z45,Oosterflank,Z17,Feijenoord,13170,1062,1611,1174,1721,1058,1296
Z45,Oosterflank,Z18,Groot IJsselmonde,12053,926,1432,1027,1532,924,1137
Z45,Oosterflank,Z19,Heijplaat,25019,1518,2483,1656,2682,1514,1832
Z45,Oosterflank,Z20,Het Lage Land,1973,280,386,311,406,277,341
Z45,Oosterflank,Z21,Hillegersberg Noord,7372,756,1171,850,1229,753,944
Z45,Oosterflank,Z22,Hillegersberg Zuid,10815,768,1245,850,1345,766,950
Z45,Oosterflank,Z23,Hillesluis,12496,949,1505,1062,1613,947,1188
Z45,Oosterflank,Z24,Hoogvliet Noord,24755,1467,2452,1577,2667,1464,1747
Z45,Oosterflank,Z25,Hoogvliet Zuid,27774,1703,2787,1879,3026,1701,2090
Z45,Oosterflank,Z26,Katendrecht,14271,1187,1813,1325,1932,1184,1472
Z45,Oosterflank,Z27,Kleinpolder,11538,763,1258,829,1363,761,921
Z45,Oosterflank,Z28,Kop van Zuid,12114,1017,1620,1163,1744,1014,1306
Z45,Oosterflank,Z29,Kop van Zuid - Entrepot,13244,1008,1602,1125,1717,1005,1263
Z45,Oosterflank,Z30,Kralingen Oost,7171,624,932,699,987,620,775
Z45,Oosterflank,Z31,Kralingen West,7133,724,1085,808,1150,721,901
Z45,Oosterflank,Z32,Kralingse Bos,6625,807,1092,905,1144,803,984
Z45,Oosterflank,Z33,Kralingseveer,5581,557,868,637,930,555,713
Z45,Oosterflank,Z34,Liskwartier,10467,767,1201,844,1296,764,940
Z45,Oosterflank,Z35,Lombardijen,13251,1022,1608,1150,1713,1020,1285
Z45,Oosterflank,Z36,Middelland,12449,950,1501,1051,1614,946,1168
Z45,Oosterflank,Z37,Molenlaankwartier,5989,643,949,740,998,641,831
Z45,Oosterflank,Z38,Nesselande,6415,676,946,772,992,674,858
Z45,Oosterflank,Z39,Nieuw Crooswijk,6026,678,995,743,1060,676,821
Z45,Oosterflank,Z40,Nieuwe Werk,12406,1078,1686,1230,1811,1076,1375
Z45,Oosterflank,Z41,Nieuwe Westen,12775,1017,1608,1134,1728,1014,1265
Z45,Oosterflank,Z42,Noord Kethel,17809,1233,1963,1346,2113,1231,1491
Z45,Oosterflank,Z43,Noordereiland,11772,994,1533,1121,1641,992,1246
Z45,Oosterflank,Z44,Ommoord,3786,447,624,503,655,444,553
Z45,Oosterflank,Z45,Oosterflank,0,92,92,92,92,92,92
Z45,Oosterflank,Z46,Oud Charlois,15405,1213,1944,1366,2090,1211,1522
Z45,Oosterflank,Z47,Oud Crooswijk,6241,622,954,698,1017,619,777
Z45,Oosterflank,Z48,Oud IJsselmonde,10306,736,1159,807,1246,732,893
Z45,Oosterflank,Z49,Oud Mathenesse,13923,919,1544,1003,1675,916,1123
Z45,Oosterflank,Z50,Oude Noorden,7595,754,1138,848,1209,751,946
Z45,Oosterflank,Z51,Oude Westen,12455,976,1540,1078,1657,972,1199
Z45,Oosterflank,Z52,Overschie,14160,902,1454,991,1574,899,1098
Z45,Oosterflank,Z53,Pendrecht,16231,1304,2077,1480,2233,1302,1657
Z45,Oosterflank,Z54,Prinsenland,3840,472,674,538,708,469,597
Z45,Oosterflank,Z55,Provenierswijk,10732,788,1275,870,1373,784,973
Z45,Oosterflank,Z56,Rubroek,7280,751,1148,856,1220,750,956
Z45,Oosterflank,Z57,Schiebroek,10967,818,1262,918,1353,816,1021
Z45,Oosterflank,Z58,Schiemond,16022,1154,1861,1280,2006,1151,1420
Z45,Oosterflank,Z59,Schieveen,14643,913,1369,997,1465,912,1100
Z45,Oosterflank,Z60,Spangen,14518,1021,1658,1112,1791,1018,1236
Z45,Oosterflank,Z61,Stadsdriehoek,10193,856,1348,971,1431,853,1085
Z45,Oosterflank,Z62,Struisenburg,9197,752,1157,850,1234,751,946
Z45,Oosterflank,Z63,Tarwewijk,14214,1145,1760,1274,1881,1142,1414
Z45,Oosterflank,Z64,Terbregge,4515,504,734,579,770,501,646
Z45,Oosterflank,Z65,Tussendijken,15103,1070,1749,1175,1888,1067,1312
Z45,Oosterflank,Z66,Vreewijk,12824,1014,1596,1137,1713,1011,1261
Z45,Oosterflank,Z67,Wielewaal,17192,1445,2277,1595,2455,1442,1772
Z45,Oosterflank,Z68,Zestienhoven,13330,878,1361,983,1460,876,1098
Z45,Oosterflank,Z69,Zevenkamp,3583,419,625,488,659,417,549
Z45,Oosterflank,Z70,Zuiderpark,14491,1175,1821,1316,1950,1172,1461
Z45,Oosterflank,Z71,Zuidplein,13919,1124,1798,1266,1940,1120,1415
Z45,Oosterflank,Z72,Zuidwijk,14630,1199,1956,1344,2111,1196,1494
Z46,Oud Charlois,Z00,'s-Gravenland,10524,1072,1597,1204,1709,1068,1326
Z46,Oud Charlois,Z01,Afrikaanderwijk,3405,413,580,460,604,411,505
Z46,Oud Charlois,Z02,Agniesebuurt,6583,719,1116,809,1199,715,896
Z46,Oud Charlois,Z03,Bedrijvenpark Noord-West,11174,1000,1634,1112,1773,996,1243
Z46,Oud Charlois,Z04,Bergpolder,6856,713,1134,805,1224,710,895
Z46,Oud Charlois,Z05,Beverwaard,8966,926,1371,1062,1438,924,1194
Z46,Oud Charlois,Z06,Blijdorp,6072,652,1046,736,1130,649,818
Z46,Oud Charlois,Z07,Blijdorpsepolder,7483,840,1201,928,1277,837,1014
Z46,Oud Charlois,Z08,Bloemhof,3344,419,595,470,623,417,516
Z46,Oud Charlois,Z09,Bospolder,5725,653,978,728,1040,651,805
Z46,Oud Charlois,Z10,Carnisse,1441,236,284,251,295,234,266
Z46,Oud Charlois,Z11,Charlois Zuidrand,3984,472,664,534,704,470,587
Z46,Oud Charlois,Z12,Cool,4750,518,812,576,874,515,638
Z46,Oud Charlois,Z13,Cs Kwartier,5143,569,888,636,957,567,700
Z46,Oud Charlois,Z14,De Esch,8695,887,1409,1008,1527,885,1122
Z46,Oud Charlois,Z15,Delfshaven,4387,492,762,544,823,489,601
Z46,Oud Charlois,Z16,Dijkzigt,3962,443,680,484,733,440,529
Z46,Oud Charlois,Z17,Feijenoord,5468,593,863,676,903,591,751
Z46,Oud Charlois,Z18,Groot IJsselmonde,7225,798,1117,893,1185,797,977
Z46,Oud Charlois,Z19,Heijplaat,6080,664,943,759,990,662,841
Z46,Oud Charlois,Z20,Het Lage Land,13602,1085,1722,1214,1863,1083,1351
Z46,Oud Charlois,Z21,Hillegersberg Noord,9662,1004,1499,1140,1599,1001,1266
Z46,Oud Charlois,Z22,Hillegersberg Zuid,8212,833,1321,947,1423,830,1056
Z46,Oud Charlois,Z23,Hillesluis,4025,452,667,518,704,450,577
Z46,Oud Charlois,Z24,Hoogvliet Noord,10409,800,1241,887,1342,798,981
Z46,Oud Charlois,Z25,Hoogvliet Zuid,10958,957,1503,1097,1618,954,1224
Z46,Oud Charlois,Z26,Katendrecht,4176,527,726,585,756,524,638
Z46,Oud Charlois,Z27,Kleinpolder,7764,779,1256,884,1361,777,984
Z46,Oud Charlois,Z28,Kop van Zuid,4246,483,726,558,768,480,625
Z46,Oud Charlois,Z29,Kop van Zuid - Entrepot,4305,508,747,582,783,505,649
Z46,Oud Charlois,Z30,Kralingen Oost,8163,848,1321,960,1422,844,1065
Z46,Oud Charlois,Z31,Kralingen West,7270,798,1233,904,1364,794,1005
Z46,Oud Charlois,Z32,Kralingse Bos,9300,1140,1633,1262,1798,1137,1377
Z46,Oud Charlois,Z33,Kralingseveer,10367,945,1476,1063,1595,942,1180
Z46,Oud Charlois,Z34,Liskwartier,7027,770,1178,856,1268,767,945
Z46,Oud Charlois,Z35,Lombardijen,4971,563,736,618,771,561,667
Z46,Oud Charlois,Z36,Middelland,4537,494,762,547,818,492,603
Z46,Oud Charlois,Z37,Molenlaankwartier,10455,1103,1611,1239,1715,1100,1368
Z46,Oud Charlois,Z38,Nesselande,19332,1545,2438,1733,2623,1542,1934
Z46,Oud Charlois,Z39,Nieuw Crooswijk,9362,913,1375,1023,1473,910,1134
Z46,Oud Charlois,Z40,Nieuwe Werk,4601,547,819,605,876,545,666
Z46,Oud Charlois,Z41,Nieuwe Westen,5260,601,943,667,1018,598,745
Z46,Oud Charlois,Z42,Noord Kethel,13271,1289,1969,1453,2082,1286,1610
Z46,Oud Charlois,Z43,Noordereiland,5338,593,871,680,921,590,757
Z46,Oud Charlois,Z44,Ommoord,16010,1299,2020,1448,2184,1295,1599
Z46,Oud Charlois,Z45,Oosterflank,15601,1250,1975,1390,2162,1247,1547
Z46,Oud Charlois,Z46,Oud Charlois,0,86,86,86,86,86,86
Z46,Oud Charlois,Z47,Oud Crooswijk,7587,798,1204,900,1286,796,996
Z46,Oud Charlois,Z48,Oud IJsselmonde,5951,658,977,748,1051,655,828
Z46,Oud Charlois,Z49,Oud Mathenesse,7114,769,1176,869,1252,767,968
Z46,Oud Charlois,Z50,Oude Noorden,7169,789,1183,883,1268,786,968
Z46,Oud Charlois,Z51,Oude Westen,4459,514,786,556,841,511,608
Z46,Oud Charlois,Z52,Overschie,9189,956,1488,1081,1602,953,1202
Z46,Oud Charlois,Z53,Pendrecht,2999,352,523,397,563,350,442
Z46,Oud Charlois,Z54,Prinsenland,11632,1118,1646,1235,1763,1116,1352
Z46,Oud Charlois,Z55,Provenierswijk,6177,687,1063,769,1167,684,851
Z46,Oud Charlois,Z56,Rubroek,6822,718,1102,806,1182,716,891
Z46,Oud Charlois,Z57,Schiebroek,10924,1081,1684,1230,1810,1078,1373
Z46,Oud Charlois,Z58,Schiemond,4944,570,869,623,936,568,688
Z46,Oud Charlois,Z59,Schieveen,12352,1072,1705,1192,1841,1070,1321
Z46,Oud Charlois,Z60,Spangen,6297,726,1066,802,1141,722,879
Z46,Oud Charlois,Z61,Stadsdriehoek,5458,589,918,657,992,586,728
Z46,Oud Charlois,Z62,Struisenburg,6243,674,1081,762,1174,672,848
Z46,Oud Charlois,Z63,Tarwewijk,1693,252,332,276,348,249,292
Z46,Oud Charlois,Z64,Terbregge,14417,1151,1825,1291,1970,1149,1438
Z46,Oud Charlois,Z65,Tussendijken,5746,683,990,751,1057,679,822
Z46,Oud Charlois,Z66,Vreewijk,3675,442,617,489,656,440,537
Z46,Oud Charlois,Z67,Wielewaal,2245,318,365,332,376,317,345
Z46,Oud Charlois,Z68,Zestienhoven,10087,1009,1570,1129,1687,1006,1255
Z46,Oud Charlois,Z69,Zevenkamp,16548,1263,2028,1413,2194,1260,1575
Z46,Oud Charlois,Z70,Zuiderpark,3208,395,571,450,604,393,502
Z46,Oud Charlois,Z71,Zuidplein,1955,298,382,323,401,297,346
Z46,Oud Charlois,Z72,Zuidwijk,4152,461,687,528,732,459,584
Z47,Oud Crooswijk,Z00,'s-Gravenland,4993,546,728,612,761,543,668
Z47,Oud Crooswijk,Z01,Afrikaanderwijk,5517,607,855,702,899,604,769
Z47,Oud Crooswijk,Z02,Agniesebuurt,1956,256,328,285,340,254,309
Z47,Oud Crooswijk,Z03,Bedrijvenpark Noord-West,9418,690,1135,772,1226,688,867
Z47,Oud Crooswijk,Z04,Bergpolder,3365,334,476,384,499,333,427
Z47,Oud Crooswijk,Z05,Beverwaard,10572,932,1476,1043,1596,927,1165
Z47,Oud Crooswijk,Z06,Blijdorp,3177,335,478,382,504,333,426
Z47,Oud Crooswijk,Z07,Blijdorpsepolder,5092,601,848,664,897,597,734
Z47,Oud Crooswijk,Z08,Bloemhof,6345,678,990,774,1036,675,869
Z47,Oud Crooswijk,Z09,Bospolder,6121,725,1041,826,1028,721,929
Z47,Oud Crooswijk,Z10,Carnisse,7600,787,1206,883,1283,785,980
Z47,Oud Crooswijk,Z11,Charlois Zuidrand,10302,1080,1616,1215,1727,1077,1345
Z47,Oud Crooswijk,Z12,Cool,3314,364,549,426,579,362,481
Z47,Oud Crooswijk,Z13,Cs Kwartier,3989,452,645,516,683,450,575
Z47,Oud Crooswijk,Z14,De Esch,5202,498,703,569,739,496,634
Z47,Oud Crooswijk,Z15,Delfshaven,5331,559,821,644,863,557,730
Z47,Oud Crooswijk,Z16,Dijkzigt,3983,432,632,500,664,431,559
Z47,Oud Crooswijk,Z17,Feijenoord,4965,563,812,642,854,560,715
Z47,Oud Crooswijk,Z18,Groot IJsselmonde,9517,865,1354,965,1454,860,1079
Z47,Oud Crooswijk,Z19,Heijplaat,12884,1305,2014,1490,2148,1301,1676
Z47,Oud Crooswijk,Z20,Het Lage Land,4655,435,696,495,745,433,556
Z47,Oud Crooswijk,Z21,Hillegersberg Noord,4443,465,600,519,625,463,564
Z47,Oud Crooswijk,Z22,Hillegersberg Zuid,3277,344,480,389,504,342,430
Z47,Oud Crooswijk,Z23,Hillesluis,6105,649,985,760,1012,646,859
Z47,Oud Crooswijk,Z24,Hoogvliet Noord,19388,1172,1934,1262,2100,1168,1391
Z47,Oud Crooswijk,Z25,Hoogvliet Zuid,22782,1456,2394,1597,2581,1453,1772
Z47,Oud Crooswijk,Z26,Katendrecht,6142,686,976,768,1019,684,861
Z47,Oud Crooswijk,Z27,Kleinpolder,6171,471,747,520,800,469,575
Z47,Oud Crooswijk,Z28,Kop van Zuid,4534,490,681,560,716,488,616
Z47,Oud Crooswijk,Z29,Kop van Zuid - Entrepot,4658,509,773,594,818,506,673
Z47,Oud Crooswijk,Z30,Kralingen Oost,2961,305,419,345,441,303,381
Z47,Oud Crooswijk,Z31,Kralingen West,1464,174,247,199,261,172,221
Z47,Oud Crooswijk,Z32,Kralingse Bos,2876,394,497,433,518,392,463
Z47,Oud Crooswijk,Z33,Kralingseveer,6288,639,1038,739,1118,635,823
Z47,Oud Crooswijk,Z34,Liskwartier,2122,238,332,269,352,236,299
Z47,Oud Crooswijk,Z35,Lombardijen,8945,924,1427,1056,1563,921,1178
Z47,Oud Crooswijk,Z36,Middelland,4427,498,702,572,740,497,629
Z47,Oud Crooswijk,Z37,Molenlaankwartier,5125,536,710,606,741,534,663
Z47,Oud Crooswijk,Z38,Nesselande,11000,1035,1568,1185,1659,1034,1327
Z47,Oud Crooswijk,Z39,Nieuw Crooswijk,1474,205,285,230,302,203,253
Z47,Oud Crooswijk,Z40,Nieuwe Werk,4686,558,775,640,825,556,703
Z47,Oud Crooswijk,Z41,Nieuwe Westen,4971,593,825,678,867,590,749
Z47,Oud Crooswijk,Z42,Noord Kethel,12442,943,1453,1041,1550,941,1149
Z47,Oud Crooswijk,Z43,Noordereiland,3929,420,619,483,650,418,540
Z47,Oud Crooswijk,Z44,Ommoord,6014,560,898,643,960,557,723
Z47,Oud Crooswijk,Z45,Oosterflank,6223,618,946,697,1006,615,776
Z47,Oud Crooswijk,Z46,Oud Charlois,7207,748,1160,850,1238,746,949
Z47,Oud Crooswijk,Z47,Oud Crooswijk,0,52,52,52,52,52,52
Z47,Oud Crooswijk,Z48,Oud IJsselmonde,7630,668,1081,746,1168,664,839
Z47,Oud Crooswijk,Z49,Oud Mathenesse,8602,636,1033,708,1115,634,792
Z47,Oud Crooswijk,Z50,Oude Noorden,1488,173,230,193,238,172,212
Z47,Oud Crooswijk,Z51,Oude Westen,4162,493,710,566,746,491,636
Z47,Oud Crooswijk,Z52,Overschie,7452,637,970,709,1035,634,785
Z47,Oud Crooswijk,Z53,Pendrecht,9245,954,1452,1090,1549,950,1228
Z47,Oud Crooswijk,Z54,Prinsenland,5692,597,849,684,904,594,759
Z47,Oud Crooswijk,Z55,Provenierswijk,2785,316,441,360,466,313,398
Z47,Oud Crooswijk,Z56,Rubroek,1158,186,246,208,259,186,228
Z47,Oud Crooswijk,Z57,Schiebroek,5859,578,772,649,808,576,714
Z47,Oud Crooswijk,Z58,Schiemond,6321,672,962,779,1006,669,874
Z47,Oud Crooswijk,Z59,Schieveen,9907,745,1137,818,1216,743,901
Z47,Oud Crooswijk,Z60,Spangen,9125,712,952,792,997,709,872
Z47,Oud Crooswijk,Z61,Stadsdriehoek,2574,301,463,346,487,298,402
Z47,Oud Crooswijk,Z62,Struisenburg,2423,286,457,331,488,285,384
Z47,Oud Crooswijk,Z63,Tarwewijk,6766,710,1028,809,1072,707,903
Z47,Oud Crooswijk,Z64,Terbregge,4508,417,684,477,734,415,537
Z47,Oud Crooswijk,Z65,Tussendijken,5664,713,954,813,998,711,881
Z47,Oud Crooswijk,Z66,Vreewijk,7965,851,1219,963,1280,848,1060
Z47,Oud Crooswijk,Z67,Wielewaal,8995,959,1430,1073,1519,957,1184
Z47,Oud Crooswijk,Z68,Zestienhoven,6943,597,908,675,967,594,747
Z47,Oud Crooswijk,Z69,Zevenkamp,8156,770,1222,891,1300,768,1007
Z47,Oud Crooswijk,Z70,Zuiderpark,8713,894,1328,1035,1397,892,1158
Z47,Oud Crooswijk,Z71,Zuidplein,7403,794,1117,904,1171,791,999
Z47,Oud Crooswijk,Z72,Zuidwijk,9257,917,1360,1063,1438,914,1189
Z48,Oud IJsselmonde,Z00,'s-Gravenland,7041,594,866,656,920,590,713
Z48,Oud IJsselmonde,Z01,Afrikaanderwijk,3452,362,504,410,528,360,452
Z48,Oud IJsselmonde,Z02,Agniesebuurt,7268,777,1121,892,1178,773,992
Z48,Oud IJsselmonde,Z03,Bedrijvenpark Noord-West,19092,1040,1788,1121,1953,1037,1246
Z48,Oud IJsselmonde,Z04,Bergpolder,13497,764,1304,824,1424,762,916
Z48,Oud IJsselmonde,Z05,Beverwaard,4118,416,596,474,630,413,526
Z48,Oud IJsselmonde,Z06,Blijdorp,14228,842,1416,913,1541,840,1014
Z48,Oud IJsselmonde,Z07,Blijdorpsepolder,15835,991,1634,1064,1780,988,1173
Z48,Oud IJsselmonde,Z08,Bloemhof,3719,418,599,468,631,415,512
Z48,Oud IJsselmonde,Z09,Bospolder,8704,898,1320,1027,1390,894,1143
Z48,Oud IJsselmonde,Z10,Carnisse,5115,550,824,625,886,548,690
Z48,Oud IJsselmonde,Z11,Charlois Zuidrand,14553,818,1331,874,1448,816,958
Z48,Oud IJsselmonde,Z12,Cool,6081,613,887,701,918,610,780
Z48,Oud IJsselmonde,Z13,Cs Kwartier,7924,820,1259,959,1339,816,1073
Z48,Oud IJsselmonde,Z14,De Esch,5375,412,654,461,706,410,511
Z48,Oud IJsselmonde,Z15,Delfshaven,7455,745,1102,860,1168,741,958
Z48,Oud IJsselmonde,Z16,Dijkzigt,6908,686,1010,786,1068,683,875
Z48,Oud IJsselmonde,Z17,Feijenoord,3705,420,532,456,556,416,488
Z48,Oud IJsselmonde,Z18,Groot IJsselmonde,3152,349,498,397,529,346,440
Z48,Oud IJsselmonde,Z19,Heijplaat,17056,1003,1640,1085,1776,999,1194
Z48,Oud IJsselmonde,Z20,Het Lage Land,8671,565,932,622,1012,563,693
Z48,Oud IJsselmonde,Z21,Hillegersberg Noord,14176,867,1401,948,1520,865,1050
Z48,Oud IJsselmonde,Z22,Hillegersberg Zuid,14625,866,1442,944,1566,863,1051
Z48,Oud IJsselmonde,Z23,Hillesluis,3059,332,463,375,488,329,413
Z48,Oud IJsselmonde,Z24,Hoogvliet Noord,19609,1039,1729,1108,1884,1036,1220
Z48,Oud IJsselmonde,Z25,Hoogvliet Zuid,19887,1189,1961,1315,2128,1186,1457
Z48,Oud IJsselmonde,Z26,Katendrecht,4812,559,779,636,817,556,702
Z48,Oud IJsselmonde,Z27,Kleinpolder,15172,851,1448,913,1581,849,1010
Z48,Oud IJsselmonde,Z28,Kop van Zuid,4498,460,666,527,700,457,585
Z48,Oud IJsselmonde,Z29,Kop van Zuid - Entrepot,3763,381,547,435,576,378,482
Z48,Oud IJsselmonde,Z30,Kralingen Oost,6038,468,716,518,774,466,569
Z48,Oud IJsselmonde,Z31,Kralingen West,7619,618,911,686,974,616,753
Z48,Oud IJsselmonde,Z32,Kralingse Bos,8325,695,1045,764,1118,691,853
Z48,Oud IJsselmonde,Z33,Kralingseveer,5384,414,666,463,720,411,511
Z48,Oud IJsselmonde,Z34,Liskwartier,13998,864,1453,944,1582,862,1047
Z48,Oud IJsselmonde,Z35,Lombardijen,4203,443,648,508,682,441,564
Z48,Oud IJsselmonde,Z36,Middelland,7620,753,1087,865,1147,749,950
Z48,Oud IJsselmonde,Z37,Molenlaankwartier,11027,762,1227,850,1320,760,948
Z48,Oud IJsselmonde,Z38,Nesselande,14817,1028,1623,1145,1743,1025,1272
Z48,Oud IJsselmonde,Z39,Nieuw Crooswijk,10675,798,1252,859,1362,795,940
Z48,Oud IJsselmonde,Z40,Nieuwe Werk,6342,674,969,770,1020,671,853
Z48,Oud IJsselmonde,Z41,Nieuwe Westen,8301,873,1274,995,1344,869,1089
Z48,Oud IJsselmonde,Z42,Noord Kethel,21516,1321,2168,1430,2349,1319,1585
Z48,Oud IJsselmonde,Z43,Noordereiland,4984,501,730,570,770,498,636
Z48,Oud IJsselmonde,Z44,Ommoord,10768,762,1230,841,1334,757,936
Z48,Oud IJsselmonde,Z45,Oosterflank,11434,730,1185,801,1298,726,885
Z48,Oud IJsselmonde,Z46,Oud Charlois,5886,600,877,685,924,596,766
Z48,Oud IJsselmonde,Z47,Oud Crooswijk,8458,706,1102,805,1179,703,899
Z48,Oud IJsselmonde,Z48,Oud IJsselmonde,0,128,128,128,128,128,128
Z48,Oud IJsselmonde,Z49,Oud Mathenesse,10318,1018,1758,1179,1919,1014,1257
Z48,Oud IJsselmonde,Z50,Oude Noorden,9552,821,1240,931,1323,817,1034
Z48,Oud IJsselmonde,Z51,Oude Westen,7242,764,1092,872,1144,761,966
Z48,Oud IJsselmonde,Z52,Overschie,18561,992,1676,1073,1833,989,1194
Z48,Oud IJsselmonde,Z53,Pendrecht,6915,708,1078,817,1154,706,910
Z48,Oud IJsselmonde,Z54,Prinsenland,6738,598,857,643,912,596,694
Z48,Oud IJsselmonde,Z55,Provenierswijk,7888,853,1431,948,1556,850,1054
Z48,Oud IJsselmonde,Z56,Rubroek,8378,710,1072,801,1147,707,887
Z48,Oud IJsselmonde,Z57,Schiebroek,15129,925,1521,1014,1649,922,1127
Z48,Oud IJsselmonde,Z58,Schiemond,8015,819,1208,936,1278,815,1045
Z48,Oud IJsselmonde,Z59,Schieveen,18778,1014,1628,1093,1761,1013,1207
Z48,Oud IJsselmonde,Z60,Spangen,9487,1000,1427,1139,1506,995,1259
Z48,Oud IJsselmonde,Z61,Stadsdriehoek,6193,606,915,689,991,604,772
Z48,Oud IJsselmonde,Z62,Struisenburg,6393,517,818,570,892,514,630
Z48,Oud IJsselmonde,Z63,Tarwewijk,4838,520,726,585,762,516,644
Z48,Oud IJsselmonde,Z64,Terbregge,9368,631,1030,699,1113,629,780
Z48,Oud IJsselmonde,Z65,Tussendijken,8951,931,1336,1060,1411,927,1175
Z48,Oud IJsselmonde,Z66,Vreewijk,3494,405,595,458,639,402,505
Z48,Oud IJsselmonde,Z67,Wielewaal,7673,826,1164,930,1224,823,1025
Z48,Oud IJsselmonde,Z68,Zestienhoven,16123,980,1620,1070,1757,977,1186
Z48,Oud IJsselmonde,Z69,Zevenkamp,11977,743,1238,822,1343,740,917
Z48,Oud IJsselmonde,Z70,Zuiderpark,5175,569,847,654,903,567,725
Z48,Oud IJsselmonde,Z71,Zuidplein,4692,499,779,576,843,496,644
Z48,Oud IJsselmonde,Z72,Zuidwijk,5295,585,863,671,922,582,745
Z49,Oud Mathenesse,Z00,'s-Gravenland,14077,952,1544,1029,1668,949,1135
Z49,Oud Mathenesse,Z01,Afrikaanderwijk,7550,770,1148,890,1209,768,995
Z49,Oud Mathenesse,Z02,Agniesebuurt,6527,579,880,637,940,576,703
Z49,Oud Mathenesse,Z03,Bedrijvenpark Noord-West,3925,415,619,480,651,412,539
Z49,Oud Mathenesse,Z04,Bergpolder,5026,403,647,443,697,401,491
Z49,Oud Mathenesse,Z05,Beverwaard,19655,1254,2075,1366,2248,1251,1517
Z49,Oud Mathenesse,Z06,Blijdorp,4524,425,674,482,726,423,536
Z49,Oud Mathenesse,Z07,Blijdorpsepolder,3755,428,619,471,658,425,514
Z49,Oud Mathenesse,Z08,Bloemhof,8270,853,1295,969,1371,852,1079
Z49,Oud Mathenesse,Z09,Bospolder,2120,272,368,306,384,271,337
Z49,Oud Mathenesse,Z10,Carnisse,6960,725,1103,814,1169,723,905
Z49,Oud Mathenesse,Z11,Charlois Zuidrand,9445,987,1486,1114,1582,986,1234
Z49,Oud Mathenesse,Z12,Cool,5477,550,774,628,810,548,698
Z49,Oud Mathenesse,Z13,Cs Kwartier,3962,498,741,576,780,495,648
Z49,Oud Mathenesse,Z14,De Esch,14707,900,1530,978,1664,897,1087
Z49,Oud Mathenesse,Z15,Delfshaven,3267,391,524,439,547,390,481
Z49,Oud Mathenesse,Z16,Dijkzigt,4884,486,659,550,687,484,604
Z49,Oud Mathenesse,Z17,Feijenoord,8232,876,1279,1002,1347,873,1114
Z49,Oud Mathenesse,Z18,Groot IJsselmonde,18031,1143,1851,1288,2013,1140,1431
Z49,Oud Mathenesse,Z19,Heijplaat,17801,1109,1803,1208,1948,1106,1332
Z49,Oud Mathenesse,Z20,Het Lage Land,11640,927,1526,1034,1644,924,1158
Z49,Oud Mathenesse,Z21,Hillegersberg Noord,8884,701,1084,770,1164,699,849
Z49,Oud Mathenesse,Z22,Hillegersberg Zuid,6184,498,793,556,851,496,620
Z49,Oud Mathenesse,Z23,Hillesluis,8355,846,1276,983,1344,844,1104
Z49,Oud Mathenesse,Z24,Hoogvliet Noord,13810,852,1381,925,1494,851,1024
Z49,Oud Mathenesse,Z25,Hoogvliet Zuid,17083,1128,1809,1243,1945,1126,1376
Z49,Oud Mathenesse,Z26,Katendrecht,8007,849,1252,981,1317,848,1096
Z49,Oud Mathenesse,Z27,Kleinpolder,3091,307,435,345,455,306,379
Z49,Oud Mathenesse,Z28,Kop van Zuid,6269,641,969,746,1025,638,837
Z49,Oud Mathenesse,Z29,Kop van Zuid - Entrepot,7525,778,1154,895,1217,775,999
Z49,Oud Mathenesse,Z30,Kralingen Oost,10196,835,1312,931,1408,832,1036
Z49,Oud Mathenesse,Z31,Kralingen West,9023,728,1173,805,1259,726,897
Z49,Oud Mathenesse,Z32,Kralingse Bos,9965,880,1304,961,1389,878,1050
Z49,Oud Mathenesse,Z33,Kralingseveer,15360,947,1629,1028,1776,944,1143
Z49,Oud Mathenesse,Z34,Liskwartier,5882,508,805,564,864,505,627
Z49,Oud Mathenesse,Z35,Lombardijen,10122,1006,1495,1132,1590,1004,1254
Z49,Oud Mathenesse,Z36,Middelland,4442,462,624,518,652,461,570
Z49,Oud Mathenesse,Z37,Molenlaankwartier,9905,816,1250,905,1338,815,1001
Z49,Oud Mathenesse,Z38,Nesselande,16732,1168,1898,1296,2045,1166,1448
Z49,Oud Mathenesse,Z39,Nieuw Crooswijk,7429,572,932,628,1007,569,697
Z49,Oud Mathenesse,Z40,Nieuwe Werk,5175,560,806,644,843,558,717
Z49,Oud Mathenesse,Z41,Nieuwe Westen,2733,357,490,404,513,355,446
Z49,Oud Mathenesse,Z42,Noord Kethel,6370,623,869,706,908,622,778
Z49,Oud Mathenesse,Z43,Noordereiland,7419,753,1140,872,1208,751,976
Z49,Oud Mathenesse,Z44,Ommoord,14478,958,1595,1050,1726,956,1172
Z49,Oud Mathenesse,Z45,Oosterflank,13528,904,1499,986,1623,902,1098
Z49,Oud Mathenesse,Z46,Oud Charlois,6575,671,1041,763,1106,670,853
Z49,Oud Mathenesse,Z47,Oud Crooswijk,8202,632,1042,702,1126,629,786
Z49,Oud Mathenesse,Z48,Oud IJsselmonde,16786,988,1690,1064,1845,984,1184
Z49,Oud Mathenesse,Z49,Oud Mathenesse,0,66,66,66,66,66,66
Z49,Oud Mathenesse,Z50,Oude Noorden,6788,600,933,674,994,596,749
Z49,Oud Mathenesse,Z51,Oude Westen,4973,542,723,609,754,540,669
Z49,Oud Mathenesse,Z52,Overschie,4680,499,691,558,734,496,609
Z49,Oud Mathenesse,Z53,Pendrecht,8613,863,1349,986,1444,860,1104
Z49,Oud Mathenesse,Z54,Prinsenland,14261,994,1631,1081,1757,992,1202
Z49,Oud Mathenesse,Z55,Provenierswijk,6102,525,821,582,879,523,646
Z49,Oud Mathenesse,Z56,Rubroek,5741,674,983,778,1031,672,871
Z49,Oud Mathenesse,Z57,Schiebroek,8681,720,1118,809,1200,718,904
Z49,Oud Mathenesse,Z58,Schiemond,2837,312,461,360,485,310,402
Z49,Oud Mathenesse,Z59,Schieveen,8415,641,995,706,1067,638,779
Z49,Oud Mathenesse,Z60,Spangen,1429,186,238,201,250,185,217
Z49,Oud Mathenesse,Z61,Stadsdriehoek,6481,648,948,743,1006,646,826
Z49,Oud Mathenesse,Z62,Struisenburg,7392,750,1154,871,1226,749,977
Z49,Oud Mathenesse,Z63,Tarwewijk,6820,695,1087,794,1155,692,885
Z49,Oud Mathenesse,Z64,Terbregge,10909,865,1384,969,1498,864,1076
Z49,Oud Mathenesse,Z65,Tussendijken,1869,238,324,267,339,237,293
Z49,Oud Mathenesse,Z66,Vreewijk,8832,894,1394,1016,1488,892,1136
Z49,Oud Mathenesse,Z67,Wielewaal,8362,903,1328,1008,1407,902,1112
Z49,Oud Mathenesse,Z68,Zestienhoven,7670,604,976,672,1050,602,748
Z49,Oud Mathenesse,Z69,Zevenkamp,13894,908,1538,999,1668,906,1119
Z49,Oud Mathenesse,Z70,Zuiderpark,8915,884,1380,1010,1470,883,1130
Z49,Oud Mathenesse,Z71,Zuidplein,7207,740,1154,837,1231,738,935
Z49,Oud Mathenesse,Z72,Zuidwijk,9580,962,1513,1093,1613,959,1221
Z50,Oude Noorden,Z00,'s-Gravenland,6102,706,934,786,972,701,855
Z50,Oude Noorden,Z01,Afrikaanderwijk,5682,613,857,705,899,607,771
Z50,Oude Noorden,Z02,Agniesebuurt,1527,221,284,240,299,218,258
Z50,Oude Noorden,Z03,Bedrijvenpark Noord-West,7910,696,1080,755,1166,693,839
Z50,Oude Noorden,Z04,Bergpolder,2508,298,394,326,414,296,356
Z50,Oude Noorden,Z05,Beverwaard,11533,1054,1576,1196,1675,1049,1309
Z50,Oude Noorden,Z06,Blijdorp,2444,314,422,346,440,311,381
Z50,Oude Noorden,Z07,Blijdorpsepolder,4253,559,762,622,804,556,677
Z50,Oude Noorden,Z08,Bloemhof,6510,700,960,790,1004,696,871
Z50,Oude Noorden,Z09,Bospolder,5631,700,972,788,1018,698,868
Z50,Oude Noorden,Z10,Carnisse,7178,783,1208,880,1289,778,980
Z50,Oude Noorden,Z11,Charlois Zuidrand,9881,1056,1617,1187,1732,1054,1321
Z50,Oude Noorden,Z12,Cool,3478,377,560,432,594,375,483
Z50,Oude Noorden,Z13,Cs Kwartier,3239,432,593,481,627,428,530
Z50,Oude Noorden,Z14,De Esch,6212,598,840,682,881,594,756
Z50,Oude Noorden,Z15,Delfshaven,4959,554,797,629,842,551,698
Z50,Oude Noorden,Z16,Dijkzigt,4136,438,643,503,679,435,562
Z50,Oude Noorden,Z17,Feijenoord,5130,586,839,667,885,581,742
Z50,Oude Noorden,Z18,Groot IJsselmonde,10387,955,1464,1087,1566,950,1213
Z50,Oude Noorden,Z19,Heijplaat,12463,1302,1983,1486,2122,1296,1656
Z50,Oude Noorden,Z20,Het Lage Land,5891,566,871,641,929,564,716
Z50,Oude Noorden,Z21,Hillegersberg Noord,3681,402,514,442,538,400,477
Z50,Oude Noorden,Z22,Hillegersberg Zuid,2295,289,394,326,416,286,357
Z50,Oude Noorden,Z23,Hillesluis,6270,655,995,763,1027,650,862
Z50,Oude Noorden,Z24,Hoogvliet Noord,18867,1161,1890,1241,2053,1158,1363
Z50,Oude Noorden,Z25,Hoogvliet Zuid,21866,1420,2311,1545,2496,1418,1708
Z50,Oude Noorden,Z26,Katendrecht,6307,732,984,826,1026,727,902
Z50,Oude Noorden,Z27,Kleinpolder,5283,460,665,499,716,458,547
Z50,Oude Noorden,Z28,Kop van Zuid,4699,496,692,563,729,492,621
Z50,Oude Noorden,Z29,Kop van Zuid - Entrepot,4823,534,784,615,833,530,684
Z50,Oude Noorden,Z30,Kralingen Oost,4085,447,606,502,638,443,552
Z50,Oude Noorden,Z31,Kralingen West,2600,315,427,351,445,312,384
Z50,Oude Noorden,Z32,Kralingse Bos,4111,554,700,605,727,550,648
Z50,Oude Noorden,Z33,Kralingseveer,7297,740,1148,849,1231,737,951
Z50,Oude Noorden,Z34,Liskwartier,1432,218,283,237,299,216,255
Z50,Oude Noorden,Z35,Lombardijen,9110,948,1346,1074,1392,945,1205
Z50,Oude Noorden,Z36,Middelland,3798,487,651,538,685,484,586
Z50,Oude Noorden,Z37,Molenlaankwartier,4295,481,628,537,656,480,584
Z50,Oude Noorden,Z38,Nesselande,14509,1125,1714,1245,1834,1122,1381
Z50,Oude Noorden,Z39,Nieuw Crooswijk,1898,256,353,289,363,254,319
Z50,Oude Noorden,Z40,Nieuwe Werk,4851,568,780,642,822,564,705
Z50,Oude Noorden,Z41,Nieuwe Westen,4172,574,766,643,804,571,701
Z50,Oude Noorden,Z42,Noord Kethel,11622,932,1401,1020,1488,930,1121
Z50,Oude Noorden,Z43,Noordereiland,4094,445,646,511,682,442,571
Z50,Oude Noorden,Z44,Ommoord,7249,710,1074,802,1142,707,895
Z50,Oude Noorden,Z45,Oosterflank,7458,750,1144,849,1216,746,948
Z50,Oude Noorden,Z46,Oud Charlois,6786,730,1145,829,1226,726,928
Z50,Oude Noorden,Z47,Oud Crooswijk,1350,190,245,208,256,188,224
Z50,Oude Noorden,Z48,Oud IJsselmonde,8640,761,1191,867,1280,756,969
Z50,Oude Noorden,Z49,Oud Mathenesse,8059,633,991,691,1058,630,765
Z50,Oude Noorden,Z50,Oude Noorden,0,74,74,74,74,74,74
Z50,Oude Noorden,Z51,Oude Westen,3771,480,668,539,707,477,586
Z50,Oude Noorden,Z52,Overschie,6932,626,926,688,986,624,762
Z50,Oude Noorden,Z53,Pendrecht,9092,948,1454,1069,1555,945,1185
Z50,Oude Noorden,Z54,Prinsenland,6924,757,1058,858,1120,752,946
Z50,Oude Noorden,Z55,Provenierswijk,1928,294,385,323,404,290,348
Z50,Oude Noorden,Z56,Rubroek,1748,211,282,237,298,210,260
Z50,Oude Noorden,Z57,Schiebroek,5021,522,691,583,724,518,638
Z50,Oude Noorden,Z58,Schiemond,5942,665,964,754,1013,661,843
Z50,Oude Noorden,Z59,Schieveen,9087,742,1054,798,1131,739,874
Z50,Oude Noorden,Z60,Spangen,4861,698,898,778,935,694,829
Z50,Oude Noorden,Z61,Stadsdriehoek,2986,365,549,413,578,361,484
Z50,Oude Noorden,Z62,Struisenburg,3433,376,566,431,601,375,492
Z50,Oude Noorden,Z63,Tarwewijk,6948,746,1036,835,1085,744,924
Z50,Oude Noorden,Z64,Terbregge,5468,531,823,600,877,528,674
Z50,Oude Noorden,Z65,Tussendijken,4806,692,896,777,934,689,826
Z50,Oude Noorden,Z66,Vreewijk,8130,868,1240,983,1305,864,1085
Z50,Oude Noorden,Z67,Wielewaal,8574,961,1432,1074,1526,957,1187
Z50,Oude Noorden,Z68,Zestienhoven,6423,586,864,654,920,584,720
Z50,Oude Noorden,Z69,Zevenkamp,11650,868,1388,962,1489,865,1073
Z50,Oude Noorden,Z70,Zuiderpark,8755,919,1338,1046,1412,915,1160
Z50,Oude Noorden,Z71,Zuidplein,7295,843,1178,944,1271,840,1044
Z50,Oude Noorden,Z72,Zuidwijk,9425,942,1379,1079,1456,938,1201
Z51,Oude Westen,Z00,'s-Gravenland,7165,799,1108,894,1156,795,976
Z51,Oude Westen,Z01,Afrikaanderwijk,4294,493,701,558,734,491,622
Z51,Oude Westen,Z02,Agniesebuurt,2398,317,439,355,463,314,390
Z51,Oude Westen,Z03,Bedrijvenpark Noord-West,7460,634,1020,708,1113,631,790
Z51,Oude Westen,Z04,Bergpolder,3124,364,540,416,584,361,461
Z51,Oude Westen,Z05,Beverwaard,10005,1020,1504,1176,1579,1016,1314
Z51,Oude Westen,Z06,Blijdorp,2340,289,444,332,478,285,372
Z51,Oude Westen,Z07,Blijdorpsepolder,3969,514,746,580,800,511,637
Z51,Oude Westen,Z08,Bloemhof,4798,567,800,641,838,564,711
Z51,Oude Westen,Z09,Bospolder,2340,374,435,393,447,372,413
Z51,Oude Westen,Z10,Carnisse,4226,489,723,526,773,486,571
Z51,Oude Westen,Z11,Charlois Zuidrand,6890,751,1133,833,1219,749,919
Z51,Oude Westen,Z12,Cool,1152,178,243,197,257,175,222
Z51,Oude Westen,Z13,Cs Kwartier,948,151,180,159,187,150,168
Z51,Oude Westen,Z14,De Esch,5692,625,874,709,917,621,783
Z51,Oude Westen,Z15,Delfshaven,2070,256,341,277,356,254,299
Z51,Oude Westen,Z16,Dijkzigt,846,132,168,143,175,130,154
Z51,Oude Westen,Z17,Feijenoord,4516,562,781,629,821,558,694
Z51,Oude Westen,Z18,Groot IJsselmonde,8524,910,1298,1034,1360,907,1161
Z51,Oude Westen,Z19,Heijplaat,9540,1007,1530,1131,1636,1004,1250
Z51,Oude Westen,Z20,Het Lage Land,8166,810,1198,915,1269,807,1014
Z51,Oude Westen,Z21,Hillegersberg Noord,6066,640,912,737,959,637,822
Z51,Oude Westen,Z22,Hillegersberg Zuid,4470,469,706,540,759,466,603
Z51,Oude Westen,Z23,Hillesluis,5067,567,822,651,862,565,726
Z51,Oude Westen,Z24,Hoogvliet Noord,13502,1101,1723,1212,1875,1098,1335
Z51,Oude Westen,Z25,Hoogvliet Zuid,13761,1246,1949,1414,2103,1243,1573
Z51,Oude Westen,Z26,Katendrecht,4635,557,784,634,822,555,703
Z51,Oude Westen,Z27,Kleinpolder,4068,415,648,480,702,413,538
Z51,Oude Westen,Z28,Kop van Zuid,3013,364,536,412,565,361,472
Z51,Oude Westen,Z29,Kop van Zuid - Entrepot,4111,473,696,545,734,470,609
Z51,Oude Westen,Z30,Kralingen Oost,5003,549,774,621,810,546,698
Z51,Oude Westen,Z31,Kralingen West,3777,472,623,521,651,470,566
Z51,Oude Westen,Z32,Kralingse Bos,6463,770,999,852,1042,768,921
Z51,Oude Westen,Z33,Kralingseveer,7341,758,1116,864,1183,754,957
Z51,Oude Westen,Z34,Liskwartier,3252,406,570,453,604,403,495
Z51,Oude Westen,Z35,Lombardijen,7544,773,1150,852,1230,771,935
Z51,Oude Westen,Z36,Middelland,980,155,195,169,202,155,182
Z51,Oude Westen,Z37,Molenlaankwartier,6721,753,1022,851,1075,751,934
Z51,Oude Westen,Z38,Nesselande,15252,1181,1870,1330,2007,1178,1488
Z51,Oude Westen,Z39,Nieuw Crooswijk,5061,535,743,606,788,532,666
Z51,Oude Westen,Z40,Nieuwe Werk,2326,350,441,381,456,349,419
Z51,Oude Westen,Z41,Nieuwe Westen,1627,245,322,269,335,244,290
Z51,Oude Westen,Z42,Noord Kethel,11992,994,1495,1111,1600,990,1226
Z51,Oude Westen,Z43,Noordereiland,3479,416,589,468,617,414,522
Z51,Oude Westen,Z44,Ommoord,12562,922,1490,1033,1607,919,1151
Z51,Oude Westen,Z45,Oosterflank,11974,908,1457,1008,1571,904,1122
Z51,Oude Westen,Z46,Oud Charlois,3860,441,665,482,714,439,524
Z51,Oude Westen,Z47,Oud Crooswijk,3412,390,528,438,554,388,480
Z51,Oude Westen,Z48,Oud IJsselmonde,7274,768,1136,883,1199,764,986
Z51,Oude Westen,Z49,Oud Mathenesse,4115,512,692,574,724,510,630
Z51,Oude Westen,Z50,Oude Noorden,3521,397,568,452,603,394,493
Z51,Oude Westen,Z51,Oude Westen,0,54,54,54,54,54,54
Z51,Oude Westen,Z52,Overschie,5504,594,891,666,952,591,744
Z51,Oude Westen,Z53,Pendrecht,6202,626,997,705,1070,624,788
Z51,Oude Westen,Z54,Prinsenland,7951,931,1302,1038,1380,928,1130
Z51,Oude Westen,Z55,Provenierswijk,2488,319,471,365,503,316,408
Z51,Oude Westen,Z56,Rubroek,2726,337,450,374,472,334,407
Z51,Oude Westen,Z57,Schiebroek,7192,717,1076,827,1150,714,927
Z51,Oude Westen,Z58,Schiemond,3053,374,524,419,553,372,462
Z51,Oude Westen,Z59,Schieveen,8820,710,1102,788,1189,707,873
Z51,Oude Westen,Z60,Spangen,2624,402,511,443,530,401,480
Z51,Oude Westen,Z61,Stadsdriehoek,2289,293,400,325,421,290,358
Z51,Oude Westen,Z62,Struisenburg,3317,403,578,463,606,400,513
Z51,Oude Westen,Z63,Tarwewijk,4059,467,706,507,759,465,551
Z51,Oude Westen,Z64,Terbregge,7891,775,1167,876,1242,771,980
Z51,Oude Westen,Z65,Tussendijken,2547,393,476,421,498,392,448
Z51,Oude Westen,Z66,Vreewijk,6300,658,1013,727,1092,656,802
Z51,Oude Westen,Z67,Wielewaal,5582,667,948,719,1011,665,778
Z51,Oude Westen,Z68,Zestienhoven,6555,650,983,725,1047,647,809
Z51,Oude Westen,Z69,Zevenkamp,12387,920,1498,1029,1616,916,1152
Z51,Oude Westen,Z70,Zuiderpark,6357,670,1035,748,1110,669,826
Z51,Oude Westen,Z71,Zuidplein,4497,499,814,556,886,497,619
Z51,Oude Westen,Z72,Zuidwijk,7042,724,1133,815,1217,722,906
Z52,Overschie,Z00,'s-Gravenland,15791,961,1556,1027,1684,958,1131
Z52,Overschie,Z01,Afrikaanderwijk,9340,1003,1476,1153,1566,1000,1285
Z52,Overschie,Z02,Agniesebuurt,5392,596,864,675,921,594,748
Z52,Overschie,Z03,Bedrijvenpark Noord-West,2826,272,415,311,443,269,346
Z52,Overschie,Z04,Bergpolder,4642,457,708,528,750,456,590
Z52,Overschie,Z05,Beverwaard,21108,1238,2086,1350,2268,1235,1503
Z52,Overschie,Z06,Blijdorp,3958,433,638,496,680,431,552
Z52,Overschie,Z07,Blijdorpsepolder,3123,446,601,501,631,445,548
Z52,Overschie,Z08,Bloemhof,10468,1073,1654,1220,1774,1071,1358
Z52,Overschie,Z09,Bospolder,5758,633,863,717,906,630,789
Z52,Overschie,Z10,Carnisse,9165,946,1462,1066,1573,943,1184
Z52,Overschie,Z11,Charlois Zuidrand,18029,1183,1836,1288,1977,1180,1408
Z52,Overschie,Z12,Cool,6583,729,1102,840,1174,725,938
Z52,Overschie,Z13,Cs Kwartier,5108,561,828,640,885,558,712
Z52,Overschie,Z14,De Esch,16361,892,1538,967,1679,890,1078
Z52,Overschie,Z15,Delfshaven,6005,624,848,705,891,622,775
Z52,Overschie,Z16,Dijkzigt,6368,656,987,755,1058,654,841
Z52,Overschie,Z17,Feijenoord,9849,1066,1592,1225,1686,1061,1368
Z52,Overschie,Z18,Groot IJsselmonde,20142,1170,1977,1270,2149,1166,1411
Z52,Overschie,Z19,Heijplaat,18180,1241,1920,1362,2062,1238,1499
Z52,Overschie,Z20,Het Lage Land,13166,829,1390,913,1506,826,1021
Z52,Overschie,Z21,Hillegersberg Noord,7045,610,899,675,967,608,747
Z52,Overschie,Z22,Hillegersberg Zuid,4709,468,641,532,673,466,589
Z52,Overschie,Z23,Hillesluis,10107,1071,1597,1240,1694,1068,1388
Z52,Overschie,Z24,Hoogvliet Noord,14188,961,1483,1052,1596,960,1159
Z52,Overschie,Z25,Hoogvliet Zuid,17324,1236,1899,1365,2050,1235,1504
Z52,Overschie,Z26,Katendrecht,9804,1104,1589,1259,1680,1102,1398
Z52,Overschie,Z27,Kleinpolder,1924,265,357,300,373,264,329
Z52,Overschie,Z28,Kop van Zuid,8133,875,1312,1013,1396,872,1134
Z52,Overschie,Z29,Kop van Zuid - Entrepot,9287,985,1486,1134,1582,982,1272
Z52,Overschie,Z30,Kralingen Oost,15301,860,1485,952,1617,856,1059
Z52,Overschie,Z31,Kralingen West,10354,806,1246,889,1336,802,987
Z52,Overschie,Z32,Kralingse Bos,11296,925,1386,1017,1463,924,1114
Z52,Overschie,Z33,Kralingseveer,17074,961,1662,1032,1816,959,1150
Z52,Overschie,Z34,Liskwartier,5521,553,849,634,897,551,678
Z52,Overschie,Z35,Lombardijen,12424,1220,1938,1384,2080,1217,1540
Z52,Overschie,Z36,Middelland,5690,613,860,704,918,610,785
Z52,Overschie,Z37,Molenlaankwartier,8844,606,984,677,1059,603,751
Z52,Overschie,Z38,Nesselande,18123,1175,1908,1293,2058,1173,1446
Z52,Overschie,Z39,Nieuw Crooswijk,8753,666,1014,723,1081,663,803
Z52,Overschie,Z40,Nieuwe Werk,7756,826,1242,948,1333,824,1056
Z52,Overschie,Z41,Nieuwe Westen,4861,563,768,635,806,561,698
Z52,Overschie,Z42,Noord Kethel,6636,731,983,825,1024,729,903
Z52,Overschie,Z43,Noordereiland,8812,925,1390,1069,1477,921,1196
Z52,Overschie,Z44,Ommoord,13154,838,1369,912,1480,836,1012
Z52,Overschie,Z45,Oosterflank,14862,885,1488,969,1614,882,1078
Z52,Overschie,Z46,Oud Charlois,8773,893,1400,1015,1510,890,1132
Z52,Overschie,Z47,Oud Crooswijk,7698,674,1067,763,1148,672,850
Z52,Overschie,Z48,Oud IJsselmonde,18394,974,1713,1052,1876,971,1172
Z52,Overschie,Z49,Oud Mathenesse,4491,493,658,558,688,491,612
Z52,Overschie,Z50,Oude Noorden,5714,622,901,712,957,619,791
Z52,Overschie,Z51,Oude Westen,5780,646,950,740,1013,643,821
Z52,Overschie,Z52,Overschie,0,94,94,94,94,94,94
Z52,Overschie,Z53,Pendrecht,10966,1116,1731,1266,1866,1113,1408
Z52,Overschie,Z54,Prinsenland,15549,973,1579,1052,1700,970,1165
Z52,Overschie,Z55,Provenierswijk,4922,542,787,620,836,540,688
Z52,Overschie,Z56,Rubroek,6856,724,1062,830,1130,722,923
Z52,Overschie,Z57,Schiebroek,6081,608,846,692,892,604,762
Z52,Overschie,Z58,Schiemond,6519,718,1008,826,1054,716,920
Z52,Overschie,Z59,Schieveen,3401,312,425,355,447,310,390
Z52,Overschie,Z60,Spangen,4718,542,701,601,732,540,652
Z52,Overschie,Z61,Stadsdriehoek,7463,819,1245,950,1327,815,1068
Z52,Overschie,Z62,Struisenburg,8280,864,1303,1004,1386,861,1124
Z52,Overschie,Z63,Tarwewijk,9024,928,1445,1047,1559,925,1164
Z52,Overschie,Z64,Terbregge,11648,664,1133,717,1235,662,799
Z52,Overschie,Z65,Tussendijken,5259,623,846,703,887,622,772
Z52,Overschie,Z66,Vreewijk,11063,1145,1774,1297,1909,1142,1444
Z52,Overschie,Z67,Wielewaal,10561,1123,1687,1259,1810,1121,1391
Z52,Overschie,Z68,Zestienhoven,2155,241,357,278,380,238,312
Z52,Overschie,Z69,Zevenkamp,15141,900,1526,982,1659,897,1099
Z52,Overschie,Z70,Zuiderpark,11139,1127,1774,1288,1911,1125,1439
Z52,Overschie,Z71,Zuidplein,9454,1009,1574,1146,1694,1006,1279
Z52,Overschie,Z72,Zuidwijk,11992,1184,1872,1358,2016,1181,1521
Z53,Pendrecht,Z00,'s-Gravenland,13019,1155,1752,1305,1856,1151,1446
Z53,Pendrecht,Z01,Afrikaanderwijk,4781,520,756,590,794,518,655
Z53,Pendrecht,Z02,Agniesebuurt,8146,825,1317,940,1420,823,1049
Z53,Pendrecht,Z03,Bedrijvenpark Noord-West,17474,1062,1766,1173,1916,1058,1306
Z53,Pendrecht,Z04,Bergpolder,8348,831,1334,939,1445,828,1048
Z53,Pendrecht,Z05,Beverwaard,8397,819,1202,944,1258,818,1056
Z53,Pendrecht,Z06,Blijdorp,7565,753,1233,856,1341,750,958
Z53,Pendrecht,Z07,Blijdorpsepolder,8895,955,1401,1063,1498,953,1167
Z53,Pendrecht,Z08,Bloemhof,4354,496,714,560,750,493,624
Z53,Pendrecht,Z09,Bospolder,7137,770,1172,859,1258,766,946
Z53,Pendrecht,Z10,Carnisse,2682,331,462,367,491,329,401
Z53,Pendrecht,Z11,Charlois Zuidrand,1216,190,216,199,222,190,207
Z53,Pendrecht,Z12,Cool,6265,625,1012,707,1096,623,790
Z53,Pendrecht,Z13,Cs Kwartier,6715,681,1088,767,1178,679,853
Z53,Pendrecht,Z14,De Esch,11155,994,1555,1136,1652,993,1271
Z53,Pendrecht,Z15,Delfshaven,5822,593,951,669,1030,591,747
Z53,Pendrecht,Z16,Dijkzigt,5534,549,880,615,954,548,681
Z53,Pendrecht,Z17,Feijenoord,6777,719,1032,820,1090,716,914
Z53,Pendrecht,Z18,Groot IJsselmonde,7032,689,1026,802,1075,687,904
Z53,Pendrecht,Z19,Heijplaat,4936,534,775,610,817,531,676
Z53,Pendrecht,Z20,Het Lage Land,14650,1148,1805,1296,1929,1145,1451
Z53,Pendrecht,Z21,Hillegersberg Noord,11170,1126,1699,1270,1820,1124,1405
Z53,Pendrecht,Z22,Hillegersberg Zuid,9624,934,1491,1067,1607,931,1193
Z53,Pendrecht,Z23,Hillesluis,5395,560,829,647,873,559,723
Z53,Pendrecht,Z24,Hoogvliet Noord,8751,629,972,692,1049,626,762
Z53,Pendrecht,Z25,Hoogvliet Zuid,9156,777,1200,894,1290,776,1000
Z53,Pendrecht,Z26,Katendrecht,5740,634,908,716,961,632,790
Z53,Pendrecht,Z27,Kleinpolder,9272,896,1456,1023,1582,895,1144
Z53,Pendrecht,Z28,Kop van Zuid,5616,582,877,675,925,580,759
Z53,Pendrecht,Z29,Kop van Zuid - Entrepot,5641,632,929,725,988,629,811
Z53,Pendrecht,Z30,Kralingen Oost,9708,956,1509,1090,1631,954,1216
Z53,Pendrecht,Z31,Kralingen West,8842,903,1433,1024,1558,900,1151
Z53,Pendrecht,Z32,Kralingse Bos,10872,1237,1833,1391,1994,1233,1529
Z53,Pendrecht,Z33,Kralingseveer,11269,976,1551,1112,1660,974,1244
Z53,Pendrecht,Z34,Liskwartier,8599,898,1391,1008,1498,897,1114
Z53,Pendrecht,Z35,Lombardijen,4193,435,625,496,655,433,552
Z53,Pendrecht,Z36,Middelland,5949,604,980,674,1059,601,766
Z53,Pendrecht,Z37,Molenlaankwartier,11926,1230,1823,1390,1948,1228,1536
Z53,Pendrecht,Z38,Nesselande,20795,1588,2508,1794,2688,1586,2005
Z53,Pendrecht,Z39,Nieuw Crooswijk,10774,1019,1567,1154,1674,1017,1290
Z53,Pendrecht,Z40,Nieuwe Werk,6173,654,1019,736,1098,652,819
Z53,Pendrecht,Z41,Nieuwe Westen,6672,723,1129,810,1211,719,898
Z53,Pendrecht,Z42,Noord Kethel,16885,1134,1789,1249,1925,1132,1380
Z53,Pendrecht,Z43,Noordereiland,6720,714,1052,821,1109,710,918
Z53,Pendrecht,Z44,Ommoord,16717,1342,2103,1511,2250,1339,1689
Z53,Pendrecht,Z45,Oosterflank,17412,1310,2058,1470,2224,1307,1645
Z53,Pendrecht,Z46,Oud Charlois,2833,320,485,368,521,318,410
Z53,Pendrecht,Z47,Oud Crooswijk,9087,905,1404,1031,1507,903,1148
Z53,Pendrecht,Z48,Oud IJsselmonde,6947,713,1085,823,1161,711,923
Z53,Pendrecht,Z49,Oud Mathenesse,8686,876,1376,1000,1473,874,1120
Z53,Pendrecht,Z50,Oude Noorden,8741,896,1383,1014,1489,894,1121
Z53,Pendrecht,Z51,Oude Westen,5997,626,978,706,1054,625,777
Z53,Pendrecht,Z52,Overschie,10697,1062,1706,1212,1842,1061,1354
Z53,Pendrecht,Z53,Pendrecht,0,79,79,79,79,79,79
Z53,Pendrecht,Z54,Prinsenland,12687,1159,1729,1307,1829,1158,1452
Z53,Pendrecht,Z55,Provenierswijk,7633,794,1258,898,1362,792,998
Z53,Pendrecht,Z56,Rubroek,8330,825,1303,937,1403,823,1043
Z53,Pendrecht,Z57,Schiebroek,12336,1182,1854,1350,1997,1178,1510
Z53,Pendrecht,Z58,Schiemond,6400,677,1055,754,1140,675,834
Z53,Pendrecht,Z59,Schieveen,13924,1202,1915,1342,2072,1201,1489
Z53,Pendrecht,Z60,Spangen,7793,832,1253,930,1344,829,1027
Z53,Pendrecht,Z61,Stadsdriehoek,6952,695,1118,788,1214,694,880
Z53,Pendrecht,Z62,Struisenburg,7787,780,1282,892,1395,779,1000
Z53,Pendrecht,Z63,Tarwewijk,3408,390,582,442,626,387,490
Z53,Pendrecht,Z64,Terbregge,15337,1196,1908,1350,2036,1193,1517
Z53,Pendrecht,Z65,Tussendijken,7318,789,1190,882,1278,787,975
Z53,Pendrecht,Z66,Vreewijk,3684,382,551,437,579,380,485
Z53,Pendrecht,Z67,Wielewaal,2818,374,497,409,524,372,444
Z53,Pendrecht,Z68,Zestienhoven,11659,1114,1770,1248,1908,1112,1392
Z53,Pendrecht,Z69,Zevenkamp,17926,1326,2111,1498,2259,1324,1678
Z53,Pendrecht,Z70,Zuiderpark,1958,238,336,268,354,236,296
Z53,Pendrecht,Z71,Zuidplein,3428,407,586,466,610,405,520
Z53,Pendrecht,Z72,Zuidwijk,1813,200,284,228,298,199,254
Z54,Prinsenland,Z00,'s-Gravenland,3324,421,528,456,547,420,488
Z54,Prinsenland,Z01,Afrikaanderwijk,9338,847,1236,929,1312,846,1015
Z54,Prinsenland,Z02,Agniesebuurt,7699,814,1155,893,1324,810,982
Z54,Prinsenland,Z03,Bedrijvenpark Noord-West,15532,984,1565,1060,1698,982,1166
Z54,Prinsenland,Z04,Bergpolder,10180,737,1117,783,1204,735,851
Z54,Prinsenland,Z05,Beverwaard,9747,836,1247,928,1325,833,1023
Z54,Prinsenland,Z06,Blijdorp,10825,829,1250,889,1338,828,969
Z54,Prinsenland,Z07,Blijdorpsepolder,12566,958,1466,1025,1576,956,1118
Z54,Prinsenland,Z08,Bloemhof,9517,894,1294,974,1382,892,1058
Z54,Prinsenland,Z09,Bospolder,11838,1160,1752,1280,1887,1158,1409
Z54,Prinsenland,Z10,Carnisse,10834,1021,1502,1122,1608,1019,1225
Z54,Prinsenland,Z11,Charlois Zuidrand,19089,1184,1874,1273,2022,1183,1393
Z54,Prinsenland,Z12,Cool,8131,814,1136,917,1193,814,998
Z54,Prinsenland,Z13,Cs Kwartier,12279,964,1475,1057,1580,962,1156
Z54,Prinsenland,Z14,De Esch,4783,513,688,558,723,511,600
Z54,Prinsenland,Z15,Delfshaven,9917,1002,1455,1128,1565,999,1243
Z54,Prinsenland,Z16,Dijkzigt,8802,875,1216,974,1277,873,1065
Z54,Prinsenland,Z17,Feijenoord,9980,902,1306,986,1385,900,1084
Z54,Prinsenland,Z18,Groot IJsselmonde,8691,732,1114,813,1188,730,900
Z54,Prinsenland,Z19,Heijplaat,21502,1365,2176,1478,2345,1363,1628
Z54,Prinsenland,Z20,Het Lage Land,2645,434,503,462,517,431,481
Z54,Prinsenland,Z21,Hillegersberg Noord,7472,769,1165,858,1233,767,948
Z54,Prinsenland,Z22,Hillegersberg Zuid,11050,795,1203,885,1296,793,981
Z54,Prinsenland,Z23,Hillesluis,8929,813,1200,895,1277,811,981
Z54,Prinsenland,Z24,Hoogvliet Noord,24591,1390,2274,1492,2465,1388,1644
Z54,Prinsenland,Z25,Hoogvliet Zuid,24297,1554,2504,1708,2702,1551,1892
Z54,Prinsenland,Z26,Katendrecht,10855,1034,1517,1147,1606,1033,1273
Z54,Prinsenland,Z27,Kleinpolder,11948,815,1290,878,1388,815,966
Z54,Prinsenland,Z28,Kop van Zuid,8606,878,1294,988,1381,876,1086
Z54,Prinsenland,Z29,Kop van Zuid - Entrepot,9766,870,1274,957,1354,869,1048
Z54,Prinsenland,Z30,Kralingen Oost,3349,467,602,513,624,465,552
Z54,Prinsenland,Z31,Kralingen West,4755,598,771,659,801,596,712
Z54,Prinsenland,Z32,Kralingse Bos,5109,626,819,697,855,624,759
Z54,Prinsenland,Z33,Kralingseveer,4114,450,649,498,686,448,546
Z54,Prinsenland,Z34,Liskwartier,7939,751,1168,840,1219,749,931
Z54,Prinsenland,Z35,Lombardijen,9797,869,1309,970,1387,869,1073
Z54,Prinsenland,Z36,Middelland,10208,977,1394,1081,1465,976,1181
Z54,Prinsenland,Z37,Molenlaankwartier,6118,660,944,744,1002,658,827
Z54,Prinsenland,Z38,Nesselande,11137,942,1398,1057,1481,939,1167
Z54,Prinsenland,Z39,Nieuw Crooswijk,6461,681,1005,782,1064,678,846
Z54,Prinsenland,Z40,Nieuwe Werk,8839,934,1350,1043,1449,932,1142
Z54,Prinsenland,Z41,Nieuwe Westen,13038,1081,1567,1187,1682,1080,1301
Z54,Prinsenland,Z42,Noord Kethel,18248,1306,2003,1412,2146,1305,1543
Z54,Prinsenland,Z43,Noordereiland,8265,844,1237,957,1315,842,1048
Z54,Prinsenland,Z44,Ommoord,5564,628,912,719,956,626,800
Z54,Prinsenland,Z45,Oosterflank,3959,482,676,546,709,480,603
Z54,Prinsenland,Z46,Oud Charlois,11754,1083,1622,1211,1738,1081,1339
Z54,Prinsenland,Z47,Oud Crooswijk,5626,593,864,687,921,589,764
Z54,Prinsenland,Z48,Oud IJsselmonde,6798,599,863,643,920,597,695
Z54,Prinsenland,Z49,Oud Mathenesse,14379,1009,1593,1083,1717,1007,1187
Z54,Prinsenland,Z50,Oude Noorden,6962,728,1057,828,1102,724,915
Z54,Prinsenland,Z51,Oude Westen,9143,937,1315,1058,1379,936,1161
Z54,Prinsenland,Z52,Overschie,14015,951,1507,1026,1622,948,1124
Z54,Prinsenland,Z53,Pendrecht,12800,1151,1772,1300,1897,1150,1445
Z54,Prinsenland,Z54,Prinsenland,0,96,96,96,96,96,96
Z54,Prinsenland,Z55,Provenierswijk,10950,830,1233,932,1327,827,1016
Z54,Prinsenland,Z56,Rubroek,6032,671,974,748,1015,669,824
Z54,Prinsenland,Z57,Schiebroek,11525,873,1289,948,1384,871,1050
Z54,Prinsenland,Z58,Schiemond,10474,1082,1590,1212,1701,1080,1329
Z54,Prinsenland,Z59,Schieveen,14665,950,1396,1008,1496,949,1111
Z54,Prinsenland,Z60,Spangen,14928,1095,1683,1172,1807,1093,1292
Z54,Prinsenland,Z61,Stadsdriehoek,7137,706,1016,795,1092,706,874
Z54,Prinsenland,Z62,Struisenburg,6021,598,852,660,901,597,719
Z54,Prinsenland,Z63,Tarwewijk,11071,967,1464,1085,1550,965,1204
Z54,Prinsenland,Z64,Terbregge,4551,529,730,593,778,527,657
Z54,Prinsenland,Z65,Tussendijken,15512,1144,1773,1231,1904,1142,1350
Z54,Prinsenland,Z66,Vreewijk,9377,861,1299,958,1387,860,1056
Z54,Prinsenland,Z67,Wielewaal,13542,1315,1902,1455,2013,1312,1598
Z54,Prinsenland,Z68,Zestienhoven,12720,924,1388,1001,1498,922,1109
Z54,Prinsenland,Z69,Zevenkamp,8316,657,1007,748,1078,654,820
Z54,Prinsenland,Z70,Zuiderpark,10996,1022,1525,1144,1624,1021,1264
Z54,Prinsenland,Z71,Zuidplein,10411,970,1474,1087,1582,969,1203
Z54,Prinsenland,Z72,Zuidwijk,11170,1057,1621,1181,1750,1055,1296
Z55,Provenierswijk,Z00,'s-Gravenland,7635,823,1088,879,1133,821,953
Z55,Provenierswijk,Z01,Afrikaanderwijk,6040,682,976,781,1025,680,864
Z55,Provenierswijk,Z02,Agniesebuurt,1485,225,267,243,274,223,255
Z55,Provenierswijk,Z03,Bedrijvenpark Noord-West,6875,568,905,626,977,566,700
Z55,Provenierswijk,Z04,Bergpolder,2298,268,331,290,342,266,308
Z55,Provenierswijk,Z05,Beverwaard,17129,1169,1820,1268,1955,1167,1394
Z55,Provenierswijk,Z06,Blijdorp,1566,208,286,231,305,206,254
Z55,Provenierswijk,Z07,Blijdorpsepolder,3241,432,604,481,644,429,525
Z55,Provenierswijk,Z08,Bloemhof,7183,748,1145,838,1226,746,927
Z55,Provenierswijk,Z09,Bospolder,4310,549,686,613,714,546,651
Z55,Provenierswijk,Z10,Carnisse,5869,620,953,684,1025,617,753
Z55,Provenierswijk,Z11,Charlois Zuidrand,8562,899,1363,1006,1467,897,1104
Z55,Provenierswijk,Z12,Cool,3283,394,580,451,633,391,502
Z55,Provenierswijk,Z13,Cs Kwartier,1756,233,319,258,337,231,281
Z55,Provenierswijk,Z14,De Esch,7191,732,1059,838,1117,728,932
Z55,Provenierswijk,Z15,Delfshaven,3598,387,566,440,604,384,490
Z55,Provenierswijk,Z16,Dijkzigt,3056,330,478,372,510,328,410
Z55,Provenierswijk,Z17,Feijenoord,6472,727,1065,828,1119,722,921
Z55,Provenierswijk,Z18,Groot IJsselmonde,14892,1055,1613,1177,1739,1052,1303
Z55,Provenierswijk,Z19,Heijplaat,11150,1138,1761,1289,1891,1134,1432
Z55,Provenierswijk,Z20,Het Lage Land,7301,711,1055,802,1120,709,890
Z55,Provenierswijk,Z21,Hillegersberg Noord,4368,490,622,544,646,489,588
Z55,Provenierswijk,Z22,Hillegersberg Zuid,3421,373,484,413,505,371,446
Z55,Provenierswijk,Z23,Hillesluis,6740,754,1096,868,1153,749,968
Z55,Provenierswijk,Z24,Hoogvliet Noord,18192,1132,1797,1219,1941,1129,1338
Z55,Provenierswijk,Z25,Hoogvliet Zuid,15432,1376,2176,1537,2349,1374,1700
Z55,Provenierswijk,Z26,Katendrecht,6441,746,1056,851,1108,743,944
Z55,Provenierswijk,Z27,Kleinpolder,3495,358,527,406,566,357,448
Z55,Provenierswijk,Z28,Kop van Zuid,4834,553,811,638,856,550,714
Z55,Provenierswijk,Z29,Kop van Zuid - Entrepot,5758,646,959,745,1015,643,826
Z55,Provenierswijk,Z30,Kralingen Oost,5442,564,760,640,795,561,703
Z55,Provenierswijk,Z31,Kralingen West,4101,454,597,510,623,452,556
Z55,Provenierswijk,Z32,Kralingse Bos,5585,679,862,751,896,676,808
Z55,Provenierswijk,Z33,Kralingseveer,9073,858,1398,963,1514,854,1030
Z55,Provenierswijk,Z34,Liskwartier,1564,237,293,258,304,235,275
Z55,Provenierswijk,Z35,Lombardijen,9124,914,1383,1013,1485,912,1119
Z55,Provenierswijk,Z36,Middelland,2391,288,384,322,403,286,353
Z55,Provenierswijk,Z37,Molenlaankwartier,5023,561,731,632,762,560,687
Z55,Provenierswijk,Z38,Nesselande,14222,1079,1668,1200,1784,1076,1336
Z55,Provenierswijk,Z39,Nieuw Crooswijk,3232,387,505,436,522,385,476
Z55,Provenierswijk,Z40,Nieuwe Werk,4420,510,742,576,792,509,635
Z55,Provenierswijk,Z41,Nieuwe Westen,2743,355,476,392,502,353,430
Z55,Provenierswijk,Z42,Noord Kethel,10992,907,1313,992,1393,904,1084
Z55,Provenierswijk,Z43,Noordereiland,5323,566,846,652,895,562,730
Z55,Provenierswijk,Z44,Ommoord,11524,832,1256,916,1338,829,1016
Z55,Provenierswijk,Z45,Oosterflank,11243,819,1244,889,1330,817,974
Z55,Provenierswijk,Z46,Oud Charlois,5524,577,898,642,969,575,708
Z55,Provenierswijk,Z47,Oud Crooswijk,2724,308,398,346,414,307,375
Z55,Provenierswijk,Z48,Oud IJsselmonde,14397,902,1438,964,1561,899,1057
Z55,Provenierswijk,Z49,Oud Mathenesse,4558,550,768,632,805,548,677
Z55,Provenierswijk,Z50,Oude Noorden,1823,251,322,280,334,249,301
Z55,Provenierswijk,Z51,Oude Westen,2524,314,424,346,450,312,376
Z55,Provenierswijk,Z52,Overschie,4776,524,768,595,818,523,660
Z55,Provenierswijk,Z53,Pendrecht,7512,773,1230,878,1326,770,980
Z55,Provenierswijk,Z54,Prinsenland,11122,858,1291,948,1379,855,1043
Z55,Provenierswijk,Z55,Provenierswijk,0,39,39,39,39,39,39
Z55,Provenierswijk,Z56,Rubroek,3451,379,530,428,554,377,471
Z55,Provenierswijk,Z57,Schiebroek,5824,601,797,673,833,599,738
Z55,Provenierswijk,Z58,Schiemond,4602,507,745,579,789,505,646
Z55,Provenierswijk,Z59,Schieveen,8015,644,941,709,1001,642,782
Z55,Provenierswijk,Z60,Spangen,3430,497,627,556,654,495,579
Z55,Provenierswijk,Z61,Stadsdriehoek,4035,477,692,538,730,473,601
Z55,Provenierswijk,Z62,Struisenburg,4903,524,776,607,819,522,677
Z55,Provenierswijk,Z63,Tarwewijk,5730,602,936,665,1011,599,733
Z55,Provenierswijk,Z64,Terbregge,6080,654,902,744,942,653,818
Z55,Provenierswijk,Z65,Tussendijken,3355,476,607,534,634,474,557
Z55,Provenierswijk,Z66,Vreewijk,7735,793,1243,886,1344,791,984
Z55,Provenierswijk,Z67,Wielewaal,7261,798,1178,877,1262,796,960
Z55,Provenierswijk,Z68,Zestienhoven,5577,564,768,629,805,562,685
Z55,Provenierswijk,Z69,Zevenkamp,11582,824,1283,902,1375,821,996
Z55,Provenierswijk,Z70,Zuiderpark,8036,801,1264,906,1363,799,1009
Z55,Provenierswijk,Z71,Zuidplein,6154,650,1032,729,1116,648,810
Z55,Provenierswijk,Z72,Zuidwijk,8692,858,1363,976,1469,856,1090
Z56,Rubroek,Z00,'s-Gravenland,5131,602,759,660,788,599,709
Z56,Rubroek,Z01,Afrikaanderwijk,4608,533,802,616,846,529,689
Z56,Rubroek,Z02,Agniesebuurt,1805,236,340,269,360,234,299
Z56,Rubroek,Z03,Bedrijvenpark Noord-West,8374,712,1130,799,1210,709,900
Z56,Rubroek,Z04,Bergpolder,2971,330,482,379,507,328,424
Z56,Rubroek,Z05,Beverwaard,10574,956,1417,1081,1507,952,1200
Z56,Rubroek,Z06,Blijdorp,2918,326,468,371,492,324,413
Z56,Rubroek,Z07,Blijdorpsepolder,4710,576,834,654,884,573,726
Z56,Rubroek,Z08,Bloemhof,5387,632,922,723,972,628,809
Z56,Rubroek,Z09,Bospolder,5241,646,906,732,952,642,810
Z56,Rubroek,Z10,Carnisse,6737,741,1134,828,1212,738,918
Z56,Rubroek,Z11,Charlois Zuidrand,9336,1001,1546,1130,1653,998,1259
Z56,Rubroek,Z12,Cool,2370,304,445,348,470,302,389
Z56,Rubroek,Z13,Cs Kwartier,3528,441,691,491,731,436,539
Z56,Rubroek,Z14,De Esch,4909,524,727,596,769,521,652
Z56,Rubroek,Z15,Delfshaven,4365,494,724,567,765,490,635
Z56,Rubroek,Z16,Dijkzigt,3116,366,533,419,563,363,468
Z56,Rubroek,Z17,Feijenoord,4033,518,741,587,784,513,651
Z56,Rubroek,Z18,Groot IJsselmonde,8955,889,1318,1004,1395,885,1114
Z56,Rubroek,Z19,Heijplaat,11918,1251,1944,1429,2078,1246,1597
Z56,Rubroek,Z20,Het Lage Land,5505,548,831,613,885,546,681
Z56,Rubroek,Z21,Hillegersberg Noord,4760,515,687,577,722,512,632
Z56,Rubroek,Z22,Hillegersberg Zuid,3729,404,567,460,600,401,509
Z56,Rubroek,Z23,Hillesluis,5235,589,890,685,943,585,772
Z56,Rubroek,Z24,Hoogvliet Noord,18746,1210,1948,1315,2106,1207,1454
Z56,Rubroek,Z25,Hoogvliet Zuid,16277,1489,2417,1712,2603,1485,1834
Z56,Rubroek,Z26,Katendrecht,5176,618,906,715,955,615,801
Z56,Rubroek,Z27,Kleinpolder,4953,502,756,579,805,500,649
Z56,Rubroek,Z28,Kop van Zuid,3568,417,623,482,660,414,542
Z56,Rubroek,Z29,Kop van Zuid - Entrepot,3758,461,676,531,716,457,593
Z56,Rubroek,Z30,Kralingen Oost,3004,352,448,387,467,350,418
Z56,Rubroek,Z31,Kralingen West,1544,229,278,247,289,226,262
Z56,Rubroek,Z32,Kralingse Bos,3636,507,633,551,658,505,588
Z56,Rubroek,Z33,Kralingseveer,6435,672,970,754,1026,668,842
Z56,Rubroek,Z34,Liskwartier,2481,302,422,340,448,298,375
Z56,Rubroek,Z35,Lombardijen,7978,876,1285,1003,1357,872,1124
Z56,Rubroek,Z36,Middelland,3688,459,652,518,686,457,576
Z56,Rubroek,Z37,Molenlaankwartier,5414,586,796,664,838,583,732
Z56,Rubroek,Z38,Nesselande,11850,1140,1692,1297,1786,1139,1445
Z56,Rubroek,Z39,Nieuw Crooswijk,2324,315,421,348,442,312,378
Z56,Rubroek,Z40,Nieuwe Werk,3798,481,700,548,743,478,613
Z56,Rubroek,Z41,Nieuwe Westen,4381,555,842,624,890,552,684
Z56,Rubroek,Z42,Noord Kethel,11800,981,1475,1094,1568,979,1212
Z56,Rubroek,Z43,Noordereiland,2962,372,543,428,575,369,477
Z56,Rubroek,Z44,Ommoord,6864,685,1034,766,1100,682,848
Z56,Rubroek,Z45,Oosterflank,7073,732,1092,817,1161,728,909
Z56,Rubroek,Z46,Oud Charlois,6372,694,1073,779,1150,691,865
Z56,Rubroek,Z47,Oud Crooswijk,936,148,188,161,195,147,174
Z56,Rubroek,Z48,Oud IJsselmonde,7860,694,1022,777,1086,690,864
Z56,Rubroek,Z49,Oud Mathenesse,8038,682,1065,764,1138,679,854
Z56,Rubroek,Z50,Oude Noorden,1777,220,313,250,333,217,278
Z56,Rubroek,Z51,Oude Westen,3478,437,624,497,657,434,553
Z56,Rubroek,Z52,Overschie,6234,668,978,768,1036,666,860
Z56,Rubroek,Z53,Pendrecht,8365,875,1381,996,1487,871,1114
Z56,Rubroek,Z54,Prinsenland,6085,693,958,777,998,690,842
Z56,Rubroek,Z55,Provenierswijk,2379,315,418,348,438,313,378
Z56,Rubroek,Z56,Rubroek,0,53,53,53,53,53,53
Z56,Rubroek,Z57,Schiebroek,6471,673,906,759,950,668,834
Z56,Rubroek,Z58,Schiemond,5355,615,886,710,936,612,785
Z56,Rubroek,Z59,Schieveen,9174,770,1160,861,1240,768,953
Z56,Rubroek,Z60,Spangen,5214,695,899,779,1088,692,823
Z56,Rubroek,Z61,Stadsdriehoek,2093,285,459,326,488,281,367
Z56,Rubroek,Z62,Struisenburg,2425,310,453,356,480,308,397
Z56,Rubroek,Z63,Tarwewijk,5759,662,958,756,1008,658,843
Z56,Rubroek,Z64,Terbregge,5349,531,819,595,875,528,662
Z56,Rubroek,Z65,Tussendijken,5368,681,930,770,1013,678,834
Z56,Rubroek,Z66,Vreewijk,7132,772,1149,885,1215,769,996
Z56,Rubroek,Z67,Wielewaal,8073,914,1360,1018,1450,910,1124
Z56,Rubroek,Z68,Zestienhoven,6282,626,918,718,970,624,801
Z56,Rubroek,Z69,Zevenkamp,9950,884,1427,991,1532,880,1111
Z56,Rubroek,Z70,Zuiderpark,8120,846,1304,981,1382,844,1106
Z56,Rubroek,Z71,Zuidplein,6502,715,1056,824,1114,712,925
Z56,Rubroek,Z72,Zuidwijk,8294,869,1341,1009,1423,865,1138
Z57,Schiebroek,Z00,'s-Gravenland,11677,837,1263,909,1348,834,997
Z57,Schiebroek,Z01,Afrikaanderwijk,10007,1042,1453,1169,1522,1034,1300
Z57,Schiebroek,Z02,Agniesebuurt,4787,542,729,608,746,538,667
Z57,Schiebroek,Z03,Bedrijvenpark Noord-West,9725,700,1093,784,1171,698,868
Z57,Schiebroek,Z04,Bergpolder,4259,444,635,506,668,440,560
Z57,Schiebroek,Z05,Beverwaard,17352,1154,1818,1267,1954,1151,1401
Z57,Schiebroek,Z06,Blijdorp,4990,489,706,560,746,488,619
Z57,Schiebroek,Z07,Blijdorpsepolder,6652,665,930,736,991,664,802
Z57,Schiebroek,Z08,Bloemhof,10836,1116,1536,1252,1883,1110,1389
Z57,Schiebroek,Z09,Bospolder,9724,845,1276,946,1348,843,1051
Z57,Schiebroek,Z10,Carnisse,10501,1022,1570,1154,1684,1019,1282
Z57,Schiebroek,Z11,Charlois Zuidrand,13204,1315,1982,1484,2125,1312,1644
Z57,Schiebroek,Z12,Cool,7708,784,1125,897,1200,779,999
Z57,Schiebroek,Z13,Cs Kwartier,6444,636,937,728,994,634,810
Z57,Schiebroek,Z14,De Esch,12445,786,1278,868,1382,784,966
Z57,Schiebroek,Z15,Delfshaven,8233,813,1195,931,1269,809,1039
Z57,Schiebroek,Z16,Dijkzigt,7703,732,1100,843,1172,730,939
Z57,Schiebroek,Z17,Feijenoord,9456,1002,1413,1140,1488,995,1266
Z57,Schiebroek,Z18,Groot IJsselmonde,16297,1055,1684,1153,1813,1053,1277
Z57,Schiebroek,Z19,Heijplaat,23490,1491,2395,1628,2591,1486,1798
Z57,Schiebroek,Z20,Het Lage Land,7337,717,1041,806,1106,714,895
Z57,Schiebroek,Z21,Hillegersberg Noord,1794,210,275,235,287,209,255
Z57,Schiebroek,Z22,Hillegersberg Zuid,2558,266,372,302,390,263,336
Z57,Schiebroek,Z23,Hillesluis,10596,1058,1802,1222,1945,1051,1370
Z57,Schiebroek,Z24,Hoogvliet Noord,19525,1222,1943,1325,2100,1220,1459
Z57,Schiebroek,Z25,Hoogvliet Zuid,22660,1495,2406,1649,2595,1492,1829
Z57,Schiebroek,Z26,Katendrecht,10709,1142,1516,1277,1590,1138,1396
Z57,Schiebroek,Z27,Kleinpolder,6132,518,766,585,813,516,647
Z57,Schiebroek,Z28,Kop van Zuid,9025,925,1288,1055,1349,919,1168
Z57,Schiebroek,Z29,Kop van Zuid - Entrepot,9169,949,1380,1089,1455,944,1223
Z57,Schiebroek,Z30,Kralingen Oost,11187,767,1220,852,1312,764,950
Z57,Schiebroek,Z31,Kralingen West,6800,684,969,776,1014,678,860
Z57,Schiebroek,Z32,Kralingse Bos,7578,833,1123,935,1173,830,1033
Z57,Schiebroek,Z33,Kralingseveer,13088,832,1370,909,1486,829,1011
Z57,Schiebroek,Z34,Liskwartier,3781,400,547,452,572,398,499
Z57,Schiebroek,Z35,Lombardijen,17372,1143,1856,1267,1999,1142,1414
Z57,Schiebroek,Z36,Middelland,7026,695,1014,797,1073,691,884
Z57,Schiebroek,Z37,Molenlaankwartier,3089,329,432,374,446,328,409
Z57,Schiebroek,Z38,Nesselande,14125,1051,1616,1174,1727,1049,1307
Z57,Schiebroek,Z39,Nieuw Crooswijk,5187,571,790,632,825,569,725
Z57,Schiebroek,Z40,Nieuwe Werk,9105,916,1372,1054,1462,914,1174
Z57,Schiebroek,Z41,Nieuwe Westen,7377,761,1097,868,1160,758,963
Z57,Schiebroek,Z42,Noord Kethel,12402,988,1479,1102,1574,985,1217
Z57,Schiebroek,Z43,Noordereiland,8420,860,1217,984,1284,855,1094
Z57,Schiebroek,Z44,Ommoord,7486,677,993,783,1045,674,873
Z57,Schiebroek,Z45,Oosterflank,11059,792,1238,878,1326,789,974
Z57,Schiebroek,Z46,Oud Charlois,10109,984,1528,1119,1639,980,1248
Z57,Schiebroek,Z47,Oud Crooswijk,5516,549,768,627,807,545,698
Z57,Schiebroek,Z48,Oud IJsselmonde,14420,874,1438,954,1560,871,1062
Z57,Schiebroek,Z49,Oud Mathenesse,8563,682,1058,764,1135,680,850
Z57,Schiebroek,Z50,Oude Noorden,4653,500,664,560,692,496,613
Z57,Schiebroek,Z51,Oude Westen,7160,722,1053,827,1120,719,916
Z57,Schiebroek,Z52,Overschie,5660,578,790,658,825,575,726
Z57,Schiebroek,Z53,Pendrecht,12314,1206,1860,1372,1995,1203,1526
Z57,Schiebroek,Z54,Prinsenland,11550,840,1294,947,1378,838,1030
Z57,Schiebroek,Z55,Provenierswijk,5289,529,755,598,800,526,663
Z57,Schiebroek,Z56,Rubroek,6074,627,855,709,900,624,784
Z57,Schiebroek,Z57,Schiebroek,0,160,160,160,160,160,160
Z57,Schiebroek,Z58,Schiemond,10542,904,1374,1026,1454,902,1138
Z57,Schiebroek,Z59,Schieveen,8443,655,869,725,917,654,782
Z57,Schiebroek,Z60,Spangen,9112,814,1189,902,1258,812,994
Z57,Schiebroek,Z61,Stadsdriehoek,7550,773,1120,883,1180,767,1007
Z57,Schiebroek,Z62,Struisenburg,7759,792,1148,901,1206,789,1015
Z57,Schiebroek,Z63,Tarwewijk,10360,1005,1557,1138,1670,1001,1266
Z57,Schiebroek,Z64,Terbregge,4498,434,614,500,643,433,555
Z57,Schiebroek,Z65,Tussendijken,9696,814,1234,912,1319,811,1013
Z57,Schiebroek,Z66,Vreewijk,16862,1135,1809,1255,1994,1133,1397
Z57,Schiebroek,Z67,Wielewaal,11896,1199,1794,1347,1920,1197,1489
Z57,Schiebroek,Z68,Zestienhoven,4601,449,608,508,637,448,556
Z57,Schiebroek,Z69,Zevenkamp,11395,807,1279,904,1371,804,1007
Z57,Schiebroek,Z70,Zuiderpark,12488,1214,1877,1376,2018,1212,1538
Z57,Schiebroek,Z71,Zuidplein,10790,1087,1662,1228,1781,1086,1363
Z57,Schiebroek,Z72,Zuidwijk,13328,1262,1993,1439,2139,1258,1604
Z58,Schiemond,Z00,'s-Gravenland,8915,939,1364,1067,1446,938,1169
Z58,Schiemond,Z01,Afrikaanderwijk,5065,554,814,627,862,552,698
Z58,Schiemond,Z02,Agniesebuurt,5236,573,864,664,917,569,741
Z58,Schiemond,Z03,Bedrijvenpark Noord-West,5997,615,919,714,965,613,801
Z58,Schiemond,Z04,Bergpolder,5423,552,873,646,932,551,725
Z58,Schiemond,Z05,Beverwaard,10862,1095,1612,1259,1696,1092,1401
Z58,Schiemond,Z06,Blijdorp,4656,512,782,580,840,508,651
Z58,Schiemond,Z07,Blijdorpsepolder,4989,609,850,671,898,606,724
Z58,Schiemond,Z08,Bloemhof,5716,637,936,705,997,635,773
Z58,Schiemond,Z09,Bospolder,1235,203,257,218,269,200,234
Z58,Schiemond,Z10,Carnisse,4413,503,744,551,798,502,599
Z58,Schiemond,Z11,Charlois Zuidrand,7041,771,1154,857,1237,769,940
Z58,Schiemond,Z12,Cool,3345,380,547,424,580,377,463
Z58,Schiemond,Z13,Cs Kwartier,3806,419,629,483,668,416,536
Z58,Schiemond,Z14,De Esch,7249,736,1140,852,1227,734,947
Z58,Schiemond,Z15,Delfshaven,1452,193,253,207,266,191,223
Z58,Schiemond,Z16,Dijkzigt,2625,304,415,332,438,303,355
Z58,Schiemond,Z17,Feijenoord,5678,652,929,739,982,649,809
Z58,Schiemond,Z18,Groot IJsselmonde,9376,959,1395,1101,1470,956,1223
Z58,Schiemond,Z19,Heijplaat,9696,1012,1552,1151,1658,1008,1278
Z58,Schiemond,Z20,Het Lage Land,10230,1048,1606,1194,1713,1046,1331
Z58,Schiemond,Z21,Hillegersberg Noord,8261,870,1239,1007,1307,868,1101
Z58,Schiemond,Z22,Hillegersberg Zuid,6706,685,1063,799,1135,682,897
Z58,Schiemond,Z23,Hillesluis,5819,622,946,724,1001,621,811
Z58,Schiemond,Z24,Hoogvliet Noord,15794,1061,1681,1167,1808,1059,1289
Z58,Schiemond,Z25,Hoogvliet Zuid,13878,1255,1980,1436,2132,1253,1601
Z58,Schiemond,Z26,Katendrecht,5487,633,893,717,941,631,790
Z58,Schiemond,Z27,Kleinpolder,5134,513,765,589,803,511,656
Z58,Schiemond,Z28,Kop van Zuid,3845,426,637,485,679,424,538
Z58,Schiemond,Z29,Kop van Zuid - Entrepot,4999,548,819,628,867,545,698
Z58,Schiemond,Z30,Kralingen Oost,6691,701,1036,805,1108,699,887
Z58,Schiemond,Z31,Kralingen West,5893,651,951,754,1068,649,829
Z58,Schiemond,Z32,Kralingse Bos,7923,1000,1351,1108,1486,997,1200
Z58,Schiemond,Z33,Kralingseveer,8801,869,1381,1007,1489,867,1128
Z58,Schiemond,Z34,Liskwartier,5642,637,936,725,995,634,800
Z58,Schiemond,Z35,Lombardijen,7672,776,1165,870,1243,774,960
Z58,Schiemond,Z36,Middelland,2510,280,380,308,400,279,338
Z58,Schiemond,Z37,Molenlaankwartier,8915,970,1348,1094,1425,967,1200
Z58,Schiemond,Z38,Nesselande,18440,1376,2208,1538,2369,1374,1719
Z58,Schiemond,Z39,Nieuw Crooswijk,7930,761,1146,846,1214,758,932
Z58,Schiemond,Z40,Nieuwe Werk,2661,344,470,384,492,342,423
Z58,Schiemond,Z41,Nieuwe Westen,2550,366,479,398,503,362,431
Z58,Schiemond,Z42,Noord Kethel,8848,830,1205,942,1268,828,1043
Z58,Schiemond,Z43,Noordereiland,5005,524,790,605,838,523,675
Z58,Schiemond,Z44,Ommoord,15171,1139,1817,1288,1956,1135,1441
Z58,Schiemond,Z45,Oosterflank,15399,1103,1786,1219,1920,1101,1359
Z58,Schiemond,Z46,Oud Charlois,4021,451,701,500,752,450,554
Z58,Schiemond,Z47,Oud Crooswijk,6243,646,962,749,1019,643,831
Z58,Schiemond,Z48,Oud IJsselmonde,8109,823,1247,958,1321,820,1074
Z58,Schiemond,Z49,Oud Mathenesse,2769,312,458,360,482,311,402
Z58,Schiemond,Z50,Oude Noorden,5832,645,934,738,994,641,809
Z58,Schiemond,Z51,Oude Westen,3088,380,525,424,550,378,463
Z58,Schiemond,Z52,Overschie,6566,706,1007,803,1057,704,894
Z58,Schiemond,Z53,Pendrecht,6182,646,1012,720,1091,643,804
Z58,Schiemond,Z54,Prinsenland,10149,1068,1569,1206,1675,1067,1318
Z58,Schiemond,Z55,Provenierswijk,4745,550,799,622,877,546,681
Z58,Schiemond,Z56,Rubroek,5437,577,851,661,897,574,733
Z58,Schiemond,Z57,Schiebroek,10020,928,1428,1051,1518,926,1174
Z58,Schiemond,Z58,Schiemond,0,75,75,75,75,75,75
Z58,Schiemond,Z59,Schieveen,10398,846,1295,940,1381,844,1040
Z58,Schiemond,Z60,Spangen,2676,353,427,391,438,352,414
Z58,Schiemond,Z61,Stadsdriehoek,4026,448,645,503,687,446,555
Z58,Schiemond,Z62,Struisenburg,4838,534,800,608,859,532,672
Z58,Schiemond,Z63,Tarwewijk,4272,467,730,528,784,465,579
Z58,Schiemond,Z64,Terbregge,9985,1020,1594,1175,1703,1018,1312
Z58,Schiemond,Z65,Tussendijken,1790,289,352,309,366,286,328
Z58,Schiemond,Z66,Vreewijk,6417,677,1034,753,1112,676,830
Z58,Schiemond,Z67,Wielewaal,5809,686,968,744,1034,684,806
Z58,Schiemond,Z68,Zestienhoven,9453,812,1284,913,1371,810,1019
Z58,Schiemond,Z69,Zevenkamp,15619,1108,1825,1232,1965,1105,1380
Z58,Schiemond,Z70,Zuiderpark,6493,678,1055,770,1131,676,855
Z58,Schiemond,Z71,Zuidplein,4702,510,811,570,873,509,634
Z58,Schiemond,Z72,Zuidwijk,7172,731,1167,832,1253,729,935
Z59,Schieveen,Z00,'s-Gravenland,14983,925,1424,988,1538,923,1072
Z59,Schieveen,Z01,Afrikaanderwijk,12852,1141,1725,1264,1840,1138,1398
Z59,Schieveen,Z02,Agniesebuurt,8216,710,1068,782,1144,708,861
Z59,Schieveen,Z03,Bedrijvenpark Noord-West,3512,358,506,396,534,356,438
Z59,Schieveen,Z04,Bergpolder,7037,540,834,587,900,539,648
Z59,Schieveen,Z05,Beverwaard,20649,1247,1931,1346,2079,1245,1476
Z59,Schieveen,Z06,Blijdorp,7331,575,855,646,924,574,707
Z59,Schieveen,Z07,Blijdorpsepolder,6666,610,876,661,933,609,717
Z59,Schieveen,Z08,Bloemhof,13980,1202,1904,1328,2054,1200,1474
Z59,Schieveen,Z09,Bospolder,9246,787,1177,877,1289,785,965
Z59,Schieveen,Z10,Carnisse,12677,1074,1689,1194,1820,1071,1326
Z59,Schieveen,Z11,Charlois Zuidrand,15622,1354,2071,1484,2238,1351,1635
Z59,Schieveen,Z12,Cool,10055,862,1312,973,1422,860,1080
Z59,Schieveen,Z13,Cs Kwartier,8619,689,1051,769,1132,687,853
Z59,Schieveen,Z14,De Esch,15920,886,1384,952,1491,884,1054
Z59,Schieveen,Z15,Delfshaven,9569,790,1137,870,1209,788,952
Z59,Schieveen,Z16,Dijkzigt,9879,785,1218,883,1306,783,983
Z59,Schieveen,Z17,Feijenoord,13358,1195,1834,1337,1961,1190,1488
Z59,Schieveen,Z18,Groot IJsselmonde,19423,1143,1816,1231,1973,1142,1352
Z59,Schieveen,Z19,Heijplaat,20617,1412,2200,1557,2360,1408,1715
Z59,Schieveen,Z20,Het Lage Land,12707,810,1233,884,1314,808,970
Z59,Schieveen,Z21,Hillegersberg Noord,8056,612,819,661,860,611,707
Z59,Schieveen,Z22,Hillegersberg Zuid,7526,601,787,664,826,601,717
Z59,Schieveen,Z23,Hillesluis,13618,1183,1846,1343,1968,1180,1436
Z59,Schieveen,Z24,Hoogvliet Noord,17014,1147,1760,1260,1886,1144,1384
Z59,Schieveen,Z25,Hoogvliet Zuid,19810,1423,2206,1587,2357,1419,1758
Z59,Schieveen,Z26,Katendrecht,13253,1215,1788,1371,1904,1214,1516
Z59,Schieveen,Z27,Kleinpolder,6181,453,687,492,738,452,540
Z59,Schieveen,Z28,Kop van Zuid,11636,1013,1519,1146,1628,1010,1277
Z59,Schieveen,Z29,Kop van Zuid - Entrepot,12570,1116,1708,1267,1830,1112,1412
Z59,Schieveen,Z30,Kralingen Oost,14800,868,1332,936,1429,865,1031
Z59,Schieveen,Z31,Kralingen West,10988,877,1368,960,1470,874,1061
Z59,Schieveen,Z32,Kralingse Bos,11930,1007,1470,1098,1573,1005,1188
Z59,Schieveen,Z33,Kralingseveer,16623,929,1528,993,1651,928,1099
Z59,Schieveen,Z34,Liskwartier,7848,646,987,705,1058,644,779
Z59,Schieveen,Z35,Lombardijen,20934,1243,2008,1351,2155,1242,1502
Z59,Schieveen,Z36,Middelland,9121,742,1109,833,1192,740,927
Z59,Schieveen,Z37,Molenlaankwartier,8250,600,831,665,872,599,728
Z59,Schieveen,Z38,Nesselande,17642,1140,1789,1254,1906,1138,1395
Z59,Schieveen,Z39,Nieuw Crooswijk,9468,711,1126,766,1218,708,843
Z59,Schieveen,Z40,Nieuwe Werk,11187,964,1462,1081,1574,963,1198
Z59,Schieveen,Z41,Nieuwe Westen,8426,719,1061,795,1130,717,875
Z59,Schieveen,Z42,Noord Kethel,9233,903,1262,1019,1322,900,1121
Z59,Schieveen,Z43,Noordereiland,11790,1054,1606,1197,1723,1050,1338
Z59,Schieveen,Z44,Ommoord,12600,808,1211,880,1292,807,962
Z59,Schieveen,Z45,Oosterflank,14403,892,1334,962,1426,889,1055
Z59,Schieveen,Z46,Oud Charlois,12285,1031,1629,1146,1766,1029,1273
Z59,Schieveen,Z47,Oud Crooswijk,10251,770,1238,845,1337,768,932
Z59,Schieveen,Z48,Oud IJsselmonde,17936,974,1559,1038,1688,971,1149
Z59,Schieveen,Z49,Oud Mathenesse,7593,624,1007,722,1084,622,809
Z59,Schieveen,Z50,Oude Noorden,8444,736,1123,819,1205,734,907
Z59,Schieveen,Z51,Oude Westen,9165,768,1172,857,1250,766,943
Z59,Schieveen,Z52,Overschie,3163,304,405,344,423,303,376
Z59,Schieveen,Z53,Pendrecht,14323,1243,1940,1398,2105,1241,1550
Z59,Schieveen,Z54,Prinsenland,14411,959,1407,1025,1503,958,1118
Z59,Schieveen,Z55,Provenierswijk,7796,657,1008,727,1084,655,804
Z59,Schieveen,Z56,Rubroek,9609,841,1284,950,1378,839,1044
Z59,Schieveen,Z57,Schiebroek,8543,632,865,691,910,630,759
Z59,Schieveen,Z58,Schiemond,9845,868,1338,980,1430,864,1098
Z59,Schieveen,Z59,Schieveen,0,174,174,174,174,174,174
Z59,Schieveen,Z60,Spangen,8041,755,1097,834,1174,751,914
Z59,Schieveen,Z61,Stadsdriehoek,10846,945,1453,1064,1550,941,1184
Z59,Schieveen,Z62,Struisenburg,15553,978,1524,1061,1651,976,1167
Z59,Schieveen,Z63,Tarwewijk,12536,1056,1676,1176,1806,1054,1305
Z59,Schieveen,Z64,Terbregge,11189,632,997,678,1066,631,749
Z59,Schieveen,Z65,Tussendijken,8720,761,1187,871,1270,758,972
Z59,Schieveen,Z66,Vreewijk,19244,1217,1929,1335,2086,1216,1478
Z59,Schieveen,Z67,Wielewaal,14072,1252,1913,1388,2058,1250,1532
Z59,Schieveen,Z68,Zestienhoven,4505,421,545,466,568,420,504
Z59,Schieveen,Z69,Zevenkamp,14799,907,1426,984,1543,905,1076
Z59,Schieveen,Z70,Zuiderpark,14190,1255,1997,1416,2159,1254,1577
Z59,Schieveen,Z71,Zuidplein,12965,1120,1740,1258,1887,1119,1390
Z59,Schieveen,Z72,Zuidwijk,15408,1312,2103,1486,2268,1310,1662
Z60,Spangen,Z00,'s-Gravenland,14694,1037,1634,1116,1759,1034,1224
Z60,Spangen,Z01,Afrikaanderwijk,6932,788,1156,905,1221,785,1008
Z60,Spangen,Z02,Agniesebuurt,4634,607,890,695,937,604,771
Z60,Spangen,Z03,Bedrijvenpark Noord-West,4462,459,653,517,683,457,569
Z60,Spangen,Z04,Bergpolder,5480,489,737,530,781,487,580
Z60,Spangen,Z05,Beverwaard,19773,1316,2100,1474,2276,1313,1628
Z60,Spangen,Z06,Blijdorp,4222,475,686,535,768,473,589
Z60,Spangen,Z07,Blijdorpsepolder,3068,471,587,509,609,469,543
Z60,Spangen,Z08,Bloemhof,7613,870,1286,968,1364,867,1061
Z60,Spangen,Z09,Bospolder,1727,272,317,286,329,270,297
Z60,Spangen,Z10,Carnisse,6266,740,1094,813,1162,738,888
Z60,Spangen,Z11,Charlois Zuidrand,8947,1004,1490,1119,1585,1001,1223
Z60,Spangen,Z12,Cool,4232,520,701,582,731,517,638
Z60,Spangen,Z13,Cs Kwartier,3109,453,655,511,688,451,572
Z60,Spangen,Z14,De Esch,8781,958,1355,1078,1419,955,1194
Z60,Spangen,Z15,Delfshaven,2539,356,445,390,461,354,417
Z60,Spangen,Z16,Dijkzigt,3447,444,570,490,595,442,529
Z60,Spangen,Z17,Feijenoord,7538,885,1287,1024,1359,880,1135
Z60,Spangen,Z18,Groot IJsselmonde,11888,1184,1833,1381,1929,1180,1468
Z60,Spangen,Z19,Heijplaat,18397,1197,1900,1304,2044,1192,1435
Z60,Spangen,Z20,Het Lage Land,12258,1002,1618,1116,1739,1000,1244
Z60,Spangen,Z21,Hillegersberg Noord,9381,786,1175,863,1255,784,954
Z60,Spangen,Z22,Hillegersberg Zuid,6801,582,883,642,942,580,709
Z60,Spangen,Z23,Hillesluis,7698,870,1284,1004,1356,867,1122
Z60,Spangen,Z24,Hoogvliet Noord,14400,927,1464,1005,1578,923,1105
Z60,Spangen,Z25,Hoogvliet Zuid,17613,1211,1900,1330,2036,1207,1466
Z60,Spangen,Z26,Katendrecht,7352,858,1209,1004,1269,855,1091
Z60,Spangen,Z27,Kleinpolder,3426,337,488,372,514,336,408
Z60,Spangen,Z28,Kop van Zuid,5725,658,977,759,1033,655,848
Z60,Spangen,Z29,Kop van Zuid - Entrepot,7049,788,1159,908,1221,784,1009
Z60,Spangen,Z30,Kralingen Oost,8053,890,1214,1006,1269,887,1107
Z60,Spangen,Z31,Kralingen West,6294,769,1104,854,1158,767,945
Z60,Spangen,Z32,Kralingse Bos,10373,942,1382,1028,1471,939,1121
Z60,Spangen,Z33,Kralingseveer,16037,1044,1743,1129,1892,1044,1249
Z60,Spangen,Z34,Liskwartier,6469,568,858,638,918,566,701
Z60,Spangen,Z35,Lombardijen,9585,1020,1479,1132,1568,1016,1238
Z60,Spangen,Z36,Middelland,2399,381,502,428,522,379,467
Z60,Spangen,Z37,Molenlaankwartier,10557,896,1352,994,1442,895,1097
Z60,Spangen,Z38,Nesselande,17349,1256,2009,1391,2158,1254,1551
Z60,Spangen,Z39,Nieuw Crooswijk,8231,668,1031,733,1104,667,802
Z60,Spangen,Z40,Nieuwe Werk,5073,593,796,669,830,591,732
Z60,Spangen,Z41,Nieuwe Westen,1571,266,356,297,370,262,325
Z60,Spangen,Z42,Noord Kethel,7373,698,986,780,1038,695,857
Z60,Spangen,Z43,Noordereiland,6504,745,1040,837,1090,741,928
Z60,Spangen,Z44,Ommoord,15072,1028,1676,1125,1811,1026,1251
Z60,Spangen,Z45,Oosterflank,14024,966,1577,1053,1705,963,1168
Z60,Spangen,Z46,Oud Charlois,5901,688,1032,762,1100,686,835
Z60,Spangen,Z47,Oud Crooswijk,5831,680,993,769,1040,679,862
Z60,Spangen,Z48,Oud IJsselmonde,17040,1048,1738,1134,1893,1046,1257
Z60,Spangen,Z49,Oud Mathenesse,1194,175,230,192,242,172,207
Z60,Spangen,Z50,Oude Noorden,5918,647,937,737,984,644,817
Z60,Spangen,Z51,Oude Westen,2938,461,609,516,637,459,565
Z60,Spangen,Z52,Overschie,4622,544,716,604,749,541,664
Z60,Spangen,Z53,Pendrecht,8244,879,1340,983,1437,875,1086
Z60,Spangen,Z54,Prinsenland,15036,1079,1710,1168,1839,1077,1291
Z60,Spangen,Z55,Provenierswijk,5127,568,821,645,870,565,714
Z60,Spangen,Z56,Rubroek,4858,626,899,713,941,624,795
Z60,Spangen,Z57,Schiebroek,9298,805,1208,896,1292,802,992
Z60,Spangen,Z58,Schiemond,3246,382,481,432,496,380,481
Z60,Spangen,Z59,Schieveen,8721,742,1091,813,1157,740,890
Z60,Spangen,Z60,Spangen,0,58,58,58,58,58,58
Z60,Spangen,Z61,Stadsdriehoek,5427,635,860,711,900,632,775
Z60,Spangen,Z62,Struisenburg,6326,745,1037,849,1086,741,936
Z60,Spangen,Z63,Tarwewijk,6103,714,1077,788,1148,710,867
Z60,Spangen,Z64,Terbregge,11371,950,1474,1057,1582,949,1168
Z60,Spangen,Z65,Tussendijken,1120,185,213,193,220,184,201
Z60,Spangen,Z66,Vreewijk,8341,910,1384,1015,1482,908,1118
Z60,Spangen,Z67,Wielewaal,7640,920,1319,1006,1400,917,1094
Z60,Spangen,Z68,Zestienhoven,7975,689,1049,759,1117,687,837
Z60,Spangen,Z69,Zevenkamp,14576,985,1626,1081,1756,983,1204
Z60,Spangen,Z70,Zuiderpark,8414,923,1360,1033,1449,920,1133
Z60,Spangen,Z71,Zuidplein,6538,746,1158,831,1235,744,916
Z60,Spangen,Z72,Zuidwijk,9083,971,1504,1095,1606,967,1208
Z61,Stadsdriehoek,Z00,'s-Gravenland,5577,574,813,641,872,572,695
Z61,Stadsdriehoek,Z01,Afrikaanderwijk,3508,375,559,431,593,374,479
Z61,Stadsdriehoek,Z02,Agniesebuurt,2663,350,501,399,530,347,435
Z61,Stadsdriehoek,Z03,Bedrijvenpark Noord-West,9278,820,1296,918,1387,816,1035
Z61,Stadsdriehoek,Z04,Bergpolder,4087,453,664,520,698,452,580
Z61,Stadsdriehoek,Z05,Beverwaard,9148,799,1240,940,1329,796,1062
Z61,Stadsdriehoek,Z06,Blijdorp,3812,434,628,495,660,431,545
Z61,Stadsdriehoek,Z07,Blijdorpsepolder,5807,690,1009,788,1066,688,876
Z61,Stadsdriehoek,Z08,Bloemhof,4198,469,689,540,729,465,603
Z61,Stadsdriehoek,Z09,Bospolder,4698,585,792,654,842,581,714
Z61,Stadsdriehoek,Z10,Carnisse,5573,606,970,683,1047,604,761
Z61,Stadsdriehoek,Z11,Charlois Zuidrand,8238,881,1380,990,1492,879,1102
Z61,Stadsdriehoek,Z12,Cool,1818,205,300,233,317,203,259
Z61,Stadsdriehoek,Z13,Cs Kwartier,3236,406,571,458,602,402,505
Z61,Stadsdriehoek,Z14,De Esch,3769,380,567,433,608,379,479
Z61,Stadsdriehoek,Z15,Delfshaven,3765,406,606,462,648,404,513
Z61,Stadsdriehoek,Z16,Dijkzigt,2489,274,380,305,401,272,334
Z61,Stadsdriehoek,Z17,Feijenoord,2996,370,515,414,542,368,455
Z61,Stadsdriehoek,Z18,Groot IJsselmonde,7814,723,1113,823,1199,720,919
Z61,Stadsdriehoek,Z19,Heijplaat,10888,1128,1779,1289,1913,1124,1440
Z61,Stadsdriehoek,Z20,Het Lage Land,6681,668,1048,763,1117,666,857
Z61,Stadsdriehoek,Z21,Hillegersberg Noord,6497,687,917,775,960,683,844
Z61,Stadsdriehoek,Z22,Hillegersberg Zuid,4997,543,796,619,837,541,695
Z61,Stadsdriehoek,Z23,Hillesluis,4136,435,661,507,699,432,571
Z61,Stadsdriehoek,Z24,Hoogvliet Noord,15423,1222,1988,1370,2160,1219,1525
Z61,Stadsdriehoek,Z25,Hoogvliet Zuid,15108,1366,2196,1571,2376,1364,1763
Z61,Stadsdriehoek,Z26,Katendrecht,4257,516,745,590,786,514,655
Z61,Stadsdriehoek,Z27,Kleinpolder,5884,619,918,715,975,617,793
Z61,Stadsdriehoek,Z28,Kop van Zuid,2412,276,420,324,447,274,366
Z61,Stadsdriehoek,Z29,Kop van Zuid - Entrepot,2689,318,449,361,473,316,397
Z61,Stadsdriehoek,Z30,Kralingen Oost,3271,346,479,390,507,344,427
Z61,Stadsdriehoek,Z31,Kralingen West,2344,296,393,328,445,294,355
Z61,Stadsdriehoek,Z32,Kralingse Bos,4374,619,793,677,879,617,726
Z61,Stadsdriehoek,Z33,Kralingseveer,5382,517,824,588,892,515,657
Z61,Stadsdriehoek,Z34,Liskwartier,4148,466,637,528,669,464,577
Z61,Stadsdriehoek,Z35,Lombardijen,6971,711,1048,822,1101,709,923
Z61,Stadsdriehoek,Z36,Middelland,3127,391,534,437,562,388,480
Z61,Stadsdriehoek,Z37,Molenlaankwartier,7151,758,1054,862,1109,754,943
Z61,Stadsdriehoek,Z38,Nesselande,14880,1148,1810,1294,1944,1145,1444
Z61,Stadsdriehoek,Z39,Nieuw Crooswijk,3500,446,638,500,673,443,554
Z61,Stadsdriehoek,Z40,Nieuwe Werk,2708,344,502,393,535,343,436
Z61,Stadsdriehoek,Z41,Nieuwe Westen,3850,484,687,546,722,482,605
Z61,Stadsdriehoek,Z42,Noord Kethel,12803,1096,1636,1226,1738,1094,1350
Z61,Stadsdriehoek,Z43,Noordereiland,1960,229,322,258,339,228,284
Z61,Stadsdriehoek,Z44,Ommoord,8040,804,1251,919,1332,802,1029
Z61,Stadsdriehoek,Z45,Oosterflank,8565,844,1340,941,1423,842,1048
Z61,Stadsdriehoek,Z46,Oud Charlois,5207,556,908,632,984,554,709
Z61,Stadsdriehoek,Z47,Oud Crooswijk,2372,298,460,345,489,296,390
Z61,Stadsdriehoek,Z48,Oud IJsselmonde,6416,543,866,610,940,541,676
Z61,Stadsdriehoek,Z49,Oud Mathenesse,6588,681,997,783,1058,679,871
Z61,Stadsdriehoek,Z50,Oude Noorden,3299,389,544,446,572,385,490
Z61,Stadsdriehoek,Z51,Oude Westen,2769,343,480,382,503,341,423
Z61,Stadsdriehoek,Z52,Overschie,7424,798,1188,899,1258,795,998
Z61,Stadsdriehoek,Z53,Pendrecht,7550,772,1208,869,1305,770,964
Z61,Stadsdriehoek,Z54,Prinsenland,6912,702,1053,777,1122,700,865
Z61,Stadsdriehoek,Z55,Provenierswijk,3600,432,623,498,658,428,552
Z61,Stadsdriehoek,Z56,Rubroek,2030,266,386,304,407,265,338
Z61,Stadsdriehoek,Z57,Schiebroek,7746,806,1116,912,1173,802,1010
Z61,Stadsdriehoek,Z58,Schiemond,4343,488,732,552,786,486,611
Z61,Stadsdriehoek,Z59,Schieveen,10196,871,1318,979,1404,869,1083
Z61,Stadsdriehoek,Z60,Spangen,5370,619,845,690,883,616,755
Z61,Stadsdriehoek,Z61,Stadsdriehoek,0,95,95,95,95,95,95
Z61,Stadsdriehoek,Z62,Struisenburg,1351,155,242,176,262,154,198
Z61,Stadsdriehoek,Z63,Tarwewijk,5389,539,816,622,867,536,697
Z61,Stadsdriehoek,Z64,Terbregge,6534,650,1036,745,1105,648,838
Z61,Stadsdriehoek,Z65,Tussendijken,4669,584,820,664,860,582,733
Z61,Stadsdriehoek,Z66,Vreewijk,5773,628,906,718,962,624,798
Z61,Stadsdriehoek,Z67,Wielewaal,6929,787,1195,877,1284,785,968
Z61,Stadsdriehoek,Z68,Zestienhoven,7186,734,1080,836,1140,731,934
Z61,Stadsdriehoek,Z69,Zevenkamp,12059,887,1472,1003,1596,884,1125
Z61,Stadsdriehoek,Z70,Zuiderpark,6894,702,1073,804,1140,698,903
Z61,Stadsdriehoek,Z71,Zuidplein,5262,650,912,738,960,646,816
Z61,Stadsdriehoek,Z72,Zuidwijk,7094,710,1110,828,1183,706,936
Z62,Struisenburg,Z00,'s-Gravenland,4178,476,646,524,655,475,571
Z62,Struisenburg,Z01,Afrikaanderwijk,4523,494,750,568,801,491,635
Z62,Struisenburg,Z02,Agniesebuurt,3136,403,600,463,634,401,518
Z62,Struisenburg,Z03,Bedrijvenpark Noord-West,9751,878,1392,993,1488,876,1119
Z62,Struisenburg,Z04,Bergpolder,4901,543,822,629,868,542,709
Z62,Struisenburg,Z05,Beverwaard,8413,710,1106,804,1189,708,897
Z62,Struisenburg,Z06,Blijdorp,4285,486,726,560,764,485,628
Z62,Struisenburg,Z07,Blijdorpsepolder,6252,798,1143,902,1205,795,997
Z62,Struisenburg,Z08,Bloemhof,5068,562,840,643,894,560,720
Z62,Struisenburg,Z09,Bospolder,5948,669,975,760,1041,665,839
Z62,Struisenburg,Z10,Carnisse,6420,678,1074,760,1161,676,845
Z62,Struisenburg,Z11,Charlois Zuidrand,9122,966,1484,1079,1607,964,1186
Z62,Struisenburg,Z12,Cool,2770,309,474,354,500,306,413
Z62,Struisenburg,Z13,Cs Kwartier,4296,510,714,569,749,506,641
Z62,Struisenburg,Z14,De Esch,2608,278,422,323,455,277,354
Z62,Struisenburg,Z15,Delfshaven,4610,491,756,564,815,489,630
Z62,Struisenburg,Z16,Dijkzigt,3441,378,557,428,585,375,491
Z62,Struisenburg,Z17,Feijenoord,3952,470,676,530,718,467,586
Z62,Struisenburg,Z18,Groot IJsselmonde,7447,644,990,726,1058,640,811
Z62,Struisenburg,Z19,Heijplaat,11711,1196,1890,1351,2036,1193,1492
Z62,Struisenburg,Z20,Het Lage Land,7534,581,952,654,1026,579,734
Z62,Struisenburg,Z21,Hillegersberg Noord,7480,742,1022,846,1072,739,936
Z62,Struisenburg,Z22,Hillegersberg Zuid,5667,577,811,659,851,575,732
Z62,Struisenburg,Z23,Hillesluis,5136,546,846,639,900,544,722
Z62,Struisenburg,Z24,Hoogvliet Noord,22911,1275,2072,1392,2249,1272,1549
Z62,Struisenburg,Z25,Hoogvliet Zuid,15932,1420,2300,1599,2490,1418,1792
Z62,Struisenburg,Z26,Katendrecht,5081,601,895,692,951,598,772
Z62,Struisenburg,Z27,Kleinpolder,6330,671,1026,778,1090,670,876
Z62,Struisenburg,Z28,Kop van Zuid,3257,366,585,428,632,363,484
Z62,Struisenburg,Z29,Kop van Zuid - Entrepot,3805,418,634,477,678,416,536
Z62,Struisenburg,Z30,Kralingen Oost,2221,242,324,272,340,241,297
Z62,Struisenburg,Z31,Kralingen West,1895,212,290,239,306,210,263
Z62,Struisenburg,Z32,Kralingse Bos,4157,529,684,588,712,528,636
Z62,Struisenburg,Z33,Kralingseveer,4160,426,642,480,689,424,529
Z62,Struisenburg,Z34,Liskwartier,4381,480,664,544,699,477,601
Z62,Struisenburg,Z35,Lombardijen,8510,748,1128,838,1209,748,928
Z62,Struisenburg,Z36,Middelland,4079,495,716,559,752,491,637
Z62,Struisenburg,Z37,Molenlaankwartier,8242,768,1120,861,1192,765,956
Z62,Struisenburg,Z38,Nesselande,13680,1054,1617,1177,1730,1052,1305
Z62,Struisenburg,Z39,Nieuw Crooswijk,4157,440,617,500,648,438,554
Z62,Struisenburg,Z40,Nieuwe Werk,3532,430,651,495,700,428,554
Z62,Struisenburg,Z41,Nieuwe Westen,4802,588,831,663,871,585,750
Z62,Struisenburg,Z42,Noord Kethel,13248,1148,1737,1290,1845,1147,1433
Z62,Struisenburg,Z43,Noordereiland,2916,329,484,374,514,327,415
Z62,Struisenburg,Z44,Ommoord,9570,760,1250,855,1329,759,965
Z62,Struisenburg,Z45,Oosterflank,10297,743,1190,833,1323,740,925
Z62,Struisenburg,Z46,Oud Charlois,6030,634,1025,719,1113,632,803
Z62,Struisenburg,Z47,Oud Crooswijk,2606,299,438,346,464,296,388
Z62,Struisenburg,Z48,Oud IJsselmonde,5607,448,709,502,770,445,557
Z62,Struisenburg,Z49,Oud Mathenesse,7385,755,1158,875,1234,754,982
Z62,Struisenburg,Z50,Oude Noorden,3838,426,608,488,643,423,544
Z62,Struisenburg,Z51,Oude Westen,3740,447,636,500,666,444,568
Z62,Struisenburg,Z52,Overschie,9446,850,1346,963,1440,848,1081
Z62,Struisenburg,Z53,Pendrecht,8373,858,1357,971,1469,855,1082
Z62,Struisenburg,Z54,Prinsenland,5541,612,834,675,844,611,735
Z62,Struisenburg,Z55,Provenierswijk,4045,484,742,562,786,481,635
Z62,Struisenburg,Z56,Rubroek,2452,308,440,342,465,306,382
Z62,Struisenburg,Z57,Schiebroek,8403,855,1156,965,1214,851,1060
Z62,Struisenburg,Z58,Schiemond,5167,556,863,638,929,555,718
Z62,Struisenburg,Z59,Schieveen,10796,923,1435,1043,1532,922,1158
Z62,Struisenburg,Z60,Spangen,6322,723,1013,812,1058,720,911
Z62,Struisenburg,Z61,Stadsdriehoek,1831,214,317,244,342,212,272
Z62,Struisenburg,Z62,Struisenburg,0,57,57,57,57,57,57
Z62,Struisenburg,Z63,Tarwewijk,6229,656,1054,737,1144,654,821
Z62,Struisenburg,Z64,Terbregge,6589,636,991,710,1056,634,803
Z62,Struisenburg,Z65,Tussendijken,6018,669,972,757,1038,666,836
Z62,Struisenburg,Z66,Vreewijk,6900,698,1068,808,1137,696,901
Z62,Struisenburg,Z67,Wielewaal,7815,856,1299,953,1399,854,1052
Z62,Struisenburg,Z68,Zestienhoven,8180,859,1284,978,1357,856,1080
Z62,Struisenburg,Z69,Zevenkamp,10780,759,1263,853,1369,756,958
Z62,Struisenburg,Z70,Zuiderpark,7809,788,1232,911,1314,786,1024
Z62,Struisenburg,Z71,Zuidplein,6126,737,1062,840,1124,734,933
Z62,Struisenburg,Z72,Zuidwijk,7983,804,1259,931,1347,801,1049
Z63,Tarwewijk,Z00,'s-Gravenland,9746,944,1373,1080,1461,940,1197
Z63,Tarwewijk,Z01,Afrikaanderwijk,1893,264,322,278,339,263,294
Z63,Tarwewijk,Z02,Agniesebuurt,5544,635,913,719,956,633,795
Z63,Tarwewijk,Z03,Bedrijvenpark Noord-West,10865,925,1530,1026,1662,923,1148
Z63,Tarwewijk,Z04,Bergpolder,6593,664,1030,750,1103,662,834
Z63,Tarwewijk,Z05,Beverwaard,7862,801,1156,916,1209,797,1017
Z63,Tarwewijk,Z06,Blijdorp,5809,587,963,666,1042,584,745
Z63,Tarwewijk,Z07,Blijdorpsepolder,7220,816,1151,898,1218,814,978
Z63,Tarwewijk,Z08,Bloemhof,1854,270,329,289,340,269,307
Z63,Tarwewijk,Z09,Bospolder,5462,603,892,670,950,600,736
Z63,Tarwewijk,Z10,Carnisse,1644,211,292,236,305,209,259
Z63,Tarwewijk,Z11,Charlois Zuidrand,4503,513,714,570,759,512,621
Z63,Tarwewijk,Z12,Cool,4231,443,676,516,719,442,578
Z63,Tarwewijk,Z13,Cs Kwartier,4821,499,784,550,846,498,605
Z63,Tarwewijk,Z14,De Esch,7859,792,1189,899,1266,792,1003
Z63,Tarwewijk,Z15,Delfshaven,4124,426,672,474,724,424,528
Z63,Tarwewijk,Z16,Dijkzigt,3678,368,576,397,622,367,434
Z63,Tarwewijk,Z17,Feijenoord,3847,442,613,502,639,441,551
Z63,Tarwewijk,Z18,Groot IJsselmonde,6340,667,950,748,998,665,834
Z63,Tarwewijk,Z19,Heijplaat,7185,764,1116,872,1173,761,968
Z63,Tarwewijk,Z20,Het Lage Land,12762,959,1553,1084,1672,956,1218
Z63,Tarwewijk,Z21,Hillegersberg Noord,9265,952,1386,1071,1478,950,1189
Z63,Tarwewijk,Z22,Hillegersberg Zuid,7949,767,1203,878,1268,766,983
Z63,Tarwewijk,Z23,Hillesluis,2422,302,402,331,422,300,360
Z63,Tarwewijk,Z24,Hoogvliet Noord,11200,863,1364,951,1477,861,1059
Z63,Tarwewijk,Z25,Hoogvliet Zuid,11352,1008,1531,1152,1646,1006,1282
Z63,Tarwewijk,Z26,Katendrecht,2752,374,458,403,474,371,428
Z63,Tarwewijk,Z27,Kleinpolder,7532,715,1167,814,1266,714,911
Z63,Tarwewijk,Z28,Kop van Zuid,2641,314,461,348,489,313,394
Z63,Tarwewijk,Z29,Kop van Zuid - Entrepot,2698,359,495,411,519,357,449
Z63,Tarwewijk,Z30,Kralingen Oost,7300,744,1093,841,1160,743,937
Z63,Tarwewijk,Z31,Kralingen West,6435,670,1029,780,1038,667,878
Z63,Tarwewijk,Z32,Kralingse Bos,8465,1029,1417,1155,1532,1025,1270
Z63,Tarwewijk,Z33,Kralingseveer,9541,806,1287,911,1375,806,1016
Z63,Tarwewijk,Z34,Liskwartier,6694,719,1086,795,1135,717,872
Z63,Tarwewijk,Z35,Lombardijen,4306,480,640,534,704,478,587
Z63,Tarwewijk,Z36,Middelland,4274,438,728,485,789,435,556
Z63,Tarwewijk,Z37,Molenlaankwartier,9919,1056,1496,1199,1594,1054,1323
Z63,Tarwewijk,Z38,Nesselande,18854,1410,2253,1588,2409,1408,1774
Z63,Tarwewijk,Z39,Nieuw Crooswijk,7749,829,1262,931,1322,827,1042
Z63,Tarwewijk,Z40,Nieuwe Werk,4271,472,724,519,766,472,578
Z63,Tarwewijk,Z41,Nieuwe Westen,4997,541,861,592,928,538,674
Z63,Tarwewijk,Z42,Noord Kethel,13038,1214,1827,1371,1934,1213,1525
Z63,Tarwewijk,Z43,Noordereiland,3857,452,624,506,654,449,556
Z63,Tarwewijk,Z44,Ommoord,14914,1172,1860,1310,2001,1170,1454
Z63,Tarwewijk,Z45,Oosterflank,15471,1146,1787,1268,1929,1143,1411
Z63,Tarwewijk,Z46,Oud Charlois,1409,192,243,201,250,192,222
Z63,Tarwewijk,Z47,Oud Crooswijk,6766,707,1022,802,1088,705,890
Z63,Tarwewijk,Z48,Oud IJsselmonde,5126,547,788,621,831,545,688
Z63,Tarwewijk,Z49,Oud Mathenesse,6850,694,1072,782,1141,693,872
Z63,Tarwewijk,Z50,Oude Noorden,6798,706,1070,797,1147,703,877
Z63,Tarwewijk,Z51,Oude Westen,4226,447,698,489,755,446,536
Z63,Tarwewijk,Z52,Overschie,8956,892,1486,999,1610,890,1117
Z63,Tarwewijk,Z53,Pendrecht,3794,400,584,453,622,399,501
Z63,Tarwewijk,Z54,Prinsenland,10886,970,1461,1095,1575,968,1219
Z63,Tarwewijk,Z55,Provenierswijk,5914,617,963,699,1030,615,781
Z63,Tarwewijk,Z56,Rubroek,5784,623,899,701,939,623,786
Z63,Tarwewijk,Z57,Schiebroek,10660,1031,1584,1168,1689,1028,1300
Z63,Tarwewijk,Z58,Schiemond,4681,496,779,549,837,494,615
Z63,Tarwewijk,Z59,Schieveen,12019,1036,1647,1154,1733,1035,1279
Z63,Tarwewijk,Z60,Spangen,6034,660,977,733,1042,657,806
Z63,Tarwewijk,Z61,Stadsdriehoek,4544,500,705,562,739,498,621
Z63,Tarwewijk,Z62,Struisenburg,5380,585,866,667,920,584,739
Z63,Tarwewijk,Z63,Tarwewijk,0,77,77,77,77,77,77
Z63,Tarwewijk,Z64,Terbregge,13525,1015,1637,1143,1751,1014,1284
Z63,Tarwewijk,Z65,Tussendijken,5433,608,886,665,945,606,727
Z63,Tarwewijk,Z66,Vreewijk,2929,365,516,400,552,361,441
Z63,Tarwewijk,Z67,Wielewaal,3196,429,529,457,551,428,486
Z63,Tarwewijk,Z68,Zestienhoven,9754,948,1466,1059,1566,946,1182
Z63,Tarwewijk,Z69,Zevenkamp,16032,1162,1869,1296,2028,1160,1443
Z63,Tarwewijk,Z70,Zuiderpark,3818,409,623,465,663,409,516
Z63,Tarwewijk,Z71,Zuidplein,1428,212,318,241,339,212,268
Z63,Tarwewijk,Z72,Zuidwijk,3986,436,676,498,728,433,555
Z64,Terbregge,Z00,'s-Gravenland,6075,531,784,587,830,528,646
Z64,Terbregge,Z01,Afrikaanderwijk,11500,828,1339,924,1439,826,1034
Z64,Terbregge,Z02,Agniesebuurt,5864,618,865,695,922,615,774
Z64,Terbregge,Z03,Bedrijvenpark Noord-West,11445,820,1375,914,1472,818,1026
Z64,Terbregge,Z04,Bergpolder,5847,578,839,658,877,578,734
Z64,Terbregge,Z05,Beverwaard,11739,842,1337,936,1434,839,1045
Z64,Terbregge,Z06,Blijdorp,6481,657,943,744,990,656,823
Z64,Terbregge,Z07,Blijdorpsepolder,8150,825,1238,928,1311,823,1028
Z64,Terbregge,Z08,Bloemhof,11665,875,1398,969,1510,872,1077
Z64,Terbregge,Z09,Bospolder,10506,1011,1513,1138,1600,1008,1272
Z64,Terbregge,Z10,Carnisse,13010,1001,1606,1117,1735,999,1244
Z64,Terbregge,Z11,Charlois Zuidrand,21078,1173,1949,1258,2121,1171,1391
Z64,Terbregge,Z12,Cool,7116,722,1127,825,1197,720,926
Z64,Terbregge,Z13,Cs Kwartier,7772,794,1124,903,1177,792,1000
Z64,Terbregge,Z14,De Esch,6799,493,789,553,848,491,619
Z64,Terbregge,Z15,Delfshaven,9050,911,1401,1043,1486,909,1170
Z64,Terbregge,Z16,Dijkzigt,7862,779,1224,892,1299,777,1004
Z64,Terbregge,Z17,Feijenoord,11321,887,1362,979,1457,883,1079
Z64,Terbregge,Z18,Groot IJsselmonde,10694,748,1204,830,1295,746,926
Z64,Terbregge,Z19,Heijplaat,23571,1349,2238,1461,2428,1346,1621
Z64,Terbregge,Z20,Het Lage Land,2839,325,483,376,509,323,422
Z64,Terbregge,Z21,Hillegersberg Noord,3080,316,451,362,472,315,403
Z64,Terbregge,Z22,Hillegersberg Zuid,4687,481,678,551,710,480,613
Z64,Terbregge,Z23,Hillesluis,11145,794,1304,890,1404,791,1000
Z64,Terbregge,Z24,Hoogvliet Noord,25825,1374,2295,1483,2500,1371,1639
Z64,Terbregge,Z25,Hoogvliet Zuid,26501,1538,2605,1692,2827,1534,1886
Z64,Terbregge,Z26,Katendrecht,12858,1028,1620,1157,1734,1026,1293
Z64,Terbregge,Z27,Kleinpolder,7894,687,1060,762,1127,686,844
Z64,Terbregge,Z28,Kop van Zuid,8297,844,1322,969,1403,842,1090
Z64,Terbregge,Z29,Kop van Zuid - Entrepot,11351,841,1358,953,1453,838,1067
Z64,Terbregge,Z30,Kralingen Oost,5767,468,739,530,788,465,596
Z64,Terbregge,Z31,Kralingen West,5234,520,818,583,873,518,658
Z64,Terbregge,Z32,Kralingse Bos,5563,617,884,678,928,616,739
Z64,Terbregge,Z33,Kralingseveer,7441,540,881,596,952,538,665
Z64,Terbregge,Z34,Liskwartier,4796,528,723,599,757,527,660
Z64,Terbregge,Z35,Lombardijen,11725,853,1368,955,1465,852,1068
Z64,Terbregge,Z36,Middelland,8102,832,1239,944,1311,830,1059
Z64,Terbregge,Z37,Molenlaankwartier,1816,196,284,224,297,196,251
Z64,Terbregge,Z38,Nesselande,7665,783,1155,906,1212,781,1019
Z64,Terbregge,Z39,Nieuw Crooswijk,4040,429,653,481,700,427,526
Z64,Terbregge,Z40,Nieuwe Werk,8516,902,1398,1028,1494,899,1151
Z64,Terbregge,Z41,Nieuwe Westen,8646,911,1281,1038,1342,910,1155
Z64,Terbregge,Z42,Noord Kethel,14165,1160,1773,1283,1885,1158,1426
Z64,Terbregge,Z43,Noordereiland,7682,789,1235,904,1314,786,1016
Z64,Terbregge,Z44,Ommoord,2825,298,430,344,450,296,383
Z64,Terbregge,Z45,Oosterflank,4465,505,747,585,788,502,657
Z64,Terbregge,Z46,Oud Charlois,13981,1064,1718,1206,1839,1061,1358
Z64,Terbregge,Z47,Oud Crooswijk,4432,418,687,473,740,416,534
Z64,Terbregge,Z48,Oud IJsselmonde,8784,580,949,638,1026,577,714
Z64,Terbregge,Z49,Oud Mathenesse,10325,860,1363,954,1455,858,1070
Z64,Terbregge,Z50,Oude Noorden,5579,536,818,606,875,534,674
Z64,Terbregge,Z51,Oude Westen,8045,831,1270,942,1346,829,1055
Z64,Terbregge,Z52,Overschie,10884,799,1288,885,1383,797,992
Z64,Terbregge,Z53,Pendrecht,14762,1135,1831,1285,1975,1133,1440
Z64,Terbregge,Z54,Prinsenland,4580,528,734,592,776,526,658
Z64,Terbregge,Z55,Provenierswijk,5974,635,887,719,927,633,802
Z64,Terbregge,Z56,Rubroek,5337,525,828,597,884,524,670
Z64,Terbregge,Z57,Schiebroek,4397,469,633,526,660,467,577
Z64,Terbregge,Z58,Schiemond,10090,1036,1580,1178,1678,1033,1316
Z64,Terbregge,Z59,Schieveen,11426,806,1210,886,1294,804,981
Z64,Terbregge,Z60,Spangen,10874,968,1441,1067,1536,965,1176
Z64,Terbregge,Z61,Stadsdriehoek,6471,654,1035,745,1104,652,838
Z64,Terbregge,Z62,Struisenburg,7916,579,932,656,1008,577,733
Z64,Terbregge,Z63,Tarwewijk,12933,983,1567,1102,1678,981,1230
Z64,Terbregge,Z64,Terbregge,0,99,99,99,99,99,99
Z64,Terbregge,Z65,Tussendijken,11070,992,1479,1102,1577,989,1234
Z64,Terbregge,Z66,Vreewijk,11341,845,1365,943,1476,843,1051
Z64,Terbregge,Z67,Wielewaal,15769,1295,2005,1450,2140,1292,1617
Z64,Terbregge,Z68,Zestienhoven,7771,745,1033,849,1079,744,937
Z64,Terbregge,Z69,Zevenkamp,4965,520,795,609,836,519,689
Z64,Terbregge,Z70,Zuiderpark,13023,1006,1627,1129,1751,1004,1261
Z64,Terbregge,Z71,Zuidplein,12598,954,1552,1071,1682,952,1198
Z64,Terbregge,Z72,Zuidwijk,13142,1041,1711,1166,1856,1038,1298
Z65,Tussendijken,Z00,'s-Gravenland,9195,1000,1385,1128,1447,997,1237
Z65,Tussendijken,Z01,Afrikaanderwijk,5793,653,916,736,966,650,809
Z65,Tussendijken,Z02,Agniesebuurt,4047,547,786,623,828,545,693
Z65,Tussendijken,Z03,Bedrijvenpark Noord-West,4875,518,754,596,790,516,664
Z65,Tussendijken,Z04,Bergpolder,5810,494,773,548,829,492,606
Z65,Tussendijken,Z05,Beverwaard,11585,1184,1720,1356,1808,1181,1507
Z65,Tussendijken,Z06,Blijdorp,2898,454,617,510,648,452,559
Z65,Tussendijken,Z07,Blijdorpsepolder,2993,440,566,485,590,437,524
Z65,Tussendijken,Z08,Bloemhof,6705,734,1094,822,1165,732,908
Z65,Tussendijken,Z09,Bospolder,689,117,148,128,152,116,138
Z65,Tussendijken,Z10,Carnisse,5358,606,902,668,963,603,734
Z65,Tussendijken,Z11,Charlois Zuidrand,8023,879,1307,978,1398,877,1076
Z65,Tussendijken,Z12,Cool,3264,383,538,437,565,382,485
Z65,Tussendijken,Z13,Cs Kwartier,2547,395,558,448,585,393,497
Z65,Tussendijken,Z14,De Esch,7792,827,1174,948,1233,823,1052
Z65,Tussendijken,Z15,Delfshaven,1712,227,283,249,296,226,266
Z65,Tussendijken,Z16,Dijkzigt,2533,308,405,345,423,307,376
Z65,Tussendijken,Z17,Feijenoord,6485,755,1063,857,1116,752,943
Z65,Tussendijken,Z18,Groot IJsselmonde,10022,1070,1498,1212,1574,1066,1334
Z65,Tussendijken,Z19,Heijplaat,10615,1124,1711,1274,1830,1120,1413
Z65,Tussendijken,Z20,Het Lage Land,9892,1018,1566,1163,1657,1016,1299
Z65,Tussendijken,Z21,Hillegersberg Noord,9718,813,1216,911,1299,812,1008
Z65,Tussendijken,Z22,Hillegersberg Zuid,7036,600,938,674,1002,599,751
Z65,Tussendijken,Z23,Hillesluis,6598,733,1047,834,1103,731,922
Z65,Tussendijken,Z24,Hoogvliet Noord,14645,966,1516,1050,1633,964,1152
Z65,Tussendijken,Z25,Hoogvliet Zuid,18039,1251,1986,1384,2130,1248,1533
Z65,Tussendijken,Z26,Katendrecht,6176,721,1001,814,1052,720,896
Z65,Tussendijken,Z27,Kleinpolder,3976,416,600,472,628,414,520
Z65,Tussendijken,Z28,Kop van Zuid,4568,523,740,590,783,520,649
Z65,Tussendijken,Z29,Kop van Zuid - Entrepot,5722,656,934,741,988,653,819
Z65,Tussendijken,Z30,Kralingen Oost,7115,754,1057,861,1109,752,955
Z65,Tussendijken,Z31,Kralingen West,5708,692,935,777,974,690,854
Z65,Tussendijken,Z32,Kralingse Bos,9102,977,1438,1087,1514,974,1190
Z65,Tussendijken,Z33,Kralingseveer,9442,966,1420,1108,1501,962,1231
Z65,Tussendijken,Z34,Liskwartier,5269,596,914,662,976,594,732
Z65,Tussendijken,Z35,Lombardijen,8589,896,1318,998,1406,894,1095
Z65,Tussendijken,Z36,Middelland,2136,284,380,318,399,283,350
Z65,Tussendijken,Z37,Molenlaankwartier,10740,919,1385,1020,1478,917,1125
Z65,Tussendijken,Z38,Nesselande,17711,1312,2089,1455,2243,1309,1621
Z65,Tussendijken,Z39,Nieuw Crooswijk,8250,674,1052,743,1131,672,822
Z65,Tussendijken,Z40,Nieuwe Werk,3544,476,623,530,650,474,578
Z65,Tussendijken,Z41,Nieuwe Westen,1198,200,250,217,261,198,232
Z65,Tussendijken,Z42,Noord Kethel,7699,738,1043,829,1096,736,911
Z65,Tussendijken,Z43,Noordereiland,5541,617,883,707,926,615,787
Z65,Tussendijken,Z44,Ommoord,15498,1068,1732,1173,1869,1065,1305
Z65,Tussendijken,Z45,Oosterflank,14450,1006,1637,1101,1768,1004,1222
Z65,Tussendijken,Z46,Oud Charlois,4992,565,853,629,914,562,693
Z65,Tussendijken,Z47,Oud Crooswijk,5138,623,874,711,915,621,785
Z65,Tussendijken,Z48,Oud IJsselmonde,8854,934,1353,1066,1430,930,1184
Z65,Tussendijken,Z49,Oud Mathenesse,1623,218,296,245,310,216,268
Z65,Tussendijken,Z50,Oude Noorden,4577,618,830,704,871,615,775
Z65,Tussendijken,Z51,Oude Westen,2598,374,477,421,498,372,463
Z65,Tussendijken,Z52,Overschie,5410,609,882,685,931,608,757
Z65,Tussendijken,Z53,Pendrecht,7022,753,1165,850,1255,750,944
Z65,Tussendijken,Z54,Prinsenland,15089,1134,1766,1229,1812,1131,1345
Z65,Tussendijken,Z55,Provenierswijk,3644,521,711,590,746,518,653
Z65,Tussendijken,Z56,Rubroek,4333,554,791,636,830,552,708
Z65,Tussendijken,Z57,Schiebroek,9812,864,1290,968,1374,860,1069
Z65,Tussendijken,Z58,Schiemond,1663,262,310,277,321,260,291
Z65,Tussendijken,Z59,Schieveen,9250,742,1130,820,1207,740,903
Z65,Tussendijken,Z60,Spangen,960,169,197,178,206,167,185
Z65,Tussendijken,Z61,Stadsdriehoek,4400,499,695,566,729,497,626
Z65,Tussendijken,Z62,Struisenburg,5417,608,872,704,914,606,783
Z65,Tussendijken,Z63,Tarwewijk,5191,586,886,649,949,584,714
Z65,Tussendijken,Z64,Terbregge,10412,964,1468,1086,1568,961,1216
Z65,Tussendijken,Z65,Tussendijken,0,46,46,46,46,46,46
Z65,Tussendijken,Z66,Vreewijk,7262,774,1193,870,1283,772,965
Z65,Tussendijken,Z67,Wielewaal,6726,783,1127,861,1201,782,941
Z65,Tussendijken,Z68,Zestienhoven,8259,725,1118,801,1197,723,884
Z65,Tussendijken,Z69,Zevenkamp,14729,1011,1673,1114,1808,1008,1244
Z65,Tussendijken,Z70,Zuiderpark,7501,787,1214,890,1302,785,990
Z65,Tussendijken,Z71,Zuidplein,5630,630,964,701,1036,627,775
Z65,Tussendijken,Z72,Zuidwijk,8157,844,1318,960,1414,841,1071
Z66,Vreewijk,Z00,'s-Gravenland,9568,852,1268,951,1355,848,1045
Z66,Vreewijk,Z01,Afrikaanderwijk,3022,363,540,400,575,361,439
Z66,Vreewijk,Z02,Agniesebuurt,6765,759,1141,866,1209,755,965
Z66,Vreewijk,Z03,Bedrijvenpark Noord-West,12982,1136,1894,1275,2062,1134,1423
Z66,Vreewijk,Z04,Bergpolder,8561,854,1360,968,1477,852,1075
Z66,Vreewijk,Z05,Beverwaard,6122,611,894,704,938,609,786
Z66,Vreewijk,Z06,Blijdorp,7819,790,1314,889,1427,787,996
Z66,Vreewijk,Z07,Blijdorpsepolder,9102,986,1482,1090,1584,982,1193
Z66,Vreewijk,Z08,Bloemhof,1774,273,348,300,364,271,322
Z66,Vreewijk,Z09,Bospolder,7394,782,1252,879,1344,780,978
Z66,Vreewijk,Z10,Carnisse,2781,336,487,366,517,334,389
Z66,Vreewijk,Z11,Charlois Zuidrand,4623,524,702,584,756,522,638
Z66,Vreewijk,Z12,Cool,5538,594,920,680,950,591,763
Z66,Vreewijk,Z13,Cs Kwartier,6953,700,1154,792,1251,698,880
Z66,Vreewijk,Z14,De Esch,7843,679,1064,762,1146,676,858
Z66,Vreewijk,Z15,Delfshaven,6118,632,1031,708,1117,629,781
Z66,Vreewijk,Z16,Dijkzigt,5810,588,960,646,1040,586,709
Z66,Vreewijk,Z17,Feijenoord,3487,477,648,548,675,474,596
Z66,Vreewijk,Z18,Groot IJsselmonde,4548,488,689,557,725,487,617
Z66,Vreewijk,Z19,Heijplaat,7751,798,1183,918,1246,795,1024
Z66,Vreewijk,Z20,Het Lage Land,11199,834,1342,933,1452,833,1040
Z66,Vreewijk,Z21,Hillegersberg Noord,10797,1106,1644,1222,1954,1105,1356
Z66,Vreewijk,Z22,Hillegersberg Zuid,9787,959,1546,1101,1672,957,1234
Z66,Vreewijk,Z23,Hillesluis,1820,277,370,315,385,277,346
Z66,Vreewijk,Z24,Hoogvliet Noord,13930,848,1366,917,1480,846,1010
Z66,Vreewijk,Z25,Hoogvliet Zuid,14200,996,1601,1118,1728,994,1246
Z66,Vreewijk,Z26,Katendrecht,3908,483,686,539,727,481,590
Z66,Vreewijk,Z27,Kleinpolder,9545,927,1536,1048,1668,925,1165
Z66,Vreewijk,Z28,Kop van Zuid,3953,448,699,516,746,445,578
Z66,Vreewijk,Z29,Kop van Zuid - Entrepot,3273,426,597,493,624,425,545
Z66,Vreewijk,Z30,Kralingen Oost,8565,730,1125,814,1212,728,913
Z66,Vreewijk,Z31,Kralingen West,7590,827,1227,949,1312,823,1060
Z66,Vreewijk,Z32,Kralingse Bos,10386,964,1454,1073,1556,962,1202
Z66,Vreewijk,Z33,Kralingseveer,7852,671,1067,758,1154,669,843
Z66,Vreewijk,Z34,Liskwartier,8043,878,1314,999,1389,874,1110
Z66,Vreewijk,Z35,Lombardijen,1972,228,292,249,305,226,272
Z66,Vreewijk,Z36,Middelland,6192,626,1013,698,1096,623,776
Z66,Vreewijk,Z37,Molenlaankwartier,13533,1031,1636,1160,1760,1030,1295
Z66,Vreewijk,Z38,Nesselande,17345,1285,2024,1440,2178,1283,1604
Z66,Vreewijk,Z39,Nieuw Crooswijk,8746,971,1490,1124,1575,968,1230
Z66,Vreewijk,Z40,Nieuwe Werk,5871,655,989,751,1050,652,831
Z66,Vreewijk,Z41,Nieuwe Westen,6850,745,1226,823,1328,742,925
Z66,Vreewijk,Z42,Noord Kethel,22064,1355,2195,1475,2370,1352,1633
Z66,Vreewijk,Z43,Noordereiland,5046,542,777,633,814,539,700
Z66,Vreewijk,Z44,Ommoord,13274,1028,1640,1146,1774,1024,1285
Z66,Vreewijk,Z45,Oosterflank,13962,996,1593,1104,1738,992,1231
Z66,Vreewijk,Z46,Oud Charlois,3540,412,619,457,670,410,499
Z66,Vreewijk,Z47,Oud Crooswijk,7616,822,1241,943,1284,819,1056
Z66,Vreewijk,Z48,Oud IJsselmonde,3496,397,587,450,627,394,508
Z66,Vreewijk,Z49,Oud Mathenesse,8982,902,1441,1030,1548,900,1147
Z66,Vreewijk,Z50,Oude Noorden,8042,861,1276,993,1326,858,1099
Z66,Vreewijk,Z51,Oude Westen,6216,662,1066,720,1149,659,785
Z66,Vreewijk,Z52,Overschie,10826,1101,1758,1236,1899,1099,1381
Z66,Vreewijk,Z53,Pendrecht,3541,375,535,429,563,373,477
Z66,Vreewijk,Z54,Prinsenland,9244,856,1266,953,1352,855,1041
Z66,Vreewijk,Z55,Provenierswijk,7846,831,1318,929,1448,828,1031
Z66,Vreewijk,Z56,Rubroek,6848,756,1124,870,1184,754,970
Z66,Vreewijk,Z57,Schiebroek,17320,1159,1872,1296,2026,1158,1452
Z66,Vreewijk,Z58,Schiemond,6648,704,1135,785,1226,701,869
Z66,Vreewijk,Z59,Schieveen,14143,1202,1949,1339,2117,1201,1475
Z66,Vreewijk,Z60,Spangen,8138,870,1333,966,1431,867,1060
Z66,Vreewijk,Z61,Stadsdriehoek,5758,604,933,698,992,602,779
Z66,Vreewijk,Z62,Struisenburg,6620,690,1094,798,1167,688,889
Z66,Vreewijk,Z63,Tarwewijk,3091,351,534,391,572,348,439
Z66,Vreewijk,Z64,Terbregge,11886,893,1432,996,1547,890,1116
Z66,Vreewijk,Z65,Tussendijken,7565,815,1251,912,1348,813,1002
Z66,Vreewijk,Z66,Vreewijk,0,104,104,104,104,104,104
Z66,Vreewijk,Z67,Wielewaal,5078,578,804,649,842,576,715
Z66,Vreewijk,Z68,Zestienhoven,11872,1150,1830,1292,1975,1147,1436
Z66,Vreewijk,Z69,Zevenkamp,14483,1012,1648,1132,1783,1010,1263
Z66,Vreewijk,Z70,Zuiderpark,2002,226,324,252,338,225,279
Z66,Vreewijk,Z71,Zuidplein,2110,270,393,295,405,268,318
Z66,Vreewijk,Z72,Zuidwijk,1944,223,310,257,326,222,282
Z67,Wielewaal,Z00,'s-Gravenland,11960,1236,1828,1395,1949,1233,1533
Z67,Wielewaal,Z01,Afrikaanderwijk,5078,560,804,629,854,557,690
Z67,Wielewaal,Z02,Agniesebuurt,8325,862,1338,978,1443,858,1084
Z67,Wielewaal,Z03,Bedrijvenpark Noord-West,17280,1052,1726,1155,1869,1049,1282
Z67,Wielewaal,Z04,Bergpolder,8292,855,1376,975,1489,853,1083
Z67,Wielewaal,Z05,Beverwaard,14852,920,1508,996,1635,918,1103
Z67,Wielewaal,Z06,Blijdorp,7692,787,1275,894,1382,784,994
Z67,Wielewaal,Z07,Blijdorpsepolder,8975,982,1443,1097,1542,980,1201
Z67,Wielewaal,Z08,Bloemhof,4997,561,821,640,872,560,704
Z67,Wielewaal,Z09,Bospolder,7268,788,1212,868,1289,785,954
Z67,Wielewaal,Z10,Carnisse,2734,366,477,406,490,365,436
Z67,Wielewaal,Z11,Charlois Zuidrand,2450,335,409,361,424,333,382
Z67,Wielewaal,Z12,Cool,6350,660,1054,746,1133,658,825
Z67,Wielewaal,Z13,Cs Kwartier,6875,716,1102,806,1194,715,888
Z67,Wielewaal,Z14,De Esch,10294,1030,1640,1177,1767,1028,1310
Z67,Wielewaal,Z15,Delfshaven,5991,635,992,708,1064,632,783
Z67,Wielewaal,Z16,Dijkzigt,5758,584,919,652,995,584,717
Z67,Wielewaal,Z17,Feijenoord,7036,746,1087,840,1152,742,932
Z67,Wielewaal,Z18,Groot IJsselmonde,8119,827,1196,956,1251,825,1067
Z67,Wielewaal,Z19,Heijplaat,4205,480,661,539,694,476,591
Z67,Wielewaal,Z20,Het Lage Land,21736,1236,2094,1362,2280,1232,1512
Z67,Wielewaal,Z21,Hillegersberg Noord,11424,1168,1741,1321,1864,1166,1453
Z67,Wielewaal,Z22,Hillegersberg Zuid,9711,973,1528,1098,1649,969,1221
Z67,Wielewaal,Z23,Hillesluis,5581,595,897,688,944,594,765
Z67,Wielewaal,Z24,Hoogvliet Noord,8601,629,953,687,1024,627,751
Z67,Wielewaal,Z25,Hoogvliet Zuid,8962,776,1175,888,1257,775,988
Z67,Wielewaal,Z26,Katendrecht,5770,669,950,754,1006,668,825
Z67,Wielewaal,Z27,Kleinpolder,9201,932,1488,1062,1605,931,1179
Z67,Wielewaal,Z28,Kop van Zuid,5800,634,957,733,1009,632,816
Z67,Wielewaal,Z29,Kop van Zuid - Entrepot,5901,659,971,747,1032,655,827
Z67,Wielewaal,Z30,Kralingen Oost,9662,991,1551,1129,1666,989,1251
Z67,Wielewaal,Z31,Kralingen West,8987,962,1475,1082,1604,959,1193
Z67,Wielewaal,Z32,Kralingse Bos,11126,1282,1875,1432,2038,1280,1564
Z67,Wielewaal,Z33,Kralingseveer,12018,1094,1729,1245,1863,1092,1391
Z67,Wielewaal,Z34,Liskwartier,8648,934,1409,1048,1508,932,1155
Z67,Wielewaal,Z35,Lombardijen,5501,552,817,637,860,550,715
Z67,Wielewaal,Z36,Middelland,6065,629,974,695,1054,626,763
Z67,Wielewaal,Z37,Molenlaankwartier,11892,1245,1850,1409,1979,1243,1553
Z67,Wielewaal,Z38,Nesselande,27828,1699,2709,1860,2922,1697,2067
Z67,Wielewaal,Z39,Nieuw Crooswijk,10694,1057,1614,1192,1724,1054,1325
Z67,Wielewaal,Z40,Nieuwe Werk,6427,691,1061,775,1141,690,854
Z67,Wielewaal,Z41,Nieuwe Westen,6705,758,1174,848,1258,755,933
Z67,Wielewaal,Z42,Noord Kethel,16735,1130,1766,1239,1896,1128,1366
Z67,Wielewaal,Z43,Noordereiland,7016,758,1102,872,1161,755,971
Z67,Wielewaal,Z44,Ommoord,23889,1435,2360,1575,2568,1431,1747
Z67,Wielewaal,Z45,Oosterflank,23439,1404,2288,1516,2524,1402,1679
Z67,Wielewaal,Z46,Oud Charlois,2036,321,426,362,443,319,396
Z67,Wielewaal,Z47,Oud Crooswijk,9007,940,1427,1069,1534,938,1184
Z67,Wielewaal,Z48,Oud IJsselmonde,7697,807,1230,932,1319,804,1033
Z67,Wielewaal,Z49,Oud Mathenesse,8905,908,1393,1034,1491,905,1155
Z67,Wielewaal,Z50,Oude Noorden,8921,931,1423,1051,1530,929,1156
Z67,Wielewaal,Z51,Oude Westen,5973,661,1019,744,1094,660,818
Z67,Wielewaal,Z52,Overschie,10861,1098,1720,1251,1857,1096,1389
Z67,Wielewaal,Z53,Pendrecht,1740,232,310,256,326,230,277
Z67,Wielewaal,Z54,Prinsenland,13445,1265,1900,1416,2031,1263,1564
Z67,Wielewaal,Z55,Provenierswijk,7884,829,1300,936,1406,827,1034
Z67,Wielewaal,Z56,Rubroek,8259,861,1330,975,1421,859,1078
Z67,Wielewaal,Z57,Schiebroek,12256,1245,1916,1423,2053,1243,1580
Z67,Wielewaal,Z58,Schiemond,6522,712,1096,792,1177,711,873
Z67,Wielewaal,Z59,Schieveen,14178,1208,1931,1346,2094,1205,1491
Z67,Wielewaal,Z60,Spangen,8011,876,1294,969,1381,872,1062
Z67,Wielewaal,Z61,Stadsdriehoek,7122,731,1160,826,1251,729,916
Z67,Wielewaal,Z62,Struisenburg,8041,821,1298,931,1406,820,1036
Z67,Wielewaal,Z63,Tarwewijk,3645,425,602,480,646,423,525
Z67,Wielewaal,Z64,Terbregge,22499,1288,2176,1416,2363,1287,1578
Z67,Wielewaal,Z65,Tussendijken,7525,821,1201,915,1289,818,1007
Z67,Wielewaal,Z66,Vreewijk,4605,493,705,560,741,492,620
Z67,Wielewaal,Z67,Wielewaal,0,68,68,68,68,68,68
Z67,Wielewaal,Z68,Zestienhoven,11912,1151,1812,1314,1952,1149,1460
Z67,Wielewaal,Z69,Zevenkamp,25007,1400,2368,1546,2577,1398,1715
Z67,Wielewaal,Z70,Zuiderpark,3057,365,508,409,534,364,448
Z67,Wielewaal,Z71,Zuidplein,4036,463,671,509,722,460,560
Z67,Wielewaal,Z72,Zuidwijk,3049,332,458,375,480,331,412
Z68,Zestienhoven,Z00,'s-Gravenland,14283,888,1454,956,1574,886,1058
Z68,Zestienhoven,Z01,Afrikaanderwijk,10060,1018,1500,1171,1584,1016,1305
Z68,Zestienhoven,Z02,Agniesebuurt,5142,532,751,599,791,530,660
Z68,Zestienhoven,Z03,Bedrijvenpark Noord-West,4013,384,598,439,635,381,499
Z68,Zestienhoven,Z04,Bergpolder,3643,346,509,395,541,344,438
Z68,Zestienhoven,Z05,Beverwaard,19566,1199,1980,1310,2141,1197,1464
Z68,Zestienhoven,Z06,Blijdorp,4374,438,642,501,680,437,556
Z68,Zestienhoven,Z07,Blijdorpsepolder,5848,574,818,625,878,572,674
Z68,Zestienhoven,Z08,Bloemhof,11188,1098,1693,1248,1811,1096,1389
Z68,Zestienhoven,Z09,Bospolder,8581,778,1163,870,1242,774,965
Z68,Zestienhoven,Z10,Carnisse,9885,970,1501,1094,1609,968,1216
Z68,Zestienhoven,Z11,Charlois Zuidrand,12588,1232,1911,1400,2055,1230,1557
Z68,Zestienhoven,Z12,Cool,7303,745,1129,859,1196,741,960
Z68,Zestienhoven,Z13,Cs Kwartier,5828,586,867,668,921,583,743
Z68,Zestienhoven,Z14,De Esch,14837,853,1434,940,1557,851,1053
Z68,Zestienhoven,Z15,Delfshaven,7617,738,1105,843,1179,735,938
Z68,Zestienhoven,Z16,Dijkzigt,7088,681,1026,783,1095,679,873
Z68,Zestienhoven,Z17,Feijenoord,9864,1085,1574,1240,1722,1079,1381
Z68,Zestienhoven,Z18,Groot IJsselmonde,18600,1091,1846,1194,2008,1089,1323
Z68,Zestienhoven,Z19,Heijplaat,20007,1376,2196,1506,2380,1372,1662
Z68,Zestienhoven,Z20,Het Lage Land,11932,802,1321,898,1428,800,1005
Z68,Zestienhoven,Z21,Hillegersberg Noord,4992,516,687,578,716,515,631
Z68,Zestienhoven,Z22,Hillegersberg Zuid,3613,375,511,423,534,374,465
Z68,Zestienhoven,Z23,Hillesluis,10827,1093,1628,1264,1720,1091,1414
Z68,Zestienhoven,Z24,Hoogvliet Noord,16205,1100,1779,1196,1911,1098,1322
Z68,Zestienhoven,Z25,Hoogvliet Zuid,19260,1375,2182,1506,2384,1373,1665
Z68,Zestienhoven,Z26,Katendrecht,10461,1096,1604,1261,1693,1094,1406
Z68,Zestienhoven,Z27,Kleinpolder,4102,413,620,464,675,410,513
Z68,Zestienhoven,Z28,Kop van Zuid,8853,895,1321,1029,1396,893,1147
Z68,Zestienhoven,Z29,Kop van Zuid - Entrepot,9778,1010,1481,1158,1565,1007,1289
Z68,Zestienhoven,Z30,Kralingen Oost,9274,815,1204,903,1277,812,1012
Z68,Zestienhoven,Z31,Kralingen West,7602,698,1056,783,1123,695,866
Z68,Zestienhoven,Z32,Kralingse Bos,8544,849,1187,940,1253,847,1023
Z68,Zestienhoven,Z33,Kralingseveer,15540,923,1579,995,1717,921,1111
Z68,Zestienhoven,Z34,Liskwartier,4453,461,681,528,722,458,589
Z68,Zestienhoven,Z35,Lombardijen,19494,1236,1989,1353,2149,1235,1514
Z68,Zestienhoven,Z36,Middelland,6410,638,926,732,980,635,817
Z68,Zestienhoven,Z37,Molenlaankwartier,7166,571,881,651,937,569,726
Z68,Zestienhoven,Z38,Nesselande,16581,1132,1839,1256,1972,1129,1406
Z68,Zestienhoven,Z39,Nieuw Crooswijk,6001,541,815,606,871,539,670
Z68,Zestienhoven,Z40,Nieuwe Werk,8395,846,1268,973,1350,844,1086
Z68,Zestienhoven,Z41,Nieuwe Westen,6761,697,1025,788,1086,695,875
Z68,Zestienhoven,Z42,Noord Kethel,8559,876,1235,994,1350,872,1092
Z68,Zestienhoven,Z43,Noordereiland,8827,944,1382,1084,1458,940,1209
Z68,Zestienhoven,Z44,Ommoord,12230,799,1301,875,1405,797,974
Z68,Zestienhoven,Z45,Oosterflank,13320,850,1384,943,1492,848,1053
Z68,Zestienhoven,Z46,Oud Charlois,9493,917,1439,1043,1546,915,1163
Z68,Zestienhoven,Z47,Oud Crooswijk,6731,600,923,681,985,597,759
Z68,Zestienhoven,Z48,Oud IJsselmonde,16852,939,1609,1026,1754,937,1147
Z68,Zestienhoven,Z49,Oud Mathenesse,7941,607,989,678,1061,606,756
Z68,Zestienhoven,Z50,Oude Noorden,5385,553,803,636,846,550,706
Z68,Zestienhoven,Z51,Oude Westen,6544,672,989,768,1049,669,852
Z68,Zestienhoven,Z52,Overschie,2129,237,346,273,367,235,305
Z68,Zestienhoven,Z53,Pendrecht,11531,1107,1747,1264,1884,1105,1411
Z68,Zestienhoven,Z54,Prinsenland,14007,915,1451,1014,1566,913,1129
Z68,Zestienhoven,Z55,Provenierswijk,4673,478,692,544,731,476,603
Z68,Zestienhoven,Z56,Rubroek,6701,704,1018,792,1111,702,879
Z68,Zestienhoven,Z57,Schiebroek,4822,494,680,558,711,492,615
Z68,Zestienhoven,Z58,Schiemond,9999,822,1281,928,1367,819,1036
Z68,Zestienhoven,Z59,Schieveen,4490,417,554,467,580,416,509
Z68,Zestienhoven,Z60,Spangen,7142,690,990,772,1152,685,848
Z68,Zestienhoven,Z61,Stadsdriehoek,8286,836,1240,952,1323,835,1062
Z68,Zestienhoven,Z62,Struisenburg,8813,825,1213,930,1288,822,1029
Z68,Zestienhoven,Z63,Tarwewijk,9744,952,1484,1075,1595,950,1195
Z68,Zestienhoven,Z64,Terbregge,10186,636,1054,715,1137,635,798
Z68,Zestienhoven,Z65,Tussendijken,9074,758,1169,844,1247,755,941
Z68,Zestienhoven,Z66,Vreewijk,11751,1139,1791,1296,1928,1137,1446
Z68,Zestienhoven,Z67,Wielewaal,11281,1148,1726,1287,1847,1146,1422
Z68,Zestienhoven,Z68,Zestienhoven,0,175,175,175,175,175,175
Z68,Zestienhoven,Z69,Zevenkamp,13599,861,1454,956,1567,859,1074
Z68,Zestienhoven,Z70,Zuiderpark,11866,1152,1807,1316,1940,1150,1468
Z68,Zestienhoven,Z71,Zuidplein,10174,990,1528,1106,1645,988,1226
Z68,Zestienhoven,Z72,Zuidwijk,12712,1208,1911,1386,2053,1206,1552
Z69,Zevenkamp,Z00,'s-Gravenland,9406,739,1120,814,1196,736,894
Z69,Zevenkamp,Z01,Afrikaanderwijk,14498,988,1613,1096,1739,985,1223
Z69,Zevenkamp,Z02,Agniesebuurt,11142,804,1288,886,1389,802,986
Z69,Zevenkamp,Z03,Bedrijvenpark Noord-West,15076,901,1520,986,1649,898,1104
Z69,Zevenkamp,Z04,Bergpolder,9658,641,1066,703,1154,639,785
Z69,Zevenkamp,Z05,Beverwaard,14853,1033,1650,1141,1774,1030,1267
Z69,Zevenkamp,Z06,Blijdorp,10374,711,1176,787,1269,709,882
Z69,Zevenkamp,Z07,Blijdorpsepolder,12044,897,1417,969,1526,894,1067
Z69,Zevenkamp,Z08,Bloemhof,14623,1034,1671,1142,1808,1032,1266
Z69,Zevenkamp,Z09,Bospolder,15292,1058,1719,1162,1852,1055,1294
Z69,Zevenkamp,Z10,Carnisse,16011,1161,1879,1290,2034,1158,1433
Z69,Zevenkamp,Z11,Charlois Zuidrand,24181,1354,2258,1454,2456,1351,1607
Z69,Zevenkamp,Z12,Cool,13237,968,1514,1084,1623,965,1206
Z69,Zevenkamp,Z13,Cs Kwartier,11828,858,1401,955,1511,855,1070
Z69,Zevenkamp,Z14,De Esch,9960,652,1065,725,1149,650,809
Z69,Zevenkamp,Z15,Delfshaven,13617,1010,1639,1132,1768,1007,1270
Z69,Zevenkamp,Z16,Dijkzigt,13088,953,1560,1069,1684,951,1199
Z69,Zevenkamp,Z17,Feijenoord,15086,1081,1746,1199,1881,1077,1337
Z69,Zevenkamp,Z18,Groot IJsselmonde,13798,934,1515,1031,1633,931,1148
Z69,Zevenkamp,Z19,Heijplaat,26665,1530,2571,1660,2789,1525,1842
Z69,Zevenkamp,Z20,Het Lage Land,4340,479,721,557,761,476,626
Z69,Zevenkamp,Z21,Hillegersberg Noord,10194,744,1156,865,1213,742,975
Z69,Zevenkamp,Z22,Hillegersberg Zuid,10822,734,1196,809,1290,731,904
Z69,Zevenkamp,Z23,Hillesluis,14105,953,1577,1062,1703,950,1190
Z69,Zevenkamp,Z24,Hoogvliet Noord,25272,1423,2442,1532,2662,1420,1705
Z69,Zevenkamp,Z25,Hoogvliet Zuid,28052,1707,2845,1856,3126,1704,2058
Z69,Zevenkamp,Z26,Katendrecht,15962,1218,1934,1361,2075,1214,1516
Z69,Zevenkamp,Z27,Kleinpolder,11497,722,1216,789,1319,720,882
Z69,Zevenkamp,Z28,Kop van Zuid,13784,1020,1686,1157,1827,1018,1300
Z69,Zevenkamp,Z29,Kop van Zuid - Entrepot,14873,1011,1668,1125,1800,1009,1257
Z69,Zevenkamp,Z30,Kralingen Oost,8840,627,1013,703,1087,624,785
Z69,Zevenkamp,Z31,Kralingen West,10218,758,1182,849,1265,755,944
Z69,Zevenkamp,Z32,Kralingse Bos,10885,905,1392,1020,1474,901,1137
Z69,Zevenkamp,Z33,Kralingseveer,10663,732,1210,807,1309,730,898
Z69,Zevenkamp,Z34,Liskwartier,10489,733,1215,815,1312,730,915
Z69,Zevenkamp,Z35,Lombardijen,14974,1042,1689,1162,1813,1040,1297
Z69,Zevenkamp,Z36,Middelland,12411,910,1460,1019,1570,907,1143
Z69,Zevenkamp,Z37,Molenlaankwartier,6430,677,1012,783,1063,674,880
Z69,Zevenkamp,Z38,Nesselande,3450,358,496,406,521,357,450
Z69,Zevenkamp,Z39,Nieuw Crooswijk,11958,850,1328,924,1428,848,1023
Z69,Zevenkamp,Z40,Nieuwe Werk,14150,1086,1760,1223,1897,1083,1372
Z69,Zevenkamp,Z41,Nieuwe Westen,12761,973,1559,1089,1676,971,1219
Z69,Zevenkamp,Z42,Noord Kethel,17768,1194,1929,1310,2077,1192,1456
Z69,Zevenkamp,Z43,Noordereiland,13442,998,1614,1125,1741,995,1257
Z69,Zevenkamp,Z44,Ommoord,3444,359,531,413,559,357,462
Z69,Zevenkamp,Z45,Oosterflank,3607,414,609,480,640,412,539
Z69,Zevenkamp,Z46,Oud Charlois,15493,1189,1973,1330,2136,1187,1490
Z69,Zevenkamp,Z47,Oud Crooswijk,8149,773,1221,889,1300,770,1001
Z69,Zevenkamp,Z48,Oud IJsselmonde,11976,739,1240,811,1346,736,903
Z69,Zevenkamp,Z49,Oud Mathenesse,13928,894,1519,981,1648,892,1100
Z69,Zevenkamp,Z50,Oude Noorden,11385,826,1337,923,1435,822,1032
Z69,Zevenkamp,Z51,Oude Westen,12544,944,1523,1054,1639,941,1179
Z69,Zevenkamp,Z52,Overschie,14514,858,1444,945,1569,856,1056
Z69,Zevenkamp,Z53,Pendrecht,17978,1326,2163,1495,2337,1322,1674
Z69,Zevenkamp,Z54,Prinsenland,6478,686,1082,764,1157,683,848
Z69,Zevenkamp,Z55,Provenierswijk,10673,751,1226,831,1320,748,929
Z69,Zevenkamp,Z56,Rubroek,9962,877,1346,1002,1426,875,1116
Z69,Zevenkamp,Z57,Schiebroek,11056,804,1244,891,1335,801,984
Z69,Zevenkamp,Z58,Schiemond,15934,1116,1812,1238,1954,1114,1389
Z69,Zevenkamp,Z59,Schieveen,14732,880,1388,958,1502,878,1060
Z69,Zevenkamp,Z60,Spangen,14477,1013,1614,1116,1738,1011,1241
Z69,Zevenkamp,Z61,Stadsdriehoek,12314,865,1418,970,1538,863,1082
Z69,Zevenkamp,Z62,Struisenburg,11127,755,1242,844,1346,753,940
Z69,Zevenkamp,Z63,Tarwewijk,16178,1164,1913,1298,2070,1161,1448
Z69,Zevenkamp,Z64,Terbregge,4970,536,808,621,849,534,705
Z69,Zevenkamp,Z65,Tussendijken,15061,1026,1700,1129,1835,1023,1264
Z69,Zevenkamp,Z66,Vreewijk,14555,1024,1676,1141,1813,1021,1271
Z69,Zevenkamp,Z67,Wielewaal,17281,1420,2260,1574,2436,1418,1749
Z69,Zevenkamp,Z68,Zestienhoven,13418,854,1409,944,1528,851,1057
Z69,Zevenkamp,Z69,Zevenkamp,0,106,106,106,106,106,106
Z69,Zevenkamp,Z70,Zuiderpark,16173,1180,1902,1320,2050,1178,1472
Z69,Zevenkamp,Z71,Zuidplein,15588,1180,1876,1308,2028,1176,1451
Z69,Zevenkamp,Z72,Zuidwijk,16347,1203,2051,1348,2207,1200,1504
Z70,Zuiderpark,Z00,'s-Gravenland,11239,1014,1528,1137,1636,1010,1254
Z70,Zuiderpark,Z01,Afrikaanderwijk,4062,439,624,496,654,438,550
Z70,Zuiderpark,Z02,Agniesebuurt,7701,830,1222,959,1284,828,1073
Z70,Zuiderpark,Z03,Bedrijvenpark Noord-West,13142,1149,1882,1292,2037,1146,1444
Z70,Zuiderpark,Z04,Bergpolder,8579,862,1358,969,1509,860,1076
Z70,Zuiderpark,Z05,Beverwaard,7227,731,1100,833,1160,729,928
Z70,Zuiderpark,Z06,Blijdorp,7979,794,1287,904,1392,792,1011
Z70,Zuiderpark,Z07,Blijdorpsepolder,9261,989,1449,1109,1539,987,1220
Z70,Zuiderpark,Z08,Bloemhof,3483,408,579,460,609,406,508
Z70,Zuiderpark,Z09,Bospolder,7509,796,1218,889,1302,795,978
Z70,Zuiderpark,Z10,Carnisse,3020,352,493,393,519,351,431
Z70,Zuiderpark,Z11,Charlois Zuidrand,3066,392,490,423,585,390,452
Z70,Zuiderpark,Z12,Cool,6558,652,1010,741,1033,651,826
Z70,Zuiderpark,Z13,Cs Kwartier,7161,712,1142,807,1231,711,900
Z70,Zuiderpark,Z14,De Esch,9476,852,1309,965,1403,850,1072
Z70,Zuiderpark,Z15,Delfshaven,6277,636,1015,720,1095,634,806
Z70,Zuiderpark,Z16,Dijkzigt,6028,592,945,665,1018,591,740
Z70,Zuiderpark,Z17,Feijenoord,5974,618,883,709,927,617,793
Z70,Zuiderpark,Z18,Groot IJsselmonde,5862,612,924,702,977,610,783
Z70,Zuiderpark,Z19,Heijplaat,6194,664,972,758,1024,662,841
Z70,Zuiderpark,Z20,Het Lage Land,12870,1005,1587,1128,1709,1003,1257
Z70,Zuiderpark,Z21,Hillegersberg Noord,11541,1135,1753,1290,1878,1134,1437
Z70,Zuiderpark,Z22,Hillegersberg Zuid,9997,967,1551,1110,1669,966,1244
Z70,Zuiderpark,Z23,Hillesluis,3506,448,616,510,642,447,563
Z70,Zuiderpark,Z24,Hoogvliet Noord,10617,766,1217,854,1311,765,949
Z70,Zuiderpark,Z25,Hoogvliet Zuid,10414,904,1390,1041,1488,903,1164
Z70,Zuiderpark,Z26,Katendrecht,4712,521,719,583,750,521,641
Z70,Zuiderpark,Z27,Kleinpolder,9487,915,1487,1047,1611,915,1172
Z70,Zuiderpark,Z28,Kop van Zuid,4784,488,723,562,759,488,630
Z70,Zuiderpark,Z29,Kop van Zuid - Entrepot,4841,534,791,614,833,533,687
Z70,Zuiderpark,Z30,Kralingen Oost,9679,905,1363,1017,1456,903,1124
Z70,Zuiderpark,Z31,Kralingen West,8146,847,1295,978,1371,845,1110
Z70,Zuiderpark,Z32,Kralingse Bos,10650,1131,1645,1268,1765,1129,1391
Z70,Zuiderpark,Z33,Kralingseveer,9489,834,1327,944,1435,832,1052
Z70,Zuiderpark,Z34,Liskwartier,8934,905,1414,1021,1520,904,1134
Z70,Zuiderpark,Z35,Lombardijen,3119,344,533,384,572,342,432
Z70,Zuiderpark,Z36,Middelland,6352,636,1003,707,1081,633,792
Z70,Zuiderpark,Z37,Molenlaankwartier,15196,1202,1882,1356,2017,1200,1512
Z70,Zuiderpark,Z38,Nesselande,19016,1447,2284,1626,2459,1445,1813
Z70,Zuiderpark,Z39,Nieuw Crooswijk,9557,1026,1434,1163,1497,1024,1289
Z70,Zuiderpark,Z40,Nieuwe Werk,6667,696,1084,787,1162,695,877
Z70,Zuiderpark,Z41,Nieuwe Westen,6991,744,1152,834,1240,741,925
Z70,Zuiderpark,Z42,Noord Kethel,18313,1264,1979,1397,2123,1262,1545
Z70,Zuiderpark,Z43,Noordereiland,6001,625,926,721,974,623,807
Z70,Zuiderpark,Z44,Ommoord,14937,1201,1886,1341,2031,1198,1494
Z70,Zuiderpark,Z45,Oosterflank,15633,1166,1841,1299,1997,1164,1448
Z70,Zuiderpark,Z46,Oud Charlois,3056,369,545,419,582,368,468
Z70,Zuiderpark,Z47,Oud Crooswijk,8551,890,1311,1037,1347,888,1168
Z70,Zuiderpark,Z48,Oud IJsselmonde,5167,570,837,653,897,567,725
Z70,Zuiderpark,Z49,Oud Mathenesse,9179,916,1433,1046,1528,915,1172
Z70,Zuiderpark,Z50,Oude Noorden,8659,903,1307,1037,1344,900,1161
Z70,Zuiderpark,Z51,Oude Westen,6182,649,1002,722,1076,648,796
Z70,Zuiderpark,Z52,Overschie,11100,1096,1743,1251,1877,1095,1398
Z70,Zuiderpark,Z53,Pendrecht,1990,241,335,270,352,239,296
Z70,Zuiderpark,Z54,Prinsenland,10908,1018,1512,1139,1609,1018,1258
Z70,Zuiderpark,Z55,Provenierswijk,8126,833,1304,937,1426,831,1040
Z70,Zuiderpark,Z56,Rubroek,7784,804,1192,928,1251,804,1040
Z70,Zuiderpark,Z57,Schiebroek,12308,1213,1893,1380,2035,1210,1542
Z70,Zuiderpark,Z58,Schiemond,6808,717,1119,804,1199,715,892
Z70,Zuiderpark,Z59,Schieveen,14417,1215,1953,1358,2110,1214,1514
Z70,Zuiderpark,Z60,Spangen,8286,874,1317,981,1409,872,1085
Z70,Zuiderpark,Z61,Stadsdriehoek,6693,675,1018,781,1072,674,878
Z70,Zuiderpark,Z62,Struisenburg,7565,760,1170,886,1237,760,998
Z70,Zuiderpark,Z63,Tarwewijk,3597,409,597,460,628,407,519
Z70,Zuiderpark,Z64,Terbregge,13557,1055,1691,1182,1817,1053,1325
Z70,Zuiderpark,Z65,Tussendijken,7811,829,1241,927,1326,827,1025
Z70,Zuiderpark,Z66,Vreewijk,2165,264,366,299,383,262,329
Z70,Zuiderpark,Z67,Wielewaal,3400,438,583,481,610,437,524
Z70,Zuiderpark,Z68,Zestienhoven,12152,1146,1835,1279,1972,1144,1424
Z70,Zuiderpark,Z69,Zevenkamp,16146,1182,1894,1327,2040,1180,1481
Z70,Zuiderpark,Z70,Zuiderpark,0,113,113,113,113,113,113
Z70,Zuiderpark,Z71,Zuidplein,2622,307,430,345,450,306,380
Z70,Zuiderpark,Z72,Zuidwijk,1315,178,271,209,287,175,235
Z71,Zuidplein,Z00,'s-Gravenland,10814,958,1453,1076,1558,954,1187
Z71,Zuidplein,Z01,Afrikaanderwijk,2742,330,444,366,465,330,398
Z71,Zuidplein,Z02,Agniesebuurt,6381,722,1046,829,1099,720,922
Z71,Zuidplein,Z03,Bedrijvenpark Noord-West,12314,1091,1788,1221,1937,1089,1364
Z71,Zuidplein,Z04,Bergpolder,7751,794,1264,896,1365,793,995
Z71,Zuidplein,Z05,Beverwaard,7312,751,1117,849,1183,749,936
Z71,Zuidplein,Z06,Blijdorp,7151,736,1193,833,1292,734,929
Z71,Zuidplein,Z07,Blijdorpsepolder,8434,912,1324,1011,1410,911,1106
Z71,Zuidplein,Z08,Bloemhof,2281,307,414,338,435,304,364
Z71,Zuidplein,Z09,Bospolder,6726,727,1124,806,1202,725,888
Z71,Zuidplein,Z10,Carnisse,2113,286,370,311,388,285,332
Z71,Zuidplein,Z11,Charlois Zuidrand,4025,502,636,549,660,501,590
Z71,Zuidplein,Z12,Cool,5154,556,808,633,839,554,707
Z71,Zuidplein,Z13,Cs Kwartier,6333,662,1048,741,1131,661,820
Z71,Zuidplein,Z14,De Esch,9134,800,1262,907,1364,799,1010
Z71,Zuidplein,Z15,Delfshaven,5450,578,914,646,988,576,718
Z71,Zuidplein,Z16,Dijkzigt,5216,534,843,592,911,533,652
Z71,Zuidplein,Z17,Feijenoord,4704,530,718,598,751,528,658
Z71,Zuidplein,Z18,Groot IJsselmonde,5947,630,904,706,959,628,780
Z71,Zuidplein,Z19,Heijplaat,7013,764,1111,872,1169,761,966
Z71,Zuidplein,Z20,Het Lage Land,12445,951,1540,1067,1670,949,1191
Z71,Zuidplein,Z21,Hillegersberg Noord,10370,1048,1519,1196,1606,1047,1323
Z71,Zuidplein,Z22,Hillegersberg Zuid,9169,909,1450,1036,1562,908,1156
Z71,Zuidplein,Z23,Hillesluis,3246,372,530,424,556,371,467
Z71,Zuidplein,Z24,Hoogvliet Noord,10933,869,1310,963,1400,867,1060
Z71,Zuidplein,Z25,Hoogvliet Zuid,11223,1007,1528,1157,1636,1006,1289
Z71,Zuidplein,Z26,Katendrecht,3604,445,590,492,617,443,533
Z71,Zuidplein,Z27,Kleinpolder,8659,866,1394,981,1511,865,1092
Z71,Zuidplein,Z28,Kop van Zuid,3465,387,578,446,611,387,499
Z71,Zuidplein,Z29,Kop van Zuid - Entrepot,3568,443,625,503,657,441,555
Z71,Zuidplein,Z30,Kralingen Oost,8215,827,1226,936,1299,825,1038
Z71,Zuidplein,Z31,Kralingen West,7350,761,1131,878,1182,758,982
Z71,Zuidplein,Z32,Kralingse Bos,9380,1075,1550,1208,1688,1073,1324
Z71,Zuidplein,Z33,Kralingseveer,9143,787,1252,885,1358,787,984
Z71,Zuidplein,Z34,Liskwartier,7483,850,1219,967,1296,848,1053
Z71,Zuidplein,Z35,Lombardijen,3372,363,541,406,579,361,451
Z71,Zuidplein,Z36,Middelland,5524,572,896,633,967,570,698
Z71,Zuidplein,Z37,Molenlaankwartier,14643,1137,1813,1281,1954,1136,1429
Z71,Zuidplein,Z38,Nesselande,18591,1392,2209,1565,2382,1389,1746
Z71,Zuidplein,Z39,Nieuw Crooswijk,8505,925,1377,1040,1465,923,1151
Z71,Zuidplein,Z40,Nieuwe Werk,5486,616,891,704,938,614,781
Z71,Zuidplein,Z41,Nieuwe Westen,6163,694,1058,768,1133,692,845
Z71,Zuidplein,Z42,Noord Kethel,18756,1345,2097,1492,2246,1344,1651
Z71,Zuidplein,Z43,Noordereiland,4681,525,753,598,792,523,662
Z71,Zuidplein,Z44,Ommoord,14643,1145,1838,1282,1992,1142,1427
Z71,Zuidplein,Z45,Oosterflank,15208,1114,1791,1240,1956,1112,1384
Z71,Zuidplein,Z46,Oud Charlois,2892,358,515,403,544,357,443
Z71,Zuidplein,Z47,Oud Crooswijk,7450,781,1139,907,1173,779,1019
Z71,Zuidplein,Z48,Oud IJsselmonde,4743,518,785,594,843,516,661
Z71,Zuidplein,Z49,Oud Mathenesse,8363,860,1339,977,1428,859,1091
Z71,Zuidplein,Z50,Oude Noorden,7340,802,1185,915,1244,800,1016
Z71,Zuidplein,Z51,Oude Westen,5354,599,908,656,976,598,716
Z71,Zuidplein,Z52,Overschie,10322,1046,1635,1185,1764,1045,1318
Z71,Zuidplein,Z53,Pendrecht,2900,348,481,396,504,347,434
Z71,Zuidplein,Z54,Prinsenland,10614,963,1465,1078,1570,962,1192
Z71,Zuidplein,Z55,Provenierswijk,7342,778,1210,871,1319,776,960
Z71,Zuidplein,Z56,Rubroek,6464,704,1019,805,1069,703,896
Z71,Zuidplein,Z57,Schiebroek,11379,1126,1757,1280,1890,1123,1425
Z71,Zuidplein,Z58,Schiemond,5980,662,1018,731,1097,660,804
Z71,Zuidplein,Z59,Schieveen,13430,1150,1852,1284,2003,1149,1427
Z71,Zuidplein,Z60,Spangen,7470,816,1216,908,1302,814,998
Z71,Zuidplein,Z61,Stadsdriehoek,5373,566,838,651,882,565,726
Z71,Zuidplein,Z62,Struisenburg,6294,652,997,756,1055,651,846
Z71,Zuidplein,Z63,Tarwewijk,2278,301,425,344,446,299,381
Z71,Zuidplein,Z64,Terbregge,13133,999,1617,1121,1751,997,1257
Z71,Zuidplein,Z65,Tussendijken,6984,774,1147,859,1226,772,945
Z71,Zuidplein,Z66,Vreewijk,2250,278,403,310,429,277,339
Z71,Zuidplein,Z67,Wielewaal,4270,519,702,576,734,518,629
Z71,Zuidplein,Z68,Zestienhoven,11373,1040,1680,1179,1826,1038,1311
Z71,Zuidplein,Z69,Zevenkamp,15853,1130,1846,1268,2001,1129,1416
Z71,Zuidplein,Z70,Zuiderpark,2185,275,382,310,400,274,340
Z71,Zuidplein,Z71,Zuidplein,0,37,37,37,37,37,37
Z71,Zuidplein,Z72,Zuidwijk,2817,315,471,355,492,313,404
Z72,Zuidwijk,Z00,'s-Gravenland,11353,1037,1527,1167,1611,1034,1283
Z72,Zuidwijk,Z01,Afrikaanderwijk,4362,462,690,521,734,460,580
Z72,Zuidwijk,Z02,Agniesebuurt,8001,844,1283,974,1360,842,1095
Z72,Zuidwijk,Z03,Bedrijvenpark Noord-West,18683,1189,1960,1323,2124,1186,1481
Z72,Zuidwijk,Z04,Bergpolder,9451,922,1498,1054,1623,920,1179
Z72,Zuidwijk,Z05,Beverwaard,6764,667,976,768,1022,665,857
Z72,Zuidwijk,Z06,Blijdorp,8675,854,1409,974,1530,851,1089
Z72,Zuidwijk,Z07,Blijdorpsepolder,10010,1049,1566,1176,1676,1046,1297
Z72,Zuidwijk,Z08,Bloemhof,3687,435,622,490,665,432,538
Z72,Zuidwijk,Z09,Bospolder,8250,848,1340,954,1438,846,1066
Z72,Zuidwijk,Z10,Carnisse,3637,408,578,458,611,406,499
Z72,Zuidwijk,Z11,Charlois Zuidrand,2933,357,446,388,462,356,416
Z72,Zuidwijk,Z12,Cool,6852,685,1053,787,1107,683,884
Z72,Zuidwijk,Z13,Cs Kwartier,7857,780,1252,876,1356,778,975
Z72,Zuidwijk,Z14,De Esch,9854,841,1299,960,1378,839,1077
Z72,Zuidwijk,Z15,Delfshaven,6982,696,1127,787,1212,693,885
Z72,Zuidwijk,Z16,Dijkzigt,6713,652,1044,732,1132,650,812
Z72,Zuidwijk,Z17,Feijenoord,6269,642,951,736,940,640,825
Z72,Zuidwijk,Z18,Groot IJsselmonde,5399,559,801,640,839,557,712
Z72,Zuidwijk,Z19,Heijplaat,6344,670,970,766,1022,666,849
Z72,Zuidwijk,Z20,Het Lage Land,13085,993,1577,1122,1684,992,1259
Z72,Zuidwijk,Z21,Hillegersberg Noord,11936,1219,1763,1393,1888,1217,1550
Z72,Zuidwijk,Z22,Hillegersberg Zuid,10753,1032,1686,1183,1811,1030,1330
Z72,Zuidwijk,Z23,Hillesluis,3657,460,632,525,661,459,579
Z72,Zuidwijk,Z24,Hoogvliet Noord,10264,763,1170,849,1257,760,939
Z72,Zuidwijk,Z25,Hoogvliet Zuid,10579,908,1393,1051,1491,906,1172
Z72,Zuidwijk,Z26,Katendrecht,5230,576,835,646,884,574,714
Z72,Zuidwijk,Z27,Kleinpolder,10395,999,1620,1141,1753,997,1275
Z72,Zuidwijk,Z28,Kop van Zuid,5085,537,832,619,887,534,696
Z72,Zuidwijk,Z29,Kop van Zuid - Entrepot,5142,557,858,641,911,554,721
Z72,Zuidwijk,Z30,Kralingen Oost,10426,903,1373,1024,1457,900,1138
Z72,Zuidwijk,Z31,Kralingen West,8913,912,1376,1052,1448,909,1179
Z72,Zuidwijk,Z32,Kralingse Bos,10943,1123,1661,1262,1757,1120,1396
Z72,Zuidwijk,Z33,Kralingseveer,9864,855,1326,971,1416,854,1080
Z72,Zuidwijk,Z34,Liskwartier,9366,963,1469,1101,1580,960,1227
Z72,Zuidwijk,Z35,Lombardijen,2656,283,387,326,407,281,361
Z72,Zuidwijk,Z36,Middelland,7110,690,1125,774,1219,688,864
Z72,Zuidwijk,Z37,Molenlaankwartier,15377,1190,1872,1349,1991,1189,1514
Z72,Zuidwijk,Z38,Nesselande,19176,1472,2283,1656,2448,1469,1842
Z72,Zuidwijk,Z39,Nieuw Crooswijk,10069,1064,1596,1232,1695,1061,1383
Z72,Zuidwijk,Z40,Nieuwe Werk,7106,748,1156,851,1242,745,950
Z72,Zuidwijk,Z41,Nieuwe Westen,7809,825,1308,920,1406,821,1029
Z72,Zuidwijk,Z42,Noord Kethel,18399,1266,1974,1402,2118,1264,1552
Z72,Zuidwijk,Z43,Noordereiland,6301,648,986,740,1050,644,829
Z72,Zuidwijk,Z44,Ommoord,15308,1181,1876,1335,2005,1179,1494
Z72,Zuidwijk,Z45,Oosterflank,15747,1155,1831,1303,1976,1152,1454
Z72,Zuidwijk,Z46,Oud Charlois,3862,429,630,487,672,426,543
Z72,Zuidwijk,Z47,Oud Crooswijk,9085,913,1389,1057,1440,910,1190
Z72,Zuidwijk,Z48,Oud IJsselmonde,5282,574,838,658,891,572,734
Z72,Zuidwijk,Z49,Oud Mathenesse,9864,970,1540,1106,1651,967,1244
Z72,Zuidwijk,Z50,Oude Noorden,9220,954,1404,1095,1481,952,1217
Z72,Zuidwijk,Z51,Oude Westen,7176,728,1150,817,1240,727,902
Z72,Zuidwijk,Z52,Overschie,11786,1165,1851,1330,2002,1163,1485
Z72,Zuidwijk,Z53,Pendrecht,1805,205,277,228,290,204,250
Z72,Zuidwijk,Z54,Prinsenland,11278,1026,1502,1143,1584,1025,1260
Z72,Zuidwijk,Z55,Provenierswijk,8811,896,1425,1015,1555,894,1130
Z72,Zuidwijk,Z56,Rubroek,8092,849,1252,972,1326,847,1087
Z72,Zuidwijk,Z57,Schiebroek,13519,1309,2072,1488,2234,1306,1644
Z72,Zuidwijk,Z58,Schiemond,7539,778,1234,875,1325,776,985
Z72,Zuidwijk,Z59,Schieveen,15102,1268,2067,1425,2242,1266,1587
Z72,Zuidwijk,Z60,Spangen,8972,935,1431,1050,1530,932,1165
Z72,Zuidwijk,Z61,Stadsdriehoek,6993,698,1082,806,1149,696,907
Z72,Zuidwijk,Z62,Struisenburg,7858,783,1230,910,1312,782,1027
Z72,Zuidwijk,Z63,Tarwewijk,4089,432,658,495,703,430,548
Z72,Zuidwijk,Z64,Terbregge,13848,1059,1681,1199,1791,1058,1346
Z72,Zuidwijk,Z65,Tussendijken,8497,883,1354,987,1456,880,1097
Z72,Zuidwijk,Z66,Vreewijk,2096,253,353,286,373,251,315
Z72,Zuidwijk,Z67,Wielewaal,3997,495,653,546,681,492,591
Z72,Zuidwijk,Z68,Zestienhoven,12837,1218,1934,1390,2086,1216,1553
Z72,Zuidwijk,Z69,Zevenkamp,16517,1171,1884,1321,2014,1169,1483
Z72,Zuidwijk,Z70,Zuiderpark,1298,174,258,194,273,172,212
Z72,Zuidwijk,Z71,Zuidplein,2919,348,542,395,573,345,442
Z72,Zuidwijk,Z72,Zuidwijk,0,89,89,89,89,89,89
