from_zone,to_zone,from_naam,to_naam,freeflow_s,meters
Z00,Z00,'s-Gravenland,'s-Gravenland,108,0
Z00,Z01,'s-Gravenland,Afrikaanderwijk,792,9396
Z00,Z02,'s-Gravenland,Agniesebuurt,754,6180
Z00,Z03,'s-Gravenland,Bedrijvenpark Noord-West,1009,16148
Z00,Z04,'s-Gravenland,Bergpolder,734,10614
Z00,Z05,'s-Gravenland,Beverwaard,790,9402
Z00,Z06,'s-Gravenland,Blijdorp,816,10197
Z00,Z07,'s-Gravenland,Blijdorpsepolder,932,12896
Z00,Z08,'s-Gravenland,Bloemhof,850,9602
Z00,Z09,'s-Gravenland,Bospolder,1024,9360
Z00,Z10,'s-Gravenland,Carnisse,965,10906
Z00,Z11,'s-Gravenland,Charlois Zuidrand,1125,18941
Z00,Z12,'s-Gravenland,Cool,691,6480
Z00,Z13,'s-Gravenland,Cs Kwartier,860,7898
Z00,Z14,'s-Gravenland,De Esch,391,3406
Z00,Z15,'s-Gravenland,Delfshaven,877,8426
Z00,Z16,'s-Gravenland,Dijkzigt,738,7151
Z00,Z17,'s-Gravenland,Feijenoord,850,9532
Z00,Z18,'s-Gravenland,Groot IJsselmonde,686,8244
Z00,Z19,'s-Gravenland,Heijplaat,1306,21482
Z00,Z20,'s-Gravenland,Het Lage Land,511,4956
Z00,Z21,'s-Gravenland,Hillegersberg Noord,815,8140
Z00,Z22,'s-Gravenland,Hillegersberg Zuid,805,7916
Z00,Z23,'s-Gravenland,Hillesluis,765,9041
Z00,Z24,'s-Gravenland,Hoogvliet Noord,1330,24144
Z00,Z25,'s-Gravenland,Hoogvliet Zuid,1495,24452
Z00,Z26,'s-Gravenland,Katendrecht,964,8988
Z00,Z27,'s-Gravenland,Kleinpolder,798,12142
Z00,Z28,'s-Gravenland,Kop van Zuid,763,7142
Z00,Z29,'s-Gravenland,Kop van Zuid - Entrepot,786,9319
Z00,Z30,'s-Gravenland,Kralingen Oost,318,2527
Z00,Z31,'s-Gravenland,Kralingen West,449,4015
Z00,Z32,'s-Gravenland,Kralingse Bos,583,4749
Z00,Z33,'s-Gravenland,Kralingseveer,447,4068
Z00,Z34,'s-Gravenland,Liskwartier,719,6728
Z00,Z35,'s-Gravenland,Lombardijen,810,9621
Z00,Z36,'s-Gravenland,Middelland,840,7789
Z00,Z37,'s-Gravenland,Molenlaankwartier,695,6964
Z00,Z38,'s-Gravenland,Nesselande,963,11753
Z00,Z39,'s-Gravenland,Nieuw Crooswijk,662,5811
Z00,Z40,'s-Gravenland,Nieuwe Werk,816,7438
Z00,Z41,'s-Gravenland,Nieuwe Westen,956,8512
Z00,Z42,'s-Gravenland,Noord Kethel,1289,18482
Z00,Z43,'s-Gravenland,Noordereiland,725,6722
Z00,Z44,'s-Gravenland,Ommoord,716,6743
Z00,Z45,'s-Gravenland,Oosterflank,594,4945
Z00,Z46,'s-Gravenland,Oud Charlois,1034,9937
Z00,Z47,'s-Gravenland,Oud Crooswijk,540,4914
Z00,Z48,'s-Gravenland,Oud IJsselmonde,541,6670
Z00,Z49,'s-Gravenland,Oud Mathenesse,991,14918
Z00,Z50,'s-Gravenland,Oude Noorden,670,6253
Z00,Z51,'s-Gravenland,Oude Westen,824,7431
Z00,Z52,'s-Gravenland,Overschie,962,14926
Z00,Z53,'s-Gravenland,Pendrecht,1091,12658
Z00,Z54,'s-Gravenland,Prinsenland,419,3323
Z00,Z55,'s-Gravenland,Provenierswijk,797,7548
Z00,Z56,'s-Gravenland,Rubroek,597,5153
Z00,Z57,'s-Gravenland,Schiebroek,880,12185
Z00,Z58,'s-Gravenland,Schiemond,958,9074
Z00,Z59,'s-Gravenland,Schieveen,953,15575
Z00,Z60,'s-Gravenland,Spangen,1077,13946
Z00,Z61,'s-Gravenland,Stadsdriehoek,588,5562
Z00,Z62,'s-Gravenland,Struisenburg,484,4620
Z00,Z63,'s-Gravenland,Tarwewijk,920,10624
Z00,Z64,'s-Gravenland,Terbregge,555,5524
Z00,Z65,'s-Gravenland,Tussendijken,1047,9331
Z00,Z66,'s-Gravenland,Vreewijk,802,9237
Z00,Z67,'s-Gravenland,Wielewaal,1267,11639
Z00,Z68,'s-Gravenland,Zestienhoven,879,13319
Z00,Z69,'s-Gravenland,Zevenkamp,716,9019
Z00,Z70,'s-Gravenland,Zuiderpark,963,10919
Z00,Z71,'s-Gravenland,Zuidplein,919,10494
Z00,Z72,'s-Gravenland,Zuidwijk,998,11038
Z01,Z00,Afrikaanderwijk,'s-Gravenland,848,9810
Z01,Z01,Afrikaanderwijk,Afrikaanderwijk,57,0
Z01,Z02,Afrikaanderwijk,Agniesebuurt,523,4394
Z01,Z03,Afrikaanderwijk,Bedrijvenpark Noord-West,992,10994
Z01,Z04,Afrikaanderwijk,Bergpolder,617,5591
Z01,Z05,Afrikaanderwijk,Beverwaard,635,6418
Z01,Z06,Afrikaanderwijk,Blijdorp,606,5521
Z01,Z07,Afrikaanderwijk,Blijdorpsepolder,854,7637
Z01,Z08,Afrikaanderwijk,Bloemhof,217,1324
Z01,Z09,Afrikaanderwijk,Bospolder,638,5847
Z01,Z10,Afrikaanderwijk,Carnisse,387,3202
Z01,Z11,Afrikaanderwijk,Charlois Zuidrand,677,6015
Z01,Z12,Afrikaanderwijk,Cool,358,3209
Z01,Z13,Afrikaanderwijk,Cs Kwartier,573,5035
Z01,Z14,Afrikaanderwijk,De Esch,663,7954
Z01,Z15,Afrikaanderwijk,Delfshaven,485,4570
Z01,Z16,Afrikaanderwijk,Dijkzigt,433,4087
Z01,Z17,Afrikaanderwijk,Feijenoord,226,1462
Z01,Z18,Afrikaanderwijk,Groot IJsselmonde,505,4765
Z01,Z19,Afrikaanderwijk,Heijplaat,925,8684
Z01,Z20,Afrikaanderwijk,Het Lage Land,816,11338
Z01,Z21,Afrikaanderwijk,Hillegersberg Noord,890,8293
Z01,Z22,Afrikaanderwijk,Hillegersberg Zuid,727,6817
Z01,Z23,Afrikaanderwijk,Hillesluis,171,1374
Z01,Z24,Afrikaanderwijk,Hoogvliet Noord,1023,12551
Z01,Z25,Afrikaanderwijk,Hoogvliet Zuid,1168,12886
Z01,Z26,Afrikaanderwijk,Katendrecht,261,1682
Z01,Z27,Afrikaanderwijk,Kleinpolder,789,7573
Z01,Z28,Afrikaanderwijk,Kop van Zuid,210,1738
Z01,Z29,Afrikaanderwijk,Kop van Zuid - Entrepot,138,870
Z01,Z30,Afrikaanderwijk,Kralingen Oost,629,6136
Z01,Z31,Afrikaanderwijk,Kralingen West,593,5233
Z01,Z32,Afrikaanderwijk,Kralingse Bos,918,7308
Z01,Z33,Afrikaanderwijk,Kralingseveer,668,8060
Z01,Z34,Afrikaanderwijk,Liskwartier,644,5722
Z01,Z35,Afrikaanderwijk,Lombardijen,471,4214
Z01,Z36,Afrikaanderwijk,Middelland,494,4736
Z01,Z37,Afrikaanderwijk,Molenlaankwartier,961,8948
Z01,Z38,Afrikaanderwijk,Nesselande,1282,17525
Z01,Z39,Afrikaanderwijk,Nieuw Crooswijk,735,6403
Z01,Z40,Afrikaanderwijk,Nieuwe Werk,418,3499
Z01,Z41,Afrikaanderwijk,Nieuwe Westen,626,5436
Z01,Z42,Afrikaanderwijk,Noord Kethel,1268,14420
Z01,Z43,Afrikaanderwijk,Noordereiland,279,2360
Z01,Z44,Afrikaanderwijk,Ommoord,1004,13334
Z01,Z45,Afrikaanderwijk,Oosterflank,978,14126
Z01,Z46,Afrikaanderwijk,Oud Charlois,366,2985
Z01,Z47,Afrikaanderwijk,Oud Crooswijk,577,5520
Z01,Z48,Afrikaanderwijk,Oud IJsselmonde,381,3687
Z01,Z49,Afrikaanderwijk,Oud Mathenesse,758,7484
Z01,Z50,Afrikaanderwijk,Oude Noorden,618,5725
Z01,Z51,Afrikaanderwijk,Oude Westen,510,4480
Z01,Z52,Afrikaanderwijk,Overschie,955,8854
Z01,Z53,Afrikaanderwijk,Pendrecht,548,4993
Z01,Z54,Afrikaanderwijk,Prinsenland,849,9304
Z01,Z55,Afrikaanderwijk,Provenierswijk,602,4999
Z01,Z56,Afrikaanderwijk,Rubroek,514,4530
Z01,Z57,Afrikaanderwijk,Schiebroek,1001,9800
Z01,Z58,Afrikaanderwijk,Schiemond,566,5143
Z01,Z59,Afrikaanderwijk,Schieveen,1046,11795
Z01,Z60,Afrikaanderwijk,Spangen,740,6652
Z01,Z61,Afrikaanderwijk,Stadsdriehoek,368,3386
Z01,Z62,Afrikaanderwijk,Struisenburg,453,4304
Z01,Z63,Afrikaanderwijk,Tarwewijk,283,2100
Z01,Z64,Afrikaanderwijk,Terbregge,882,12128
Z01,Z65,Afrikaanderwijk,Tussendijken,671,6073
Z01,Z66,Afrikaanderwijk,Vreewijk,373,2708
Z01,Z67,Afrikaanderwijk,Wielewaal,589,4743
Z01,Z68,Afrikaanderwijk,Zestienhoven,913,8902
Z01,Z69,Afrikaanderwijk,Zevenkamp,994,14543
Z01,Z70,Afrikaanderwijk,Zuiderpark,467,4446
Z01,Z71,Afrikaanderwijk,Zuidplein,333,2778
Z01,Z72,Afrikaanderwijk,Zuidwijk,480,4597
Z02,Z00,Agniesebuurt,'s-Gravenland,760,6688
Z02,Z01,Agniesebuurt,Afrikaanderwijk,630,5458
Z02,Z02,Agniesebuurt,Agniesebuurt,45,0
Z02,Z03,Agniesebuurt,Bedrijvenpark Noord-West,597,7132
Z02,Z04,Agniesebuurt,Bergpolder,218,1750
Z02,Z05,Agniesebuurt,Beverwaard,1057,11486
Z02,Z06,Agniesebuurt,Blijdorp,207,1645
Z02,Z07,Agniesebuurt,Blijdorpsepolder,464,3478
Z02,Z08,Agniesebuurt,Bloemhof,728,6283
Z02,Z09,Agniesebuurt,Bospolder,639,4983
Z02,Z10,Agniesebuurt,Carnisse,729,6539
Z02,Z11,Agniesebuurt,Charlois Zuidrand,990,9241
Z02,Z12,Agniesebuurt,Cool,406,3255
Z02,Z13,Agniesebuurt,Cs Kwartier,344,2449
Z02,Z14,Agniesebuurt,De Esch,625,5775
Z02,Z15,Agniesebuurt,Delfshaven,496,4271
Z02,Z16,Agniesebuurt,Dijkzigt,436,3747
Z02,Z17,Agniesebuurt,Feijenoord,612,4907
Z02,Z18,Agniesebuurt,Groot IJsselmonde,990,9862
Z02,Z19,Agniesebuurt,Heijplaat,1247,11823
Z02,Z20,Agniesebuurt,Het Lage Land,650,6448
Z02,Z21,Agniesebuurt,Hillegersberg Noord,450,4083
Z02,Z22,Agniesebuurt,Hillegersberg Zuid,323,2975
Z02,Z23,Agniesebuurt,Hillesluis,679,6046
Z02,Z24,Agniesebuurt,Hoogvliet Noord,1098,17524
Z02,Z25,Agniesebuurt,Hoogvliet Zuid,1382,20918
Z02,Z26,Agniesebuurt,Katendrecht,719,6083
Z02,Z27,Agniesebuurt,Kleinpolder,390,3731
Z02,Z28,Agniesebuurt,Kop van Zuid,518,4475
Z02,Z29,Agniesebuurt,Kop van Zuid - Entrepot,552,4599
Z02,Z30,Agniesebuurt,Kralingen Oost,510,4686
Z02,Z31,Agniesebuurt,Kralingen West,370,3109
Z02,Z32,Agniesebuurt,Kralingse Bos,609,4669
Z02,Z33,Agniesebuurt,Kralingseveer,769,7424
Z02,Z34,Agniesebuurt,Liskwartier,212,1501
Z02,Z35,Agniesebuurt,Lombardijen,968,8886
Z02,Z36,Agniesebuurt,Middelland,396,3064
Z02,Z37,Agniesebuurt,Molenlaankwartier,521,4737
Z02,Z38,Agniesebuurt,Nesselande,1074,13874
Z02,Z39,Agniesebuurt,Nieuw Crooswijk,348,2996
Z02,Z40,Agniesebuurt,Nieuwe Werk,580,4628
Z02,Z41,Agniesebuurt,Nieuwe Westen,460,3414
Z02,Z42,Agniesebuurt,Noord Kethel,869,10578
Z02,Z43,Agniesebuurt,Noordereiland,463,3853
Z02,Z44,Agniesebuurt,Ommoord,773,7806
Z02,Z45,Agniesebuurt,Oosterflank,769,10601
Z02,Z46,Agniesebuurt,Oud Charlois,675,6149
Z02,Z47,Agniesebuurt,Oud Crooswijk,251,1902
Z02,Z48,Agniesebuurt,Oud IJsselmonde,795,8772
Z02,Z49,Agniesebuurt,Oud Mathenesse,566,6738
Z02,Z50,Agniesebuurt,Oude Noorden,199,1188
Z02,Z51,Agniesebuurt,Oude Westen,430,3197
Z02,Z52,Agniesebuurt,Overschie,556,5013
Z02,Z53,Agniesebuurt,Pendrecht,866,8185
Z02,Z54,Agniesebuurt,Prinsenland,805,11093
Z02,Z55,Agniesebuurt,Provenierswijk,182,1176
Z02,Z56,Agniesebuurt,Rubroek,228,1524
Z02,Z57,Agniesebuurt,Schiebroek,607,5761
Z02,Z58,Agniesebuurt,Schiemond,616,5275
Z02,Z59,Agniesebuurt,Schieveen,649,7953
Z02,Z60,Agniesebuurt,Spangen,591,4103
Z02,Z61,Agniesebuurt,Stadsdriehoek,386,3000
Z02,Z62,Agniesebuurt,Struisenburg,412,3361
Z02,Z63,Agniesebuurt,Tarwewijk,711,6398
Z02,Z64,Agniesebuurt,Terbregge,614,5795
Z02,Z65,Agniesebuurt,Tussendijken,584,4042
Z02,Z66,Agniesebuurt,Vreewijk,864,7921
Z02,Z67,Agniesebuurt,Wielewaal,907,7934
Z02,Z68,Agniesebuurt,Zestienhoven,514,5060
Z02,Z69,Agniesebuurt,Zevenkamp,774,10892
Z02,Z70,Agniesebuurt,Zuiderpark,910,8709
Z02,Z71,Agniesebuurt,Zuidplein,733,6827
Z02,Z72,Agniesebuurt,Zuidwijk,960,9202
Z03,Z00,Bedrijvenpark Noord-West,'s-Gravenland,987,15970
Z03,Z01,Bedrijvenpark Noord-West,Afrikaanderwijk,1020,11289
Z03,Z02,Bedrijvenpark Noord-West,Agniesebuurt,610,7340
Z03,Z03,Bedrijvenpark Noord-West,Bedrijvenpark Noord-West,78,0
Z03,Z04,Bedrijvenpark Noord-West,Bergpolder,444,6296
Z03,Z05,Bedrijvenpark Noord-West,Beverwaard,1264,21314
Z03,Z06,Bedrijvenpark Noord-West,Blijdorp,458,5907
Z03,Z07,Bedrijvenpark Noord-West,Blijdorpsepolder,486,5103
Z03,Z08,Bedrijvenpark Noord-West,Bloemhof,1100,12436
Z03,Z09,Bedrijvenpark Noord-West,Bospolder,571,5212
Z03,Z10,Bedrijvenpark Noord-West,Carnisse,966,11122
Z03,Z11,Bedrijvenpark Noord-West,Charlois Zuidrand,1080,17613
Z03,Z12,Bedrijvenpark Noord-West,Cool,746,8532
Z03,Z13,Bedrijvenpark Noord-West,Cs Kwartier,573,7004
Z03,Z14,Bedrijvenpark Noord-West,De Esch,916,16514
Z03,Z15,Bedrijvenpark Noord-West,Delfshaven,658,6534
Z03,Z16,Bedrijvenpark Noord-West,Dijkzigt,679,8309
Z03,Z17,Bedrijvenpark Noord-West,Feijenoord,1090,11798
Z03,Z18,Bedrijvenpark Noord-West,Groot IJsselmonde,1198,20347
Z03,Z19,Bedrijvenpark Noord-West,Heijplaat,1142,17667
Z03,Z20,Bedrijvenpark Noord-West,Het Lage Land,850,13372
Z03,Z21,Bedrijvenpark Noord-West,Hillegersberg Noord,623,8720
Z03,Z22,Bedrijvenpark Noord-West,Hillegersberg Zuid,549,7426
Z03,Z23,Bedrijvenpark Noord-West,Hillesluis,1095,12056
Z03,Z24,Bedrijvenpark Noord-West,Hoogvliet Noord,872,13572
Z03,Z25,Bedrijvenpark Noord-West,Hoogvliet Zuid,1156,16966
Z03,Z26,Bedrijvenpark Noord-West,Katendrecht,1098,11690
Z03,Z27,Bedrijvenpark Noord-West,Kleinpolder,345,4541
Z03,Z28,Bedrijvenpark Noord-West,Kop van Zuid,896,10082
Z03,Z29,Bedrijvenpark Noord-West,Kop van Zuid - Entrepot,1008,11236
Z03,Z30,Bedrijvenpark Noord-West,Kralingen Oost,878,15284
Z03,Z31,Bedrijvenpark Noord-West,Kralingen West,779,10247
Z03,Z32,Bedrijvenpark Noord-West,Kralingse Bos,930,11189
Z03,Z33,Bedrijvenpark Noord-West,Kralingseveer,982,17253
Z03,Z34,Bedrijvenpark Noord-West,Liskwartier,550,7144
Z03,Z35,Bedrijvenpark Noord-West,Lombardijen,1246,14373
Z03,Z36,Bedrijvenpark Noord-West,Middelland,634,7639
Z03,Z37,Bedrijvenpark Noord-West,Molenlaankwartier,620,8955
Z03,Z38,Bedrijvenpark Noord-West,Nesselande,1201,18329
Z03,Z39,Bedrijvenpark Noord-West,Nieuw Crooswijk,623,8668
Z03,Z40,Bedrijvenpark Noord-West,Nieuwe Werk,841,9546
Z03,Z41,Bedrijvenpark Noord-West,Nieuwe Westen,588,5452
Z03,Z42,Bedrijvenpark Noord-West,Noord Kethel,624,6266
Z03,Z43,Bedrijvenpark Noord-West,Noordereiland,935,10716
Z03,Z44,Bedrijvenpark Noord-West,Ommoord,836,13359
Z03,Z45,Bedrijvenpark Noord-West,Oosterflank,906,15035
Z03,Z46,Bedrijvenpark Noord-West,Oud Charlois,918,10778
Z03,Z47,Bedrijvenpark Noord-West,Oud Crooswijk,681,9498
Z03,Z48,Bedrijvenpark Noord-West,Oud IJsselmonde,998,18600
Z03,Z49,Bedrijvenpark Noord-West,Oud Mathenesse,380,3791
Z03,Z50,Bedrijvenpark Noord-West,Oude Noorden,646,7702
Z03,Z51,Bedrijvenpark Noord-West,Oude Westen,660,7773
Z03,Z52,Bedrijvenpark Noord-West,Overschie,281,2739
Z03,Z53,Bedrijvenpark Noord-West,Pendrecht,1096,12760
Z03,Z54,Bedrijvenpark Noord-West,Prinsenland,970,15755
Z03,Z55,Bedrijvenpark Noord-West,Provenierswijk,560,6931
Z03,Z56,Bedrijvenpark Noord-West,Rubroek,733,8790
Z03,Z57,Bedrijvenpark Noord-West,Schiebroek,674,9260
Z03,Z58,Bedrijvenpark Noord-West,Schiemond,602,5998
Z03,Z59,Bedrijvenpark Noord-West,Schieveen,356,3904
Z03,Z60,Bedrijvenpark Noord-West,Spangen,468,4393
Z03,Z61,Bedrijvenpark Noord-West,Stadsdriehoek,843,9385
Z03,Z62,Bedrijvenpark Noord-West,Struisenburg,890,10263
Z03,Z63,Bedrijvenpark Noord-West,Tarwewijk,944,10979
Z03,Z64,Bedrijvenpark Noord-West,Terbregge,690,11854
Z03,Z65,Bedrijvenpark Noord-West,Tussendijken,515,4934
Z03,Z66,Bedrijvenpark Noord-West,Vreewijk,1141,12988
Z03,Z67,Bedrijvenpark Noord-West,Wielewaal,1150,12510
Z03,Z68,Bedrijvenpark Noord-West,Zestienhoven,378,3951
Z03,Z69,Bedrijvenpark Noord-West,Zevenkamp,917,15346
Z03,Z70,Bedrijvenpark Noord-West,Zuiderpark,1153,13284
Z03,Z71,Bedrijvenpark Noord-West,Zuidplein,974,11403
Z03,Z72,Bedrijvenpark Noord-West,Zuidwijk,1202,13941
Z04,Z00,Bergpolder,'s-Gravenland,696,10002
Z04,Z01,Bergpolder,Afrikaanderwijk,724,6684
Z04,Z02,Bergpolder,Agniesebuurt,243,1766
Z04,Z03,Bergpolder,Bedrijvenpark Noord-West,490,6381
Z04,Z04,Bergpolder,Bergpolder,49,0
Z04,Z05,Bergpolder,Beverwaard,997,15610
Z04,Z06,Bergpolder,Blijdorp,144,1144
Z04,Z07,Bergpolder,Blijdorpsepolder,369,2977
Z04,Z08,Bergpolder,Bloemhof,804,7812
Z04,Z09,Bergpolder,Bospolder,569,5030
Z04,Z10,Bergpolder,Carnisse,676,6509
Z04,Z11,Bergpolder,Charlois Zuidrand,938,9212
Z04,Z12,Bergpolder,Cool,450,3926
Z04,Z13,Bergpolder,Cs Kwartier,291,2452
Z04,Z14,Bergpolder,De Esch,648,10784
Z04,Z15,Bergpolder,Delfshaven,443,4241
Z04,Z16,Bergpolder,Dijkzigt,386,3711
Z04,Z17,Bergpolder,Feijenoord,792,6487
Z04,Z18,Bergpolder,Groot IJsselmonde,914,14622
Z04,Z19,Bergpolder,Heijplaat,1167,11793
Z04,Z20,Bergpolder,Het Lage Land,671,7375
Z04,Z21,Bergpolder,Hillegersberg Noord,405,3999
Z04,Z22,Bergpolder,Hillegersberg Zuid,200,1933
Z04,Z23,Bergpolder,Hillesluis,799,7451
Z04,Z24,Bergpolder,Hoogvliet Noord,965,16482
Z04,Z25,Bergpolder,Hoogvliet Zuid,1240,19724
Z04,Z26,Bergpolder,Katendrecht,818,7167
Z04,Z27,Bergpolder,Kleinpolder,248,2923
Z04,Z28,Bergpolder,Kop van Zuid,600,5477
Z04,Z29,Bergpolder,Kop van Zuid - Entrepot,697,6402
Z04,Z30,Bergpolder,Kralingen Oost,563,6009
Z04,Z31,Bergpolder,Kralingen West,437,4366
Z04,Z32,Bergpolder,Kralingse Bos,622,5920
Z04,Z33,Bergpolder,Kralingseveer,693,11426
Z04,Z34,Bergpolder,Liskwartier,179,1249
Z04,Z35,Bergpolder,Lombardijen,942,9768
Z04,Z36,Bergpolder,Middelland,344,3034
Z04,Z37,Bergpolder,Molenlaankwartier,521,4849
Z04,Z38,Bergpolder,Nesselande,912,12657
Z04,Z39,Bergpolder,Nieuw Crooswijk,316,3378
Z04,Z40,Bergpolder,Nieuwe Werk,551,5119
Z04,Z41,Bergpolder,Nieuwe Westen,406,3385
Z04,Z42,Bergpolder,Noord Kethel,742,9397
Z04,Z43,Bergpolder,Noordereiland,621,5451
Z04,Z44,Bergpolder,Ommoord,702,10402
Z04,Z45,Bergpolder,Oosterflank,646,9571
Z04,Z46,Bergpolder,Oud Charlois,622,6117
Z04,Z47,Bergpolder,Oud Crooswijk,312,3083
Z04,Z48,Bergpolder,Oud IJsselmonde,734,12759
Z04,Z49,Bergpolder,Oud Mathenesse,445,5696
Z04,Z50,Bergpolder,Oude Noorden,256,1938
Z04,Z51,Bergpolder,Oude Westen,365,3168
Z04,Z52,Bergpolder,Overschie,440,4269
Z04,Z53,Bergpolder,Pendrecht,824,8328
Z04,Z54,Bergpolder,Prinsenland,738,10223
Z04,Z55,Bergpolder,Provenierswijk,190,1296
Z04,Z56,Bergpolder,Rubroek,403,3105
Z04,Z57,Bergpolder,Schiebroek,448,4597
Z04,Z58,Bergpolder,Schiemond,563,5245
Z04,Z59,Bergpolder,Schieveen,536,7055
Z04,Z60,Bergpolder,Spangen,512,5542
Z04,Z61,Bergpolder,Stadsdriehoek,546,4780
Z04,Z62,Bergpolder,Struisenburg,556,5325
Z04,Z63,Bergpolder,Tarwewijk,658,6368
Z04,Z64,Bergpolder,Terbregge,603,5906
Z04,Z65,Bergpolder,Tussendijken,532,4019
Z04,Z66,Bergpolder,Vreewijk,853,8426
Z04,Z67,Bergpolder,Wielewaal,854,7904
Z04,Z68,Bergpolder,Zestienhoven,391,4018
Z04,Z69,Bergpolder,Zevenkamp,651,9850
Z04,Z70,Bergpolder,Zuiderpark,854,8502
Z04,Z71,Bergpolder,Zuidplein,728,6798
Z04,Z72,Bergpolder,Zuidwijk,914,9336
Z05,Z00,Beverwaard,'s-Gravenland,748,9099
Z05,Z01,Beverwaard,Afrikaanderwijk,643,6436
Z05,Z02,Beverwaard,Agniesebuurt,1006,11166
Z05,Z03,Beverwaard,Bedrijvenpark Noord-West,1228,21162
Z05,Z04,Beverwaard,Bergpolder,940,15536
Z05,Z05,Beverwaard,Beverwaard,89,0
Z05,Z06,Beverwaard,Blijdorp,1029,16267
Z05,Z07,Beverwaard,Blijdorpsepolder,1185,17892
Z05,Z08,Beverwaard,Bloemhof,699,6517
Z05,Z09,Beverwaard,Bospolder,1183,11708
Z05,Z10,Beverwaard,Carnisse,828,11169
Z05,Z11,Beverwaard,Charlois Zuidrand,812,13551
Z05,Z12,Beverwaard,Cool,895,10466
Z05,Z13,Beverwaard,Cs Kwartier,1116,12442
Z05,Z14,Beverwaard,De Esch,600,7526
Z05,Z15,Beverwaard,Delfshaven,1024,10439
Z05,Z16,Beverwaard,Dijkzigt,962,11135
Z05,Z17,Beverwaard,Feijenoord,717,6816
Z05,Z18,Beverwaard,Groot IJsselmonde,261,2331
Z05,Z19,Beverwaard,Heijplaat,997,16039
Z05,Z20,Beverwaard,Het Lage Land,752,10772
Z05,Z21,Beverwaard,Hillegersberg Noord,1058,16235
Z05,Z22,Beverwaard,Hillegersberg Zuid,1042,16670
Z05,Z23,Beverwaard,Hillesluis,609,6043
Z05,Z24,Beverwaard,Hoogvliet Noord,1033,18554
Z05,Z25,Beverwaard,Hoogvliet Zuid,1183,18825
Z05,Z26,Beverwaard,Katendrecht,854,7855
Z05,Z27,Beverwaard,Kleinpolder,1040,17253
Z05,Z28,Beverwaard,Kop van Zuid,744,7506
Z05,Z29,Beverwaard,Kop van Zuid - Entrepot,667,6766
Z05,Z30,Beverwaard,Kralingen Oost,662,8113
Z05,Z31,Beverwaard,Kralingen West,789,9677
Z05,Z32,Beverwaard,Kralingse Bos,898,10364
Z05,Z33,Beverwaard,Kralingseveer,613,7551
Z05,Z34,Beverwaard,Liskwartier,1052,16056
Z05,Z35,Beverwaard,Lombardijen,476,4580
Z05,Z36,Beverwaard,Middelland,1032,10610
Z05,Z37,Beverwaard,Molenlaankwartier,955,13066
Z05,Z38,Beverwaard,Nesselande,1217,16875
Z05,Z39,Beverwaard,Nieuw Crooswijk,983,12733
Z05,Z40,Beverwaard,Nieuwe Werk,956,9326
Z05,Z41,Beverwaard,Nieuwe Westen,1168,11309
Z05,Z42,Beverwaard,Noord Kethel,1512,23592
Z05,Z43,Beverwaard,Noordereiland,802,8002
Z05,Z44,Beverwaard,Ommoord,940,12924
Z05,Z45,Beverwaard,Oosterflank,914,13492
Z05,Z46,Beverwaard,Oud Charlois,879,8870
Z05,Z47,Beverwaard,Oud Crooswijk,894,10595
Z05,Z48,Beverwaard,Oud IJsselmonde,425,4135
Z05,Z49,Beverwaard,Oud Mathenesse,1213,19821
Z05,Z50,Beverwaard,Oude Noorden,1008,11610
Z05,Z51,Beverwaard,Oude Westen,1047,11886
Z05,Z52,Beverwaard,Overschie,1176,20600
Z05,Z53,Beverwaard,Pendrecht,822,8345
Z05,Z54,Beverwaard,Prinsenland,753,8896
Z05,Z55,Beverwaard,Provenierswijk,1059,16460
Z05,Z56,Beverwaard,Rubroek,914,10417
Z05,Z57,Beverwaard,Schiebroek,1112,17295
Z05,Z58,Beverwaard,Schiemond,1108,11017
Z05,Z59,Beverwaard,Schieveen,1206,20818
Z05,Z60,Beverwaard,Spangen,1276,12678
Z05,Z61,Beverwaard,Stadsdriehoek,812,9713
Z05,Z62,Beverwaard,Struisenburg,685,8432
Z05,Z63,Beverwaard,Tarwewijk,804,7838
Z05,Z64,Beverwaard,Terbregge,818,11534
Z05,Z65,Beverwaard,Tussendijken,1220,11935
Z05,Z66,Beverwaard,Vreewijk,621,6089
Z05,Z67,Beverwaard,Wielewaal,1060,15804
Z05,Z68,Beverwaard,Zestienhoven,1162,18162
Z05,Z69,Beverwaard,Zevenkamp,946,14042
Z05,Z70,Beverwaard,Zuiderpark,711,10179
Z05,Z71,Beverwaard,Zuidplein,775,10357
Z05,Z72,Beverwaard,Zuidwijk,661,6751
Z06,Z00,Blijdorp,'s-Gravenland,786,10731
Z06,Z01,Blijdorp,Afrikaanderwijk,694,6344
Z06,Z02,Blijdorp,Agniesebuurt,262,2053
Z06,Z03,Blijdorp,Bedrijvenpark Noord-West,474,5815
Z06,Z04,Blijdorp,Bergpolder,160,1249
Z06,Z05,Blijdorp,Beverwaard,1069,16183
Z06,Z06,Blijdorp,Blijdorp,94,0
Z06,Z07,Blijdorp,Blijdorpsepolder,330,2218
Z06,Z08,Blijdorp,Bloemhof,788,7529
Z06,Z09,Blijdorp,Bospolder,517,4271
Z06,Z10,Blijdorp,Carnisse,655,6218
Z06,Z11,Blijdorp,Charlois Zuidrand,911,8703
Z06,Z12,Blijdorp,Cool,412,3482
Z06,Z13,Blijdorp,Cs Kwartier,245,2081
Z06,Z14,Blijdorp,De Esch,717,11422
Z06,Z15,Blijdorp,Delfshaven,404,3783
Z06,Z16,Blijdorp,Dijkzigt,368,3404
Z06,Z17,Blijdorp,Feijenoord,779,6910
Z06,Z18,Blijdorp,Groot IJsselmonde,1002,15185
Z06,Z19,Blijdorp,Heijplaat,1141,11358
Z06,Z20,Blijdorp,Het Lage Land,745,8086
Z06,Z21,Blijdorp,Hillegersberg Noord,474,4642
Z06,Z22,Blijdorp,Hillegersberg Zuid,276,2612
Z06,Z23,Blijdorp,Hillesluis,776,7150
Z06,Z24,Blijdorp,Hoogvliet Noord,1048,17023
Z06,Z25,Blijdorp,Hoogvliet Zuid,1330,20418
Z06,Z26,Blijdorp,Katendrecht,786,6751
Z06,Z27,Blijdorp,Kleinpolder,259,2472
Z06,Z28,Blijdorp,Kop van Zuid,564,5063
Z06,Z29,Blijdorp,Kop van Zuid - Entrepot,684,6168
Z06,Z30,Blijdorp,Kralingen Oost,635,6153
Z06,Z31,Blijdorp,Kralingen West,497,4610
Z06,Z32,Blijdorp,Kralingse Bos,694,6462
Z06,Z33,Blijdorp,Kralingseveer,780,12118
Z06,Z34,Blijdorp,Liskwartier,256,1971
Z06,Z35,Blijdorp,Lombardijen,928,9380
Z06,Z36,Blijdorp,Middelland,300,2548
Z06,Z37,Blijdorp,Molenlaankwartier,582,5388
Z06,Z38,Blijdorp,Nesselande,1002,13374
Z06,Z39,Blijdorp,Nieuw Crooswijk,387,3919
Z06,Z40,Blijdorp,Nieuwe Werk,530,4736
Z06,Z41,Blijdorp,Nieuwe Westen,332,2229
Z06,Z42,Blijdorp,Noord Kethel,808,10077
Z06,Z43,Blijdorp,Noordereiland,608,5733
Z06,Z44,Blijdorp,Ommoord,781,11132
Z06,Z45,Blijdorp,Oosterflank,719,10112
Z06,Z46,Blijdorp,Oud Charlois,603,5834
Z06,Z47,Blijdorp,Oud Crooswijk,366,3370
Z06,Z48,Blijdorp,Oud IJsselmonde,800,13440
Z06,Z49,Blijdorp,Oud Mathenesse,482,4567
Z06,Z50,Blijdorp,Oude Noorden,296,2375
Z06,Z51,Blijdorp,Oude Westen,312,2592
Z06,Z52,Blijdorp,Overschie,430,3753
Z06,Z53,Blijdorp,Pendrecht,797,7873
Z06,Z54,Blijdorp,Prinsenland,828,10915
Z06,Z55,Blijdorp,Provenierswijk,209,1598
Z06,Z56,Blijdorp,Rubroek,422,3518
Z06,Z57,Blijdorp,Schiebroek,538,5326
Z06,Z58,Blijdorp,Schiemond,529,4822
Z06,Z59,Blijdorp,Schieveen,552,7167
Z06,Z60,Blijdorp,Spangen,440,2919
Z06,Z61,Blijdorp,Stadsdriehoek,530,4444
Z06,Z62,Blijdorp,Struisenburg,578,5341
Z06,Z63,Blijdorp,Tarwewijk,617,6079
Z06,Z64,Blijdorp,Terbregge,675,6446
Z06,Z65,Blijdorp,Tussendijken,434,2865
Z06,Z66,Blijdorp,Vreewijk,827,8083
Z06,Z67,Blijdorp,Wielewaal,838,7622
Z06,Z68,Blijdorp,Zestienhoven,464,4560
Z06,Z69,Blijdorp,Zevenkamp,724,10455
Z06,Z70,Blijdorp,Zuiderpark,807,8086
Z06,Z71,Blijdorp,Zuidplein,662,6465
Z06,Z72,Blijdorp,Zuidwijk,883,8834
Z07,Z00,Blijdorpsepolder,'s-Gravenland,928,12136
Z07,Z01,Blijdorpsepolder,Afrikaanderwijk,872,7828
Z07,Z02,Blijdorpsepolder,Agniesebuurt,482,3527
Z07,Z03,Blijdorpsepolder,Bedrijvenpark Noord-West,499,5007
Z07,Z04,Blijdorpsepolder,Bergpolder,344,2809
Z07,Z05,Blijdorpsepolder,Beverwaard,1201,17488
Z07,Z06,Blijdorpsepolder,Blijdorp,322,2060
Z07,Z07,Blijdorpsepolder,Blijdorpsepolder,68,0
Z07,Z08,Blijdorpsepolder,Bloemhof,943,8443
Z07,Z09,Blijdorpsepolder,Bospolder,475,3421
Z07,Z10,Blijdorpsepolder,Carnisse,816,7140
Z07,Z11,Blijdorpsepolder,Charlois Zuidrand,1077,9828
Z07,Z12,Blijdorpsepolder,Cool,593,5074
Z07,Z13,Blijdorpsepolder,Cs Kwartier,442,3182
Z07,Z14,Blijdorpsepolder,De Esch,852,12679
Z07,Z15,Blijdorpsepolder,Delfshaven,458,3668
Z07,Z16,Blijdorpsepolder,Dijkzigt,518,4320
Z07,Z17,Blijdorpsepolder,Feijenoord,957,7984
Z07,Z18,Blijdorpsepolder,Groot IJsselmonde,1134,16521
Z07,Z19,Blijdorpsepolder,Heijplaat,1334,12425
Z07,Z20,Blijdorpsepolder,Het Lage Land,877,9577
Z07,Z21,Blijdorpsepolder,Hillegersberg Noord,658,6717
Z07,Z22,Blijdorpsepolder,Hillegersberg Zuid,446,4035
Z07,Z23,Blijdorpsepolder,Hillesluis,948,8595
Z07,Z24,Blijdorpsepolder,Hoogvliet Noord,1158,15106
Z07,Z25,Blijdorpsepolder,Hoogvliet Zuid,1442,18500
Z07,Z26,Blijdorpsepolder,Katendrecht,950,8229
Z07,Z27,Blijdorpsepolder,Kleinpolder,272,1640
Z07,Z28,Blijdorpsepolder,Kop van Zuid,748,6621
Z07,Z29,Blijdorpsepolder,Kop van Zuid - Entrepot,865,7587
Z07,Z30,Blijdorpsepolder,Kralingen Oost,797,8229
Z07,Z31,Blijdorpsepolder,Kralingen West,680,6856
Z07,Z32,Blijdorpsepolder,Kralingse Bos,827,7798
Z07,Z33,Blijdorpsepolder,Kralingseveer,923,13418
Z07,Z34,Blijdorpsepolder,Liskwartier,442,3687
Z07,Z35,Blijdorpsepolder,Lombardijen,1099,10399
Z07,Z36,Blijdorpsepolder,Middelland,479,4028
Z07,Z37,Blijdorpsepolder,Molenlaankwartier,764,7738
Z07,Z38,Blijdorpsepolder,Nesselande,1145,14710
Z07,Z39,Blijdorpsepolder,Nieuw Crooswijk,519,5255
Z07,Z40,Blijdorpsepolder,Nieuwe Werk,670,5272
Z07,Z41,Blijdorpsepolder,Nieuwe Westen,394,2560
Z07,Z42,Blijdorpsepolder,Noord Kethel,909,7799
Z07,Z43,Blijdorpsepolder,Noordereiland,804,6894
Z07,Z44,Blijdorpsepolder,Ommoord,913,12496
Z07,Z45,Blijdorpsepolder,Oosterflank,850,11408
Z07,Z46,Blijdorpsepolder,Oud Charlois,766,6780
Z07,Z47,Blijdorpsepolder,Oud Crooswijk,565,5985
Z07,Z48,Blijdorpsepolder,Oud IJsselmonde,939,14774
Z07,Z49,Blijdorpsepolder,Oud Mathenesse,425,3238
Z07,Z50,Blijdorpsepolder,Oude Noorden,513,3880
Z07,Z51,Blijdorpsepolder,Oude Westen,530,3959
Z07,Z52,Blijdorpsepolder,Overschie,438,2921
Z07,Z53,Blijdorpsepolder,Pendrecht,952,8786
Z07,Z54,Blijdorpsepolder,Prinsenland,971,12094
Z07,Z55,Blijdorpsepolder,Provenierswijk,432,3094
Z07,Z56,Blijdorpsepolder,Rubroek,604,4968
Z07,Z57,Blijdorpsepolder,Schiebroek,697,6739
Z07,Z58,Blijdorpsepolder,Schiemond,581,4109
Z07,Z59,Blijdorpsepolder,Schieveen,570,6233
Z07,Z60,Blijdorpsepolder,Spangen,457,2940
Z07,Z61,Blijdorpsepolder,Stadsdriehoek,707,5572
Z07,Z62,Blijdorpsepolder,Struisenburg,754,6436
Z07,Z63,Blijdorpsepolder,Tarwewijk,793,6996
Z07,Z64,Blijdorpsepolder,Terbregge,810,8796
Z07,Z65,Blijdorpsepolder,Tussendijken,462,2887
Z07,Z66,Blijdorpsepolder,Vreewijk,984,9006
Z07,Z67,Blijdorpsepolder,Wielewaal,993,8536
Z07,Z68,Blijdorpsepolder,Zestienhoven,553,5488
Z07,Z69,Blijdorpsepolder,Zevenkamp,856,11727
Z07,Z70,Blijdorpsepolder,Zuiderpark,997,9310
Z07,Z71,Blijdorpsepolder,Zuidplein,824,7429
Z07,Z72,Blijdorpsepolder,Zuidwijk,1050,9967
Z08,Z00,Bloemhof,'s-Gravenland,906,10012
Z08,Z01,Bloemhof,Afrikaanderwijk,271,1700
Z08,Z02,Bloemhof,Agniesebuurt,679,5775
Z08,Z03,Bloemhof,Bedrijvenpark Noord-West,1107,12350
Z08,Z04,Bloemhof,Bergpolder,789,7101
Z08,Z05,Bloemhof,Beverwaard,707,6469
Z08,Z06,Bloemhof,Blijdorp,760,7129
Z08,Z07,Bloemhof,Blijdorpsepolder,965,8620
Z08,Z08,Bloemhof,Bloemhof,64,0
Z08,Z09,Bloemhof,Bospolder,761,6804
Z08,Z10,Bloemhof,Carnisse,307,2154
Z08,Z11,Bloemhof,Charlois Zuidrand,617,5162
Z08,Z12,Bloemhof,Cool,520,4635
Z08,Z13,Bloemhof,Cs Kwartier,672,6370
Z08,Z14,Bloemhof,De Esch,713,8160
Z08,Z15,Bloemhof,Delfshaven,611,5606
Z08,Z16,Bloemhof,Dijkzigt,566,5252
Z08,Z17,Bloemhof,Feijenoord,380,2810
Z08,Z18,Bloemhof,Groot IJsselmonde,602,5230
Z08,Z19,Bloemhof,Heijplaat,894,8290
Z08,Z20,Bloemhof,Het Lage Land,865,11452
Z08,Z21,Bloemhof,Hillegersberg Noord,1062,9803
Z08,Z22,Bloemhof,Hillegersberg Zuid,894,8327
Z08,Z23,Bloemhof,Hillesluis,178,1092
Z08,Z24,Bloemhof,Hoogvliet Noord,999,12295
Z08,Z25,Bloemhof,Hoogvliet Zuid,1137,12548
Z08,Z26,Bloemhof,Katendrecht,418,3097
Z08,Z27,Bloemhof,Kleinpolder,898,9020
Z08,Z28,Bloemhof,Kop van Zuid,368,3029
Z08,Z29,Bloemhof,Kop van Zuid - Entrepot,344,2593
Z08,Z30,Bloemhof,Kralingen Oost,767,8469
Z08,Z31,Bloemhof,Kralingen West,744,6780
Z08,Z32,Bloemhof,Kralingse Bos,995,8810
Z08,Z33,Bloemhof,Kralingseveer,726,8237
Z08,Z34,Bloemhof,Liskwartier,798,7045
Z08,Z35,Bloemhof,Lombardijen,406,3392
Z08,Z36,Bloemhof,Middelland,605,5719
Z08,Z37,Bloemhof,Molenlaankwartier,1062,13707
Z08,Z38,Bloemhof,Nesselande,1340,17639
Z08,Z39,Bloemhof,Nieuw Crooswijk,907,7936
Z08,Z40,Bloemhof,Nieuwe Werk,590,4962
Z08,Z41,Bloemhof,Nieuwe Westen,717,6418
Z08,Z42,Bloemhof,Noord Kethel,1395,14531
Z08,Z43,Bloemhof,Noordereiland,472,3882
Z08,Z44,Bloemhof,Ommoord,1053,13447
Z08,Z45,Bloemhof,Oosterflank,1027,14240
Z08,Z46,Bloemhof,Oud Charlois,392,2928
Z08,Z47,Bloemhof,Oud Crooswijk,751,7067
Z08,Z48,Bloemhof,Oud IJsselmonde,430,3801
Z08,Z49,Bloemhof,Oud Mathenesse,873,8400
Z08,Z50,Bloemhof,Oude Noorden,786,7201
Z08,Z51,Bloemhof,Oude Westen,633,5785
Z08,Z52,Bloemhof,Overschie,1077,10395
Z08,Z53,Bloemhof,Pendrecht,465,4034
Z08,Z54,Bloemhof,Prinsenland,898,9418
Z08,Z55,Bloemhof,Provenierswijk,758,6508
Z08,Z56,Bloemhof,Rubroek,680,6073
Z08,Z57,Bloemhof,Schiebroek,1152,11108
Z08,Z58,Bloemhof,Schiemond,675,6163
Z08,Z59,Bloemhof,Schieveen,1182,13304
Z08,Z60,Bloemhof,Spangen,845,7516
Z08,Z61,Bloemhof,Stadsdriehoek,540,4781
Z08,Z62,Bloemhof,Struisenburg,625,5707
Z08,Z63,Bloemhof,Tarwewijk,314,2295
Z08,Z64,Bloemhof,Terbregge,931,12267
Z08,Z65,Bloemhof,Tussendijken,787,7020
Z08,Z66,Bloemhof,Vreewijk,279,1802
Z08,Z67,Bloemhof,Wielewaal,628,4899
Z08,Z68,Bloemhof,Zestienhoven,1085,10412
Z08,Z69,Bloemhof,Zevenkamp,1043,14657
Z08,Z70,Bloemhof,Zuiderpark,389,3380
Z08,Z71,Bloemhof,Zuidplein,261,1737
Z08,Z72,Bloemhof,Zuidwijk,401,3532
Z09,Z00,Bospolder,'s-Gravenland,1001,9189
Z09,Z01,Bospolder,Afrikaanderwijk,634,5793
Z09,Z02,Bospolder,Agniesebuurt,588,5128
Z09,Z03,Bospolder,Bedrijvenpark Noord-West,564,5140
Z09,Z04,Bospolder,Bergpolder,541,6064
Z09,Z05,Bospolder,Beverwaard,1154,11489
Z09,Z06,Bospolder,Blijdorp,508,4454
Z09,Z07,Bospolder,Blijdorpsepolder,524,3669
Z09,Z08,Bospolder,Bloemhof,704,6460
Z09,Z09,Bospolder,Bospolder,50,0
Z09,Z10,Bospolder,Carnisse,576,5157
Z09,Z11,Bospolder,Charlois Zuidrand,857,7758
Z09,Z12,Bospolder,Cool,386,3231
Z09,Z13,Bospolder,Cs Kwartier,430,3678
Z09,Z14,Bospolder,De Esch,814,7700
Z09,Z15,Bospolder,Delfshaven,215,1684
Z09,Z16,Bospolder,Dijkzigt,320,2561
Z09,Z17,Bospolder,Feijenoord,718,6237
Z09,Z18,Bospolder,Groot IJsselmonde,1047,10093
Z09,Z19,Bospolder,Heijplaat,1092,10414
Z09,Z20,Bospolder,Het Lage Land,1068,12519
Z09,Z21,Bospolder,Hillegersberg Noord,859,9541
Z09,Z22,Bospolder,Hillegersberg Zuid,650,7142
Z09,Z23,Bospolder,Hillesluis,702,6544
Z09,Z24,Bospolder,Hoogvliet Noord,1012,14910
Z09,Z25,Bospolder,Hoogvliet Zuid,1296,18304
Z09,Z26,Bospolder,Katendrecht,709,6204
Z09,Z27,Bospolder,Kleinpolder,462,4248
Z09,Z28,Bospolder,Kop van Zuid,506,4506
Z09,Z29,Bospolder,Kop van Zuid - Entrepot,621,5687
Z09,Z30,Bospolder,Kralingen Oost,751,7052
Z09,Z31,Bospolder,Kralingen West,681,5969
Z09,Z32,Bospolder,Kralingse Bos,1018,9379
Z09,Z33,Bospolder,Kralingseveer,943,9349
Z09,Z34,Bospolder,Liskwartier,634,5461
Z09,Z35,Bospolder,Lombardijen,870,8416
Z09,Z36,Bospolder,Middelland,297,2438
Z09,Z37,Bospolder,Molenlaankwartier,955,10776
Z09,Z38,Bospolder,Nesselande,1351,17976
Z09,Z39,Bospolder,Nieuw Crooswijk,720,8478
Z09,Z40,Bospolder,Nieuwe Werk,429,3392
Z09,Z41,Bospolder,Nieuwe Westen,280,1760
Z09,Z42,Bospolder,Noord Kethel,783,7964
Z09,Z43,Bospolder,Noordereiland,601,5502
Z09,Z44,Bospolder,Ommoord,1114,15751
Z09,Z45,Bospolder,Oosterflank,1053,14715
Z09,Z46,Bospolder,Oud Charlois,526,4765
Z09,Z47,Bospolder,Oud Crooswijk,661,6156
Z09,Z48,Bospolder,Oud IJsselmonde,903,8739
Z09,Z49,Bospolder,Oud Mathenesse,255,1887
Z09,Z50,Bospolder,Oude Noorden,660,5724
Z09,Z51,Bospolder,Oude Westen,382,3055
Z09,Z52,Bospolder,Overschie,655,5682
Z09,Z53,Bospolder,Pendrecht,739,6899
Z09,Z54,Bospolder,Prinsenland,1126,10501
Z09,Z55,Bospolder,Provenierswijk,551,4687
Z09,Z56,Bospolder,Rubroek,582,5351
Z09,Z57,Bospolder,Schiebroek,903,10077
Z09,Z58,Bospolder,Schiemond,188,1151
Z09,Z59,Bospolder,Schieveen,787,9515
Z09,Z60,Bospolder,Spangen,234,1540
Z09,Z61,Bospolder,Stadsdriehoek,493,4426
Z09,Z62,Bospolder,Struisenburg,589,5390
Z09,Z63,Bospolder,Tarwewijk,558,5016
Z09,Z64,Bospolder,Terbregge,1008,10763
Z09,Z65,Bospolder,Tussendijken,126,686
Z09,Z66,Bospolder,Vreewijk,759,7139
Z09,Z67,Bospolder,Wielewaal,753,6552
Z09,Z68,Bospolder,Zestienhoven,770,8769
Z09,Z69,Bospolder,Zevenkamp,1056,14994
Z09,Z70,Bospolder,Zuiderpark,757,7224
Z09,Z71,Bospolder,Zuidplein,616,5446
Z09,Z72,Bospolder,Zuidwijk,814,7890
Z10,Z00,Carnisse,'s-Gravenland,1051,11468
Z10,Z01,Carnisse,Afrikaanderwijk,378,3118
Z10,Z02,Carnisse,Agniesebuurt,686,6435
Z10,Z03,Carnisse,Bedrijvenpark Noord-West,963,11035
Z10,Z04,Carnisse,Bergpolder,681,6637
Z10,Z05,Carnisse,Beverwaard,850,7934
Z10,Z06,Carnisse,Blijdorp,612,5854
Z10,Z07,Carnisse,Blijdorpsepolder,808,7120
Z10,Z08,Carnisse,Bloemhof,362,2550
Z10,Z09,Carnisse,Bospolder,604,5343
Z10,Z10,Carnisse,Carnisse,55,0
Z10,Z11,Carnisse,Charlois Zuidrand,440,3670
Z10,Z12,Carnisse,Cool,486,4554
Z10,Z13,Carnisse,Cs Kwartier,542,5002
Z10,Z14,Carnisse,De Esch,855,8536
Z10,Z15,Carnisse,Delfshaven,454,4111
Z10,Z16,Carnisse,Dijkzigt,410,3833
Z10,Z17,Carnisse,Feijenoord,558,5057
Z10,Z18,Carnisse,Groot IJsselmonde,712,6496
Z10,Z19,Carnisse,Heijplaat,693,6267
Z10,Z20,Carnisse,Het Lage Land,1008,12917
Z10,Z21,Carnisse,Hillegersberg Noord,994,9459
Z10,Z22,Carnisse,Hillegersberg Zuid,788,7863
Z10,Z23,Carnisse,Hillesluis,418,3736
Z10,Z24,Carnisse,Hoogvliet Noord,786,10187
Z10,Z25,Carnisse,Hoogvliet Zuid,931,10459
Z10,Z26,Carnisse,Katendrecht,492,3976
Z10,Z27,Carnisse,Kleinpolder,757,7615
Z10,Z28,Carnisse,Kop van Zuid,457,4022
Z10,Z29,Carnisse,Kop van Zuid - Entrepot,473,3878
Z10,Z30,Carnisse,Kralingen Oost,817,7996
Z10,Z31,Carnisse,Kralingen West,787,7131
Z10,Z32,Carnisse,Kralingse Bos,1108,9161
Z10,Z33,Carnisse,Kralingseveer,870,9702
Z10,Z34,Carnisse,Liskwartier,760,6888
Z10,Z35,Carnisse,Lombardijen,486,4210
Z10,Z36,Carnisse,Middelland,448,4220
Z10,Z37,Carnisse,Molenlaankwartier,1070,10113
Z10,Z38,Carnisse,Nesselande,1485,19104
Z10,Z39,Carnisse,Nieuw Crooswijk,880,9264
Z10,Z40,Carnisse,Nieuwe Werk,518,4462
Z10,Z41,Carnisse,Nieuwe Westen,584,4919
Z10,Z42,Carnisse,Noord Kethel,1256,13053
Z10,Z43,Carnisse,Noordereiland,581,5141
Z10,Z44,Carnisse,Ommoord,1196,14912
Z10,Z45,Carnisse,Oosterflank,1170,15705
Z10,Z46,Carnisse,Oud Charlois,189,1233
Z10,Z47,Carnisse,Oud Crooswijk,766,7448
Z10,Z48,Carnisse,Oud IJsselmonde,573,5266
Z10,Z49,Carnisse,Oud Mathenesse,732,6980
Z10,Z50,Carnisse,Oude Noorden,755,7030
Z10,Z51,Carnisse,Oude Westen,487,4286
Z10,Z52,Carnisse,Overschie,923,8896
Z10,Z53,Carnisse,Pendrecht,314,2629
Z10,Z54,Carnisse,Prinsenland,1041,10883
Z10,Z55,Carnisse,Provenierswijk,655,5959
Z10,Z56,Carnisse,Rubroek,686,6647
Z10,Z57,Carnisse,Schiebroek,1072,10842
Z10,Z58,Carnisse,Schiemond,538,4689
Z10,Z59,Carnisse,Schieveen,1026,12212
Z10,Z60,Carnisse,Spangen,693,6086
Z10,Z61,Carnisse,Stadsdriehoek,556,5241
Z10,Z62,Carnisse,Struisenburg,647,6137
Z10,Z63,Carnisse,Tarwewijk,196,1192
Z10,Z64,Carnisse,Terbregge,1074,13732
Z10,Z65,Carnisse,Tussendijken,646,5607
Z10,Z66,Carnisse,Vreewijk,361,2842
Z10,Z67,Carnisse,Wielewaal,353,2378
Z10,Z68,Carnisse,Zestienhoven,977,9947
Z10,Z69,Carnisse,Zevenkamp,1186,16122
Z10,Z70,Carnisse,Zuiderpark,356,3153
Z10,Z71,Carnisse,Zuidplein,194,1240
Z10,Z72,Carnisse,Zuidwijk,420,3810
Z11,Z00,Charlois Zuidrand,'s-Gravenland,1273,19824
Z11,Z01,Charlois Zuidrand,Afrikaanderwijk,669,6005
Z11,Z02,Charlois Zuidrand,Agniesebuurt,971,9264
Z11,Z03,Charlois Zuidrand,Bedrijvenpark Noord-West,1044,16760
Z11,Z04,Charlois Zuidrand,Bergpolder,966,9313
Z11,Z05,Charlois Zuidrand,Beverwaard,894,14365
Z11,Z06,Charlois Zuidrand,Blijdorp,903,8684
Z11,Z07,Charlois Zuidrand,Blijdorpsepolder,1073,17292
Z11,Z08,Charlois Zuidrand,Bloemhof,649,5449
Z11,Z09,Charlois Zuidrand,Bospolder,908,8163
Z11,Z10,Charlois Zuidrand,Carnisse,464,3754
Z11,Z11,Charlois Zuidrand,Charlois Zuidrand,101,0
Z11,Z12,Charlois Zuidrand,Cool,771,7370
Z11,Z13,Charlois Zuidrand,Cs Kwartier,824,7833
Z11,Z14,Charlois Zuidrand,De Esch,1109,18748
Z11,Z15,Charlois Zuidrand,Delfshaven,742,6940
Z11,Z16,Charlois Zuidrand,Dijkzigt,695,6652
Z11,Z17,Charlois Zuidrand,Feijenoord,865,7906
Z11,Z18,Charlois Zuidrand,Groot IJsselmonde,843,8127
Z11,Z19,Charlois Zuidrand,Heijplaat,650,5687
Z11,Z20,Charlois Zuidrand,Het Lage Land,1219,21624
Z11,Z21,Charlois Zuidrand,Hillegersberg Noord,1253,12288
Z11,Z22,Charlois Zuidrand,Hillegersberg Zuid,1083,10692
Z11,Z23,Charlois Zuidrand,Hillesluis,706,6601
Z11,Z24,Charlois Zuidrand,Hoogvliet Noord,601,8174
Z11,Z25,Charlois Zuidrand,Hoogvliet Zuid,755,8431
Z11,Z26,Charlois Zuidrand,Katendrecht,780,6864
Z11,Z27,Charlois Zuidrand,Kleinpolder,990,17486
Z11,Z28,Charlois Zuidrand,Kop van Zuid,732,6820
Z11,Z29,Charlois Zuidrand,Kop van Zuid - Entrepot,778,6877
Z11,Z30,Charlois Zuidrand,Kralingen Oost,1102,10682
Z11,Z31,Charlois Zuidrand,Kralingen West,1048,9960
Z11,Z32,Charlois Zuidrand,Kralingse Bos,1362,11990
Z11,Z33,Charlois Zuidrand,Kralingseveer,1111,18819
Z11,Z34,Charlois Zuidrand,Liskwartier,1020,9668
Z11,Z35,Charlois Zuidrand,Lombardijen,588,5311
Z11,Z36,Charlois Zuidrand,Middelland,749,7049
Z11,Z37,Charlois Zuidrand,Molenlaankwartier,1355,12942
Z11,Z38,Charlois Zuidrand,Nesselande,1670,27770
Z11,Z39,Charlois Zuidrand,Nieuw Crooswijk,1164,11800
Z11,Z40,Charlois Zuidrand,Nieuwe Werk,800,7292
Z11,Z41,Charlois Zuidrand,Nieuwe Westen,856,7725
Z11,Z42,Charlois Zuidrand,Noord Kethel,1116,16259
Z11,Z43,Charlois Zuidrand,Noordereiland,860,8028
Z11,Z44,Charlois Zuidrand,Ommoord,1415,23738
Z11,Z45,Charlois Zuidrand,Oosterflank,1380,24387
Z11,Z46,Charlois Zuidrand,Oud Charlois,460,3782
Z11,Z47,Charlois Zuidrand,Oud Crooswijk,1051,10113
Z11,Z48,Charlois Zuidrand,Oud IJsselmonde,868,8068
Z11,Z49,Charlois Zuidrand,Oud Mathenesse,927,16171
Z11,Z50,Charlois Zuidrand,Oude Noorden,1042,9860
Z11,Z51,Charlois Zuidrand,Oude Westen,763,7079
Z11,Z52,Charlois Zuidrand,Overschie,1135,17175
Z11,Z53,Charlois Zuidrand,Pendrecht,192,1281
Z11,Z54,Charlois Zuidrand,Prinsenland,1277,20000
Z11,Z55,Charlois Zuidrand,Provenierswijk,940,8751
Z11,Z56,Charlois Zuidrand,Rubroek,971,9308
Z11,Z57,Charlois Zuidrand,Schiebroek,1331,13362
Z11,Z58,Charlois Zuidrand,Schiemond,823,7518
Z11,Z59,Charlois Zuidrand,Schieveen,1319,21621
Z11,Z60,Charlois Zuidrand,Spangen,971,8911
Z11,Z61,Charlois Zuidrand,Stadsdriehoek,842,8070
Z11,Z62,Charlois Zuidrand,Struisenburg,926,8905
Z11,Z63,Charlois Zuidrand,Tarwewijk,528,4526
Z11,Z64,Charlois Zuidrand,Terbregge,1276,22349
Z11,Z65,Charlois Zuidrand,Tussendijken,936,8437
Z11,Z66,Charlois Zuidrand,Vreewijk,544,4804
Z11,Z67,Charlois Zuidrand,Wielewaal,520,3936
Z11,Z68,Charlois Zuidrand,Zestienhoven,1234,12777
Z11,Z69,Charlois Zuidrand,Zevenkamp,1400,24875
Z11,Z70,Charlois Zuidrand,Zuiderpark,392,3053
Z11,Z71,Charlois Zuidrand,Zuidplein,553,4522
Z11,Z72,Charlois Zuidrand,Zuidwijk,356,2931
Z12,Z00,Cool,'s-Gravenland,665,6198
Z12,Z01,Cool,Afrikaanderwijk,365,3328
Z12,Z02,Cool,Agniesebuurt,260,1900
Z12,Z03,Cool,Bedrijvenpark Noord-West,730,8515
Z12,Z04,Cool,Bergpolder,354,3113
Z12,Z05,Cool,Beverwaard,885,9102
Z12,Z06,Cool,Blijdorp,343,3029
Z12,Z07,Cool,Blijdorpsepolder,585,4955
Z12,Z08,Cool,Bloemhof,432,3896
Z12,Z09,Cool,Bospolder,418,3208
Z12,Z10,Cool,Carnisse,497,4638
Z12,Z11,Cool,Charlois Zuidrand,774,7291
Z12,Z12,Cool,Cool,56,0
Z12,Z13,Cool,Cs Kwartier,259,1909
Z12,Z14,Cool,De Esch,494,4821
Z12,Z15,Cool,Delfshaven,259,2370
Z12,Z16,Cool,Dijkzigt,136,1084
Z12,Z17,Cool,Feijenoord,427,3613
Z12,Z18,Cool,Groot IJsselmonde,780,7557
Z12,Z19,Cool,Heijplaat,1016,9922
Z12,Z20,Cool,Het Lage Land,724,7262
Z12,Z21,Cool,Hillegersberg Noord,626,5815
Z12,Z22,Cool,Hillegersberg Zuid,460,4338
Z12,Z23,Cool,Hillesluis,436,4133
Z12,Z24,Cool,Hoogvliet Noord,1109,13842
Z12,Z25,Cool,Hoogvliet Zuid,1254,14162
Z12,Z26,Cool,Katendrecht,427,3693
Z12,Z27,Cool,Kleinpolder,526,5095
Z12,Z28,Cool,Kop van Zuid,235,2085
Z12,Z29,Cool,Kop van Zuid - Entrepot,342,3200
Z12,Z30,Cool,Kralingen Oost,420,4101
Z12,Z31,Cool,Kralingen West,352,2925
Z12,Z32,Cool,Kralingse Bos,674,5000
Z12,Z33,Cool,Kralingseveer,628,6466
Z12,Z34,Cool,Liskwartier,386,3244
Z12,Z35,Cool,Lombardijen,698,6852
Z12,Z36,Cool,Middelland,232,1691
Z12,Z37,Cool,Molenlaankwartier,698,6469
Z12,Z38,Cool,Nesselande,1207,15238
Z12,Z39,Cool,Nieuw Crooswijk,491,4081
Z12,Z40,Cool,Nieuwe Werk,269,2000
Z12,Z41,Cool,Nieuwe Westen,346,2390
Z12,Z42,Cool,Noord Kethel,1005,11941
Z12,Z43,Cool,Noordereiland,286,2570
Z12,Z44,Cool,Ommoord,849,8620
Z12,Z45,Cool,Oosterflank,894,9007
Z12,Z46,Cool,Oud Charlois,452,4260
Z12,Z47,Cool,Oud Crooswijk,333,2799
Z12,Z48,Cool,Oud IJsselmonde,637,6372
Z12,Z49,Cool,Oud Mathenesse,546,5413
Z12,Z50,Cool,Oude Noorden,364,3105
Z12,Z51,Cool,Oude Westen,202,1475
Z12,Z52,Cool,Overschie,692,6376
Z12,Z53,Cool,Pendrecht,648,6332
Z12,Z54,Cool,Prinsenland,806,7009
Z12,Z55,Cool,Provenierswijk,339,2520
Z12,Z56,Cool,Rubroek,259,2088
Z12,Z57,Cool,Schiebroek,743,7308
Z12,Z58,Cool,Schiemond,379,3360
Z12,Z59,Cool,Schieveen,788,9316
Z12,Z60,Cool,Spangen,482,4076
Z12,Z61,Cool,Stadsdriehoek,159,1386
Z12,Z62,Cool,Struisenburg,269,2446
Z12,Z63,Cool,Tarwewijk,463,4376
Z12,Z64,Cool,Terbregge,707,7115
Z12,Z65,Cool,Tussendijken,449,3462
Z12,Z66,Cool,Vreewijk,593,5627
Z12,Z67,Cool,Wielewaal,675,6033
Z12,Z68,Cool,Zestienhoven,650,6423
Z12,Z69,Cool,Zevenkamp,910,12255
Z12,Z70,Cool,Zuiderpark,651,6638
Z12,Z71,Cool,Zuidplein,525,4926
Z12,Z72,Cool,Zuidwijk,674,6812
Z13,Z00,Cs Kwartier,'s-Gravenland,837,7186
Z13,Z01,Cs Kwartier,Afrikaanderwijk,590,4928
Z13,Z02,Cs Kwartier,Agniesebuurt,294,2116
Z13,Z03,Cs Kwartier,Bedrijvenpark Noord-West,612,7113
Z13,Z04,Cs Kwartier,Bergpolder,326,2714
Z13,Z05,Cs Kwartier,Beverwaard,1089,11986
Z13,Z06,Cs Kwartier,Blijdorp,269,1932
Z13,Z07,Cs Kwartier,Blijdorpsepolder,476,3438
Z13,Z08,Cs Kwartier,Bloemhof,661,5502
Z13,Z09,Cs Kwartier,Bospolder,514,3656
Z13,Z10,Cs Kwartier,Carnisse,586,5290
Z13,Z11,Cs Kwartier,Charlois Zuidrand,864,7914
Z13,Z12,Cs Kwartier,Cool,334,2333
Z13,Z13,Cs Kwartier,Cs Kwartier,46,0
Z13,Z14,Cs Kwartier,De Esch,670,6299
Z13,Z15,Cs Kwartier,Delfshaven,350,2943
Z13,Z16,Cs Kwartier,Dijkzigt,293,2452
Z13,Z17,Cs Kwartier,Feijenoord,647,5421
Z13,Z18,Cs Kwartier,Groot IJsselmonde,975,9513
Z13,Z19,Cs Kwartier,Heijplaat,1101,10496
Z13,Z20,Cs Kwartier,Het Lage Land,764,7828
Z13,Z21,Cs Kwartier,Hillegersberg Noord,638,5536
Z13,Z22,Cs Kwartier,Hillegersberg Zuid,455,3940
Z13,Z23,Cs Kwartier,Hillesluis,669,5734
Z13,Z24,Cs Kwartier,Hoogvliet Noord,1195,14416
Z13,Z25,Cs Kwartier,Hoogvliet Zuid,1339,14802
Z13,Z26,Cs Kwartier,Katendrecht,653,5299
Z13,Z27,Cs Kwartier,Kleinpolder,402,3692
Z13,Z28,Cs Kwartier,Kop van Zuid,460,3691
Z13,Z29,Cs Kwartier,Kop van Zuid - Entrepot,575,4845
Z13,Z30,Cs Kwartier,Kralingen Oost,588,5093
Z13,Z31,Cs Kwartier,Kralingen West,453,3647
Z13,Z32,Cs Kwartier,Kralingse Bos,723,6048
Z13,Z33,Cs Kwartier,Kralingseveer,808,7931
Z13,Z34,Cs Kwartier,Liskwartier,404,2965
Z13,Z35,Cs Kwartier,Lombardijen,877,8470
Z13,Z36,Cs Kwartier,Middelland,253,1737
Z13,Z37,Cs Kwartier,Molenlaankwartier,715,6190
Z13,Z38,Cs Kwartier,Nesselande,1180,14839
Z13,Z39,Cs Kwartier,Nieuw Crooswijk,524,4646
Z13,Z40,Cs Kwartier,Nieuwe Werk,481,3841
Z13,Z41,Cs Kwartier,Nieuwe Westen,325,2164
Z13,Z42,Cs Kwartier,Noord Kethel,983,11543
Z13,Z43,Cs Kwartier,Noordereiland,504,4370
Z13,Z44,Cs Kwartier,Ommoord,901,12032
Z13,Z45,Cs Kwartier,Oosterflank,885,11578
Z13,Z46,Cs Kwartier,Oud Charlois,548,4929
Z13,Z47,Cs Kwartier,Oud Crooswijk,370,3110
Z13,Z48,Cs Kwartier,Oud IJsselmonde,837,9273
Z13,Z49,Cs Kwartier,Oud Mathenesse,521,3956
Z13,Z50,Cs Kwartier,Oude Noorden,390,2991
Z13,Z51,Cs Kwartier,Oude Westen,258,1446
Z13,Z52,Cs Kwartier,Overschie,570,4973
Z13,Z53,Cs Kwartier,Pendrecht,738,6916
Z13,Z54,Cs Kwartier,Prinsenland,921,8002
Z13,Z55,Cs Kwartier,Provenierswijk,307,2090
Z13,Z56,Cs Kwartier,Rubroek,305,2445
Z13,Z57,Cs Kwartier,Schiebroek,716,6921
Z13,Z58,Cs Kwartier,Schiemond,476,3947
Z13,Z59,Cs Kwartier,Schieveen,690,8290
Z13,Z60,Cs Kwartier,Spangen,459,2834
Z13,Z61,Cs Kwartier,Stadsdriehoek,396,3028
Z13,Z62,Cs Kwartier,Struisenburg,449,3924
Z13,Z63,Cs Kwartier,Tarwewijk,569,5128
Z13,Z64,Cs Kwartier,Terbregge,747,7681
Z13,Z65,Cs Kwartier,Tussendijken,439,2747
Z13,Z66,Cs Kwartier,Vreewijk,758,7156
Z13,Z67,Cs Kwartier,Wielewaal,760,6631
Z13,Z68,Cs Kwartier,Zestienhoven,622,6025
Z13,Z69,Cs Kwartier,Zevenkamp,882,11856
Z13,Z70,Cs Kwartier,Zuiderpark,764,7381
Z13,Z71,Cs Kwartier,Zuidplein,614,5538
Z13,Z72,Cs Kwartier,Zuidwijk,826,8038
Z14,Z00,De Esch,'s-Gravenland,388,3508
Z14,Z01,De Esch,Afrikaanderwijk,605,7235
Z14,Z02,De Esch,Agniesebuurt,610,5561
Z14,Z03,De Esch,Bedrijvenpark Noord-West,949,16879
Z14,Z04,De Esch,Bergpolder,658,11037
Z14,Z05,De Esch,Beverwaard,608,7426
Z14,Z06,De Esch,Blijdorp,693,6685
Z14,Z07,De Esch,Blijdorpsepolder,904,13651
Z14,Z08,De Esch,Bloemhof,636,7353
Z14,Z09,De Esch,Bospolder,885,8086
Z14,Z10,De Esch,Carnisse,766,8748
Z14,Z11,De Esch,Charlois Zuidrand,960,16902
Z14,Z12,De Esch,Cool,518,5151
Z14,Z13,De Esch,Cs Kwartier,720,6829
Z14,Z14,De Esch,De Esch,112,0
Z14,Z15,De Esch,Delfshaven,709,7009
Z14,Z16,De Esch,Dijkzigt,585,5838
Z14,Z17,De Esch,Feijenoord,673,7131
Z14,Z18,De Esch,Groot IJsselmonde,536,6460
Z14,Z19,De Esch,Heijplaat,1134,19344
Z14,Z20,De Esch,Het Lage Land,483,6521
Z14,Z21,De Esch,Hillegersberg Noord,780,12026
Z14,Z22,De Esch,Hillegersberg Zuid,774,12167
Z14,Z23,De Esch,Hillesluis,564,6842
Z14,Z24,De Esch,Hoogvliet Noord,1167,21925
Z14,Z25,De Esch,Hoogvliet Zuid,1323,22202
Z14,Z26,De Esch,Katendrecht,795,7352
Z14,Z27,De Esch,Kleinpolder,762,13021
Z14,Z28,De Esch,Kop van Zuid,583,5692
Z14,Z29,De Esch,Kop van Zuid - Entrepot,596,7161
Z14,Z30,De Esch,Kralingen Oost,258,2456
Z14,Z31,De Esch,Kralingen West,402,4037
Z14,Z32,De Esch,Kralingse Bos,559,4846
Z14,Z33,De Esch,Kralingseveer,248,2153
Z14,Z34,De Esch,Liskwartier,686,7008
Z14,Z35,De Esch,Lombardijen,644,7497
Z14,Z36,De Esch,Middelland,702,6476
Z14,Z37,De Esch,Molenlaankwartier,682,8843
Z14,Z38,De Esch,Nesselande,939,12666
Z14,Z39,De Esch,Nieuw Crooswijk,643,6091
Z14,Z40,De Esch,Nieuwe Werk,647,5896
Z14,Z41,De Esch,Nieuwe Westen,795,7189
Z14,Z42,De Esch,Noord Kethel,1234,19365
Z14,Z43,De Esch,Noordereiland,548,5341
Z14,Z44,De Esch,Ommoord,692,8583
Z14,Z45,De Esch,Oosterflank,644,9284
Z14,Z46,De Esch,Oud Charlois,833,9669
Z14,Z47,De Esch,Oud Crooswijk,502,5137
Z14,Z48,De Esch,Oud IJsselmonde,341,4594
Z14,Z49,De Esch,Oud Mathenesse,934,15597
Z14,Z50,De Esch,Oude Noorden,624,6323
Z14,Z51,De Esch,Oude Westen,654,6125
Z14,Z52,De Esch,Overschie,919,16377
Z14,Z53,De Esch,Pendrecht,926,10520
Z14,Z54,De Esch,Prinsenland,507,4554
Z14,Z55,De Esch,Provenierswijk,689,6181
Z14,Z56,De Esch,Rubroek,518,4808
Z14,Z57,De Esch,Schiebroek,852,12918
Z14,Z58,De Esch,Schiemond,776,7540
Z14,Z59,De Esch,Schieveen,926,16594
Z14,Z60,De Esch,Spangen,930,8835
Z14,Z61,De Esch,Stadsdriehoek,425,4012
Z14,Z62,De Esch,Struisenburg,322,2827
Z14,Z63,De Esch,Tarwewijk,750,8620
Z14,Z64,De Esch,Terbregge,541,7208
Z14,Z65,De Esch,Tussendijken,898,8260
Z14,Z66,De Esch,Vreewijk,625,7099
Z14,Z67,De Esch,Wielewaal,1056,11456
Z14,Z68,De Esch,Zestienhoven,888,13939
Z14,Z69,De Esch,Zevenkamp,665,9793
Z14,Z70,De Esch,Zuiderpark,787,8781
Z14,Z71,De Esch,Zuidplein,746,8325
Z14,Z72,De Esch,Zuidwijk,805,8900
Z15,Z00,Delfshaven,'s-Gravenland,863,8546
Z15,Z01,Delfshaven,Afrikaanderwijk,485,4509
Z15,Z02,Delfshaven,Agniesebuurt,481,4439
Z15,Z03,Delfshaven,Bedrijvenpark Noord-West,668,6259
Z15,Z04,Delfshaven,Bergpolder,480,4641
Z15,Z05,Delfshaven,Beverwaard,1021,10403
Z15,Z06,Delfshaven,Blijdorp,418,3875
Z15,Z07,Delfshaven,Blijdorpsepolder,500,4046
Z15,Z08,Delfshaven,Bloemhof,546,5142
Z15,Z09,Delfshaven,Bospolder,225,1615
Z15,Z10,Delfshaven,Carnisse,418,3795
Z15,Z11,Delfshaven,Charlois Zuidrand,708,6460
Z15,Z12,Delfshaven,Cool,283,2558
Z15,Z13,Delfshaven,Cs Kwartier,337,3008
Z15,Z14,Delfshaven,De Esch,666,6628
Z15,Z15,Delfshaven,Delfshaven,53,0
Z15,Z16,Delfshaven,Dijkzigt,200,1827
Z15,Z17,Delfshaven,Feijenoord,568,4987
Z15,Z18,Delfshaven,Groot IJsselmonde,897,8932
Z15,Z19,Delfshaven,Heijplaat,943,9110
Z15,Z20,Delfshaven,Het Lage Land,957,9526
Z15,Z21,Delfshaven,Hillegersberg Noord,769,7463
Z15,Z22,Delfshaven,Hillegersberg Zuid,599,5988
Z15,Z23,Delfshaven,Hillesluis,553,5260
Z15,Z24,Delfshaven,Hoogvliet Noord,1039,13098
Z15,Z25,Delfshaven,Hoogvliet Zuid,1186,13330
Z15,Z26,Delfshaven,Katendrecht,576,5067
Z15,Z27,Delfshaven,Kleinpolder,505,4952
Z15,Z28,Delfshaven,Kop van Zuid,357,3221
Z15,Z29,Delfshaven,Kop van Zuid - Entrepot,470,4548
Z15,Z30,Delfshaven,Kralingen Oost,632,6135
Z15,Z31,Delfshaven,Kralingen West,576,5158
Z15,Z32,Delfshaven,Kralingse Bos,896,7188
Z15,Z33,Delfshaven,Kralingseveer,806,8241
Z15,Z34,Delfshaven,Liskwartier,542,4892
Z15,Z35,Delfshaven,Lombardijen,712,7113
Z15,Z36,Delfshaven,Middelland,202,1790
Z15,Z37,Delfshaven,Molenlaankwartier,873,8168
Z15,Z38,Delfshaven,Nesselande,1311,16766
Z15,Z39,Delfshaven,Nieuw Crooswijk,675,7165
Z15,Z40,Delfshaven,Nieuwe Werk,289,2215
Z15,Z41,Delfshaven,Nieuwe Westen,282,1887
Z15,Z42,Delfshaven,Noord Kethel,888,9056
Z15,Z43,Delfshaven,Noordereiland,464,4315
Z15,Z44,Delfshaven,Ommoord,1064,13959
Z15,Z45,Delfshaven,Oosterflank,1027,13504
Z15,Z46,Delfshaven,Oud Charlois,377,3429
Z15,Z47,Delfshaven,Oud Crooswijk,560,5452
Z15,Z48,Delfshaven,Oud IJsselmonde,754,7553
Z15,Z49,Delfshaven,Oud Mathenesse,363,2978
Z15,Z50,Delfshaven,Oude Noorden,552,5034
Z15,Z51,Delfshaven,Oude Westen,282,2290
Z15,Z52,Delfshaven,Overschie,691,6233
Z15,Z53,Delfshaven,Pendrecht,600,5772
Z15,Z54,Delfshaven,Prinsenland,991,9780
Z15,Z55,Delfshaven,Provenierswijk,450,3980
Z15,Z56,Delfshaven,Rubroek,481,4651
Z15,Z57,Delfshaven,Schiebroek,847,8726
Z15,Z58,Delfshaven,Schiemond,200,1411
Z15,Z59,Delfshaven,Schieveen,839,9545
Z15,Z60,Delfshaven,Spangen,329,2331
Z15,Z61,Delfshaven,Stadsdriehoek,356,3313
Z15,Z62,Delfshaven,Struisenburg,442,4215
Z15,Z63,Delfshaven,Tarwewijk,400,3628
Z15,Z64,Delfshaven,Terbregge,931,9348
Z15,Z65,Delfshaven,Tussendijken,237,1720
Z15,Z66,Delfshaven,Vreewijk,626,5870
Z15,Z67,Delfshaven,Wielewaal,596,5131
Z15,Z68,Delfshaven,Zestienhoven,767,7952
Z15,Z69,Delfshaven,Zevenkamp,1036,13805
Z15,Z70,Delfshaven,Zuiderpark,609,5901
Z15,Z71,Delfshaven,Zuidplein,483,4067
Z15,Z72,Delfshaven,Zuidwijk,656,6611
Z16,Z00,Dijkzigt,'s-Gravenland,737,6954
Z16,Z01,Dijkzigt,Afrikaanderwijk,416,4083
Z16,Z02,Dijkzigt,Agniesebuurt,350,2763
Z16,Z03,Dijkzigt,Bedrijvenpark Noord-West,685,8263
Z16,Z04,Dijkzigt,Bergpolder,399,3889
Z16,Z05,Dijkzigt,Beverwaard,956,9869
Z16,Z06,Dijkzigt,Blijdorp,330,3106
Z16,Z07,Dijkzigt,Blijdorpsepolder,517,4372
Z16,Z08,Dijkzigt,Bloemhof,503,4645
Z16,Z09,Dijkzigt,Bospolder,335,2458
Z16,Z10,Dijkzigt,Carnisse,430,3956
Z16,Z11,Dijkzigt,Charlois Zuidrand,692,6637
Z16,Z12,Dijkzigt,Cool,114,1016
Z16,Z13,Dijkzigt,Cs Kwartier,260,2219
Z16,Z14,Dijkzigt,De Esch,552,5563
Z16,Z15,Dijkzigt,Delfshaven,192,1667
Z16,Z16,Dijkzigt,Dijkzigt,52,0
Z16,Z17,Dijkzigt,Feijenoord,498,4379
Z16,Z18,Dijkzigt,Groot IJsselmonde,831,8312
Z16,Z19,Dijkzigt,Heijplaat,948,9219
Z16,Z20,Dijkzigt,Het Lage Land,795,8028
Z16,Z21,Dijkzigt,Hillegersberg Noord,715,6650
Z16,Z22,Dijkzigt,Hillegersberg Zuid,504,5114
Z16,Z23,Dijkzigt,Hillesluis,496,4888
Z16,Z24,Dijkzigt,Hoogvliet Noord,1042,13139
Z16,Z25,Dijkzigt,Hoogvliet Zuid,1187,13468
Z16,Z26,Dijkzigt,Katendrecht,493,4459
Z16,Z27,Dijkzigt,Kleinpolder,475,4867
Z16,Z28,Dijkzigt,Kop van Zuid,292,2852
Z16,Z29,Dijkzigt,Kop van Zuid - Entrepot,412,3942
Z16,Z30,Dijkzigt,Kralingen Oost,485,4867
Z16,Z31,Dijkzigt,Kralingen West,423,3691
Z16,Z32,Dijkzigt,Kralingse Bos,744,5766
Z16,Z33,Dijkzigt,Kralingseveer,703,7212
Z16,Z34,Dijkzigt,Liskwartier,477,4067
Z16,Z35,Dijkzigt,Lombardijen,724,7194
Z16,Z36,Dijkzigt,Middelland,153,1249
Z16,Z37,Dijkzigt,Molenlaankwartier,787,7304
Z16,Z38,Dijkzigt,Nesselande,1256,16013
Z16,Z39,Dijkzigt,Nieuw Crooswijk,561,4847
Z16,Z40,Dijkzigt,Nieuwe Werk,288,2114
Z16,Z41,Dijkzigt,Nieuwe Westen,280,1830
Z16,Z42,Dijkzigt,Noord Kethel,973,10495
Z16,Z43,Dijkzigt,Noordereiland,354,3311
Z16,Z44,Dijkzigt,Ommoord,920,9386
Z16,Z45,Dijkzigt,Oosterflank,942,12691
Z16,Z46,Dijkzigt,Oud Charlois,376,3612
Z16,Z47,Dijkzigt,Oud Crooswijk,410,3978
Z16,Z48,Dijkzigt,Oud IJsselmonde,702,7138
Z16,Z49,Dijkzigt,Oud Mathenesse,478,4712
Z16,Z50,Dijkzigt,Oude Noorden,445,4104
Z16,Z51,Dijkzigt,Oude Westen,136,921
Z16,Z52,Dijkzigt,Overschie,641,6148
Z16,Z53,Dijkzigt,Pendrecht,567,5582
Z16,Z54,Dijkzigt,Prinsenland,881,7775
Z16,Z55,Dijkzigt,Provenierswijk,373,3207
Z16,Z56,Dijkzigt,Rubroek,340,2988
Z16,Z57,Dijkzigt,Schiebroek,792,8060
Z16,Z58,Dijkzigt,Schiemond,312,2657
Z16,Z59,Dijkzigt,Schieveen,744,9464
Z16,Z60,Dijkzigt,Spangen,402,3335
Z16,Z61,Dijkzigt,Stadsdriehoek,229,2152
Z16,Z62,Dijkzigt,Struisenburg,344,3188
Z16,Z63,Dijkzigt,Tarwewijk,412,3816
Z16,Z64,Dijkzigt,Terbregge,777,7881
Z16,Z65,Dijkzigt,Tussendijken,381,2748
Z16,Z66,Dijkzigt,Vreewijk,598,5822
Z16,Z67,Dijkzigt,Wielewaal,609,5330
Z16,Z68,Dijkzigt,Zestienhoven,695,7199
Z16,Z69,Dijkzigt,Zevenkamp,955,13031
Z16,Z70,Dijkzigt,Zuiderpark,611,6105
Z16,Z71,Dijkzigt,Zuidplein,432,4223
Z16,Z72,Dijkzigt,Zuidwijk,668,6761
Z17,Z00,Feijenoord,'s-Gravenland,861,7675
Z17,Z01,Feijenoord,Afrikaanderwijk,229,1469
Z17,Z02,Feijenoord,Agniesebuurt,577,4852
Z17,Z03,Feijenoord,Bedrijvenpark Noord-West,1044,11467
Z17,Z04,Feijenoord,Bergpolder,671,6064
Z17,Z05,Feijenoord,Beverwaard,692,6719
Z17,Z06,Feijenoord,Blijdorp,660,5985
Z17,Z07,Feijenoord,Blijdorpsepolder,917,7793
Z17,Z08,Feijenoord,Bloemhof,380,3041
Z17,Z09,Feijenoord,Bospolder,727,6413
Z17,Z10,Feijenoord,Carnisse,545,4837
Z17,Z11,Feijenoord,Charlois Zuidrand,831,7879
Z17,Z12,Feijenoord,Cool,440,3684
Z17,Z13,Feijenoord,Cs Kwartier,643,5394
Z17,Z14,Feijenoord,De Esch,658,6213
Z17,Z15,Feijenoord,Delfshaven,576,5219
Z17,Z16,Feijenoord,Dijkzigt,499,4385
Z17,Z17,Feijenoord,Feijenoord,72,0
Z17,Z18,Feijenoord,Groot IJsselmonde,578,5323
Z17,Z19,Feijenoord,Heijplaat,1083,10514
Z17,Z20,Feijenoord,Het Lage Land,881,11606
Z17,Z21,Feijenoord,Hillegersberg Noord,886,8209
Z17,Z22,Feijenoord,Hillegersberg Zuid,773,7151
Z17,Z23,Feijenoord,Hillesluis,245,1957
Z17,Z24,Feijenoord,Hoogvliet Noord,1181,14380
Z17,Z25,Feijenoord,Hoogvliet Zuid,1326,14639
Z17,Z26,Feijenoord,Katendrecht,398,2590
Z17,Z27,Feijenoord,Kleinpolder,843,8046
Z17,Z28,Feijenoord,Kop van Zuid,297,2286
Z17,Z29,Feijenoord,Kop van Zuid - Entrepot,152,908
Z17,Z30,Feijenoord,Kralingen Oost,620,5679
Z17,Z31,Feijenoord,Kralingen West,568,4633
Z17,Z32,Feijenoord,Kralingse Bos,890,6708
Z17,Z33,Feijenoord,Kralingseveer,739,8352
Z17,Z34,Feijenoord,Liskwartier,667,5899
Z17,Z35,Feijenoord,Lombardijen,547,4797
Z17,Z36,Feijenoord,Middelland,585,5390
Z17,Z37,Feijenoord,Molenlaankwartier,957,8863
Z17,Z38,Feijenoord,Nesselande,1353,17755
Z17,Z39,Feijenoord,Nieuw Crooswijk,707,5789
Z17,Z40,Feijenoord,Nieuwe Werk,509,4106
Z17,Z41,Feijenoord,Nieuwe Westen,720,6064
Z17,Z42,Feijenoord,Noord Kethel,1322,14893
Z17,Z43,Feijenoord,Noordereiland,258,1833
Z17,Z44,Feijenoord,Ommoord,1057,10915
Z17,Z45,Feijenoord,Oosterflank,1043,14356
Z17,Z46,Feijenoord,Oud Charlois,516,4784
Z17,Z47,Feijenoord,Oud Crooswijk,555,4921
Z17,Z48,Feijenoord,Oud IJsselmonde,444,3677
Z17,Z49,Feijenoord,Oud Mathenesse,852,8082
Z17,Z50,Feijenoord,Oude Noorden,590,5226
Z17,Z51,Feijenoord,Oude Westen,578,4846
Z17,Z52,Feijenoord,Overschie,1009,9327
Z17,Z53,Feijenoord,Pendrecht,706,6784
Z17,Z54,Feijenoord,Prinsenland,914,9730
Z17,Z55,Feijenoord,Provenierswijk,656,5472
Z17,Z56,Feijenoord,Rubroek,486,3930
Z17,Z57,Feijenoord,Schiebroek,1037,9902
Z17,Z58,Feijenoord,Schiemond,660,5796
Z17,Z59,Feijenoord,Schieveen,1102,12268
Z17,Z60,Feijenoord,Spangen,829,7252
Z17,Z61,Feijenoord,Stadsdriehoek,360,2891
Z17,Z62,Feijenoord,Struisenburg,446,3777
Z17,Z63,Feijenoord,Tarwewijk,441,3736
Z17,Z64,Feijenoord,Terbregge,923,8823
Z17,Z65,Feijenoord,Tussendijken,766,6715
Z17,Z66,Feijenoord,Vreewijk,484,3490
Z17,Z67,Feijenoord,Wielewaal,747,6573
Z17,Z68,Feijenoord,Zestienhoven,967,9375
Z17,Z69,Feijenoord,Zevenkamp,1058,14876
Z17,Z70,Feijenoord,Zuiderpark,626,6097
Z17,Z71,Feijenoord,Zuidplein,486,4414
Z17,Z72,Feijenoord,Zuidwijk,642,6271
Z18,Z00,Groot IJsselmonde,'s-Gravenland,659,7877
Z18,Z01,Groot IJsselmonde,Afrikaanderwijk,542,4980
Z18,Z02,Groot IJsselmonde,Agniesebuurt,927,9654
Z18,Z03,Groot IJsselmonde,Bedrijvenpark Noord-West,1178,20366
Z18,Z04,Groot IJsselmonde,Bergpolder,888,14741
Z18,Z05,Groot IJsselmonde,Beverwaard,264,2568
Z18,Z06,Groot IJsselmonde,Blijdorp,980,15472
Z18,Z07,Groot IJsselmonde,Blijdorpsepolder,1106,17079
Z18,Z08,Groot IJsselmonde,Bloemhof,607,5533
Z18,Z09,Groot IJsselmonde,Bospolder,1080,10350
Z18,Z10,Groot IJsselmonde,Carnisse,706,6426
Z18,Z11,Groot IJsselmonde,Charlois Zuidrand,827,8215
Z18,Z12,Groot IJsselmonde,Cool,773,7772
Z18,Z13,Groot IJsselmonde,Cs Kwartier,983,9772
Z18,Z14,Groot IJsselmonde,De Esch,550,6730
Z18,Z15,Groot IJsselmonde,Delfshaven,922,9012
Z18,Z16,Groot IJsselmonde,Dijkzigt,855,8756
Z18,Z17,Groot IJsselmonde,Feijenoord,594,5396
Z18,Z18,Groot IJsselmonde,Groot IJsselmonde,173,0
Z18,Z19,Groot IJsselmonde,Heijplaat,1011,13549
Z18,Z20,Groot IJsselmonde,Het Lage Land,679,9965
Z18,Z21,Groot IJsselmonde,Hillegersberg Noord,995,15013
Z18,Z22,Groot IJsselmonde,Hillegersberg Zuid,993,15870
Z18,Z23,Groot IJsselmonde,Hillesluis,501,4571
Z18,Z24,Groot IJsselmonde,Hoogvliet Noord,1058,16064
Z18,Z25,Groot IJsselmonde,Hoogvliet Zuid,1200,16335
Z18,Z26,Groot IJsselmonde,Katendrecht,727,6497
Z18,Z27,Groot IJsselmonde,Kleinpolder,966,16446
Z18,Z28,Groot IJsselmonde,Kop van Zuid,628,5969
Z18,Z29,Groot IJsselmonde,Kop van Zuid - Entrepot,550,5408
Z18,Z30,Groot IJsselmonde,Kralingen Oost,602,7306
Z18,Z31,Groot IJsselmonde,Kralingen West,704,8574
Z18,Z32,Groot IJsselmonde,Kralingse Bos,833,9569
Z18,Z33,Groot IJsselmonde,Kralingseveer,528,6744
Z18,Z34,Groot IJsselmonde,Liskwartier,1002,14834
Z18,Z35,Groot IJsselmonde,Lombardijen,332,3203
Z18,Z36,Groot IJsselmonde,Middelland,935,9224
Z18,Z37,Groot IJsselmonde,Molenlaankwartier,878,12244
Z18,Z38,Groot IJsselmonde,Nesselande,1132,16056
Z18,Z39,Groot IJsselmonde,Nieuw Crooswijk,898,11511
Z18,Z40,Groot IJsselmonde,Nieuwe Werk,856,7933
Z18,Z41,Groot IJsselmonde,Nieuwe Westen,1042,9946
Z18,Z42,Groot IJsselmonde,Noord Kethel,1457,22785
Z18,Z43,Groot IJsselmonde,Noordereiland,674,6408
Z18,Z44,Groot IJsselmonde,Ommoord,891,12117
Z18,Z45,Groot IJsselmonde,Oosterflank,865,12271
Z18,Z46,Groot IJsselmonde,Oud Charlois,769,7357
Z18,Z47,Groot IJsselmonde,Oud Crooswijk,844,9702
Z18,Z48,Groot IJsselmonde,Oud IJsselmonde,375,3436
Z18,Z49,Groot IJsselmonde,Oud Mathenesse,1148,18309
Z18,Z50,Groot IJsselmonde,Oude Noorden,938,10389
Z18,Z51,Groot IJsselmonde,Oude Westen,923,9217
Z18,Z52,Groot IJsselmonde,Overschie,1127,19477
Z18,Z53,Groot IJsselmonde,Pendrecht,685,6967
Z18,Z54,Groot IJsselmonde,Prinsenland,663,8089
Z18,Z55,Groot IJsselmonde,Provenierswijk,1006,10819
Z18,Z56,Groot IJsselmonde,Rubroek,842,9622
Z18,Z57,Groot IJsselmonde,Schiebroek,1048,16488
Z18,Z58,Groot IJsselmonde,Schiemond,981,9568
Z18,Z59,Groot IJsselmonde,Schieveen,1121,20022
Z18,Z60,Groot IJsselmonde,Spangen,1148,11038
Z18,Z61,Groot IJsselmonde,Stadsdriehoek,744,8381
Z18,Z62,Groot IJsselmonde,Struisenburg,636,7585
Z18,Z63,Groot IJsselmonde,Tarwewijk,676,6418
Z18,Z64,Groot IJsselmonde,Terbregge,737,10728
Z18,Z65,Groot IJsselmonde,Tussendijken,1092,10341
Z18,Z66,Groot IJsselmonde,Vreewijk,501,4538
Z18,Z67,Groot IJsselmonde,Wielewaal,968,8891
Z18,Z68,Groot IJsselmonde,Zestienhoven,1072,17367
Z18,Z69,Groot IJsselmonde,Zevenkamp,881,13235
Z18,Z70,Groot IJsselmonde,Zuiderpark,598,5815
Z18,Z71,Groot IJsselmonde,Zuidplein,630,5879
Z18,Z72,Groot IJsselmonde,Zuidwijk,555,5395
Z19,Z00,Heijplaat,'s-Gravenland,1400,22591
Z19,Z01,Heijplaat,Afrikaanderwijk,875,8424
Z19,Z02,Heijplaat,Agniesebuurt,1176,11671
Z19,Z03,Heijplaat,Bedrijvenpark Noord-West,1081,16649
Z19,Z04,Heijplaat,Bergpolder,1093,18654
Z19,Z05,Heijplaat,Beverwaard,988,16107
Z19,Z06,Heijplaat,Blijdorp,1102,11246
Z19,Z07,Heijplaat,Blijdorpsepolder,1113,17436
Z19,Z08,Heijplaat,Bloemhof,876,8366
Z19,Z09,Heijplaat,Bospolder,1103,10614
Z19,Z10,Heijplaat,Carnisse,681,6200
Z19,Z11,Heijplaat,Charlois Zuidrand,604,5418
Z19,Z12,Heijplaat,Cool,975,9783
Z19,Z13,Heijplaat,Cs Kwartier,1031,10233
Z19,Z14,Heijplaat,De Esch,1206,20745
Z19,Z15,Heijplaat,Delfshaven,950,9340
Z19,Z16,Heijplaat,Dijkzigt,899,9104
Z19,Z17,Heijplaat,Feijenoord,1060,10386
Z19,Z18,Heijplaat,Groot IJsselmonde,1038,14817
Z19,Z19,Heijplaat,Heijplaat,45,0
Z19,Z20,Heijplaat,Het Lage Land,1314,23413
Z19,Z21,Heijplaat,Hillegersberg Noord,1396,22561
Z19,Z22,Heijplaat,Hillegersberg Zuid,1195,19879
Z19,Z23,Heijplaat,Hillesluis,910,9023
Z19,Z24,Heijplaat,Hoogvliet Noord,644,8064
Z19,Z25,Heijplaat,Hoogvliet Zuid,926,11409
Z19,Z26,Heijplaat,Katendrecht,984,9264
Z19,Z27,Heijplaat,Kleinpolder,1026,17500
Z19,Z28,Heijplaat,Kop van Zuid,949,9309
Z19,Z29,Heijplaat,Kop van Zuid - Entrepot,974,9203
Z19,Z30,Heijplaat,Kralingen Oost,1267,21048
Z19,Z31,Heijplaat,Kralingen West,1276,12360
Z19,Z32,Heijplaat,Kralingse Bos,1488,23020
Z19,Z33,Heijplaat,Kralingseveer,1220,20816
Z19,Z34,Heijplaat,Liskwartier,1198,19532
Z19,Z35,Heijplaat,Lombardijen,770,11448
Z19,Z36,Heijplaat,Middelland,944,9449
Z19,Z37,Heijplaat,Molenlaankwartier,1501,23583
Z19,Z38,Heijplaat,Nesselande,1789,29600
Z19,Z39,Heijplaat,Nieuw Crooswijk,1258,21181
Z19,Z40,Heijplaat,Nieuwe Werk,1006,9702
Z19,Z41,Heijplaat,Nieuwe Westen,1073,10148
Z19,Z42,Heijplaat,Noord Kethel,1150,16200
Z19,Z43,Heijplaat,Noordereiland,1072,10428
Z19,Z44,Heijplaat,Ommoord,1511,25408
Z19,Z45,Heijplaat,Oosterflank,1479,26201
Z19,Z46,Heijplaat,Oud Charlois,634,5983
Z19,Z47,Heijplaat,Oud Crooswijk,1254,12677
Z19,Z48,Heijplaat,Oud IJsselmonde,1068,18189
Z19,Z49,Heijplaat,Oud Mathenesse,958,16108
Z19,Z50,Heijplaat,Oude Noorden,1246,12267
Z19,Z51,Heijplaat,Oude Westen,976,9515
Z19,Z52,Heijplaat,Overschie,1185,17191
Z19,Z53,Heijplaat,Pendrecht,513,4780
Z19,Z54,Heijplaat,Prinsenland,1391,21997
Z19,Z55,Heijplaat,Provenierswijk,1144,11230
Z19,Z56,Heijplaat,Rubroek,1176,11876
Z19,Z57,Heijplaat,Schiebroek,1443,22655
Z19,Z58,Heijplaat,Schiemond,1027,9918
Z19,Z59,Heijplaat,Schieveen,1331,22093
Z19,Z60,Heijplaat,Spangen,1047,16754
Z19,Z61,Heijplaat,Stadsdriehoek,1046,10470
Z19,Z62,Heijplaat,Struisenburg,1135,11409
Z19,Z63,Heijplaat,Tarwewijk,740,6991
Z19,Z64,Heijplaat,Terbregge,1379,24228
Z19,Z65,Heijplaat,Tussendijken,1093,17254
Z19,Z66,Heijplaat,Vreewijk,801,7800
Z19,Z67,Heijplaat,Wielewaal,725,6380
Z19,Z68,Heijplaat,Zestienhoven,1307,21347
Z19,Z69,Heijplaat,Zevenkamp,1491,26617
Z19,Z70,Heijplaat,Zuiderpark,630,6016
Z19,Z71,Heijplaat,Zuidplein,778,7382
Z19,Z72,Heijplaat,Zuidwijk,636,6187
Z20,Z00,Het Lage Land,'s-Gravenland,517,5075
Z20,Z01,Het Lage Land,Afrikaanderwijk,838,11296
Z20,Z02,Het Lage Land,Agniesebuurt,696,6501
Z20,Z03,Het Lage Land,Bedrijvenpark Noord-West,820,12914
Z20,Z04,Het Lage Land,Bergpolder,696,7690
Z20,Z05,Het Lage Land,Beverwaard,852,11519
Z20,Z06,Het Lage Land,Blijdorp,768,7757
Z20,Z07,Het Lage Land,Blijdorpsepolder,937,10124
Z20,Z08,Het Lage Land,Bloemhof,885,11414
Z20,Z09,Het Lage Land,Bospolder,1123,10451
Z20,Z10,Het Lage Land,Carnisse,1012,12809
Z20,Z11,Het Lage Land,Charlois Zuidrand,1195,20975
Z20,Z12,Het Lage Land,Cool,790,7399
Z20,Z13,Het Lage Land,Cs Kwartier,905,8552
Z20,Z14,Het Lage Land,De Esch,504,6409
Z20,Z15,Het Lage Land,Delfshaven,980,9417
Z20,Z16,Het Lage Land,Dijkzigt,837,8068
Z20,Z17,Het Lage Land,Feijenoord,893,11714
Z20,Z18,Het Lage Land,Groot IJsselmonde,756,10492
Z20,Z19,Het Lage Land,Heijplaat,1381,23462
Z20,Z20,Het Lage Land,Het Lage Land,106,0
Z20,Z21,Het Lage Land,Hillegersberg Noord,622,5778
Z20,Z22,Het Lage Land,Hillegersberg Zuid,692,7082
Z20,Z23,Het Lage Land,Hillesluis,804,10903
Z20,Z24,Het Lage Land,Hoogvliet Noord,1416,25971
Z20,Z25,Het Lage Land,Hoogvliet Zuid,1566,26249
Z20,Z26,Het Lage Land,Katendrecht,1038,12656
Z20,Z27,Het Lage Land,Kleinpolder,800,9540
Z20,Z28,Het Lage Land,Kop van Zuid,871,10581
Z20,Z29,Het Lage Land,Kop van Zuid - Entrepot,862,11567
Z20,Z30,Het Lage Land,Kralingen Oost,478,5290
Z20,Z31,Het Lage Land,Kralingen West,578,5648
Z20,Z32,Het Lage Land,Kralingse Bos,602,5169
Z20,Z33,Het Lage Land,Kralingseveer,534,5527
Z20,Z34,Het Lage Land,Liskwartier,655,6359
Z20,Z35,Het Lage Land,Lombardijen,893,11738
Z20,Z36,Het Lage Land,Middelland,928,8738
Z20,Z37,Het Lage Land,Molenlaankwartier,497,4456
Z20,Z38,Het Lage Land,Nesselande,759,7102
Z20,Z39,Het Lage Land,Nieuw Crooswijk,533,4570
Z20,Z40,Het Lage Land,Nieuwe Werk,925,10734
Z20,Z41,Het Lage Land,Nieuwe Westen,1020,9426
Z20,Z42,Het Lage Land,Noord Kethel,1272,15879
Z20,Z43,Het Lage Land,Noordereiland,849,10240
Z20,Z44,Het Lage Land,Ommoord,429,3569
Z20,Z45,Het Lage Land,Oosterflank,346,2422
Z20,Z46,Het Lage Land,Oud Charlois,1074,13729
Z20,Z47,Het Lage Land,Oud Crooswijk,476,4709
Z20,Z48,Het Lage Land,Oud IJsselmonde,590,8773
Z20,Z49,Het Lage Land,Oud Mathenesse,972,12070
Z20,Z50,Het Lage Land,Oude Noorden,609,5951
Z20,Z51,Het Lage Land,Oude Westen,923,8529
Z20,Z52,Het Lage Land,Overschie,787,12669
Z20,Z53,Het Lage Land,Pendrecht,1177,14774
Z20,Z54,Het Lage Land,Prinsenland,418,2620
Z20,Z55,Het Lage Land,Provenierswijk,740,7241
Z20,Z56,Het Lage Land,Rubroek,581,5563
Z20,Z57,Het Lage Land,Schiebroek,704,8894
Z20,Z58,Het Lage Land,Schiemond,1076,12424
Z20,Z59,Het Lage Land,Schieveen,800,12570
Z20,Z60,Het Lage Land,Spangen,1054,12581
Z20,Z61,Het Lage Land,Stadsdriehoek,687,8661
Z20,Z62,Het Lage Land,Struisenburg,589,7662
Z20,Z63,Het Lage Land,Tarwewijk,983,12735
Z20,Z64,Het Lage Land,Terbregge,366,2963
Z20,Z65,Het Lage Land,Tussendijken,1104,13204
Z20,Z66,Het Lage Land,Vreewijk,875,11352
Z20,Z67,Het Lage Land,Wielewaal,1305,15517
Z20,Z68,Het Lage Land,Zestienhoven,773,11579
Z20,Z69,Het Lage Land,Zevenkamp,520,4419
Z20,Z70,Het Lage Land,Zuiderpark,1032,12971
Z20,Z71,Het Lage Land,Zuidplein,985,12386
Z20,Z72,Het Lage Land,Zuidwijk,1054,13145
Z21,Z00,Hillegersberg Noord,'s-Gravenland,789,8957
Z21,Z01,Hillegersberg Noord,Afrikaanderwijk,922,8762
Z21,Z02,Hillegersberg Noord,Agniesebuurt,459,4054
Z21,Z03,Hillegersberg Noord,Bedrijvenpark Noord-West,716,9410
Z21,Z04,Hillegersberg Noord,Bergpolder,390,3900
Z21,Z05,Hillegersberg Noord,Beverwaard,1096,14538
Z21,Z06,Hillegersberg Noord,Blijdorp,469,4633
Z21,Z07,Hillegersberg Noord,Blijdorpsepolder,665,6018
Z21,Z08,Hillegersberg Noord,Bloemhof,1021,9590
Z21,Z09,Hillegersberg Noord,Bospolder,866,8689
Z21,Z10,Hillegersberg Noord,Carnisse,1004,9533
Z21,Z11,Hillegersberg Noord,Charlois Zuidrand,1259,12235
Z21,Z12,Hillegersberg Noord,Cool,685,6558
Z21,Z13,Hillegersberg Noord,Cs Kwartier,593,5475
Z21,Z14,Hillegersberg Noord,De Esch,729,9511
Z21,Z15,Hillegersberg Noord,Delfshaven,744,7265
Z21,Z16,Hillegersberg Noord,Dijkzigt,715,6735
Z21,Z17,Hillegersberg Noord,Feijenoord,907,8210
Z21,Z18,Hillegersberg Noord,Groot IJsselmonde,1006,13483
Z21,Z19,Hillegersberg Noord,Heijplaat,1484,14817
Z21,Z20,Hillegersberg Noord,Het Lage Land,589,5627
Z21,Z21,Hillegersberg Noord,Hillegersberg Noord,126,0
Z21,Z22,Hillegersberg Noord,Hillegersberg Zuid,238,2352
Z21,Z23,Hillegersberg Noord,Hillesluis,971,9350
Z21,Z24,Hillegersberg Noord,Hoogvliet Noord,1244,19514
Z21,Z25,Hillegersberg Noord,Hoogvliet Zuid,1520,22776
Z21,Z26,Hillegersberg Noord,Katendrecht,1004,9414
Z21,Z27,Hillegersberg Noord,Kleinpolder,536,6106
Z21,Z28,Hillegersberg Noord,Kop van Zuid,809,7779
Z21,Z29,Hillegersberg Noord,Kop van Zuid - Entrepot,828,7903
Z21,Z30,Hillegersberg Noord,Kralingen Oost,672,7054
Z21,Z31,Hillegersberg Noord,Kralingen West,585,5554
Z21,Z32,Hillegersberg Noord,Kralingse Bos,738,5864
Z21,Z33,Hillegersberg Noord,Kralingseveer,783,10214
Z21,Z34,Hillegersberg Noord,Liskwartier,348,3226
Z21,Z35,Hillegersberg Noord,Lombardijen,1093,14525
Z21,Z36,Hillegersberg Noord,Middelland,649,6058
Z21,Z37,Hillegersberg Noord,Molenlaankwartier,204,1610
Z21,Z38,Hillegersberg Noord,Nesselande,1009,13148
Z21,Z39,Hillegersberg Noord,Nieuw Crooswijk,429,3503
Z21,Z40,Hillegersberg Noord,Nieuwe Werk,872,7931
Z21,Z41,Hillegersberg Noord,Nieuwe Westen,735,6408
Z21,Z42,Hillegersberg Noord,Noord Kethel,1016,12450
Z21,Z43,Hillegersberg Noord,Noordereiland,752,7174
Z21,Z44,Hillegersberg Noord,Ommoord,555,5352
Z21,Z45,Hillegersberg Noord,Oosterflank,736,10050
Z21,Z46,Hillegersberg Noord,Oud Charlois,951,9141
Z21,Z47,Hillegersberg Noord,Oud Crooswijk,441,4271
Z21,Z48,Hillegersberg Noord,Oud IJsselmonde,816,11572
Z21,Z49,Hillegersberg Noord,Oud Mathenesse,717,8728
Z21,Z50,Hillegersberg Noord,Oude Noorden,374,3358
Z21,Z51,Hillegersberg Noord,Oude Westen,649,6191
Z21,Z52,Hillegersberg Noord,Overschie,627,6244
Z21,Z53,Hillegersberg Noord,Pendrecht,1135,11297
Z21,Z54,Hillegersberg Noord,Prinsenland,782,7413
Z21,Z55,Hillegersberg Noord,Provenierswijk,461,4164
Z21,Z56,Hillegersberg Noord,Rubroek,532,4828
Z21,Z57,Hillegersberg Noord,Schiebroek,221,1750
Z21,Z58,Hillegersberg Noord,Schiemond,878,8269
Z21,Z59,Hillegersberg Noord,Schieveen,681,9177
Z21,Z60,Hillegersberg Noord,Spangen,799,9100
Z21,Z61,Hillegersberg Noord,Stadsdriehoek,678,6276
Z21,Z62,Hillegersberg Noord,Struisenburg,697,6513
Z21,Z63,Hillegersberg Noord,Tarwewijk,965,9392
Z21,Z64,Hillegersberg Noord,Terbregge,326,3140
Z21,Z65,Hillegersberg Noord,Tussendijken,848,7042
Z21,Z66,Hillegersberg Noord,Vreewijk,1077,14048
Z21,Z67,Hillegersberg Noord,Wielewaal,1182,10928
Z21,Z68,Hillegersberg Noord,Zestienhoven,530,5074
Z21,Z69,Hillegersberg Noord,Zevenkamp,750,10327
Z21,Z70,Hillegersberg Noord,Zuiderpark,1144,11514
Z21,Z71,Hillegersberg Noord,Zuidplein,1010,9821
Z21,Z72,Hillegersberg Noord,Zuidwijk,1232,12360
Z22,Z00,Hillegersberg Zuid,'s-Gravenland,808,10616
Z22,Z01,Hillegersberg Zuid,Afrikaanderwijk,803,7728
Z22,Z02,Hillegersberg Zuid,Agniesebuurt,315,2471
Z22,Z03,Hillegersberg Zuid,Bedrijvenpark Noord-West,588,7594
Z22,Z04,Hillegersberg Zuid,Bergpolder,194,1841
Z22,Z05,Hillegersberg Zuid,Beverwaard,1086,16552
Z22,Z06,Hillegersberg Zuid,Blijdorp,279,2619
Z22,Z07,Hillegersberg Zuid,Blijdorpsepolder,477,3942
Z22,Z08,Hillegersberg Zuid,Bloemhof,902,8460
Z22,Z09,Hillegersberg Zuid,Bospolder,678,6650
Z22,Z10,Hillegersberg Zuid,Carnisse,816,8076
Z22,Z11,Hillegersberg Zuid,Charlois Zuidrand,1078,10741
Z22,Z12,Hillegersberg Zuid,Cool,554,5386
Z22,Z13,Hillegersberg Zuid,Cs Kwartier,426,3986
Z22,Z14,Hillegersberg Zuid,De Esch,737,11745
Z22,Z15,Hillegersberg Zuid,Delfshaven,584,5784
Z22,Z16,Hillegersberg Zuid,Dijkzigt,527,5254
Z22,Z17,Hillegersberg Zuid,Feijenoord,787,7226
Z22,Z18,Hillegersberg Zuid,Groot IJsselmonde,1019,15586
Z22,Z19,Hillegersberg Zuid,Heijplaat,1335,13336
Z22,Z20,Hillegersberg Zuid,Het Lage Land,669,7094
Z22,Z21,Hillegersberg Zuid,Hillegersberg Noord,243,2334
Z22,Z22,Hillegersberg Zuid,Hillegersberg Zuid,81,0
Z22,Z23,Hillegersberg Zuid,Hillesluis,852,8308
Z22,Z24,Hillegersberg Zuid,Hoogvliet Noord,1064,17424
Z22,Z25,Hillegersberg Zuid,Hoogvliet Zuid,1349,20818
Z22,Z26,Hillegersberg Zuid,Katendrecht,892,8403
Z22,Z27,Hillegersberg Zuid,Kleinpolder,363,4207
Z22,Z28,Hillegersberg Zuid,Kop van Zuid,690,6665
Z22,Z29,Hillegersberg Zuid,Kop van Zuid - Entrepot,709,6919
Z22,Z30,Hillegersberg Zuid,Kralingen Oost,584,5940
Z22,Z31,Hillegersberg Zuid,Kralingen West,456,4502
Z22,Z32,Hillegersberg Zuid,Kralingse Bos,619,5348
Z22,Z33,Hillegersberg Zuid,Kralingseveer,810,12484
Z22,Z34,Hillegersberg Zuid,Liskwartier,184,1524
Z22,Z35,Hillegersberg Zuid,Lombardijen,1082,11311
Z22,Z36,Hillegersberg Zuid,Middelland,484,4577
Z22,Z37,Hillegersberg Zuid,Molenlaankwartier,374,3520
Z22,Z38,Hillegersberg Zuid,Nesselande,1032,13774
Z22,Z39,Hillegersberg Zuid,Nieuw Crooswijk,311,2806
Z22,Z40,Hillegersberg Zuid,Nieuwe Werk,692,6620
Z22,Z41,Hillegersberg Zuid,Nieuwe Westen,551,4946
Z22,Z42,Hillegersberg Zuid,Noord Kethel,836,10478
Z22,Z43,Hillegersberg Zuid,Noordereiland,621,6009
Z22,Z44,Hillegersberg Zuid,Ommoord,722,7046
Z22,Z45,Hillegersberg Zuid,Oosterflank,735,10503
Z22,Z46,Hillegersberg Zuid,Oud Charlois,765,7711
Z22,Z47,Hillegersberg Zuid,Oud Crooswijk,314,3205
Z22,Z48,Hillegersberg Zuid,Oud IJsselmonde,823,13838
Z22,Z49,Hillegersberg Zuid,Oud Mathenesse,524,6638
Z22,Z50,Hillegersberg Zuid,Oude Noorden,258,2292
Z22,Z51,Hillegersberg Zuid,Oude Westen,513,4711
Z22,Z52,Hillegersberg Zuid,Overschie,470,4759
Z22,Z53,Hillegersberg Zuid,Pendrecht,953,9748
Z22,Z54,Hillegersberg Zuid,Prinsenland,793,10993
Z22,Z55,Hillegersberg Zuid,Provenierswijk,316,2648
Z22,Z56,Hillegersberg Zuid,Rubroek,403,3779
Z22,Z57,Hillegersberg Zuid,Schiebroek,314,3041
Z22,Z58,Hillegersberg Zuid,Schiemond,703,6788
Z22,Z59,Hillegersberg Zuid,Schieveen,577,7453
Z22,Z60,Hillegersberg Zuid,Spangen,618,7187
Z22,Z61,Hillegersberg Zuid,Stadsdriehoek,558,5320
Z22,Z62,Hillegersberg Zuid,Struisenburg,578,5420
Z22,Z63,Hillegersberg Zuid,Tarwewijk,797,7911
Z22,Z64,Hillegersberg Zuid,Terbregge,478,4787
Z22,Z65,Hillegersberg Zuid,Tussendijken,664,6146
Z22,Z66,Hillegersberg Zuid,Vreewijk,985,9988
Z22,Z67,Hillegersberg Zuid,Wielewaal,994,9448
Z22,Z68,Hillegersberg Zuid,Zestienhoven,371,3611
Z22,Z69,Hillegersberg Zuid,Zevenkamp,740,10792
Z22,Z70,Hillegersberg Zuid,Zuiderpark,998,10222
Z22,Z71,Hillegersberg Zuid,Zuidplein,823,8348
Z22,Z72,Hillegersberg Zuid,Zuidwijk,1054,10879
Z23,Z00,Hillesluis,'s-Gravenland,809,9351
Z23,Z01,Hillesluis,Afrikaanderwijk,225,1485
Z23,Z02,Hillesluis,Agniesebuurt,665,5372
Z23,Z03,Hillesluis,Bedrijvenpark Noord-West,1140,11951
Z23,Z04,Hillesluis,Bergpolder,758,6548
Z23,Z05,Hillesluis,Beverwaard,610,5966
Z23,Z06,Hillesluis,Blijdorp,748,6484
Z23,Z07,Hillesluis,Blijdorpsepolder,995,8594
Z23,Z08,Hillesluis,Bloemhof,176,1062
Z23,Z09,Hillesluis,Bospolder,785,6825
Z23,Z10,Hillesluis,Carnisse,379,2844
Z23,Z11,Hillesluis,Charlois Zuidrand,689,5855
Z23,Z12,Hillesluis,Cool,499,4166
Z23,Z13,Hillesluis,Cs Kwartier,715,5994
Z23,Z14,Hillesluis,De Esch,631,7494
Z23,Z15,Hillesluis,Delfshaven,627,5548
Z23,Z16,Hillesluis,Dijkzigt,566,5066
Z23,Z17,Hillesluis,Feijenoord,335,2457
Z23,Z18,Hillesluis,Groot IJsselmonde,516,4616
Z23,Z19,Hillesluis,Heijplaat,948,8982
Z23,Z20,Hillesluis,Het Lage Land,788,10949
Z23,Z21,Hillesluis,Hillegersberg Noord,1024,9403
Z23,Z22,Hillesluis,Hillegersberg Zuid,864,7774
Z23,Z23,Hillesluis,Hillesluis,68,0
Z23,Z24,Hillesluis,Hoogvliet Noord,1039,14817
Z23,Z25,Hillesluis,Hoogvliet Zuid,1184,15262
Z23,Z26,Hillesluis,Katendrecht,387,2533
Z23,Z27,Hillesluis,Kleinpolder,912,8530
Z23,Z28,Hillesluis,Kop van Zuid,327,2589
Z23,Z29,Hillesluis,Kop van Zuid - Entrepot,298,2240
Z23,Z30,Hillesluis,Kralingen Oost,672,8166
Z23,Z31,Hillesluis,Kralingen West,682,6088
Z23,Z32,Hillesluis,Kralingse Bos,918,8404
Z23,Z33,Hillesluis,Kralingseveer,629,7600
Z23,Z34,Hillesluis,Liskwartier,790,6679
Z23,Z35,Hillesluis,Lombardijen,353,2923
Z23,Z36,Hillesluis,Middelland,636,5693
Z23,Z37,Hillesluis,Molenlaankwartier,985,13204
Z23,Z38,Hillesluis,Nesselande,1243,17127
Z23,Z39,Hillesluis,Nieuw Crooswijk,855,7485
Z23,Z40,Hillesluis,Nieuwe Werk,560,4477
Z23,Z41,Hillesluis,Nieuwe Westen,754,6393
Z23,Z42,Hillesluis,Noord Kethel,1410,15377
Z23,Z43,Hillesluis,Noordereiland,418,3516
Z23,Z44,Hillesluis,Ommoord,976,12944
Z23,Z45,Hillesluis,Oosterflank,948,13737
Z23,Z46,Hillesluis,Oud Charlois,402,3456
Z23,Z47,Hillesluis,Oud Crooswijk,723,6347
Z23,Z48,Hillesluis,Oud IJsselmonde,342,3279
Z23,Z49,Hillesluis,Oud Mathenesse,910,8446
Z23,Z50,Hillesluis,Oude Noorden,732,6682
Z23,Z51,Hillesluis,Oude Westen,636,5437
Z23,Z52,Hillesluis,Overschie,1093,9811
Z23,Z53,Hillesluis,Pendrecht,538,4724
Z23,Z54,Hillesluis,Prinsenland,814,8915
Z23,Z55,Hillesluis,Provenierswijk,744,5956
Z23,Z56,Hillesluis,Rubroek,634,5527
Z23,Z57,Hillesluis,Schiebroek,1099,10780
Z23,Z58,Hillesluis,Schiemond,711,6100
Z23,Z59,Hillesluis,Schieveen,1186,13105
Z23,Z60,Hillesluis,Spangen,880,7630
Z23,Z61,Hillesluis,Stadsdriehoek,509,4314
Z23,Z62,Hillesluis,Struisenburg,595,5149
Z23,Z63,Hillesluis,Tarwewijk,328,2408
Z23,Z64,Hillesluis,Terbregge,851,11669
Z23,Z65,Hillesluis,Tussendijken,823,7030
Z23,Z66,Hillesluis,Vreewijk,239,1456
Z23,Z67,Hillesluis,Wielewaal,634,5243
Z23,Z68,Hillesluis,Zestienhoven,1055,9859
Z23,Z69,Hillesluis,Zevenkamp,966,14154
Z23,Z70,Hillesluis,Zuiderpark,391,3064
Z23,Z71,Hillesluis,Zuidplein,327,2392
Z23,Z72,Hillesluis,Zuidwijk,418,3256
Z24,Z00,Hoogvliet Noord,'s-Gravenland,1410,24646
Z24,Z01,Hoogvliet Noord,Afrikaanderwijk,1058,12685
Z24,Z02,Hoogvliet Noord,Agniesebuurt,1110,18104
Z24,Z03,Hoogvliet Noord,Bedrijvenpark Noord-West,924,14543
Z24,Z04,Hoogvliet Noord,Bergpolder,955,16730
Z24,Z05,Hoogvliet Noord,Beverwaard,1042,18553
Z24,Z06,Hoogvliet Noord,Blijdorp,961,16094
Z24,Z07,Hoogvliet Noord,Blijdorpsepolder,960,15436
Z24,Z08,Hoogvliet Noord,Bloemhof,1036,13296
Z24,Z09,Hoogvliet Noord,Bospolder,989,15379
Z24,Z10,Hoogvliet Noord,Carnisse,852,10480
Z24,Z11,Hoogvliet Noord,Charlois Zuidrand,653,8364
Z24,Z12,Hoogvliet Noord,Cool,1159,14063
Z24,Z13,Hoogvliet Noord,Cs Kwartier,1088,17244
Z24,Z14,Hoogvliet Noord,De Esch,1251,23133
Z24,Z15,Hoogvliet Noord,Delfshaven,1086,16523
Z24,Z16,Hoogvliet Noord,Dijkzigt,1067,13332
Z24,Z17,Hoogvliet Noord,Feijenoord,1242,17702
Z24,Z18,Hoogvliet Noord,Groot IJsselmonde,1059,17312
Z24,Z19,Hoogvliet Noord,Heijplaat,730,9101
Z24,Z20,Hoogvliet Noord,Het Lage Land,1359,25800
Z24,Z21,Hoogvliet Noord,Hillegersberg Noord,1252,20362
Z24,Z22,Hoogvliet Noord,Hillegersberg Zuid,1048,17872
Z24,Z23,Hoogvliet Noord,Hillesluis,1076,16369
Z24,Z24,Hoogvliet Noord,Hoogvliet Noord,160,0
Z24,Z25,Hoogvliet Noord,Hoogvliet Zuid,391,3116
Z24,Z26,Hoogvliet Noord,Katendrecht,1152,13544
Z24,Z27,Hoogvliet Noord,Kleinpolder,872,15301
Z24,Z28,Hoogvliet Noord,Kop van Zuid,1116,13589
Z24,Z29,Hoogvliet Noord,Kop van Zuid - Entrepot,1170,13856
Z24,Z30,Hoogvliet Noord,Kralingen Oost,1302,23643
Z24,Z31,Hoogvliet Noord,Kralingen West,1273,20762
Z24,Z32,Hoogvliet Noord,Kralingse Bos,1410,21443
Z24,Z33,Hoogvliet Noord,Kralingseveer,1230,23203
Z24,Z34,Hoogvliet Noord,Liskwartier,1038,17562
Z24,Z35,Hoogvliet Noord,Lombardijen,809,13836
Z24,Z36,Hoogvliet Noord,Middelland,1105,14065
Z24,Z37,Hoogvliet Noord,Molenlaankwartier,1360,21506
Z24,Z38,Hoogvliet Noord,Nesselande,1720,28356
Z24,Z39,Hoogvliet Noord,Nieuw Crooswijk,1132,19208
Z24,Z40,Hoogvliet Noord,Nieuwe Werk,1172,13972
Z24,Z41,Hoogvliet Noord,Nieuwe Westen,1028,15841
Z24,Z42,Hoogvliet Noord,Noord Kethel,996,14001
Z24,Z43,Hoogvliet Noord,Noordereiland,1243,14708
Z24,Z44,Hoogvliet Noord,Ommoord,1497,26142
Z24,Z45,Hoogvliet Noord,Oosterflank,1434,25094
Z24,Z46,Hoogvliet Noord,Oud Charlois,838,10633
Z24,Z47,Hoogvliet Noord,Oud Crooswijk,1162,19765
Z24,Z48,Hoogvliet Noord,Oud IJsselmonde,1112,20577
Z24,Z49,Hoogvliet Noord,Oud Mathenesse,807,13865
Z24,Z50,Hoogvliet Noord,Oude Noorden,1131,18308
Z24,Z51,Hoogvliet Noord,Oude Westen,1150,13895
Z24,Z52,Hoogvliet Noord,Overschie,1022,14992
Z24,Z53,Hoogvliet Noord,Pendrecht,707,9060
Z24,Z54,Hoogvliet Noord,Prinsenland,1415,25016
Z24,Z55,Hoogvliet Noord,Provenierswijk,1056,17684
Z24,Z56,Hoogvliet Noord,Rubroek,1252,18993
Z24,Z57,Hoogvliet Noord,Schiebroek,1271,20391
Z24,Z58,Hoogvliet Noord,Schiemond,1029,16165
Z24,Z59,Hoogvliet Noord,Schieveen,1206,19894
Z24,Z60,Hoogvliet Noord,Spangen,922,14761
Z24,Z61,Hoogvliet Noord,Stadsdriehoek,1213,14750
Z24,Z62,Hoogvliet Noord,Struisenburg,1296,16194
Z24,Z63,Hoogvliet Noord,Tarwewijk,907,11206
Z24,Z64,Hoogvliet Noord,Terbregge,1383,22619
Z24,Z65,Hoogvliet Noord,Tussendijken,939,14996
Z24,Z66,Hoogvliet Noord,Vreewijk,869,14552
Z24,Z67,Hoogvliet Noord,Wielewaal,892,10616
Z24,Z68,Hoogvliet Noord,Zestienhoven,1155,19148
Z24,Z69,Hoogvliet Noord,Zevenkamp,1449,25466
Z24,Z70,Hoogvliet Noord,Zuiderpark,826,10419
Z24,Z71,Hoogvliet Noord,Zuidplein,960,12226
Z24,Z72,Hoogvliet Noord,Zuidwijk,808,10441
Z25,Z00,Hoogvliet Zuid,'s-Gravenland,1554,25281
Z25,Z01,Hoogvliet Zuid,Afrikaanderwijk,1133,12759
Z25,Z02,Hoogvliet Zuid,Agniesebuurt,1355,20638
Z25,Z03,Hoogvliet Zuid,Bedrijvenpark Noord-West,1170,17038
Z25,Z04,Hoogvliet Zuid,Bergpolder,1170,19138
Z25,Z05,Hoogvliet Zuid,Beverwaard,1183,18797
Z25,Z06,Hoogvliet Zuid,Blijdorp,1205,18682
Z25,Z07,Hoogvliet Zuid,Blijdorpsepolder,1182,17825
Z25,Z08,Hoogvliet Zuid,Bloemhof,1139,12679
Z25,Z09,Hoogvliet Zuid,Bospolder,1218,17834
Z25,Z10,Hoogvliet Zuid,Carnisse,928,10472
Z25,Z11,Hoogvliet Zuid,Charlois Zuidrand,734,8356
Z25,Z12,Hoogvliet Zuid,Cool,1232,14056
Z25,Z13,Hoogvliet Zuid,Cs Kwartier,1288,14692
Z25,Z14,Hoogvliet Zuid,De Esch,1401,23435
Z25,Z15,Hoogvliet Zuid,Delfshaven,1207,13673
Z25,Z16,Hoogvliet Zuid,Dijkzigt,1163,13385
Z25,Z17,Hoogvliet Zuid,Feijenoord,1328,14721
Z25,Z18,Hoogvliet Zuid,Groot IJsselmonde,1215,17507
Z25,Z19,Hoogvliet Zuid,Heijplaat,945,11618
Z25,Z20,Hoogvliet Zuid,Het Lage Land,1502,26103
Z25,Z21,Hoogvliet Zuid,Hillegersberg Noord,1479,22697
Z25,Z22,Hoogvliet Zuid,Hillegersberg Zuid,1275,20268
Z25,Z23,Hoogvliet Zuid,Hillesluis,1174,13296
Z25,Z24,Hoogvliet Zuid,Hoogvliet Noord,383,3090
Z25,Z25,Hoogvliet Zuid,Hoogvliet Zuid,168,0
Z25,Z26,Hoogvliet Zuid,Katendrecht,1247,13536
Z25,Z27,Hoogvliet Zuid,Kleinpolder,1100,17657
Z25,Z28,Hoogvliet Zuid,Kop van Zuid,1187,13582
Z25,Z29,Hoogvliet Zuid,Kop van Zuid - Entrepot,1242,13538
Z25,Z30,Hoogvliet Zuid,Kralingen Oost,1458,24114
Z25,Z31,Hoogvliet Zuid,Kralingen West,1486,22325
Z25,Z32,Hoogvliet Zuid,Kralingse Bos,1636,24031
Z25,Z33,Hoogvliet Zuid,Kralingseveer,1385,23506
Z25,Z34,Hoogvliet Zuid,Liskwartier,1284,19948
Z25,Z35,Hoogvliet Zuid,Lombardijen,965,14171
Z25,Z36,Hoogvliet Zuid,Middelland,1204,13747
Z25,Z37,Hoogvliet Zuid,Molenlaankwartier,1583,23933
Z25,Z38,Hoogvliet Zuid,Nesselande,1942,30713
Z25,Z39,Hoogvliet Zuid,Nieuw Crooswijk,1348,21488
Z25,Z40,Hoogvliet Zuid,Nieuwe Werk,1267,13978
Z25,Z41,Hoogvliet Zuid,Nieuwe Westen,1274,18338
Z25,Z42,Hoogvliet Zuid,Noord Kethel,1242,16426
Z25,Z43,Hoogvliet Zuid,Noordereiland,1324,14701
Z25,Z44,Hoogvliet Zuid,Ommoord,1696,28095
Z25,Z45,Hoogvliet Zuid,Oosterflank,1669,27544
Z25,Z46,Hoogvliet Zuid,Oud Charlois,924,10626
Z25,Z47,Hoogvliet Zuid,Oud Crooswijk,1408,22352
Z25,Z48,Hoogvliet Zuid,Oud IJsselmonde,1261,20880
Z25,Z49,Hoogvliet Zuid,Oud Mathenesse,1053,16449
Z25,Z50,Hoogvliet Zuid,Oude Noorden,1377,20880
Z25,Z51,Hoogvliet Zuid,Oude Westen,1225,13788
Z25,Z52,Hoogvliet Zuid,Overschie,1244,17404
Z25,Z53,Hoogvliet Zuid,Pendrecht,768,9096
Z25,Z54,Hoogvliet Zuid,Prinsenland,1558,24708
Z25,Z55,Hoogvliet Zuid,Provenierswijk,1302,20168
Z25,Z56,Hoogvliet Zuid,Rubroek,1438,16313
Z25,Z57,Hoogvliet Zuid,Schiebroek,1464,22294
Z25,Z58,Hoogvliet Zuid,Schiemond,1270,18069
Z25,Z59,Hoogvliet Zuid,Schieveen,1416,22481
Z25,Z60,Hoogvliet Zuid,Spangen,1135,17143
Z25,Z61,Hoogvliet Zuid,Stadsdriehoek,1309,14804
Z25,Z62,Hoogvliet Zuid,Struisenburg,1394,15686
Z25,Z63,Hoogvliet Zuid,Tarwewijk,992,11279
Z25,Z64,Hoogvliet Zuid,Terbregge,1549,26915
Z25,Z65,Hoogvliet Zuid,Tussendijken,1185,17583
Z25,Z66,Hoogvliet Zuid,Vreewijk,1012,14855
Z25,Z67,Hoogvliet Zuid,Wielewaal,988,10655
Z25,Z68,Hoogvliet Zuid,Zestienhoven,1378,21436
Z25,Z69,Hoogvliet Zuid,Zevenkamp,1685,27961
Z25,Z70,Hoogvliet Zuid,Zuiderpark,899,10351
Z25,Z71,Hoogvliet Zuid,Zuidplein,1047,11717
Z25,Z72,Hoogvliet Zuid,Zuidwijk,890,10522
Z26,Z00,Katendrecht,'s-Gravenland,988,9054
Z26,Z01,Katendrecht,Afrikaanderwijk,292,1901
Z26,Z02,Katendrecht,Agniesebuurt,643,5139
Z26,Z03,Katendrecht,Bedrijvenpark Noord-West,1119,11753
Z26,Z04,Katendrecht,Bergpolder,737,6351
Z26,Z05,Katendrecht,Beverwaard,871,8026
Z26,Z06,Katendrecht,Blijdorp,726,6287
Z26,Z07,Katendrecht,Blijdorpsepolder,974,8396
Z26,Z08,Katendrecht,Bloemhof,364,2486
Z26,Z09,Katendrecht,Bospolder,755,6519
Z26,Z10,Katendrecht,Carnisse,502,3967
Z26,Z11,Katendrecht,Charlois Zuidrand,789,6936
Z26,Z12,Katendrecht,Cool,477,3968
Z26,Z13,Katendrecht,Cs Kwartier,699,5795
Z26,Z14,Katendrecht,De Esch,787,7388
Z26,Z15,Katendrecht,Delfshaven,605,5325
Z26,Z16,Katendrecht,Dijkzigt,545,4778
Z26,Z17,Katendrecht,Feijenoord,431,2841
Z26,Z18,Katendrecht,Groot IJsselmonde,735,6448
Z26,Z19,Katendrecht,Heijplaat,1041,9644
Z26,Z20,Katendrecht,Het Lage Land,1053,12824
Z26,Z21,Katendrecht,Hillegersberg Noord,990,9053
Z26,Z22,Katendrecht,Hillegersberg Zuid,842,7577
Z26,Z23,Katendrecht,Hillesluis,391,2818
Z26,Z24,Katendrecht,Hoogvliet Noord,1129,13510
Z26,Z25,Katendrecht,Hoogvliet Zuid,1284,13767
Z26,Z26,Katendrecht,Katendrecht,78,0
Z26,Z27,Katendrecht,Kleinpolder,909,8114
Z26,Z28,Katendrecht,Kop van Zuid,326,2307
Z26,Z29,Katendrecht,Kop van Zuid - Entrepot,347,2364
Z26,Z30,Katendrecht,Kralingen Oost,749,6756
Z26,Z31,Katendrecht,Kralingen West,685,6030
Z26,Z32,Katendrecht,Kralingse Bos,1019,8060
Z26,Z33,Katendrecht,Kralingseveer,904,9603
Z26,Z34,Katendrecht,Liskwartier,772,6326
Z26,Z35,Katendrecht,Lombardijen,640,5499
Z26,Z36,Katendrecht,Middelland,614,5496
Z26,Z37,Katendrecht,Molenlaankwartier,1080,9681
Z26,Z38,Katendrecht,Nesselande,1508,18918
Z26,Z39,Katendrecht,Nieuw Crooswijk,855,7186
Z26,Z40,Katendrecht,Nieuwe Werk,538,4212
Z26,Z41,Katendrecht,Nieuwe Westen,749,6176
Z26,Z42,Katendrecht,Noord Kethel,1388,15029
Z26,Z43,Katendrecht,Noordereiland,457,3511
Z26,Z44,Katendrecht,Ommoord,1213,11725
Z26,Z45,Katendrecht,Oosterflank,1214,15535
Z26,Z46,Katendrecht,Oud Charlois,473,3914
Z26,Z47,Katendrecht,Oud Crooswijk,703,6140
Z26,Z48,Katendrecht,Oud IJsselmonde,617,5188
Z26,Z49,Katendrecht,Oud Mathenesse,888,8188
Z26,Z50,Katendrecht,Oude Noorden,741,6274
Z26,Z51,Katendrecht,Oude Westen,630,5157
Z26,Z52,Katendrecht,Overschie,1075,9614
Z26,Z53,Katendrecht,Pendrecht,658,5812
Z26,Z54,Katendrecht,Prinsenland,1041,10948
Z26,Z55,Katendrecht,Provenierswijk,722,5779
Z26,Z56,Katendrecht,Rubroek,642,5307
Z26,Z57,Katendrecht,Schiebroek,1076,10182
Z26,Z58,Katendrecht,Schiemond,689,5903
Z26,Z59,Katendrecht,Schieveen,1164,12530
Z26,Z60,Katendrecht,Spangen,858,7358
Z26,Z61,Katendrecht,Stadsdriehoek,488,4140
Z26,Z62,Katendrecht,Struisenburg,573,4975
Z26,Z63,Katendrecht,Tarwewijk,398,2866
Z26,Z64,Katendrecht,Terbregge,1066,10046
Z26,Z65,Katendrecht,Tussendijken,802,6821
Z26,Z66,Katendrecht,Vreewijk,499,4106
Z26,Z67,Katendrecht,Wielewaal,704,5702
Z26,Z68,Katendrecht,Zestienhoven,1033,9662
Z26,Z69,Katendrecht,Zevenkamp,1237,16150
Z26,Z70,Katendrecht,Zuiderpark,530,4773
Z26,Z71,Katendrecht,Zuidplein,470,3544
Z26,Z72,Katendrecht,Zuidwijk,605,5291
Z27,Z00,Kleinpolder,'s-Gravenland,852,12327
Z27,Z01,Kleinpolder,Afrikaanderwijk,809,7752
Z27,Z02,Kleinpolder,Agniesebuurt,407,3771
Z27,Z03,Kleinpolder,Bedrijvenpark Noord-West,364,3333
Z27,Z04,Kleinpolder,Bergpolder,273,3054
Z27,Z05,Kleinpolder,Beverwaard,1129,17732
Z27,Z06,Kleinpolder,Blijdorp,245,2334
Z27,Z07,Kleinpolder,Blijdorpsepolder,243,1481
Z27,Z08,Kleinpolder,Bloemhof,885,8861
Z27,Z09,Kleinpolder,Bospolder,453,4200
Z27,Z10,Kleinpolder,Carnisse,757,7545
Z27,Z11,Kleinpolder,Charlois Zuidrand,1026,10180
Z27,Z12,Kleinpolder,Cool,531,4962
Z27,Z13,Kleinpolder,Cs Kwartier,360,3488
Z27,Z14,Kleinpolder,De Esch,781,12872
Z27,Z15,Kleinpolder,Delfshaven,439,4385
Z27,Z16,Kleinpolder,Dijkzigt,468,4747
Z27,Z17,Kleinpolder,Feijenoord,878,8229
Z27,Z18,Kleinpolder,Groot IJsselmonde,1062,16766
Z27,Z19,Kleinpolder,Heijplaat,1192,17827
Z27,Z20,Kleinpolder,Het Lage Land,805,9821
Z27,Z21,Kleinpolder,Hillegersberg Noord,586,6961
Z27,Z22,Kleinpolder,Hillegersberg Zuid,385,4279
Z27,Z23,Kleinpolder,Hillesluis,887,8524
Z27,Z24,Kleinpolder,Hoogvliet Noord,922,13648
Z27,Z25,Kleinpolder,Hoogvliet Zuid,1206,17043
Z27,Z26,Kleinpolder,Katendrecht,883,8121
Z27,Z27,Kleinpolder,Kleinpolder,82,0
Z27,Z28,Kleinpolder,Kop van Zuid,681,6485
Z27,Z29,Kleinpolder,Kop van Zuid - Entrepot,797,7667
Z27,Z30,Kleinpolder,Kralingen Oost,725,8446
Z27,Z31,Kleinpolder,Kralingen West,620,7148
Z27,Z32,Kleinpolder,Kralingse Bos,755,8042
Z27,Z33,Kleinpolder,Kralingseveer,846,13610
Z27,Z34,Kleinpolder,Liskwartier,374,3932
Z27,Z35,Kleinpolder,Lombardijen,1043,10804
Z27,Z36,Kleinpolder,Middelland,420,4058
Z27,Z37,Kleinpolder,Molenlaankwartier,692,7983
Z27,Z38,Kleinpolder,Nesselande,1068,14954
Z27,Z39,Kleinpolder,Nieuw Crooswijk,447,5594
Z27,Z40,Kleinpolder,Nieuwe Werk,641,6177
Z27,Z41,Kleinpolder,Nieuwe Westen,374,3267
Z27,Z42,Kleinpolder,Noord Kethel,673,6342
Z27,Z43,Kleinpolder,Noordereiland,723,7141
Z27,Z44,Kleinpolder,Ommoord,841,12728
Z27,Z45,Kleinpolder,Oosterflank,779,11693
Z27,Z46,Kleinpolder,Oud Charlois,708,7153
Z27,Z47,Kleinpolder,Oud Crooswijk,497,5088
Z27,Z48,Kleinpolder,Oud IJsselmonde,867,15019
Z27,Z49,Kleinpolder,Oud Mathenesse,405,3957
Z27,Z50,Kleinpolder,Oude Noorden,433,4093
Z27,Z51,Kleinpolder,Oude Westen,446,4170
Z27,Z52,Kleinpolder,Overschie,277,1934
Z27,Z53,Kleinpolder,Pendrecht,900,9252
Z27,Z54,Kleinpolder,Prinsenland,894,12339
Z27,Z55,Kleinpolder,Provenierswijk,354,3347
Z27,Z56,Kleinpolder,Rubroek,536,5236
Z27,Z57,Kleinpolder,Schiebroek,620,6931
Z27,Z58,Kleinpolder,Schiemond,550,4826
Z27,Z59,Kleinpolder,Schieveen,460,6138
Z27,Z60,Kleinpolder,Spangen,429,3664
Z27,Z61,Kleinpolder,Stadsdriehoek,628,5852
Z27,Z62,Kleinpolder,Struisenburg,675,6660
Z27,Z63,Kleinpolder,Tarwewijk,732,7404
Z27,Z64,Kleinpolder,Terbregge,747,13383
Z27,Z65,Kleinpolder,Tussendijken,435,3639
Z27,Z66,Kleinpolder,Vreewijk,925,9492
Z27,Z67,Kleinpolder,Wielewaal,935,8940
Z27,Z68,Kleinpolder,Zestienhoven,418,3581
Z27,Z69,Kleinpolder,Zevenkamp,784,11972
Z27,Z70,Kleinpolder,Zuiderpark,938,9665
Z27,Z71,Kleinpolder,Zuidplein,777,7834
Z27,Z72,Kleinpolder,Zuidwijk,995,10331
Z28,Z00,Kop van Zuid,'s-Gravenland,735,7086
Z28,Z01,Kop van Zuid,Afrikaanderwijk,176,1465
Z28,Z02,Kop van Zuid,Agniesebuurt,383,3135
Z28,Z03,Kop van Zuid,Bedrijvenpark Noord-West,859,9750
Z28,Z04,Kop van Zuid,Bergpolder,478,4347
Z28,Z05,Kop van Zuid,Beverwaard,716,7304
Z28,Z06,Kop van Zuid,Blijdorp,466,4284
Z28,Z07,Kop van Zuid,Blijdorpsepolder,714,6478
Z28,Z08,Kop van Zuid,Bloemhof,261,2033
Z28,Z09,Kop van Zuid,Bospolder,525,4708
Z28,Z10,Kop van Zuid,Carnisse,395,3574
Z28,Z11,Kop van Zuid,Charlois Zuidrand,682,6581
Z28,Z12,Kop van Zuid,Cool,218,2004
Z28,Z13,Kop van Zuid,Cs Kwartier,439,3791
Z28,Z14,Kop van Zuid,De Esch,530,5420
Z28,Z15,Kop van Zuid,Delfshaven,359,3432
Z28,Z16,Kop van Zuid,Dijkzigt,292,2921
Z28,Z17,Kop van Zuid,Feijenoord,280,2122
Z28,Z18,Kop van Zuid,Groot IJsselmonde,611,5850
Z28,Z19,Kop van Zuid,Heijplaat,934,9250
Z28,Z20,Kop van Zuid,Het Lage Land,828,8363
Z28,Z21,Kop van Zuid,Hillegersberg Noord,750,7049
Z28,Z22,Kop van Zuid,Hillegersberg Zuid,606,5652
Z28,Z23,Kop van Zuid,Hillesluis,265,2261
Z28,Z24,Kop van Zuid,Hoogvliet Noord,1032,13118
Z28,Z25,Kop van Zuid,Hoogvliet Zuid,1177,13374
Z28,Z26,Kop van Zuid,Katendrecht,248,1890
Z28,Z27,Kop van Zuid,Kleinpolder,646,6329
Z28,Z28,Kop van Zuid,Kop van Zuid,58,0
Z28,Z29,Kop van Zuid,Kop van Zuid - Entrepot,182,1444
Z28,Z30,Kop van Zuid,Kralingen Oost,496,4892
Z28,Z31,Kop van Zuid,Kralingen West,446,4026
Z28,Z32,Kop van Zuid,Kralingse Bos,780,6056
Z28,Z33,Kop van Zuid,Kralingseveer,664,7005
Z28,Z34,Kop van Zuid,Liskwartier,512,4414
Z28,Z35,Kop van Zuid,Lombardijen,521,4957
Z28,Z36,Kop van Zuid,Middelland,380,3568
Z28,Z37,Kop van Zuid,Molenlaankwartier,825,7712
Z28,Z38,Kop van Zuid,Nesselande,1292,16469
Z28,Z39,Kop van Zuid,Nieuw Crooswijk,598,5182
Z28,Z40,Kop van Zuid,Nieuwe Werk,298,2361
Z28,Z41,Kop van Zuid,Nieuwe Westen,487,4207
Z28,Z42,Kop van Zuid,Noord Kethel,1128,13176
Z28,Z43,Kop van Zuid,Noordereiland,198,1540
Z28,Z44,Kop van Zuid,Ommoord,974,9722
Z28,Z45,Kop van Zuid,Oosterflank,997,13070
Z28,Z46,Kop van Zuid,Oud Charlois,367,3521
Z28,Z47,Kop van Zuid,Oud Crooswijk,443,4366
Z28,Z48,Kop van Zuid,Oud IJsselmonde,467,4573
Z28,Z49,Kop van Zuid,Oud Mathenesse,628,6185
Z28,Z50,Kop van Zuid,Oude Noorden,487,4504
Z28,Z51,Kop van Zuid,Oude Westen,370,3236
Z28,Z52,Kop van Zuid,Overschie,826,7610
Z28,Z53,Kop van Zuid,Pendrecht,557,5454
Z28,Z54,Kop van Zuid,Prinsenland,862,8320
Z28,Z55,Kop van Zuid,Provenierswijk,462,3821
Z28,Z56,Kop van Zuid,Rubroek,382,3376
Z28,Z57,Kop van Zuid,Schiebroek,854,8478
Z28,Z58,Kop van Zuid,Schiemond,429,3962
Z28,Z59,Kop van Zuid,Schieveen,904,10551
Z28,Z60,Kop van Zuid,Spangen,608,5413
Z28,Z61,Kop van Zuid,Stadsdriehoek,228,2150
Z28,Z62,Kop van Zuid,Struisenburg,314,2981
Z28,Z63,Kop van Zuid,Tarwewijk,292,2473
Z28,Z64,Kop van Zuid,Terbregge,811,8195
Z28,Z65,Kop van Zuid,Tussendijken,542,4818
Z28,Z66,Kop van Zuid,Vreewijk,393,3713
Z28,Z67,Kop van Zuid,Wielewaal,602,5306
Z28,Z68,Kop van Zuid,Zestienhoven,773,7658
Z28,Z69,Kop van Zuid,Zevenkamp,1008,13487
Z28,Z70,Kop van Zuid,Zuiderpark,476,4818
Z28,Z71,Kop van Zuid,Zuidplein,337,3138
Z28,Z72,Kop van Zuid,Zuidwijk,498,4970
Z29,Z00,Kop van Zuid - Entrepot,'s-Gravenland,818,7957
Z29,Z01,Kop van Zuid - Entrepot,Afrikaanderwijk,134,881
Z29,Z02,Kop van Zuid - Entrepot,Agniesebuurt,504,4244
Z29,Z03,Kop van Zuid - Entrepot,Bedrijvenpark Noord-West,978,10858
Z29,Z04,Kop van Zuid - Entrepot,Bergpolder,596,5746
Z29,Z05,Kop van Zuid - Entrepot,Beverwaard,641,6588
Z29,Z06,Kop van Zuid - Entrepot,Blijdorp,592,5392
Z29,Z07,Kop van Zuid - Entrepot,Blijdorpsepolder,833,7673
Z29,Z08,Kop van Zuid - Entrepot,Bloemhof,285,2250
Z29,Z09,Kop van Zuid - Entrepot,Bospolder,643,5876
Z29,Z10,Kop van Zuid - Entrepot,Carnisse,447,3686
Z29,Z11,Kop van Zuid - Entrepot,Charlois Zuidrand,741,6728
Z29,Z12,Kop van Zuid - Entrepot,Cool,349,3102
Z29,Z13,Kop van Zuid - Entrepot,Cs Kwartier,558,4900
Z29,Z14,Kop van Zuid - Entrepot,De Esch,621,6272
Z29,Z15,Kop van Zuid - Entrepot,Delfshaven,490,4538
Z29,Z16,Kop van Zuid - Entrepot,Dijkzigt,422,4019
Z29,Z17,Kop van Zuid - Entrepot,Feijenoord,151,921
Z29,Z18,Kop van Zuid - Entrepot,Groot IJsselmonde,533,5029
Z29,Z19,Kop van Zuid - Entrepot,Heijplaat,976,9362
Z29,Z20,Kop van Zuid - Entrepot,Het Lage Land,822,11509
Z29,Z21,Kop van Zuid - Entrepot,Hillegersberg Noord,850,8158
Z29,Z22,Kop van Zuid - Entrepot,Hillegersberg Zuid,708,6918
Z29,Z23,Kop van Zuid - Entrepot,Hillesluis,190,1604
Z29,Z24,Kop van Zuid - Entrepot,Hoogvliet Noord,1085,13618
Z29,Z25,Kop van Zuid - Entrepot,Hoogvliet Zuid,1223,13486
Z29,Z26,Kop van Zuid - Entrepot,Katendrecht,306,2011
Z29,Z27,Kop van Zuid - Entrepot,Kleinpolder,768,7455
Z29,Z28,Kop van Zuid - Entrepot,Kop van Zuid,196,1497
Z29,Z29,Kop van Zuid - Entrepot,Kop van Zuid - Entrepot,59,0
Z29,Z30,Kop van Zuid - Entrepot,Kralingen Oost,583,5658
Z29,Z31,Kop van Zuid - Entrepot,Kralingen West,532,4571
Z29,Z32,Kop van Zuid - Entrepot,Kralingse Bos,854,6741
Z29,Z33,Kop van Zuid - Entrepot,Kralingseveer,684,8225
Z29,Z34,Kop van Zuid - Entrepot,Liskwartier,620,5587
Z29,Z35,Kop van Zuid - Entrepot,Lombardijen,477,4384
Z29,Z36,Kop van Zuid - Entrepot,Middelland,498,4751
Z29,Z37,Kop van Zuid - Entrepot,Molenlaankwartier,921,8812
Z29,Z38,Kop van Zuid - Entrepot,Nesselande,1298,17696
Z29,Z39,Kop van Zuid - Entrepot,Nieuw Crooswijk,670,5822
Z29,Z40,Kop van Zuid - Entrepot,Nieuwe Werk,419,3460
Z29,Z41,Kop van Zuid - Entrepot,Nieuwe Westen,609,5468
Z29,Z42,Kop van Zuid - Entrepot,Noord Kethel,1248,14375
Z29,Z43,Kop van Zuid - Entrepot,Noordereiland,215,1825
Z29,Z44,Kop van Zuid - Entrepot,Ommoord,1010,13226
Z29,Z45,Kop van Zuid - Entrepot,Oosterflank,998,14297
Z29,Z46,Kop van Zuid - Entrepot,Oud Charlois,426,3633
Z29,Z47,Kop van Zuid - Entrepot,Oud Crooswijk,519,4826
Z29,Z48,Kop van Zuid - Entrepot,Oud IJsselmonde,397,3857
Z29,Z49,Kop van Zuid - Entrepot,Oud Mathenesse,747,7293
Z29,Z50,Kop van Zuid - Entrepot,Oude Noorden,554,5222
Z29,Z51,Kop van Zuid - Entrepot,Oude Westen,490,4345
Z29,Z52,Kop van Zuid - Entrepot,Overschie,934,9083
Z29,Z53,Kop van Zuid - Entrepot,Pendrecht,596,5652
Z29,Z54,Kop van Zuid - Entrepot,Prinsenland,855,9474
Z29,Z55,Kop van Zuid - Entrepot,Provenierswijk,582,5172
Z29,Z56,Kop van Zuid - Entrepot,Rubroek,449,3837
Z29,Z57,Kop van Zuid - Entrepot,Schiebroek,984,9575
Z29,Z58,Kop van Zuid - Entrepot,Schiemond,549,5095
Z29,Z59,Kop van Zuid - Entrepot,Schieveen,1030,11855
Z29,Z60,Kop van Zuid - Entrepot,Spangen,739,6510
Z29,Z61,Kop van Zuid - Entrepot,Stadsdriehoek,324,2892
Z29,Z62,Kop van Zuid - Entrepot,Struisenburg,408,3792
Z29,Z63,Kop van Zuid - Entrepot,Tarwewijk,351,3055
Z29,Z64,Kop van Zuid - Entrepot,Terbregge,886,8856
Z29,Z65,Kop van Zuid - Entrepot,Tussendijken,661,5926
Z29,Z66,Kop van Zuid - Entrepot,Vreewijk,405,3077
Z29,Z67,Kop van Zuid - Entrepot,Wielewaal,657,5421
Z29,Z68,Kop van Zuid - Entrepot,Zestienhoven,892,8766
Z29,Z69,Kop van Zuid - Entrepot,Zevenkamp,1000,14713
Z29,Z70,Kop van Zuid - Entrepot,Zuiderpark,520,4821
Z29,Z71,Kop van Zuid - Entrepot,Zuidplein,396,3263
Z29,Z72,Kop van Zuid - Entrepot,Zuidwijk,541,5120
Z30,Z00,Kralingen Oost,'s-Gravenland,327,2507
Z30,Z01,Kralingen Oost,Afrikaanderwijk,642,6173
Z30,Z02,Kralingen Oost,Agniesebuurt,512,4121
Z30,Z03,Kralingen Oost,Bedrijvenpark Noord-West,913,15601
Z30,Z04,Kralingen Oost,Bergpolder,575,6084
Z30,Z05,Kralingen Oost,Beverwaard,714,8384
Z30,Z06,Kralingen Oost,Blijdorp,588,5878
Z30,Z07,Kralingen Oost,Blijdorpsepolder,822,8730
Z30,Z08,Kralingen Oost,Bloemhof,728,6870
Z30,Z09,Kralingen Oost,Bospolder,783,7059
Z30,Z10,Kralingen Oost,Carnisse,841,8177
Z30,Z11,Kralingen Oost,Charlois Zuidrand,1058,17887
Z30,Z12,Kralingen Oost,Cool,433,4228
Z30,Z13,Kralingen Oost,Cs Kwartier,635,5914
Z30,Z14,Kralingen Oost,De Esch,273,2538
Z30,Z15,Kralingen Oost,Delfshaven,636,6246
Z30,Z16,Kralingen Oost,Dijkzigt,496,4897
Z30,Z17,Kralingen Oost,Feijenoord,638,5754
Z30,Z18,Kralingen Oost,Groot IJsselmonde,648,7418
Z30,Z19,Kralingen Oost,Heijplaat,1243,20344
Z30,Z20,Kralingen Oost,Het Lage Land,456,5432
Z30,Z21,Kralingen Oost,Hillegersberg Noord,698,6747
Z30,Z22,Kralingen Oost,Hillegersberg Zuid,577,5707
Z30,Z23,Kralingen Oost,Hillesluis,666,7800
Z30,Z24,Kralingen Oost,Hoogvliet Noord,1279,22882
Z30,Z25,Kralingen Oost,Hoogvliet Zuid,1428,23166
Z30,Z26,Kralingen Oost,Katendrecht,720,6667
Z30,Z27,Kralingen Oost,Kleinpolder,666,8068
Z30,Z28,Kralingen Oost,Kop van Zuid,517,4891
Z30,Z29,Kralingen Oost,Kop van Zuid - Entrepot,557,5410
Z30,Z30,Kralingen Oost,Kralingen Oost,103,0
Z30,Z31,Kralingen Oost,Kralingen West,207,1852
Z30,Z32,Kralingen Oost,Kralingse Bos,470,3467
Z30,Z33,Kralingen Oost,Kralingseveer,423,4201
Z30,Z34,Kralingen Oost,Liskwartier,491,4750
Z30,Z35,Kralingen Oost,Lombardijen,745,8561
Z30,Z36,Kralingen Oost,Middelland,601,5567
Z30,Z37,Kralingen Oost,Molenlaankwartier,639,6411
Z30,Z38,Kralingen Oost,Nesselande,919,11605
Z30,Z39,Kralingen Oost,Nieuw Crooswijk,447,3834
Z30,Z40,Kralingen Oost,Nieuwe Werk,573,5138
Z30,Z41,Kralingen Oost,Nieuwe Westen,707,6266
Z30,Z42,Kralingen Oost,Noord Kethel,1156,14412
Z30,Z43,Kralingen Oost,Noordereiland,469,4540
Z30,Z44,Kralingen Oost,Ommoord,638,7428
Z30,Z45,Kralingen Oost,Oosterflank,618,8220
Z30,Z46,Kralingen Oost,Oud Charlois,792,7830
Z30,Z47,Kralingen Oost,Oud Crooswijk,298,2862
Z30,Z48,Kralingen Oost,Oud IJsselmonde,452,5658
Z30,Z49,Kralingen Oost,Oud Mathenesse,857,10710
Z30,Z50,Kralingen Oost,Oude Noorden,428,4114
Z30,Z51,Kralingen Oost,Oude Westen,566,5312
Z30,Z52,Kralingen Oost,Overschie,846,9448
Z30,Z53,Kralingen Oost,Pendrecht,982,9880
Z30,Z54,Kralingen Oost,Prinsenland,459,3382
Z30,Z55,Kralingen Oost,Provenierswijk,559,5404
Z30,Z56,Kralingen Oost,Rubroek,358,3082
Z30,Z57,Kralingen Oost,Schiebroek,789,11580
Z30,Z58,Kralingen Oost,Schiemond,706,6772
Z30,Z59,Kralingen Oost,Schieveen,906,15438
Z30,Z60,Kralingen Oost,Spangen,849,7912
Z30,Z61,Kralingen Oost,Stadsdriehoek,347,3260
Z30,Z62,Kralingen Oost,Struisenburg,236,2142
Z30,Z63,Kralingen Oost,Tarwewijk,764,7250
Z30,Z64,Kralingen Oost,Terbregge,508,4870
Z30,Z65,Kralingen Oost,Tussendijken,822,7338
Z30,Z66,Kralingen Oost,Vreewijk,733,8134
Z30,Z67,Kralingen Oost,Wielewaal,1023,9617
Z30,Z68,Kralingen Oost,Zestienhoven,811,9052
Z30,Z69,Kralingen Oost,Zevenkamp,634,8637
Z30,Z70,Kralingen Oost,Zuiderpark,894,9788
Z30,Z71,Kralingen Oost,Zuidplein,799,7928
Z30,Z72,Kralingen Oost,Zuidwijk,904,9939
Z31,Z00,Kralingen West,'s-Gravenland,461,4001
Z31,Z01,Kralingen West,Afrikaanderwijk,559,4867
Z31,Z02,Kralingen West,Agniesebuurt,356,2574
Z31,Z03,Kralingen West,Bedrijvenpark Noord-West,786,10472
Z31,Z04,Kralingen West,Bergpolder,441,4286
Z31,Z05,Kralingen West,Beverwaard,832,9484
Z31,Z06,Kralingen West,Blijdorp,439,4214
Z31,Z07,Kralingen West,Blijdorpsepolder,687,6014
Z31,Z08,Kralingen West,Bloemhof,658,5695
Z31,Z09,Kralingen West,Bospolder,675,5570
Z31,Z10,Kralingen West,Carnisse,763,6950
Z31,Z11,Kralingen West,Charlois Zuidrand,1025,9652
Z31,Z12,Kralingen West,Cool,335,2690
Z31,Z13,Kralingen West,Cs Kwartier,536,4350
Z31,Z14,Kralingen West,De Esch,383,3752
Z31,Z15,Kralingen West,Delfshaven,524,4682
Z31,Z16,Kralingen West,Dijkzigt,382,3361
Z31,Z17,Kralingen West,Feijenoord,544,4316
Z31,Z18,Kralingen West,Groot IJsselmonde,753,8454
Z31,Z19,Kralingen West,Heijplaat,1281,12234
Z31,Z20,Kralingen West,Het Lage Land,526,5398
Z31,Z21,Kralingen West,Hillegersberg Noord,566,5508
Z31,Z22,Kralingen West,Hillegersberg Zuid,451,4331
Z31,Z23,Kralingen West,Hillesluis,608,5456
Z31,Z24,Kralingen West,Hoogvliet Noord,1263,20280
Z31,Z25,Kralingen West,Hoogvliet Zuid,1488,16594
Z31,Z26,Kralingen West,Katendrecht,654,5575
Z31,Z27,Kralingen West,Kleinpolder,562,6836
Z31,Z28,Kralingen West,Kop van Zuid,447,3885
Z31,Z29,Kralingen West,Kop van Zuid - Entrepot,490,4034
Z31,Z30,Kralingen West,Kralingen Oost,215,1873
Z31,Z31,Kralingen West,Kralingen West,73,0
Z31,Z32,Kralingen West,Kralingse Bos,426,2764
Z31,Z33,Kralingen West,Kralingseveer,517,5365
Z31,Z34,Kralingen West,Liskwartier,349,3176
Z31,Z35,Kralingen West,Lombardijen,840,9703
Z31,Z36,Kralingen West,Middelland,484,4003
Z31,Z37,Kralingen West,Molenlaankwartier,634,6482
Z31,Z38,Kralingen West,Nesselande,1061,13018
Z31,Z39,Kralingen West,Nieuw Crooswijk,306,2367
Z31,Z40,Kralingen West,Nieuwe Werk,508,4009
Z31,Z41,Kralingen West,Nieuwe Westen,611,4721
Z31,Z42,Kralingen West,Noord Kethel,1034,13179
Z31,Z43,Kralingen West,Noordereiland,403,3279
Z31,Z44,Kralingen West,Ommoord,651,6906
Z31,Z45,Kralingen West,Oosterflank,709,7088
Z31,Z46,Kralingen West,Oud Charlois,709,6558
Z31,Z47,Kralingen West,Oud Crooswijk,156,1384
Z31,Z48,Kralingen West,Oud IJsselmonde,559,6752
Z31,Z49,Kralingen West,Oud Mathenesse,723,9495
Z31,Z50,Kralingen West,Oude Noorden,284,2542
Z31,Z51,Kralingen West,Oude Westen,467,3794
Z31,Z52,Kralingen West,Overschie,728,8229
Z31,Z53,Kralingen West,Pendrecht,903,8769
Z31,Z54,Kralingen West,Prinsenland,601,4787
Z31,Z55,Kralingen West,Provenierswijk,417,3845
Z31,Z56,Kralingen West,Rubroek,213,1460
Z31,Z57,Kralingen West,Schiebroek,724,7089
Z31,Z58,Kralingen West,Schiemond,645,5672
Z31,Z59,Kralingen West,Schieveen,843,10890
Z31,Z60,Kralingen West,Spangen,735,6349
Z31,Z61,Kralingen West,Stadsdriehoek,270,2121
Z31,Z62,Kralingen West,Struisenburg,194,1690
Z31,Z63,Kralingen West,Tarwewijk,692,6578
Z31,Z64,Kralingen West,Terbregge,508,5186
Z31,Z65,Kralingen West,Tussendijken,715,5774
Z31,Z66,Kralingen West,Vreewijk,794,7394
Z31,Z67,Kralingen West,Wielewaal,940,8345
Z31,Z68,Kralingen West,Zestienhoven,688,7836
Z31,Z69,Kralingen West,Zevenkamp,773,10036
Z31,Z70,Kralingen West,Zuiderpark,844,8260
Z31,Z71,Kralingen West,Zuidplein,763,6754
Z31,Z72,Kralingen West,Zuidwijk,899,8611
Z32,Z00,Kralingse Bos,'s-Gravenland,587,4776
Z32,Z01,Kralingse Bos,Afrikaanderwijk,901,7296
Z32,Z02,Kralingse Bos,Agniesebuurt,610,4674
Z32,Z03,Kralingse Bos,Bedrijvenpark Noord-West,941,11247
Z32,Z04,Kralingse Bos,Bergpolder,601,5863
Z32,Z05,Kralingse Bos,Beverwaard,951,10738
Z32,Z06,Kralingse Bos,Blijdorp,682,5931
Z32,Z07,Kralingse Bos,Blijdorpsepolder,842,8298
Z32,Z08,Kralingse Bos,Bloemhof,952,8124
Z32,Z09,Kralingse Bos,Bospolder,1026,8915
Z32,Z10,Kralingse Bos,Carnisse,1078,9379
Z32,Z11,Kralingse Bos,Charlois Zuidrand,1262,12082
Z32,Z12,Kralingse Bos,Cool,693,5093
Z32,Z13,Kralingse Bos,Cs Kwartier,818,6726
Z32,Z14,Kralingse Bos,De Esch,551,4838
Z32,Z15,Kralingse Bos,Delfshaven,882,7111
Z32,Z16,Kralingse Bos,Dijkzigt,740,5762
Z32,Z17,Kralingse Bos,Feijenoord,902,6745
Z32,Z18,Kralingse Bos,Groot IJsselmonde,852,9772
Z32,Z19,Kralingse Bos,Heijplaat,1447,22728
Z32,Z20,Kralingse Bos,Het Lage Land,631,4959
Z32,Z21,Kralingse Bos,Hillegersberg Noord,726,6280
Z32,Z22,Kralingse Bos,Hillegersberg Zuid,597,5255
Z32,Z23,Kralingse Bos,Hillesluis,870,7885
Z32,Z24,Kralingse Bos,Hoogvliet Noord,1406,21030
Z32,Z25,Kralingse Bos,Hoogvliet Zuid,1591,24424
Z32,Z26,Kralingse Bos,Katendrecht,1006,7922
Z32,Z27,Kralingse Bos,Kleinpolder,704,7813
Z32,Z28,Kralingse Bos,Kop van Zuid,805,6314
Z32,Z29,Kralingse Bos,Kop van Zuid - Entrepot,850,6438
Z32,Z30,Kralingse Bos,Kralingen Oost,462,3439
Z32,Z31,Kralingse Bos,Kralingen West,404,2773
Z32,Z32,Kralingse Bos,Kralingse Bos,148,0
Z32,Z33,Kralingse Bos,Kralingseveer,650,6712
Z32,Z34,Kralingse Bos,Liskwartier,560,4533
Z32,Z35,Kralingse Bos,Lombardijen,959,11023
Z32,Z36,Kralingse Bos,Middelland,841,6432
Z32,Z37,Kralingse Bos,Molenlaankwartier,746,7012
Z32,Z38,Kralingse Bos,Nesselande,1130,12223
Z32,Z39,Kralingse Bos,Nieuw Crooswijk,475,3409
Z32,Z40,Kralingse Bos,Nieuwe Werk,863,7095
Z32,Z41,Kralingse Bos,Nieuwe Westen,930,7600
Z32,Z42,Kralingse Bos,Noord Kethel,1177,14084
Z32,Z43,Kralingse Bos,Noordereiland,761,5708
Z32,Z44,Kralingse Bos,Ommoord,779,7078
Z32,Z45,Kralingse Bos,Oosterflank,802,6551
Z32,Z46,Kralingse Bos,Oud Charlois,1067,8987
Z32,Z47,Kralingse Bos,Oud Crooswijk,390,2882
Z32,Z48,Kralingse Bos,Oud IJsselmonde,657,8025
Z32,Z49,Kralingse Bos,Oud Mathenesse,877,10244
Z32,Z50,Kralingse Bos,Oude Noorden,522,4125
Z32,Z51,Kralingse Bos,Oude Westen,825,6224
Z32,Z52,Kralingse Bos,Overschie,870,9094
Z32,Z53,Kralingse Bos,Pendrecht,1243,11025
Z32,Z54,Kralingse Bos,Prinsenland,641,5089
Z32,Z55,Kralingse Bos,Provenierswijk,653,5414
Z32,Z56,Kralingse Bos,Rubroek,494,3676
Z32,Z57,Kralingse Bos,Schiebroek,884,7992
Z32,Z58,Kralingse Bos,Schiemond,1003,8101
Z32,Z59,Kralingse Bos,Schieveen,986,11602
Z32,Z60,Kralingse Bos,Spangen,960,10432
Z32,Z61,Kralingse Bos,Stadsdriehoek,616,5029
Z32,Z62,Kralingse Bos,Struisenburg,531,4063
Z32,Z63,Kralingse Bos,Tarwewijk,988,8505
Z32,Z64,Kralingse Bos,Terbregge,606,5573
Z32,Z65,Kralingse Bos,Tussendijken,1009,9831
Z32,Z66,Kralingse Bos,Vreewijk,941,10604
Z32,Z67,Kralingse Bos,Wielewaal,1298,10775
Z32,Z68,Kralingse Bos,Zestienhoven,831,8585
Z32,Z69,Kralingse Bos,Zevenkamp,914,9540
Z32,Z70,Kralingse Bos,Zuiderpark,1098,10866
Z32,Z71,Kralingse Bos,Zuidplein,1020,9183
Z32,Z72,Kralingse Bos,Zuidwijk,1120,11040
Z33,Z00,Kralingseveer,'s-Gravenland,419,3835
Z33,Z01,Kralingseveer,Afrikaanderwijk,694,8080
Z33,Z02,Kralingseveer,Agniesebuurt,750,7142
Z33,Z03,Kralingseveer,Bedrijvenpark Noord-West,984,17070
Z33,Z04,Kralingseveer,Bergpolder,701,11535
Z33,Z05,Kralingseveer,Beverwaard,711,8314
Z33,Z06,Kralingseveer,Blijdorp,793,12345
Z33,Z07,Kralingseveer,Blijdorpsepolder,942,13817
Z33,Z08,Kralingseveer,Bloemhof,744,8286
Z33,Z09,Kralingseveer,Bospolder,997,9656
Z33,Z10,Kralingseveer,Carnisse,868,9591
Z33,Z11,Kralingseveer,Charlois Zuidrand,1034,17656
Z33,Z12,Kralingseveer,Cool,645,6708
Z33,Z13,Kralingseveer,Cs Kwartier,847,8398
Z33,Z14,Kralingseveer,De Esch,232,2146
Z33,Z15,Kralingseveer,Delfshaven,834,8642
Z33,Z16,Kralingseveer,Dijkzigt,711,7455
Z33,Z17,Kralingseveer,Feijenoord,752,8341
Z33,Z18,Kralingseveer,Groot IJsselmonde,609,7259
Z33,Z19,Kralingseveer,Heijplaat,1208,20166
Z33,Z20,Kralingseveer,Het Lage Land,496,6643
Z33,Z21,Kralingseveer,Hillegersberg Noord,802,12148
Z33,Z22,Kralingseveer,Hillegersberg Zuid,806,12602
Z33,Z23,Kralingseveer,Hillesluis,662,7726
Z33,Z24,Kralingseveer,Hoogvliet Noord,1244,22858
Z33,Z25,Kralingseveer,Hoogvliet Zuid,1397,23136
Z33,Z26,Kralingseveer,Katendrecht,897,9422
Z33,Z27,Kralingseveer,Kleinpolder,773,13143
Z33,Z28,Kralingseveer,Kop van Zuid,709,7262
Z33,Z29,Kralingseveer,Kop van Zuid - Entrepot,713,7915
Z33,Z30,Kralingseveer,Kralingen Oost,394,4006
Z33,Z31,Kralingseveer,Kralingen West,513,5587
Z33,Z32,Kralingseveer,Kralingse Bos,646,6442
Z33,Z33,Kralingseveer,Kralingseveer,58,0
Z33,Z34,Kralingseveer,Liskwartier,815,11969
Z33,Z35,Kralingseveer,Lombardijen,713,8306
Z33,Z36,Kralingseveer,Middelland,813,8026
Z33,Z37,Kralingseveer,Molenlaankwartier,709,9035
Z33,Z38,Kralingseveer,Nesselande,938,12788
Z33,Z39,Kralingseveer,Nieuw Crooswijk,717,8646
Z33,Z40,Kralingseveer,Nieuwe Werk,767,7508
Z33,Z41,Kralingseveer,Nieuwe Westen,911,8700
Z33,Z42,Kralingseveer,Noord Kethel,1264,19487
Z33,Z43,Kralingseveer,Noordereiland,674,6911
Z33,Z44,Kralingseveer,Ommoord,691,8718
Z33,Z45,Kralingseveer,Oosterflank,574,5669
Z33,Z46,Kralingseveer,Oud Charlois,932,10602
Z33,Z47,Kralingseveer,Oud Crooswijk,643,6572
Z33,Z48,Kralingseveer,Oud IJsselmonde,443,5355
Z33,Z49,Kralingseveer,Oud Mathenesse,966,15839
Z33,Z50,Kralingseveer,Oude Noorden,735,7521
Z33,Z51,Kralingseveer,Oude Westen,768,7695
Z33,Z52,Kralingseveer,Overschie,937,16612
Z33,Z53,Kralingseveer,Pendrecht,994,11342
Z33,Z54,Kralingseveer,Prinsenland,474,4234
Z33,Z55,Kralingseveer,Provenierswijk,823,12373
Z33,Z56,Kralingseveer,Rubroek,635,6377
Z33,Z57,Kralingseveer,Schiebroek,865,13219
Z33,Z58,Kralingseveer,Schiemond,912,9110
Z33,Z59,Kralingseveer,Schieveen,928,16895
Z33,Z60,Kralingseveer,Spangen,1052,16137
Z33,Z61,Kralingseveer,Stadsdriehoek,537,5521
Z33,Z62,Kralingseveer,Struisenburg,435,4507
Z33,Z63,Kralingseveer,Tarwewijk,844,9554
Z33,Z64,Kralingseveer,Terbregge,544,7346
Z33,Z65,Kralingseveer,Tussendijken,1034,9869
Z33,Z66,Kralingseveer,Vreewijk,705,7922
Z33,Z67,Kralingseveer,Wielewaal,1164,12390
Z33,Z68,Kralingseveer,Zestienhoven,916,14240
Z33,Z69,Kralingseveer,Zevenkamp,694,10094
Z33,Z70,Kralingseveer,Zuiderpark,866,9603
Z33,Z71,Kralingseveer,Zuidplein,814,9178
Z33,Z72,Kralingseveer,Zuidwijk,900,9722
Z34,Z00,Liskwartier,'s-Gravenland,762,9947
Z34,Z01,Liskwartier,Afrikaanderwijk,739,6237
Z34,Z02,Liskwartier,Agniesebuurt,197,1321
Z34,Z03,Liskwartier,Bedrijvenpark Noord-West,578,7043
Z34,Z04,Liskwartier,Bergpolder,177,1269
Z34,Z05,Liskwartier,Beverwaard,1080,16420
Z34,Z06,Liskwartier,Blijdorp,206,1552
Z34,Z07,Liskwartier,Blijdorpsepolder,450,3403
Z34,Z08,Liskwartier,Bloemhof,837,6996
Z34,Z09,Liskwartier,Bospolder,636,5286
Z34,Z10,Liskwartier,Carnisse,735,6841
Z34,Z11,Liskwartier,Charlois Zuidrand,991,9390
Z34,Z12,Liskwartier,Cool,484,3979
Z34,Z13,Liskwartier,Cs Kwartier,342,2723
Z34,Z14,Liskwartier,De Esch,708,7256
Z34,Z15,Liskwartier,Delfshaven,495,4569
Z34,Z16,Liskwartier,Dijkzigt,438,4043
Z34,Z17,Liskwartier,Feijenoord,723,5696
Z34,Z18,Liskwartier,Groot IJsselmonde,1000,15215
Z34,Z19,Liskwartier,Heijplaat,1246,12040
Z34,Z20,Liskwartier,Het Lage Land,650,6654
Z34,Z21,Liskwartier,Hillegersberg Noord,368,3434
Z34,Z22,Liskwartier,Hillegersberg Zuid,165,1404
Z34,Z23,Liskwartier,Hillesluis,795,6836
Z34,Z24,Liskwartier,Hoogvliet Noord,1050,17251
Z34,Z25,Liskwartier,Hoogvliet Zuid,1326,20448
Z34,Z26,Liskwartier,Katendrecht,827,6872
Z34,Z27,Liskwartier,Kleinpolder,344,3796
Z34,Z28,Liskwartier,Kop van Zuid,626,5174
Z34,Z29,Liskwartier,Kop van Zuid - Entrepot,655,5389
Z34,Z30,Liskwartier,Kralingen Oost,529,4928
Z34,Z31,Liskwartier,Kralingen West,406,3517
Z34,Z32,Liskwartier,Kralingse Bos,609,4875
Z34,Z33,Liskwartier,Kralingseveer,792,12156
Z34,Z34,Liskwartier,Liskwartier,55,0
Z34,Z35,Liskwartier,Lombardijen,1022,10043
Z34,Z36,Liskwartier,Middelland,395,3269
Z34,Z37,Liskwartier,Molenlaankwartier,486,4238
Z34,Z38,Liskwartier,Nesselande,1003,13404
Z34,Z39,Liskwartier,Nieuw Crooswijk,314,2545
Z34,Z40,Liskwartier,Nieuwe Werk,610,5410
Z34,Z41,Liskwartier,Nieuwe Westen,469,3717
Z34,Z42,Liskwartier,Noord Kethel,830,10140
Z34,Z43,Liskwartier,Noordereiland,566,4546
Z34,Z44,Liskwartier,Ommoord,755,10426
Z34,Z45,Liskwartier,Oosterflank,730,10143
Z34,Z46,Liskwartier,Oud Charlois,684,6449
Z34,Z47,Liskwartier,Oud Crooswijk,268,2193
Z34,Z48,Liskwartier,Oud IJsselmonde,818,13468
Z34,Z49,Liskwartier,Oud Mathenesse,531,6268
Z34,Z50,Liskwartier,Oude Noorden,179,1180
Z34,Z51,Liskwartier,Oude Westen,429,3381
Z34,Z52,Liskwartier,Overschie,524,5090
Z34,Z53,Liskwartier,Pendrecht,865,8487
Z34,Z54,Liskwartier,Prinsenland,793,10617
Z34,Z55,Liskwartier,Provenierswijk,196,1449
Z34,Z56,Liskwartier,Rubroek,346,2313
Z34,Z57,Liskwartier,Schiebroek,462,4227
Z34,Z58,Liskwartier,Schiemond,615,5552
Z34,Z59,Liskwartier,Schieveen,631,7585
Z34,Z60,Liskwartier,Spangen,588,4403
Z34,Z61,Liskwartier,Stadsdriehoek,494,3790
Z34,Z62,Liskwartier,Struisenburg,520,4408
Z34,Z63,Liskwartier,Tarwewijk,709,6700
Z34,Z64,Liskwartier,Terbregge,581,5295
Z34,Z65,Liskwartier,Tussendijken,586,4345
Z34,Z66,Liskwartier,Vreewijk,896,8725
Z34,Z67,Liskwartier,Wielewaal,908,8236
Z34,Z68,Liskwartier,Zestienhoven,475,4590
Z34,Z69,Liskwartier,Zevenkamp,735,10712
Z34,Z70,Liskwartier,Zuiderpark,909,8876
Z34,Z71,Liskwartier,Zuidplein,742,7107
Z34,Z72,Liskwartier,Zuidwijk,965,9541
Z35,Z00,Lombardijen,'s-Gravenland,845,9602
Z35,Z01,Lombardijen,Afrikaanderwijk,482,4207
Z35,Z02,Lombardijen,Agniesebuurt,884,7926
Z35,Z03,Lombardijen,Bedrijvenpark Noord-West,1227,21854
Z35,Z04,Lombardijen,Bergpolder,962,9841
Z35,Z05,Lombardijen,Beverwaard,478,4606
Z35,Z06,Lombardijen,Blijdorp,919,9100
Z35,Z07,Lombardijen,Blijdorpsepolder,1090,10382
Z35,Z08,Lombardijen,Bloemhof,437,3296
Z35,Z09,Lombardijen,Bospolder,921,8675
Z35,Z10,Lombardijen,Carnisse,462,4062
Z35,Z11,Lombardijen,Charlois Zuidrand,571,5402
Z35,Z12,Lombardijen,Cool,725,6756
Z35,Z13,Lombardijen,Cs Kwartier,826,8240
Z35,Z14,Lombardijen,De Esch,660,7767
Z35,Z15,Lombardijen,Delfshaven,766,7398
Z35,Z16,Lombardijen,Dijkzigt,692,7090
Z35,Z17,Lombardijen,Feijenoord,516,4595
Z35,Z18,Lombardijen,Groot IJsselmonde,365,3241
Z35,Z19,Lombardijen,Heijplaat,752,10736
Z35,Z20,Lombardijen,Het Lage Land,812,11191
Z35,Z21,Lombardijen,Hillegersberg Noord,1118,16738
Z35,Z22,Lombardijen,Hillegersberg Zuid,1076,10908
Z35,Z23,Lombardijen,Hillesluis,352,3097
Z35,Z24,Lombardijen,Hoogvliet Noord,787,13252
Z35,Z25,Lombardijen,Hoogvliet Zuid,941,13674
Z35,Z26,Lombardijen,Katendrecht,600,5167
Z35,Z27,Lombardijen,Kleinpolder,1040,10851
Z35,Z28,Lombardijen,Kop van Zuid,561,5180
Z35,Z29,Lombardijen,Kop van Zuid - Entrepot,466,4381
Z35,Z30,Lombardijen,Kralingen Oost,719,8584
Z35,Z31,Lombardijen,Kralingen West,865,9607
Z35,Z32,Lombardijen,Kralingse Bos,942,10744
Z35,Z33,Lombardijen,Kralingseveer,665,7852
Z35,Z34,Lombardijen,Liskwartier,992,9390
Z35,Z35,Lombardijen,Lombardijen,117,0
Z35,Z36,Lombardijen,Middelland,761,7473
Z35,Z37,Lombardijen,Molenlaankwartier,1009,13446
Z35,Z38,Lombardijen,Nesselande,1278,17378
Z35,Z39,Lombardijen,Nieuw Crooswijk,1007,13236
Z35,Z40,Lombardijen,Nieuwe Werk,783,7012
Z35,Z41,Lombardijen,Nieuwe Westen,868,8156
Z35,Z42,Lombardijen,Noord Kethel,1305,21392
Z35,Z43,Lombardijen,Noordereiland,582,5492
Z35,Z44,Lombardijen,Ommoord,1009,13186
Z35,Z45,Lombardijen,Oosterflank,977,13979
Z35,Z46,Lombardijen,Oud Charlois,536,4822
Z35,Z47,Lombardijen,Oud Crooswijk,892,8579
Z35,Z48,Lombardijen,Oud IJsselmonde,479,4354
Z35,Z49,Lombardijen,Oud Mathenesse,1019,10262
Z35,Z50,Lombardijen,Oude Noorden,927,8885
Z35,Z51,Lombardijen,Oude Westen,774,7522
Z35,Z52,Lombardijen,Overschie,1221,14068
Z35,Z53,Lombardijen,Pendrecht,431,4216
Z35,Z54,Lombardijen,Prinsenland,845,9157
Z35,Z55,Lombardijen,Provenierswijk,957,9158
Z35,Z56,Lombardijen,Rubroek,806,7591
Z35,Z57,Lombardijen,Schiebroek,1171,17521
Z35,Z58,Lombardijen,Schiemond,824,7929
Z35,Z59,Lombardijen,Schieveen,1265,21197
Z35,Z60,Lombardijen,Spangen,1000,9418
Z35,Z61,Lombardijen,Stadsdriehoek,696,6518
Z35,Z62,Lombardijen,Struisenburg,745,8618
Z35,Z63,Lombardijen,Tarwewijk,476,4365
Z35,Z64,Lombardijen,Terbregge,877,11920
Z35,Z65,Lombardijen,Tussendijken,932,8845
Z35,Z66,Lombardijen,Vreewijk,238,1997
Z35,Z67,Lombardijen,Wielewaal,684,6096
Z35,Z68,Lombardijen,Zestienhoven,1226,18542
Z35,Z69,Lombardijen,Zevenkamp,989,14396
Z35,Z70,Lombardijen,Zuiderpark,346,3092
Z35,Z71,Lombardijen,Zuidplein,381,3252
Z35,Z72,Lombardijen,Zuidwijk,270,2593
Z36,Z00,Middelland,'s-Gravenland,854,7584
Z36,Z01,Middelland,Afrikaanderwijk,535,5124
Z36,Z02,Middelland,Agniesebuurt,322,2814
Z36,Z03,Middelland,Bedrijvenpark Noord-West,602,7389
Z36,Z04,Middelland,Bergpolder,322,2979
Z36,Z05,Middelland,Beverwaard,1076,10946
Z36,Z06,Middelland,Blijdorp,254,2226
Z36,Z07,Middelland,Blijdorpsepolder,452,3261
Z36,Z08,Middelland,Bloemhof,607,5721
Z36,Z09,Middelland,Bospolder,337,2209
Z36,Z10,Middelland,Carnisse,483,4407
Z36,Z11,Middelland,Charlois Zuidrand,740,7019
Z36,Z12,Middelland,Cool,242,1763
Z36,Z13,Middelland,Cs Kwartier,169,1382
Z36,Z14,Middelland,De Esch,681,6232
Z36,Z15,Middelland,Delfshaven,201,1683
Z36,Z16,Middelland,Dijkzigt,172,1577
Z36,Z17,Middelland,Feijenoord,625,5136
Z36,Z18,Middelland,Groot IJsselmonde,948,9293
Z36,Z19,Middelland,Heijplaat,997,9669
Z36,Z20,Middelland,Het Lage Land,806,8545
Z36,Z21,Middelland,Hillegersberg Noord,620,5838
Z36,Z22,Middelland,Hillegersberg Zuid,433,4244
Z36,Z23,Middelland,Hillesluis,613,5875
Z36,Z24,Middelland,Hoogvliet Noord,1091,13652
Z36,Z25,Middelland,Hoogvliet Zuid,1235,13909
Z36,Z26,Middelland,Katendrecht,613,5536
Z36,Z27,Middelland,Kleinpolder,395,3924
Z36,Z28,Middelland,Kop van Zuid,412,3837
Z36,Z29,Middelland,Kop van Zuid - Entrepot,530,4853
Z36,Z30,Middelland,Kralingen Oost,607,5584
Z36,Z31,Middelland,Kralingen West,493,4364
Z36,Z32,Middelland,Kralingse Bos,765,6765
Z36,Z33,Middelland,Kralingseveer,817,7881
Z36,Z34,Middelland,Liskwartier,386,3181
Z36,Z35,Middelland,Lombardijen,772,7672
Z36,Z36,Middelland,Middelland,59,0
Z36,Z37,Middelland,Molenlaankwartier,712,6492
Z36,Z38,Middelland,Nesselande,1162,15107
Z36,Z39,Middelland,Nieuw Crooswijk,521,5486
Z36,Z40,Middelland,Nieuwe Werk,346,2788
Z36,Z41,Middelland,Nieuwe Westen,157,1033
Z36,Z42,Middelland,Noord Kethel,919,9124
Z36,Z43,Middelland,Noordereiland,468,4003
Z36,Z44,Middelland,Ommoord,911,12334
Z36,Z45,Middelland,Oosterflank,874,11879
Z36,Z46,Middelland,Oud Charlois,431,4056
Z36,Z47,Middelland,Oud Crooswijk,397,3798
Z36,Z48,Middelland,Oud IJsselmonde,822,8169
Z36,Z49,Middelland,Oud Mathenesse,411,3375
Z36,Z50,Middelland,Oude Noorden,395,3409
Z36,Z51,Middelland,Oude Westen,152,1065
Z36,Z52,Middelland,Overschie,565,5275
Z36,Z53,Middelland,Pendrecht,616,6094
Z36,Z54,Middelland,Prinsenland,931,10013
Z36,Z55,Middelland,Provenierswijk,296,2300
Z36,Z56,Middelland,Rubroek,342,3131
Z36,Z57,Middelland,Schiebroek,698,7047
Z36,Z58,Middelland,Schiemond,305,2652
Z36,Z59,Middelland,Schieveen,668,8591
Z36,Z60,Middelland,Spangen,304,2008
Z36,Z61,Middelland,Stadsdriehoek,358,2910
Z36,Z62,Middelland,Struisenburg,467,3897
Z36,Z63,Middelland,Tarwewijk,461,4268
Z36,Z64,Middelland,Terbregge,789,8278
Z36,Z65,Middelland,Tussendijken,295,1921
Z36,Z66,Middelland,Vreewijk,647,6313
Z36,Z67,Middelland,Wielewaal,656,5843
Z36,Z68,Middelland,Zestienhoven,618,6326
Z36,Z69,Middelland,Zevenkamp,878,12158
Z36,Z70,Middelland,Zuiderpark,660,6504
Z36,Z71,Middelland,Zuidplein,489,4654
Z36,Z72,Middelland,Zuidwijk,717,7170
Z37,Z00,Molenlaankwartier,'s-Gravenland,672,7592
Z37,Z01,Molenlaankwartier,Afrikaanderwijk,959,12996
Z37,Z02,Molenlaankwartier,Agniesebuurt,525,4724
Z37,Z03,Molenlaankwartier,Bedrijvenpark Noord-West,696,9664
Z37,Z04,Molenlaankwartier,Bergpolder,500,4821
Z37,Z05,Molenlaankwartier,Beverwaard,978,13243
Z37,Z06,Molenlaankwartier,Blijdorp,554,5304
Z37,Z07,Molenlaankwartier,Blijdorpsepolder,765,6866
Z37,Z08,Molenlaankwartier,Bloemhof,1006,13114
Z37,Z09,Molenlaankwartier,Bospolder,961,9629
Z37,Z10,Molenlaankwartier,Carnisse,1076,10204
Z37,Z11,Molenlaankwartier,Charlois Zuidrand,1316,22676
Z37,Z12,Molenlaankwartier,Cool,763,7377
Z37,Z13,Molenlaankwartier,Cs Kwartier,691,6146
Z37,Z14,Molenlaankwartier,De Esch,624,8458
Z37,Z15,Molenlaankwartier,Delfshaven,851,8012
Z37,Z16,Molenlaankwartier,Dijkzigt,787,7406
Z37,Z17,Molenlaankwartier,Feijenoord,972,8881
Z37,Z18,Molenlaankwartier,Groot IJsselmonde,889,12212
Z37,Z19,Molenlaankwartier,Heijplaat,1501,25163
Z37,Z20,Molenlaankwartier,Het Lage Land,468,4478
Z37,Z21,Molenlaankwartier,Hillegersberg Noord,192,1581
Z37,Z22,Molenlaankwartier,Hillegersberg Zuid,366,3315
Z37,Z23,Molenlaankwartier,Hillesluis,924,12603
Z37,Z24,Molenlaankwartier,Hoogvliet Noord,1347,20185
Z37,Z25,Molenlaankwartier,Hoogvliet Zuid,1629,23579
Z37,Z26,Molenlaankwartier,Katendrecht,1100,10238
Z37,Z27,Molenlaankwartier,Kleinpolder,646,6954
Z37,Z28,Molenlaankwartier,Kop van Zuid,879,8450
Z37,Z29,Molenlaankwartier,Kop van Zuid - Entrepot,920,8722
Z37,Z30,Molenlaankwartier,Kralingen Oost,599,7339
Z37,Z31,Molenlaankwartier,Kralingen West,650,6351
Z37,Z32,Molenlaankwartier,Kralingse Bos,758,7012
Z37,Z33,Molenlaankwartier,Kralingseveer,701,9162
Z37,Z34,Molenlaankwartier,Liskwartier,419,3965
Z37,Z35,Molenlaankwartier,Lombardijen,1013,13462
Z37,Z36,Molenlaankwartier,Middelland,744,6729
Z37,Z37,Molenlaankwartier,Molenlaankwartier,105,0
Z37,Z38,Molenlaankwartier,Nesselande,936,9264
Z37,Z39,Molenlaankwartier,Nieuw Crooswijk,502,4117
Z37,Z40,Molenlaankwartier,Nieuwe Werk,937,8602
Z37,Z41,Molenlaankwartier,Nieuwe Westen,806,7079
Z37,Z42,Molenlaankwartier,Noord Kethel,1118,13239
Z37,Z43,Molenlaankwartier,Noordereiland,831,7844
Z37,Z44,Molenlaankwartier,Ommoord,438,4216
Z37,Z45,Molenlaankwartier,Oosterflank,652,6045
Z37,Z46,Molenlaankwartier,Oud Charlois,1022,9811
Z37,Z47,Molenlaankwartier,Oud Crooswijk,512,4957
Z37,Z48,Molenlaankwartier,Oud IJsselmonde,711,10474
Z37,Z49,Molenlaankwartier,Oud Mathenesse,819,9399
Z37,Z50,Molenlaankwartier,Oude Noorden,454,4196
Z37,Z51,Molenlaankwartier,Oude Westen,767,6862
Z37,Z52,Molenlaankwartier,Overschie,678,9418
Z37,Z53,Molenlaankwartier,Pendrecht,1245,12118
Z37,Z54,Molenlaankwartier,Prinsenland,659,6130
Z37,Z55,Molenlaankwartier,Provenierswijk,526,4874
Z37,Z56,Molenlaankwartier,Rubroek,597,5498
Z37,Z57,Molenlaankwartier,Schiebroek,341,3013
Z37,Z58,Molenlaankwartier,Schiemond,964,8996
Z37,Z59,Molenlaankwartier,Schieveen,685,9320
Z37,Z60,Molenlaankwartier,Spangen,901,9948
Z37,Z61,Molenlaankwartier,Stadsdriehoek,743,6975
Z37,Z62,Molenlaankwartier,Struisenburg,715,9387
Z37,Z63,Molenlaankwartier,Tarwewijk,1058,10146
Z37,Z64,Molenlaankwartier,Terbregge,209,1869
Z37,Z65,Molenlaankwartier,Tussendijken,932,7713
Z37,Z66,Molenlaankwartier,Vreewijk,995,13053
Z37,Z67,Molenlaankwartier,Wielewaal,1254,11599
Z37,Z68,Molenlaankwartier,Zestienhoven,630,6399
Z37,Z69,Molenlaankwartier,Zevenkamp,665,6443
Z37,Z70,Molenlaankwartier,Zuiderpark,1152,14672
Z37,Z71,Molenlaankwartier,Zuidplein,1116,14087
Z37,Z72,Molenlaankwartier,Zuidwijk,1175,14845
Z38,Z00,Nesselande,'s-Gravenland,991,11973
Z38,Z01,Nesselande,Afrikaanderwijk,1282,17398
Z38,Z02,Nesselande,Agniesebuurt,1101,14043
Z38,Z03,Nesselande,Bedrijvenpark Noord-West,1190,17902
Z38,Z04,Nesselande,Bergpolder,921,12544
Z38,Z05,Nesselande,Beverwaard,1298,17590
Z38,Z06,Nesselande,Blijdorp,1007,13275
Z38,Z07,Nesselande,Blijdorpsepolder,1156,14842
Z38,Z08,Nesselande,Bloemhof,1331,17517
Z38,Z09,Nesselande,Bospolder,1354,17863
Z38,Z10,Nesselande,Carnisse,1455,18912
Z38,Z11,Nesselande,Charlois Zuidrand,1634,26976
Z38,Z12,Nesselande,Cool,1245,16063
Z38,Z13,Nesselande,Cs Kwartier,1136,14705
Z38,Z14,Nesselande,De Esch,943,12705
Z38,Z15,Nesselande,Delfshaven,1290,16406
Z38,Z16,Nesselande,Dijkzigt,1250,15989
Z38,Z17,Nesselande,Feijenoord,1339,17607
Z38,Z18,Nesselande,Groot IJsselmonde,1209,16593
Z38,Z19,Nesselande,Heijplaat,1796,29477
Z38,Z20,Nesselande,Het Lage Land,713,6982
Z38,Z21,Nesselande,Hillegersberg Noord,1024,12989
Z38,Z22,Nesselande,Hillegersberg Zuid,1020,13627
Z38,Z23,Nesselande,Hillesluis,1250,17006
Z38,Z24,Nesselande,Hoogvliet Noord,1702,27614
Z38,Z25,Nesselande,Hoogvliet Zuid,1978,30848
Z38,Z26,Nesselande,Katendrecht,1484,18757
Z38,Z27,Nesselande,Kleinpolder,988,14177
Z38,Z28,Nesselande,Kop van Zuid,1309,16616
Z38,Z29,Nesselande,Kop van Zuid - Entrepot,1300,17668
Z38,Z30,Nesselande,Kralingen Oost,924,11672
Z38,Z31,Nesselande,Kralingen West,1053,13119
Z38,Z32,Nesselande,Kralingse Bos,1122,12385
Z38,Z33,Nesselande,Kralingseveer,986,13347
Z38,Z34,Nesselande,Liskwartier,1030,13354
Z38,Z35,Nesselande,Lombardijen,1300,17631
Z38,Z36,Nesselande,Middelland,1191,15171
Z38,Z37,Nesselande,Molenlaankwartier,949,9226
Z38,Z38,Nesselande,Nesselande,135,0
Z38,Z39,Nesselande,Nieuw Crooswijk,1080,10639
Z38,Z40,Nesselande,Nieuwe Werk,1367,16863
Z38,Z41,Nesselande,Nieuwe Westen,1270,15662
Z38,Z42,Nesselande,Noord Kethel,1478,20521
Z38,Z43,Nesselande,Noordereiland,1274,16266
Z38,Z44,Nesselande,Ommoord,639,6120
Z38,Z45,Nesselande,Oosterflank,667,6356
Z38,Z46,Nesselande,Oud Charlois,1486,18394
Z38,Z47,Nesselande,Oud Crooswijk,1023,10912
Z38,Z48,Nesselande,Oud IJsselmonde,1030,14683
Z38,Z49,Nesselande,Oud Mathenesse,1181,16829
Z38,Z50,Nesselande,Oude Noorden,1122,14286
Z38,Z51,Nesselande,Oude Westen,1198,15215
Z38,Z52,Nesselande,Overschie,1143,17415
Z38,Z53,Nesselande,Pendrecht,1586,20668
Z38,Z54,Nesselande,Prinsenland,936,9264
Z38,Z55,Nesselande,Provenierswijk,1047,13574
Z38,Z56,Nesselande,Rubroek,1135,11786
Z38,Z57,Nesselande,Schiebroek,1081,13939
Z38,Z58,Nesselande,Schiemond,1395,18730
Z38,Z59,Nesselande,Schieveen,1141,17633
Z38,Z60,Nesselande,Spangen,1273,17171
Z38,Z61,Nesselande,Stadsdriehoek,1138,14878
Z38,Z62,Nesselande,Struisenburg,1035,13767
Z38,Z63,Nesselande,Tarwewijk,1443,18784
Z38,Z64,Nesselande,Terbregge,816,7722
Z38,Z65,Nesselande,Tussendijken,1322,17962
Z38,Z66,Nesselande,Vreewijk,1292,17247
Z38,Z67,Nesselande,Wielewaal,1717,20182
Z38,Z68,Nesselande,Zestienhoven,1134,16319
Z38,Z69,Nesselande,Zevenkamp,366,3314
Z38,Z70,Nesselande,Zuiderpark,1453,18928
Z38,Z71,Nesselande,Zuidplein,1401,18489
Z38,Z72,Nesselande,Zuidwijk,1488,19048
Z39,Z00,Nieuw Crooswijk,'s-Gravenland,666,5845
Z39,Z01,Nieuw Crooswijk,Afrikaanderwijk,731,6363
Z39,Z02,Nieuw Crooswijk,Agniesebuurt,360,2930
Z39,Z03,Nieuw Crooswijk,Bedrijvenpark Noord-West,641,8720
Z39,Z04,Nieuw Crooswijk,Bergpolder,330,3432
Z39,Z05,Nieuw Crooswijk,Beverwaard,999,13212
Z39,Z06,Nieuw Crooswijk,Blijdorp,394,4113
Z39,Z07,Nieuw Crooswijk,Blijdorpsepolder,586,6028
Z39,Z08,Nieuw Crooswijk,Bloemhof,825,7191
Z39,Z09,Nieuw Crooswijk,Bospolder,740,9031
Z39,Z10,Nieuw Crooswijk,Carnisse,909,8446
Z39,Z11,Nieuw Crooswijk,Charlois Zuidrand,1178,11148
Z39,Z12,Nieuw Crooswijk,Cool,502,4160
Z39,Z13,Nieuw Crooswijk,Cs Kwartier,524,5481
Z39,Z14,Nieuw Crooswijk,De Esch,630,7941
Z39,Z15,Nieuw Crooswijk,Delfshaven,667,6178
Z39,Z16,Nieuw Crooswijk,Dijkzigt,557,4829
Z39,Z17,Nieuw Crooswijk,Feijenoord,711,5812
Z39,Z18,Nieuw Crooswijk,Groot IJsselmonde,896,12157
Z39,Z19,Nieuw Crooswijk,Heijplaat,1375,22444
Z39,Z20,Nieuw Crooswijk,Het Lage Land,494,4301
Z39,Z21,Nieuw Crooswijk,Hillegersberg Noord,460,4273
Z39,Z22,Nieuw Crooswijk,Hillegersberg Zuid,298,2729
Z39,Z23,Nieuw Crooswijk,Hillesluis,775,6952
Z39,Z24,Nieuw Crooswijk,Hoogvliet Noord,1112,18630
Z39,Z25,Nieuw Crooswijk,Hoogvliet Zuid,1390,21897
Z39,Z26,Nieuw Crooswijk,Katendrecht,823,6998
Z39,Z27,Nieuw Crooswijk,Kleinpolder,405,5342
Z39,Z28,Nieuw Crooswijk,Kop van Zuid,615,5381
Z39,Z29,Nieuw Crooswijk,Kop van Zuid - Entrepot,650,5505
Z39,Z30,Nieuw Crooswijk,Kralingen Oost,438,3871
Z39,Z31,Nieuw Crooswijk,Kralingen West,328,2498
Z39,Z32,Nieuw Crooswijk,Kralingse Bos,484,3419
Z39,Z33,Nieuw Crooswijk,Kralingseveer,729,8912
Z39,Z34,Nieuw Crooswijk,Liskwartier,269,2292
Z39,Z35,Nieuw Crooswijk,Lombardijen,1018,12867
Z39,Z36,Nieuw Crooswijk,Middelland,582,5947
Z39,Z37,Nieuw Crooswijk,Molenlaankwartier,528,4704
Z39,Z38,Nieuw Crooswijk,Nesselande,1085,10605
Z39,Z39,Nieuw Crooswijk,Nieuw Crooswijk,83,0
Z39,Z40,Nieuw Crooswijk,Nieuwe Werk,687,5505
Z39,Z41,Nieuw Crooswijk,Nieuwe Westen,656,6491
Z39,Z42,Nieuw Crooswijk,Noord Kethel,877,11681
Z39,Z43,Nieuw Crooswijk,Noordereiland,569,4775
Z39,Z44,Nieuw Crooswijk,Ommoord,619,6064
Z39,Z45,Nieuw Crooswijk,Oosterflank,678,5877
Z39,Z46,Nieuw Crooswijk,Oud Charlois,870,8054
Z39,Z47,Nieuw Crooswijk,Oud Crooswijk,194,1470
Z39,Z48,Nieuw Crooswijk,Oud IJsselmonde,737,10246
Z39,Z49,Nieuw Crooswijk,Oud Mathenesse,577,7750
Z39,Z50,Nieuw Crooswijk,Oude Noorden,284,2246
Z39,Z51,Nieuw Crooswijk,Oude Westen,591,5941
Z39,Z52,Nieuw Crooswijk,Overschie,590,6746
Z39,Z53,Nieuw Crooswijk,Pendrecht,1052,10193
Z39,Z54,Nieuw Crooswijk,Prinsenland,685,6505
Z39,Z55,Nieuw Crooswijk,Provenierswijk,377,3167
Z39,Z56,Nieuw Crooswijk,Rubroek,309,2299
Z39,Z57,Nieuw Crooswijk,Schiebroek,584,5429
Z39,Z58,Nieuw Crooswijk,Schiemond,783,8172
Z39,Z59,Nieuw Crooswijk,Schieveen,686,9428
Z39,Z60,Nieuw Crooswijk,Spangen,702,8266
Z39,Z61,Nieuw Crooswijk,Stadsdriehoek,442,3661
Z39,Z62,Nieuw Crooswijk,Struisenburg,440,3463
Z39,Z63,Nieuw Crooswijk,Tarwewijk,859,8049
Z39,Z64,Nieuw Crooswijk,Terbregge,432,3946
Z39,Z65,Nieuw Crooswijk,Tussendijken,709,8800
Z39,Z66,Nieuw Crooswijk,Vreewijk,966,9605
Z39,Z67,Nieuw Crooswijk,Wielewaal,1081,9841
Z39,Z68,Nieuw Crooswijk,Zestienhoven,565,6058
Z39,Z69,Nieuw Crooswijk,Zevenkamp,846,8699
Z39,Z70,Nieuw Crooswijk,Zuiderpark,1037,9683
Z39,Z71,Nieuw Crooswijk,Zuidplein,901,8250
Z39,Z72,Nieuw Crooswijk,Zuidwijk,1066,10107
Z40,Z00,Nieuwe Werk,'s-Gravenland,823,7391
Z40,Z01,Nieuwe Werk,Afrikaanderwijk,430,3622
Z40,Z02,Nieuwe Werk,Agniesebuurt,483,3520
Z40,Z03,Nieuwe Werk,Bedrijvenpark Noord-West,843,9427
Z40,Z04,Nieuwe Werk,Bergpolder,563,5199
Z40,Z05,Nieuwe Werk,Beverwaard,962,9314
Z40,Z06,Nieuwe Werk,Blijdorp,506,4482
Z40,Z07,Nieuwe Werk,Blijdorpsepolder,662,5337
Z40,Z08,Nieuwe Werk,Bloemhof,511,4126
Z40,Z09,Nieuwe Werk,Bospolder,432,3430
Z40,Z10,Nieuwe Werk,Carnisse,489,4260
Z40,Z11,Nieuwe Werk,Charlois Zuidrand,767,6870
Z40,Z12,Nieuwe Werk,Cool,325,2397
Z40,Z13,Nieuwe Werk,Cs Kwartier,424,3591
Z40,Z14,Nieuwe Werk,De Esch,618,5749
Z40,Z15,Nieuwe Werk,Delfshaven,279,2153
Z40,Z16,Nieuwe Werk,Dijkzigt,292,2448
Z40,Z17,Nieuwe Werk,Feijenoord,526,4129
Z40,Z18,Nieuwe Werk,Groot IJsselmonde,847,7852
Z40,Z19,Nieuwe Werk,Heijplaat,1005,9469
Z40,Z20,Nieuwe Werk,Het Lage Land,915,8681
Z40,Z21,Nieuwe Werk,Hillegersberg Noord,845,7670
Z40,Z22,Nieuwe Werk,Hillegersberg Zuid,669,6282
Z40,Z23,Nieuwe Werk,Hillesluis,513,4419
Z40,Z24,Nieuwe Werk,Hoogvliet Noord,1098,13372
Z40,Z25,Nieuwe Werk,Hoogvliet Zuid,1243,13795
Z40,Z26,Nieuwe Werk,Katendrecht,499,3963
Z40,Z27,Nieuwe Werk,Kleinpolder,640,6193
Z40,Z28,Nieuwe Werk,Kop van Zuid,301,2341
Z40,Z29,Nieuwe Werk,Kop van Zuid - Entrepot,428,3450
Z40,Z30,Nieuwe Werk,Kralingen Oost,576,5210
Z40,Z31,Nieuwe Werk,Kralingen West,546,4344
Z40,Z32,Nieuwe Werk,Kralingse Bos,867,6374
Z40,Z33,Nieuwe Werk,Kralingseveer,764,7382
Z40,Z34,Nieuwe Werk,Liskwartier,607,4807
Z40,Z35,Nieuwe Werk,Lombardijen,767,7256
Z40,Z36,Nieuwe Werk,Middelland,318,2490
Z40,Z37,Nieuwe Werk,Molenlaankwartier,916,8341
Z40,Z38,Nieuwe Werk,Nesselande,1394,16920
Z40,Z39,Nieuwe Werk,Nieuw Crooswijk,682,5500
Z40,Z40,Nieuwe Werk,Nieuwe Werk,73,0
Z40,Z41,Nieuwe Werk,Nieuwe Westen,436,3133
Z40,Z42,Nieuwe Werk,Noord Kethel,1069,11004
Z40,Z43,Nieuwe Werk,Noordereiland,422,3461
Z40,Z44,Nieuwe Werk,Ommoord,1044,10040
Z40,Z45,Nieuwe Werk,Oosterflank,1084,13388
Z40,Z46,Nieuwe Werk,Oud Charlois,450,3894
Z40,Z47,Nieuwe Werk,Oud Crooswijk,553,4684
Z40,Z48,Nieuwe Werk,Oud IJsselmonde,713,6583
Z40,Z49,Nieuwe Werk,Oud Mathenesse,544,4993
Z40,Z50,Nieuwe Werk,Oude Noorden,582,4822
Z40,Z51,Nieuwe Werk,Oude Westen,369,2864
Z40,Z52,Nieuwe Werk,Overschie,808,7474
Z40,Z53,Nieuwe Werk,Pendrecht,641,5955
Z40,Z54,Nieuwe Werk,Prinsenland,949,8625
Z40,Z55,Nieuwe Werk,Provenierswijk,544,4500
Z40,Z56,Nieuwe Werk,Rubroek,477,3694
Z40,Z57,Nieuwe Werk,Schiebroek,952,8897
Z40,Z58,Nieuwe Werk,Schiemond,346,2684
Z40,Z59,Nieuwe Werk,Schieveen,927,10791
Z40,Z60,Nieuwe Werk,Spangen,567,4373
Z40,Z61,Nieuwe Werk,Stadsdriehoek,320,2543
Z40,Z62,Nieuwe Werk,Struisenburg,408,3374
Z40,Z63,Nieuwe Werk,Tarwewijk,472,4093
Z40,Z64,Nieuwe Werk,Terbregge,898,8534
Z40,Z65,Nieuwe Werk,Tussendijken,458,3576
Z40,Z66,Nieuwe Werk,Vreewijk,644,6017
Z40,Z67,Nieuwe Werk,Wielewaal,664,5596
Z40,Z68,Nieuwe Werk,Zestienhoven,859,8510
Z40,Z69,Nieuwe Werk,Zevenkamp,1094,14100
Z40,Z70,Nieuwe Werk,Zuiderpark,668,6337
Z40,Z71,Nieuwe Werk,Zuidplein,518,4532
Z40,Z72,Nieuwe Werk,Zuidwijk,729,6994
Z41,Z00,Nieuwe Westen,'s-Gravenland,958,8284
Z41,Z01,Nieuwe Westen,Afrikaanderwijk,660,6079
Z41,Z02,Nieuwe Westen,Agniesebuurt,435,3374
Z41,Z03,Nieuwe Westen,Bedrijvenpark Noord-West,553,5322
Z41,Z04,Nieuwe Westen,Bergpolder,418,4367
Z41,Z05,Nieuwe Westen,Beverwaard,1185,12130
Z41,Z06,Nieuwe Westen,Blijdorp,347,2556
Z41,Z07,Nieuwe Westen,Blijdorpsepolder,355,2480
Z41,Z08,Nieuwe Westen,Bloemhof,715,6679
Z41,Z09,Nieuwe Westen,Bospolder,267,1712
Z41,Z10,Nieuwe Westen,Carnisse,588,5332
Z41,Z11,Nieuwe Westen,Charlois Zuidrand,872,7992
Z41,Z12,Nieuwe Westen,Cool,369,2582
Z41,Z13,Nieuwe Westen,Cs Kwartier,282,1899
Z41,Z14,Nieuwe Westen,De Esch,794,7186
Z41,Z15,Nieuwe Westen,Delfshaven,245,1838
Z41,Z16,Nieuwe Westen,Dijkzigt,283,2274
Z41,Z17,Nieuwe Westen,Feijenoord,739,5946
Z41,Z18,Nieuwe Westen,Groot IJsselmonde,1073,10342
Z41,Z19,Nieuwe Westen,Heijplaat,1107,10581
Z41,Z20,Nieuwe Westen,Het Lage Land,908,9061
Z41,Z21,Nieuwe Westen,Hillegersberg Noord,734,6354
Z41,Z22,Nieuwe Westen,Hillegersberg Zuid,529,5593
Z41,Z23,Nieuwe Westen,Hillesluis,728,6853
Z41,Z24,Nieuwe Westen,Hoogvliet Noord,1040,15549
Z41,Z25,Nieuwe Westen,Hoogvliet Zuid,1327,17773
Z41,Z26,Nieuwe Westen,Katendrecht,757,6420
Z41,Z27,Nieuwe Westen,Kleinpolder,361,3329
Z41,Z28,Nieuwe Westen,Kop van Zuid,532,4798
Z41,Z29,Nieuwe Westen,Kop van Zuid - Entrepot,640,5858
Z41,Z30,Nieuwe Westen,Kralingen Oost,721,6278
Z41,Z31,Nieuwe Westen,Kralingen West,597,4880
Z41,Z32,Nieuwe Westen,Kralingse Bos,867,7282
Z41,Z33,Nieuwe Westen,Kralingseveer,931,8785
Z41,Z34,Nieuwe Westen,Liskwartier,496,3772
Z41,Z35,Nieuwe Westen,Lombardijen,882,8602
Z41,Z36,Nieuwe Westen,Middelland,175,1132
Z41,Z37,Nieuwe Westen,Molenlaankwartier,821,7016
Z41,Z38,Nieuwe Westen,Nesselande,1243,16435
Z41,Z39,Nieuwe Westen,Nieuw Crooswijk,603,6814
Z41,Z40,Nieuwe Westen,Nieuwe Werk,458,3548
Z41,Z41,Nieuwe Westen,Nieuwe Westen,80,0
Z41,Z42,Nieuwe Westen,Noord Kethel,811,8570
Z41,Z43,Nieuwe Westen,Noordereiland,598,4909
Z41,Z44,Nieuwe Westen,Ommoord,1002,13697
Z41,Z45,Nieuwe Westen,Oosterflank,943,13172
Z41,Z46,Nieuwe Westen,Oud Charlois,541,4966
Z41,Z47,Nieuwe Westen,Oud Crooswijk,509,4385
Z41,Z48,Nieuwe Westen,Oud IJsselmonde,930,9147
Z41,Z49,Nieuwe Westen,Oud Mathenesse,312,2808
Z41,Z50,Nieuwe Westen,Oude Noorden,507,3926
Z41,Z51,Nieuwe Westen,Oude Westen,280,1814
Z41,Z52,Nieuwe Westen,Overschie,527,4709
Z41,Z53,Nieuwe Westen,Pendrecht,764,7066
Z41,Z54,Nieuwe Westen,Prinsenland,1033,13652
Z41,Z55,Nieuwe Westen,Provenierswijk,406,2972
Z41,Z56,Nieuwe Westen,Rubroek,449,3661
Z41,Z57,Nieuwe Westen,Schiebroek,795,7764
Z41,Z58,Nieuwe Westen,Schiemond,357,2449
Z41,Z59,Nieuwe Westen,Schieveen,660,8027
Z41,Z60,Nieuwe Westen,Spangen,200,1252
Z41,Z61,Nieuwe Westen,Stadsdriehoek,479,4052
Z41,Z62,Nieuwe Westen,Struisenburg,581,4706
Z41,Z63,Nieuwe Westen,Tarwewijk,570,5165
Z41,Z64,Nieuwe Westen,Terbregge,885,8945
Z41,Z65,Nieuwe Westen,Tussendijken,191,1183
Z41,Z66,Nieuwe Westen,Vreewijk,793,7306
Z41,Z67,Nieuwe Westen,Wielewaal,765,6685
Z41,Z68,Nieuwe Westen,Zestienhoven,642,7282
Z41,Z69,Nieuwe Westen,Zevenkamp,944,13521
Z41,Z70,Nieuwe Westen,Zuiderpark,773,7459
Z41,Z71,Nieuwe Westen,Zuidplein,653,5604
Z41,Z72,Nieuwe Westen,Zuidwijk,826,8116
Z42,Z00,Noord Kethel,'s-Gravenland,1299,18271
Z42,Z01,Noord Kethel,Afrikaanderwijk,1269,13489
Z42,Z02,Noord Kethel,Agniesebuurt,907,10807
Z42,Z03,Noord Kethel,Bedrijvenpark Noord-West,650,6313
Z42,Z04,Noord Kethel,Bergpolder,731,9308
Z42,Z05,Noord Kethel,Beverwaard,1568,27317
Z42,Z06,Noord Kethel,Blijdorp,756,8851
Z42,Z07,Noord Kethel,Blijdorpsepolder,757,7994
Z42,Z08,Noord Kethel,Bloemhof,1351,14153
Z42,Z09,Noord Kethel,Bospolder,783,8004
Z42,Z10,Noord Kethel,Carnisse,1223,12851
Z42,Z11,Noord Kethel,Charlois Zuidrand,1146,16867
Z42,Z12,Noord Kethel,Cool,1022,11055
Z42,Z13,Noord Kethel,Cs Kwartier,869,10001
Z42,Z14,Noord Kethel,De Esch,1230,19096
Z42,Z15,Noord Kethel,Delfshaven,881,9150
Z42,Z16,Noord Kethel,Dijkzigt,946,10332
Z42,Z17,Noord Kethel,Feijenoord,1374,14115
Z42,Z18,Noord Kethel,Groot IJsselmonde,1516,22891
Z42,Z19,Noord Kethel,Heijplaat,1201,17019
Z42,Z20,Noord Kethel,Het Lage Land,1258,15859
Z42,Z21,Noord Kethel,Hillegersberg Noord,1040,13119
Z42,Z22,Noord Kethel,Hillegersberg Zuid,833,10438
Z42,Z23,Noord Kethel,Hillesluis,1345,14256
Z42,Z24,Noord Kethel,Hoogvliet Noord,938,12877
Z42,Z25,Noord Kethel,Hoogvliet Zuid,1219,16108
Z42,Z26,Noord Kethel,Katendrecht,1347,13890
Z42,Z27,Noord Kethel,Kleinpolder,654,7637
Z42,Z28,Noord Kethel,Kop van Zuid,1146,12283
Z42,Z29,Noord Kethel,Kop van Zuid - Entrepot,1276,13411
Z42,Z30,Noord Kethel,Kralingen Oost,1179,14494
Z42,Z31,Noord Kethel,Kralingen West,1068,13292
Z42,Z32,Noord Kethel,Kralingse Bos,1208,14200
Z42,Z33,Noord Kethel,Kralingseveer,1293,19738
Z42,Z34,Noord Kethel,Liskwartier,836,10118
Z42,Z35,Noord Kethel,Lombardijen,1338,22659
Z42,Z36,Noord Kethel,Middelland,909,10178
Z42,Z37,Noord Kethel,Molenlaankwartier,1145,14141
Z42,Z38,Noord Kethel,Nesselande,1515,20926
Z42,Z39,Noord Kethel,Nieuw Crooswijk,901,11808
Z42,Z40,Noord Kethel,Nieuwe Werk,1065,11059
Z42,Z41,Noord Kethel,Nieuwe Westen,826,8508
Z42,Z42,Noord Kethel,Noord Kethel,114,0
Z42,Z43,Noord Kethel,Noordereiland,1232,13706
Z42,Z44,Noord Kethel,Ommoord,1294,18672
Z42,Z45,Noord Kethel,Oosterflank,1232,17851
Z42,Z46,Noord Kethel,Oud Charlois,1170,12458
Z42,Z47,Noord Kethel,Oud Crooswijk,960,12522
Z42,Z48,Noord Kethel,Oud IJsselmonde,1316,21071
Z42,Z49,Noord Kethel,Oud Mathenesse,596,6619
Z42,Z50,Noord Kethel,Oude Noorden,929,11050
Z42,Z51,Noord Kethel,Oude Westen,953,10578
Z42,Z52,Noord Kethel,Overschie,748,6692
Z42,Z53,Noord Kethel,Pendrecht,1176,17615
Z42,Z54,Noord Kethel,Prinsenland,1341,18534
Z42,Z55,Noord Kethel,Provenierswijk,854,10338
Z42,Z56,Noord Kethel,Rubroek,1045,11750
Z42,Z57,Noord Kethel,Schiebroek,1067,12875
Z42,Z58,Noord Kethel,Schiemond,823,8871
Z42,Z59,Noord Kethel,Schieveen,923,9619
Z42,Z60,Noord Kethel,Spangen,688,7371
Z42,Z61,Noord Kethel,Stadsdriehoek,1137,12227
Z42,Z62,Noord Kethel,Struisenburg,1185,14249
Z42,Z63,Noord Kethel,Tarwewijk,1193,12709
Z42,Z64,Noord Kethel,Terbregge,1198,15103
Z42,Z65,Noord Kethel,Tussendijken,737,7752
Z42,Z66,Noord Kethel,Vreewijk,1392,23015
Z42,Z67,Noord Kethel,Wielewaal,1394,19171
Z42,Z68,Noord Kethel,Zestienhoven,893,8351
Z42,Z69,Noord Kethel,Zevenkamp,1237,18130
Z42,Z70,Noord Kethel,Zuiderpark,1300,18462
Z42,Z71,Noord Kethel,Zuidplein,1238,13139
Z42,Z72,Noord Kethel,Zuidwijk,1296,18996
Z43,Z00,Noordereiland,'s-Gravenland,711,6486
Z43,Z01,Noordereiland,Afrikaanderwijk,245,2188
Z43,Z02,Noordereiland,Agniesebuurt,422,3669
Z43,Z03,Noordereiland,Bedrijvenpark Noord-West,896,10284
Z43,Z04,Noordereiland,Bergpolder,515,4882
Z43,Z05,Noordereiland,Beverwaard,765,7820
Z43,Z06,Noordereiland,Blijdorp,505,4814
Z43,Z07,Noordereiland,Blijdorpsepolder,761,6610
Z43,Z08,Noordereiland,Bloemhof,386,3320
Z43,Z09,Noordereiland,Bospolder,604,5579
Z43,Z10,Noordereiland,Carnisse,524,4756
Z43,Z11,Noordereiland,Charlois Zuidrand,811,7798
Z43,Z12,Noordereiland,Cool,290,2533
Z43,Z13,Noordereiland,Cs Kwartier,491,4218
Z43,Z14,Noordereiland,De Esch,502,5043
Z43,Z15,Noordereiland,Delfshaven,454,4410
Z43,Z16,Noordereiland,Dijkzigt,337,3202
Z43,Z17,Noordereiland,Feijenoord,232,1656
Z43,Z18,Noordereiland,Groot IJsselmonde,636,6168
Z43,Z19,Noordereiland,Heijplaat,1063,10432
Z43,Z20,Noordereiland,Het Lage Land,785,7787
Z43,Z21,Noordereiland,Hillegersberg Noord,731,7026
Z43,Z22,Noordereiland,Hillegersberg Zuid,618,5972
Z43,Z23,Noordereiland,Hillesluis,295,2777
Z43,Z24,Noordereiland,Hoogvliet Noord,1162,14299
Z43,Z25,Noordereiland,Hoogvliet Zuid,1306,14582
Z43,Z26,Noordereiland,Katendrecht,377,3072
Z43,Z27,Noordereiland,Kleinpolder,687,6863
Z43,Z28,Noordereiland,Kop van Zuid,175,1464
Z43,Z29,Noordereiland,Kop van Zuid - Entrepot,177,1330
Z43,Z30,Noordereiland,Kralingen Oost,464,4496
Z43,Z31,Noordereiland,Kralingen West,413,3450
Z43,Z32,Noordereiland,Kralingse Bos,735,5525
Z43,Z33,Noordereiland,Kralingseveer,653,6669
Z43,Z34,Noordereiland,Liskwartier,514,4715
Z43,Z35,Noordereiland,Lombardijen,596,5616
Z43,Z36,Noordereiland,Middelland,439,3872
Z43,Z37,Noordereiland,Molenlaankwartier,802,7680
Z43,Z38,Noordereiland,Nesselande,1284,16074
Z43,Z39,Noordereiland,Nieuw Crooswijk,552,4606
Z43,Z40,Noordereiland,Nieuwe Werk,387,3298
Z43,Z41,Noordereiland,Nieuwe Westen,566,4572
Z43,Z42,Noordereiland,Noord Kethel,1167,13710
Z43,Z43,Noordereiland,Noordereiland,59,0
Z43,Z44,Noordereiland,Ommoord,910,9146
Z43,Z45,Noordereiland,Oosterflank,967,12675
Z43,Z46,Noordereiland,Oud Charlois,500,4726
Z43,Z47,Noordereiland,Oud Crooswijk,400,3738
Z43,Z48,Noordereiland,Oud IJsselmonde,511,5090
Z43,Z49,Noordereiland,Oud Mathenesse,735,7274
Z43,Z50,Noordereiland,Oude Noorden,435,4043
Z43,Z51,Noordereiland,Oude Westen,423,3663
Z43,Z52,Noordereiland,Overschie,853,8144
Z43,Z53,Noordereiland,Pendrecht,686,6721
Z43,Z54,Noordereiland,Prinsenland,838,7853
Z43,Z55,Noordereiland,Provenierswijk,501,4289
Z43,Z56,Noordereiland,Rubroek,330,2748
Z43,Z57,Noordereiland,Schiebroek,888,8732
Z43,Z58,Noordereiland,Schiemond,538,4988
Z43,Z59,Noordereiland,Schieveen,944,11085
Z43,Z60,Noordereiland,Spangen,690,6218
Z43,Z61,Noordereiland,Stadsdriehoek,205,1703
Z43,Z62,Noordereiland,Struisenburg,291,2588
Z43,Z63,Noordereiland,Tarwewijk,421,3655
Z43,Z64,Noordereiland,Terbregge,768,7640
Z43,Z65,Noordereiland,Tussendijken,649,5837
Z43,Z66,Noordereiland,Vreewijk,511,4363
Z43,Z67,Noordereiland,Wielewaal,729,6516
Z43,Z68,Noordereiland,Zestienhoven,812,8192
Z43,Z69,Noordereiland,Zevenkamp,983,13092
Z43,Z70,Noordereiland,Zuiderpark,605,6016
Z43,Z71,Noordereiland,Zuidplein,466,4333
Z43,Z72,Noordereiland,Zuidwijk,628,6190
Z44,Z00,Ommoord,'s-Gravenland,700,7447
Z44,Z01,Ommoord,Afrikaanderwijk,981,13190
Z44,Z02,Ommoord,Agniesebuurt,775,7766
Z44,Z03,Ommoord,Bedrijvenpark Noord-West,952,15255
Z44,Z04,Ommoord,Bergpolder,673,10386
Z44,Z05,Ommoord,Beverwaard,998,13382
Z44,Z06,Ommoord,Blijdorp,762,11117
Z44,Z07,Ommoord,Blijdorpsepolder,911,12723
Z44,Z08,Ommoord,Bloemhof,1008,13308
Z44,Z09,Ommoord,Bospolder,1109,15492
Z44,Z10,Ommoord,Carnisse,1142,14704
Z44,Z11,Ommoord,Charlois Zuidrand,1347,22870
Z44,Z12,Ommoord,Cool,869,8664
Z44,Z13,Ommoord,Cs Kwartier,909,12571
Z44,Z14,Ommoord,De Esch,636,8653
Z44,Z15,Ommoord,Delfshaven,1041,13796
Z44,Z16,Ommoord,Dijkzigt,935,9333
Z44,Z17,Ommoord,Feijenoord,1061,12694
Z44,Z18,Ommoord,Groot IJsselmonde,908,12225
Z44,Z19,Ommoord,Heijplaat,1509,25357
Z44,Z20,Ommoord,Het Lage Land,390,3509
Z44,Z21,Ommoord,Hillegersberg Noord,566,5343
Z44,Z22,Ommoord,Hillegersberg Zuid,719,7005
Z44,Z23,Ommoord,Hillesluis,940,12797
Z44,Z24,Ommoord,Hoogvliet Noord,1459,25456
Z44,Z25,Ommoord,Hoogvliet Zuid,1688,27658
Z44,Z26,Ommoord,Katendrecht,1199,14550
Z44,Z27,Ommoord,Kleinpolder,769,11969
Z44,Z28,Ommoord,Kop van Zuid,993,9884
Z44,Z29,Ommoord,Kop van Zuid - Entrepot,979,12723
Z44,Z30,Ommoord,Kralingen Oost,601,7533
Z44,Z31,Ommoord,Kralingen West,672,6710
Z44,Z32,Ommoord,Kralingse Bos,791,7028
Z44,Z33,Ommoord,Kralingseveer,693,8687
Z44,Z34,Ommoord,Liskwartier,720,8231
Z44,Z35,Ommoord,Lombardijen,1015,13667
Z44,Z36,Ommoord,Middelland,962,12717
Z44,Z37,Ommoord,Molenlaankwartier,446,4134
Z44,Z38,Ommoord,Nesselande,625,6161
Z44,Z39,Ommoord,Nieuw Crooswijk,622,6009
Z44,Z40,Ommoord,Nieuwe Werk,1060,10008
Z44,Z41,Ommoord,Nieuwe Westen,1024,13504
Z44,Z42,Ommoord,Noord Kethel,1245,18308
Z44,Z43,Ommoord,Noordereiland,937,9279
Z44,Z44,Ommoord,Ommoord,152,0
Z44,Z45,Ommoord,Oosterflank,454,3863
Z44,Z46,Ommoord,Oud Charlois,1208,15672
Z44,Z47,Ommoord,Oud Crooswijk,556,5973
Z44,Z48,Ommoord,Oud IJsselmonde,716,10668
Z44,Z49,Ommoord,Oud Mathenesse,946,14670
Z44,Z50,Ommoord,Oude Noorden,694,7216
Z44,Z51,Ommoord,Oude Westen,950,12829
Z44,Z52,Ommoord,Overschie,909,14590
Z44,Z53,Ommoord,Pendrecht,1300,16670
Z44,Z54,Ommoord,Prinsenland,606,5552
Z44,Z55,Ommoord,Provenierswijk,799,10852
Z44,Z56,Ommoord,Rubroek,699,6802
Z44,Z57,Ommoord,Schiebroek,702,6715
Z44,Z58,Ommoord,Schiemond,1143,15176
Z44,Z59,Ommoord,Schieveen,909,14911
Z44,Z60,Ommoord,Spangen,1044,15010
Z44,Z61,Ommoord,Stadsdriehoek,834,7936
Z44,Z62,Ommoord,Struisenburg,748,9559
Z44,Z63,Ommoord,Tarwewijk,1122,14576
Z44,Z64,Ommoord,Terbregge,306,2775
Z44,Z65,Ommoord,Tussendijken,1077,15804
Z44,Z66,Ommoord,Vreewijk,997,13247
Z44,Z67,Ommoord,Wielewaal,1419,17460
Z44,Z68,Ommoord,Zestienhoven,886,13598
Z44,Z69,Ommoord,Zevenkamp,354,3447
Z44,Z70,Ommoord,Zuiderpark,1163,14866
Z44,Z71,Ommoord,Zuidplein,1136,14281
Z44,Z72,Ommoord,Zuidwijk,1176,15040
Z45,Z00,Oosterflank,'s-Gravenland,617,4920
Z45,Z01,Oosterflank,Afrikaanderwijk,985,12905
Z45,Z02,Oosterflank,Agniesebuurt,824,8162
Z45,Z03,Oosterflank,Bedrijvenpark Noord-West,927,14930
Z45,Z04,Oosterflank,Bergpolder,662,9685
Z45,Z05,Oosterflank,Beverwaard,998,13019
Z45,Z06,Oosterflank,Blijdorp,745,10433
Z45,Z07,Oosterflank,Blijdorpsepolder,904,12023
Z45,Z08,Oosterflank,Bloemhof,1031,13084
Z45,Z09,Oosterflank,Bospolder,1096,15224
Z45,Z10,Oosterflank,Carnisse,1157,14350
Z45,Z11,Oosterflank,Charlois Zuidrand,1341,22507
Z45,Z12,Oosterflank,Cool,935,9036
Z45,Z13,Oosterflank,Cs Kwartier,888,11764
Z45,Z14,Oosterflank,De Esch,649,8267
Z45,Z15,Oosterflank,Delfshaven,1054,13659
Z45,Z16,Oosterflank,Dijkzigt,978,12926
Z45,Z17,Oosterflank,Feijenoord,1062,13170
Z45,Z18,Oosterflank,Groot IJsselmonde,926,12053
Z45,Z19,Oosterflank,Heijplaat,1518,25019
Z45,Z20,Oosterflank,Het Lage Land,280,1973
Z45,Z21,Oosterflank,Hillegersberg Noord,756,7372
Z45,Z22,Oosterflank,Hillegersberg Zuid,768,10815
Z45,Z23,Oosterflank,Hillesluis,949,12496
Z45,Z24,Oosterflank,Hoogvliet Noord,1467,24755
Z45,Z25,Oosterflank,Hoogvliet Zuid,1703,27774
Z45,Z26,Oosterflank,Katendrecht,1187,14271
Z45,Z27,Oosterflank,Kleinpolder,763,11538
Z45,Z28,Oosterflank,Kop van Zuid,1017,12114
Z45,Z29,Oosterflank,Kop van Zuid - Entrepot,1008,13244
Z45,Z30,Oosterflank,Kralingen Oost,624,7171
Z45,Z31,Oosterflank,Kralingen West,724,7133
Z45,Z32,Oosterflank,Kralingse Bos,807,6625
Z45,Z33,Oosterflank,Kralingseveer,557,5581
Z45,Z34,Oosterflank,Liskwartier,767,10467
Z45,Z35,Oosterflank,Lombardijen,1022,13251
Z45,Z36,Oosterflank,Middelland,950,12449
Z45,Z37,Oosterflank,Molenlaankwartier,643,5989
Z45,Z38,Oosterflank,Nesselande,676,6415
Z45,Z39,Oosterflank,Nieuw Crooswijk,678,6026
Z45,Z40,Oosterflank,Nieuwe Werk,1078,12406
Z45,Z41,Oosterflank,Nieuwe Westen,1017,12775
Z45,Z42,Oosterflank,Noord Kethel,1233,17809
Z45,Z43,Oosterflank,Noordereiland,994,11772
Z45,Z44,Oosterflank,Ommoord,447,3786
Z45,Z45,Oosterflank,Oosterflank,92,0
Z45,Z46,Oosterflank,Oud Charlois,1213,15405
Z45,Z47,Oosterflank,Oud Crooswijk,622,6241
Z45,Z48,Oosterflank,Oud IJsselmonde,736,10306
Z45,Z49,Oosterflank,Oud Mathenesse,919,13923
Z45,Z50,Oosterflank,Oude Noorden,754,7595
Z45,Z51,Oosterflank,Oude Westen,976,12455
Z45,Z52,Oosterflank,Overschie,902,14160
Z45,Z53,Oosterflank,Pendrecht,1304,16231
Z45,Z54,Oosterflank,Prinsenland,472,3840
Z45,Z55,Oosterflank,Provenierswijk,788,10732
Z45,Z56,Oosterflank,Rubroek,751,7280
Z45,Z57,Oosterflank,Schiebroek,818,10967
Z45,Z58,Oosterflank,Schiemond,1154,16022
Z45,Z59,Oosterflank,Schieveen,913,14643
Z45,Z60,Oosterflank,Spangen,1021,14518
Z45,Z61,Oosterflank,Stadsdriehoek,856,10193
Z45,Z62,Oosterflank,Struisenburg,752,9197
Z45,Z63,Oosterflank,Tarwewijk,1145,14214
Z45,Z64,Oosterflank,Terbregge,504,4515
Z45,Z65,Oosterflank,Tussendijken,1070,15103
Z45,Z66,Oosterflank,Vreewijk,1014,12824
Z45,Z67,Oosterflank,Wielewaal,1445,17192
Z45,Z68,Oosterflank,Zestienhoven,878,13330
Z45,Z69,Oosterflank,Zevenkamp,419,3583
Z45,Z70,Oosterflank,Zuiderpark,1175,14491
Z45,Z71,Oosterflank,Zuidplein,1124,13919
Z45,Z72,Oosterflank,Zuidwijk,1199,14630
Z46,Z00,Oud Charlois,'s-Gravenland,1072,10524
Z46,Z01,Oud Charlois,Afrikaanderwijk,413,3405
Z46,Z02,Oud Charlois,Agniesebuurt,719,6583
Z46,Z03,Oud Charlois,Bedrijvenpark Noord-West,1000,11174
Z46,Z04,Oud Charlois,Bergpolder,713,6856
Z46,Z05,Oud Charlois,Beverwaard,926,8966
Z46,Z06,Oud Charlois,Blijdorp,652,6072
Z46,Z07,Oud Charlois,Blijdorpsepolder,840,7483
Z46,Z08,Oud Charlois,Bloemhof,419,3344
Z46,Z09,Oud Charlois,Bospolder,653,5725
Z46,Z10,Oud Charlois,Carnisse,236,1441
Z46,Z11,Oud Charlois,Charlois Zuidrand,472,3984
Z46,Z12,Oud Charlois,Cool,518,4750
Z46,Z13,Oud Charlois,Cs Kwartier,569,5143
Z46,Z14,Oud Charlois,De Esch,887,8695
Z46,Z15,Oud Charlois,Delfshaven,492,4387
Z46,Z16,Oud Charlois,Dijkzigt,443,3962
Z46,Z17,Oud Charlois,Feijenoord,593,5468
Z46,Z18,Oud Charlois,Groot IJsselmonde,798,7225
Z46,Z19,Oud Charlois,Heijplaat,664,6080
Z46,Z20,Oud Charlois,Het Lage Land,1085,13602
Z46,Z21,Oud Charlois,Hillegersberg Noord,1004,9662
Z46,Z22,Oud Charlois,Hillegersberg Zuid,833,8212
Z46,Z23,Oud Charlois,Hillesluis,452,4025
Z46,Z24,Oud Charlois,Hoogvliet Noord,800,10409
Z46,Z25,Oud Charlois,Hoogvliet Zuid,957,10958
Z46,Z26,Oud Charlois,Katendrecht,527,4176
Z46,Z27,Oud Charlois,Kleinpolder,779,7764
Z46,Z28,Oud Charlois,Kop van Zuid,483,4246
Z46,Z29,Oud Charlois,Kop van Zuid - Entrepot,508,4305
Z46,Z30,Oud Charlois,Kralingen Oost,848,8163
Z46,Z31,Oud Charlois,Kralingen West,798,7270
Z46,Z32,Oud Charlois,Kralingse Bos,1140,9300
Z46,Z33,Oud Charlois,Kralingseveer,945,10367
Z46,Z34,Oud Charlois,Liskwartier,770,7027
Z46,Z35,Oud Charlois,Lombardijen,563,4971
Z46,Z36,Oud Charlois,Middelland,494,4537
Z46,Z37,Oud Charlois,Molenlaankwartier,1103,10455
Z46,Z38,Oud Charlois,Nesselande,1545,19332
Z46,Z39,Oud Charlois,Nieuw Crooswijk,913,9362
Z46,Z40,Oud Charlois,Nieuwe Werk,547,4601
Z46,Z41,Oud Charlois,Nieuwe Westen,601,5260
Z46,Z42,Oud Charlois,Noord Kethel,1289,13271
Z46,Z43,Oud Charlois,Noordereiland,593,5338
Z46,Z44,Oud Charlois,Ommoord,1299,16010
Z46,Z45,Oud Charlois,Oosterflank,1250,15601
Z46,Z46,Oud Charlois,Oud Charlois,86,0
Z46,Z47,Oud Charlois,Oud Crooswijk,798,7587
Z46,Z48,Oud Charlois,Oud IJsselmonde,658,5951
Z46,Z49,Oud Charlois,Oud Mathenesse,769,7114
Z46,Z50,Oud Charlois,Oude Noorden,789,7169
Z46,Z51,Oud Charlois,Oude Westen,514,4459
Z46,Z52,Oud Charlois,Overschie,956,9189
Z46,Z53,Oud Charlois,Pendrecht,352,2999
Z46,Z54,Oud Charlois,Prinsenland,1118,11632
Z46,Z55,Oud Charlois,Provenierswijk,687,6177
Z46,Z56,Oud Charlois,Rubroek,718,6822
Z46,Z57,Oud Charlois,Schiebroek,1081,10924
Z46,Z58,Oud Charlois,Schiemond,570,4944
Z46,Z59,Oud Charlois,Schieveen,1072,12352
Z46,Z60,Oud Charlois,Spangen,726,6297
Z46,Z61,Oud Charlois,Stadsdriehoek,589,5458
Z46,Z62,Oud Charlois,Struisenburg,674,6243
Z46,Z63,Oud Charlois,Tarwewijk,252,1693
Z46,Z64,Oud Charlois,Terbregge,1151,14417
Z46,Z65,Oud Charlois,Tussendijken,683,5746
Z46,Z66,Oud Charlois,Vreewijk,442,3675
Z46,Z67,Oud Charlois,Wielewaal,318,2245
Z46,Z68,Oud Charlois,Zestienhoven,1009,10087
Z46,Z69,Oud Charlois,Zevenkamp,1263,16548
Z46,Z70,Oud Charlois,Zuiderpark,395,3208
Z46,Z71,Oud Charlois,Zuidplein,298,1955
Z46,Z72,Oud Charlois,Zuidwijk,461,4152
Z47,Z00,Oud Crooswijk,'s-Gravenland,546,4993
Z47,Z01,Oud Crooswijk,Afrikaanderwijk,607,5517
Z47,Z02,Oud Crooswijk,Agniesebuurt,256,1956
Z47,Z03,Oud Crooswijk,Bedrijvenpark Noord-West,690,9418
Z47,Z04,Oud Crooswijk,Bergpolder,334,3365
Z47,Z05,Oud Crooswijk,Beverwaard,932,10572
Z47,Z06,Oud Crooswijk,Blijdorp,335,3177
Z47,Z07,Oud Crooswijk,Blijdorpsepolder,601,5092
Z47,Z08,Oud Crooswijk,Bloemhof,678,6345
Z47,Z09,Oud Crooswijk,Bospolder,725,6121
Z47,Z10,Oud Crooswijk,Carnisse,787,7600
Z47,Z11,Oud Crooswijk,Charlois Zuidrand,1080,10302
Z47,Z12,Oud Crooswijk,Cool,364,3314
Z47,Z13,Oud Crooswijk,Cs Kwartier,452,3989
Z47,Z14,Oud Crooswijk,De Esch,498,5202
Z47,Z15,Oud Crooswijk,Delfshaven,559,5331
Z47,Z16,Oud Crooswijk,Dijkzigt,432,3983
Z47,Z17,Oud Crooswijk,Feijenoord,563,4965
Z47,Z18,Oud Crooswijk,Groot IJsselmonde,865,9517
Z47,Z19,Oud Crooswijk,Heijplaat,1305,12884
Z47,Z20,Oud Crooswijk,Het Lage Land,435,4655
Z47,Z21,Oud Crooswijk,Hillegersberg Noord,465,4443
Z47,Z22,Oud Crooswijk,Hillegersberg Zuid,344,3277
Z47,Z23,Oud Crooswijk,Hillesluis,649,6105
Z47,Z24,Oud Crooswijk,Hoogvliet Noord,1172,19388
Z47,Z25,Oud Crooswijk,Hoogvliet Zuid,1456,22782
Z47,Z26,Oud Crooswijk,Katendrecht,686,6142
Z47,Z27,Oud Crooswijk,Kleinpolder,471,6171
Z47,Z28,Oud Crooswijk,Kop van Zuid,490,4534
Z47,Z29,Oud Crooswijk,Kop van Zuid - Entrepot,509,4658
Z47,Z30,Oud Crooswijk,Kralingen Oost,305,2961
Z47,Z31,Oud Crooswijk,Kralingen West,174,1464
Z47,Z32,Oud Crooswijk,Kralingse Bos,394,2876
Z47,Z33,Oud Crooswijk,Kralingseveer,639,6288
Z47,Z34,Oud Crooswijk,Liskwartier,238,2122
Z47,Z35,Oud Crooswijk,Lombardijen,924,8945
Z47,Z36,Oud Crooswijk,Middelland,498,4427
Z47,Z37,Oud Crooswijk,Molenlaankwartier,536,5125
Z47,Z38,Oud Crooswijk,Nesselande,1035,11000
Z47,Z39,Oud Crooswijk,Nieuw Crooswijk,205,1474
Z47,Z40,Oud Crooswijk,Nieuwe Werk,558,4686
Z47,Z41,Oud Crooswijk,Nieuwe Westen,593,4971
Z47,Z42,Oud Crooswijk,Noord Kethel,943,12442
Z47,Z43,Oud Crooswijk,Noordereiland,420,3929
Z47,Z44,Oud Crooswijk,Ommoord,560,6014
Z47,Z45,Oud Crooswijk,Oosterflank,618,6223
Z47,Z46,Oud Crooswijk,Oud Charlois,748,7207
Z47,Z47,Oud Crooswijk,Oud Crooswijk,52,0
Z47,Z48,Oud Crooswijk,Oud IJsselmonde,668,7630
Z47,Z49,Oud Crooswijk,Oud Mathenesse,636,8602
Z47,Z50,Oud Crooswijk,Oude Noorden,173,1488
Z47,Z51,Oud Crooswijk,Oude Westen,493,4162
Z47,Z52,Oud Crooswijk,Overschie,637,7452
Z47,Z53,Oud Crooswijk,Pendrecht,954,9245
Z47,Z54,Oud Crooswijk,Prinsenland,597,5692
Z47,Z55,Oud Crooswijk,Provenierswijk,316,2785
Z47,Z56,Oud Crooswijk,Rubroek,186,1158
Z47,Z57,Oud Crooswijk,Schiebroek,578,5859
Z47,Z58,Oud Crooswijk,Schiemond,672,6321
Z47,Z59,Oud Crooswijk,Schieveen,745,9907
Z47,Z60,Oud Crooswijk,Spangen,712,9125
Z47,Z61,Oud Crooswijk,Stadsdriehoek,301,2574
Z47,Z62,Oud Crooswijk,Struisenburg,286,2423
Z47,Z63,Oud Crooswijk,Tarwewijk,710,6766
Z47,Z64,Oud Crooswijk,Terbregge,417,4508
Z47,Z65,Oud Crooswijk,Tussendijken,713,5664
Z47,Z66,Oud Crooswijk,Vreewijk,851,7965
Z47,Z67,Oud Crooswijk,Wielewaal,959,8995
Z47,Z68,Oud Crooswijk,Zestienhoven,597,6943
Z47,Z69,Oud Crooswijk,Zevenkamp,770,8156
Z47,Z70,Oud Crooswijk,Zuiderpark,894,8713
Z47,Z71,Oud Crooswijk,Zuidplein,794,7403
Z47,Z72,Oud Crooswijk,Zuidwijk,917,9257
Z48,Z00,Oud IJsselmonde,'s-Gravenland,594,7041
Z48,Z01,Oud IJsselmonde,Afrikaanderwijk,362,3452
Z48,Z02,Oud IJsselmonde,Agniesebuurt,777,7268
Z48,Z03,Oud IJsselmonde,Bedrijvenpark Noord-West,1040,19092
Z48,Z04,Oud IJsselmonde,Bergpolder,764,13497
Z48,Z05,Oud IJsselmonde,Beverwaard,416,4118
Z48,Z06,Oud IJsselmonde,Blijdorp,842,14228
Z48,Z07,Oud IJsselmonde,Blijdorpsepolder,991,15835
Z48,Z08,Oud IJsselmonde,Bloemhof,418,3719
Z48,Z09,Oud IJsselmonde,Bospolder,898,8704
Z48,Z10,Oud IJsselmonde,Carnisse,550,5115
Z48,Z11,Oud IJsselmonde,Charlois Zuidrand,818,14553
Z48,Z12,Oud IJsselmonde,Cool,613,6081
Z48,Z13,Oud IJsselmonde,Cs Kwartier,820,7924
Z48,Z14,Oud IJsselmonde,De Esch,412,5375
Z48,Z15,Oud IJsselmonde,Delfshaven,745,7455
Z48,Z16,Oud IJsselmonde,Dijkzigt,686,6908
Z48,Z17,Oud IJsselmonde,Feijenoord,420,3705
Z48,Z18,Oud IJsselmonde,Groot IJsselmonde,349,3152
Z48,Z19,Oud IJsselmonde,Heijplaat,1003,17056
Z48,Z20,Oud IJsselmonde,Het Lage Land,565,8671
Z48,Z21,Oud IJsselmonde,Hillegersberg Noord,867,14176
Z48,Z22,Oud IJsselmonde,Hillegersberg Zuid,866,14625
Z48,Z23,Oud IJsselmonde,Hillesluis,332,3059
Z48,Z24,Oud IJsselmonde,Hoogvliet Noord,1039,19609
Z48,Z25,Oud IJsselmonde,Hoogvliet Zuid,1189,19887
Z48,Z26,Oud IJsselmonde,Katendrecht,559,4812
Z48,Z27,Oud IJsselmonde,Kleinpolder,851,15172
Z48,Z28,Oud IJsselmonde,Kop van Zuid,460,4498
Z48,Z29,Oud IJsselmonde,Kop van Zuid - Entrepot,381,3763
Z48,Z30,Oud IJsselmonde,Kralingen Oost,468,6038
Z48,Z31,Oud IJsselmonde,Kralingen West,618,7619
Z48,Z32,Oud IJsselmonde,Kralingse Bos,695,8325
Z48,Z33,Oud IJsselmonde,Kralingseveer,414,5384
Z48,Z34,Oud IJsselmonde,Liskwartier,864,13998
Z48,Z35,Oud IJsselmonde,Lombardijen,443,4203
Z48,Z36,Oud IJsselmonde,Middelland,753,7620
Z48,Z37,Oud IJsselmonde,Molenlaankwartier,762,11027
Z48,Z38,Oud IJsselmonde,Nesselande,1028,14817
Z48,Z39,Oud IJsselmonde,Nieuw Crooswijk,798,10675
Z48,Z40,Oud IJsselmonde,Nieuwe Werk,674,6342
Z48,Z41,Oud IJsselmonde,Nieuwe Westen,873,8301
Z48,Z42,Oud IJsselmonde,Noord Kethel,1321,21516
Z48,Z43,Oud IJsselmonde,Noordereiland,501,4984
Z48,Z44,Oud IJsselmonde,Ommoord,762,10768
Z48,Z45,Oud IJsselmonde,Oosterflank,730,11434
Z48,Z46,Oud IJsselmonde,Oud Charlois,600,5886
Z48,Z47,Oud IJsselmonde,Oud Crooswijk,706,8458
Z48,Z48,Oud IJsselmonde,Oud IJsselmonde,128,0
Z48,Z49,Oud IJsselmonde,Oud Mathenesse,1018,10318
Z48,Z50,Oud IJsselmonde,Oude Noorden,821,9552
Z48,Z51,Oud IJsselmonde,Oude Westen,764,7242
Z48,Z52,Oud IJsselmonde,Overschie,992,18561
Z48,Z53,Oud IJsselmonde,Pendrecht,708,6915
Z48,Z54,Oud IJsselmonde,Prinsenland,598,6738
Z48,Z55,Oud IJsselmonde,Provenierswijk,853,7888
Z48,Z56,Oud IJsselmonde,Rubroek,710,8378
Z48,Z57,Oud IJsselmonde,Schiebroek,925,15129
Z48,Z58,Oud IJsselmonde,Schiemond,819,8015
Z48,Z59,Oud IJsselmonde,Schieveen,1014,18778
Z48,Z60,Oud IJsselmonde,Spangen,1000,9487
Z48,Z61,Oud IJsselmonde,Stadsdriehoek,606,6193
Z48,Z62,Oud IJsselmonde,Struisenburg,517,6393
Z48,Z63,Oud IJsselmonde,Tarwewijk,520,4838
Z48,Z64,Oud IJsselmonde,Terbregge,631,9368
Z48,Z65,Oud IJsselmonde,Tussendijken,931,8951
Z48,Z66,Oud IJsselmonde,Vreewijk,405,3494
Z48,Z67,Oud IJsselmonde,Wielewaal,826,7673
Z48,Z68,Oud IJsselmonde,Zestienhoven,980,16123
Z48,Z69,Oud IJsselmonde,Zevenkamp,743,11977
Z48,Z70,Oud IJsselmonde,Zuiderpark,569,5175
Z48,Z71,Oud IJsselmonde,Zuidplein,499,4692
Z48,Z72,Oud IJsselmonde,Zuidwijk,585,5295
Z49,Z00,Oud Mathenesse,'s-Gravenland,952,14077
Z49,Z01,Oud Mathenesse,Afrikaanderwijk,770,7550
Z49,Z02,Oud Mathenesse,Agniesebuurt,579,6527
Z49,Z03,Oud Mathenesse,Bedrijvenpark Noord-West,415,3925
Z49,Z04,Oud Mathenesse,Bergpolder,403,5026
Z49,Z05,Oud Mathenesse,Beverwaard,1254,19655
Z49,Z06,Oud Mathenesse,Blijdorp,425,4524
Z49,Z07,Oud Mathenesse,Blijdorpsepolder,428,3755
Z49,Z08,Oud Mathenesse,Bloemhof,853,8270
Z49,Z09,Oud Mathenesse,Bospolder,272,2120
Z49,Z10,Oud Mathenesse,Carnisse,725,6960
Z49,Z11,Oud Mathenesse,Charlois Zuidrand,987,9445
Z49,Z12,Oud Mathenesse,Cool,550,5477
Z49,Z13,Oud Mathenesse,Cs Kwartier,498,3962
Z49,Z14,Oud Mathenesse,De Esch,900,14707
Z49,Z15,Oud Mathenesse,Delfshaven,391,3267
Z49,Z16,Oud Mathenesse,Dijkzigt,486,4884
Z49,Z17,Oud Mathenesse,Feijenoord,876,8232
Z49,Z18,Oud Mathenesse,Groot IJsselmonde,1143,18031
Z49,Z19,Oud Mathenesse,Heijplaat,1109,17801
Z49,Z20,Oud Mathenesse,Het Lage Land,927,11640
Z49,Z21,Oud Mathenesse,Hillegersberg Noord,701,8884
Z49,Z22,Oud Mathenesse,Hillegersberg Zuid,498,6184
Z49,Z23,Oud Mathenesse,Hillesluis,846,8355
Z49,Z24,Oud Mathenesse,Hoogvliet Noord,852,13810
Z49,Z25,Oud Mathenesse,Hoogvliet Zuid,1128,17083
Z49,Z26,Oud Mathenesse,Katendrecht,849,8007
Z49,Z27,Oud Mathenesse,Kleinpolder,307,3091
Z49,Z28,Oud Mathenesse,Kop van Zuid,641,6269
Z49,Z29,Oud Mathenesse,Kop van Zuid - Entrepot,778,7525
Z49,Z30,Oud Mathenesse,Kralingen Oost,835,10196
Z49,Z31,Oud Mathenesse,Kralingen West,728,9023
Z49,Z32,Oud Mathenesse,Kralingse Bos,880,9965
Z49,Z33,Oud Mathenesse,Kralingseveer,947,15360
Z49,Z34,Oud Mathenesse,Liskwartier,508,5882
Z49,Z35,Oud Mathenesse,Lombardijen,1006,10122
Z49,Z36,Oud Mathenesse,Middelland,462,4442
Z49,Z37,Oud Mathenesse,Molenlaankwartier,816,9905
Z49,Z38,Oud Mathenesse,Nesselande,1168,16732
Z49,Z39,Oud Mathenesse,Nieuw Crooswijk,572,7429
Z49,Z40,Oud Mathenesse,Nieuwe Werk,560,5175
Z49,Z41,Oud Mathenesse,Nieuwe Westen,357,2733
Z49,Z42,Oud Mathenesse,Noord Kethel,623,6370
Z49,Z43,Oud Mathenesse,Noordereiland,753,7419
Z49,Z44,Oud Mathenesse,Ommoord,958,14478
Z49,Z45,Oud Mathenesse,Oosterflank,904,13528
Z49,Z46,Oud Mathenesse,Oud Charlois,671,6575
Z49,Z47,Oud Mathenesse,Oud Crooswijk,632,8202
Z49,Z48,Oud Mathenesse,Oud IJsselmonde,988,16786
Z49,Z49,Oud Mathenesse,Oud Mathenesse,66,0
Z49,Z50,Oud Mathenesse,Oude Noorden,600,6788
Z49,Z51,Oud Mathenesse,Oude Westen,542,4973
Z49,Z52,Oud Mathenesse,Overschie,499,4680
Z49,Z53,Oud Mathenesse,Pendrecht,863,8613
Z49,Z54,Oud Mathenesse,Prinsenland,994,14261
Z49,Z55,Oud Mathenesse,Provenierswijk,525,6102
Z49,Z56,Oud Mathenesse,Rubroek,674,5741
Z49,Z57,Oud Mathenesse,Schiebroek,720,8681
Z49,Z58,Oud Mathenesse,Schiemond,312,2837
Z49,Z59,Oud Mathenesse,Schieveen,641,8415
Z49,Z60,Oud Mathenesse,Spangen,186,1429
Z49,Z61,Oud Mathenesse,Stadsdriehoek,648,6481
Z49,Z62,Oud Mathenesse,Struisenburg,750,7392
Z49,Z63,Oud Mathenesse,Tarwewijk,695,6820
Z49,Z64,Oud Mathenesse,Terbregge,865,10909
Z49,Z65,Oud Mathenesse,Tussendijken,238,1869
Z49,Z66,Oud Mathenesse,Vreewijk,894,8832
Z49,Z67,Oud Mathenesse,Wielewaal,903,8362
Z49,Z68,Oud Mathenesse,Zestienhoven,604,7670
Z49,Z69,Oud Mathenesse,Zevenkamp,908,13894
Z49,Z70,Oud Mathenesse,Zuiderpark,884,8915
Z49,Z71,Oud Mathenesse,Zuidplein,740,7207
Z49,Z72,Oud Mathenesse,Zuidwijk,962,9580
Z50,Z00,Oude Noorden,'s-Gravenland,706,6102
Z50,Z01,Oude Noorden,Afrikaanderwijk,613,5682
Z50,Z02,Oude Noorden,Agniesebuurt,221,1527
Z50,Z03,Oude Noorden,Bedrijvenpark Noord-West,696,7910
Z50,Z04,Oude Noorden,Bergpolder,298,2508
Z50,Z05,Oude Noorden,Beverwaard,1054,11533
Z50,Z06,Oude Noorden,Blijdorp,314,2444
Z50,Z07,Oude Noorden,Blijdorpsepolder,559,4253
Z50,Z08,Oude Noorden,Bloemhof,700,6510
Z50,Z09,Oude Noorden,Bospolder,700,5631
Z50,Z10,Oude Noorden,Carnisse,783,7178
Z50,Z11,Oude Noorden,Charlois Zuidrand,1056,9881
Z50,Z12,Oude Noorden,Cool,377,3478
Z50,Z13,Oude Noorden,Cs Kwartier,432,3239
Z50,Z14,Oude Noorden,De Esch,598,6212
Z50,Z15,Oude Noorden,Delfshaven,554,4959
Z50,Z16,Oude Noorden,Dijkzigt,438,4136
Z50,Z17,Oude Noorden,Feijenoord,586,5130
Z50,Z18,Oude Noorden,Groot IJsselmonde,955,10387
Z50,Z19,Oude Noorden,Heijplaat,1302,12463
Z50,Z20,Oude Noorden,Het Lage Land,566,5891
Z50,Z21,Oude Noorden,Hillegersberg Noord,402,3681
Z50,Z22,Oude Noorden,Hillegersberg Zuid,289,2295
Z50,Z23,Oude Noorden,Hillesluis,655,6270
Z50,Z24,Oude Noorden,Hoogvliet Noord,1161,18867
Z50,Z25,Oude Noorden,Hoogvliet Zuid,1420,21866
Z50,Z26,Oude Noorden,Katendrecht,732,6307
Z50,Z27,Oude Noorden,Kleinpolder,460,5283
Z50,Z28,Oude Noorden,Kop van Zuid,496,4699
Z50,Z29,Oude Noorden,Kop van Zuid - Entrepot,534,4823
Z50,Z30,Oude Noorden,Kralingen Oost,447,4085
Z50,Z31,Oude Noorden,Kralingen West,315,2600
Z50,Z32,Oude Noorden,Kralingse Bos,554,4111
Z50,Z33,Oude Noorden,Kralingseveer,740,7297
Z50,Z34,Oude Noorden,Liskwartier,218,1432
Z50,Z35,Oude Noorden,Lombardijen,948,9110
Z50,Z36,Oude Noorden,Middelland,487,3798
Z50,Z37,Oude Noorden,Molenlaankwartier,481,4295
Z50,Z38,Oude Noorden,Nesselande,1125,14509
Z50,Z39,Oude Noorden,Nieuw Crooswijk,256,1898
Z50,Z40,Oude Noorden,Nieuwe Werk,568,4851
Z50,Z41,Oude Noorden,Nieuwe Westen,574,4172
Z50,Z42,Oude Noorden,Noord Kethel,932,11622
Z50,Z43,Oude Noorden,Noordereiland,445,4094
Z50,Z44,Oude Noorden,Ommoord,710,7249
Z50,Z45,Oude Noorden,Oosterflank,750,7458
Z50,Z46,Oude Noorden,Oud Charlois,730,6786
Z50,Z47,Oude Noorden,Oud Crooswijk,190,1350
Z50,Z48,Oude Noorden,Oud IJsselmonde,761,8640
Z50,Z49,Oude Noorden,Oud Mathenesse,633,8059
Z50,Z50,Oude Noorden,Oude Noorden,74,0
Z50,Z51,Oude Noorden,Oude Westen,480,3771
Z50,Z52,Oude Noorden,Overschie,626,6932
Z50,Z53,Oude Noorden,Pendrecht,948,9092
Z50,Z54,Oude Noorden,Prinsenland,757,6924
Z50,Z55,Oude Noorden,Provenierswijk,294,1928
Z50,Z56,Oude Noorden,Rubroek,211,1748
Z50,Z57,Oude Noorden,Schiebroek,522,5021
Z50,Z58,Oude Noorden,Schiemond,665,5942
Z50,Z59,Oude Noorden,Schieveen,742,9087
Z50,Z60,Oude Noorden,Spangen,698,4861
Z50,Z61,Oude Noorden,Stadsdriehoek,365,2986
Z50,Z62,Oude Noorden,Struisenburg,376,3433
Z50,Z63,Oude Noorden,Tarwewijk,746,6948
Z50,Z64,Oude Noorden,Terbregge,531,5468
Z50,Z65,Oude Noorden,Tussendijken,692,4806
Z50,Z66,Oude Noorden,Vreewijk,868,8130
Z50,Z67,Oude Noorden,Wielewaal,961,8574
Z50,Z68,Oude Noorden,Zestienhoven,586,6423
Z50,Z69,Oude Noorden,Zevenkamp,868,11650
Z50,Z70,Oude Noorden,Zuiderpark,919,8755
Z50,Z71,Oude Noorden,Zuidplein,843,7295
Z50,Z72,Oude Noorden,Zuidwijk,942,9425
Z51,Z00,Oude Westen,'s-Gravenland,799,7165
Z51,Z01,Oude Westen,Afrikaanderwijk,493,4294
Z51,Z02,Oude Westen,Agniesebuurt,317,2398
Z51,Z03,Oude Westen,Bedrijvenpark Noord-West,634,7460
Z51,Z04,Oude Westen,Bergpolder,364,3124
Z51,Z05,Oude Westen,Beverwaard,1020,10005
Z51,Z06,Oude Westen,Blijdorp,289,2340
Z51,Z07,Oude Westen,Blijdorpsepolder,514,3969
Z51,Z08,Oude Westen,Bloemhof,567,4798
Z51,Z09,Oude Westen,Bospolder,374,2340
Z51,Z10,Oude Westen,Carnisse,489,4226
Z51,Z11,Oude Westen,Charlois Zuidrand,751,6890
Z51,Z12,Oude Westen,Cool,178,1152
Z51,Z13,Oude Westen,Cs Kwartier,151,948
Z51,Z14,Oude Westen,De Esch,625,5692
Z51,Z15,Oude Westen,Delfshaven,256,2070
Z51,Z16,Oude Westen,Dijkzigt,132,846
Z51,Z17,Oude Westen,Feijenoord,562,4516
Z51,Z18,Oude Westen,Groot IJsselmonde,910,8524
Z51,Z19,Oude Westen,Heijplaat,1007,9540
Z51,Z20,Oude Westen,Het Lage Land,810,8166
Z51,Z21,Oude Westen,Hillegersberg Noord,640,6066
Z51,Z22,Oude Westen,Hillegersberg Zuid,469,4470
Z51,Z23,Oude Westen,Hillesluis,567,5067
Z51,Z24,Oude Westen,Hoogvliet Noord,1101,13502
Z51,Z25,Oude Westen,Hoogvliet Zuid,1246,13761
Z51,Z26,Oude Westen,Katendrecht,557,4635
Z51,Z27,Oude Westen,Kleinpolder,415,4068
Z51,Z28,Oude Westen,Kop van Zuid,364,3013
Z51,Z29,Oude Westen,Kop van Zuid - Entrepot,473,4111
Z51,Z30,Oude Westen,Kralingen Oost,549,5003
Z51,Z31,Oude Westen,Kralingen West,472,3777
Z51,Z32,Oude Westen,Kralingse Bos,770,6463
Z51,Z33,Oude Westen,Kralingseveer,758,7341
Z51,Z34,Oude Westen,Liskwartier,406,3252
Z51,Z35,Oude Westen,Lombardijen,773,7544
Z51,Z36,Oude Westen,Middelland,155,980
Z51,Z37,Oude Westen,Molenlaankwartier,753,6721
Z51,Z38,Oude Westen,Nesselande,1181,15252
Z51,Z39,Oude Westen,Nieuw Crooswijk,535,5061
Z51,Z40,Oude Westen,Nieuwe Werk,350,2326
Z51,Z41,Oude Westen,Nieuwe Westen,245,1627
Z51,Z42,Oude Westen,Noord Kethel,994,11992
Z51,Z43,Oude Westen,Noordereiland,416,3479
Z51,Z44,Oude Westen,Ommoord,922,12562
Z51,Z45,Oude Westen,Oosterflank,908,11974
Z51,Z46,Oude Westen,Oud Charlois,441,3860
Z51,Z47,Oude Westen,Oud Crooswijk,390,3412
Z51,Z48,Oude Westen,Oud IJsselmonde,768,7274
Z51,Z49,Oude Westen,Oud Mathenesse,512,4115
Z51,Z50,Oude Westen,Oude Noorden,397,3521
Z51,Z51,Oude Westen,Oude Westen,54,0
Z51,Z52,Oude Westen,Overschie,594,5504
Z51,Z53,Oude Westen,Pendrecht,626,6202
Z51,Z54,Oude Westen,Prinsenland,931,7951
Z51,Z55,Oude Westen,Provenierswijk,319,2488
Z51,Z56,Oude Westen,Rubroek,337,2726
Z51,Z57,Oude Westen,Schiebroek,717,7192
Z51,Z58,Oude Westen,Schiemond,374,3053
Z51,Z59,Oude Westen,Schieveen,710,8820
Z51,Z60,Oude Westen,Spangen,402,2624
Z51,Z61,Oude Westen,Stadsdriehoek,293,2289
Z51,Z62,Oude Westen,Struisenburg,403,3317
Z51,Z63,Oude Westen,Tarwewijk,467,4059
Z51,Z64,Oude Westen,Terbregge,775,7891
Z51,Z65,Oude Westen,Tussendijken,393,2547
Z51,Z66,Oude Westen,Vreewijk,658,6300
Z51,Z67,Oude Westen,Wielewaal,667,5582
Z51,Z68,Oude Westen,Zestienhoven,650,6555
Z51,Z69,Oude Westen,Zevenkamp,920,12387
Z51,Z70,Oude Westen,Zuiderpark,670,6357
Z51,Z71,Oude Westen,Zuidplein,499,4497
Z51,Z72,Oude Westen,Zuidwijk,724,7042
Z52,Z00,Overschie,'s-Gravenland,961,15791
Z52,Z01,Overschie,Afrikaanderwijk,1003,9340
Z52,Z02,Overschie,Agniesebuurt,596,5392
Z52,Z03,Overschie,Bedrijvenpark Noord-West,272,2826
Z52,Z04,Overschie,Bergpolder,457,4642
Z52,Z05,Overschie,Beverwaard,1238,21108
Z52,Z06,Overschie,Blijdorp,433,3958
Z52,Z07,Overschie,Blijdorpsepolder,446,3123
Z52,Z08,Overschie,Bloemhof,1073,10468
Z52,Z09,Overschie,Bospolder,633,5758
Z52,Z10,Overschie,Carnisse,946,9165
Z52,Z11,Overschie,Charlois Zuidrand,1183,18029
Z52,Z12,Overschie,Cool,729,6583
Z52,Z13,Overschie,Cs Kwartier,561,5108
Z52,Z14,Overschie,De Esch,892,16361
Z52,Z15,Overschie,Delfshaven,624,6005
Z52,Z16,Overschie,Dijkzigt,656,6368
Z52,Z17,Overschie,Feijenoord,1066,9849
Z52,Z18,Overschie,Groot IJsselmonde,1170,20142
Z52,Z19,Overschie,Heijplaat,1241,18180
Z52,Z20,Overschie,Het Lage Land,829,13166
Z52,Z21,Overschie,Hillegersberg Noord,610,7045
Z52,Z22,Overschie,Hillegersberg Zuid,468,4709
Z52,Z23,Overschie,Hillesluis,1071,10107
Z52,Z24,Overschie,Hoogvliet Noord,961,14188
Z52,Z25,Overschie,Hoogvliet Zuid,1236,17324
Z52,Z26,Overschie,Katendrecht,1104,9804
Z52,Z27,Overschie,Kleinpolder,265,1924
Z52,Z28,Overschie,Kop van Zuid,875,8133
Z52,Z29,Overschie,Kop van Zuid - Entrepot,985,9287
Z52,Z30,Overschie,Kralingen Oost,860,15301
Z52,Z31,Overschie,Kralingen West,806,10354
Z52,Z32,Overschie,Kralingse Bos,925,11296
Z52,Z33,Overschie,Kralingseveer,961,17074
Z52,Z34,Overschie,Liskwartier,553,5521
Z52,Z35,Overschie,Lombardijen,1220,12424
Z52,Z36,Overschie,Middelland,613,5690
Z52,Z37,Overschie,Molenlaankwartier,606,8844
Z52,Z38,Overschie,Nesselande,1175,18123
Z52,Z39,Overschie,Nieuw Crooswijk,666,8753
Z52,Z40,Overschie,Nieuwe Werk,826,7756
Z52,Z41,Overschie,Nieuwe Westen,563,4861
Z52,Z42,Overschie,Noord Kethel,731,6636
Z52,Z43,Overschie,Noordereiland,925,8812
Z52,Z44,Overschie,Ommoord,838,13154
Z52,Z45,Overschie,Oosterflank,885,14862
Z52,Z46,Overschie,Oud Charlois,893,8773
Z52,Z47,Overschie,Oud Crooswijk,674,7698
Z52,Z48,Overschie,Oud IJsselmonde,974,18394
Z52,Z49,Overschie,Oud Mathenesse,493,4491
Z52,Z50,Overschie,Oude Noorden,622,5714
Z52,Z51,Overschie,Oude Westen,646,5780
Z52,Z52,Overschie,Overschie,94,0
Z52,Z53,Overschie,Pendrecht,1116,10966
Z52,Z54,Overschie,Prinsenland,973,15549
Z52,Z55,Overschie,Provenierswijk,542,4922
Z52,Z56,Overschie,Rubroek,724,6856
Z52,Z57,Overschie,Schiebroek,608,6081
Z52,Z58,Overschie,Schiemond,718,6519
Z52,Z59,Overschie,Schieveen,312,3401
Z52,Z60,Overschie,Spangen,542,4718
Z52,Z61,Overschie,Stadsdriehoek,819,7463
Z52,Z62,Overschie,Struisenburg,864,8280
Z52,Z63,Overschie,Tarwewijk,928,9024
Z52,Z64,Overschie,Terbregge,664,11648
Z52,Z65,Overschie,Tussendijken,623,5259
Z52,Z66,Overschie,Vreewijk,1145,11063
Z52,Z67,Overschie,Wielewaal,1123,10561
Z52,Z68,Overschie,Zestienhoven,241,2155
Z52,Z69,Overschie,Zevenkamp,900,15141
Z52,Z70,Overschie,Zuiderpark,1127,11139
Z52,Z71,Overschie,Zuidplein,1009,9454
Z52,Z72,Overschie,Zuidwijk,1184,11992
Z53,Z00,Pendrecht,'s-Gravenland,1155,13019
Z53,Z01,Pendrecht,Afrikaanderwijk,520,4781
Z53,Z02,Pendrecht,Agniesebuurt,825,8146
Z53,Z03,Pendrecht,Bedrijvenpark Noord-West,1062,17474
Z53,Z04,Pendrecht,Bergpolder,831,8348
Z53,Z05,Pendrecht,Beverwaard,819,8397
Z53,Z06,Pendrecht,Blijdorp,753,7565
Z53,Z07,Pendrecht,Blijdorpsepolder,955,8895
Z53,Z08,Pendrecht,Bloemhof,496,4354
Z53,Z09,Pendrecht,Bospolder,770,7137
Z53,Z10,Pendrecht,Carnisse,331,2682
Z53,Z11,Pendrecht,Charlois Zuidrand,190,1216
Z53,Z12,Pendrecht,Cool,625,6265
Z53,Z13,Pendrecht,Cs Kwartier,681,6715
Z53,Z14,Pendrecht,De Esch,994,11155
Z53,Z15,Pendrecht,Delfshaven,593,5822
Z53,Z16,Pendrecht,Dijkzigt,549,5534
Z53,Z17,Pendrecht,Feijenoord,719,6777
Z53,Z18,Pendrecht,Groot IJsselmonde,689,7032
Z53,Z19,Pendrecht,Heijplaat,534,4936
Z53,Z20,Pendrecht,Het Lage Land,1148,14650
Z53,Z21,Pendrecht,Hillegersberg Noord,1126,11170
Z53,Z22,Pendrecht,Hillegersberg Zuid,934,9624
Z53,Z23,Pendrecht,Hillesluis,560,5395
Z53,Z24,Pendrecht,Hoogvliet Noord,629,8751
Z53,Z25,Pendrecht,Hoogvliet Zuid,777,9156
Z53,Z26,Pendrecht,Katendrecht,634,5740
Z53,Z27,Pendrecht,Kleinpolder,896,9272
Z53,Z28,Pendrecht,Kop van Zuid,582,5616
Z53,Z29,Pendrecht,Kop van Zuid - Entrepot,632,5641
Z53,Z30,Pendrecht,Kralingen Oost,956,9708
Z53,Z31,Pendrecht,Kralingen West,903,8842
Z53,Z32,Pendrecht,Kralingse Bos,1237,10872
Z53,Z33,Pendrecht,Kralingseveer,976,11269
Z53,Z34,Pendrecht,Liskwartier,898,8599
Z53,Z35,Pendrecht,Lombardijen,435,4193
Z53,Z36,Pendrecht,Middelland,604,5949
Z53,Z37,Pendrecht,Molenlaankwartier,1230,11926
Z53,Z38,Pendrecht,Nesselande,1588,20795
Z53,Z39,Pendrecht,Nieuw Crooswijk,1019,10774
Z53,Z40,Pendrecht,Nieuwe Werk,654,6173
Z53,Z41,Pendrecht,Nieuwe Westen,723,6672
Z53,Z42,Pendrecht,Noord Kethel,1134,16885
Z53,Z43,Pendrecht,Noordereiland,714,6720
Z53,Z44,Pendrecht,Ommoord,1342,16717
Z53,Z45,Pendrecht,Oosterflank,1310,17412
Z53,Z46,Pendrecht,Oud Charlois,320,2833
Z53,Z47,Pendrecht,Oud Crooswijk,905,9087
Z53,Z48,Pendrecht,Oud IJsselmonde,713,6947
Z53,Z49,Pendrecht,Oud Mathenesse,876,8686
Z53,Z50,Pendrecht,Oude Noorden,896,8741
Z53,Z51,Pendrecht,Oude Westen,626,5997
Z53,Z52,Pendrecht,Overschie,1062,10697
Z53,Z53,Pendrecht,Pendrecht,79,0
Z53,Z54,Pendrecht,Prinsenland,1159,12687
Z53,Z55,Pendrecht,Provenierswijk,794,7633
Z53,Z56,Pendrecht,Rubroek,825,8330
Z53,Z57,Pendrecht,Schiebroek,1182,12336
Z53,Z58,Pendrecht,Schiemond,677,6400
Z53,Z59,Pendrecht,Schieveen,1202,13924
Z53,Z60,Pendrecht,Spangen,832,7793
Z53,Z61,Pendrecht,Stadsdriehoek,695,6952
Z53,Z62,Pendrecht,Struisenburg,780,7787
Z53,Z63,Pendrecht,Tarwewijk,390,3408
Z53,Z64,Pendrecht,Terbregge,1196,15337
Z53,Z65,Pendrecht,Tussendijken,789,7318
Z53,Z66,Pendrecht,Vreewijk,382,3684
Z53,Z67,Pendrecht,Wielewaal,374,2818
Z53,Z68,Pendrecht,Zestienhoven,1114,11659
Z53,Z69,Pendrecht,Zevenkamp,1326,17926
Z53,Z70,Pendrecht,Zuiderpark,238,1958
Z53,Z71,Pendrecht,Zuidplein,407,3428
Z53,Z72,Pendrecht,Zuidwijk,200,1813
Z54,Z00,Prinsenland,'s-Gravenland,421,3324
Z54,Z01,Prinsenland,Afrikaanderwijk,847,9338
Z54,Z02,Prinsenland,Agniesebuurt,814,7699
Z54,Z03,Prinsenland,Bedrijvenpark Noord-West,984,15532
Z54,Z04,Prinsenland,Bergpolder,737,10180
Z54,Z05,Prinsenland,Beverwaard,836,9747
Z54,Z06,Prinsenland,Blijdorp,829,10825
Z54,Z07,Prinsenland,Blijdorpsepolder,958,12566
Z54,Z08,Prinsenland,Bloemhof,894,9517
Z54,Z09,Prinsenland,Bospolder,1160,11838
Z54,Z10,Prinsenland,Carnisse,1021,10834
Z54,Z11,Prinsenland,Charlois Zuidrand,1184,19089
Z54,Z12,Prinsenland,Cool,814,8131
Z54,Z13,Prinsenland,Cs Kwartier,964,12279
Z54,Z14,Prinsenland,De Esch,513,4783
Z54,Z15,Prinsenland,Delfshaven,1002,9917
Z54,Z16,Prinsenland,Dijkzigt,875,8802
Z54,Z17,Prinsenland,Feijenoord,902,9980
Z54,Z18,Prinsenland,Groot IJsselmonde,732,8691
Z54,Z19,Prinsenland,Heijplaat,1365,21502
Z54,Z20,Prinsenland,Het Lage Land,434,2645
Z54,Z21,Prinsenland,Hillegersberg Noord,769,7472
Z54,Z22,Prinsenland,Hillegersberg Zuid,795,11050
Z54,Z23,Prinsenland,Hillesluis,813,8929
Z54,Z24,Prinsenland,Hoogvliet Noord,1390,24591
Z54,Z25,Prinsenland,Hoogvliet Zuid,1554,24297
Z54,Z26,Prinsenland,Katendrecht,1034,10855
Z54,Z27,Prinsenland,Kleinpolder,815,11948
Z54,Z28,Prinsenland,Kop van Zuid,878,8606
Z54,Z29,Prinsenland,Kop van Zuid - Entrepot,870,9766
Z54,Z30,Prinsenland,Kralingen Oost,467,3349
Z54,Z31,Prinsenland,Kralingen West,598,4755
Z54,Z32,Prinsenland,Kralingse Bos,626,5109
Z54,Z33,Prinsenland,Kralingseveer,450,4114
Z54,Z34,Prinsenland,Liskwartier,751,7939
Z54,Z35,Prinsenland,Lombardijen,869,9797
Z54,Z36,Prinsenland,Middelland,977,10208
Z54,Z37,Prinsenland,Molenlaankwartier,660,6118
Z54,Z38,Prinsenland,Nesselande,942,11137
Z54,Z39,Prinsenland,Nieuw Crooswijk,681,6461
Z54,Z40,Prinsenland,Nieuwe Werk,934,8839
Z54,Z41,Prinsenland,Nieuwe Westen,1081,13038
Z54,Z42,Prinsenland,Noord Kethel,1306,18248
Z54,Z43,Prinsenland,Noordereiland,844,8265
Z54,Z44,Prinsenland,Ommoord,628,5564
Z54,Z45,Prinsenland,Oosterflank,482,3959
Z54,Z46,Prinsenland,Oud Charlois,1083,11754
Z54,Z47,Prinsenland,Oud Crooswijk,593,5626
Z54,Z48,Prinsenland,Oud IJsselmonde,599,6798
Z54,Z49,Prinsenland,Oud Mathenesse,1009,14379
Z54,Z50,Prinsenland,Oude Noorden,728,6962
Z54,Z51,Prinsenland,Oude Westen,937,9143
Z54,Z52,Prinsenland,Overschie,951,14015
Z54,Z53,Prinsenland,Pendrecht,1151,12800
Z54,Z54,Prinsenland,Prinsenland,96,0
Z54,Z55,Prinsenland,Provenierswijk,830,10950
Z54,Z56,Prinsenland,Rubroek,671,6032
Z54,Z57,Prinsenland,Schiebroek,873,11525
Z54,Z58,Prinsenland,Schiemond,1082,10474
Z54,Z59,Prinsenland,Schieveen,950,14665
Z54,Z60,Prinsenland,Spangen,1095,14928
Z54,Z61,Prinsenland,Stadsdriehoek,706,7137
Z54,Z62,Prinsenland,Struisenburg,598,6021
Z54,Z63,Prinsenland,Tarwewijk,967,11071
Z54,Z64,Prinsenland,Terbregge,529,4551
Z54,Z65,Prinsenland,Tussendijken,1144,15512
Z54,Z66,Prinsenland,Vreewijk,861,9377
Z54,Z67,Prinsenland,Wielewaal,1315,13542
Z54,Z68,Prinsenland,Zestienhoven,924,12720
Z54,Z69,Prinsenland,Zevenkamp,657,8316
Z54,Z70,Prinsenland,Zuiderpark,1022,10996
Z54,Z71,Prinsenland,Zuidplein,970,10411
Z54,Z72,Prinsenland,Zuidwijk,1057,11170
Z55,Z00,Provenierswijk,'s-Gravenland,823,7635
Z55,Z01,Provenierswijk,Afrikaanderwijk,682,6040
Z55,Z02,Provenierswijk,Agniesebuurt,225,1485
Z55,Z03,Provenierswijk,Bedrijvenpark Noord-West,568,6875
Z55,Z04,Provenierswijk,Bergpolder,268,2298
Z55,Z05,Provenierswijk,Beverwaard,1169,17129
Z55,Z06,Provenierswijk,Blijdorp,208,1566
Z55,Z07,Provenierswijk,Blijdorpsepolder,432,3241
Z55,Z08,Provenierswijk,Bloemhof,748,7183
Z55,Z09,Provenierswijk,Bospolder,549,4310
Z55,Z10,Provenierswijk,Carnisse,620,5869
Z55,Z11,Provenierswijk,Charlois Zuidrand,899,8562
Z55,Z12,Provenierswijk,Cool,394,3283
Z55,Z13,Provenierswijk,Cs Kwartier,233,1756
Z55,Z14,Provenierswijk,De Esch,732,7191
Z55,Z15,Provenierswijk,Delfshaven,387,3598
Z55,Z16,Provenierswijk,Dijkzigt,330,3056
Z55,Z17,Provenierswijk,Feijenoord,727,6472
Z55,Z18,Provenierswijk,Groot IJsselmonde,1055,14892
Z55,Z19,Provenierswijk,Heijplaat,1138,11150
Z55,Z20,Provenierswijk,Het Lage Land,711,7301
Z55,Z21,Provenierswijk,Hillegersberg Noord,490,4368
Z55,Z22,Provenierswijk,Hillegersberg Zuid,373,3421
Z55,Z23,Provenierswijk,Hillesluis,754,6740
Z55,Z24,Provenierswijk,Hoogvliet Noord,1132,18192
Z55,Z25,Provenierswijk,Hoogvliet Zuid,1376,15432
Z55,Z26,Provenierswijk,Katendrecht,746,6441
Z55,Z27,Provenierswijk,Kleinpolder,358,3495
Z55,Z28,Provenierswijk,Kop van Zuid,553,4834
Z55,Z29,Provenierswijk,Kop van Zuid - Entrepot,646,5758
Z55,Z30,Provenierswijk,Kralingen Oost,564,5442
Z55,Z31,Provenierswijk,Kralingen West,454,4101
Z55,Z32,Provenierswijk,Kralingse Bos,679,5585
Z55,Z33,Provenierswijk,Kralingseveer,858,9073
Z55,Z34,Provenierswijk,Liskwartier,237,1564
Z55,Z35,Provenierswijk,Lombardijen,914,9124
Z55,Z36,Provenierswijk,Middelland,288,2391
Z55,Z37,Provenierswijk,Molenlaankwartier,561,5023
Z55,Z38,Provenierswijk,Nesselande,1079,14222
Z55,Z39,Provenierswijk,Nieuw Crooswijk,387,3232
Z55,Z40,Provenierswijk,Nieuwe Werk,510,4420
Z55,Z41,Provenierswijk,Nieuwe Westen,355,2743
Z55,Z42,Provenierswijk,Noord Kethel,907,10992
Z55,Z43,Provenierswijk,Noordereiland,566,5323
Z55,Z44,Provenierswijk,Ommoord,832,11524
Z55,Z45,Provenierswijk,Oosterflank,819,11243
Z55,Z46,Provenierswijk,Oud Charlois,577,5524
Z55,Z47,Provenierswijk,Oud Crooswijk,308,2724
Z55,Z48,Provenierswijk,Oud IJsselmonde,902,14397
Z55,Z49,Provenierswijk,Oud Mathenesse,550,4558
Z55,Z50,Provenierswijk,Oude Noorden,251,1823
Z55,Z51,Provenierswijk,Oude Westen,314,2524
Z55,Z52,Provenierswijk,Overschie,524,4776
Z55,Z53,Provenierswijk,Pendrecht,773,7512
Z55,Z54,Provenierswijk,Prinsenland,858,11122
Z55,Z55,Provenierswijk,Provenierswijk,39,0
Z55,Z56,Provenierswijk,Rubroek,379,3451
Z55,Z57,Provenierswijk,Schiebroek,601,5824
Z55,Z58,Provenierswijk,Schiemond,507,4602
Z55,Z59,Provenierswijk,Schieveen,644,8015
Z55,Z60,Provenierswijk,Spangen,497,3430
Z55,Z61,Provenierswijk,Stadsdriehoek,477,4035
Z55,Z62,Provenierswijk,Struisenburg,524,4903
Z55,Z63,Provenierswijk,Tarwewijk,602,5730
Z55,Z64,Provenierswijk,Terbregge,654,6080
Z55,Z65,Provenierswijk,Tussendijken,476,3355
Z55,Z66,Provenierswijk,Vreewijk,793,7735
Z55,Z67,Provenierswijk,Wielewaal,798,7261
Z55,Z68,Provenierswijk,Zestienhoven,564,5577
Z55,Z69,Provenierswijk,Zevenkamp,824,11582
Z55,Z70,Provenierswijk,Zuiderpark,801,8036
Z55,Z71,Provenierswijk,Zuidplein,650,6154
Z55,Z72,Provenierswijk,Zuidwijk,858,8692
Z56,Z00,Rubroek,'s-Gravenland,602,5131
Z56,Z01,Rubroek,Afrikaanderwijk,533,4608
Z56,Z02,Rubroek,Agniesebuurt,236,1805
Z56,Z03,Rubroek,Bedrijvenpark Noord-West,712,8374
Z56,Z04,Rubroek,Bergpolder,330,2971
Z56,Z05,Rubroek,Beverwaard,956,10574
Z56,Z06,Rubroek,Blijdorp,326,2918
Z56,Z07,Rubroek,Blijdorpsepolder,576,4710
Z56,Z08,Rubroek,Bloemhof,632,5387
Z56,Z09,Rubroek,Bospolder,646,5241
Z56,Z10,Rubroek,Carnisse,741,6737
Z56,Z11,Rubroek,Charlois Zuidrand,1001,9336
Z56,Z12,Rubroek,Cool,304,2370
Z56,Z13,Rubroek,Cs Kwartier,441,3528
Z56,Z14,Rubroek,De Esch,524,4909
Z56,Z15,Rubroek,Delfshaven,494,4365
Z56,Z16,Rubroek,Dijkzigt,366,3116
Z56,Z17,Rubroek,Feijenoord,518,4033
Z56,Z18,Rubroek,Groot IJsselmonde,889,8955
Z56,Z19,Rubroek,Heijplaat,1251,11918
Z56,Z20,Rubroek,Het Lage Land,548,5505
Z56,Z21,Rubroek,Hillegersberg Noord,515,4760
Z56,Z22,Rubroek,Hillegersberg Zuid,404,3729
Z56,Z23,Rubroek,Hillesluis,589,5235
Z56,Z24,Rubroek,Hoogvliet Noord,1210,18746
Z56,Z25,Rubroek,Hoogvliet Zuid,1489,16277
Z56,Z26,Rubroek,Katendrecht,618,5176
Z56,Z27,Rubroek,Kleinpolder,502,4953
Z56,Z28,Rubroek,Kop van Zuid,417,3568
Z56,Z29,Rubroek,Kop van Zuid - Entrepot,461,3758
Z56,Z30,Rubroek,Kralingen Oost,352,3004
Z56,Z31,Rubroek,Kralingen West,229,1544
Z56,Z32,Rubroek,Kralingse Bos,507,3636
Z56,Z33,Rubroek,Kralingseveer,672,6435
Z56,Z34,Rubroek,Liskwartier,302,2481
Z56,Z35,Rubroek,Lombardijen,876,7978
Z56,Z36,Rubroek,Middelland,459,3688
Z56,Z37,Rubroek,Molenlaankwartier,586,5414
Z56,Z38,Rubroek,Nesselande,1140,11850
Z56,Z39,Rubroek,Nieuw Crooswijk,315,2324
Z56,Z40,Rubroek,Nieuwe Werk,481,3798
Z56,Z41,Rubroek,Nieuwe Westen,555,4381
Z56,Z42,Rubroek,Noord Kethel,981,11800
Z56,Z43,Rubroek,Noordereiland,372,2962
Z56,Z44,Rubroek,Ommoord,685,6864
Z56,Z45,Rubroek,Oosterflank,732,7073
Z56,Z46,Rubroek,Oud Charlois,694,6372
Z56,Z47,Rubroek,Oud Crooswijk,148,936
Z56,Z48,Rubroek,Oud IJsselmonde,694,7860
Z56,Z49,Rubroek,Oud Mathenesse,682,8038
Z56,Z50,Rubroek,Oude Noorden,220,1777
Z56,Z51,Rubroek,Oude Westen,437,3478
Z56,Z52,Rubroek,Overschie,668,6234
Z56,Z53,Rubroek,Pendrecht,875,8365
Z56,Z54,Rubroek,Prinsenland,693,6085
Z56,Z55,Rubroek,Provenierswijk,315,2379
Z56,Z56,Rubroek,Rubroek,53,0
Z56,Z57,Rubroek,Schiebroek,673,6471
Z56,Z58,Rubroek,Schiemond,615,5355
Z56,Z59,Rubroek,Schieveen,770,9174
Z56,Z60,Rubroek,Spangen,695,5214
Z56,Z61,Rubroek,Stadsdriehoek,285,2093
Z56,Z62,Rubroek,Struisenburg,310,2425
Z56,Z63,Rubroek,Tarwewijk,662,5759
Z56,Z64,Rubroek,Terbregge,531,5349
Z56,Z65,Rubroek,Tussendijken,681,5368
Z56,Z66,Rubroek,Vreewijk,772,7132
Z56,Z67,Rubroek,Wielewaal,914,8073
Z56,Z68,Rubroek,Zestienhoven,626,6282
Z56,Z69,Rubroek,Zevenkamp,884,9950
Z56,Z70,Rubroek,Zuiderpark,846,8120
Z56,Z71,Rubroek,Zuidplein,715,6502
Z56,Z72,Rubroek,Zuidwijk,869,8294
Z57,Z00,Schiebroek,'s-Gravenland,837,11677
Z57,Z01,Schiebroek,Afrikaanderwijk,1042,10007
Z57,Z02,Schiebroek,Agniesebuurt,542,4787
Z57,Z03,Schiebroek,Bedrijvenpark Noord-West,700,9725
Z57,Z04,Schiebroek,Bergpolder,444,4259
Z57,Z05,Schiebroek,Beverwaard,1154,17352
Z57,Z06,Schiebroek,Blijdorp,489,4990
Z57,Z07,Schiebroek,Blijdorpsepolder,665,6652
Z57,Z08,Schiebroek,Bloemhof,1116,10836
Z57,Z09,Schiebroek,Bospolder,845,9724
Z57,Z10,Schiebroek,Carnisse,1022,10501
Z57,Z11,Schiebroek,Charlois Zuidrand,1315,13204
Z57,Z12,Schiebroek,Cool,784,7708
Z57,Z13,Schiebroek,Cs Kwartier,636,6444
Z57,Z14,Schiebroek,De Esch,786,12445
Z57,Z15,Schiebroek,Delfshaven,813,8233
Z57,Z16,Schiebroek,Dijkzigt,732,7703
Z57,Z17,Schiebroek,Feijenoord,1002,9456
Z57,Z18,Schiebroek,Groot IJsselmonde,1055,16297
Z57,Z19,Schiebroek,Heijplaat,1491,23490
Z57,Z20,Schiebroek,Het Lage Land,717,7337
Z57,Z21,Schiebroek,Hillegersberg Noord,210,1794
Z57,Z22,Schiebroek,Hillegersberg Zuid,266,2558
Z57,Z23,Schiebroek,Hillesluis,1058,10596
Z57,Z24,Schiebroek,Hoogvliet Noord,1222,19525
Z57,Z25,Schiebroek,Hoogvliet Zuid,1495,22660
Z57,Z26,Schiebroek,Katendrecht,1142,10709
Z57,Z27,Schiebroek,Kleinpolder,518,6132
Z57,Z28,Schiebroek,Kop van Zuid,925,9025
Z57,Z29,Schiebroek,Kop van Zuid - Entrepot,949,9169
Z57,Z30,Schiebroek,Kralingen Oost,767,11187
Z57,Z31,Schiebroek,Kralingen West,684,6800
Z57,Z32,Schiebroek,Kralingse Bos,833,7578
Z57,Z33,Schiebroek,Kralingseveer,832,13088
Z57,Z34,Schiebroek,Liskwartier,400,3781
Z57,Z35,Schiebroek,Lombardijen,1143,17372
Z57,Z36,Schiebroek,Middelland,695,7026
Z57,Z37,Schiebroek,Molenlaankwartier,329,3089
Z57,Z38,Schiebroek,Nesselande,1051,14125
Z57,Z39,Schiebroek,Nieuw Crooswijk,571,5187
Z57,Z40,Schiebroek,Nieuwe Werk,916,9105
Z57,Z41,Schiebroek,Nieuwe Westen,761,7377
Z57,Z42,Schiebroek,Noord Kethel,988,12402
Z57,Z43,Schiebroek,Noordereiland,860,8420
Z57,Z44,Schiebroek,Ommoord,677,7486
Z57,Z45,Schiebroek,Oosterflank,792,11059
Z57,Z46,Schiebroek,Oud Charlois,984,10109
Z57,Z47,Schiebroek,Oud Crooswijk,549,5516
Z57,Z48,Schiebroek,Oud IJsselmonde,874,14420
Z57,Z49,Schiebroek,Oud Mathenesse,682,8563
Z57,Z50,Schiebroek,Oude Noorden,500,4653
Z57,Z51,Schiebroek,Oude Westen,722,7160
Z57,Z52,Schiebroek,Overschie,578,5660
Z57,Z53,Schiebroek,Pendrecht,1206,12314
Z57,Z54,Schiebroek,Prinsenland,840,11550
Z57,Z55,Schiebroek,Provenierswijk,529,5289
Z57,Z56,Schiebroek,Rubroek,627,6074
Z57,Z57,Schiebroek,Schiebroek,160,0
Z57,Z58,Schiebroek,Schiemond,904,10542
Z57,Z59,Schiebroek,Schieveen,655,8443
Z57,Z60,Schiebroek,Spangen,814,9112
Z57,Z61,Schiebroek,Stadsdriehoek,773,7550
Z57,Z62,Schiebroek,Struisenburg,792,7759
Z57,Z63,Schiebroek,Tarwewijk,1005,10360
Z57,Z64,Schiebroek,Terbregge,434,4498
Z57,Z65,Schiebroek,Tussendijken,814,9696
Z57,Z66,Schiebroek,Vreewijk,1135,16862
Z57,Z67,Schiebroek,Wielewaal,1199,11896
Z57,Z68,Schiebroek,Zestienhoven,449,4601
Z57,Z69,Schiebroek,Zevenkamp,807,11395
Z57,Z70,Schiebroek,Zuiderpark,1214,12488
Z57,Z71,Schiebroek,Zuidplein,1087,10790
Z57,Z72,Schiebroek,Zuidwijk,1262,13328
Z58,Z00,Schiemond,'s-Gravenland,939,8915
Z58,Z01,Schiemond,Afrikaanderwijk,554,5065
Z58,Z02,Schiemond,Agniesebuurt,573,5236
Z58,Z03,Schiemond,Bedrijvenpark Noord-West,615,5997
Z58,Z04,Schiemond,Bergpolder,552,5423
Z58,Z05,Schiemond,Beverwaard,1095,10862
Z58,Z06,Schiemond,Blijdorp,512,4656
Z58,Z07,Schiemond,Blijdorpsepolder,609,4989
Z58,Z08,Schiemond,Bloemhof,637,5716
Z58,Z09,Schiemond,Bospolder,203,1235
Z58,Z10,Schiemond,Carnisse,503,4413
Z58,Z11,Schiemond,Charlois Zuidrand,771,7041
Z58,Z12,Schiemond,Cool,380,3345
Z58,Z13,Schiemond,Cs Kwartier,419,3806
Z58,Z14,Schiemond,De Esch,736,7249
Z58,Z15,Schiemond,Delfshaven,193,1452
Z58,Z16,Schiemond,Dijkzigt,304,2625
Z58,Z17,Schiemond,Feijenoord,652,5678
Z58,Z18,Schiemond,Groot IJsselmonde,959,9376
Z58,Z19,Schiemond,Heijplaat,1012,9696
Z58,Z20,Schiemond,Het Lage Land,1048,10230
Z58,Z21,Schiemond,Hillegersberg Noord,870,8261
Z58,Z22,Schiemond,Hillegersberg Zuid,685,6706
Z58,Z23,Schiemond,Hillesluis,622,5819
Z58,Z24,Schiemond,Hoogvliet Noord,1061,15794
Z58,Z25,Schiemond,Hoogvliet Zuid,1255,13878
Z58,Z26,Schiemond,Katendrecht,633,5487
Z58,Z27,Schiemond,Kleinpolder,513,5134
Z58,Z28,Schiemond,Kop van Zuid,426,3845
Z58,Z29,Schiemond,Kop van Zuid - Entrepot,548,4999
Z58,Z30,Schiemond,Kralingen Oost,701,6691
Z58,Z31,Schiemond,Kralingen West,651,5893
Z58,Z32,Schiemond,Kralingse Bos,1000,7923
Z58,Z33,Schiemond,Kralingseveer,869,8801
Z58,Z34,Schiemond,Liskwartier,637,5642
Z58,Z35,Schiemond,Lombardijen,776,7672
Z58,Z36,Schiemond,Middelland,280,2510
Z58,Z37,Schiemond,Molenlaankwartier,970,8915
Z58,Z38,Schiemond,Nesselande,1376,18440
Z58,Z39,Schiemond,Nieuw Crooswijk,761,7930
Z58,Z40,Schiemond,Nieuwe Werk,344,2661
Z58,Z41,Schiemond,Nieuwe Westen,366,2550
Z58,Z42,Schiemond,Noord Kethel,830,8848
Z58,Z43,Schiemond,Noordereiland,524,5005
Z58,Z44,Schiemond,Ommoord,1139,15171
Z58,Z45,Schiemond,Oosterflank,1103,15399
Z58,Z46,Schiemond,Oud Charlois,451,4021
Z58,Z47,Schiemond,Oud Crooswijk,646,6243
Z58,Z48,Schiemond,Oud IJsselmonde,823,8109
Z58,Z49,Schiemond,Oud Mathenesse,312,2769
Z58,Z50,Schiemond,Oude Noorden,645,5832
Z58,Z51,Schiemond,Oude Westen,380,3088
Z58,Z52,Schiemond,Overschie,706,6566
Z58,Z53,Schiemond,Pendrecht,646,6182
Z58,Z54,Schiemond,Prinsenland,1068,10149
Z58,Z55,Schiemond,Provenierswijk,550,4745
Z58,Z56,Schiemond,Rubroek,577,5437
Z58,Z57,Schiemond,Schiebroek,928,10020
Z58,Z58,Schiemond,Schiemond,75,0
Z58,Z59,Schiemond,Schieveen,846,10398
Z58,Z60,Schiemond,Spangen,353,2676
Z58,Z61,Schiemond,Stadsdriehoek,448,4026
Z58,Z62,Schiemond,Struisenburg,534,4838
Z58,Z63,Schiemond,Tarwewijk,467,4272
Z58,Z64,Schiemond,Terbregge,1020,9985
Z58,Z65,Schiemond,Tussendijken,289,1790
Z58,Z66,Schiemond,Vreewijk,677,6417
Z58,Z67,Schiemond,Wielewaal,686,5809
Z58,Z68,Schiemond,Zestienhoven,812,9453
Z58,Z69,Schiemond,Zevenkamp,1108,15619
Z58,Z70,Schiemond,Zuiderpark,678,6493
Z58,Z71,Schiemond,Zuidplein,510,4702
Z58,Z72,Schiemond,Zuidwijk,731,7172
Z59,Z00,Schieveen,'s-Gravenland,925,14983
Z59,Z01,Schieveen,Afrikaanderwijk,1141,12852
Z59,Z02,Schieveen,Agniesebuurt,710,8216
Z59,Z03,Schieveen,Bedrijvenpark Noord-West,358,3512
Z59,Z04,Schieveen,Bergpolder,540,7037
Z59,Z05,Schieveen,Beverwaard,1247,20649
Z59,Z06,Schieveen,Blijdorp,575,7331
Z59,Z07,Schieveen,Blijdorpsepolder,610,6666
Z59,Z08,Schieveen,Bloemhof,1202,13980
Z59,Z09,Schieveen,Bospolder,787,9246
Z59,Z10,Schieveen,Carnisse,1074,12677
Z59,Z11,Schieveen,Charlois Zuidrand,1354,15622
Z59,Z12,Schieveen,Cool,862,10055
Z59,Z13,Schieveen,Cs Kwartier,689,8619
Z59,Z14,Schieveen,De Esch,886,15920
Z59,Z15,Schieveen,Delfshaven,790,9569
Z59,Z16,Schieveen,Dijkzigt,785,9879
Z59,Z17,Schieveen,Feijenoord,1195,13358
Z59,Z18,Schieveen,Groot IJsselmonde,1143,19423
Z59,Z19,Schieveen,Heijplaat,1412,20617
Z59,Z20,Schieveen,Het Lage Land,810,12707
Z59,Z21,Schieveen,Hillegersberg Noord,612,8056
Z59,Z22,Schieveen,Hillegersberg Zuid,601,7526
Z59,Z23,Schieveen,Hillesluis,1183,13618
Z59,Z24,Schieveen,Hoogvliet Noord,1147,17014
Z59,Z25,Schieveen,Hoogvliet Zuid,1423,19810
Z59,Z26,Schieveen,Katendrecht,1215,13253
Z59,Z27,Schieveen,Kleinpolder,453,6181
Z59,Z28,Schieveen,Kop van Zuid,1013,11636
Z59,Z29,Schieveen,Kop van Zuid - Entrepot,1116,12570
Z59,Z30,Schieveen,Kralingen Oost,868,14800
Z59,Z31,Schieveen,Kralingen West,877,10988
Z59,Z32,Schieveen,Kralingse Bos,1007,11930
Z59,Z33,Schieveen,Kralingseveer,929,16623
Z59,Z34,Schieveen,Liskwartier,646,7848
Z59,Z35,Schieveen,Lombardijen,1243,20934
Z59,Z36,Schieveen,Middelland,742,9121
Z59,Z37,Schieveen,Molenlaankwartier,600,8250
Z59,Z38,Schieveen,Nesselande,1140,17642
Z59,Z39,Schieveen,Nieuw Crooswijk,711,9468
Z59,Z40,Schieveen,Nieuwe Werk,964,11187
Z59,Z41,Schieveen,Nieuwe Westen,719,8426
Z59,Z42,Schieveen,Noord Kethel,903,9233
Z59,Z43,Schieveen,Noordereiland,1054,11790
Z59,Z44,Schieveen,Ommoord,808,12600
Z59,Z45,Schieveen,Oosterflank,892,14403
Z59,Z46,Schieveen,Oud Charlois,1031,12285
Z59,Z47,Schieveen,Oud Crooswijk,770,10251
Z59,Z48,Schieveen,Oud IJsselmonde,974,17936
Z59,Z49,Schieveen,Oud Mathenesse,624,7593
Z59,Z50,Schieveen,Oude Noorden,736,8444
Z59,Z51,Schieveen,Oude Westen,768,9165
Z59,Z52,Schieveen,Overschie,304,3163
Z59,Z53,Schieveen,Pendrecht,1243,14323
Z59,Z54,Schieveen,Prinsenland,959,14411
Z59,Z55,Schieveen,Provenierswijk,657,7796
Z59,Z56,Schieveen,Rubroek,841,9609
Z59,Z57,Schieveen,Schiebroek,632,8543
Z59,Z58,Schieveen,Schiemond,868,9845
Z59,Z59,Schieveen,Schieveen,174,0
Z59,Z60,Schieveen,Spangen,755,8041
Z59,Z61,Schieveen,Stadsdriehoek,945,10846
Z59,Z62,Schieveen,Struisenburg,978,15553
Z59,Z63,Schieveen,Tarwewijk,1056,12536
Z59,Z64,Schieveen,Terbregge,632,11189
Z59,Z65,Schieveen,Tussendijken,761,8720
Z59,Z66,Schieveen,Vreewijk,1217,19244
Z59,Z67,Schieveen,Wielewaal,1252,14072
Z59,Z68,Schieveen,Zestienhoven,421,4505
Z59,Z69,Schieveen,Zevenkamp,907,14799
Z59,Z70,Schieveen,Zuiderpark,1255,14190
Z59,Z71,Schieveen,Zuidplein,1120,12965
Z59,Z72,Schieveen,Zuidwijk,1312,15408
Z60,Z00,Spangen,'s-Gravenland,1037,14694
Z60,Z01,Spangen,Afrikaanderwijk,788,6932
Z60,Z02,Spangen,Agniesebuurt,607,4634
Z60,Z03,Spangen,Bedrijvenpark Noord-West,459,4462
Z60,Z04,Spangen,Bergpolder,489,5480
Z60,Z05,Spangen,Beverwaard,1316,19773
Z60,Z06,Spangen,Blijdorp,475,4222
Z60,Z07,Spangen,Blijdorpsepolder,471,3068
Z60,Z08,Spangen,Bloemhof,870,7613
Z60,Z09,Spangen,Bospolder,272,1727
Z60,Z10,Spangen,Carnisse,740,6266
Z60,Z11,Spangen,Charlois Zuidrand,1004,8947
Z60,Z12,Spangen,Cool,520,4232
Z60,Z13,Spangen,Cs Kwartier,453,3109
Z60,Z14,Spangen,De Esch,958,8781
Z60,Z15,Spangen,Delfshaven,356,2539
Z60,Z16,Spangen,Dijkzigt,444,3447
Z60,Z17,Spangen,Feijenoord,885,7538
Z60,Z18,Spangen,Groot IJsselmonde,1184,11888
Z60,Z19,Spangen,Heijplaat,1197,18397
Z60,Z20,Spangen,Het Lage Land,1002,12258
Z60,Z21,Spangen,Hillegersberg Noord,786,9381
Z60,Z22,Spangen,Hillegersberg Zuid,582,6801
Z60,Z23,Spangen,Hillesluis,870,7698
Z60,Z24,Spangen,Hoogvliet Noord,927,14400
Z60,Z25,Spangen,Hoogvliet Zuid,1211,17613
Z60,Z26,Spangen,Katendrecht,858,7352
Z60,Z27,Spangen,Kleinpolder,337,3426
Z60,Z28,Spangen,Kop van Zuid,658,5725
Z60,Z29,Spangen,Kop van Zuid - Entrepot,788,7049
Z60,Z30,Spangen,Kralingen Oost,890,8053
Z60,Z31,Spangen,Kralingen West,769,6294
Z60,Z32,Spangen,Kralingse Bos,942,10373
Z60,Z33,Spangen,Kralingseveer,1044,16037
Z60,Z34,Spangen,Liskwartier,568,6469
Z60,Z35,Spangen,Lombardijen,1020,9585
Z60,Z36,Spangen,Middelland,381,2399
Z60,Z37,Spangen,Molenlaankwartier,896,10557
Z60,Z38,Spangen,Nesselande,1256,17349
Z60,Z39,Spangen,Nieuw Crooswijk,668,8231
Z60,Z40,Spangen,Nieuwe Werk,593,5073
Z60,Z41,Spangen,Nieuwe Westen,266,1571
Z60,Z42,Spangen,Noord Kethel,698,7373
Z60,Z43,Spangen,Noordereiland,745,6504
Z60,Z44,Spangen,Ommoord,1028,15072
Z60,Z45,Spangen,Oosterflank,966,14024
Z60,Z46,Spangen,Oud Charlois,688,5901
Z60,Z47,Spangen,Oud Crooswijk,680,5831
Z60,Z48,Spangen,Oud IJsselmonde,1048,17040
Z60,Z49,Spangen,Oud Mathenesse,175,1194
Z60,Z50,Spangen,Oude Noorden,647,5918
Z60,Z51,Spangen,Oude Westen,461,2938
Z60,Z52,Spangen,Overschie,544,4622
Z60,Z53,Spangen,Pendrecht,879,8244
Z60,Z54,Spangen,Prinsenland,1079,15036
Z60,Z55,Spangen,Provenierswijk,568,5127
Z60,Z56,Spangen,Rubroek,626,4858
Z60,Z57,Spangen,Schiebroek,805,9298
Z60,Z58,Spangen,Schiemond,382,3246
Z60,Z59,Spangen,Schieveen,742,8721
Z60,Z60,Spangen,Spangen,58,0
Z60,Z61,Spangen,Stadsdriehoek,635,5427
Z60,Z62,Spangen,Struisenburg,745,6326
Z60,Z63,Spangen,Tarwewijk,714,6103
Z60,Z64,Spangen,Terbregge,950,11371
Z60,Z65,Spangen,Tussendijken,185,1120
Z60,Z66,Spangen,Vreewijk,910,8341
Z60,Z67,Spangen,Wielewaal,920,7640
Z60,Z68,Spangen,Zestienhoven,689,7975
Z60,Z69,Spangen,Zevenkamp,985,14576
Z60,Z70,Spangen,Zuiderpark,923,8414
Z60,Z71,Spangen,Zuidplein,746,6538
Z60,Z72,Spangen,Zuidwijk,971,9083
Z61,Z00,Stadsdriehoek,'s-Gravenland,574,5577
Z61,Z01,Stadsdriehoek,Afrikaanderwijk,375,3508
Z61,Z02,Stadsdriehoek,Agniesebuurt,350,2663
Z61,Z03,Stadsdriehoek,Bedrijvenpark Noord-West,820,9278
Z61,Z04,Stadsdriehoek,Bergpolder,453,4087
Z61,Z05,Stadsdriehoek,Beverwaard,799,9148
Z61,Z06,Stadsdriehoek,Blijdorp,434,3812
Z61,Z07,Stadsdriehoek,Blijdorpsepolder,690,5807
Z61,Z08,Stadsdriehoek,Bloemhof,469,4198
Z61,Z09,Stadsdriehoek,Bospolder,585,4698
Z61,Z10,Stadsdriehoek,Carnisse,606,5573
Z61,Z11,Stadsdriehoek,Charlois Zuidrand,881,8238
Z61,Z12,Stadsdriehoek,Cool,205,1818
Z61,Z13,Stadsdriehoek,Cs Kwartier,406,3236
Z61,Z14,Stadsdriehoek,De Esch,380,3769
Z61,Z15,Stadsdriehoek,Delfshaven,406,3765
Z61,Z16,Stadsdriehoek,Dijkzigt,274,2489
Z61,Z17,Stadsdriehoek,Feijenoord,370,2996
Z61,Z18,Stadsdriehoek,Groot IJsselmonde,723,7814
Z61,Z19,Stadsdriehoek,Heijplaat,1128,10888
Z61,Z20,Stadsdriehoek,Het Lage Land,668,6681
Z61,Z21,Stadsdriehoek,Hillegersberg Noord,687,6497
Z61,Z22,Stadsdriehoek,Hillegersberg Zuid,543,4997
Z61,Z23,Stadsdriehoek,Hillesluis,435,4136
Z61,Z24,Stadsdriehoek,Hoogvliet Noord,1222,15423
Z61,Z25,Stadsdriehoek,Hoogvliet Zuid,1366,15108
Z61,Z26,Stadsdriehoek,Katendrecht,516,4257
Z61,Z27,Stadsdriehoek,Kleinpolder,619,5884
Z61,Z28,Stadsdriehoek,Kop van Zuid,276,2412
Z61,Z29,Stadsdriehoek,Kop van Zuid - Entrepot,318,2689
Z61,Z30,Stadsdriehoek,Kralingen Oost,346,3271
Z61,Z31,Stadsdriehoek,Kralingen West,296,2344
Z61,Z32,Stadsdriehoek,Kralingse Bos,619,4374
Z61,Z33,Stadsdriehoek,Kralingseveer,517,5382
Z61,Z34,Stadsdriehoek,Liskwartier,466,4148
Z61,Z35,Stadsdriehoek,Lombardijen,711,6971
Z61,Z36,Stadsdriehoek,Middelland,391,3127
Z61,Z37,Stadsdriehoek,Molenlaankwartier,758,7151
Z61,Z38,Stadsdriehoek,Nesselande,1148,14880
Z61,Z39,Stadsdriehoek,Nieuw Crooswijk,446,3500
Z61,Z40,Stadsdriehoek,Nieuwe Werk,344,2708
Z61,Z41,Stadsdriehoek,Nieuwe Westen,484,3850
Z61,Z42,Stadsdriehoek,Noord Kethel,1096,12803
Z61,Z43,Stadsdriehoek,Noordereiland,229,1960
Z61,Z44,Stadsdriehoek,Ommoord,804,8040
Z61,Z45,Stadsdriehoek,Oosterflank,844,8565
Z61,Z46,Stadsdriehoek,Oud Charlois,556,5207
Z61,Z47,Stadsdriehoek,Oud Crooswijk,298,2372
Z61,Z48,Stadsdriehoek,Oud IJsselmonde,543,6416
Z61,Z49,Stadsdriehoek,Oud Mathenesse,681,6588
Z61,Z50,Stadsdriehoek,Oude Noorden,389,3299
Z61,Z51,Stadsdriehoek,Oude Westen,343,2769
Z61,Z52,Stadsdriehoek,Overschie,798,7424
Z61,Z53,Stadsdriehoek,Pendrecht,772,7550
Z61,Z54,Stadsdriehoek,Prinsenland,702,6912
Z61,Z55,Stadsdriehoek,Provenierswijk,432,3600
Z61,Z56,Stadsdriehoek,Rubroek,266,2030
Z61,Z57,Stadsdriehoek,Schiebroek,806,7746
Z61,Z58,Stadsdriehoek,Schiemond,488,4343
Z61,Z59,Stadsdriehoek,Schieveen,871,10196
Z61,Z60,Stadsdriehoek,Spangen,619,5370
Z61,Z61,Stadsdriehoek,Stadsdriehoek,95,0
Z61,Z62,Stadsdriehoek,Struisenburg,155,1351
Z61,Z63,Stadsdriehoek,Tarwewijk,539,5389
Z61,Z64,Stadsdriehoek,Terbregge,650,6534
Z61,Z65,Stadsdriehoek,Tussendijken,584,4669
Z61,Z66,Stadsdriehoek,Vreewijk,628,5773
Z61,Z67,Stadsdriehoek,Wielewaal,787,6929
Z61,Z68,Stadsdriehoek,Zestienhoven,734,7186
Z61,Z69,Stadsdriehoek,Zevenkamp,887,12059
Z61,Z70,Stadsdriehoek,Zuiderpark,702,6894
Z61,Z71,Stadsdriehoek,Zuidplein,650,5262
Z61,Z72,Stadsdriehoek,Zuidwijk,710,7094
Z62,Z00,Struisenburg,'s-Gravenland,476,4178
Z62,Z01,Struisenburg,Afrikaanderwijk,494,4523
Z62,Z02,Struisenburg,Agniesebuurt,403,3136
Z62,Z03,Struisenburg,Bedrijvenpark Noord-West,878,9751
Z62,Z04,Struisenburg,Bergpolder,543,4901
Z62,Z05,Struisenburg,Beverwaard,710,8413
Z62,Z06,Struisenburg,Blijdorp,486,4285
Z62,Z07,Struisenburg,Blijdorpsepolder,798,6252
Z62,Z08,Struisenburg,Bloemhof,562,5068
Z62,Z09,Struisenburg,Bospolder,669,5948
Z62,Z10,Struisenburg,Carnisse,678,6420
Z62,Z11,Struisenburg,Charlois Zuidrand,966,9122
Z62,Z12,Struisenburg,Cool,309,2770
Z62,Z13,Struisenburg,Cs Kwartier,510,4296
Z62,Z14,Struisenburg,De Esch,278,2608
Z62,Z15,Struisenburg,Delfshaven,491,4610
Z62,Z16,Struisenburg,Dijkzigt,378,3441
Z62,Z17,Struisenburg,Feijenoord,470,3952
Z62,Z18,Struisenburg,Groot IJsselmonde,644,7447
Z62,Z19,Struisenburg,Heijplaat,1196,11711
Z62,Z20,Struisenburg,Het Lage Land,581,7534
Z62,Z21,Struisenburg,Hillegersberg Noord,742,7480
Z62,Z22,Struisenburg,Hillegersberg Zuid,577,5667
Z62,Z23,Struisenburg,Hillesluis,546,5136
Z62,Z24,Struisenburg,Hoogvliet Noord,1275,22911
Z62,Z25,Struisenburg,Hoogvliet Zuid,1420,15932
Z62,Z26,Struisenburg,Katendrecht,601,5081
Z62,Z27,Struisenburg,Kleinpolder,671,6330
Z62,Z28,Struisenburg,Kop van Zuid,366,3257
Z62,Z29,Struisenburg,Kop van Zuid - Entrepot,418,3805
Z62,Z30,Struisenburg,Kralingen Oost,242,2221
Z62,Z31,Struisenburg,Kralingen West,212,1895
Z62,Z32,Struisenburg,Kralingse Bos,529,4157
Z62,Z33,Struisenburg,Kralingseveer,426,4160
Z62,Z34,Struisenburg,Liskwartier,480,4381
Z62,Z35,Struisenburg,Lombardijen,748,8510
Z62,Z36,Struisenburg,Middelland,495,4079
Z62,Z37,Struisenburg,Molenlaankwartier,768,8242
Z62,Z38,Struisenburg,Nesselande,1054,13680
Z62,Z39,Struisenburg,Nieuw Crooswijk,440,4157
Z62,Z40,Struisenburg,Nieuwe Werk,430,3532
Z62,Z41,Struisenburg,Nieuwe Westen,588,4802
Z62,Z42,Struisenburg,Noord Kethel,1148,13248
Z62,Z43,Struisenburg,Noordereiland,329,2916
Z62,Z44,Struisenburg,Ommoord,760,9570
Z62,Z45,Struisenburg,Oosterflank,743,10297
Z62,Z46,Struisenburg,Oud Charlois,634,6030
Z62,Z47,Struisenburg,Oud Crooswijk,299,2606
Z62,Z48,Struisenburg,Oud IJsselmonde,448,5607
Z62,Z49,Struisenburg,Oud Mathenesse,755,7385
Z62,Z50,Struisenburg,Oude Noorden,426,3838
Z62,Z51,Struisenburg,Oude Westen,447,3740
Z62,Z52,Struisenburg,Overschie,850,9446
Z62,Z53,Struisenburg,Pendrecht,858,8373
Z62,Z54,Struisenburg,Prinsenland,612,5541
Z62,Z55,Struisenburg,Provenierswijk,484,4045
Z62,Z56,Struisenburg,Rubroek,308,2452
Z62,Z57,Struisenburg,Schiebroek,855,8403
Z62,Z58,Struisenburg,Schiemond,556,5167
Z62,Z59,Struisenburg,Schieveen,923,10796
Z62,Z60,Struisenburg,Spangen,723,6322
Z62,Z61,Struisenburg,Stadsdriehoek,214,1831
Z62,Z62,Struisenburg,Struisenburg,57,0
Z62,Z63,Struisenburg,Tarwewijk,656,6229
Z62,Z64,Struisenburg,Terbregge,636,6589
Z62,Z65,Struisenburg,Tussendijken,669,6018
Z62,Z66,Struisenburg,Vreewijk,698,6900
Z62,Z67,Struisenburg,Wielewaal,856,7815
Z62,Z68,Struisenburg,Zestienhoven,859,8180
Z62,Z69,Struisenburg,Zevenkamp,759,10780
Z62,Z70,Struisenburg,Zuiderpark,788,7809
Z62,Z71,Struisenburg,Zuidplein,737,6126
Z62,Z72,Struisenburg,Zuidwijk,804,7983
Z63,Z00,Tarwewijk,'s-Gravenland,944,9746
Z63,Z01,Tarwewijk,Afrikaanderwijk,264,1893
Z63,Z02,Tarwewijk,Agniesebuurt,635,5544
Z63,Z03,Tarwewijk,Bedrijvenpark Noord-West,925,10865
Z63,Z04,Tarwewijk,Bergpolder,664,6593
Z63,Z05,Tarwewijk,Beverwaard,801,7862
Z63,Z06,Tarwewijk,Blijdorp,587,5809
Z63,Z07,Tarwewijk,Blijdorpsepolder,816,7220
Z63,Z08,Tarwewijk,Bloemhof,270,1854
Z63,Z09,Tarwewijk,Bospolder,603,5462
Z63,Z10,Tarwewijk,Carnisse,211,1644
Z63,Z11,Tarwewijk,Charlois Zuidrand,513,4503
Z63,Z12,Tarwewijk,Cool,443,4231
Z63,Z13,Tarwewijk,Cs Kwartier,499,4821
Z63,Z14,Tarwewijk,De Esch,792,7859
Z63,Z15,Tarwewijk,Delfshaven,426,4124
Z63,Z16,Tarwewijk,Dijkzigt,368,3678
Z63,Z17,Tarwewijk,Feijenoord,442,3847
Z63,Z18,Tarwewijk,Groot IJsselmonde,667,6340
Z63,Z19,Tarwewijk,Heijplaat,764,7185
Z63,Z20,Tarwewijk,Het Lage Land,959,12762
Z63,Z21,Tarwewijk,Hillegersberg Noord,952,9265
Z63,Z22,Tarwewijk,Hillegersberg Zuid,767,7949
Z63,Z23,Tarwewijk,Hillesluis,302,2422
Z63,Z24,Tarwewijk,Hoogvliet Noord,863,11200
Z63,Z25,Tarwewijk,Hoogvliet Zuid,1008,11352
Z63,Z26,Tarwewijk,Katendrecht,374,2752
Z63,Z27,Tarwewijk,Kleinpolder,715,7532
Z63,Z28,Tarwewijk,Kop van Zuid,314,2641
Z63,Z29,Tarwewijk,Kop van Zuid - Entrepot,359,2698
Z63,Z30,Tarwewijk,Kralingen Oost,744,7300
Z63,Z31,Tarwewijk,Kralingen West,670,6435
Z63,Z32,Tarwewijk,Kralingse Bos,1029,8465
Z63,Z33,Tarwewijk,Kralingseveer,806,9541
Z63,Z34,Tarwewijk,Liskwartier,719,6694
Z63,Z35,Tarwewijk,Lombardijen,480,4306
Z63,Z36,Tarwewijk,Middelland,438,4274
Z63,Z37,Tarwewijk,Molenlaankwartier,1056,9919
Z63,Z38,Tarwewijk,Nesselande,1410,18854
Z63,Z39,Tarwewijk,Nieuw Crooswijk,829,7749
Z63,Z40,Tarwewijk,Nieuwe Werk,472,4271
Z63,Z41,Tarwewijk,Nieuwe Westen,541,4997
Z63,Z42,Tarwewijk,Noord Kethel,1214,13038
Z63,Z43,Tarwewijk,Noordereiland,452,3857
Z63,Z44,Tarwewijk,Ommoord,1172,14914
Z63,Z45,Tarwewijk,Oosterflank,1146,15471
Z63,Z46,Tarwewijk,Oud Charlois,192,1409
Z63,Z47,Tarwewijk,Oud Crooswijk,707,6766
Z63,Z48,Tarwewijk,Oud IJsselmonde,547,5126
Z63,Z49,Tarwewijk,Oud Mathenesse,694,6850
Z63,Z50,Tarwewijk,Oude Noorden,706,6798
Z63,Z51,Tarwewijk,Oude Westen,447,4226
Z63,Z52,Tarwewijk,Overschie,892,8956
Z63,Z53,Tarwewijk,Pendrecht,400,3794
Z63,Z54,Tarwewijk,Prinsenland,970,10886
Z63,Z55,Tarwewijk,Provenierswijk,617,5914
Z63,Z56,Tarwewijk,Rubroek,623,5784
Z63,Z57,Tarwewijk,Schiebroek,1031,10660
Z63,Z58,Tarwewijk,Schiemond,496,4681
Z63,Z59,Tarwewijk,Schieveen,1036,12019
Z63,Z60,Tarwewijk,Spangen,660,6034
Z63,Z61,Tarwewijk,Stadsdriehoek,500,4544
Z63,Z62,Tarwewijk,Struisenburg,585,5380
Z63,Z63,Tarwewijk,Tarwewijk,77,0
Z63,Z64,Tarwewijk,Terbregge,1015,13525
Z63,Z65,Tarwewijk,Tussendijken,608,5433
Z63,Z66,Tarwewijk,Vreewijk,365,2929
Z63,Z67,Tarwewijk,Wielewaal,429,3196
Z63,Z68,Tarwewijk,Zestienhoven,948,9754
Z63,Z69,Tarwewijk,Zevenkamp,1162,16032
Z63,Z70,Tarwewijk,Zuiderpark,409,3818
Z63,Z71,Tarwewijk,Zuidplein,212,1428
Z63,Z72,Tarwewijk,Zuidwijk,436,3986
Z64,Z00,Terbregge,'s-Gravenland,531,6075
Z64,Z01,Terbregge,Afrikaanderwijk,828,11500
Z64,Z02,Terbregge,Agniesebuurt,618,5864
Z64,Z03,Terbregge,Bedrijvenpark Noord-West,820,11445
Z64,Z04,Terbregge,Bergpolder,578,5847
Z64,Z05,Terbregge,Beverwaard,842,11739
Z64,Z06,Terbregge,Blijdorp,657,6481
Z64,Z07,Terbregge,Blijdorpsepolder,825,8150
Z64,Z08,Terbregge,Bloemhof,875,11665
Z64,Z09,Terbregge,Bospolder,1011,10506
Z64,Z10,Terbregge,Carnisse,1001,13010
Z64,Z11,Terbregge,Charlois Zuidrand,1173,21078
Z64,Z12,Terbregge,Cool,722,7116
Z64,Z13,Terbregge,Cs Kwartier,794,7772
Z64,Z14,Terbregge,De Esch,493,6799
Z64,Z15,Terbregge,Delfshaven,911,9050
Z64,Z16,Terbregge,Dijkzigt,779,7862
Z64,Z17,Terbregge,Feijenoord,887,11321
Z64,Z18,Terbregge,Groot IJsselmonde,748,10694
Z64,Z19,Terbregge,Heijplaat,1349,23571
Z64,Z20,Terbregge,Het Lage Land,325,2839
Z64,Z21,Terbregge,Hillegersberg Noord,316,3080
Z64,Z22,Terbregge,Hillegersberg Zuid,481,4687
Z64,Z23,Terbregge,Hillesluis,794,11145
Z64,Z24,Terbregge,Hoogvliet Noord,1374,25825
Z64,Z25,Terbregge,Hoogvliet Zuid,1538,26501
Z64,Z26,Terbregge,Katendrecht,1028,12858
Z64,Z27,Terbregge,Kleinpolder,687,7894
Z64,Z28,Terbregge,Kop van Zuid,844,8297
Z64,Z29,Terbregge,Kop van Zuid - Entrepot,841,11351
Z64,Z30,Terbregge,Kralingen Oost,468,5767
Z64,Z31,Terbregge,Kralingen West,520,5234
Z64,Z32,Terbregge,Kralingse Bos,617,5563
Z64,Z33,Terbregge,Kralingseveer,540,7441
Z64,Z34,Terbregge,Liskwartier,528,4796
Z64,Z35,Terbregge,Lombardijen,853,11725
Z64,Z36,Terbregge,Middelland,832,8102
Z64,Z37,Terbregge,Molenlaankwartier,196,1816
Z64,Z38,Terbregge,Nesselande,783,7665
Z64,Z39,Terbregge,Nieuw Crooswijk,429,4040
Z64,Z40,Terbregge,Nieuwe Werk,902,8516
Z64,Z41,Terbregge,Nieuwe Westen,911,8646
Z64,Z42,Terbregge,Noord Kethel,1160,14165
Z64,Z43,Terbregge,Noordereiland,789,7682
Z64,Z44,Terbregge,Ommoord,298,2825
Z64,Z45,Terbregge,Oosterflank,505,4465
Z64,Z46,Terbregge,Oud Charlois,1064,13981
Z64,Z47,Terbregge,Oud Crooswijk,418,4432
Z64,Z48,Terbregge,Oud IJsselmonde,580,8784
Z64,Z49,Terbregge,Oud Mathenesse,860,10325
Z64,Z50,Terbregge,Oude Noorden,536,5579
Z64,Z51,Terbregge,Oude Westen,831,8045
Z64,Z52,Terbregge,Overschie,799,10884
Z64,Z53,Terbregge,Pendrecht,1135,14762
Z64,Z54,Terbregge,Prinsenland,528,4580
Z64,Z55,Terbregge,Provenierswijk,635,5974
Z64,Z56,Terbregge,Rubroek,525,5337
Z64,Z57,Terbregge,Schiebroek,469,4397
Z64,Z58,Terbregge,Schiemond,1036,10090
Z64,Z59,Terbregge,Schieveen,806,11426
Z64,Z60,Terbregge,Spangen,968,10874
Z64,Z61,Terbregge,Stadsdriehoek,654,6471
Z64,Z62,Terbregge,Struisenburg,579,7916
Z64,Z63,Terbregge,Tarwewijk,983,12933
Z64,Z64,Terbregge,Terbregge,99,0
Z64,Z65,Terbregge,Tussendijken,992,11070
Z64,Z66,Terbregge,Vreewijk,845,11341
Z64,Z67,Terbregge,Wielewaal,1295,15769
Z64,Z68,Terbregge,Zestienhoven,745,7771
Z64,Z69,Terbregge,Zevenkamp,520,4965
Z64,Z70,Terbregge,Zuiderpark,1006,13023
Z64,Z71,Terbregge,Zuidplein,954,12598
Z64,Z72,Terbregge,Zuidwijk,1041,13142
Z65,Z00,Tussendijken,'s-Gravenland,1000,9195
Z65,Z01,Tussendijken,Afrikaanderwijk,653,5793
Z65,Z02,Tussendijken,Agniesebuurt,547,4047
Z65,Z03,Tussendijken,Bedrijvenpark Noord-West,518,4875
Z65,Z04,Tussendijken,Bergpolder,494,5810
Z65,Z05,Tussendijken,Beverwaard,1184,11585
Z65,Z06,Tussendijken,Blijdorp,454,2898
Z65,Z07,Tussendijken,Blijdorpsepolder,440,2993
Z65,Z08,Tussendijken,Bloemhof,734,6705
Z65,Z09,Tussendijken,Bospolder,117,689
Z65,Z10,Tussendijken,Carnisse,606,5358
Z65,Z11,Tussendijken,Charlois Zuidrand,879,8023
Z65,Z12,Tussendijken,Cool,383,3264
Z65,Z13,Tussendijken,Cs Kwartier,395,2547
Z65,Z14,Tussendijken,De Esch,827,7792
Z65,Z15,Tussendijken,Delfshaven,227,1712
Z65,Z16,Tussendijken,Dijkzigt,308,2533
Z65,Z17,Tussendijken,Feijenoord,755,6485
Z65,Z18,Tussendijken,Groot IJsselmonde,1070,10022
Z65,Z19,Tussendijken,Heijplaat,1124,10615
Z65,Z20,Tussendijken,Het Lage Land,1018,9892
Z65,Z21,Tussendijken,Hillegersberg Noord,813,9718
Z65,Z22,Tussendijken,Hillegersberg Zuid,600,7036
Z65,Z23,Tussendijken,Hillesluis,733,6598
Z65,Z24,Tussendijken,Hoogvliet Noord,966,14645
Z65,Z25,Tussendijken,Hoogvliet Zuid,1251,18039
Z65,Z26,Tussendijken,Katendrecht,721,6176
Z65,Z27,Tussendijken,Kleinpolder,416,3976
Z65,Z28,Tussendijken,Kop van Zuid,523,4568
Z65,Z29,Tussendijken,Kop van Zuid - Entrepot,656,5722
Z65,Z30,Tussendijken,Kralingen Oost,754,7115
Z65,Z31,Tussendijken,Kralingen West,692,5708
Z65,Z32,Tussendijken,Kralingse Bos,977,9102
Z65,Z33,Tussendijken,Kralingseveer,966,9442
Z65,Z34,Tussendijken,Liskwartier,596,5269
Z65,Z35,Tussendijken,Lombardijen,896,8589
Z65,Z36,Tussendijken,Middelland,284,2136
Z65,Z37,Tussendijken,Molenlaankwartier,919,10740
Z65,Z38,Tussendijken,Nesselande,1312,17711
Z65,Z39,Tussendijken,Nieuw Crooswijk,674,8250
Z65,Z40,Tussendijken,Nieuwe Werk,476,3544
Z65,Z41,Tussendijken,Nieuwe Westen,200,1198
Z65,Z42,Tussendijken,Noord Kethel,738,7699
Z65,Z43,Tussendijken,Noordereiland,617,5541
Z65,Z44,Tussendijken,Ommoord,1068,15498
Z65,Z45,Tussendijken,Oosterflank,1006,14450
Z65,Z46,Tussendijken,Oud Charlois,565,4992
Z65,Z47,Tussendijken,Oud Crooswijk,623,5138
Z65,Z48,Tussendijken,Oud IJsselmonde,934,8854
Z65,Z49,Tussendijken,Oud Mathenesse,218,1623
Z65,Z50,Tussendijken,Oude Noorden,618,4577
Z65,Z51,Tussendijken,Oude Westen,374,2598
Z65,Z52,Tussendijken,Overschie,609,5410
Z65,Z53,Tussendijken,Pendrecht,753,7022
Z65,Z54,Tussendijken,Prinsenland,1134,15089
Z65,Z55,Tussendijken,Provenierswijk,521,3644
Z65,Z56,Tussendijken,Rubroek,554,4333
Z65,Z57,Tussendijken,Schiebroek,864,9812
Z65,Z58,Tussendijken,Schiemond,262,1663
Z65,Z59,Tussendijken,Schieveen,742,9250
Z65,Z60,Tussendijken,Spangen,169,960
Z65,Z61,Tussendijken,Stadsdriehoek,499,4400
Z65,Z62,Tussendijken,Struisenburg,608,5417
Z65,Z63,Tussendijken,Tarwewijk,586,5191
Z65,Z64,Tussendijken,Terbregge,964,10412
Z65,Z65,Tussendijken,Tussendijken,46,0
Z65,Z66,Tussendijken,Vreewijk,774,7262
Z65,Z67,Tussendijken,Wielewaal,783,6726
Z65,Z68,Tussendijken,Zestienhoven,725,8259
Z65,Z69,Tussendijken,Zevenkamp,1011,14729
Z65,Z70,Tussendijken,Zuiderpark,787,7501
Z65,Z71,Tussendijken,Zuidplein,630,5630
Z65,Z72,Tussendijken,Zuidwijk,844,8157
Z66,Z00,Vreewijk,'s-Gravenland,852,9568
Z66,Z01,Vreewijk,Afrikaanderwijk,363,3022
Z66,Z02,Vreewijk,Agniesebuurt,759,6765
Z66,Z03,Vreewijk,Bedrijvenpark Noord-West,1136,12982
Z66,Z04,Vreewijk,Bergpolder,854,8561
Z66,Z05,Vreewijk,Beverwaard,611,6122
Z66,Z06,Vreewijk,Blijdorp,790,7819
Z66,Z07,Vreewijk,Blijdorpsepolder,986,9102
Z66,Z08,Vreewijk,Bloemhof,273,1774
Z66,Z09,Vreewijk,Bospolder,782,7394
Z66,Z10,Vreewijk,Carnisse,336,2781
Z66,Z11,Vreewijk,Charlois Zuidrand,524,4623
Z66,Z12,Vreewijk,Cool,594,5538
Z66,Z13,Vreewijk,Cs Kwartier,700,6953
Z66,Z14,Vreewijk,De Esch,679,7843
Z66,Z15,Vreewijk,Delfshaven,632,6118
Z66,Z16,Vreewijk,Dijkzigt,588,5810
Z66,Z17,Vreewijk,Feijenoord,477,3487
Z66,Z18,Vreewijk,Groot IJsselmonde,488,4548
Z66,Z19,Vreewijk,Heijplaat,798,7751
Z66,Z20,Vreewijk,Het Lage Land,834,11199
Z66,Z21,Vreewijk,Hillegersberg Noord,1106,10797
Z66,Z22,Vreewijk,Hillegersberg Zuid,959,9787
Z66,Z23,Vreewijk,Hillesluis,277,1820
Z66,Z24,Vreewijk,Hoogvliet Noord,848,13930
Z66,Z25,Vreewijk,Hoogvliet Zuid,996,14200
Z66,Z26,Vreewijk,Katendrecht,483,3908
Z66,Z27,Vreewijk,Kleinpolder,927,9545
Z66,Z28,Vreewijk,Kop van Zuid,448,3953
Z66,Z29,Vreewijk,Kop van Zuid - Entrepot,426,3273
Z66,Z30,Vreewijk,Kralingen Oost,730,8565
Z66,Z31,Vreewijk,Kralingen West,827,7590
Z66,Z32,Vreewijk,Kralingse Bos,964,10386
Z66,Z33,Vreewijk,Kralingseveer,671,7852
Z66,Z34,Vreewijk,Liskwartier,878,8043
Z66,Z35,Vreewijk,Lombardijen,228,1972
Z66,Z36,Vreewijk,Middelland,626,6192
Z66,Z37,Vreewijk,Molenlaankwartier,1031,13533
Z66,Z38,Vreewijk,Nesselande,1285,17345
Z66,Z39,Vreewijk,Nieuw Crooswijk,971,8746
Z66,Z40,Vreewijk,Nieuwe Werk,655,5871
Z66,Z41,Vreewijk,Nieuwe Westen,745,6850
Z66,Z42,Vreewijk,Noord Kethel,1355,22064
Z66,Z43,Vreewijk,Noordereiland,542,5046
Z66,Z44,Vreewijk,Ommoord,1028,13274
Z66,Z45,Vreewijk,Oosterflank,996,13962
Z66,Z46,Vreewijk,Oud Charlois,412,3540
Z66,Z47,Vreewijk,Oud Crooswijk,822,7616
Z66,Z48,Vreewijk,Oud IJsselmonde,397,3496
Z66,Z49,Vreewijk,Oud Mathenesse,902,8982
Z66,Z50,Vreewijk,Oude Noorden,861,8042
Z66,Z51,Vreewijk,Oude Westen,662,6216
Z66,Z52,Vreewijk,Overschie,1101,10826
Z66,Z53,Vreewijk,Pendrecht,375,3541
Z66,Z54,Vreewijk,Prinsenland,856,9244
Z66,Z55,Vreewijk,Provenierswijk,831,7846
Z66,Z56,Vreewijk,Rubroek,756,6848
Z66,Z57,Vreewijk,Schiebroek,1159,17320
Z66,Z58,Vreewijk,Schiemond,704,6648
Z66,Z59,Vreewijk,Schieveen,1202,14143
Z66,Z60,Vreewijk,Spangen,870,8138
Z66,Z61,Vreewijk,Stadsdriehoek,604,5758
Z66,Z62,Vreewijk,Struisenburg,690,6620
Z66,Z63,Vreewijk,Tarwewijk,351,3091
Z66,Z64,Vreewijk,Terbregge,893,11886
Z66,Z65,Vreewijk,Tussendijken,815,7565
Z66,Z66,Vreewijk,Vreewijk,104,0
Z66,Z67,Vreewijk,Wielewaal,578,5078
Z66,Z68,Vreewijk,Zestienhoven,1150,11872
Z66,Z69,Vreewijk,Zevenkamp,1012,14483
Z66,Z70,Vreewijk,Zuiderpark,226,2002
Z66,Z71,Vreewijk,Zuidplein,270,2110
Z66,Z72,Vreewijk,Zuidwijk,223,1944
Z67,Z00,Wielewaal,'s-Gravenland,1236,11960
Z67,Z01,Wielewaal,Afrikaanderwijk,560,5078
Z67,Z02,Wielewaal,Agniesebuurt,862,8325
Z67,Z03,Wielewaal,Bedrijvenpark Noord-West,1052,17280
Z67,Z04,Wielewaal,Bergpolder,855,8292
Z67,Z05,Wielewaal,Beverwaard,920,14852
Z67,Z06,Wielewaal,Blijdorp,787,7692
Z67,Z07,Wielewaal,Blijdorpsepolder,982,8975
Z67,Z08,Wielewaal,Bloemhof,561,4997
Z67,Z09,Wielewaal,Bospolder,788,7268
Z67,Z10,Wielewaal,Carnisse,366,2734
Z67,Z11,Wielewaal,Charlois Zuidrand,335,2450
Z67,Z12,Wielewaal,Cool,660,6350
Z67,Z13,Wielewaal,Cs Kwartier,716,6875
Z67,Z14,Wielewaal,De Esch,1030,10294
Z67,Z15,Wielewaal,Delfshaven,635,5991
Z67,Z16,Wielewaal,Dijkzigt,584,5758
Z67,Z17,Wielewaal,Feijenoord,746,7036
Z67,Z18,Wielewaal,Groot IJsselmonde,827,8119
Z67,Z19,Wielewaal,Heijplaat,480,4205
Z67,Z20,Wielewaal,Het Lage Land,1236,21736
Z67,Z21,Wielewaal,Hillegersberg Noord,1168,11424
Z67,Z22,Wielewaal,Hillegersberg Zuid,973,9711
Z67,Z23,Wielewaal,Hillesluis,595,5581
Z67,Z24,Wielewaal,Hoogvliet Noord,629,8601
Z67,Z25,Wielewaal,Hoogvliet Zuid,776,8962
Z67,Z26,Wielewaal,Katendrecht,669,5770
Z67,Z27,Wielewaal,Kleinpolder,932,9201
Z67,Z28,Wielewaal,Kop van Zuid,634,5800
Z67,Z29,Wielewaal,Kop van Zuid - Entrepot,659,5901
Z67,Z30,Wielewaal,Kralingen Oost,991,9662
Z67,Z31,Wielewaal,Kralingen West,962,8987
Z67,Z32,Wielewaal,Kralingse Bos,1282,11126
Z67,Z33,Wielewaal,Kralingseveer,1094,12018
Z67,Z34,Wielewaal,Liskwartier,934,8648
Z67,Z35,Wielewaal,Lombardijen,552,5501
Z67,Z36,Wielewaal,Middelland,629,6065
Z67,Z37,Wielewaal,Molenlaankwartier,1245,11892
Z67,Z38,Wielewaal,Nesselande,1699,27828
Z67,Z39,Wielewaal,Nieuw Crooswijk,1057,10694
Z67,Z40,Wielewaal,Nieuwe Werk,691,6427
Z67,Z41,Wielewaal,Nieuwe Westen,758,6705
Z67,Z42,Wielewaal,Noord Kethel,1130,16735
Z67,Z43,Wielewaal,Noordereiland,758,7016
Z67,Z44,Wielewaal,Ommoord,1435,23889
Z67,Z45,Wielewaal,Oosterflank,1404,23439
Z67,Z46,Wielewaal,Oud Charlois,321,2036
Z67,Z47,Wielewaal,Oud Crooswijk,940,9007
Z67,Z48,Wielewaal,Oud IJsselmonde,807,7697
Z67,Z49,Wielewaal,Oud Mathenesse,908,8905
Z67,Z50,Wielewaal,Oude Noorden,931,8921
Z67,Z51,Wielewaal,Oude Westen,661,5973
Z67,Z52,Wielewaal,Overschie,1098,10861
Z67,Z53,Wielewaal,Pendrecht,232,1740
Z67,Z54,Wielewaal,Prinsenland,1265,13445
Z67,Z55,Wielewaal,Provenierswijk,829,7884
Z67,Z56,Wielewaal,Rubroek,861,8259
Z67,Z57,Wielewaal,Schiebroek,1245,12256
Z67,Z58,Wielewaal,Schiemond,712,6522
Z67,Z59,Wielewaal,Schieveen,1208,14178
Z67,Z60,Wielewaal,Spangen,876,8011
Z67,Z61,Wielewaal,Stadsdriehoek,731,7122
Z67,Z62,Wielewaal,Struisenburg,821,8041
Z67,Z63,Wielewaal,Tarwewijk,425,3645
Z67,Z64,Wielewaal,Terbregge,1288,22499
Z67,Z65,Wielewaal,Tussendijken,821,7525
Z67,Z66,Wielewaal,Vreewijk,493,4605
Z67,Z67,Wielewaal,Wielewaal,68,0
Z67,Z68,Wielewaal,Zestienhoven,1151,11912
Z67,Z69,Wielewaal,Zevenkamp,1400,25007
Z67,Z70,Wielewaal,Zuiderpark,365,3057
Z67,Z71,Wielewaal,Zuidplein,463,4036
Z67,Z72,Wielewaal,Zuidwijk,332,3049
Z68,Z00,Zestienhoven,'s-Gravenland,888,14283
Z68,Z01,Zestienhoven,Afrikaanderwijk,1018,10060
Z68,Z02,Zestienhoven,Agniesebuurt,532,5142
Z68,Z03,Zestienhoven,Bedrijvenpark Noord-West,384,4013
Z68,Z04,Zestienhoven,Bergpolder,346,3643
Z68,Z05,Zestienhoven,Beverwaard,1199,19566
Z68,Z06,Zestienhoven,Blijdorp,438,4374
Z68,Z07,Zestienhoven,Blijdorpsepolder,574,5848
Z68,Z08,Zestienhoven,Bloemhof,1098,11188
Z68,Z09,Zestienhoven,Bospolder,778,8581
Z68,Z10,Zestienhoven,Carnisse,970,9885
Z68,Z11,Zestienhoven,Charlois Zuidrand,1232,12588
Z68,Z12,Zestienhoven,Cool,745,7303
Z68,Z13,Zestienhoven,Cs Kwartier,586,5828
Z68,Z14,Zestienhoven,De Esch,853,14837
Z68,Z15,Zestienhoven,Delfshaven,738,7617
Z68,Z16,Zestienhoven,Dijkzigt,681,7088
Z68,Z17,Zestienhoven,Feijenoord,1085,9864
Z68,Z18,Zestienhoven,Groot IJsselmonde,1091,18600
Z68,Z19,Zestienhoven,Heijplaat,1376,20007
Z68,Z20,Zestienhoven,Het Lage Land,802,11932
Z68,Z21,Zestienhoven,Hillegersberg Noord,516,4992
Z68,Z22,Zestienhoven,Hillegersberg Zuid,375,3613
Z68,Z23,Zestienhoven,Hillesluis,1093,10827
Z68,Z24,Zestienhoven,Hoogvliet Noord,1100,16205
Z68,Z25,Zestienhoven,Hoogvliet Zuid,1375,19260
Z68,Z26,Zestienhoven,Katendrecht,1096,10461
Z68,Z27,Zestienhoven,Kleinpolder,413,4102
Z68,Z28,Zestienhoven,Kop van Zuid,895,8853
Z68,Z29,Zestienhoven,Kop van Zuid - Entrepot,1010,9778
Z68,Z30,Zestienhoven,Kralingen Oost,815,9274
Z68,Z31,Zestienhoven,Kralingen West,698,7602
Z68,Z32,Zestienhoven,Kralingse Bos,849,8544
Z68,Z33,Zestienhoven,Kralingseveer,923,15540
Z68,Z34,Zestienhoven,Liskwartier,461,4453
Z68,Z35,Zestienhoven,Lombardijen,1236,19494
Z68,Z36,Zestienhoven,Middelland,638,6410
Z68,Z37,Zestienhoven,Molenlaankwartier,571,7166
Z68,Z38,Zestienhoven,Nesselande,1132,16581
Z68,Z39,Zestienhoven,Nieuw Crooswijk,541,6001
Z68,Z40,Zestienhoven,Nieuwe Werk,846,8395
Z68,Z41,Zestienhoven,Nieuwe Westen,697,6761
Z68,Z42,Zestienhoven,Noord Kethel,876,8559
Z68,Z43,Zestienhoven,Noordereiland,944,8827
Z68,Z44,Zestienhoven,Ommoord,799,12230
Z68,Z45,Zestienhoven,Oosterflank,850,13320
Z68,Z46,Zestienhoven,Oud Charlois,917,9493
Z68,Z47,Zestienhoven,Oud Crooswijk,600,6731
Z68,Z48,Zestienhoven,Oud IJsselmonde,939,16852
Z68,Z49,Zestienhoven,Oud Mathenesse,607,7941
Z68,Z50,Zestienhoven,Oude Noorden,553,5385
Z68,Z51,Zestienhoven,Oude Westen,672,6544
Z68,Z52,Zestienhoven,Overschie,237,2129
Z68,Z53,Zestienhoven,Pendrecht,1107,11531
Z68,Z54,Zestienhoven,Prinsenland,915,14007
Z68,Z55,Zestienhoven,Provenierswijk,478,4673
Z68,Z56,Zestienhoven,Rubroek,704,6701
Z68,Z57,Zestienhoven,Schiebroek,494,4822
Z68,Z58,Zestienhoven,Schiemond,822,9999
Z68,Z59,Zestienhoven,Schieveen,417,4490
Z68,Z60,Zestienhoven,Spangen,690,7142
Z68,Z61,Zestienhoven,Stadsdriehoek,836,8286
Z68,Z62,Zestienhoven,Struisenburg,825,8813
Z68,Z63,Zestienhoven,Tarwewijk,952,9744
Z68,Z64,Zestienhoven,Terbregge,636,10186
Z68,Z65,Zestienhoven,Tussendijken,758,9074
Z68,Z66,Zestienhoven,Vreewijk,1139,11751
Z68,Z67,Zestienhoven,Wielewaal,1148,11281
Z68,Z68,Zestienhoven,Zestienhoven,175,0
Z68,Z69,Zestienhoven,Zevenkamp,861,13599
Z68,Z70,Zestienhoven,Zuiderpark,1152,11866
Z68,Z71,Zestienhoven,Zuidplein,990,10174
Z68,Z72,Zestienhoven,Zuidwijk,1208,12712
Z69,Z00,Zevenkamp,'s-Gravenland,739,9406
Z69,Z01,Zevenkamp,Afrikaanderwijk,988,14498
Z69,Z02,Zevenkamp,Agniesebuurt,804,11142
Z69,Z03,Zevenkamp,Bedrijvenpark Noord-West,901,15076
Z69,Z04,Zevenkamp,Bergpolder,641,9658
Z69,Z05,Zevenkamp,Beverwaard,1033,14853
Z69,Z06,Zevenkamp,Blijdorp,711,10374
Z69,Z07,Zevenkamp,Blijdorpsepolder,897,12044
Z69,Z08,Zevenkamp,Bloemhof,1034,14623
Z69,Z09,Zevenkamp,Bospolder,1058,15292
Z69,Z10,Zevenkamp,Carnisse,1161,16011
Z69,Z11,Zevenkamp,Charlois Zuidrand,1354,24181
Z69,Z12,Zevenkamp,Cool,968,13237
Z69,Z13,Zevenkamp,Cs Kwartier,858,11828
Z69,Z14,Zevenkamp,De Esch,652,9960
Z69,Z15,Zevenkamp,Delfshaven,1010,13617
Z69,Z16,Zevenkamp,Dijkzigt,953,13088
Z69,Z17,Zevenkamp,Feijenoord,1081,15086
Z69,Z18,Zevenkamp,Groot IJsselmonde,934,13798
Z69,Z19,Zevenkamp,Heijplaat,1530,26665
Z69,Z20,Zevenkamp,Het Lage Land,479,4340
Z69,Z21,Zevenkamp,Hillegersberg Noord,744,10194
Z69,Z22,Zevenkamp,Hillegersberg Zuid,734,10822
Z69,Z23,Zevenkamp,Hillesluis,953,14105
Z69,Z24,Zevenkamp,Hoogvliet Noord,1423,25272
Z69,Z25,Zevenkamp,Hoogvliet Zuid,1707,28052
Z69,Z26,Zevenkamp,Katendrecht,1218,15962
Z69,Z27,Zevenkamp,Kleinpolder,722,11497
Z69,Z28,Zevenkamp,Kop van Zuid,1020,13784
Z69,Z29,Zevenkamp,Kop van Zuid - Entrepot,1011,14873
Z69,Z30,Zevenkamp,Kralingen Oost,627,8840
Z69,Z31,Zevenkamp,Kralingen West,758,10218
Z69,Z32,Zevenkamp,Kralingse Bos,905,10885
Z69,Z33,Zevenkamp,Kralingseveer,732,10663
Z69,Z34,Zevenkamp,Liskwartier,733,10489
Z69,Z35,Zevenkamp,Lombardijen,1042,14974
Z69,Z36,Zevenkamp,Middelland,910,12411
Z69,Z37,Zevenkamp,Molenlaankwartier,677,6430
Z69,Z38,Zevenkamp,Nesselande,358,3450
Z69,Z39,Zevenkamp,Nieuw Crooswijk,850,11958
Z69,Z40,Zevenkamp,Nieuwe Werk,1086,14150
Z69,Z41,Zevenkamp,Nieuwe Westen,973,12761
Z69,Z42,Zevenkamp,Noord Kethel,1194,17768
Z69,Z43,Zevenkamp,Noordereiland,998,13442
Z69,Z44,Zevenkamp,Ommoord,359,3444
Z69,Z45,Zevenkamp,Oosterflank,414,3607
Z69,Z46,Zevenkamp,Oud Charlois,1189,15493
Z69,Z47,Zevenkamp,Oud Crooswijk,773,8149
Z69,Z48,Zevenkamp,Oud IJsselmonde,739,11976
Z69,Z49,Zevenkamp,Oud Mathenesse,894,13928
Z69,Z50,Zevenkamp,Oude Noorden,826,11385
Z69,Z51,Zevenkamp,Oude Westen,944,12544
Z69,Z52,Zevenkamp,Overschie,858,14514
Z69,Z53,Zevenkamp,Pendrecht,1326,17978
Z69,Z54,Zevenkamp,Prinsenland,686,6478
Z69,Z55,Zevenkamp,Provenierswijk,751,10673
Z69,Z56,Zevenkamp,Rubroek,877,9962
Z69,Z57,Zevenkamp,Schiebroek,804,11056
Z69,Z58,Zevenkamp,Schiemond,1116,15934
Z69,Z59,Zevenkamp,Schieveen,880,14732
Z69,Z60,Zevenkamp,Spangen,1013,14477
Z69,Z61,Zevenkamp,Stadsdriehoek,865,12314
Z69,Z62,Zevenkamp,Struisenburg,755,11127
Z69,Z63,Zevenkamp,Tarwewijk,1164,16178
Z69,Z64,Zevenkamp,Terbregge,536,4970
Z69,Z65,Zevenkamp,Tussendijken,1026,15061
Z69,Z66,Zevenkamp,Vreewijk,1024,14555
Z69,Z67,Zevenkamp,Wielewaal,1420,17281
Z69,Z68,Zevenkamp,Zestienhoven,854,13418
Z69,Z69,Zevenkamp,Zevenkamp,106,0
Z69,Z70,Zevenkamp,Zuiderpark,1180,16173
Z69,Z71,Zevenkamp,Zuidplein,1180,15588
Z69,Z72,Zevenkamp,Zuidwijk,1203,16347
Z70,Z00,Zuiderpark,'s-Gravenland,1014,11239
Z70,Z01,Zuiderpark,Afrikaanderwijk,439,4062
Z70,Z02,Zuiderpark,Agniesebuurt,830,7701
Z70,Z03,Zuiderpark,Bedrijvenpark Noord-West,1149,13142
Z70,Z04,Zuiderpark,Bergpolder,862,8579
Z70,Z05,Zuiderpark,Beverwaard,731,7227
Z70,Z06,Zuiderpark,Blijdorp,794,7979
Z70,Z07,Zuiderpark,Blijdorpsepolder,989,9261
Z70,Z08,Zuiderpark,Bloemhof,408,3483
Z70,Z09,Zuiderpark,Bospolder,796,7509
Z70,Z10,Zuiderpark,Carnisse,352,3020
Z70,Z11,Zuiderpark,Charlois Zuidrand,392,3066
Z70,Z12,Zuiderpark,Cool,652,6558
Z70,Z13,Zuiderpark,Cs Kwartier,712,7161
Z70,Z14,Zuiderpark,De Esch,852,9476
Z70,Z15,Zuiderpark,Delfshaven,636,6277
Z70,Z16,Zuiderpark,Dijkzigt,592,6028
Z70,Z17,Zuiderpark,Feijenoord,618,5974
Z70,Z18,Zuiderpark,Groot IJsselmonde,612,5862
Z70,Z19,Zuiderpark,Heijplaat,664,6194
Z70,Z20,Zuiderpark,Het Lage Land,1005,12870
Z70,Z21,Zuiderpark,Hillegersberg Noord,1135,11541
Z70,Z22,Zuiderpark,Hillegersberg Zuid,967,9997
Z70,Z23,Zuiderpark,Hillesluis,448,3506
Z70,Z24,Zuiderpark,Hoogvliet Noord,766,10617
Z70,Z25,Zuiderpark,Hoogvliet Zuid,904,10414
Z70,Z26,Zuiderpark,Katendrecht,521,4712
Z70,Z27,Zuiderpark,Kleinpolder,915,9487
Z70,Z28,Zuiderpark,Kop van Zuid,488,4784
Z70,Z29,Zuiderpark,Kop van Zuid - Entrepot,534,4841
Z70,Z30,Zuiderpark,Kralingen Oost,905,9679
Z70,Z31,Zuiderpark,Kralingen West,847,8146
Z70,Z32,Zuiderpark,Kralingse Bos,1131,10650
Z70,Z33,Zuiderpark,Kralingseveer,834,9489
Z70,Z34,Zuiderpark,Liskwartier,905,8934
Z70,Z35,Zuiderpark,Lombardijen,344,3119
Z70,Z36,Zuiderpark,Middelland,636,6352
Z70,Z37,Zuiderpark,Molenlaankwartier,1202,15196
Z70,Z38,Zuiderpark,Nesselande,1447,19016
Z70,Z39,Zuiderpark,Nieuw Crooswijk,1026,9557
Z70,Z40,Zuiderpark,Nieuwe Werk,696,6667
Z70,Z41,Zuiderpark,Nieuwe Westen,744,6991
Z70,Z42,Zuiderpark,Noord Kethel,1264,18313
Z70,Z43,Zuiderpark,Noordereiland,625,6001
Z70,Z44,Zuiderpark,Ommoord,1201,14937
Z70,Z45,Zuiderpark,Oosterflank,1166,15633
Z70,Z46,Zuiderpark,Oud Charlois,369,3056
Z70,Z47,Zuiderpark,Oud Crooswijk,890,8551
Z70,Z48,Zuiderpark,Oud IJsselmonde,570,5167
Z70,Z49,Zuiderpark,Oud Mathenesse,916,9179
Z70,Z50,Zuiderpark,Oude Noorden,903,8659
Z70,Z51,Zuiderpark,Oude Westen,649,6182
Z70,Z52,Zuiderpark,Overschie,1096,11100
Z70,Z53,Zuiderpark,Pendrecht,241,1990
Z70,Z54,Zuiderpark,Prinsenland,1018,10908
Z70,Z55,Zuiderpark,Provenierswijk,833,8126
Z70,Z56,Zuiderpark,Rubroek,804,7784
Z70,Z57,Zuiderpark,Schiebroek,1213,12308
Z70,Z58,Zuiderpark,Schiemond,717,6808
Z70,Z59,Zuiderpark,Schieveen,1215,14417
Z70,Z60,Zuiderpark,Spangen,874,8286
Z70,Z61,Zuiderpark,Stadsdriehoek,675,6693
Z70,Z62,Zuiderpark,Struisenburg,760,7565
Z70,Z63,Zuiderpark,Tarwewijk,409,3597
Z70,Z64,Zuiderpark,Terbregge,1055,13557
Z70,Z65,Zuiderpark,Tussendijken,829,7811
Z70,Z66,Zuiderpark,Vreewijk,264,2165
Z70,Z67,Zuiderpark,Wielewaal,438,3400
Z70,Z68,Zuiderpark,Zestienhoven,1146,12152
Z70,Z69,Zuiderpark,Zevenkamp,1182,16146
Z70,Z70,Zuiderpark,Zuiderpark,113,0
Z70,Z71,Zuiderpark,Zuidplein,307,2622
Z70,Z72,Zuiderpark,Zuidwijk,178,1315
Z71,Z00,Zuidplein,'s-Gravenland,958,10814
Z71,Z01,Zuidplein,Afrikaanderwijk,330,2742
Z71,Z02,Zuidplein,Agniesebuurt,722,6381
Z71,Z03,Zuidplein,Bedrijvenpark Noord-West,1091,12314
Z71,Z04,Zuidplein,Bergpolder,794,7751
Z71,Z05,Zuidplein,Beverwaard,751,7312
Z71,Z06,Zuidplein,Blijdorp,736,7151
Z71,Z07,Zuidplein,Blijdorpsepolder,912,8434
Z71,Z08,Zuidplein,Bloemhof,307,2281
Z71,Z09,Zuidplein,Bospolder,727,6726
Z71,Z10,Zuidplein,Carnisse,286,2113
Z71,Z11,Zuidplein,Charlois Zuidrand,502,4025
Z71,Z12,Zuidplein,Cool,556,5154
Z71,Z13,Zuidplein,Cs Kwartier,662,6333
Z71,Z14,Zuidplein,De Esch,800,9134
Z71,Z15,Zuidplein,Delfshaven,578,5450
Z71,Z16,Zuidplein,Dijkzigt,534,5216
Z71,Z17,Zuidplein,Feijenoord,530,4704
Z71,Z18,Zuidplein,Groot IJsselmonde,630,5947
Z71,Z19,Zuidplein,Heijplaat,764,7013
Z71,Z20,Zuidplein,Het Lage Land,951,12445
Z71,Z21,Zuidplein,Hillegersberg Noord,1048,10370
Z71,Z22,Zuidplein,Hillegersberg Zuid,909,9169
Z71,Z23,Zuidplein,Hillesluis,372,3246
Z71,Z24,Zuidplein,Hoogvliet Noord,869,10933
Z71,Z25,Zuidplein,Hoogvliet Zuid,1007,11223
Z71,Z26,Zuidplein,Katendrecht,445,3604
Z71,Z27,Zuidplein,Kleinpolder,866,8659
Z71,Z28,Zuidplein,Kop van Zuid,387,3465
Z71,Z29,Zuidplein,Kop van Zuid - Entrepot,443,3568
Z71,Z30,Zuidplein,Kralingen Oost,827,8215
Z71,Z31,Zuidplein,Kralingen West,761,7350
Z71,Z32,Zuidplein,Kralingse Bos,1075,9380
Z71,Z33,Zuidplein,Kralingseveer,787,9143
Z71,Z34,Zuidplein,Liskwartier,850,7483
Z71,Z35,Zuidplein,Lombardijen,363,3372
Z71,Z36,Zuidplein,Middelland,572,5524
Z71,Z37,Zuidplein,Molenlaankwartier,1137,14643
Z71,Z38,Zuidplein,Nesselande,1392,18591
Z71,Z39,Zuidplein,Nieuw Crooswijk,925,8505
Z71,Z40,Zuidplein,Nieuwe Werk,616,5486
Z71,Z41,Zuidplein,Nieuwe Westen,694,6163
Z71,Z42,Zuidplein,Noord Kethel,1345,18756
Z71,Z43,Zuidplein,Noordereiland,525,4681
Z71,Z44,Zuidplein,Ommoord,1145,14643
Z71,Z45,Zuidplein,Oosterflank,1114,15208
Z71,Z46,Zuidplein,Oud Charlois,358,2892
Z71,Z47,Zuidplein,Oud Crooswijk,781,7450
Z71,Z48,Zuidplein,Oud IJsselmonde,518,4743
Z71,Z49,Zuidplein,Oud Mathenesse,860,8363
Z71,Z50,Zuidplein,Oude Noorden,802,7340
Z71,Z51,Zuidplein,Oude Westen,599,5354
Z71,Z52,Zuidplein,Overschie,1046,10322
Z71,Z53,Zuidplein,Pendrecht,348,2900
Z71,Z54,Zuidplein,Prinsenland,963,10614
Z71,Z55,Zuidplein,Provenierswijk,778,7342
Z71,Z56,Zuidplein,Rubroek,704,6464
Z71,Z57,Zuidplein,Schiebroek,1126,11379
Z71,Z58,Zuidplein,Schiemond,662,5980
Z71,Z59,Zuidplein,Schieveen,1150,13430
Z71,Z60,Zuidplein,Spangen,816,7470
Z71,Z61,Zuidplein,Stadsdriehoek,566,5373
Z71,Z62,Zuidplein,Struisenburg,652,6294
Z71,Z63,Zuidplein,Tarwewijk,301,2278
Z71,Z64,Zuidplein,Terbregge,999,13133
Z71,Z65,Zuidplein,Tussendijken,774,6984
Z71,Z66,Zuidplein,Vreewijk,278,2250
Z71,Z67,Zuidplein,Wielewaal,519,4270
Z71,Z68,Zuidplein,Zestienhoven,1040,11373
Z71,Z69,Zuidplein,Zevenkamp,1130,15853
Z71,Z70,Zuidplein,Zuiderpark,275,2185
Z71,Z71,Zuidplein,Zuidplein,37,0
Z71,Z72,Zuidplein,Zuidwijk,315,2817
Z72,Z00,Zuidwijk,'s-Gravenland,1037,11353
Z72,Z01,Zuidwijk,Afrikaanderwijk,462,4362
Z72,Z02,Zuidwijk,Agniesebuurt,844,8001
Z72,Z03,Zuidwijk,Bedrijvenpark Noord-West,1189,18683
Z72,Z04,Zuidwijk,Bergpolder,922,9451
Z72,Z05,Zuidwijk,Beverwaard,667,6764
Z72,Z06,Zuidwijk,Blijdorp,854,8675
Z72,Z07,Zuidwijk,Blijdorpsepolder,1049,10010
Z72,Z08,Zuidwijk,Bloemhof,435,3687
Z72,Z09,Zuidwijk,Bospolder,848,8250
Z72,Z10,Zuidwijk,Carnisse,408,3637
Z72,Z11,Zuidwijk,Charlois Zuidrand,357,2933
Z72,Z12,Zuidwijk,Cool,685,6852
Z72,Z13,Zuidwijk,Cs Kwartier,780,7857
Z72,Z14,Zuidwijk,De Esch,841,9854
Z72,Z15,Zuidwijk,Delfshaven,696,6982
Z72,Z16,Zuidwijk,Dijkzigt,652,6713
Z72,Z17,Zuidwijk,Feijenoord,642,6269
Z72,Z18,Zuidwijk,Groot IJsselmonde,559,5399
Z72,Z19,Zuidwijk,Heijplaat,670,6344
Z72,Z20,Zuidwijk,Het Lage Land,993,13085
Z72,Z21,Zuidwijk,Hillegersberg Noord,1219,11936
Z72,Z22,Zuidwijk,Hillegersberg Zuid,1032,10753
Z72,Z23,Zuidwijk,Hillesluis,460,3657
Z72,Z24,Zuidwijk,Hoogvliet Noord,763,10264
Z72,Z25,Zuidwijk,Hoogvliet Zuid,908,10579
Z72,Z26,Zuidwijk,Katendrecht,576,5230
Z72,Z27,Zuidwijk,Kleinpolder,999,10395
Z72,Z28,Zuidwijk,Kop van Zuid,537,5085
Z72,Z29,Zuidwijk,Kop van Zuid - Entrepot,557,5142
Z72,Z30,Zuidwijk,Kralingen Oost,903,10426
Z72,Z31,Zuidwijk,Kralingen West,912,8913
Z72,Z32,Zuidwijk,Kralingse Bos,1123,10943
Z72,Z33,Zuidwijk,Kralingseveer,855,9864
Z72,Z34,Zuidwijk,Liskwartier,963,9366
Z72,Z35,Zuidwijk,Lombardijen,283,2656
Z72,Z36,Zuidwijk,Middelland,690,7110
Z72,Z37,Zuidwijk,Molenlaankwartier,1190,15377
Z72,Z38,Zuidwijk,Nesselande,1472,19176
Z72,Z39,Zuidwijk,Nieuw Crooswijk,1064,10069
Z72,Z40,Zuidwijk,Nieuwe Werk,748,7106
Z72,Z41,Zuidwijk,Nieuwe Westen,825,7809
Z72,Z42,Zuidwijk,Noord Kethel,1266,18399
Z72,Z43,Zuidwijk,Noordereiland,648,6301
Z72,Z44,Zuidwijk,Ommoord,1181,15308
Z72,Z45,Zuidwijk,Oosterflank,1155,15747
Z72,Z46,Zuidwijk,Oud Charlois,429,3862
Z72,Z47,Zuidwijk,Oud Crooswijk,913,9085
Z72,Z48,Zuidwijk,Oud IJsselmonde,574,5282
Z72,Z49,Zuidwijk,Oud Mathenesse,970,9864
Z72,Z50,Zuidwijk,Oude Noorden,954,9220
Z72,Z51,Zuidwijk,Oude Westen,728,7176
Z72,Z52,Zuidwijk,Overschie,1165,11786
Z72,Z53,Zuidwijk,Pendrecht,205,1805
Z72,Z54,Zuidwijk,Prinsenland,1026,11278
Z72,Z55,Zuidwijk,Provenierswijk,896,8811
Z72,Z56,Zuidwijk,Rubroek,849,8092
Z72,Z57,Zuidwijk,Schiebroek,1309,13519
Z72,Z58,Zuidwijk,Schiemond,778,7539
Z72,Z59,Zuidwijk,Schieveen,1268,15102
Z72,Z60,Zuidwijk,Spangen,935,8972
Z72,Z61,Zuidwijk,Stadsdriehoek,698,6993
Z72,Z62,Zuidwijk,Struisenburg,783,7858
Z72,Z63,Zuidwijk,Tarwewijk,432,4089
Z72,Z64,Zuidwijk,Terbregge,1059,13848
Z72,Z65,Zuidwijk,Tussendijken,883,8497
Z72,Z66,Zuidwijk,Vreewijk,253,2096
Z72,Z67,Zuidwijk,Wielewaal,495,3997
Z72,Z68,Zuidwijk,Zestienhoven,1218,12837
Z72,Z69,Zuidwijk,Zevenkamp,1171,16517
Z72,Z70,Zuidwijk,Zuiderpark,174,1298
Z72,Z71,Zuidwijk,Zuidplein,348,2919
Z72,Z72,Zuidwijk,Zuidwijk,89,0
