from_zone,to_zone,from_naam,to_naam,freeflow_s,meters
P10,P10,Stadsdriehoek (10),Stadsdriehoek (10),25,0
P10,P11,Stadsdriehoek (10),Stadsdriehoek (11),176,1194
P10,P20,Stadsdriehoek (10),Stadsdriehoek (20),99,688
P10,P21,Stadsdriehoek (10),Stadsdriehoek (21),142,1025
P10,P30,Stadsdriehoek (10),Cool (30),223,1912
P10,P31,Stadsdriehoek (10),Cool (31),212,1908
P10,P40,Stadsdriehoek (10),Cool (40),224,1834
P10,P41,Stadsdriehoek (10),Stadsdriehoek (41),216,1726
P10,P42,Stadsdriehoek (10),Dijkzigt (42),291,2586
P10,P50,Stadsdriehoek (10),Oude Westen (50),258,2275
P10,P51,Stadsdriehoek (10),Dijkzigt (51),219,1962
P10,P60,Stadsdriehoek (10),Cool (60),432,4138
P10,P120,Stadsdriehoek (10),Nieuwe Werk (120),383,3068
P10,P121,Stadsdriehoek (10),Nieuwe Werk (121),313,2642
P10,P200,Stadsdriehoek (10),Carnisse (200),606,5813
P10,P201,Stadsdriehoek (10),Zuidplein (201),622,5902
P10,P202,Stadsdriehoek (10),Carnisse (202),622,5840
P10,P210,Stadsdriehoek (10),Onbekend (210),716,7165
P10,P220,Stadsdriehoek (10),Charlois Zuidrand (220),838,8415
P10,P230,Stadsdriehoek (10),Tarwewijk (230),586,5272
P10,P232,Stadsdriehoek (10),Bloemhof (232),492,4724
P10,P240,Stadsdriehoek (10),Tarwewijk (240),544,4761
P10,P250,Stadsdriehoek (10),Oud Charlois (250),608,5797
P10,P260,Stadsdriehoek (10),Oud Charlois (260),700,6495
P10,P270,Stadsdriehoek (10),Wielewaal (270),805,7291
P10,P280,Stadsdriehoek (10),Pendrecht (280),776,7614
P10,P282,Stadsdriehoek (10),Zuiderpark (282),706,6991
P10,P290,Stadsdriehoek (10),Zuidwijk (290),788,7628
P10,P300,Stadsdriehoek (10),Hillesluis (300),518,4656
P10,P301,Stadsdriehoek (10),Hillesluis (301),481,4448
P10,P310,Stadsdriehoek (10),Vreewijk (310),712,6788
P10,P311,Stadsdriehoek (10),Vreewijk (311),716,6821
P10,P320,Stadsdriehoek (10),Kop van Zuid - Entrepot (320),376,3154
P10,P322,Stadsdriehoek (10),Kop van Zuid - Entrepot (322),304,2607
P10,P323,Stadsdriehoek (10),Kop van Zuid (323),325,3057
P10,P330,Stadsdriehoek (10),Afrikaanderwijk (330),458,4015
P10,P331,Stadsdriehoek (10),Afrikaanderwijk (331),417,3811
P10,P340,Stadsdriehoek (10),Bloemhof (340),544,4759
P10,P341,Stadsdriehoek (10),Hillesluis (341),577,5062
P10,P350,Stadsdriehoek (10),Katendrecht (350),517,4455
P10,P370,Stadsdriehoek (10),Noordereiland (370),259,2187
P10,P380,Stadsdriehoek (10),Feijenoord (380),404,3284
P10,P400,Stadsdriehoek (10),Oosterflank (400),662,6643
P10,P410,Stadsdriehoek (10),'s-Gravenland (410),607,5205
P10,P500,Stadsdriehoek (10),Middelland (500),343,3168
P10,P501,Stadsdriehoek (10),Middelland (501),343,3222
P10,P502,Stadsdriehoek (10),Dijkzigt (502),354,3170
P10,P503,Stadsdriehoek (10),Middelland (503),352,3226
P10,P504,Stadsdriehoek (10),Middelland (504),406,3270
P10,P510,Stadsdriehoek (10),Tussendijken (510),538,4457
P10,P511,Stadsdriehoek (10),Tussendijken (511),612,4952
P10,P513,Stadsdriehoek (10),Tussendijken (513),561,4964
P10,P520,Stadsdriehoek (10),Onbekend (520),653,6369
P10,P530,Stadsdriehoek (10),Nieuwe Westen (530),430,3738
P10,P531,Stadsdriehoek (10),Nieuwe Westen (531),503,4117
P10,P532,Stadsdriehoek (10),Nieuwe Westen (532),710,5455
P10,P540,Stadsdriehoek (10),Delfshaven (540),378,3609
P10,P560,Stadsdriehoek (10),Schiemond (560),444,3968
P10,P570,Stadsdriehoek (10),Oud Mathenesse (570),687,6837
P10,P580,Stadsdriehoek (10),Schiemond (580),524,4536
P10,P581,Stadsdriehoek (10),Bospolder (581),574,5395
P10,P600,Stadsdriehoek (10),Struisenburg (600),201,1478
P10,P610,Stadsdriehoek (10),Rubroek (610),191,1245
P10,P620,Stadsdriehoek (10),De Esch (620),379,3123
P10,P630,Stadsdriehoek (10),Kralingen West (630),165,1314
P10,P633,Stadsdriehoek (10),Kralingen West (633),215,1748
P10,P634,Stadsdriehoek (10),Kralingen West (634),264,2128
P10,P640,Stadsdriehoek (10),De Esch (640),399,3812
P10,P650,Stadsdriehoek (10),Nieuw Crooswijk (650),242,1773
P10,P651,Stadsdriehoek (10),Oud Crooswijk (651),242,1648
P10,P660,Stadsdriehoek (10),Kralingen Oost (660),362,3342
P10,P670,Stadsdriehoek (10),Nieuw Crooswijk (670),311,2402
P10,P680,Stadsdriehoek (10),Nieuw Crooswijk (680),334,2692
P10,P690,Stadsdriehoek (10),Kralingen Oost (690),407,3886
P10,P700,Stadsdriehoek (10),Provenierswijk (700),349,2643
P10,P710,Stadsdriehoek (10),Agniesebuurt (710),258,1955
P10,P712,Stadsdriehoek (10),Stadsdriehoek (712),188,1497
P10,P720,Stadsdriehoek (10),Blijdorp (720),388,3273
P10,P721,Stadsdriehoek (10),Blijdorp (721),348,2982
P10,P723,Stadsdriehoek (10),Bergpolder (723),330,2966
P10,P724,Stadsdriehoek (10),Blijdorp (724),482,4085
P10,P730,Stadsdriehoek (10),Blijdorp (730),362,2974
P10,P740,Stadsdriehoek (10),Blijdorp (740),385,3327
P10,P750,Stadsdriehoek (10),Oude Noorden (750),344,2859
P10,P751,Stadsdriehoek (10),Oude Noorden (751),305,2679
P10,P753,Stadsdriehoek (10),Oude Noorden (753),301,2495
P10,P760,Stadsdriehoek (10),Liskwartier (760),359,3044
P10,P800,Stadsdriehoek (10),Hillegersberg Noord (800),452,4045
P10,P801,Stadsdriehoek (10),Hillegersberg Zuid (801),388,3683
P10,P811,Stadsdriehoek (10),Hillegersberg Noord (811),576,5383
P10,P812,Stadsdriehoek (10),Hillegersberg Noord (812),498,4882
P10,P900,Stadsdriehoek (10),Oud IJsselmonde (900),575,5217
P10,P910,Stadsdriehoek (10),Groot IJsselmonde (910),669,7776
P10,P912,Stadsdriehoek (10),Groot IJsselmonde (912),581,6861
P10,P920,Stadsdriehoek (10),Lombardijen (920),777,7456
P10,P930,Stadsdriehoek (10),Groot IJsselmonde (930),752,8482
P10,P950,Stadsdriehoek (10),Groot IJsselmonde (950),635,7414
P10,P960,Stadsdriehoek (10),Oud IJsselmonde (960),531,6382
P10,P980,Stadsdriehoek (10),Groot IJsselmonde (980),759,11310
P11,P10,Stadsdriehoek (11),Stadsdriehoek (10),168,1133
P11,P11,Stadsdriehoek (11),Stadsdriehoek (11),52,0
P11,P20,Stadsdriehoek (11),Stadsdriehoek (20),217,1859
P11,P21,Stadsdriehoek (11),Stadsdriehoek (21),185,1303
P11,P30,Stadsdriehoek (11),Cool (30),165,1403
P11,P31,Stadsdriehoek (11),Cool (31),188,1418
P11,P40,Stadsdriehoek (11),Cool (40),195,1362
P11,P41,Stadsdriehoek (11),Stadsdriehoek (41),183,1184
P11,P42,Stadsdriehoek (11),Dijkzigt (42),261,2085
P11,P50,Stadsdriehoek (11),Oude Westen (50),233,1778
P11,P51,Stadsdriehoek (11),Dijkzigt (51),191,1525
P11,P60,Stadsdriehoek (11),Cool (60),390,3629
P11,P120,Stadsdriehoek (11),Nieuwe Werk (120),349,2567
P11,P121,Stadsdriehoek (11),Nieuwe Werk (121),277,2142
P11,P200,Stadsdriehoek (11),Carnisse (200),580,5369
P11,P201,Stadsdriehoek (11),Zuidplein (201),590,5421
P11,P202,Stadsdriehoek (11),Carnisse (202),588,5356
P11,P210,Stadsdriehoek (11),Onbekend (210),692,6748
P11,P220,Stadsdriehoek (11),Charlois Zuidrand (220),818,7953
P11,P230,Stadsdriehoek (11),Tarwewijk (230),557,4816
P11,P232,Stadsdriehoek (11),Bloemhof (232),466,4243
P11,P240,Stadsdriehoek (11),Tarwewijk (240),501,4253
P11,P250,Stadsdriehoek (11),Oud Charlois (250),583,5325
P11,P260,Stadsdriehoek (11),Oud Charlois (260),675,6058
P11,P270,Stadsdriehoek (11),Wielewaal (270),783,6811
P11,P280,Stadsdriehoek (11),Pendrecht (280),752,7117
P11,P282,Stadsdriehoek (11),Zuiderpark (282),681,6603
P11,P290,Stadsdriehoek (11),Zuidwijk (290),753,7128
P11,P300,Stadsdriehoek (11),Hillesluis (300),513,4558
P11,P301,Stadsdriehoek (11),Hillesluis (301),497,4443
P11,P310,Stadsdriehoek (11),Vreewijk (310),676,6288
P11,P311,Stadsdriehoek (11),Vreewijk (311),683,6294
P11,P320,Stadsdriehoek (11),Kop van Zuid - Entrepot (320),428,3614
P11,P322,Stadsdriehoek (11),Kop van Zuid - Entrepot (322),376,3241
P11,P323,Stadsdriehoek (11),Kop van Zuid (323),290,2567
P11,P330,Stadsdriehoek (11),Afrikaanderwijk (330),433,3724
P11,P331,Stadsdriehoek (11),Afrikaanderwijk (331),382,3319
P11,P340,Stadsdriehoek (11),Bloemhof (340),518,4358
P11,P341,Stadsdriehoek (11),Hillesluis (341),582,4679
P11,P350,Stadsdriehoek (11),Katendrecht (350),483,3957
P11,P370,Stadsdriehoek (11),Noordereiland (370),327,2797
P11,P380,Stadsdriehoek (11),Feijenoord (380),474,3893
P11,P400,Stadsdriehoek (11),Oosterflank (400),714,7663
P11,P410,Stadsdriehoek (11),'s-Gravenland (410),720,5975
P11,P500,Stadsdriehoek (11),Middelland (500),307,2659
P11,P501,Stadsdriehoek (11),Middelland (501),319,2726
P11,P502,Stadsdriehoek (11),Dijkzigt (502),330,2721
P11,P503,Stadsdriehoek (11),Middelland (503),327,2727
P11,P504,Stadsdriehoek (11),Middelland (504),380,2800
P11,P510,Stadsdriehoek (11),Tussendijken (510),504,3961
P11,P511,Stadsdriehoek (11),Tussendijken (511),588,4456
P11,P513,Stadsdriehoek (11),Tussendijken (513),543,4455
P11,P520,Stadsdriehoek (11),Onbekend (520),626,5872
P11,P530,Stadsdriehoek (11),Nieuwe Westen (530),388,3230
P11,P531,Stadsdriehoek (11),Nieuwe Westen (531),485,3621
P11,P532,Stadsdriehoek (11),Nieuwe Westen (532),668,4946
P11,P540,Stadsdriehoek (11),Delfshaven (540),358,3113
P11,P560,Stadsdriehoek (11),Schiemond (560),424,3514
P11,P570,Stadsdriehoek (11),Oud Mathenesse (570),638,7616
P11,P580,Stadsdriehoek (11),Schiemond (580),500,4040
P11,P581,Stadsdriehoek (11),Bospolder (581),554,4973
P11,P600,Stadsdriehoek (11),Struisenburg (600),313,2600
P11,P610,Stadsdriehoek (11),Rubroek (610),202,1482
P11,P620,Stadsdriehoek (11),De Esch (620),498,4321
P11,P630,Stadsdriehoek (11),Kralingen West (630),278,2251
P11,P633,Stadsdriehoek (11),Kralingen West (633),318,2604
P11,P634,Stadsdriehoek (11),Kralingen West (634),360,2972
P11,P640,Stadsdriehoek (11),De Esch (640),520,5010
P11,P650,Stadsdriehoek (11),Nieuw Crooswijk (650),275,2507
P11,P651,Stadsdriehoek (11),Oud Crooswijk (651),226,1789
P11,P660,Stadsdriehoek (11),Kralingen Oost (660),478,4470
P11,P670,Stadsdriehoek (11),Nieuw Crooswijk (670),379,3439
P11,P680,Stadsdriehoek (11),Nieuw Crooswijk (680),390,3729
P11,P690,Stadsdriehoek (11),Kralingen Oost (690),520,4691
P11,P700,Stadsdriehoek (11),Provenierswijk (700),281,2362
P11,P710,Stadsdriehoek (11),Agniesebuurt (710),190,1369
P11,P712,Stadsdriehoek (11),Stadsdriehoek (712),120,887
P11,P720,Stadsdriehoek (11),Blijdorp (720),320,2686
P11,P721,Stadsdriehoek (11),Blijdorp (721),286,2427
P11,P723,Stadsdriehoek (11),Bergpolder (723),273,2409
P11,P724,Stadsdriehoek (11),Blijdorp (724),414,3489
P11,P730,Stadsdriehoek (11),Blijdorp (730),297,2381
P11,P740,Stadsdriehoek (11),Blijdorp (740),313,2782
P11,P750,Stadsdriehoek (11),Oude Noorden (750),318,2278
P11,P751,Stadsdriehoek (11),Oude Noorden (751),268,2352
P11,P753,Stadsdriehoek (11),Oude Noorden (753),287,2552
P11,P760,Stadsdriehoek (11),Liskwartier (760),334,2826
P11,P800,Stadsdriehoek (11),Hillegersberg Noord (800),507,4640
P11,P801,Stadsdriehoek (11),Hillegersberg Zuid (801),358,3495
P11,P811,Stadsdriehoek (11),Hillegersberg Noord (811),554,5211
P11,P812,Stadsdriehoek (11),Hillegersberg Noord (812),467,4718
P11,P900,Stadsdriehoek (11),Oud IJsselmonde (900),576,5166
P11,P910,Stadsdriehoek (11),Groot IJsselmonde (910),684,6481
P11,P912,Stadsdriehoek (11),Groot IJsselmonde (912),699,7770
P11,P920,Stadsdriehoek (11),Lombardijen (920),751,7093
P11,P930,Stadsdriehoek (11),Groot IJsselmonde (930),819,7836
P11,P950,Stadsdriehoek (11),Groot IJsselmonde (950),735,8431
P11,P960,Stadsdriehoek (11),Oud IJsselmonde (960),648,7548
P11,P980,Stadsdriehoek (11),Groot IJsselmonde (980),843,8229
P20,P10,Stadsdriehoek (20),Stadsdriehoek (10),127,934
P20,P11,Stadsdriehoek (20),Stadsdriehoek (11),236,1632
P20,P20,Stadsdriehoek (20),Stadsdriehoek (20),30,0
P20,P21,Stadsdriehoek (20),Stadsdriehoek (21),101,868
P20,P30,Stadsdriehoek (20),Cool (30),256,2333
P20,P31,Stadsdriehoek (20),Cool (31),232,2149
P20,P40,Stadsdriehoek (20),Cool (40),190,1838
P20,P41,Stadsdriehoek (20),Stadsdriehoek (41),231,2153
P20,P42,Stadsdriehoek (20),Dijkzigt (42),266,2470
P20,P50,Stadsdriehoek (20),Oude Westen (50),283,2546
P20,P51,Stadsdriehoek (20),Dijkzigt (51),248,2218
P20,P60,Stadsdriehoek (20),Cool (60),457,4412
P20,P120,Stadsdriehoek (20),Nieuwe Werk (120),321,2736
P20,P121,Stadsdriehoek (20),Nieuwe Werk (121),250,2310
P20,P200,Stadsdriehoek (20),Carnisse (200),576,5579
P20,P201,Stadsdriehoek (20),Zuidplein (201),578,5584
P20,P202,Stadsdriehoek (20),Carnisse (202),576,5524
P20,P210,Stadsdriehoek (20),Onbekend (210),686,6931
P20,P220,Stadsdriehoek (20),Charlois Zuidrand (220),802,8213
P20,P230,Stadsdriehoek (20),Tarwewijk (230),538,4940
P20,P232,Stadsdriehoek (20),Bloemhof (232),446,4392
P20,P240,Stadsdriehoek (20),Tarwewijk (240),500,4429
P20,P250,Stadsdriehoek (20),Oud Charlois (250),577,5562
P20,P260,Stadsdriehoek (20),Oud Charlois (260),656,6293
P20,P270,Stadsdriehoek (20),Wielewaal (270),766,7074
P20,P280,Stadsdriehoek (20),Pendrecht (280),733,7379
P20,P282,Stadsdriehoek (20),Zuiderpark (282),667,6767
P20,P290,Stadsdriehoek (20),Zuidwijk (290),734,7296
P20,P300,Stadsdriehoek (20),Hillesluis (300),494,4588
P20,P301,Stadsdriehoek (20),Hillesluis (301),462,4412
P20,P310,Stadsdriehoek (20),Vreewijk (310),658,6456
P20,P311,Stadsdriehoek (20),Vreewijk (311),665,6490
P20,P320,Stadsdriehoek (20),Kop van Zuid - Entrepot (320),352,3086
P20,P322,Stadsdriehoek (20),Kop van Zuid - Entrepot (322),276,2553
P20,P323,Stadsdriehoek (20),Kop van Zuid (323),271,2735
P20,P330,Stadsdriehoek (20),Afrikaanderwijk (330),426,3939
P20,P331,Stadsdriehoek (20),Afrikaanderwijk (331),374,3492
P20,P340,Stadsdriehoek (20),Bloemhof (340),498,4428
P20,P341,Stadsdriehoek (20),Hillesluis (341),554,4994
P20,P350,Stadsdriehoek (20),Katendrecht (350),476,4125
P20,P370,Stadsdriehoek (20),Noordereiland (370),239,2123
P20,P380,Stadsdriehoek (20),Feijenoord (380),372,3215
P20,P400,Stadsdriehoek (20),Oosterflank (400),671,6892
P20,P410,Stadsdriehoek (20),'s-Gravenland (410),580,5110
P20,P500,Stadsdriehoek (20),Middelland (500),369,3442
P20,P501,Stadsdriehoek (20),Middelland (501),359,3464
P20,P502,Stadsdriehoek (20),Dijkzigt (502),310,3009
P20,P503,Stadsdriehoek (20),Middelland (503),377,3486
P20,P504,Stadsdriehoek (20),Middelland (504),430,3537
P20,P510,Stadsdriehoek (20),Tussendijken (510),534,4997
P20,P511,Stadsdriehoek (20),Tussendijken (511),608,5492
P20,P513,Stadsdriehoek (20),Tussendijken (513),577,5231
P20,P520,Stadsdriehoek (20),Onbekend (520),602,6124
P20,P530,Stadsdriehoek (20),Nieuwe Westen (530),456,4012
P20,P531,Stadsdriehoek (20),Nieuwe Westen (531),529,4359
P20,P532,Stadsdriehoek (20),Nieuwe Westen (532),736,5729
P20,P540,Stadsdriehoek (20),Delfshaven (540),386,3812
P20,P560,Stadsdriehoek (20),Schiemond (560),402,3692
P20,P570,Stadsdriehoek (20),Oud Mathenesse (570),678,6793
P20,P580,Stadsdriehoek (20),Schiemond (580),478,4259
P20,P581,Stadsdriehoek (20),Bospolder (581),532,5141
P20,P600,Stadsdriehoek (20),Struisenburg (600),162,1284
P20,P610,Stadsdriehoek (20),Rubroek (610),235,1546
P20,P620,Stadsdriehoek (20),De Esch (620),326,3226
P20,P630,Stadsdriehoek (20),Kralingen West (630),167,1641
P20,P633,Stadsdriehoek (20),Kralingen West (633),197,1964
P20,P634,Stadsdriehoek (20),Kralingen West (634),288,2438
P20,P640,Stadsdriehoek (20),De Esch (640),386,3915
P20,P650,Stadsdriehoek (20),Nieuw Crooswijk (650),314,2465
P20,P651,Stadsdriehoek (20),Oud Crooswijk (651),264,2083
P20,P660,Stadsdriehoek (20),Kralingen Oost (660),308,3120
P20,P670,Stadsdriehoek (20),Nieuw Crooswijk (670),338,2652
P20,P680,Stadsdriehoek (20),Nieuw Crooswijk (680),354,3178
P20,P690,Stadsdriehoek (20),Kralingen Oost (690),375,3853
P20,P700,Stadsdriehoek (20),Provenierswijk (700),420,3449
P20,P710,Stadsdriehoek (20),Agniesebuurt (710),327,2508
P20,P712,Stadsdriehoek (20),Stadsdriehoek (712),247,1978
P20,P720,Stadsdriehoek (20),Blijdorp (720),453,3772
P20,P721,Stadsdriehoek (20),Blijdorp (721),430,3513
P20,P723,Stadsdriehoek (20),Bergpolder (723),398,3495
P20,P724,Stadsdriehoek (20),Blijdorp (724),540,4575
P20,P730,Stadsdriehoek (20),Blijdorp (730),443,3530
P20,P740,Stadsdriehoek (20),Blijdorp (740),449,3868
P20,P750,Stadsdriehoek (20),Oude Noorden (750),421,3364
P20,P751,Stadsdriehoek (20),Oude Noorden (751),359,3091
P20,P753,Stadsdriehoek (20),Oude Noorden (753),362,2942
P20,P760,Stadsdriehoek (20),Liskwartier (760),414,3483
P20,P800,Stadsdriehoek (20),Hillegersberg Noord (800),561,4978
P20,P801,Stadsdriehoek (20),Hillegersberg Zuid (801),436,4084
P20,P811,Stadsdriehoek (20),Hillegersberg Noord (811),632,5781
P20,P812,Stadsdriehoek (20),Hillegersberg Noord (812),545,5288
P20,P900,Stadsdriehoek (20),Oud IJsselmonde (900),537,5178
P20,P910,Stadsdriehoek (20),Groot IJsselmonde (910),633,7509
P20,P912,Stadsdriehoek (20),Groot IJsselmonde (912),526,6594
P20,P920,Stadsdriehoek (20),Lombardijen (920),732,7189
P20,P930,Stadsdriehoek (20),Groot IJsselmonde (930),720,8445
P20,P950,Stadsdriehoek (20),Groot IJsselmonde (950),584,7148
P20,P960,Stadsdriehoek (20),Oud IJsselmonde (960),476,6130
P20,P980,Stadsdriehoek (20),Groot IJsselmonde (980),706,11043
P21,P10,Stadsdriehoek (21),Stadsdriehoek (10),165,1286
P21,P11,Stadsdriehoek (21),Stadsdriehoek (11),184,1270
P21,P20,Stadsdriehoek (21),Stadsdriehoek (20),146,1280
P21,P21,Stadsdriehoek (21),Stadsdriehoek (21),44,0
P21,P30,Stadsdriehoek (21),Cool (30),180,1551
P21,P31,Stadsdriehoek (21),Cool (31),157,1342
P21,P40,Stadsdriehoek (21),Cool (40),171,1300
P21,P41,Stadsdriehoek (21),Stadsdriehoek (41),156,1099
P21,P42,Stadsdriehoek (21),Dijkzigt (42),225,1842
P21,P50,Stadsdriehoek (21),Oude Westen (50),206,1787
P21,P51,Stadsdriehoek (21),Dijkzigt (51),172,1489
P21,P60,Stadsdriehoek (21),Cool (60),378,3624
P21,P120,Stadsdriehoek (21),Nieuwe Werk (120),312,2470
P21,P121,Stadsdriehoek (21),Nieuwe Werk (121),242,1912
P21,P200,Stadsdriehoek (21),Carnisse (200),563,5231
P21,P201,Stadsdriehoek (21),Zuidplein (201),568,5320
P21,P202,Stadsdriehoek (21),Carnisse (202),568,5238
P21,P210,Stadsdriehoek (21),Onbekend (210),673,6583
P21,P220,Stadsdriehoek (21),Charlois Zuidrand (220),784,7851
P21,P230,Stadsdriehoek (21),Tarwewijk (230),524,4690
P21,P232,Stadsdriehoek (21),Bloemhof (232),433,4142
P21,P240,Stadsdriehoek (21),Tarwewijk (240),490,4107
P21,P250,Stadsdriehoek (21),Oud Charlois (250),564,5214
P21,P260,Stadsdriehoek (21),Oud Charlois (260),638,5931
P21,P270,Stadsdriehoek (21),Wielewaal (270),749,6726
P21,P280,Stadsdriehoek (21),Pendrecht (280),713,7031
P21,P282,Stadsdriehoek (21),Zuiderpark (282),655,6409
P21,P290,Stadsdriehoek (21),Zuidwijk (290),722,7046
P21,P300,Stadsdriehoek (21),Hillesluis (300),481,4428
P21,P301,Stadsdriehoek (21),Hillesluis (301),461,4299
P21,P310,Stadsdriehoek (21),Vreewijk (310),646,6161
P21,P311,Stadsdriehoek (21),Vreewijk (311),653,6129
P21,P320,Stadsdriehoek (21),Kop van Zuid - Entrepot (320),352,3094
P21,P322,Stadsdriehoek (21),Kop van Zuid - Entrepot (322),273,2512
P21,P323,Stadsdriehoek (21),Kop van Zuid (323),260,2475
P21,P330,Stadsdriehoek (21),Afrikaanderwijk (330),418,3578
P21,P331,Stadsdriehoek (21),Afrikaanderwijk (331),364,3230
P21,P340,Stadsdriehoek (21),Bloemhof (340),485,4177
P21,P341,Stadsdriehoek (21),Hillesluis (341),554,4887
P21,P350,Stadsdriehoek (21),Katendrecht (350),463,3854
P21,P370,Stadsdriehoek (21),Noordereiland (370),237,2107
P21,P380,Stadsdriehoek (21),Feijenoord (380),370,3259
P21,P400,Stadsdriehoek (21),Oosterflank (400),764,7744
P21,P410,Stadsdriehoek (21),'s-Gravenland (410),641,5652
P21,P500,Stadsdriehoek (21),Middelland (500),293,2675
P21,P501,Stadsdriehoek (21),Middelland (501),280,2656
P21,P502,Stadsdriehoek (21),Dijkzigt (502),295,2653
P21,P503,Stadsdriehoek (21),Middelland (503),300,2740
P21,P504,Stadsdriehoek (21),Middelland (504),350,2777
P21,P510,Stadsdriehoek (21),Tussendijken (510),474,3891
P21,P511,Stadsdriehoek (21),Tussendijken (511),548,4386
P21,P513,Stadsdriehoek (21),Tussendijken (513),504,4424
P21,P520,Stadsdriehoek (21),Onbekend (520),590,5762
P21,P530,Stadsdriehoek (21),Nieuwe Westen (530),378,3239
P21,P531,Stadsdriehoek (21),Nieuwe Westen (531),453,3552
P21,P532,Stadsdriehoek (21),Nieuwe Westen (532),659,4969
P21,P540,Stadsdriehoek (21),Delfshaven (540),327,3044
P21,P560,Stadsdriehoek (21),Schiemond (560),389,3386
P21,P570,Stadsdriehoek (21),Oud Mathenesse (570),633,6338
P21,P580,Stadsdriehoek (21),Schiemond (580),461,3954
P21,P581,Stadsdriehoek (21),Bospolder (581),519,4788
P21,P600,Stadsdriehoek (21),Struisenburg (600),215,1805
P21,P610,Stadsdriehoek (21),Rubroek (610),271,2103
P21,P620,Stadsdriehoek (21),De Esch (620),379,3453
P21,P630,Stadsdriehoek (21),Kralingen West (630),234,2114
P21,P633,Stadsdriehoek (21),Kralingen West (633),264,2499
P21,P634,Stadsdriehoek (21),Kralingen West (634),321,2665
P21,P640,Stadsdriehoek (21),De Esch (640),413,4142
P21,P650,Stadsdriehoek (21),Nieuw Crooswijk (650),349,3118
P21,P651,Stadsdriehoek (21),Oud Crooswijk (651),322,2464
P21,P660,Stadsdriehoek (21),Kralingen Oost (660),361,3635
P21,P670,Stadsdriehoek (21),Nieuw Crooswijk (670),420,3469
P21,P680,Stadsdriehoek (21),Nieuw Crooswijk (680),436,3733
P21,P690,Stadsdriehoek (21),Kralingen Oost (690),436,4370
P21,P700,Stadsdriehoek (21),Provenierswijk (700),378,2756
P21,P710,Stadsdriehoek (21),Agniesebuurt (710),287,2121
P21,P712,Stadsdriehoek (21),Stadsdriehoek (712),222,1640
P21,P720,Stadsdriehoek (21),Blijdorp (720),423,3386
P21,P721,Stadsdriehoek (21),Blijdorp (721),377,3124
P21,P723,Stadsdriehoek (21),Bergpolder (723),368,3109
P21,P724,Stadsdriehoek (21),Blijdorp (724),514,4233
P21,P730,Stadsdriehoek (21),Blijdorp (730),405,3146
P21,P740,Stadsdriehoek (21),Blijdorp (740),424,3591
P21,P750,Stadsdriehoek (21),Oude Noorden (750),372,2978
P21,P751,Stadsdriehoek (21),Oude Noorden (751),368,3058
P21,P753,Stadsdriehoek (21),Oude Noorden (753),370,3358
P21,P760,Stadsdriehoek (21),Liskwartier (760),433,3518
P21,P800,Stadsdriehoek (21),Hillegersberg Noord (800),521,4879
P21,P801,Stadsdriehoek (21),Hillegersberg Zuid (801),462,4552
P21,P811,Stadsdriehoek (21),Hillegersberg Noord (811),657,6245
P21,P812,Stadsdriehoek (21),Hillegersberg Noord (812),570,5755
P21,P900,Stadsdriehoek (21),Oud IJsselmonde (900),550,5027
P21,P910,Stadsdriehoek (21),Groot IJsselmonde (910),651,6335
P21,P912,Stadsdriehoek (21),Groot IJsselmonde (912),580,7115
P21,P920,Stadsdriehoek (21),Lombardijen (920),721,6966
P21,P930,Stadsdriehoek (21),Groot IJsselmonde (930),767,8687
P21,P950,Stadsdriehoek (21),Groot IJsselmonde (950),637,7647
P21,P960,Stadsdriehoek (21),Oud IJsselmonde (960),530,6645
P21,P980,Stadsdriehoek (21),Groot IJsselmonde (980),760,11564
P30,P10,Cool (30),Stadsdriehoek (10),225,1539
P30,P11,Cool (30),Stadsdriehoek (11),103,696
P30,P20,Cool (30),Stadsdriehoek (20),282,2342
P30,P21,Cool (30),Stadsdriehoek (21),273,1725
P30,P30,Cool (30),Cool (30),49,0
P30,P31,Cool (30),Cool (31),266,1831
P30,P40,Cool (30),Cool (40),283,1787
P30,P41,Cool (30),Stadsdriehoek (41),268,1559
P30,P42,Cool (30),Dijkzigt (42),344,2507
P30,P50,Cool (30),Oude Westen (50),324,2217
P30,P51,Cool (30),Dijkzigt (51),281,1889
P30,P60,Cool (30),Cool (60),464,3886
P30,P120,Cool (30),Nieuwe Werk (120),435,2989
P30,P121,Cool (30),Nieuwe Werk (121),365,2567
P30,P200,Cool (30),Carnisse (200),668,5739
P30,P201,Cool (30),Zuidplein (201),678,5843
P30,P202,Cool (30),Carnisse (202),676,5778
P30,P210,Cool (30),Onbekend (210),780,7091
P30,P220,Cool (30),Charlois Zuidrand (220),905,8402
P30,P230,Cool (30),Tarwewijk (230),641,5194
P30,P232,Cool (30),Bloemhof (232),545,4646
P30,P240,Cool (30),Tarwewijk (240),603,4683
P30,P250,Cool (30),Oud Charlois (250),671,5722
P30,P260,Cool (30),Oud Charlois (260),763,6480
P30,P270,Cool (30),Wielewaal (270),869,7233
P30,P280,Cool (30),Pendrecht (280),840,7539
P30,P282,Cool (30),Zuiderpark (282),769,6916
P30,P290,Cool (30),Zuidwijk (290),841,7550
P30,P300,Cool (30),Hillesluis (300),604,4980
P30,P301,Cool (30),Hillesluis (301),576,4865
P30,P310,Cool (30),Vreewijk (310),764,6709
P30,P311,Cool (30),Vreewijk (311),771,6784
P30,P320,Cool (30),Kop van Zuid - Entrepot (320),507,4181
P30,P322,Cool (30),Kop van Zuid - Entrepot (322),441,3724
P30,P323,Cool (30),Kop van Zuid (323),378,2989
P30,P330,Cool (30),Afrikaanderwijk (330),529,4226
P30,P331,Cool (30),Afrikaanderwijk (331),470,3741
P30,P340,Cool (30),Bloemhof (340),597,4681
P30,P341,Cool (30),Hillesluis (341),665,5029
P30,P350,Cool (30),Katendrecht (350),568,4379
P30,P370,Cool (30),Noordereiland (370),395,3279
P30,P380,Cool (30),Feijenoord (380),541,4376
P30,P400,Cool (30),Oosterflank (400),768,8026
P30,P410,Cool (30),'s-Gravenland (410),787,6385
P30,P500,Cool (30),Middelland (500),413,3166
P30,P501,Cool (30),Middelland (501),389,3148
P30,P502,Cool (30),Dijkzigt (502),416,3160
P30,P503,Cool (30),Middelland (503),417,3157
P30,P504,Cool (30),Middelland (504),477,3285
P30,P510,Cool (30),Tussendijken (510),601,4382
P30,P511,Cool (30),Tussendijken (511),676,4878
P30,P513,Cool (30),Tussendijken (513),621,4508
P30,P520,Cool (30),Onbekend (520),716,6391
P30,P530,Cool (30),Nieuwe Westen (530),500,3731
P30,P531,Cool (30),Nieuwe Westen (531),547,4179
P30,P532,Cool (30),Nieuwe Westen (532),747,5655
P30,P540,Cool (30),Delfshaven (540),448,3535
P30,P560,Cool (30),Schiemond (560),508,3894
P30,P570,Cool (30),Oud Mathenesse (570),658,7739
P30,P580,Cool (30),Schiemond (580),588,4470
P30,P581,Cool (30),Bospolder (581),642,5394
P30,P600,Cool (30),Struisenburg (600),389,3128
P30,P610,Cool (30),Rubroek (610),240,1718
P30,P620,Cool (30),De Esch (620),562,4744
P30,P630,Cool (30),Kralingen West (630),344,2681
P30,P633,Cool (30),Kralingen West (633),376,3009
P30,P634,Cool (30),Kralingen West (634),427,3378
P30,P640,Cool (30),De Esch (640),585,5433
P30,P650,Cool (30),Nieuw Crooswijk (650),322,2722
P30,P651,Cool (30),Oud Crooswijk (651),281,2004
P30,P660,Cool (30),Kralingen Oost (660),545,4963
P30,P670,Cool (30),Nieuw Crooswijk (670),422,3654
P30,P680,Cool (30),Nieuw Crooswijk (680),425,3944
P30,P690,Cool (30),Kralingen Oost (690),588,5137
P30,P700,Cool (30),Provenierswijk (700),290,2051
P30,P710,Cool (30),Agniesebuurt (710),199,1364
P30,P712,Cool (30),Stadsdriehoek (712),129,894
P30,P720,Cool (30),Blijdorp (720),329,2681
P30,P721,Cool (30),Blijdorp (721),289,2422
P30,P723,Cool (30),Bergpolder (723),274,2404
P30,P724,Cool (30),Blijdorp (724),423,3484
P30,P730,Cool (30),Blijdorp (730),301,2362
P30,P740,Cool (30),Blijdorp (740),325,2778
P30,P750,Cool (30),Oude Noorden (750),284,2273
P30,P751,Cool (30),Oude Noorden (751),268,2314
P30,P753,Cool (30),Oude Noorden (753),334,2767
P30,P760,Cool (30),Liskwartier (760),339,2813
P30,P800,Cool (30),Hillegersberg Noord (800),450,4011
P30,P801,Cool (30),Hillegersberg Zuid (801),386,3618
P30,P811,Cool (30),Hillegersberg Noord (811),571,5334
P30,P812,Cool (30),Hillegersberg Noord (812),496,4840
P30,P900,Cool (30),Oud IJsselmonde (900),659,5541
P30,P910,Cool (30),Groot IJsselmonde (910),772,6994
P30,P912,Cool (30),Groot IJsselmonde (912),766,8526
P30,P920,Cool (30),Lombardijen (920),839,7474
P30,P930,Cool (30),Groot IJsselmonde (930),907,8258
P30,P950,Cool (30),Groot IJsselmonde (950),820,9068
P30,P960,Cool (30),Oud IJsselmonde (960),715,8036
P30,P980,Cool (30),Groot IJsselmonde (980),923,8692
P31,P10,Cool (31),Stadsdriehoek (10),228,1612
P31,P11,Cool (31),Stadsdriehoek (11),104,812
P31,P20,Cool (31),Stadsdriehoek (20),285,2458
P31,P21,Cool (31),Stadsdriehoek (21),276,1854
P31,P30,Cool (31),Cool (30),35,304
P31,P31,Cool (31),Cool (31),15,0
P31,P40,Cool (31),Cool (40),281,1847
P31,P41,Cool (31),Stadsdriehoek (41),269,1675
P31,P42,Cool (31),Dijkzigt (42),345,2623
P31,P50,Cool (31),Oude Westen (50),324,2316
P31,P51,Cool (31),Dijkzigt (51),287,2017
P31,P60,Cool (31),Cool (60),357,2541
P31,P120,Cool (31),Nieuwe Werk (120),436,3105
P31,P121,Cool (31),Nieuwe Werk (121),366,2680
P31,P200,Cool (31),Carnisse (200),674,5855
P31,P201,Cool (31),Zuidplein (201),679,5954
P31,P202,Cool (31),Carnisse (202),677,5871
P31,P210,Cool (31),Onbekend (210),784,7207
P31,P220,Cool (31),Charlois Zuidrand (220),906,8433
P31,P230,Cool (31),Tarwewijk (230),646,5310
P31,P232,Cool (31),Bloemhof (232),546,4762
P31,P240,Cool (31),Tarwewijk (240),601,4782
P31,P250,Cool (31),Oud Charlois (250),675,5838
P31,P260,Cool (31),Oud Charlois (260),764,6512
P31,P270,Cool (31),Wielewaal (270),872,7327
P31,P280,Cool (31),Pendrecht (280),841,7655
P31,P282,Cool (31),Zuiderpark (282),767,7043
P31,P290,Cool (31),Zuidwijk (290),842,7666
P31,P300,Cool (31),Hillesluis (300),605,5096
P31,P301,Cool (31),Hillesluis (301),576,4888
P31,P310,Cool (31),Vreewijk (310),765,6825
P31,P311,Cool (31),Vreewijk (311),772,6804
P31,P320,Cool (31),Kop van Zuid - Entrepot (320),510,4297
P31,P322,Cool (31),Kop van Zuid - Entrepot (322),444,3829
P31,P323,Cool (31),Kop van Zuid (323),379,3105
P31,P330,Cool (31),Afrikaanderwijk (330),526,4253
P31,P331,Cool (31),Afrikaanderwijk (331),474,3857
P31,P340,Cool (31),Bloemhof (340),598,4798
P31,P341,Cool (31),Hillesluis (341),666,5145
P31,P350,Cool (31),Katendrecht (350),574,4488
P31,P370,Cool (31),Noordereiland (370),400,3396
P31,P380,Cool (31),Feijenoord (380),542,4492
P31,P400,Cool (31),Oosterflank (400),769,8142
P31,P410,Cool (31),'s-Gravenland (410),788,6493
P31,P500,Cool (31),Middelland (500),406,3186
P31,P501,Cool (31),Middelland (501),383,3076
P31,P502,Cool (31),Dijkzigt (502),419,3187
P31,P503,Cool (31),Middelland (503),404,3243
P31,P504,Cool (31),Middelland (504),448,3280
P31,P510,Cool (31),Tussendijken (510),576,4322
P31,P511,Cool (31),Tussendijken (511),664,4873
P31,P513,Cool (31),Tussendijken (513),609,4504
P31,P520,Cool (31),Onbekend (520),717,6438
P31,P530,Cool (31),Nieuwe Westen (530),498,3756
P31,P531,Cool (31),Nieuwe Westen (531),534,4174
P31,P532,Cool (31),Nieuwe Westen (532),677,4232
P31,P540,Cool (31),Delfshaven (540),446,3651
P31,P560,Cool (31),Schiemond (560),509,4010
P31,P570,Cool (31),Oud Mathenesse (570),655,7735
P31,P580,Cool (31),Schiemond (580),589,4577
P31,P581,Cool (31),Bospolder (581),642,5464
P31,P600,Cool (31),Struisenburg (600),390,3200
P31,P610,Cool (31),Rubroek (610),245,1834
P31,P620,Cool (31),De Esch (620),566,4873
P31,P630,Cool (31),Kralingen West (630),346,2797
P31,P633,Cool (31),Kralingen West (633),374,3082
P31,P634,Cool (31),Kralingen West (634),428,3494
P31,P640,Cool (31),De Esch (640),586,5562
P31,P650,Cool (31),Nieuw Crooswijk (650),324,2813
P31,P651,Cool (31),Oud Crooswijk (651),279,2032
P31,P660,Cool (31),Kralingen Oost (660),546,5092
P31,P670,Cool (31),Nieuw Crooswijk (670),423,3770
P31,P680,Cool (31),Nieuw Crooswijk (680),426,3969
P31,P690,Cool (31),Kralingen Oost (690),588,5136
P31,P700,Cool (31),Provenierswijk (700),291,2167
P31,P710,Cool (31),Agniesebuurt (710),200,1477
P31,P712,Cool (31),Stadsdriehoek (712),130,998
P31,P720,Cool (31),Blijdorp (720),330,2741
P31,P721,Cool (31),Blijdorp (721),290,2431
P31,P723,Cool (31),Bergpolder (723),271,2416
P31,P724,Cool (31),Blijdorp (724),424,3589
P31,P730,Cool (31),Blijdorp (730),305,2478
P31,P740,Cool (31),Blijdorp (740),325,2780
P31,P750,Cool (31),Oude Noorden (750),285,2309
P31,P751,Cool (31),Oude Noorden (751),270,2377
P31,P753,Cool (31),Oude Noorden (753),334,2775
P31,P760,Cool (31),Liskwartier (760),336,2829
P31,P800,Cool (31),Hillegersberg Noord (800),451,4127
P31,P801,Cool (31),Hillegersberg Zuid (801),387,3734
P31,P811,Cool (31),Hillegersberg Noord (811),577,5450
P31,P812,Cool (31),Hillegersberg Noord (812),498,4944
P31,P900,Cool (31),Oud IJsselmonde (900),661,5657
P31,P910,Cool (31),Groot IJsselmonde (910),772,7010
P31,P912,Cool (31),Groot IJsselmonde (912),767,8631
P31,P920,Cool (31),Lombardijen (920),840,7590
P31,P930,Cool (31),Groot IJsselmonde (930),908,8374
P31,P950,Cool (31),Groot IJsselmonde (950),817,9113
P31,P960,Cool (31),Oud IJsselmonde (960),716,8110
P31,P980,Cool (31),Groot IJsselmonde (980),926,8715
P40,P10,Cool (40),Stadsdriehoek (10),232,1929
P40,P11,Cool (40),Stadsdriehoek (11),195,1431
P40,P20,Cool (40),Stadsdriehoek (20),254,2320
P40,P21,Cool (40),Stadsdriehoek (21),166,1378
P40,P30,Cool (40),Cool (30),155,1194
P40,P31,Cool (40),Cool (31),133,1010
P40,P40,Cool (40),Cool (40),28,0
P40,P41,Cool (40),Stadsdriehoek (41),154,1133
P40,P42,Cool (40),Dijkzigt (42),164,1156
P40,P50,Cool (40),Oude Westen (50),164,1200
P40,P51,Cool (40),Dijkzigt (51),121,961
P40,P60,Cool (40),Cool (60),332,3064
P40,P120,Cool (40),Nieuwe Werk (120),239,1574
P40,P121,Cool (40),Nieuwe Werk (121),169,1148
P40,P200,Cool (40),Carnisse (200),480,4406
P40,P201,Cool (40),Zuidplein (201),550,5087
P40,P202,Cool (40),Carnisse (202),510,4596
P40,P210,Cool (40),Onbekend (210),592,5785
P40,P220,Cool (40),Charlois Zuidrand (220),718,6990
P40,P230,Cool (40),Tarwewijk (230),471,4334
P40,P232,Cool (40),Bloemhof (232),446,4301
P40,P240,Cool (40),Tarwewijk (240),458,4215
P40,P250,Cool (40),Oud Charlois (250),483,4390
P40,P260,Cool (40),Oud Charlois (260),575,5109
P40,P270,Cool (40),Wielewaal (270),683,5912
P40,P280,Cool (40),Pendrecht (280),640,6218
P40,P282,Cool (40),Zuiderpark (282),581,5640
P40,P290,Cool (40),Zuidwijk (290),732,7098
P40,P300,Cool (40),Hillesluis (300),494,4431
P40,P301,Cool (40),Hillesluis (301),478,4462
P40,P310,Cool (40),Vreewijk (310),652,6213
P40,P311,Cool (40),Vreewijk (311),673,6307
P40,P320,Cool (40),Kop van Zuid - Entrepot (320),418,3690
P40,P322,Cool (40),Kop van Zuid - Entrepot (322),369,3304
P40,P323,Cool (40),Kop van Zuid (323),279,2644
P40,P330,Cool (40),Afrikaanderwijk (330),413,3640
P40,P331,Cool (40),Afrikaanderwijk (331),371,3396
P40,P340,Cool (40),Bloemhof (340),498,4371
P40,P341,Cool (40),Hillesluis (341),566,4692
P40,P350,Cool (40),Katendrecht (350),469,4034
P40,P370,Cool (40),Noordereiland (370),320,2860
P40,P380,Cool (40),Feijenoord (380),467,3983
P40,P400,Cool (40),Oosterflank (400),861,8474
P40,P410,Cool (40),'s-Gravenland (410),762,6759
P40,P500,Cool (40),Middelland (500),252,2095
P40,P501,Cool (40),Middelland (501),240,2117
P40,P502,Cool (40),Dijkzigt (502),229,1848
P40,P503,Cool (40),Middelland (503),257,2152
P40,P504,Cool (40),Middelland (504),313,2191
P40,P510,Cool (40),Tussendijken (510),418,3387
P40,P511,Cool (40),Tussendijken (511),509,3847
P40,P513,Cool (40),Tussendijken (513),463,3884
P40,P520,Cool (40),Onbekend (520),509,4815
P40,P530,Cool (40),Nieuwe Westen (530),339,2665
P40,P531,Cool (40),Nieuwe Westen (531),406,3524
P40,P532,Cool (40),Nieuwe Westen (532),619,4432
P40,P540,Cool (40),Delfshaven (540),271,2444
P40,P560,Cool (40),Schiemond (560),313,2509
P40,P570,Cool (40),Oud Mathenesse (570),582,5667
P40,P580,Cool (40),Schiemond (580),396,3098
P40,P581,Cool (40),Bospolder (581),443,3957
P40,P600,Cool (40),Struisenburg (600),324,3038
P40,P610,Cool (40),Rubroek (610),341,2717
P40,P620,Cool (40),De Esch (620),535,4701
P40,P630,Cool (40),Kralingen West (630),326,2921
P40,P633,Cool (40),Kralingen West (633),375,3364
P40,P634,Cool (40),Kralingen West (634),425,3760
P40,P640,Cool (40),De Esch (640),555,5390
P40,P650,Cool (40),Nieuw Crooswijk (650),422,3751
P40,P651,Cool (40),Oud Crooswijk (651),360,3102
P40,P660,Cool (40),Kralingen Oost (660),516,4862
P40,P670,Cool (40),Nieuw Crooswijk (670),503,4214
P40,P680,Cool (40),Nieuw Crooswijk (680),509,4539
P40,P690,Cool (40),Kralingen Oost (690),562,5425
P40,P700,Cool (40),Provenierswijk (700),399,2984
P40,P710,Cool (40),Agniesebuurt (710),306,2296
P40,P712,Cool (40),Stadsdriehoek (712),251,1815
P40,P720,Cool (40),Blijdorp (720),446,3567
P40,P721,Cool (40),Blijdorp (721),388,3134
P40,P723,Cool (40),Bergpolder (723),362,3022
P40,P724,Cool (40),Blijdorp (724),546,5102
P40,P730,Cool (40),Blijdorp (730),418,3330
P40,P740,Cool (40),Blijdorp (740),396,3710
P40,P750,Cool (40),Oude Noorden (750),407,2914
P40,P751,Cool (40),Oude Noorden (751),378,3151
P40,P753,Cool (40),Oude Noorden (753),434,3850
P40,P760,Cool (40),Liskwartier (760),437,3580
P40,P800,Cool (40),Hillegersberg Noord (800),573,4944
P40,P801,Cool (40),Hillegersberg Zuid (801),509,4551
P40,P811,Cool (40),Hillegersberg Noord (811),694,6266
P40,P812,Cool (40),Hillegersberg Noord (812),620,5773
P40,P900,Cool (40),Oud IJsselmonde (900),560,5196
P40,P910,Cool (40),Groot IJsselmonde (910),668,6338
P40,P912,Cool (40),Groot IJsselmonde (912),693,6535
P40,P920,Cool (40),Lombardijen (920),730,7106
P40,P930,Cool (40),Groot IJsselmonde (930),786,7913
P40,P950,Cool (40),Groot IJsselmonde (950),762,7329
P40,P960,Cool (40),Oud IJsselmonde (960),664,6491
P40,P980,Cool (40),Groot IJsselmonde (980),828,8243
P41,P10,Stadsdriehoek (41),Stadsdriehoek (10),187,1509
P41,P11,Stadsdriehoek (41),Stadsdriehoek (11),171,1053
P41,P20,Stadsdriehoek (41),Stadsdriehoek (20),216,1905
P41,P21,Stadsdriehoek (41),Stadsdriehoek (21),150,996
P41,P30,Stadsdriehoek (41),Cool (30),160,1216
P41,P31,Stadsdriehoek (41),Cool (31),135,1086
P41,P40,Stadsdriehoek (41),Cool (40),67,535
P41,P41,Stadsdriehoek (41),Stadsdriehoek (41),29,0
P41,P42,Stadsdriehoek (41),Dijkzigt (42),167,1406
P41,P50,Stadsdriehoek (41),Oude Westen (50),166,1312
P41,P51,Stadsdriehoek (41),Dijkzigt (51),135,1073
P41,P60,Stadsdriehoek (41),Cool (60),342,3144
P41,P120,Stadsdriehoek (41),Nieuwe Werk (120),369,1890
P41,P121,Stadsdriehoek (41),Nieuwe Werk (121),163,1275
P41,P200,Stadsdriehoek (41),Carnisse (200),494,4711
P41,P201,Stadsdriehoek (41),Zuidplein (201),532,4922
P41,P202,Stadsdriehoek (41),Carnisse (202),522,4769
P41,P210,Stadsdriehoek (41),Onbekend (210),600,6158
P41,P220,Stadsdriehoek (41),Charlois Zuidrand (220),712,7213
P41,P230,Stadsdriehoek (41),Tarwewijk (230),474,4367
P41,P232,Stadsdriehoek (41),Bloemhof (232),476,3775
P41,P240,Stadsdriehoek (41),Tarwewijk (240),462,3761
P41,P250,Stadsdriehoek (41),Oud Charlois (250),498,4632
P41,P260,Stadsdriehoek (41),Oud Charlois (260),569,5293
P41,P270,Stadsdriehoek (41),Wielewaal (270),677,6089
P41,P280,Stadsdriehoek (41),Pendrecht (280),679,6607
P41,P282,Stadsdriehoek (41),Zuiderpark (282),615,6242
P41,P290,Stadsdriehoek (41),Zuidwijk (290),708,6628
P41,P300,Stadsdriehoek (41),Hillesluis (300),461,4059
P41,P301,Stadsdriehoek (41),Hillesluis (301),439,3944
P41,P310,Stadsdriehoek (41),Vreewijk (310),632,5788
P41,P311,Stadsdriehoek (41),Vreewijk (311),626,5853
P41,P320,Stadsdriehoek (41),Kop van Zuid - Entrepot (320),370,3188
P41,P322,Stadsdriehoek (41),Kop van Zuid - Entrepot (322),324,2890
P41,P323,Stadsdriehoek (41),Kop van Zuid (323),232,2068
P41,P330,Stadsdriehoek (41),Afrikaanderwijk (330),391,3302
P41,P331,Stadsdriehoek (41),Afrikaanderwijk (331),324,2855
P41,P340,Stadsdriehoek (41),Bloemhof (340),476,3890
P41,P341,Stadsdriehoek (41),Hillesluis (341),531,4211
P41,P350,Stadsdriehoek (41),Katendrecht (350),431,3516
P41,P370,Stadsdriehoek (41),Noordereiland (370),277,2445
P41,P380,Stadsdriehoek (41),Feijenoord (380),473,3561
P41,P400,Stadsdriehoek (41),Oosterflank (400),817,8059
P41,P410,Stadsdriehoek (41),'s-Gravenland (410),717,6344
P41,P500,Stadsdriehoek (41),Middelland (500),258,2207
P41,P501,Stadsdriehoek (41),Middelland (501),278,2176
P41,P502,Stadsdriehoek (41),Dijkzigt (502),223,1959
P41,P503,Stadsdriehoek (41),Middelland (503),260,2264
P41,P504,Stadsdriehoek (41),Middelland (504),317,2301
P41,P510,Stadsdriehoek (41),Tussendijken (510),456,3549
P41,P511,Stadsdriehoek (41),Tussendijken (511),512,3906
P41,P513,Stadsdriehoek (41),Tussendijken (513),467,3945
P41,P520,Stadsdriehoek (41),Onbekend (520),525,5124
P41,P530,Stadsdriehoek (41),Nieuwe Westen (530),342,2759
P41,P531,Stadsdriehoek (41),Nieuwe Westen (531),413,3270
P41,P532,Stadsdriehoek (41),Nieuwe Westen (532),623,4494
P41,P540,Stadsdriehoek (41),Delfshaven (540),290,2717
P41,P560,Stadsdriehoek (41),Schiemond (560),336,2827
P41,P570,Stadsdriehoek (41),Oud Mathenesse (570),611,5892
P41,P580,Stadsdriehoek (41),Schiemond (580),390,3207
P41,P581,Stadsdriehoek (41),Bospolder (581),440,4150
P41,P600,Stadsdriehoek (41),Struisenburg (600),314,2618
P41,P610,Stadsdriehoek (41),Rubroek (610),302,2288
P41,P620,Stadsdriehoek (41),De Esch (620),490,4272
P41,P630,Stadsdriehoek (41),Kralingen West (630),297,2506
P41,P633,Stadsdriehoek (41),Kralingen West (633),338,3120
P41,P634,Stadsdriehoek (41),Kralingen West (634),425,3345
P41,P640,Stadsdriehoek (41),De Esch (640),622,4961
P41,P650,Stadsdriehoek (41),Nieuw Crooswijk (650),391,3372
P41,P651,Stadsdriehoek (41),Oud Crooswijk (651),353,2688
P41,P660,Stadsdriehoek (41),Kralingen Oost (660),471,4447
P41,P670,Stadsdriehoek (41),Nieuw Crooswijk (670),471,3807
P41,P680,Stadsdriehoek (41),Nieuw Crooswijk (680),488,4124
P41,P690,Stadsdriehoek (41),Kralingen Oost (690),517,4996
P41,P700,Stadsdriehoek (41),Provenierswijk (700),366,2567
P41,P710,Stadsdriehoek (41),Agniesebuurt (710),274,1873
P41,P712,Stadsdriehoek (41),Stadsdriehoek (712),204,1398
P41,P720,Stadsdriehoek (41),Blijdorp (720),405,3135
P41,P721,Stadsdriehoek (41),Blijdorp (721),380,2792
P41,P723,Stadsdriehoek (41),Bergpolder (723),358,2777
P41,P724,Stadsdriehoek (41),Blijdorp (724),499,4000
P41,P730,Stadsdriehoek (41),Blijdorp (730),390,2878
P41,P740,Stadsdriehoek (41),Blijdorp (740),397,3297
P41,P750,Stadsdriehoek (41),Oude Noorden (750),411,2670
P41,P751,Stadsdriehoek (41),Oude Noorden (751),358,2767
P41,P753,Stadsdriehoek (41),Oude Noorden (753),402,3468
P41,P760,Stadsdriehoek (41),Liskwartier (760),421,3190
P41,P800,Stadsdriehoek (41),Hillegersberg Noord (800),614,4527
P41,P801,Stadsdriehoek (41),Hillegersberg Zuid (801),462,4134
P41,P811,Stadsdriehoek (41),Hillegersberg Noord (811),647,5849
P41,P812,Stadsdriehoek (41),Hillegersberg Noord (812),572,5356
P41,P900,Stadsdriehoek (41),Oud IJsselmonde (900),524,4698
P41,P910,Stadsdriehoek (41),Groot IJsselmonde (910),660,6059
P41,P912,Stadsdriehoek (41),Groot IJsselmonde (912),646,6021
P41,P920,Stadsdriehoek (41),Lombardijen (920),719,6625
P41,P930,Stadsdriehoek (41),Groot IJsselmonde (930),778,7336
P41,P950,Stadsdriehoek (41),Groot IJsselmonde (950),739,6920
P41,P960,Stadsdriehoek (41),Oud IJsselmonde (960),617,5977
P41,P980,Stadsdriehoek (41),Groot IJsselmonde (980),786,7764
P42,P10,Dijkzigt (42),Stadsdriehoek (10),326,2780
P42,P11,Dijkzigt (42),Stadsdriehoek (11),303,2347
P42,P20,Dijkzigt (42),Stadsdriehoek (20),317,2885
P42,P21,Dijkzigt (42),Stadsdriehoek (21),251,2041
P42,P30,Dijkzigt (42),Cool (30),298,2607
P42,P31,Dijkzigt (42),Cool (31),276,2423
P42,P40,Dijkzigt (42),Cool (40),178,1455
P42,P41,Dijkzigt (42),Stadsdriehoek (41),245,1794
P42,P42,Dijkzigt (42),Dijkzigt (42),47,0
P42,P50,Dijkzigt (42),Oude Westen (50),207,1495
P42,P51,Dijkzigt (42),Dijkzigt (51),205,1665
P42,P60,Dijkzigt (42),Cool (60),282,2566
P42,P120,Dijkzigt (42),Nieuwe Werk (120),278,1871
P42,P121,Dijkzigt (42),Nieuwe Werk (121),193,1550
P42,P200,Dijkzigt (42),Carnisse (200),409,3789
P42,P201,Dijkzigt (42),Zuidplein (201),471,4470
P42,P202,Dijkzigt (42),Carnisse (202),439,3979
P42,P210,Dijkzigt (42),Onbekend (210),517,5168
P42,P220,Dijkzigt (42),Charlois Zuidrand (220),639,6374
P42,P230,Dijkzigt (42),Tarwewijk (230),409,3717
P42,P232,Dijkzigt (42),Bloemhof (232),452,4453
P42,P240,Dijkzigt (42),Tarwewijk (240),448,3801
P42,P250,Dijkzigt (42),Oud Charlois (250),412,3773
P42,P260,Dijkzigt (42),Oud Charlois (260),503,4492
P42,P270,Dijkzigt (42),Wielewaal (270),606,5307
P42,P280,Dijkzigt (42),Pendrecht (280),581,5595
P42,P282,Dijkzigt (42),Zuiderpark (282),510,5033
P42,P290,Dijkzigt (42),Zuidwijk (290),704,6720
P42,P300,Dijkzigt (42),Hillesluis (300),505,4472
P42,P301,Dijkzigt (42),Hillesluis (301),487,4522
P42,P310,Dijkzigt (42),Vreewijk (310),639,6124
P42,P311,Dijkzigt (42),Vreewijk (311),644,6414
P42,P320,Dijkzigt (42),Kop van Zuid - Entrepot (320),418,3693
P42,P322,Dijkzigt (42),Kop van Zuid - Entrepot (322),387,3580
P42,P323,Dijkzigt (42),Kop van Zuid (323),279,2646
P42,P330,Dijkzigt (42),Afrikaanderwijk (330),427,3880
P42,P331,Dijkzigt (42),Afrikaanderwijk (331),371,3398
P42,P340,Dijkzigt (42),Bloemhof (340),503,4464
P42,P341,Dijkzigt (42),Hillesluis (341),567,4933
P42,P350,Dijkzigt (42),Katendrecht (350),470,4036
P42,P370,Dijkzigt (42),Noordereiland (370),362,3229
P42,P380,Dijkzigt (42),Feijenoord (380),485,4194
P42,P400,Dijkzigt (42),Oosterflank (400),915,12162
P42,P410,Dijkzigt (42),'s-Gravenland (410),809,7247
P42,P500,Dijkzigt (42),Middelland (500),193,1617
P42,P501,Dijkzigt (42),Middelland (501),193,1615
P42,P502,Dijkzigt (42),Dijkzigt (502),155,1277
P42,P503,Dijkzigt (42),Middelland (503),201,1599
P42,P504,Dijkzigt (42),Middelland (504),270,2156
P42,P510,Dijkzigt (42),Tussendijken (510),351,2871
P42,P511,Dijkzigt (42),Tussendijken (511),425,3366
P42,P513,Dijkzigt (42),Tussendijken (513),406,3365
P42,P520,Dijkzigt (42),Onbekend (520),442,4230
P42,P530,Dijkzigt (42),Nieuwe Westen (530),252,2181
P42,P531,Dijkzigt (42),Nieuwe Westen (531),359,2977
P42,P532,Dijkzigt (42),Nieuwe Westen (532),531,3913
P42,P540,Dijkzigt (42),Delfshaven (540),203,1750
P42,P560,Dijkzigt (42),Schiemond (560),245,1924
P42,P570,Dijkzigt (42),Oud Mathenesse (570),509,4878
P42,P580,Dijkzigt (42),Schiemond (580),326,2545
P42,P581,Dijkzigt (42),Bospolder (581),371,3372
P42,P600,Dijkzigt (42),Struisenburg (600),395,3420
P42,P610,Dijkzigt (42),Rubroek (610),441,3623
P42,P620,Dijkzigt (42),De Esch (620),559,5344
P42,P630,Dijkzigt (42),Kralingen West (630),407,3720
P42,P633,Dijkzigt (42),Kralingen West (633),437,4104
P42,P634,Dijkzigt (42),Kralingen West (634),504,4557
P42,P640,Dijkzigt (42),De Esch (640),601,6034
P42,P650,Dijkzigt (42),Nieuw Crooswijk (650),507,4638
P42,P651,Dijkzigt (42),Oud Crooswijk (651),482,3954
P42,P660,Dijkzigt (42),Kralingen Oost (660),541,5310
P42,P670,Dijkzigt (42),Nieuw Crooswijk (670),587,5048
P42,P680,Dijkzigt (42),Nieuw Crooswijk (680),610,5338
P42,P690,Dijkzigt (42),Kralingen Oost (690),609,6007
P42,P700,Dijkzigt (42),Provenierswijk (700),421,3569
P42,P710,Dijkzigt (42),Agniesebuurt (710),406,3146
P42,P712,Dijkzigt (42),Stadsdriehoek (712),336,2664
P42,P720,Dijkzigt (42),Blijdorp (720),436,3898
P42,P721,Dijkzigt (42),Blijdorp (721),388,3628
P42,P723,Dijkzigt (42),Bergpolder (723),392,3832
P42,P724,Dijkzigt (42),Blijdorp (724),489,4648
P42,P730,Dijkzigt (42),Blijdorp (730),383,3538
P42,P740,Dijkzigt (42),Blijdorp (740),371,3442
P42,P750,Dijkzigt (42),Oude Noorden (750),500,3942
P42,P751,Dijkzigt (42),Oude Noorden (751),454,4067
P42,P753,Dijkzigt (42),Oude Noorden (753),533,4732
P42,P760,Dijkzigt (42),Liskwartier (760),523,4574
P42,P800,Dijkzigt (42),Hillegersberg Noord (800),641,5946
P42,P801,Dijkzigt (42),Hillegersberg Zuid (801),574,5379
P42,P811,Dijkzigt (42),Hillegersberg Noord (811),759,7094
P42,P812,Dijkzigt (42),Hillegersberg Noord (812),685,6601
P42,P900,Dijkzigt (42),Oud IJsselmonde (900),561,5420
P42,P910,Dijkzigt (42),Groot IJsselmonde (910),673,6283
P42,P912,Dijkzigt (42),Groot IJsselmonde (912),693,6537
P42,P920,Dijkzigt (42),Lombardijen (920),714,7017
P42,P930,Dijkzigt (42),Groot IJsselmonde (930),806,7918
P42,P950,Dijkzigt (42),Groot IJsselmonde (950),776,7498
P42,P960,Dijkzigt (42),Oud IJsselmonde (960),665,6512
P42,P980,Dijkzigt (42),Groot IJsselmonde (980),833,8350
P50,P10,Oude Westen (50),Stadsdriehoek (10),272,2390
P50,P11,Oude Westen (50),Stadsdriehoek (11),249,2082
P50,P20,Oude Westen (50),Stadsdriehoek (20),301,2832
P50,P21,Oude Westen (50),Stadsdriehoek (21),212,1890
P50,P30,Oude Westen (50),Cool (30),196,1706
P50,P31,Oude Westen (50),Cool (31),174,1522
P50,P40,Oude Westen (50),Cool (40),176,1632
P50,P41,Oude Westen (50),Stadsdriehoek (41),194,1645
P50,P42,Oude Westen (50),Dijkzigt (42),206,1621
P50,P50,Oude Westen (50),Oude Westen (50),25,0
P50,P51,Oude Westen (50),Dijkzigt (51),76,510
P50,P60,Oude Westen (50),Cool (60),213,2002
P50,P120,Oude Westen (50),Nieuwe Werk (120),303,2082
P50,P121,Oude Westen (50),Nieuwe Werk (121),241,1786
P50,P200,Oude Westen (50),Carnisse (200),401,3778
P50,P201,Oude Westen (50),Zuidplein (201),470,4436
P50,P202,Oude Westen (50),Carnisse (202),430,3932
P50,P210,Oude Westen (50),Onbekend (210),508,5224
P50,P220,Oude Westen (50),Charlois Zuidrand (220),623,6340
P50,P230,Oude Westen (50),Tarwewijk (230),403,3690
P50,P232,Oude Westen (50),Bloemhof (232),464,4742
P50,P240,Oude Westen (50),Tarwewijk (240),439,3856
P50,P250,Oude Westen (50),Oud Charlois (250),406,3698
P50,P260,Oude Westen (50),Oud Charlois (260),480,4418
P50,P270,Oude Westen (50),Wielewaal (270),588,5171
P50,P280,Oude Westen (50),Pendrecht (280),566,5710
P50,P282,Oude Westen (50),Zuiderpark (282),534,5372
P50,P290,Oude Westen (50),Zuidwijk (290),696,6847
P50,P300,Oude Westen (50),Hillesluis (300),545,5148
P50,P301,Oude Westen (50),Hillesluis (301),520,4941
P50,P310,Oude Westen (50),Vreewijk (310),631,6187
P50,P311,Oude Westen (50),Vreewijk (311),622,6250
P50,P320,Oude Westen (50),Kop van Zuid - Entrepot (320),458,4179
P50,P322,Oude Westen (50),Kop van Zuid - Entrepot (322),409,3780
P50,P323,Oude Westen (50),Kop van Zuid (323),319,3133
P50,P330,Oude Westen (50),Afrikaanderwijk (330),465,4330
P50,P331,Oude Westen (50),Afrikaanderwijk (331),413,3888
P50,P340,Oude Westen (50),Bloemhof (340),532,4848
P50,P341,Oude Westen (50),Hillesluis (341),598,5446
P50,P350,Oude Westen (50),Katendrecht (350),519,4545
P50,P370,Oude Westen (50),Noordereiland (370),365,3372
P50,P380,Oude Westen (50),Feijenoord (380),507,4469
P50,P400,Oude Westen (50),Oosterflank (400),888,11855
P50,P410,Oude Westen (50),'s-Gravenland (410),802,7265
P50,P500,Oude Westen (50),Middelland (500),138,1104
P50,P501,Oude Westen (50),Middelland (501),150,1085
P50,P502,Oude Westen (50),Dijkzigt (502),135,1098
P50,P503,Oude Westen (50),Middelland (503),132,1090
P50,P504,Oude Westen (50),Middelland (504),200,1643
P50,P510,Oude Westen (50),Tussendijken (510),327,2390
P50,P511,Oude Westen (50),Tussendijken (511),392,2815
P50,P513,Oude Westen (50),Tussendijken (513),348,2852
P50,P520,Oude Westen (50),Onbekend (520),442,4277
P50,P530,Oude Westen (50),Nieuwe Westen (530),211,1668
P50,P531,Oude Westen (50),Nieuwe Westen (531),291,2462
P50,P532,Oude Westen (50),Nieuwe Westen (532),491,3400
P50,P540,Oude Westen (50),Delfshaven (540),171,1531
P50,P560,Oude Westen (50),Schiemond (560),247,1936
P50,P570,Oude Westen (50),Oud Mathenesse (570),490,4768
P50,P580,Oude Westen (50),Schiemond (580),304,2399
P50,P581,Oude Westen (50),Bospolder (581),359,3280
P50,P600,Oude Westen (50),Struisenburg (600),400,3532
P50,P610,Oude Westen (50),Rubroek (610),384,3209
P50,P620,Oude Westen (50),De Esch (620),576,5159
P50,P630,Oude Westen (50),Kralingen West (630),372,3433
P50,P633,Oude Westen (50),Kralingen West (633),418,4111
P50,P634,Oude Westen (50),Kralingen West (634),468,4272
P50,P640,Oude Westen (50),De Esch (640),598,5848
P50,P650,Oude Westen (50),Nieuw Crooswijk (650),466,4299
P50,P651,Oude Westen (50),Oud Crooswijk (651),427,3594
P50,P660,Oude Westen (50),Kralingen Oost (660),556,5374
P50,P670,Oude Westen (50),Nieuw Crooswijk (670),551,4761
P50,P680,Oude Westen (50),Nieuw Crooswijk (680),552,5051
P50,P690,Oude Westen (50),Kralingen Oost (690),602,5940
P50,P700,Oude Westen (50),Provenierswijk (700),371,3174
P50,P710,Oude Westen (50),Agniesebuurt (710),362,2809
P50,P712,Oude Westen (50),Stadsdriehoek (712),292,2326
P50,P720,Oude Westen (50),Blijdorp (720),375,3404
P50,P721,Oude Westen (50),Blijdorp (721),337,3226
P50,P723,Oude Westen (50),Bergpolder (723),332,3319
P50,P724,Oude Westen (50),Blijdorp (724),429,4135
P50,P730,Oude Westen (50),Blijdorp (730),331,3045
P50,P740,Oude Westen (50),Blijdorp (740),331,3079
P50,P750,Oude Westen (50),Oude Noorden (750),432,3466
P50,P751,Oude Westen (50),Oude Noorden (751),411,3607
P50,P753,Oude Westen (50),Oude Noorden (753),477,4301
P50,P760,Oude Westen (50),Liskwartier (760),473,4031
P50,P800,Oude Westen (50),Hillegersberg Noord (800),598,5259
P50,P801,Oude Westen (50),Hillegersberg Zuid (801),514,4866
P50,P811,Oude Westen (50),Hillegersberg Noord (811),702,6582
P50,P812,Oude Westen (50),Hillegersberg Noord (812),624,6088
P50,P900,Oude Westen (50),Oud IJsselmonde (900),606,5708
P50,P910,Oude Westen (50),Groot IJsselmonde (910),713,7087
P50,P912,Oude Westen (50),Groot IJsselmonde (912),733,7047
P50,P920,Oude Westen (50),Lombardijen (920),730,7201
P50,P930,Oude Westen (50),Groot IJsselmonde (930),849,8425
P50,P950,Oude Westen (50),Groot IJsselmonde (950),818,7962
P50,P960,Oude Westen (50),Oud IJsselmonde (960),705,7005
P50,P980,Oude Westen (50),Groot IJsselmonde (980),871,8792
P51,P10,Dijkzigt (51),Stadsdriehoek (10),232,2094
P51,P11,Dijkzigt (51),Stadsdriehoek (11),199,1708
P51,P20,Dijkzigt (51),Stadsdriehoek (20),256,2487
P51,P21,Dijkzigt (51),Stadsdriehoek (21),168,1580
P51,P30,Dijkzigt (51),Cool (30),157,1369
P51,P31,Dijkzigt (51),Cool (31),135,1185
P51,P40,Dijkzigt (51),Cool (40),132,1239
P51,P41,Dijkzigt (51),Stadsdriehoek (41),156,1308
P51,P42,Dijkzigt (51),Dijkzigt (42),189,1403
P51,P50,Dijkzigt (51),Oude Westen (50),58,408
P51,P51,Dijkzigt (51),Dijkzigt (51),11,0
P51,P60,Dijkzigt (51),Cool (60),234,2273
P51,P120,Dijkzigt (51),Nieuwe Werk (120),273,1885
P51,P121,Dijkzigt (51),Nieuwe Werk (121),203,1459
P51,P200,Dijkzigt (51),Carnisse (200),422,4049
P51,P201,Dijkzigt (51),Zuidplein (201),482,4657
P51,P202,Dijkzigt (51),Carnisse (202),450,4203
P51,P210,Dijkzigt (51),Onbekend (210),528,5495
P51,P220,Dijkzigt (51),Charlois Zuidrand (220),636,6561
P51,P230,Dijkzigt (51),Tarwewijk (230),423,3961
P51,P232,Dijkzigt (51),Bloemhof (232),448,4476
P51,P240,Dijkzigt (51),Tarwewijk (240),442,4086
P51,P250,Dijkzigt (51),Oud Charlois (250),426,3969
P51,P260,Dijkzigt (51),Oud Charlois (260),492,4638
P51,P270,Dijkzigt (51),Wielewaal (270),601,5426
P51,P280,Dijkzigt (51),Pendrecht (280),572,5864
P51,P282,Dijkzigt (51),Zuiderpark (282),540,5527
P51,P290,Dijkzigt (51),Zuidwijk (290),697,7039
P51,P300,Dijkzigt (51),Hillesluis (300),501,4768
P51,P301,Dijkzigt (51),Hillesluis (301),476,4617
P51,P310,Dijkzigt (51),Vreewijk (310),626,6370
P51,P311,Dijkzigt (51),Vreewijk (311),633,6446
P51,P320,Dijkzigt (51),Kop van Zuid - Entrepot (320),419,3865
P51,P322,Dijkzigt (51),Kop van Zuid - Entrepot (322),370,3479
P51,P323,Dijkzigt (51),Kop van Zuid (323),281,2819
P51,P330,Dijkzigt (51),Afrikaanderwijk (330),415,3918
P51,P331,Dijkzigt (51),Afrikaanderwijk (331),373,3571
P51,P340,Dijkzigt (51),Bloemhof (340),500,4526
P51,P341,Dijkzigt (51),Hillesluis (341),566,4859
P51,P350,Dijkzigt (51),Katendrecht (350),471,4209
P51,P370,Dijkzigt (51),Noordereiland (370),321,3035
P51,P380,Dijkzigt (51),Feijenoord (380),469,4146
P51,P400,Dijkzigt (51),Oosterflank (400),858,8659
P51,P410,Dijkzigt (51),'s-Gravenland (410),763,6934
P51,P500,Dijkzigt (51),Middelland (500),150,1325
P51,P501,Dijkzigt (51),Middelland (501),168,1306
P51,P502,Dijkzigt (51),Dijkzigt (502),147,1319
P51,P503,Dijkzigt (51),Middelland (503),152,1361
P51,P504,Dijkzigt (51),Middelland (504),209,1398
P51,P510,Dijkzigt (51),Tussendijken (510),348,2660
P51,P511,Dijkzigt (51),Tussendijken (511),404,3036
P51,P513,Dijkzigt (51),Tussendijken (513),359,3100
P51,P520,Dijkzigt (51),Onbekend (520),462,4504
P51,P530,Dijkzigt (51),Nieuwe Westen (530),232,1889
P51,P531,Dijkzigt (51),Nieuwe Westen (531),305,2527
P51,P532,Dijkzigt (51),Nieuwe Westen (532),512,3621
P51,P540,Dijkzigt (51),Delfshaven (540),183,1802
P51,P560,Dijkzigt (51),Schiemond (560),268,2207
P51,P570,Dijkzigt (51),Oud Mathenesse (570),511,5039
P51,P580,Dijkzigt (51),Schiemond (580),316,2620
P51,P581,Dijkzigt (51),Bospolder (581),376,3530
P51,P600,Dijkzigt (51),Struisenburg (600),352,3203
P51,P610,Dijkzigt (51),Rubroek (610),340,2872
P51,P620,Dijkzigt (51),De Esch (620),536,4856
P51,P630,Dijkzigt (51),Kralingen West (630),333,3096
P51,P633,Dijkzigt (51),Kralingen West (633),374,3699
P51,P634,Dijkzigt (51),Kralingen West (634),423,3935
P51,P640,Dijkzigt (51),De Esch (640),556,5546
P51,P650,Dijkzigt (51),Nieuw Crooswijk (650),424,3961
P51,P651,Dijkzigt (51),Oud Crooswijk (651),376,3277
P51,P660,Dijkzigt (51),Kralingen Oost (660),517,5037
P51,P670,Dijkzigt (51),Nieuw Crooswijk (670),510,4386
P51,P680,Dijkzigt (51),Nieuw Crooswijk (680),523,4714
P51,P690,Dijkzigt (51),Kralingen Oost (690),564,5580
P51,P700,Dijkzigt (51),Provenierswijk (700),373,3232
P51,P710,Dijkzigt (51),Agniesebuurt (710),314,2460
P51,P712,Dijkzigt (51),Stadsdriehoek (712),253,1990
P51,P720,Dijkzigt (51),Blijdorp (720),392,3606
P51,P721,Dijkzigt (51),Blijdorp (721),349,3336
P51,P723,Dijkzigt (51),Bergpolder (723),344,3495
P51,P724,Dijkzigt (51),Blijdorp (724),441,4372
P51,P730,Dijkzigt (51),Blijdorp (730),343,3266
P51,P740,Dijkzigt (51),Blijdorp (740),351,3350
P51,P750,Dijkzigt (51),Oude Noorden (750),409,3251
P51,P751,Dijkzigt (51),Oude Noorden (751),385,3352
P51,P753,Dijkzigt (51),Oude Noorden (753),441,4048
P51,P760,Dijkzigt (51),Liskwartier (760),446,3771
P51,P800,Dijkzigt (51),Hillegersberg Noord (800),575,5119
P51,P801,Dijkzigt (51),Hillegersberg Zuid (801),511,4726
P51,P811,Dijkzigt (51),Hillegersberg Noord (811),696,6441
P51,P812,Dijkzigt (51),Hillegersberg Noord (812),621,5948
P51,P900,Dijkzigt (51),Oud IJsselmonde (900),562,5371
P51,P910,Dijkzigt (51),Groot IJsselmonde (910),675,6675
P51,P912,Dijkzigt (51),Groot IJsselmonde (912),694,6710
P51,P920,Dijkzigt (51),Lombardijen (920),701,7134
P51,P930,Dijkzigt (51),Groot IJsselmonde (930),810,8088
P51,P950,Dijkzigt (51),Groot IJsselmonde (950),767,7550
P51,P960,Dijkzigt (51),Oud IJsselmonde (960),666,6646
P51,P980,Dijkzigt (51),Groot IJsselmonde (980),827,8398
P60,P10,Cool (60),Stadsdriehoek (10),248,2067
P60,P11,Cool (60),Stadsdriehoek (11),228,1731
P60,P20,Cool (60),Stadsdriehoek (20),283,2576
P60,P21,Cool (60),Stadsdriehoek (21),220,1674
P60,P30,Cool (60),Cool (30),196,1470
P60,P31,Cool (60),Cool (31),171,1350
P60,P40,Cool (60),Cool (40),153,1308
P60,P41,Cool (60),Stadsdriehoek (41),281,2039
P60,P42,Cool (60),Dijkzigt (42),225,1538
P60,P50,Cool (60),Oude Westen (50),127,922
P60,P51,Cool (60),Dijkzigt (51),95,683
P60,P60,Cool (60),Cool (60),11,0
P60,P120,Cool (60),Nieuwe Werk (120),377,2436
P60,P121,Cool (60),Nieuwe Werk (121),208,1422
P60,P200,Cool (60),Carnisse (200),491,4562
P60,P201,Cool (60),Zuidplein (201),551,5170
P60,P202,Cool (60),Carnisse (202),519,4716
P60,P210,Cool (60),Onbekend (210),597,6008
P60,P220,Cool (60),Charlois Zuidrand (220),705,7073
P60,P230,Cool (60),Tarwewijk (230),492,4474
P60,P232,Cool (60),Bloemhof (232),533,5098
P60,P240,Cool (60),Tarwewijk (240),513,4432
P60,P250,Cool (60),Oud Charlois (250),495,4482
P60,P260,Cool (60),Oud Charlois (260),561,5151
P60,P270,Cool (60),Wielewaal (270),670,5939
P60,P280,Cool (60),Pendrecht (280),677,6508
P60,P282,Cool (60),Zuiderpark (282),632,6345
P60,P290,Cool (60),Zuidwijk (290),778,7499
P60,P300,Cool (60),Hillesluis (300),530,4857
P60,P301,Cool (60),Hillesluis (301),497,4658
P60,P310,Cool (60),Vreewijk (310),701,6590
P60,P311,Cool (60),Vreewijk (311),684,6577
P60,P320,Cool (60),Kop van Zuid - Entrepot (320),434,3856
P60,P322,Cool (60),Kop van Zuid - Entrepot (322),381,3451
P60,P323,Cool (60),Kop van Zuid (323),290,2782
P60,P330,Cool (60),Afrikaanderwijk (330),449,4019
P60,P331,Cool (60),Afrikaanderwijk (331),392,3559
P60,P340,Cool (60),Bloemhof (340),545,4967
P60,P341,Cool (60),Hillesluis (341),600,5534
P60,P350,Cool (60),Katendrecht (350),501,4221
P60,P370,Cool (60),Noordereiland (370),344,3064
P60,P380,Cool (60),Feijenoord (380),541,4406
P60,P400,Cool (60),Oosterflank (400),866,8578
P60,P410,Cool (60),'s-Gravenland (410),778,6933
P60,P500,Cool (60),Middelland (500),219,1838
P60,P501,Cool (60),Middelland (501),226,1774
P60,P502,Cool (60),Dijkzigt (502),216,1832
P60,P503,Cool (60),Middelland (503),217,1405
P60,P504,Cool (60),Middelland (504),273,1762
P60,P510,Cool (60),Tussendijken (510),417,3174
P60,P511,Cool (60),Tussendijken (511),473,3548
P60,P513,Cool (60),Tussendijken (513),428,3542
P60,P520,Cool (60),Onbekend (520),531,5011
P60,P530,Cool (60),Nieuwe Westen (530),303,2402
P60,P531,Cool (60),Nieuwe Westen (531),369,2807
P60,P532,Cool (60),Nieuwe Westen (532),581,3964
P60,P540,Cool (60),Delfshaven (540),252,2316
P60,P560,Cool (60),Schiemond (560),336,2720
P60,P570,Cool (60),Oud Mathenesse (570),565,5389
P60,P580,Cool (60),Schiemond (580),385,3132
P60,P581,Cool (60),Bospolder (581),445,4043
P60,P600,Cool (60),Struisenburg (600),382,3209
P60,P610,Cool (60),Rubroek (610),343,2791
P60,P620,Cool (60),De Esch (620),546,5258
P60,P630,Cool (60),Kralingen West (630),364,3195
P60,P633,Cool (60),Kralingen West (633),394,3548
P60,P634,Cool (60),Kralingen West (634),429,3898
P60,P640,Cool (60),De Esch (640),619,6090
P60,P650,Cool (60),Nieuw Crooswijk (650),425,3708
P60,P651,Cool (60),Oud Crooswijk (651),362,3196
P60,P660,Cool (60),Kralingen Oost (660),528,5109
P60,P670,Cool (60),Nieuw Crooswijk (670),504,4288
P60,P680,Cool (60),Nieuw Crooswijk (680),510,4480
P60,P690,Cool (60),Kralingen Oost (690),573,5654
P60,P700,Cool (60),Provenierswijk (700),400,2977
P60,P710,Cool (60),Agniesebuurt (710),307,2378
P60,P712,Cool (60),Stadsdriehoek (712),256,1909
P60,P720,Cool (60),Blijdorp (720),440,4008
P60,P721,Cool (60),Blijdorp (721),378,3683
P60,P723,Cool (60),Bergpolder (723),363,3057
P60,P724,Cool (60),Blijdorp (724),503,4824
P60,P730,Cool (60),Blijdorp (730),373,3347
P60,P740,Cool (60),Blijdorp (740),351,3251
P60,P750,Cool (60),Oude Noorden (750),390,2819
P60,P751,Cool (60),Oude Noorden (751),381,3235
P60,P753,Cool (60),Oude Noorden (753),435,3923
P60,P760,Cool (60),Liskwartier (760),438,3654
P60,P800,Cool (60),Hillegersberg Noord (800),577,5038
P60,P801,Cool (60),Hillegersberg Zuid (801),513,4645
P60,P811,Cool (60),Hillegersberg Noord (811),698,6360
P60,P812,Cool (60),Hillegersberg Noord (812),624,5867
P60,P900,Cool (60),Oud IJsselmonde (900),593,5941
P60,P910,Cool (60),Groot IJsselmonde (910),729,6787
P60,P912,Cool (60),Groot IJsselmonde (912),711,6725
P60,P920,Cool (60),Lombardijen (920),789,7394
P60,P930,Cool (60),Groot IJsselmonde (930),847,8441
P60,P950,Cool (60),Groot IJsselmonde (950),797,7639
P60,P960,Cool (60),Oud IJsselmonde (960),676,6682
P60,P980,Cool (60),Groot IJsselmonde (980),844,8485
P120,P10,Nieuwe Werk (120),Stadsdriehoek (10),398,3106
P120,P11,Nieuwe Werk (120),Stadsdriehoek (11),376,2672
P120,P20,Nieuwe Werk (120),Stadsdriehoek (20),390,3211
P120,P21,Nieuwe Werk (120),Stadsdriehoek (21),324,2352
P120,P30,Nieuwe Werk (120),Cool (30),372,2932
P120,P31,Nieuwe Werk (120),Cool (31),348,2792
P120,P40,Nieuwe Werk (120),Cool (40),251,1775
P120,P41,Nieuwe Werk (120),Stadsdriehoek (41),341,2108
P120,P42,Nieuwe Werk (120),Dijkzigt (42),258,1694
P120,P50,Nieuwe Werk (120),Oude Westen (50),359,2528
P120,P51,Nieuwe Werk (120),Dijkzigt (51),340,2599
P120,P60,Nieuwe Werk (120),Cool (60),415,3204
P120,P120,Nieuwe Werk (120),Nieuwe Werk (120),58,0
P120,P121,Nieuwe Werk (120),Nieuwe Werk (121),131,869
P120,P200,Nieuwe Werk (120),Carnisse (200),499,4243
P120,P201,Nieuwe Werk (120),Zuidplein (201),583,4887
P120,P202,Nieuwe Werk (120),Carnisse (202),544,4397
P120,P210,Nieuwe Werk (120),Onbekend (210),610,5633
P120,P220,Nieuwe Werk (120),Charlois Zuidrand (220),736,6791
P120,P230,Nieuwe Werk (120),Tarwewijk (230),498,4156
P120,P232,Nieuwe Werk (120),Bloemhof (232),533,4340
P120,P240,Nieuwe Werk (120),Tarwewijk (240),521,4067
P120,P250,Nieuwe Werk (120),Oud Charlois (250),502,4164
P120,P260,Nieuwe Werk (120),Oud Charlois (260),594,4869
P120,P270,Nieuwe Werk (120),Wielewaal (270),702,5622
P120,P280,Nieuwe Werk (120),Pendrecht (280),670,5928
P120,P282,Nieuwe Werk (120),Zuiderpark (282),620,5488
P120,P290,Nieuwe Werk (120),Zuidwijk (290),793,7153
P120,P300,Nieuwe Werk (120),Hillesluis (300),540,4476
P120,P301,Nieuwe Werk (120),Hillesluis (301),522,4436
P120,P310,Nieuwe Werk (120),Vreewijk (310),701,6280
P120,P311,Nieuwe Werk (120),Vreewijk (311),708,6356
P120,P320,Nieuwe Werk (120),Kop van Zuid - Entrepot (320),453,3607
P120,P322,Nieuwe Werk (120),Kop van Zuid - Entrepot (322),428,3535
P120,P323,Nieuwe Werk (120),Kop van Zuid (323),314,2560
P120,P330,Nieuwe Werk (120),Afrikaanderwijk (330),473,3724
P120,P331,Nieuwe Werk (120),Afrikaanderwijk (331),406,3312
P120,P340,Nieuwe Werk (120),Bloemhof (340),542,4455
P120,P341,Nieuwe Werk (120),Hillesluis (341),601,4776
P120,P350,Nieuwe Werk (120),Katendrecht (350),504,3950
P120,P370,Nieuwe Werk (120),Noordereiland (370),415,3445
P120,P380,Nieuwe Werk (120),Feijenoord (380),530,4108
P120,P400,Nieuwe Werk (120),Oosterflank (400),1011,9598
P120,P410,Nieuwe Werk (120),'s-Gravenland (410),882,7573
P120,P500,Nieuwe Werk (120),Middelland (500),314,2234
P120,P501,Nieuwe Werk (120),Middelland (501),335,2468
P120,P502,Nieuwe Werk (120),Dijkzigt (502),254,1661
P120,P503,Nieuwe Werk (120),Middelland (503),332,2292
P120,P504,Nieuwe Werk (120),Middelland (504),394,2824
P120,P510,Nieuwe Werk (120),Tussendijken (510),451,3465
P120,P511,Nieuwe Werk (120),Tussendijken (511),525,3960
P120,P513,Nieuwe Werk (120),Tussendijken (513),505,3824
P120,P520,Nieuwe Werk (120),Onbekend (520),519,4530
P120,P530,Nieuwe Werk (120),Nieuwe Westen (530),394,2785
P120,P531,Nieuwe Werk (120),Nieuwe Westen (531),492,3663
P120,P532,Nieuwe Werk (120),Nieuwe Westen (532),674,4521
P120,P540,Nieuwe Werk (120),Delfshaven (540),304,2217
P120,P560,Nieuwe Werk (120),Schiemond (560),318,2160
P120,P570,Nieuwe Werk (120),Oud Mathenesse (570),593,5295
P120,P580,Nieuwe Werk (120),Schiemond (580),395,2727
P120,P581,Nieuwe Werk (120),Bospolder (581),445,3598
P120,P600,Nieuwe Werk (120),Struisenburg (600),450,3736
P120,P610,Nieuwe Werk (120),Rubroek (610),514,3948
P120,P620,Nieuwe Werk (120),De Esch (620),626,5490
P120,P630,Nieuwe Werk (120),Kralingen West (630),480,4016
P120,P633,Nieuwe Werk (120),Kralingen West (633),510,4359
P120,P634,Nieuwe Werk (120),Kralingen West (634),574,4703
P120,P640,Nieuwe Werk (120),De Esch (640),697,6179
P120,P650,Nieuwe Werk (120),Nieuw Crooswijk (650),586,4963
P120,P651,Nieuwe Werk (120),Oud Crooswijk (651),564,4280
P120,P660,Nieuwe Werk (120),Kralingen Oost (660),606,5483
P120,P670,Nieuwe Werk (120),Nieuw Crooswijk (670),660,5374
P120,P680,Nieuwe Werk (120),Nieuw Crooswijk (680),682,5699
P120,P690,Nieuwe Werk (120),Kralingen Oost (690),682,6332
P120,P700,Nieuwe Werk (120),Provenierswijk (700),558,4456
P120,P710,Nieuwe Werk (120),Agniesebuurt (710),479,3471
P120,P712,Nieuwe Werk (120),Stadsdriehoek (712),409,2990
P120,P720,Nieuwe Werk (120),Blijdorp (720),581,4931
P120,P721,Nieuwe Werk (120),Blijdorp (721),533,4660
P120,P723,Nieuwe Werk (120),Bergpolder (723),543,4480
P120,P724,Nieuwe Werk (120),Blijdorp (724),641,5680
P120,P730,Nieuwe Werk (120),Blijdorp (730),522,4361
P120,P740,Nieuwe Werk (120),Blijdorp (740),532,4280
P120,P750,Nieuwe Werk (120),Oude Noorden (750),598,4218
P120,P751,Nieuwe Werk (120),Oude Noorden (751),554,4433
P120,P753,Nieuwe Werk (120),Oude Noorden (753),612,5194
P120,P760,Nieuwe Werk (120),Liskwartier (760),625,4921
P120,P800,Nieuwe Werk (120),Hillegersberg Noord (800),763,6128
P120,P801,Nieuwe Werk (120),Hillegersberg Zuid (801),666,5726
P120,P811,Nieuwe Werk (120),Hillegersberg Noord (811),851,7441
P120,P812,Nieuwe Werk (120),Hillegersberg Noord (812),777,6948
P120,P900,Nieuwe Werk (120),Oud IJsselmonde (900),595,5264
P120,P910,Nieuwe Werk (120),Groot IJsselmonde (910),726,6383
P120,P912,Nieuwe Werk (120),Groot IJsselmonde (912),728,6451
P120,P920,Nieuwe Werk (120),Lombardijen (920),785,7045
P120,P930,Nieuwe Werk (120),Groot IJsselmonde (930),844,7829
P120,P950,Nieuwe Werk (120),Groot IJsselmonde (950),821,7412
P120,P960,Nieuwe Werk (120),Oud IJsselmonde (960),700,6425
P120,P980,Nieuwe Werk (120),Groot IJsselmonde (980),868,8264
P121,P10,Nieuwe Werk (121),Stadsdriehoek (10),305,2622
P121,P11,Nieuwe Werk (121),Stadsdriehoek (11),284,2188
P121,P20,Nieuwe Werk (121),Stadsdriehoek (20),298,2727
P121,P21,Nieuwe Werk (121),Stadsdriehoek (21),226,1883
P121,P30,Nieuwe Werk (121),Cool (30),281,2482
P121,P31,Nieuwe Werk (121),Cool (31),259,2265
P121,P40,Nieuwe Werk (121),Cool (40),162,1292
P121,P41,Nieuwe Werk (121),Stadsdriehoek (41),204,1613
P121,P42,Nieuwe Werk (121),Dijkzigt (42),169,1210
P121,P50,Nieuwe Werk (121),Oude Westen (50),292,2362
P121,P51,Nieuwe Werk (121),Dijkzigt (51),263,2373
P121,P60,Nieuwe Werk (121),Cool (60),358,3418
P121,P120,Nieuwe Werk (121),Nieuwe Werk (120),133,973
P121,P121,Nieuwe Werk (121),Nieuwe Werk (121),33,0
P121,P200,Nieuwe Werk (121),Carnisse (200),465,4361
P121,P201,Nieuwe Werk (121),Zuidplein (201),521,4925
P121,P202,Nieuwe Werk (121),Carnisse (202),508,4555
P121,P210,Nieuwe Werk (121),Onbekend (210),576,5739
P121,P220,Nieuwe Werk (121),Charlois Zuidrand (220),697,6959
P121,P230,Nieuwe Werk (121),Tarwewijk (230),463,4204
P121,P232,Nieuwe Werk (121),Bloemhof (232),392,3741
P121,P240,Nieuwe Werk (121),Tarwewijk (240),443,3770
P121,P250,Nieuwe Werk (121),Oud Charlois (250),467,4344
P121,P260,Nieuwe Werk (121),Oud Charlois (260),559,5061
P121,P270,Nieuwe Werk (121),Wielewaal (270),664,5834
P121,P280,Nieuwe Werk (121),Pendrecht (280),636,6120
P121,P282,Nieuwe Werk (121),Zuiderpark (282),565,5595
P121,P290,Nieuwe Werk (121),Zuidwijk (290),688,6637
P121,P300,Nieuwe Werk (121),Hillesluis (300),451,4068
P121,P301,Nieuwe Werk (121),Hillesluis (301),418,3947
P121,P310,Nieuwe Werk (121),Vreewijk (310),612,5797
P121,P311,Nieuwe Werk (121),Vreewijk (311),618,5837
P121,P320,Nieuwe Werk (121),Kop van Zuid - Entrepot (320),362,3202
P121,P322,Nieuwe Werk (121),Kop van Zuid - Entrepot (322),336,3051
P121,P323,Nieuwe Werk (121),Kop van Zuid (323),225,2076
P121,P330,Nieuwe Werk (121),Afrikaanderwijk (330),369,3286
P121,P331,Nieuwe Werk (121),Afrikaanderwijk (331),317,2839
P121,P340,Nieuwe Werk (121),Bloemhof (340),444,3856
P121,P341,Nieuwe Werk (121),Hillesluis (341),512,4177
P121,P350,Nieuwe Werk (121),Katendrecht (350),416,3501
P121,P370,Nieuwe Werk (121),Noordereiland (370),327,3012
P121,P380,Nieuwe Werk (121),Feijenoord (380),431,3625
P121,P400,Nieuwe Werk (121),Oosterflank (400),920,9198
P121,P410,Nieuwe Werk (121),'s-Gravenland (410),789,7110
P121,P500,Nieuwe Werk (121),Middelland (500),278,2448
P121,P501,Nieuwe Werk (121),Middelland (501),278,2464
P121,P502,Nieuwe Werk (121),Dijkzigt (502),212,1750
P121,P503,Nieuwe Werk (121),Middelland (503),287,2505
P121,P504,Nieuwe Werk (121),Middelland (504),348,3026
P121,P510,Nieuwe Werk (121),Tussendijken (510),436,3738
P121,P511,Nieuwe Werk (121),Tussendijken (511),510,4233
P121,P513,Nieuwe Werk (121),Tussendijken (513),486,4232
P121,P520,Nieuwe Werk (121),Onbekend (520),504,4870
P121,P530,Nieuwe Werk (121),Nieuwe Westen (530),364,3018
P121,P531,Nieuwe Werk (121),Nieuwe Westen (531),444,3843
P121,P532,Nieuwe Werk (121),Nieuwe Westen (532),644,4735
P121,P540,Nieuwe Werk (121),Delfshaven (540),280,2557
P121,P560,Nieuwe Werk (121),Schiemond (560),300,2463
P121,P570,Nieuwe Werk (121),Oud Mathenesse (570),575,5609
P121,P580,Nieuwe Werk (121),Schiemond (580),380,3000
P121,P581,Nieuwe Werk (121),Bospolder (581),425,3896
P121,P600,Nieuwe Werk (121),Struisenburg (600),360,3255
P121,P610,Nieuwe Werk (121),Rubroek (610),408,3433
P121,P620,Nieuwe Werk (121),De Esch (620),533,4891
P121,P630,Nieuwe Werk (121),Kralingen West (630),384,3562
P121,P633,Nieuwe Werk (121),Kralingen West (633),418,3946
P121,P634,Nieuwe Werk (121),Kralingen West (634),478,4104
P121,P640,Nieuwe Werk (121),De Esch (640),556,5580
P121,P650,Nieuwe Werk (121),Nieuw Crooswijk (650),491,4480
P121,P651,Nieuwe Werk (121),Oud Crooswijk (651),462,3796
P121,P660,Nieuwe Werk (121),Kralingen Oost (660),517,5093
P121,P670,Nieuwe Werk (121),Nieuw Crooswijk (670),571,4908
P121,P680,Nieuwe Werk (121),Nieuw Crooswijk (680),593,5180
P121,P690,Nieuwe Werk (121),Kralingen Oost (690),593,5808
P121,P700,Nieuwe Werk (121),Provenierswijk (700),481,3675
P121,P710,Nieuwe Werk (121),Agniesebuurt (710),389,3046
P121,P712,Nieuwe Werk (121),Stadsdriehoek (712),319,2516
P121,P720,Nieuwe Werk (121),Blijdorp (720),516,4310
P121,P721,Nieuwe Werk (121),Blijdorp (721),476,4046
P121,P723,Nieuwe Werk (121),Bergpolder (723),457,3985
P121,P724,Nieuwe Werk (121),Blijdorp (724),575,5516
P121,P730,Nieuwe Werk (121),Blijdorp (730),464,4395
P121,P740,Nieuwe Werk (121),Blijdorp (740),475,4494
P121,P750,Nieuwe Werk (121),Oude Noorden (750),475,3878
P121,P751,Nieuwe Werk (121),Oude Noorden (751),455,3959
P121,P753,Nieuwe Werk (121),Oude Noorden (753),522,4677
P121,P760,Nieuwe Werk (121),Liskwartier (760),522,4398
P121,P800,Nieuwe Werk (121),Hillegersberg Noord (800),641,5635
P121,P801,Nieuwe Werk (121),Hillegersberg Zuid (801),577,5266
P121,P811,Nieuwe Werk (121),Hillegersberg Noord (811),762,6959
P121,P812,Nieuwe Werk (121),Hillegersberg Noord (812),687,6469
P121,P900,Nieuwe Werk (121),Oud IJsselmonde (900),506,4665
P121,P910,Nieuwe Werk (121),Groot IJsselmonde (910),619,6043
P121,P912,Nieuwe Werk (121),Groot IJsselmonde (912),638,6005
P121,P920,Nieuwe Werk (121),Lombardijen (920),686,6591
P121,P930,Nieuwe Werk (121),Groot IJsselmonde (930),754,7345
P121,P950,Nieuwe Werk (121),Groot IJsselmonde (950),722,6918
P121,P960,Nieuwe Werk (121),Oud IJsselmonde (960),610,5961
P121,P980,Nieuwe Werk (121),Groot IJsselmonde (980),768,7748
P200,P10,Carnisse (200),Stadsdriehoek (10),604,5857
P200,P11,Carnisse (200),Stadsdriehoek (11),582,5528
P200,P20,Carnisse (200),Stadsdriehoek (20),602,5917
P200,P21,Carnisse (200),Stadsdriehoek (21),532,5203
P200,P30,Carnisse (200),Cool (30),546,5202
P200,P31,Carnisse (200),Cool (31),521,5082
P200,P40,Carnisse (200),Cool (40),463,4481
P200,P41,Carnisse (200),Stadsdriehoek (41),525,4711
P200,P42,Carnisse (200),Dijkzigt (42),420,3915
P200,P50,Carnisse (200),Oude Westen (50),425,3852
P200,P51,Carnisse (200),Dijkzigt (51),423,4023
P200,P60,Carnisse (200),Cool (60),500,4888
P200,P120,Carnisse (200),Nieuwe Werk (120),494,4451
P200,P121,Carnisse (200),Nieuwe Werk (121),440,4169
P200,P200,Carnisse (200),Carnisse (200),51,0
P200,P201,Carnisse (200),Zuidplein (201),246,1588
P200,P202,Carnisse (200),Carnisse (202),126,778
P200,P210,Carnisse (200),Onbekend (210),324,2672
P200,P220,Carnisse (200),Charlois Zuidrand (220),349,3251
P200,P230,Carnisse (200),Tarwewijk (230),197,1142
P200,P232,Carnisse (200),Bloemhof (232),244,1967
P200,P240,Carnisse (200),Tarwewijk (240),259,1878
P200,P250,Carnisse (200),Oud Charlois (250),173,1142
P200,P260,Carnisse (200),Oud Charlois (260),213,1520
P200,P270,Carnisse (200),Wielewaal (270),313,2134
P200,P280,Carnisse (200),Pendrecht (280),277,2440
P200,P282,Carnisse (200),Zuiderpark (282),209,1900
P200,P290,Carnisse (200),Zuidwijk (290),433,3928
P200,P300,Carnisse (200),Hillesluis (300),404,3457
P200,P301,Carnisse (200),Hillesluis (301),417,3879
P200,P310,Carnisse (200),Vreewijk (310),400,3274
P200,P311,Carnisse (200),Vreewijk (311),398,3424
P200,P320,Carnisse (200),Kop van Zuid - Entrepot (320),458,3960
P200,P322,Carnisse (200),Kop van Zuid - Entrepot (322),532,5264
P200,P323,Carnisse (200),Kop van Zuid (323),388,3698
P200,P330,Carnisse (200),Afrikaanderwijk (330),396,3434
P200,P331,Carnisse (200),Afrikaanderwijk (331),339,3114
P200,P340,Carnisse (200),Bloemhof (340),358,2523
P200,P341,Carnisse (200),Hillesluis (341),379,2854
P200,P350,Carnisse (200),Katendrecht (350),474,3999
P200,P370,Carnisse (200),Noordereiland (370),552,5114
P200,P380,Carnisse (200),Feijenoord (380),524,5019
P200,P400,Carnisse (200),Oosterflank (400),1093,13878
P200,P410,Carnisse (200),'s-Gravenland (410),1042,11753
P200,P500,Carnisse (200),Middelland (500),421,3974
P200,P501,Carnisse (200),Middelland (501),426,4028
P200,P502,Carnisse (200),Dijkzigt (502),359,3303
P200,P503,Carnisse (200),Middelland (503),419,3956
P200,P504,Carnisse (200),Middelland (504),487,4514
P200,P510,Carnisse (200),Tussendijken (510),590,5352
P200,P511,Carnisse (200),Tussendijken (511),657,5786
P200,P513,Carnisse (200),Tussendijken (513),624,5722
P200,P520,Carnisse (200),Onbekend (520),657,6431
P200,P530,Carnisse (200),Nieuwe Westen (530),496,4524
P200,P531,Carnisse (200),Nieuwe Westen (531),576,5334
P200,P532,Carnisse (200),Nieuwe Westen (532),776,6271
P200,P540,Carnisse (200),Delfshaven (540),435,4141
P200,P560,Carnisse (200),Schiemond (560),467,4082
P200,P570,Carnisse (200),Oud Mathenesse (570),742,7147
P200,P580,Carnisse (200),Schiemond (580),527,4553
P200,P581,Carnisse (200),Bospolder (581),577,5434
P200,P600,Carnisse (200),Struisenburg (600),663,6442
P200,P610,Carnisse (200),Rubroek (610),694,6820
P200,P620,Carnisse (200),De Esch (620),838,8333
P200,P630,Carnisse (200),Kralingen West (630),692,6788
P200,P633,Carnisse (200),Kralingen West (633),722,7136
P200,P634,Carnisse (200),Kralingen West (634),792,7545
P200,P640,Carnisse (200),De Esch (640),889,9022
P200,P650,Carnisse (200),Nieuw Crooswijk (650),784,7845
P200,P651,Carnisse (200),Oud Crooswijk (651),739,7127
P200,P660,Carnisse (200),Kralingen Oost (660),806,9180
P200,P670,Carnisse (200),Nieuw Crooswijk (670),879,8109
P200,P680,Carnisse (200),Nieuw Crooswijk (680),848,9098
P200,P690,Carnisse (200),Kralingen Oost (690),864,10167
P200,P700,Carnisse (200),Provenierswijk (700),647,6037
P200,P710,Carnisse (200),Agniesebuurt (710),658,6387
P200,P712,Carnisse (200),Stadsdriehoek (712),587,5891
P200,P720,Carnisse (200),Blijdorp (720),653,6267
P200,P721,Carnisse (200),Blijdorp (721),615,6088
P200,P723,Carnisse (200),Bergpolder (723),610,6189
P200,P724,Carnisse (200),Blijdorp (724),707,7005
P200,P730,Carnisse (200),Blijdorp (730),609,5852
P200,P740,Carnisse (200),Blijdorp (740),606,5941
P200,P750,Carnisse (200),Oude Noorden (750),731,6654
P200,P751,Carnisse (200),Oude Noorden (751),688,6494
P200,P753,Carnisse (200),Oude Noorden (753),792,7398
P200,P760,Carnisse (200),Liskwartier (760),751,6932
P200,P800,Carnisse (200),Hillegersberg Noord (800),869,8261
P200,P801,Carnisse (200),Hillegersberg Zuid (801),792,7736
P200,P811,Carnisse (200),Hillegersberg Noord (811),978,9452
P200,P812,Carnisse (200),Hillegersberg Noord (812),902,8959
P200,P900,Carnisse (200),Oud IJsselmonde (900),506,4541
P200,P910,Carnisse (200),Groot IJsselmonde (910),607,5145
P200,P912,Carnisse (200),Groot IJsselmonde (912),590,5128
P200,P920,Carnisse (200),Lombardijen (920),478,4141
P200,P930,Carnisse (200),Groot IJsselmonde (930),723,6569
P200,P950,Carnisse (200),Groot IJsselmonde (950),676,5999
P200,P960,Carnisse (200),Oud IJsselmonde (960),554,5084
P200,P980,Carnisse (200),Groot IJsselmonde (980),658,6250
P201,P10,Zuidplein (201),Stadsdriehoek (10),612,5904
P201,P11,Zuidplein (201),Stadsdriehoek (11),580,5491
P201,P20,Zuidplein (201),Stadsdriehoek (20),608,5995
P201,P21,Zuidplein (201),Stadsdriehoek (21),534,5310
P201,P30,Zuidplein (201),Cool (30),590,5799
P201,P31,Zuidplein (201),Cool (31),566,5578
P201,P40,Zuidplein (201),Cool (40),462,4559
P201,P41,Zuidplein (201),Stadsdriehoek (41),510,4892
P201,P42,Zuidplein (201),Dijkzigt (42),519,4941
P201,P50,Zuidplein (201),Oude Westen (50),542,5138
P201,P51,Zuidplein (201),Dijkzigt (51),537,5324
P201,P60,Zuidplein (201),Cool (60),613,6209
P201,P120,Zuidplein (201),Nieuwe Werk (120),589,5279
P201,P121,Zuidplein (201),Nieuwe Werk (121),520,4998
P201,P200,Zuidplein (201),Carnisse (200),294,2365
P201,P201,Zuidplein (201),Zuidplein (201),31,0
P201,P202,Zuidplein (201),Carnisse (202),223,1773
P201,P210,Zuidplein (201),Onbekend (210),454,4394
P201,P220,Zuidplein (201),Charlois Zuidrand (220),412,4122
P201,P230,Zuidplein (201),Tarwewijk (230),249,1984
P201,P232,Zuidplein (201),Bloemhof (232),164,1552
P201,P240,Zuidplein (201),Tarwewijk (240),339,2678
P201,P250,Zuidplein (201),Oud Charlois (250),380,3094
P201,P260,Zuidplein (201),Oud Charlois (260),431,4088
P201,P270,Zuidplein (201),Wielewaal (270),491,4144
P201,P280,Zuidplein (201),Pendrecht (280),297,2639
P201,P282,Zuidplein (201),Zuiderpark (282),210,2016
P201,P290,Zuidplein (201),Zuidwijk (290),301,2654
P201,P300,Zuidplein (201),Hillesluis (300),336,2832
P201,P301,Zuidplein (201),Hillesluis (301),358,3371
P201,P310,Zuidplein (201),Vreewijk (310),245,2222
P201,P311,Zuidplein (201),Vreewijk (311),252,2351
P201,P320,Zuidplein (201),Kop van Zuid - Entrepot (320),410,3527
P201,P322,Zuidplein (201),Kop van Zuid - Entrepot (322),478,4780
P201,P323,Zuidplein (201),Kop van Zuid (323),320,3073
P201,P330,Zuidplein (201),Afrikaanderwijk (330),345,2894
P201,P331,Zuidplein (201),Afrikaanderwijk (331),279,2619
P201,P340,Zuidplein (201),Bloemhof (340),275,2129
P201,P341,Zuidplein (201),Hillesluis (341),296,2451
P201,P350,Zuidplein (201),Katendrecht (350),428,3540
P201,P370,Zuidplein (201),Noordereiland (370),507,4680
P201,P380,Zuidplein (201),Feijenoord (380),465,4462
P201,P400,Zuidplein (201),Oosterflank (400),1010,13463
P201,P410,Zuidplein (201),'s-Gravenland (410),962,11338
P201,P500,Zuidplein (201),Middelland (500),537,5255
P201,P501,Zuidplein (201),Middelland (501),534,5241
P201,P502,Zuidplein (201),Dijkzigt (502),473,4589
P201,P503,Zuidplein (201),Middelland (503),545,5313
P201,P504,Zuidplein (201),Middelland (504),601,5833
P201,P510,Zuidplein (201),Tussendijken (510),696,6576
P201,P511,Zuidplein (201),Tussendijken (511),770,7071
P201,P513,Zuidplein (201),Tussendijken (513),745,7008
P201,P520,Zuidplein (201),Onbekend (520),770,7717
P201,P530,Zuidplein (201),Nieuwe Westen (530),622,5824
P201,P531,Zuidplein (201),Nieuwe Westen (531),704,6640
P201,P532,Zuidplein (201),Nieuwe Westen (532),903,7553
P201,P540,Zuidplein (201),Delfshaven (540),549,5427
P201,P560,Zuidplein (201),Schiemond (560),574,5351
P201,P570,Zuidplein (201),Oud Mathenesse (570),850,8496
P201,P580,Zuidplein (201),Schiemond (580),640,5838
P201,P581,Zuidplein (201),Bospolder (581),699,6765
P201,P600,Zuidplein (201),Struisenburg (600),678,6553
P201,P610,Zuidplein (201),Rubroek (610),718,6732
P201,P620,Zuidplein (201),De Esch (620),804,9324
P201,P630,Zuidplein (201),Kralingen West (630),694,6829
P201,P633,Zuidplein (201),Kralingen West (633),726,7214
P201,P634,Zuidplein (201),Kralingen West (634),780,7421
P201,P640,Zuidplein (201),De Esch (640),810,9485
P201,P650,Zuidplein (201),Nieuw Crooswijk (650),810,7748
P201,P651,Zuidplein (201),Oud Crooswijk (651),768,7082
P201,P660,Zuidplein (201),Kralingen Oost (660),727,8765
P201,P670,Zuidplein (201),Nieuw Crooswijk (670),882,8225
P201,P680,Zuidplein (201),Nieuw Crooswijk (680),895,8448
P201,P690,Zuidplein (201),Kralingen Oost (690),781,9772
P201,P700,Zuidplein (201),Provenierswijk (700),755,7233
P201,P710,Zuidplein (201),Agniesebuurt (710),684,6345
P201,P712,Zuidplein (201),Stadsdriehoek (712),618,5814
P201,P720,Zuidplein (201),Blijdorp (720),776,7596
P201,P721,Zuidplein (201),Blijdorp (721),729,7271
P201,P723,Zuidplein (201),Bergpolder (723),722,7446
P201,P724,Zuidplein (201),Blijdorp (724),823,8323
P201,P730,Zuidplein (201),Blijdorp (730),722,7201
P201,P740,Zuidplein (201),Blijdorp (740),735,7301
P201,P750,Zuidplein (201),Oude Noorden (750),769,7165
P201,P751,Zuidplein (201),Oude Noorden (751),767,7267
P201,P753,Zuidplein (201),Oude Noorden (753),821,7975
P201,P760,Zuidplein (201),Liskwartier (760),830,7697
P201,P800,Zuidplein (201),Hillegersberg Noord (800),934,8903
P201,P801,Zuidplein (201),Hillegersberg Zuid (801),876,8565
P201,P811,Zuidplein (201),Hillegersberg Noord (811),1071,10257
P201,P812,Zuidplein (201),Hillegersberg Noord (812),984,9768
P201,P900,Zuidplein (201),Oud IJsselmonde (900),423,4076
P201,P910,Zuidplein (201),Groot IJsselmonde (910),522,4759
P201,P912,Zuidplein (201),Groot IJsselmonde (912),510,4713
P201,P920,Zuidplein (201),Lombardijen (920),317,2986
P201,P930,Zuidplein (201),Groot IJsselmonde (930),567,5437
P201,P950,Zuidplein (201),Groot IJsselmonde (950),593,5605
P201,P960,Zuidplein (201),Oud IJsselmonde (960),475,4669
P201,P980,Zuidplein (201),Groot IJsselmonde (980),507,5097
P202,P10,Carnisse (202),Stadsdriehoek (10),595,5723
P202,P11,Carnisse (202),Stadsdriehoek (11),572,5289
P202,P20,Carnisse (202),Stadsdriehoek (20),594,5807
P202,P21,Carnisse (202),Stadsdriehoek (21),522,5134
P202,P30,Carnisse (202),Cool (30),564,5549
P202,P31,Carnisse (202),Cool (31),543,5365
P202,P40,Carnisse (202),Cool (40),450,4360
P202,P41,Carnisse (202),Stadsdriehoek (41),489,4700
P202,P42,Carnisse (202),Dijkzigt (42),448,4287
P202,P50,Carnisse (202),Oude Westen (50),466,4224
P202,P51,Carnisse (202),Dijkzigt (51),461,4394
P202,P60,Carnisse (202),Cool (60),538,5295
P202,P120,Carnisse (202),Nieuwe Werk (120),532,4823
P202,P121,Carnisse (202),Nieuwe Werk (121),478,4541
P202,P200,Carnisse (202),Carnisse (200),131,775
P202,P201,Carnisse (202),Zuidplein (201),154,996
P202,P202,Carnisse (202),Carnisse (202),32,0
P202,P210,Carnisse (202),Onbekend (210),358,3363
P202,P220,Carnisse (202),Charlois Zuidrand (220),449,3902
P202,P230,Carnisse (202),Tarwewijk (230),173,1053
P202,P232,Carnisse (202),Bloemhof (232),149,1304
P202,P240,Carnisse (202),Tarwewijk (240),290,2191
P202,P250,Carnisse (202),Oud Charlois (250),259,1581
P202,P260,Carnisse (202),Oud Charlois (260),315,2172
P202,P270,Carnisse (202),Wielewaal (270),414,2792
P202,P280,Carnisse (202),Pendrecht (280),382,3098
P202,P282,Carnisse (202),Zuiderpark (282),302,2552
P202,P290,Carnisse (202),Zuidwijk (290),364,3264
P202,P300,Carnisse (202),Hillesluis (300),313,2665
P202,P301,Carnisse (202),Hillesluis (301),348,3170
P202,P310,Carnisse (202),Vreewijk (310),299,2713
P202,P311,Carnisse (202),Vreewijk (311),308,2812
P202,P320,Carnisse (202),Kop van Zuid - Entrepot (320),390,3250
P202,P322,Carnisse (202),Kop van Zuid - Entrepot (322),465,4589
P202,P323,Carnisse (202),Kop van Zuid (323),290,2758
P202,P330,Carnisse (202),Afrikaanderwijk (330),337,2727
P202,P331,Carnisse (202),Afrikaanderwijk (331),271,2443
P202,P340,Carnisse (202),Bloemhof (340),267,1953
P202,P341,Carnisse (202),Hillesluis (341),288,2284
P202,P350,Carnisse (202),Katendrecht (350),404,3324
P202,P370,Carnisse (202),Noordereiland (370),479,4431
P202,P380,Carnisse (202),Feijenoord (380),457,4295
P202,P400,Carnisse (202),Oosterflank (400),1000,13177
P202,P410,Carnisse (202),'s-Gravenland (410),951,11157
P202,P500,Carnisse (202),Middelland (500),461,4332
P202,P501,Carnisse (202),Middelland (501),448,4327
P202,P502,Carnisse (202),Dijkzigt (502),397,3675
P202,P503,Carnisse (202),Middelland (503),461,4338
P202,P504,Carnisse (202),Middelland (504),525,4885
P202,P510,Carnisse (202),Tussendijken (510),621,5662
P202,P511,Carnisse (202),Tussendijken (511),695,6158
P202,P513,Carnisse (202),Tussendijken (513),662,6094
P202,P520,Carnisse (202),Onbekend (520),689,6803
P202,P530,Carnisse (202),Nieuwe Westen (530),547,4902
P202,P531,Carnisse (202),Nieuwe Westen (531),615,5706
P202,P532,Carnisse (202),Nieuwe Westen (532),828,6619
P202,P540,Carnisse (202),Delfshaven (540),470,4504
P202,P560,Carnisse (202),Schiemond (560),485,4357
P202,P570,Carnisse (202),Oud Mathenesse (570),760,7458
P202,P580,Carnisse (202),Schiemond (580),565,4924
P202,P581,Carnisse (202),Bospolder (581),615,5806
P202,P600,Carnisse (202),Struisenburg (600),654,6353
P202,P610,Carnisse (202),Rubroek (610),708,6549
P202,P620,Carnisse (202),De Esch (620),787,9104
P202,P630,Carnisse (202),Kralingen West (630),685,6662
P202,P633,Carnisse (202),Kralingen West (633),715,7047
P202,P634,Carnisse (202),Kralingen West (634),772,7191
P202,P640,Carnisse (202),De Esch (640),785,9171
P202,P650,Carnisse (202),Nieuw Crooswijk (650),780,7580
P202,P651,Carnisse (202),Oud Crooswijk (651),761,6896
P202,P660,Carnisse (202),Kralingen Oost (660),717,8487
P202,P670,Carnisse (202),Nieuw Crooswijk (670),865,7991
P202,P680,Carnisse (202),Nieuw Crooswijk (680),867,8281
P202,P690,Carnisse (202),Kralingen Oost (690),773,9572
P202,P700,Carnisse (202),Provenierswijk (700),677,6298
P202,P710,Carnisse (202),Agniesebuurt (710),675,6088
P202,P712,Carnisse (202),Stadsdriehoek (712),606,5621
P202,P720,Carnisse (202),Blijdorp (720),691,6627
P202,P721,Carnisse (202),Blijdorp (721),653,6357
P202,P723,Carnisse (202),Bergpolder (723),652,6564
P202,P724,Carnisse (202),Blijdorp (724),747,7377
P202,P730,Carnisse (202),Blijdorp (730),647,6280
P202,P740,Carnisse (202),Blijdorp (740),658,6378
P202,P750,Carnisse (202),Oude Noorden (750),734,6763
P202,P751,Carnisse (202),Oude Noorden (751),716,6787
P202,P753,Carnisse (202),Oude Noorden (753),790,7579
P202,P760,Carnisse (202),Liskwartier (760),789,7286
P202,P800,Carnisse (202),Hillegersberg Noord (800),894,8501
P202,P801,Carnisse (202),Hillegersberg Zuid (801),834,8108
P202,P811,Carnisse (202),Hillegersberg Noord (811),1017,9824
P202,P812,Carnisse (202),Hillegersberg Noord (812),942,9330
P202,P900,Carnisse (202),Oud IJsselmonde (900),415,3832
P202,P910,Carnisse (202),Groot IJsselmonde (910),516,4554
P202,P912,Carnisse (202),Groot IJsselmonde (912),493,4482
P202,P920,Carnisse (202),Lombardijen (920),374,3477
P202,P930,Carnisse (202),Groot IJsselmonde (930),631,6007
P202,P950,Carnisse (202),Groot IJsselmonde (950),585,5438
P202,P960,Carnisse (202),Oud IJsselmonde (960),463,4452
P202,P980,Carnisse (202),Groot IJsselmonde (980),568,5658
P210,P10,Onbekend (210),Stadsdriehoek (10),692,6982
P210,P11,Onbekend (210),Stadsdriehoek (11),664,6707
P210,P20,Onbekend (210),Stadsdriehoek (20),687,7042
P210,P21,Onbekend (210),Stadsdriehoek (21),614,6382
P210,P30,Onbekend (210),Cool (30),623,6381
P210,P31,Onbekend (210),Cool (31),599,6234
P210,P40,Onbekend (210),Cool (40),549,5606
P210,P41,Onbekend (210),Stadsdriehoek (41),590,5890
P210,P42,Onbekend (210),Dijkzigt (42),491,5040
P210,P50,Onbekend (210),Oude Westen (50),508,4978
P210,P51,Onbekend (210),Dijkzigt (51),504,5148
P210,P60,Onbekend (210),Cool (60),583,6043
P210,P120,Onbekend (210),Nieuwe Werk (120),582,5576
P210,P121,Onbekend (210),Nieuwe Werk (121),521,5294
P210,P200,Onbekend (210),Carnisse (200),326,3038
P210,P201,Onbekend (210),Zuidplein (201),391,3638
P210,P202,Onbekend (210),Carnisse (202),351,3179
P210,P210,Onbekend (210),Onbekend (210),114,0
P210,P220,Onbekend (210),Charlois Zuidrand (220),364,3775
P210,P230,Onbekend (210),Tarwewijk (230),312,2938
P210,P232,Onbekend (210),Bloemhof (232),381,3878
P210,P240,Onbekend (210),Tarwewijk (240),319,2891
P210,P250,Onbekend (210),Oud Charlois (250),226,1962
P210,P260,Onbekend (210),Oud Charlois (260),160,1646
P210,P270,Onbekend (210),Wielewaal (270),341,3126
P210,P280,Onbekend (210),Pendrecht (280),362,3791
P210,P282,Onbekend (210),Zuiderpark (282),361,3880
P210,P290,Onbekend (210),Zuidwijk (290),524,5423
P210,P300,Onbekend (210),Hillesluis (300),478,4640
P210,P301,Onbekend (210),Hillesluis (301),481,4889
P210,P310,Onbekend (210),Vreewijk (310),536,5427
P210,P311,Onbekend (210),Vreewijk (311),543,5460
P210,P320,Onbekend (210),Kop van Zuid - Entrepot (320),532,5023
P210,P322,Onbekend (210),Kop van Zuid - Entrepot (322),599,6277
P210,P323,Onbekend (210),Kop van Zuid (323),444,4715
P210,P330,Onbekend (210),Afrikaanderwijk (330),469,4412
P210,P331,Onbekend (210),Afrikaanderwijk (331),402,4116
P210,P340,Onbekend (210),Bloemhof (340),448,4171
P210,P341,Onbekend (210),Hillesluis (341),507,4817
P210,P350,Onbekend (210),Katendrecht (350),550,5037
P210,P370,Onbekend (210),Noordereiland (370),629,6177
P210,P380,Onbekend (210),Feijenoord (380),588,5980
P210,P400,Onbekend (210),Oosterflank (400),1228,16009
P210,P410,Onbekend (210),'s-Gravenland (410),1177,11685
P210,P500,Onbekend (210),Middelland (500),503,5074
P210,P501,Onbekend (210),Middelland (501),501,5080
P210,P502,Onbekend (210),Dijkzigt (502),440,4428
P210,P503,Onbekend (210),Middelland (503),510,5131
P210,P504,Onbekend (210),Middelland (504),568,5652
P210,P510,Onbekend (210),Tussendijken (510),664,6500
P210,P511,Onbekend (210),Tussendijken (511),738,6911
P210,P513,Onbekend (210),Tussendijken (513),711,6870
P210,P520,Onbekend (210),Onbekend (520),737,7558
P210,P530,Onbekend (210),Nieuwe Westen (530),590,5644
P210,P531,Onbekend (210),Nieuwe Westen (531),669,6503
P210,P532,Onbekend (210),Nieuwe Westen (532),870,7396
P210,P540,Onbekend (210),Delfshaven (540),516,5266
P210,P560,Onbekend (210),Schiemond (560),541,5260
P210,P570,Onbekend (210),Oud Mathenesse (570),817,8325
P210,P580,Onbekend (210),Schiemond (580),608,5678
P210,P581,Onbekend (210),Bospolder (581),664,6584
P210,P600,Onbekend (210),Struisenburg (600),756,7579
P210,P610,Onbekend (210),Rubroek (610),780,7945
P210,P620,Onbekend (210),De Esch (620),919,9380
P210,P630,Onbekend (210),Kralingen West (630),773,7905
P210,P633,Onbekend (210),Kralingen West (633),804,8261
P210,P634,Onbekend (210),Kralingen West (634),861,8592
P210,P640,Onbekend (210),De Esch (640),955,10069
P210,P650,Onbekend (210),Nieuw Crooswijk (650),868,9016
P210,P651,Onbekend (210),Oud Crooswijk (651),824,8252
P210,P660,Onbekend (210),Kralingen Oost (660),902,9418
P210,P670,Onbekend (210),Nieuw Crooswijk (670),962,9287
P210,P680,Onbekend (210),Nieuw Crooswijk (680),936,10277
P210,P690,Onbekend (210),Kralingen Oost (690),975,10163
P210,P700,Onbekend (210),Provenierswijk (700),722,7197
P210,P710,Onbekend (210),Agniesebuurt (710),739,7565
P210,P712,Onbekend (210),Stadsdriehoek (712),672,7035
P210,P720,Onbekend (210),Blijdorp (720),742,7445
P210,P721,Onbekend (210),Blijdorp (721),696,7235
P210,P723,Onbekend (210),Bergpolder (723),695,7320
P210,P724,Onbekend (210),Blijdorp (724),789,8142
P210,P730,Onbekend (210),Blijdorp (730),690,7021
P210,P740,Onbekend (210),Blijdorp (740),700,7120
P210,P750,Onbekend (210),Oude Noorden (750),797,7807
P210,P751,Onbekend (210),Oude Noorden (751),768,7645
P210,P753,Onbekend (210),Oude Noorden (753),857,8505
P210,P760,Onbekend (210),Liskwartier (760),830,8056
P210,P800,Onbekend (210),Hillegersberg Noord (800),937,9308
P210,P801,Onbekend (210),Hillegersberg Zuid (801),876,8896
P210,P811,Onbekend (210),Hillegersberg Noord (811),1071,10588
P210,P812,Onbekend (210),Hillegersberg Noord (812),984,10099
P210,P900,Onbekend (210),Oud IJsselmonde (900),608,6082
P210,P910,Onbekend (210),Groot IJsselmonde (910),701,7297
P210,P912,Onbekend (210),Groot IJsselmonde (912),730,7259
P210,P920,Onbekend (210),Lombardijen (920),615,6320
P210,P930,Onbekend (210),Groot IJsselmonde (930),837,8589
P210,P950,Onbekend (210),Groot IJsselmonde (950),814,8172
P210,P960,Onbekend (210),Oud IJsselmonde (960),695,7215
P210,P980,Onbekend (210),Groot IJsselmonde (980),804,8303
P220,P10,Charlois Zuidrand (220),Stadsdriehoek (10),824,8410
P220,P11,Charlois Zuidrand (220),Stadsdriehoek (11),803,8044
P220,P20,Charlois Zuidrand (220),Stadsdriehoek (20),822,8477
P220,P21,Charlois Zuidrand (220),Stadsdriehoek (21),746,7719
P220,P30,Charlois Zuidrand (220),Cool (30),748,7696
P220,P31,Charlois Zuidrand (220),Cool (31),726,7511
P220,P40,Charlois Zuidrand (220),Cool (40),684,7024
P220,P41,Charlois Zuidrand (220),Stadsdriehoek (41),713,7276
P220,P42,Charlois Zuidrand (220),Dijkzigt (42),631,6488
P220,P50,Charlois Zuidrand (220),Oude Westen (50),646,6425
P220,P51,Charlois Zuidrand (220),Dijkzigt (51),638,6530
P220,P60,Charlois Zuidrand (220),Cool (60),715,7381
P220,P120,Charlois Zuidrand (220),Nieuwe Werk (120),715,7008
P220,P121,Charlois Zuidrand (220),Nieuwe Werk (121),661,6742
P220,P200,Charlois Zuidrand (220),Carnisse (200),364,3491
P220,P201,Charlois Zuidrand (220),Zuidplein (201),423,4114
P220,P202,Charlois Zuidrand (220),Carnisse (202),424,3803
P220,P210,Charlois Zuidrand (220),Onbekend (210),357,3795
P220,P220,Charlois Zuidrand (220),Charlois Zuidrand (220),63,0
P220,P230,Charlois Zuidrand (220),Tarwewijk (230),440,4218
P220,P232,Charlois Zuidrand (220),Bloemhof (232),492,5020
P220,P240,Charlois Zuidrand (220),Tarwewijk (240),476,4344
P220,P250,Charlois Zuidrand (220),Oud Charlois (250),373,3436
P220,P260,Charlois Zuidrand (220),Oud Charlois (260),385,3620
P220,P270,Charlois Zuidrand (220),Wielewaal (270),431,3624
P220,P280,Charlois Zuidrand (220),Pendrecht (280),209,2032
P220,P282,Charlois Zuidrand (220),Zuiderpark (282),212,2122
P220,P290,Charlois Zuidrand (220),Zuidwijk (290),387,3910
P220,P300,Charlois Zuidrand (220),Hillesluis (300),628,6133
P220,P301,Charlois Zuidrand (220),Hillesluis (301),626,6364
P220,P310,Charlois Zuidrand (220),Vreewijk (310),507,5228
P220,P311,Charlois Zuidrand (220),Vreewijk (311),514,5355
P220,P320,Charlois Zuidrand (220),Kop van Zuid - Entrepot (320),679,6498
P220,P322,Charlois Zuidrand (220),Kop van Zuid - Entrepot (322),752,7831
P220,P323,Charlois Zuidrand (220),Kop van Zuid (323),580,6022
P220,P330,Charlois Zuidrand (220),Afrikaanderwijk (330),622,5975
P220,P331,Charlois Zuidrand (220),Afrikaanderwijk (331),551,5569
P220,P340,Charlois Zuidrand (220),Bloemhof (340),590,5568
P220,P341,Charlois Zuidrand (220),Hillesluis (341),632,6030
P220,P350,Charlois Zuidrand (220),Katendrecht (350),694,6570
P220,P370,Charlois Zuidrand (220),Noordereiland (370),769,7679
P220,P380,Charlois Zuidrand (220),Feijenoord (380),745,7543
P220,P400,Charlois Zuidrand (220),Oosterflank (400),1183,21797
P220,P410,Charlois Zuidrand (220),'s-Gravenland (410),1176,20396
P220,P500,Charlois Zuidrand (220),Middelland (500),635,6411
P220,P501,Charlois Zuidrand (220),Middelland (501),631,6528
P220,P502,Charlois Zuidrand (220),Dijkzigt (502),580,5876
P220,P503,Charlois Zuidrand (220),Middelland (503),642,6529
P220,P504,Charlois Zuidrand (220),Middelland (504),705,7078
P220,P510,Charlois Zuidrand (220),Tussendijken (510),804,7864
P220,P511,Charlois Zuidrand (220),Tussendijken (511),878,8359
P220,P513,Charlois Zuidrand (220),Tussendijken (513),843,8207
P220,P520,Charlois Zuidrand (220),Onbekend (520),872,8896
P220,P530,Charlois Zuidrand (220),Nieuwe Westen (530),722,6981
P220,P531,Charlois Zuidrand (220),Nieuwe Westen (531),797,7840
P220,P532,Charlois Zuidrand (220),Nieuwe Westen (532),1002,8709
P220,P540,Charlois Zuidrand (220),Delfshaven (540),648,6583
P220,P560,Charlois Zuidrand (220),Schiemond (560),668,6558
P220,P570,Charlois Zuidrand (220),Oud Mathenesse (570),809,15574
P220,P580,Charlois Zuidrand (220),Schiemond (580),748,7126
P220,P581,Charlois Zuidrand (220),Bospolder (581),797,7955
P220,P600,Charlois Zuidrand (220),Struisenburg (600),883,8973
P220,P610,Charlois Zuidrand (220),Rubroek (610),915,9254
P220,P620,Charlois Zuidrand (220),De Esch (620),1013,18343
P220,P630,Charlois Zuidrand (220),Kralingen West (630),908,9304
P220,P633,Charlois Zuidrand (220),Kralingen West (633),941,9627
P220,P634,Charlois Zuidrand (220),Kralingen West (634),1001,9852
P220,P640,Charlois Zuidrand (220),De Esch (640),1010,18426
P220,P650,Charlois Zuidrand (220),Nieuw Crooswijk (650),1002,10354
P220,P651,Charlois Zuidrand (220),Oud Crooswijk (651),956,9617
P220,P660,Charlois Zuidrand (220),Kralingen Oost (660),940,17713
P220,P670,Charlois Zuidrand (220),Nieuw Crooswijk (670),1093,10625
P220,P680,Charlois Zuidrand (220),Nieuw Crooswijk (680),1053,20208
P220,P690,Charlois Zuidrand (220),Kralingen Oost (690),998,18722
P220,P700,Charlois Zuidrand (220),Provenierswijk (700),860,8499
P220,P710,Charlois Zuidrand (220),Agniesebuurt (710),878,8923
P220,P712,Charlois Zuidrand (220),Stadsdriehoek (712),808,8464
P220,P720,Charlois Zuidrand (220),Blijdorp (720),874,8783
P220,P721,Charlois Zuidrand (220),Blijdorp (721),833,8558
P220,P723,Charlois Zuidrand (220),Bergpolder (723),831,8762
P220,P724,Charlois Zuidrand (220),Blijdorp (724),910,17270
P220,P730,Charlois Zuidrand (220),Blijdorp (730),822,8359
P220,P740,Charlois Zuidrand (220),Blijdorp (740),832,8457
P220,P750,Charlois Zuidrand (220),Oude Noorden (750),937,9004
P220,P751,Charlois Zuidrand (220),Oude Noorden (751),894,8935
P220,P753,Charlois Zuidrand (220),Oude Noorden (753),989,9816
P220,P760,Charlois Zuidrand (220),Liskwartier (760),963,9365
P220,P800,Charlois Zuidrand (220),Hillegersberg Noord (800),1077,10702
P220,P801,Charlois Zuidrand (220),Hillegersberg Zuid (801),1013,10309
P220,P811,Charlois Zuidrand (220),Hillegersberg Noord (811),1199,12025
P220,P812,Charlois Zuidrand (220),Hillegersberg Noord (812),1123,11524
P220,P900,Charlois Zuidrand (220),Oud IJsselmonde (900),736,7390
P220,P910,Charlois Zuidrand (220),Groot IJsselmonde (910),777,11032
P220,P912,Charlois Zuidrand (220),Groot IJsselmonde (912),821,11774
P220,P920,Charlois Zuidrand (220),Lombardijen (920),535,8840
P220,P930,Charlois Zuidrand (220),Groot IJsselmonde (930),760,11977
P220,P950,Charlois Zuidrand (220),Groot IJsselmonde (950),837,12101
P220,P960,Charlois Zuidrand (220),Oud IJsselmonde (960),806,8151
P220,P980,Charlois Zuidrand (220),Groot IJsselmonde (980),621,11069
P230,P10,Tarwewijk (230),Stadsdriehoek (10),544,5002
P230,P11,Tarwewijk (230),Stadsdriehoek (11),521,4568
P230,P20,Tarwewijk (230),Stadsdriehoek (20),545,5107
P230,P21,Tarwewijk (230),Stadsdriehoek (21),472,4384
P230,P30,Tarwewijk (230),Cool (30),516,4829
P230,P31,Tarwewijk (230),Cool (31),494,4644
P230,P40,Tarwewijk (230),Cool (40),403,3671
P230,P41,Tarwewijk (230),Stadsdriehoek (41),439,3954
P230,P42,Tarwewijk (230),Dijkzigt (42),437,3948
P230,P50,Tarwewijk (230),Oude Westen (50),452,3886
P230,P51,Tarwewijk (230),Dijkzigt (51),450,4086
P230,P60,Tarwewijk (230),Cool (60),524,4956
P230,P120,Tarwewijk (230),Nieuwe Werk (120),521,4470
P230,P121,Tarwewijk (230),Nieuwe Werk (121),461,4188
P230,P200,Tarwewijk (230),Carnisse (200),233,1340
P230,P201,Tarwewijk (230),Zuidplein (201),256,1557
P230,P202,Tarwewijk (230),Carnisse (202),217,1324
P230,P210,Tarwewijk (230),Onbekend (210),362,3167
P230,P220,Tarwewijk (230),Charlois Zuidrand (220),509,4589
P230,P230,Tarwewijk (230),Tarwewijk (230),58,0
P230,P232,Tarwewijk (230),Bloemhof (232),192,1458
P230,P240,Tarwewijk (230),Tarwewijk (240),279,1752
P230,P250,Tarwewijk (230),Oud Charlois (250),289,1842
P230,P260,Tarwewijk (230),Oud Charlois (260),343,2940
P230,P270,Tarwewijk (230),Wielewaal (270),475,3464
P230,P280,Tarwewijk (230),Pendrecht (280),443,3705
P230,P282,Tarwewijk (230),Zuiderpark (282),363,3255
P230,P290,Tarwewijk (230),Zuidwijk (290),466,3822
P230,P300,Tarwewijk (230),Hillesluis (300),296,2164
P230,P301,Tarwewijk (230),Hillesluis (301),296,2439
P230,P310,Tarwewijk (230),Vreewijk (310),386,3223
P230,P311,Tarwewijk (230),Vreewijk (311),408,3346
P230,P320,Tarwewijk (230),Kop van Zuid - Entrepot (320),339,2577
P230,P322,Tarwewijk (230),Kop van Zuid - Entrepot (322),414,3868
P230,P323,Tarwewijk (230),Kop van Zuid (323),243,2097
P230,P330,Tarwewijk (230),Afrikaanderwijk (330),287,2006
P230,P331,Tarwewijk (230),Afrikaanderwijk (331),220,1692
P230,P340,Tarwewijk (230),Bloemhof (340),260,1800
P230,P341,Tarwewijk (230),Hillesluis (341),330,2461
P230,P350,Tarwewijk (230),Katendrecht (350),356,2613
P230,P370,Tarwewijk (230),Noordereiland (370),431,3753
P230,P380,Tarwewijk (230),Feijenoord (380),405,3574
P230,P400,Tarwewijk (230),Oosterflank (400),1044,13472
P230,P410,Tarwewijk (230),'s-Gravenland (410),995,11418
P230,P500,Tarwewijk (230),Middelland (500),444,4007
P230,P501,Tarwewijk (230),Middelland (501),456,3988
P230,P502,Tarwewijk (230),Dijkzigt (502),386,3336
P230,P503,Tarwewijk (230),Middelland (503),451,4074
P230,P504,Tarwewijk (230),Middelland (504),514,4595
P230,P510,Tarwewijk (230),Tussendijken (510),610,5324
P230,P511,Tarwewijk (230),Tussendijken (511),684,5819
P230,P513,Tarwewijk (230),Tussendijken (513),652,5756
P230,P520,Tarwewijk (230),Onbekend (520),692,6464
P230,P530,Tarwewijk (230),Nieuwe Westen (530),531,4571
P230,P531,Tarwewijk (230),Nieuwe Westen (531),610,5412
P230,P532,Tarwewijk (230),Nieuwe Westen (532),811,6304
P230,P540,Tarwewijk (230),Delfshaven (540),462,4188
P230,P560,Tarwewijk (230),Schiemond (560),496,4124
P230,P570,Tarwewijk (230),Oud Mathenesse (570),772,7268
P230,P580,Tarwewijk (230),Schiemond (580),554,4586
P230,P581,Tarwewijk (230),Bospolder (581),605,5527
P230,P600,Tarwewijk (230),Struisenburg (600),604,5632
P230,P610,Tarwewijk (230),Rubroek (610),657,5804
P230,P620,Tarwewijk (230),De Esch (620),780,7233
P230,P630,Tarwewijk (230),Kralingen West (630),634,5942
P230,P633,Tarwewijk (230),Kralingen West (633),664,6326
P230,P634,Tarwewijk (230),Kralingen West (634),722,6470
P230,P640,Tarwewijk (230),De Esch (640),799,7922
P230,P650,Tarwewijk (230),Nieuw Crooswijk (650),733,6860
P230,P651,Tarwewijk (230),Oud Crooswijk (651),710,6176
P230,P660,Tarwewijk (230),Kralingen Oost (660),759,7465
P230,P670,Tarwewijk (230),Nieuw Crooswijk (670),814,7270
P230,P680,Tarwewijk (230),Nieuw Crooswijk (680),836,7560
P230,P690,Tarwewijk (230),Kralingen Oost (690),818,9828
P230,P700,Tarwewijk (230),Provenierswijk (700),676,6006
P230,P710,Tarwewijk (230),Agniesebuurt (710),624,5390
P230,P712,Tarwewijk (230),Stadsdriehoek (712),559,4888
P230,P720,Tarwewijk (230),Blijdorp (720),682,6369
P230,P721,Tarwewijk (230),Blijdorp (721),642,6044
P230,P723,Tarwewijk (230),Bergpolder (723),637,6222
P230,P724,Tarwewijk (230),Blijdorp (724),734,7085
P230,P730,Tarwewijk (230),Blijdorp (730),632,5948
P230,P740,Tarwewijk (230),Blijdorp (740),641,6063
P230,P750,Tarwewijk (230),Oude Noorden (750),710,6250
P230,P751,Tarwewijk (230),Oude Noorden (751),699,6350
P230,P753,Tarwewijk (230),Oude Noorden (753),757,7048
P230,P760,Tarwewijk (230),Liskwartier (760),771,6770
P230,P800,Tarwewijk (230),Hillegersberg Noord (800),876,8015
P230,P801,Tarwewijk (230),Hillegersberg Zuid (801),817,7638
P230,P811,Tarwewijk (230),Hillegersberg Noord (811),1000,9338
P230,P812,Tarwewijk (230),Hillegersberg Noord (812),925,8844
P230,P900,Tarwewijk (230),Oud IJsselmonde (900),407,3466
P230,P910,Tarwewijk (230),Groot IJsselmonde (910),519,4853
P230,P912,Tarwewijk (230),Groot IJsselmonde (912),536,4792
P230,P920,Tarwewijk (230),Lombardijen (920),476,4077
P230,P930,Tarwewijk (230),Groot IJsselmonde (930),654,6184
P230,P950,Tarwewijk (230),Groot IJsselmonde (950),629,5700
P230,P960,Tarwewijk (230),Oud IJsselmonde (960),507,4713
P230,P980,Tarwewijk (230),Groot IJsselmonde (980),664,6254
P232,P10,Bloemhof (232),Stadsdriehoek (10),446,4419
P232,P11,Bloemhof (232),Stadsdriehoek (11),423,3985
P232,P20,Bloemhof (232),Stadsdriehoek (20),446,4524
P232,P21,Bloemhof (232),Stadsdriehoek (21),369,3758
P232,P30,Bloemhof (232),Cool (30),418,4245
P232,P31,Bloemhof (232),Cool (31),396,4061
P232,P40,Bloemhof (232),Cool (40),298,3088
P232,P41,Bloemhof (232),Stadsdriehoek (41),340,3358
P232,P42,Bloemhof (232),Dijkzigt (42),378,3685
P232,P50,Bloemhof (232),Oude Westen (50),447,4428
P232,P51,Bloemhof (232),Dijkzigt (51),404,4165
P232,P60,Bloemhof (232),Cool (60),568,5856
P232,P120,Bloemhof (232),Nieuwe Werk (120),432,3951
P232,P121,Bloemhof (232),Nieuwe Werk (121),362,3526
P232,P200,Bloemhof (232),Carnisse (200),282,2418
P232,P201,Bloemhof (232),Zuidplein (201),213,1840
P232,P202,Bloemhof (232),Carnisse (202),212,1775
P232,P210,Bloemhof (232),Onbekend (210),366,3925
P232,P220,Bloemhof (232),Charlois Zuidrand (220),518,5334
P232,P230,Bloemhof (232),Tarwewijk (230),181,1281
P232,P232,Bloemhof (232),Bloemhof (232),13,0
P232,P240,Bloemhof (232),Tarwewijk (240),177,1202
P232,P250,Bloemhof (232),Oud Charlois (250),294,2808
P232,P260,Bloemhof (232),Oud Charlois (260),359,3731
P232,P270,Bloemhof (232),Wielewaal (270),492,4320
P232,P280,Bloemhof (232),Pendrecht (280),385,3806
P232,P282,Bloemhof (232),Zuiderpark (282),324,3303
P232,P290,Bloemhof (232),Zuidwijk (290),366,3485
P232,P300,Bloemhof (232),Hillesluis (300),193,1581
P232,P301,Bloemhof (232),Hillesluis (301),191,1843
P232,P310,Bloemhof (232),Vreewijk (310),288,2600
P232,P311,Bloemhof (232),Vreewijk (311),307,2693
P232,P320,Bloemhof (232),Kop van Zuid - Entrepot (320),241,1975
P232,P322,Bloemhof (232),Kop van Zuid - Entrepot (322),315,3285
P232,P323,Bloemhof (232),Kop van Zuid (323),143,1501
P232,P330,Bloemhof (232),Afrikaanderwijk (330),187,1423
P232,P331,Bloemhof (232),Afrikaanderwijk (331),116,1067
P232,P340,Bloemhof (232),Bloemhof (340),145,836
P232,P341,Bloemhof (232),Hillesluis (341),228,1821
P232,P350,Bloemhof (232),Katendrecht (350),257,2020
P232,P370,Bloemhof (232),Noordereiland (370),332,3128
P232,P380,Bloemhof (232),Feijenoord (380),308,2991
P232,P400,Bloemhof (232),Oosterflank (400),944,12888
P232,P410,Bloemhof (232),'s-Gravenland (410),896,10793
P232,P500,Bloemhof (232),Middelland (500),488,4886
P232,P501,Bloemhof (232),Middelland (501),480,4906
P232,P502,Bloemhof (232),Dijkzigt (502),422,4225
P232,P503,Bloemhof (232),Middelland (503),488,4944
P232,P504,Bloemhof (232),Middelland (504),557,5465
P232,P510,Bloemhof (232),Tussendijken (510),646,6213
P232,P511,Bloemhof (232),Tussendijken (511),720,6708
P232,P513,Bloemhof (232),Tussendijken (513),693,6673
P232,P520,Bloemhof (232),Onbekend (520),714,7295
P232,P530,Bloemhof (232),Nieuwe Westen (530),574,5457
P232,P531,Bloemhof (232),Nieuwe Westen (531),646,6285
P232,P532,Bloemhof (232),Nieuwe Westen (532),854,7173
P232,P540,Bloemhof (232),Delfshaven (540),491,4983
P232,P560,Bloemhof (232),Schiemond (560),510,4908
P232,P570,Bloemhof (232),Oud Mathenesse (570),784,8032
P232,P580,Bloemhof (232),Schiemond (580),590,5475
P232,P581,Bloemhof (232),Bospolder (581),640,6335
P232,P600,Bloemhof (232),Struisenburg (600),506,5038
P232,P610,Bloemhof (232),Rubroek (610),552,5208
P232,P620,Bloemhof (232),De Esch (620),680,6636
P232,P630,Bloemhof (232),Kralingen West (630),531,5358
P232,P633,Bloemhof (232),Kralingen West (633),565,5712
P232,P634,Bloemhof (232),Kralingen West (634),624,5887
P232,P640,Bloemhof (232),De Esch (640),701,7325
P232,P650,Bloemhof (232),Nieuw Crooswijk (650),633,6276
P232,P651,Bloemhof (232),Oud Crooswijk (651),605,5592
P232,P660,Bloemhof (232),Kralingen Oost (660),660,6840
P232,P670,Bloemhof (232),Nieuw Crooswijk (670),716,6687
P232,P680,Bloemhof (232),Nieuw Crooswijk (680),738,6977
P232,P690,Bloemhof (232),Kralingen Oost (690),715,9193
P232,P700,Bloemhof (232),Provenierswijk (700),618,5472
P232,P710,Bloemhof (232),Agniesebuurt (710),526,4793
P232,P712,Bloemhof (232),Stadsdriehoek (712),456,4303
P232,P720,Bloemhof (232),Blijdorp (720),657,6057
P232,P721,Bloemhof (232),Blijdorp (721),616,5747
P232,P723,Bloemhof (232),Bergpolder (723),601,5732
P232,P724,Bloemhof (232),Blijdorp (724),750,6904
P232,P730,Bloemhof (232),Blijdorp (730),629,5818
P232,P740,Bloemhof (232),Blijdorp (740),639,6263
P232,P750,Bloemhof (232),Oude Noorden (750),612,5625
P232,P751,Bloemhof (232),Oude Noorden (751),596,5705
P232,P753,Bloemhof (232),Oude Noorden (753),659,6423
P232,P760,Bloemhof (232),Liskwartier (760),666,6145
P232,P800,Bloemhof (232),Hillegersberg Noord (800),778,7432
P232,P801,Bloemhof (232),Hillegersberg Zuid (801),714,7038
P232,P811,Bloemhof (232),Hillegersberg Noord (811),901,8754
P232,P812,Bloemhof (232),Hillegersberg Noord (812),824,8261
P232,P900,Bloemhof (232),Oud IJsselmonde (900),308,2883
P232,P910,Bloemhof (232),Groot IJsselmonde (910),421,4228
P232,P912,Bloemhof (232),Groot IJsselmonde (912),439,4143
P232,P920,Bloemhof (232),Lombardijen (920),375,3470
P232,P930,Bloemhof (232),Groot IJsselmonde (930),557,5600
P232,P950,Bloemhof (232),Groot IJsselmonde (950),528,5057
P232,P960,Bloemhof (232),Oud IJsselmonde (960),409,4099
P232,P980,Bloemhof (232),Groot IJsselmonde (980),564,5688
P240,P10,Tarwewijk (240),Stadsdriehoek (10),543,4714
P240,P11,Tarwewijk (240),Stadsdriehoek (11),502,4251
P240,P20,Tarwewijk (240),Stadsdriehoek (20),545,4818
P240,P21,Tarwewijk (240),Stadsdriehoek (21),456,3977
P240,P30,Tarwewijk (240),Cool (30),512,4540
P240,P31,Tarwewijk (240),Cool (31),488,4356
P240,P40,Tarwewijk (240),Cool (40),398,3383
P240,P41,Tarwewijk (240),Stadsdriehoek (41),440,3690
P240,P42,Tarwewijk (240),Dijkzigt (42),421,3705
P240,P50,Tarwewijk (240),Oude Westen (50),443,3885
P240,P51,Tarwewijk (240),Dijkzigt (51),440,4010
P240,P60,Tarwewijk (240),Cool (60),507,4757
P240,P120,Tarwewijk (240),Nieuwe Werk (120),512,4061
P240,P121,Tarwewijk (240),Nieuwe Werk (121),458,3821
P240,P200,Tarwewijk (240),Carnisse (200),238,1764
P240,P201,Tarwewijk (240),Zuidplein (201),326,2302
P240,P202,Tarwewijk (240),Carnisse (202),286,1893
P240,P210,Tarwewijk (240),Onbekend (210),312,2887
P240,P220,Tarwewijk (240),Charlois Zuidrand (220),475,4361
P240,P230,Tarwewijk (240),Tarwewijk (230),234,1393
P240,P232,Tarwewijk (240),Bloemhof (232),204,1191
P240,P240,Tarwewijk (240),Tarwewijk (240),25,0
P240,P250,Tarwewijk (240),Oud Charlois (250),240,1760
P240,P260,Tarwewijk (240),Oud Charlois (260),305,2661
P240,P270,Tarwewijk (240),Wielewaal (270),440,3293
P240,P280,Tarwewijk (240),Pendrecht (280),409,3598
P240,P282,Tarwewijk (240),Zuiderpark (282),350,3011
P240,P290,Tarwewijk (240),Zuidwijk (290),486,4095
P240,P300,Tarwewijk (240),Hillesluis (300),258,1875
P240,P301,Tarwewijk (240),Hillesluis (301),286,2175
P240,P310,Tarwewijk (240),Vreewijk (310),405,3200
P240,P311,Tarwewijk (240),Vreewijk (311),430,3235
P240,P320,Tarwewijk (240),Kop van Zuid - Entrepot (320),339,2241
P240,P322,Tarwewijk (240),Kop van Zuid - Entrepot (322),414,3580
P240,P323,Tarwewijk (240),Kop van Zuid (323),237,1833
P240,P330,Tarwewijk (240),Afrikaanderwijk (330),235,1718
P240,P331,Tarwewijk (240),Afrikaanderwijk (331),187,1285
P240,P340,Tarwewijk (240),Bloemhof (340),260,1544
P240,P341,Tarwewijk (240),Hillesluis (341),331,2218
P240,P350,Tarwewijk (240),Katendrecht (350),354,2315
P240,P370,Tarwewijk (240),Noordereiland (370),430,3422
P240,P380,Tarwewijk (240),Feijenoord (380),385,3286
P240,P400,Tarwewijk (240),Oosterflank (400),1051,13217
P240,P410,Tarwewijk (240),'s-Gravenland (410),1000,11197
P240,P500,Tarwewijk (240),Middelland (500),422,3787
P240,P501,Tarwewijk (240),Middelland (501),428,3988
P240,P502,Tarwewijk (240),Dijkzigt (502),377,3335
P240,P503,Tarwewijk (240),Middelland (503),437,3989
P240,P504,Tarwewijk (240),Middelland (504),502,4546
P240,P510,Tarwewijk (240),Tussendijken (510),591,5245
P240,P511,Tarwewijk (240),Tussendijken (511),675,5818
P240,P513,Tarwewijk (240),Tussendijken (513),642,5583
P240,P520,Tarwewijk (240),Onbekend (520),669,6293
P240,P530,Tarwewijk (240),Nieuwe Westen (530),496,4358
P240,P531,Tarwewijk (240),Nieuwe Westen (531),594,5275
P240,P532,Tarwewijk (240),Nieuwe Westen (532),776,6188
P240,P540,Tarwewijk (240),Delfshaven (540),453,4053
P240,P560,Tarwewijk (240),Schiemond (560),467,3987
P240,P570,Tarwewijk (240),Oud Mathenesse (570),742,7119
P240,P580,Tarwewijk (240),Schiemond (580),545,4585
P240,P581,Tarwewijk (240),Bospolder (581),595,5435
P240,P600,Tarwewijk (240),Struisenburg (600),603,5344
P240,P610,Tarwewijk (240),Rubroek (610),651,5540
P240,P620,Tarwewijk (240),De Esch (620),780,6968
P240,P630,Tarwewijk (240),Kralingen West (630),630,5606
P240,P633,Tarwewijk (240),Kralingen West (633),664,5930
P240,P634,Tarwewijk (240),Kralingen West (634),699,6181
P240,P640,Tarwewijk (240),De Esch (640),797,7657
P240,P650,Tarwewijk (240),Nieuw Crooswijk (650),727,6571
P240,P651,Tarwewijk (240),Oud Crooswijk (651),670,5887
P240,P660,Tarwewijk (240),Kralingen Oost (660),761,7091
P240,P670,Tarwewijk (240),Nieuw Crooswijk (670),804,6981
P240,P680,Tarwewijk (240),Nieuw Crooswijk (680),810,7271
P240,P690,Tarwewijk (240),Kralingen Oost (690),822,9590
P240,P700,Tarwewijk (240),Provenierswijk (700),657,5929
P240,P710,Tarwewijk (240),Agniesebuurt (710),606,5079
P240,P712,Tarwewijk (240),Stadsdriehoek (712),556,4598
P240,P720,Tarwewijk (240),Blijdorp (720),671,6231
P240,P721,Tarwewijk (240),Blijdorp (721),618,5981
P240,P723,Tarwewijk (240),Bergpolder (723),628,6034
P240,P724,Tarwewijk (240),Blijdorp (724),725,7038
P240,P730,Tarwewijk (240),Blijdorp (730),612,5735
P240,P740,Tarwewijk (240),Blijdorp (740),606,5834
P240,P750,Tarwewijk (240),Oude Noorden (750),698,5843
P240,P751,Tarwewijk (240),Oude Noorden (751),676,6025
P240,P753,Tarwewijk (240),Oude Noorden (753),743,6672
P240,P760,Tarwewijk (240),Liskwartier (760),732,6491
P240,P800,Tarwewijk (240),Hillegersberg Noord (800),874,7726
P240,P801,Tarwewijk (240),Hillegersberg Zuid (801),810,7333
P240,P811,Tarwewijk (240),Hillegersberg Noord (811),995,9049
P240,P812,Tarwewijk (240),Hillegersberg Noord (812),920,8556
P240,P900,Tarwewijk (240),Oud IJsselmonde (900),406,3200
P240,P910,Tarwewijk (240),Groot IJsselmonde (910),489,4466
P240,P912,Tarwewijk (240),Groot IJsselmonde (912),540,4517
P240,P920,Tarwewijk (240),Lombardijen (920),486,4034
P240,P930,Tarwewijk (240),Groot IJsselmonde (930),628,5895
P240,P950,Tarwewijk (240),Groot IJsselmonde (950),605,5350
P240,P960,Tarwewijk (240),Oud IJsselmonde (960),512,4492
P240,P980,Tarwewijk (240),Groot IJsselmonde (980),671,6263
P250,P10,Oud Charlois (250),Stadsdriehoek (10),662,6066
P250,P11,Oud Charlois (250),Stadsdriehoek (11),640,5797
P250,P20,Oud Charlois (250),Stadsdriehoek (20),660,6124
P250,P21,Oud Charlois (250),Stadsdriehoek (21),587,5472
P250,P30,Oud Charlois (250),Cool (30),596,5471
P250,P31,Oud Charlois (250),Cool (31),573,5351
P250,P40,Oud Charlois (250),Cool (40),521,4689
P250,P41,Oud Charlois (250),Stadsdriehoek (41),564,4980
P250,P42,Oud Charlois (250),Dijkzigt (42),468,4123
P250,P50,Oud Charlois (250),Oude Westen (50),483,4060
P250,P51,Oud Charlois (250),Dijkzigt (51),477,4234
P250,P60,Oud Charlois (250),Cool (60),558,5131
P250,P120,Oud Charlois (250),Nieuwe Werk (120),554,4659
P250,P121,Oud Charlois (250),Nieuwe Werk (121),498,4377
P250,P200,Oud Charlois (250),Carnisse (200),200,1174
P250,P201,Oud Charlois (250),Zuidplein (201),338,2344
P250,P202,Oud Charlois (250),Carnisse (202),274,1700
P250,P210,Oud Charlois (250),Onbekend (210),209,1752
P250,P220,Oud Charlois (250),Charlois Zuidrand (220),386,3552
P250,P230,Oud Charlois (250),Tarwewijk (230),277,1658
P250,P232,Oud Charlois (250),Bloemhof (232),335,2723
P250,P240,Oud Charlois (250),Tarwewijk (240),313,2097
P250,P250,Oud Charlois (250),Oud Charlois (250),77,0
P250,P260,Oud Charlois (250),Oud Charlois (260),134,1044
P250,P270,Oud Charlois (250),Wielewaal (270),315,1963
P250,P280,Oud Charlois (250),Pendrecht (280),320,2752
P250,P282,Oud Charlois (250),Zuiderpark (282),277,2415
P250,P290,Oud Charlois (250),Zuidwijk (290),491,4443
P250,P300,Oud Charlois (250),Hillesluis (300),463,3930
P250,P301,Oud Charlois (250),Hillesluis (301),475,4087
P250,P310,Oud Charlois (250),Vreewijk (310),506,4154
P250,P311,Oud Charlois (250),Vreewijk (311),488,4180
P250,P320,Oud Charlois (250),Kop van Zuid - Entrepot (320),516,4229
P250,P322,Oud Charlois (250),Kop van Zuid - Entrepot (322),590,5483
P250,P323,Oud Charlois (250),Kop van Zuid (323),435,3967
P250,P330,Oud Charlois (250),Afrikaanderwijk (330),457,3655
P250,P331,Oud Charlois (250),Afrikaanderwijk (331),387,3335
P250,P340,Oud Charlois (250),Bloemhof (340),430,3334
P250,P341,Oud Charlois (250),Hillesluis (341),475,3967
P250,P350,Oud Charlois (250),Katendrecht (350),535,4243
P250,P370,Oud Charlois (250),Noordereiland (370),614,5383
P250,P380,Oud Charlois (250),Feijenoord (380),582,5240
P250,P400,Oud Charlois (250),Oosterflank (400),1178,14987
P250,P410,Oud Charlois (250),'s-Gravenland (410),1133,12467
P250,P500,Oud Charlois (250),Middelland (500),470,4182
P250,P501,Oud Charlois (250),Middelland (501),474,4249
P250,P502,Oud Charlois (250),Dijkzigt (502),417,3511
P250,P503,Oud Charlois (250),Middelland (503),478,4222
P250,P504,Oud Charlois (250),Middelland (504),540,4742
P250,P510,Oud Charlois (250),Tussendijken (510),641,5621
P250,P511,Oud Charlois (250),Tussendijken (511),715,5994
P250,P513,Oud Charlois (250),Tussendijken (513),682,5960
P250,P520,Oud Charlois (250),Onbekend (520),711,6648
P250,P530,Oud Charlois (250),Nieuwe Westen (530),557,4745
P250,P531,Oud Charlois (250),Nieuwe Westen (531),637,5593
P250,P532,Oud Charlois (250),Nieuwe Westen (532),837,6478
P250,P540,Oud Charlois (250),Delfshaven (540),493,4349
P250,P560,Oud Charlois (250),Schiemond (560),514,4351
P250,P570,Oud Charlois (250),Oud Mathenesse (570),791,7416
P250,P580,Oud Charlois (250),Schiemond (580),585,4760
P250,P581,Oud Charlois (250),Bospolder (581),635,5674
P250,P600,Oud Charlois (250),Struisenburg (600),724,6670
P250,P610,Oud Charlois (250),Rubroek (610),752,7028
P250,P620,Oud Charlois (250),De Esch (620),896,8554
P250,P630,Oud Charlois (250),Kralingen West (630),750,7056
P250,P633,Oud Charlois (250),Kralingen West (633),780,7380
P250,P634,Oud Charlois (250),Kralingen West (634),838,7767
P250,P640,Oud Charlois (250),De Esch (640),928,9243
P250,P650,Oud Charlois (250),Nieuw Crooswijk (650),841,8107
P250,P651,Oud Charlois (250),Oud Crooswijk (651),791,7335
P250,P660,Oud Charlois (250),Kralingen Oost (660),876,8508
P250,P670,Oud Charlois (250),Nieuw Crooswijk (670),936,8378
P250,P680,Oud Charlois (250),Nieuw Crooswijk (680),909,9367
P250,P690,Oud Charlois (250),Kralingen Oost (690),949,9628
P250,P700,Oud Charlois (250),Provenierswijk (700),697,6306
P250,P710,Oud Charlois (250),Agniesebuurt (710),716,6656
P250,P712,Oud Charlois (250),Stadsdriehoek (712),645,6126
P250,P720,Oud Charlois (250),Blijdorp (720),711,6536
P250,P721,Oud Charlois (250),Blijdorp (721),668,6358
P250,P723,Oud Charlois (250),Bergpolder (723),668,6411
P250,P724,Oud Charlois (250),Blijdorp (724),765,7232
P250,P730,Oud Charlois (250),Blijdorp (730),657,6112
P250,P740,Oud Charlois (250),Blijdorp (740),668,6210
P250,P750,Oud Charlois (250),Oude Noorden (750),774,6923
P250,P751,Oud Charlois (250),Oude Noorden (751),739,6732
P250,P753,Oud Charlois (250),Oude Noorden (753),831,7666
P250,P760,Oud Charlois (250),Liskwartier (760),798,7139
P250,P800,Oud Charlois (250),Hillegersberg Noord (800),914,8482
P250,P801,Oud Charlois (250),Hillegersberg Zuid (801),850,7986
P250,P811,Oud Charlois (250),Hillegersberg Noord (811),1038,9679
P250,P812,Oud Charlois (250),Hillegersberg Noord (812),960,9189
P250,P900,Oud Charlois (250),Oud IJsselmonde (900),576,5100
P250,P910,Oud Charlois (250),Groot IJsselmonde (910),692,5921
P250,P912,Oud Charlois (250),Groot IJsselmonde (912),681,5884
P250,P920,Oud Charlois (250),Lombardijen (920),584,5168
P250,P930,Oud Charlois (250),Groot IJsselmonde (930),820,7752
P250,P950,Oud Charlois (250),Groot IJsselmonde (950),767,6797
P250,P960,Oud Charlois (250),Oud IJsselmonde (960),645,5840
P250,P980,Oud Charlois (250),Groot IJsselmonde (980),750,7006
P260,P10,Oud Charlois (260),Stadsdriehoek (10),678,6782
P260,P11,Oud Charlois (260),Stadsdriehoek (11),653,6424
P260,P20,Oud Charlois (260),Stadsdriehoek (20),673,6842
P260,P21,Oud Charlois (260),Stadsdriehoek (21),600,6117
P260,P30,Oud Charlois (260),Cool (30),598,6056
P260,P31,Oud Charlois (260),Cool (31),576,5864
P260,P40,Oud Charlois (260),Cool (40),536,5406
P260,P41,Oud Charlois (260),Stadsdriehoek (41),565,5628
P260,P42,Oud Charlois (260),Dijkzigt (42),481,4840
P260,P50,Oud Charlois (260),Oude Westen (50),496,4778
P260,P51,Oud Charlois (260),Dijkzigt (51),492,4940
P260,P60,Oud Charlois (260),Cool (60),569,5778
P260,P120,Oud Charlois (260),Nieuwe Werk (120),565,5377
P260,P121,Oud Charlois (260),Nieuwe Werk (121),512,5094
P260,P200,Oud Charlois (260),Carnisse (200),235,1560
P260,P201,Oud Charlois (260),Zuidplein (201),379,3283
P260,P202,Oud Charlois (260),Carnisse (202),294,1986
P260,P210,Oud Charlois (260),Onbekend (210),164,1655
P260,P220,Oud Charlois (260),Charlois Zuidrand (220),390,3606
P260,P230,Oud Charlois (260),Tarwewijk (230),294,2508
P260,P232,Oud Charlois (260),Bloemhof (232),368,3576
P260,P240,Oud Charlois (260),Tarwewijk (240),309,2626
P260,P250,Oud Charlois (260),Oud Charlois (250),140,890
P260,P260,Oud Charlois (260),Oud Charlois (260),20,0
P260,P270,Oud Charlois (260),Wielewaal (270),188,1418
P260,P280,Oud Charlois (260),Pendrecht (280),327,2743
P260,P282,Oud Charlois (260),Zuiderpark (282),266,2287
P260,P290,Oud Charlois (260),Zuidwijk (290),483,4409
P260,P300,Oud Charlois (260),Hillesluis (300),465,4370
P260,P301,Oud Charlois (260),Hillesluis (301),463,4658
P260,P310,Oud Charlois (260),Vreewijk (310),524,5005
P260,P311,Oud Charlois (260),Vreewijk (311),531,5137
P260,P320,Oud Charlois (260),Kop van Zuid - Entrepot (320),515,4758
P260,P322,Oud Charlois (260),Kop van Zuid - Entrepot (322),586,6074
P260,P323,Oud Charlois (260),Kop van Zuid (323),418,4316
P260,P330,Oud Charlois (260),Afrikaanderwijk (330),459,4212
P260,P331,Oud Charlois (260),Afrikaanderwijk (331),388,3850
P260,P340,Oud Charlois (260),Bloemhof (340),436,3936
P260,P341,Oud Charlois (260),Hillesluis (341),497,4552
P260,P350,Oud Charlois (260),Katendrecht (350),532,4809
P260,P370,Oud Charlois (260),Noordereiland (370),607,5916
P260,P380,Oud Charlois (260),Feijenoord (380),578,5780
P260,P400,Oud Charlois (260),Oosterflank (400),1209,15779
P260,P410,Oud Charlois (260),'s-Gravenland (410),1165,11286
P260,P500,Oud Charlois (260),Middelland (500),489,4808
P260,P501,Oud Charlois (260),Middelland (501),482,4880
P260,P502,Oud Charlois (260),Dijkzigt (502),430,4228
P260,P503,Oud Charlois (260),Middelland (503),497,4882
P260,P504,Oud Charlois (260),Middelland (504),558,5439
P260,P510,Oud Charlois (260),Tussendijken (510),654,6216
P260,P511,Oud Charlois (260),Tussendijken (511),728,6711
P260,P513,Oud Charlois (260),Tussendijken (513),696,6604
P260,P520,Oud Charlois (260),Onbekend (520),722,7293
P260,P530,Oud Charlois (260),Nieuwe Westen (530),576,5379
P260,P531,Oud Charlois (260),Nieuwe Westen (531),652,6237
P260,P532,Oud Charlois (260),Nieuwe Westen (532),856,7118
P260,P540,Oud Charlois (260),Delfshaven (540),504,4983
P260,P560,Oud Charlois (260),Schiemond (560),518,4916
P260,P570,Oud Charlois (260),Oud Mathenesse (570),793,8060
P260,P580,Oud Charlois (260),Schiemond (580),598,5478
P260,P581,Oud Charlois (260),Bospolder (581),648,6360
P260,P600,Oud Charlois (260),Struisenburg (600),736,7367
P260,P610,Oud Charlois (260),Rubroek (610),767,7651
P260,P620,Oud Charlois (260),De Esch (620),909,8981
P260,P630,Oud Charlois (260),Kralingen West (630),763,7676
P260,P633,Oud Charlois (260),Kralingen West (633),793,8024
P260,P634,Oud Charlois (260),Kralingen West (634),851,8205
P260,P640,Oud Charlois (260),De Esch (640),929,9670
P260,P650,Oud Charlois (260),Nieuw Crooswijk (650),852,8751
P260,P651,Oud Charlois (260),Oud Crooswijk (651),810,8026
P260,P660,Oud Charlois (260),Kralingen Oost (660),889,9152
P260,P670,Oud Charlois (260),Nieuw Crooswijk (670),943,9005
P260,P680,Oud Charlois (260),Nieuw Crooswijk (680),910,9996
P260,P690,Oud Charlois (260),Kralingen Oost (690),965,9898
P260,P700,Oud Charlois (260),Provenierswijk (700),710,6851
P260,P710,Oud Charlois (260),Agniesebuurt (710),729,7300
P260,P712,Oud Charlois (260),Stadsdriehoek (712),659,6816
P260,P720,Oud Charlois (260),Blijdorp (720),724,7180
P260,P721,Oud Charlois (260),Blijdorp (721),686,6910
P260,P723,Oud Charlois (260),Bergpolder (723),681,7114
P260,P724,Oud Charlois (260),Blijdorp (724),778,7930
P260,P730,Oud Charlois (260),Blijdorp (730),676,6756
P260,P740,Oud Charlois (260),Blijdorp (740),687,6855
P260,P750,Oud Charlois (260),Oude Noorden (750),787,7408
P260,P751,Oud Charlois (260),Oude Noorden (751),749,7338
P260,P753,Oud Charlois (260),Oude Noorden (753),840,8168
P260,P760,Oud Charlois (260),Liskwartier (760),817,7762
P260,P800,Oud Charlois (260),Hillegersberg Noord (800),927,9055
P260,P801,Oud Charlois (260),Hillegersberg Zuid (801),863,8661
P260,P811,Oud Charlois (260),Hillegersberg Noord (811),1054,10377
P260,P812,Oud Charlois (260),Hillegersberg Noord (812),973,9884
P260,P900,Oud Charlois (260),Oud IJsselmonde (900),582,5684
P260,P910,Oud Charlois (260),Groot IJsselmonde (910),691,7032
P260,P912,Oud Charlois (260),Groot IJsselmonde (912),716,7011
P260,P920,Oud Charlois (260),Lombardijen (920),599,5830
P260,P930,Oud Charlois (260),Groot IJsselmonde (930),827,8389
P260,P950,Oud Charlois (260),Groot IJsselmonde (950),803,7907
P260,P960,Oud Charlois (260),Oud IJsselmonde (960),683,6986
P260,P980,Oud Charlois (260),Groot IJsselmonde (980),791,7989
P270,P10,Wielewaal (270),Stadsdriehoek (10),802,7850
P270,P11,Wielewaal (270),Stadsdriehoek (11),780,7342
P270,P20,Wielewaal (270),Stadsdriehoek (20),800,7916
P270,P21,Wielewaal (270),Stadsdriehoek (21),730,6862
P270,P30,Wielewaal (270),Cool (30),725,7086
P270,P31,Wielewaal (270),Cool (31),703,6865
P270,P40,Wielewaal (270),Cool (40),662,6464
P270,P41,Wielewaal (270),Stadsdriehoek (41),690,6728
P270,P42,Wielewaal (270),Dijkzigt (42),608,5498
P270,P50,Wielewaal (270),Oude Westen (50),625,5878
P270,P51,Wielewaal (270),Dijkzigt (51),621,5970
P270,P60,Wielewaal (270),Cool (60),698,6566
P270,P120,Wielewaal (270),Nieuwe Werk (120),692,5909
P270,P121,Wielewaal (270),Nieuwe Werk (121),640,6195
P270,P200,Wielewaal (270),Carnisse (200),341,2769
P270,P201,Wielewaal (270),Zuidplein (201),426,3732
P270,P202,Wielewaal (270),Carnisse (202),401,3243
P270,P210,Wielewaal (270),Onbekend (210),312,3076
P270,P220,Wielewaal (270),Charlois Zuidrand (220),223,1940
P270,P230,Wielewaal (270),Tarwewijk (230),417,3601
P270,P232,Wielewaal (270),Bloemhof (232),480,4460
P270,P240,Wielewaal (270),Tarwewijk (240),453,3681
P270,P250,Wielewaal (270),Oud Charlois (250),270,1668
P270,P260,Wielewaal (270),Oud Charlois (260),210,1504
P270,P270,Wielewaal (270),Wielewaal (270),66,0
P270,P280,Wielewaal (270),Pendrecht (280),226,1747
P270,P282,Wielewaal (270),Zuiderpark (282),225,1836
P270,P290,Wielewaal (270),Zuidwijk (290),387,3385
P270,P300,Wielewaal (270),Hillesluis (300),612,5387
P270,P301,Wielewaal (270),Hillesluis (301),614,5804
P270,P310,Wielewaal (270),Vreewijk (310),508,4789
P270,P311,Wielewaal (270),Vreewijk (311),497,4865
P270,P320,Wielewaal (270),Kop van Zuid - Entrepot (320),656,5942
P270,P322,Wielewaal (270),Kop van Zuid - Entrepot (322),730,7271
P270,P323,Wielewaal (270),Kop van Zuid (323),554,5446
P270,P330,Wielewaal (270),Afrikaanderwijk (330),604,5112
P270,P331,Wielewaal (270),Afrikaanderwijk (331),537,4792
P270,P340,Wielewaal (270),Bloemhof (340),570,4802
P270,P341,Wielewaal (270),Hillesluis (341),611,5324
P270,P350,Wielewaal (270),Katendrecht (350),669,6010
P270,P370,Wielewaal (270),Noordereiland (370),745,7128
P270,P380,Wielewaal (270),Feijenoord (380),722,6697
P270,P400,Wielewaal (270),Oosterflank (400),1315,22902
P270,P410,Wielewaal (270),'s-Gravenland (410),1278,14356
P270,P500,Wielewaal (270),Middelland (500),623,5704
P270,P501,Wielewaal (270),Middelland (501),608,5706
P270,P502,Wielewaal (270),Dijkzigt (502),558,5328
P270,P503,Wielewaal (270),Middelland (503),617,5982
P270,P504,Wielewaal (270),Middelland (504),685,6518
P270,P510,Wielewaal (270),Tussendijken (510),781,7131
P270,P511,Wielewaal (270),Tussendijken (511),855,7811
P270,P513,Wielewaal (270),Tussendijken (513),822,7527
P270,P520,Wielewaal (270),Onbekend (520),849,8253
P270,P530,Wielewaal (270),Nieuwe Westen (530),707,6202
P270,P531,Wielewaal (270),Nieuwe Westen (531),774,7235
P270,P532,Wielewaal (270),Nieuwe Westen (532),988,8148
P270,P540,Wielewaal (270),Delfshaven (540),632,6013
P270,P560,Wielewaal (270),Schiemond (560),645,5947
P270,P570,Wielewaal (270),Oud Mathenesse (570),920,9092
P270,P580,Wielewaal (270),Schiemond (580),725,6578
P270,P581,Wielewaal (270),Bospolder (581),775,7395
P270,P600,Wielewaal (270),Struisenburg (600),860,8413
P270,P610,Wielewaal (270),Rubroek (610),893,8629
P270,P620,Wielewaal (270),De Esch (620),1036,9999
P270,P630,Wielewaal (270),Kralingen West (630),890,8537
P270,P633,Wielewaal (270),Kralingen West (633),920,8880
P270,P634,Wielewaal (270),Kralingen West (634),978,9303
P270,P640,Wielewaal (270),De Esch (640),1056,10700
P270,P650,Wielewaal (270),Nieuw Crooswijk (650),979,9694
P270,P651,Wielewaal (270),Oud Crooswijk (651),942,9056
P270,P660,Wielewaal (270),Kralingen Oost (660),1018,10214
P270,P670,Wielewaal (270),Nieuw Crooswijk (670),1070,10028
P270,P680,Wielewaal (270),Nieuw Crooswijk (680),1030,11026
P270,P690,Wielewaal (270),Kralingen Oost (690),1092,10928
P270,P700,Wielewaal (270),Provenierswijk (700),837,7828
P270,P710,Wielewaal (270),Agniesebuurt (710),856,8363
P270,P712,Wielewaal (270),Stadsdriehoek (712),786,7916
P270,P720,Wielewaal (270),Blijdorp (720),851,8191
P270,P721,Wielewaal (270),Blijdorp (721),814,7867
P270,P723,Wielewaal (270),Bergpolder (723),808,8214
P270,P724,Wielewaal (270),Blijdorp (724),905,9012
P270,P730,Wielewaal (270),Blijdorp (730),807,7530
P270,P740,Wielewaal (270),Blijdorp (740),820,7435
P270,P750,Wielewaal (270),Oude Noorden (750),914,8438
P270,P751,Wielewaal (270),Oude Noorden (751),875,8340
P270,P753,Wielewaal (270),Oude Noorden (753),966,9137
P270,P760,Wielewaal (270),Liskwartier (760),949,8748
P270,P800,Wielewaal (270),Hillegersberg Noord (800),1054,10120
P270,P801,Wielewaal (270),Hillegersberg Zuid (801),990,9761
P270,P811,Wielewaal (270),Hillegersberg Noord (811),1175,11470
P270,P812,Wielewaal (270),Hillegersberg Noord (812),1100,10963
P270,P900,Wielewaal (270),Oud IJsselmonde (900),718,6829
P270,P910,Wielewaal (270),Groot IJsselmonde (910),779,7450
P270,P912,Wielewaal (270),Groot IJsselmonde (912),826,7676
P270,P920,Wielewaal (270),Lombardijen (920),565,5446
P270,P930,Wielewaal (270),Groot IJsselmonde (930),808,7788
P270,P950,Wielewaal (270),Groot IJsselmonde (950),872,8678
P270,P960,Wielewaal (270),Oud IJsselmonde (960),790,7590
P270,P980,Wielewaal (270),Groot IJsselmonde (980),736,7455
P280,P10,Pendrecht (280),Stadsdriehoek (10),757,7551
P280,P11,Pendrecht (280),Stadsdriehoek (11),735,7192
P280,P20,Pendrecht (280),Stadsdriehoek (20),755,7610
P280,P21,Pendrecht (280),Stadsdriehoek (21),685,6845
P280,P30,Pendrecht (280),Cool (30),680,6816
P280,P31,Pendrecht (280),Cool (31),658,6632
P280,P40,Pendrecht (280),Cool (40),616,6174
P280,P41,Pendrecht (280),Stadsdriehoek (41),692,6396
P280,P42,Pendrecht (280),Dijkzigt (42),564,5565
P280,P50,Pendrecht (280),Oude Westen (50),578,5546
P280,P51,Pendrecht (280),Dijkzigt (51),576,5716
P280,P60,Pendrecht (280),Cool (60),653,6548
P280,P120,Pendrecht (280),Nieuwe Werk (120),647,5977
P280,P121,Pendrecht (280),Nieuwe Werk (121),594,5863
P280,P200,Pendrecht (280),Carnisse (200),300,2612
P280,P201,Pendrecht (280),Zuidplein (201),304,2632
P280,P202,Pendrecht (280),Carnisse (202),356,2950
P280,P210,Pendrecht (280),Onbekend (210),357,3789
P280,P220,Pendrecht (280),Charlois Zuidrand (220),219,2074
P280,P230,Pendrecht (280),Tarwewijk (230),372,3339
P280,P232,Pendrecht (280),Bloemhof (232),376,3569
P280,P240,Pendrecht (280),Tarwewijk (240),408,3571
P280,P250,Pendrecht (280),Oud Charlois (250),305,2557
P280,P260,Pendrecht (280),Oud Charlois (260),323,2740
P280,P270,Pendrecht (280),Wielewaal (270),365,2763
P280,P280,Pendrecht (280),Pendrecht (280),106,0
P280,P282,Pendrecht (280),Zuiderpark (282),118,1003
P280,P290,Pendrecht (280),Zuidwijk (290),244,2142
P280,P300,Pendrecht (280),Hillesluis (300),535,4930
P280,P301,Pendrecht (280),Hillesluis (301),564,5450
P280,P310,Pendrecht (280),Vreewijk (310),377,3715
P280,P311,Pendrecht (280),Vreewijk (311),403,3873
P280,P320,Pendrecht (280),Kop van Zuid - Entrepot (320),611,5515
P280,P322,Pendrecht (280),Kop van Zuid - Entrepot (322),685,6854
P280,P323,Pendrecht (280),Kop van Zuid (323),516,5108
P280,P330,Pendrecht (280),Afrikaanderwijk (330),524,4992
P280,P331,Pendrecht (280),Afrikaanderwijk (331),464,4495
P280,P340,Pendrecht (280),Bloemhof (340),455,4006
P280,P341,Pendrecht (280),Hillesluis (341),506,4549
P280,P350,Pendrecht (280),Katendrecht (350),624,5589
P280,P370,Pendrecht (280),Noordereiland (370),700,6696
P280,P380,Pendrecht (280),Feijenoord (380),677,6560
P280,P400,Pendrecht (280),Oosterflank (400),1229,15442
P280,P410,Pendrecht (280),'s-Gravenland (410),1178,13422
P280,P500,Pendrecht (280),Middelland (500),579,5668
P280,P501,Pendrecht (280),Middelland (501),564,5688
P280,P502,Pendrecht (280),Dijkzigt (502),513,4996
P280,P503,Pendrecht (280),Middelland (503),572,5650
P280,P504,Pendrecht (280),Middelland (504),641,6207
P280,P510,Pendrecht (280),Tussendijken (510),736,6984
P280,P511,Pendrecht (280),Tussendijken (511),810,7479
P280,P513,Pendrecht (280),Tussendijken (513),777,7416
P280,P520,Pendrecht (280),Onbekend (520),804,8125
P280,P530,Pendrecht (280),Nieuwe Westen (530),644,6185
P280,P531,Pendrecht (280),Nieuwe Westen (531),730,7028
P280,P532,Pendrecht (280),Nieuwe Westen (532),905,7964
P280,P540,Pendrecht (280),Delfshaven (540),589,5835
P280,P560,Pendrecht (280),Schiemond (560),600,5679
P280,P570,Pendrecht (280),Oud Mathenesse (570),875,8780
P280,P580,Pendrecht (280),Schiemond (580),680,6246
P280,P581,Pendrecht (280),Bospolder (581),730,7128
P280,P600,Pendrecht (280),Struisenburg (600),815,8135
P280,P610,Pendrecht (280),Rubroek (610),847,8513
P280,P620,Pendrecht (280),De Esch (620),991,10003
P280,P630,Pendrecht (280),Kralingen West (630),846,8445
P280,P633,Pendrecht (280),Kralingen West (633),876,8829
P280,P634,Pendrecht (280),Kralingen West (634),933,9206
P280,P640,Pendrecht (280),De Esch (640),1008,11417
P280,P650,Pendrecht (280),Nieuw Crooswijk (650),934,9539
P280,P651,Pendrecht (280),Oud Crooswijk (651),897,8821
P280,P660,Pendrecht (280),Kralingen Oost (660),942,10739
P280,P670,Pendrecht (280),Nieuw Crooswijk (670),1026,9773
P280,P680,Pendrecht (280),Nieuw Crooswijk (680),985,10697
P280,P690,Pendrecht (280),Kralingen Oost (690),1000,11870
P280,P700,Pendrecht (280),Provenierswijk (700),792,7620
P280,P710,Pendrecht (280),Agniesebuurt (710),811,8065
P280,P712,Pendrecht (280),Stadsdriehoek (712),741,7584
P280,P720,Pendrecht (280),Blijdorp (720),806,7949
P280,P721,Pendrecht (280),Blijdorp (721),769,7679
P280,P723,Pendrecht (280),Bergpolder (723),763,7883
P280,P724,Pendrecht (280),Blijdorp (724),860,8699
P280,P730,Pendrecht (280),Blijdorp (730),762,7513
P280,P740,Pendrecht (280),Blijdorp (740),756,7426
P280,P750,Pendrecht (280),Oude Noorden (750),871,8138
P280,P751,Pendrecht (280),Oude Noorden (751),830,8118
P280,P753,Pendrecht (280),Oude Noorden (753),922,8936
P280,P760,Pendrecht (280),Liskwartier (760),904,8625
P280,P800,Pendrecht (280),Hillegersberg Noord (800),1027,9921
P280,P801,Pendrecht (280),Hillegersberg Zuid (801),945,9430
P280,P811,Pendrecht (280),Hillegersberg Noord (811),1130,11145
P280,P812,Pendrecht (280),Hillegersberg Noord (812),1056,10652
P280,P900,Pendrecht (280),Oud IJsselmonde (900),620,6097
P280,P910,Pendrecht (280),Groot IJsselmonde (910),660,6342
P280,P912,Pendrecht (280),Groot IJsselmonde (912),702,6950
P280,P920,Pendrecht (280),Lombardijen (920),416,4085
P280,P930,Pendrecht (280),Groot IJsselmonde (930),671,6546
P280,P950,Pendrecht (280),Groot IJsselmonde (950),717,7312
P280,P960,Pendrecht (280),Oud IJsselmonde (960),690,6716
P280,P980,Pendrecht (280),Groot IJsselmonde (980),606,6202
P282,P10,Zuiderpark (282),Stadsdriehoek (10),691,6992
P282,P11,Zuiderpark (282),Stadsdriehoek (11),668,6637
P282,P20,Zuiderpark (282),Stadsdriehoek (20),689,7058
P282,P21,Zuiderpark (282),Stadsdriehoek (21),610,6313
P282,P30,Zuiderpark (282),Cool (30),615,6293
P282,P31,Zuiderpark (282),Cool (31),592,6109
P282,P40,Zuiderpark (282),Cool (40),550,5606
P282,P41,Zuiderpark (282),Stadsdriehoek (41),583,5874
P282,P42,Zuiderpark (282),Dijkzigt (42),498,5086
P282,P50,Zuiderpark (282),Oude Westen (50),512,5023
P282,P51,Zuiderpark (282),Dijkzigt (51),502,5112
P282,P60,Zuiderpark (282),Cool (60),580,5974
P282,P120,Zuiderpark (282),Nieuwe Werk (120),581,5602
P282,P121,Zuiderpark (282),Nieuwe Werk (121),528,5340
P282,P200,Zuiderpark (282),Carnisse (200),230,2089
P282,P201,Zuiderpark (282),Zuidplein (201),250,2192
P282,P202,Zuiderpark (282),Carnisse (202),290,2385
P282,P210,Zuiderpark (282),Onbekend (210),352,3722
P282,P220,Zuiderpark (282),Charlois Zuidrand (220),219,2134
P282,P230,Zuiderpark (282),Tarwewijk (230),306,2816
P282,P232,Zuiderpark (282),Bloemhof (232),304,3072
P282,P240,Zuiderpark (282),Tarwewijk (240),342,2938
P282,P250,Zuiderpark (282),Oud Charlois (250),239,2034
P282,P260,Zuiderpark (282),Oud Charlois (260),259,2218
P282,P270,Zuiderpark (282),Wielewaal (270),299,2206
P282,P280,Zuiderpark (282),Pendrecht (280),123,940
P282,P282,Zuiderpark (282),Zuiderpark (282),13,0
P282,P290,Zuiderpark (282),Zuidwijk (290),253,2348
P282,P300,Zuiderpark (282),Hillesluis (300),468,4511
P282,P301,Zuiderpark (282),Hillesluis (301),490,4886
P282,P310,Zuiderpark (282),Vreewijk (310),323,3273
P282,P311,Zuiderpark (282),Vreewijk (311),325,3326
P282,P320,Zuiderpark (282),Kop van Zuid - Entrepot (320),538,5047
P282,P322,Zuiderpark (282),Kop van Zuid - Entrepot (322),612,6301
P282,P323,Zuiderpark (282),Kop van Zuid (323),441,4586
P282,P330,Zuiderpark (282),Afrikaanderwijk (330),482,4409
P282,P331,Zuiderpark (282),Afrikaanderwijk (331),415,4138
P282,P340,Zuiderpark (282),Bloemhof (340),421,3625
P282,P341,Zuiderpark (282),Hillesluis (341),443,4082
P282,P350,Zuiderpark (282),Katendrecht (350),555,5061
P282,P370,Zuiderpark (282),Noordereiland (370),630,6201
P282,P380,Zuiderpark (282),Feijenoord (380),601,5977
P282,P400,Zuiderpark (282),Oosterflank (400),1157,14984
P282,P410,Zuiderpark (282),'s-Gravenland (410),1106,12858
P282,P500,Zuiderpark (282),Middelland (500),499,5004
P282,P501,Zuiderpark (282),Middelland (501),498,5126
P282,P502,Zuiderpark (282),Dijkzigt (502),447,4474
P282,P503,Zuiderpark (282),Middelland (503),506,5127
P282,P504,Zuiderpark (282),Middelland (504),569,5660
P282,P510,Zuiderpark (282),Tussendijken (510),670,6461
P282,P511,Zuiderpark (282),Tussendijken (511),744,6956
P282,P513,Zuiderpark (282),Tussendijken (513),711,6800
P282,P520,Zuiderpark (282),Onbekend (520),738,7489
P282,P530,Zuiderpark (282),Nieuwe Westen (530),586,5575
P282,P531,Zuiderpark (282),Nieuwe Westen (531),665,6434
P282,P532,Zuiderpark (282),Nieuwe Westen (532),866,7292
P282,P540,Zuiderpark (282),Delfshaven (540),522,5176
P282,P560,Zuiderpark (282),Schiemond (560),534,5156
P282,P570,Zuiderpark (282),Oud Mathenesse (570),810,8256
P282,P580,Zuiderpark (282),Schiemond (580),614,5724
P282,P581,Zuiderpark (282),Bospolder (581),663,6536
P282,P600,Zuiderpark (282),Struisenburg (600),752,7554
P282,P610,Zuiderpark (282),Rubroek (610),781,7848
P282,P620,Zuiderpark (282),De Esch (620),918,9153
P282,P630,Zuiderpark (282),Kralingen West (630),780,7897
P282,P633,Zuiderpark (282),Kralingen West (633),810,8220
P282,P634,Zuiderpark (282),Kralingen West (634),867,8450
P282,P640,Zuiderpark (282),De Esch (640),931,10821
P282,P650,Zuiderpark (282),Nieuw Crooswijk (650),868,8947
P282,P651,Zuiderpark (282),Oud Crooswijk (651),820,8198
P282,P660,Zuiderpark (282),Kralingen Oost (660),869,10131
P282,P670,Zuiderpark (282),Nieuw Crooswijk (670),959,9218
P282,P680,Zuiderpark (282),Nieuw Crooswijk (680),928,10175
P282,P690,Zuiderpark (282),Kralingen Oost (690),928,11269
P282,P700,Zuiderpark (282),Provenierswijk (700),726,7097
P282,P710,Zuiderpark (282),Agniesebuurt (710),745,7504
P282,P712,Zuiderpark (282),Stadsdriehoek (712),675,7061
P282,P720,Zuiderpark (282),Blijdorp (720),738,7376
P282,P721,Zuiderpark (282),Blijdorp (721),697,7156
P282,P723,Zuiderpark (282),Bergpolder (723),697,7360
P282,P724,Zuiderpark (282),Blijdorp (724),794,8154
P282,P730,Zuiderpark (282),Blijdorp (730),686,6952
P282,P740,Zuiderpark (282),Blijdorp (740),696,7051
P282,P750,Zuiderpark (282),Oude Noorden (750),803,7602
P282,P751,Zuiderpark (282),Oude Noorden (751),762,7522
P282,P753,Zuiderpark (282),Oude Noorden (753),856,8414
P282,P760,Zuiderpark (282),Liskwartier (760),826,7958
P282,P800,Zuiderpark (282),Hillegersberg Noord (800),943,9300
P282,P801,Zuiderpark (282),Hillegersberg Zuid (801),879,8906
P282,P811,Zuiderpark (282),Hillegersberg Noord (811),1067,10611
P282,P812,Zuiderpark (282),Hillegersberg Noord (812),989,10105
P282,P900,Zuiderpark (282),Oud IJsselmonde (900),571,5597
P282,P910,Zuiderpark (282),Groot IJsselmonde (910),616,6049
P282,P912,Zuiderpark (282),Groot IJsselmonde (912),649,6233
P282,P920,Zuiderpark (282),Lombardijen (920),402,4086
P282,P930,Zuiderpark (282),Groot IJsselmonde (930),651,6404
P282,P950,Zuiderpark (282),Groot IJsselmonde (950),718,7295
P282,P960,Zuiderpark (282),Oud IJsselmonde (960),618,6189
P282,P980,Zuiderpark (282),Groot IJsselmonde (980),584,6072
P290,P10,Zuidwijk (290),Stadsdriehoek (10),796,7677
P290,P11,Zuidwijk (290),Stadsdriehoek (11),773,7245
P290,P20,Zuidwijk (290),Stadsdriehoek (20),796,7782
P290,P21,Zuidwijk (290),Stadsdriehoek (21),723,6996
P290,P30,Zuidwijk (290),Cool (30),779,7556
P290,P31,Zuidwijk (290),Cool (31),754,7435
P290,P40,Zuidwijk (290),Cool (40),648,6346
P290,P41,Zuidwijk (290),Stadsdriehoek (41),704,6679
P290,P42,Zuidwijk (290),Dijkzigt (42),692,6735
P290,P50,Zuidwijk (290),Oude Westen (50),732,6925
P290,P51,Zuidwijk (290),Dijkzigt (51),730,7095
P290,P60,Zuidwijk (290),Cool (60),788,7910
P290,P120,Zuidwijk (290),Nieuwe Werk (120),782,7066
P290,P121,Zuidwijk (290),Nieuwe Werk (121),713,6784
P290,P200,Zuidwijk (290),Carnisse (200),484,4188
P290,P201,Zuidwijk (290),Zuidplein (201),332,2839
P290,P202,Zuidwijk (290),Carnisse (202),407,3508
P290,P210,Zuidwijk (290),Onbekend (210),568,5744
P290,P220,Zuidwijk (290),Charlois Zuidrand (220),444,4285
P290,P230,Zuidwijk (290),Tarwewijk (230),442,3856
P290,P232,Zuidwijk (290),Bloemhof (232),350,3258
P290,P240,Zuidwijk (290),Tarwewijk (240),512,4465
P290,P250,Zuidwijk (290),Oud Charlois (250),508,4576
P290,P260,Zuidwijk (290),Oud Charlois (260),532,4760
P290,P270,Zuidwijk (290),Wielewaal (270),575,4782
P290,P280,Zuidwijk (290),Pendrecht (280),278,2488
P290,P282,Zuidwijk (290),Zuiderpark (282),285,2686
P290,P290,Zuidwijk (290),Zuidwijk (290),127,0
P290,P300,Zuidwijk (290),Hillesluis (300),500,3825
P290,P301,Zuidwijk (290),Hillesluis (301),488,3812
P290,P310,Zuidwijk (290),Vreewijk (310),275,2438
P290,P311,Zuidwijk (290),Vreewijk (311),269,2530
P290,P320,Zuidwijk (290),Kop van Zuid - Entrepot (320),591,5212
P290,P322,Zuidwijk (290),Kop van Zuid - Entrepot (322),657,6413
P290,P323,Zuidwijk (290),Kop van Zuid (323),513,4946
P290,P330,Zuidwijk (290),Afrikaanderwijk (330),522,4681
P290,P331,Zuidwijk (290),Afrikaanderwijk (331),459,4304
P290,P340,Zuidwijk (290),Bloemhof (340),452,3815
P290,P341,Zuidwijk (290),Hillesluis (341),395,3167
P290,P350,Zuidwijk (290),Katendrecht (350),604,5278
P290,P370,Zuidwijk (290),Noordereiland (370),680,6385
P290,P380,Zuidwijk (290),Feijenoord (380),649,6119
P290,P400,Zuidwijk (290),Oosterflank (400),1085,14068
P290,P410,Zuidwijk (290),'s-Gravenland (410),1034,12061
P290,P500,Zuidwijk (290),Middelland (500),714,6981
P290,P501,Zuidwijk (290),Middelland (501),724,7028
P290,P502,Zuidwijk (290),Dijkzigt (502),666,6376
P290,P503,Zuidwijk (290),Middelland (503),726,7029
P290,P504,Zuidwijk (290),Middelland (504),794,7586
P290,P510,Zuidwijk (290),Tussendijken (510),889,8398
P290,P511,Zuidwijk (290),Tussendijken (511),964,8858
P290,P513,Zuidwijk (290),Tussendijken (513),931,8795
P290,P520,Zuidwijk (290),Onbekend (520),958,9504
P290,P530,Zuidwijk (290),Nieuwe Westen (530),795,7510
P290,P531,Zuidwijk (290),Nieuwe Westen (531),883,8407
P290,P532,Zuidwijk (290),Nieuwe Westen (532),1075,9343
P290,P540,Zuidwijk (290),Delfshaven (540),742,7214
P290,P560,Zuidwijk (290),Schiemond (560),766,7127
P290,P570,Zuidwijk (290),Oud Mathenesse (570),1041,10192
P290,P580,Zuidwijk (290),Schiemond (580),834,7625
P290,P581,Zuidwijk (290),Bospolder (581),884,8507
P290,P600,Zuidwijk (290),Struisenburg (600),856,8307
P290,P610,Zuidwijk (290),Rubroek (610),911,8519
P290,P620,Zuidwijk (290),De Esch (620),870,9952
P290,P630,Zuidwijk (290),Kralingen West (630),886,8616
P290,P633,Zuidwijk (290),Kralingen West (633),916,8950
P290,P634,Zuidwijk (290),Kralingen West (634),974,9293
P290,P640,Zuidwijk (290),De Esch (640),876,10077
P290,P650,Zuidwijk (290),Nieuw Crooswijk (650),993,9534
P290,P651,Zuidwijk (290),Oud Crooswijk (651),942,8850
P290,P660,Zuidwijk (290),Kralingen Oost (660),797,9379
P290,P670,Zuidwijk (290),Nieuw Crooswijk (670),1066,9947
P290,P680,Zuidwijk (290),Nieuw Crooswijk (680),1082,10289
P290,P690,Zuidwijk (290),Kralingen Oost (690),856,10373
P290,P700,Zuidwijk (290),Provenierswijk (700),946,9082
P290,P710,Zuidwijk (290),Agniesebuurt (710),876,8042
P290,P712,Zuidwijk (290),Stadsdriehoek (712),806,7561
P290,P720,Zuidwijk (290),Blijdorp (720),960,9328
P290,P721,Zuidwijk (290),Blijdorp (721),909,9134
P290,P723,Zuidwijk (290),Bergpolder (723),915,9132
P290,P724,Zuidwijk (290),Blijdorp (724),1014,10078
P290,P730,Zuidwijk (290),Blijdorp (730),904,8888
P290,P740,Zuidwijk (290),Blijdorp (740),905,8986
P290,P750,Zuidwijk (290),Oude Noorden (750),962,8862
P290,P751,Zuidwijk (290),Oude Noorden (751),950,9040
P290,P753,Zuidwijk (290),Oude Noorden (753),1009,9778
P290,P760,Zuidwijk (290),Liskwartier (760),1009,9492
P290,P800,Zuidwijk (290),Hillegersberg Noord (800),1128,10704
P290,P801,Zuidwijk (290),Hillegersberg Zuid (801),1064,10297
P290,P811,Zuidwijk (290),Hillegersberg Noord (811),1249,12235
P290,P812,Zuidwijk (290),Hillegersberg Noord (812),1174,11519
P290,P900,Zuidwijk (290),Oud IJsselmonde (900),539,4676
P290,P910,Zuidwijk (290),Groot IJsselmonde (910),541,4765
P290,P912,Zuidwijk (290),Groot IJsselmonde (912),552,5329
P290,P920,Zuidwijk (290),Lombardijen (920),266,2396
P290,P930,Zuidwijk (290),Groot IJsselmonde (930),523,4926
P290,P950,Zuidwijk (290),Groot IJsselmonde (950),580,5626
P290,P960,Zuidwijk (290),Oud IJsselmonde (960),577,5296
P290,P980,Zuidwijk (290),Groot IJsselmonde (980),456,4524
P300,P10,Hillesluis (300),Stadsdriehoek (10),478,4488
P300,P11,Hillesluis (300),Stadsdriehoek (11),492,4145
P300,P20,Hillesluis (300),Stadsdriehoek (20),502,4807
P300,P21,Hillesluis (300),Stadsdriehoek (21),438,3896
P300,P30,Hillesluis (300),Cool (30),487,4456
P300,P31,Hillesluis (300),Cool (31),465,4335
P300,P40,Hillesluis (300),Cool (40),367,3195
P300,P41,Hillesluis (300),Stadsdriehoek (41),410,3528
P300,P42,Hillesluis (300),Dijkzigt (42),447,3914
P300,P50,Hillesluis (300),Oude Westen (50),511,4551
P300,P51,Hillesluis (300),Dijkzigt (51),469,4312
P300,P60,Hillesluis (300),Cool (60),642,5980
P300,P120,Hillesluis (300),Nieuwe Werk (120),502,4252
P300,P121,Hillesluis (300),Nieuwe Werk (121),431,3633
P300,P200,Hillesluis (300),Carnisse (200),383,3328
P300,P201,Hillesluis (300),Zuidplein (201),319,2816
P300,P202,Hillesluis (300),Carnisse (202),318,2750
P300,P210,Hillesluis (300),Onbekend (210),453,4451
P300,P220,Hillesluis (300),Charlois Zuidrand (220),604,5972
P300,P230,Hillesluis (300),Tarwewijk (230),306,2245
P300,P232,Hillesluis (300),Bloemhof (232),204,1618
P300,P240,Hillesluis (300),Tarwewijk (240),253,1734
P300,P250,Hillesluis (300),Oud Charlois (250),380,3336
P300,P260,Hillesluis (300),Oud Charlois (260),438,4275
P300,P270,Hillesluis (300),Wielewaal (270),570,4847
P300,P280,Hillesluis (300),Pendrecht (280),517,4815
P300,P282,Hillesluis (300),Zuiderpark (282),435,4313
P300,P290,Hillesluis (300),Zuidwijk (290),482,3719
P300,P300,Hillesluis (300),Hillesluis (300),31,0
P300,P301,Hillesluis (300),Hillesluis (301),79,470
P300,P310,Hillesluis (300),Vreewijk (310),336,2095
P300,P311,Hillesluis (300),Vreewijk (311),301,2754
P300,P320,Hillesluis (300),Kop van Zuid - Entrepot (320),199,1700
P300,P322,Hillesluis (300),Kop van Zuid - Entrepot (322),236,2190
P300,P323,Hillesluis (300),Kop van Zuid (323),223,1607
P300,P330,Hillesluis (300),Afrikaanderwijk (330),168,1079
P300,P331,Hillesluis (300),Afrikaanderwijk (331),162,1046
P300,P340,Hillesluis (300),Bloemhof (340),169,1113
P300,P341,Hillesluis (300),Hillesluis (341),157,961
P300,P350,Hillesluis (300),Katendrecht (350),332,2139
P300,P370,Hillesluis (300),Noordereiland (370),336,3036
P300,P380,Hillesluis (300),Feijenoord (380),226,1867
P300,P400,Hillesluis (300),Oosterflank (400),870,11842
P300,P410,Hillesluis (300),'s-Gravenland (410),820,9797
P300,P500,Hillesluis (300),Middelland (500),562,5066
P300,P501,Hillesluis (300),Middelland (501),557,5088
P300,P502,Hillesluis (300),Dijkzigt (502),487,4332
P300,P503,Hillesluis (300),Middelland (503),565,5068
P300,P504,Hillesluis (300),Middelland (504),632,5605
P300,P510,Hillesluis (300),Tussendijken (510),715,6406
P300,P511,Hillesluis (300),Tussendijken (511),789,6815
P300,P513,Hillesluis (300),Tussendijken (513),770,6814
P300,P520,Hillesluis (300),Onbekend (520),783,7461
P300,P530,Hillesluis (300),Nieuwe Westen (530),649,5584
P300,P531,Hillesluis (300),Nieuwe Westen (531),723,6439
P300,P532,Hillesluis (300),Nieuwe Westen (532),929,7362
P300,P540,Hillesluis (300),Delfshaven (540),557,5171
P300,P560,Hillesluis (300),Schiemond (560),579,5135
P300,P570,Hillesluis (300),Oud Mathenesse (570),854,8200
P300,P580,Hillesluis (300),Schiemond (580),658,5582
P300,P581,Hillesluis (300),Bospolder (581),709,6464
P300,P600,Hillesluis (300),Struisenburg (600),567,5255
P300,P610,Hillesluis (300),Rubroek (610),587,5311
P300,P620,Hillesluis (300),De Esch (620),655,7725
P300,P630,Hillesluis (300),Kralingen West (630),578,5460
P300,P633,Hillesluis (300),Kralingen West (633),614,5928
P300,P634,Hillesluis (300),Kralingen West (634),664,6147
P300,P640,Hillesluis (300),De Esch (640),660,7850
P300,P650,Hillesluis (300),Nieuw Crooswijk (650),674,6326
P300,P651,Hillesluis (300),Oud Crooswijk (651),636,5666
P300,P660,Hillesluis (300),Kralingen Oost (660),584,7166
P300,P670,Hillesluis (300),Nieuw Crooswijk (670),754,6817
P300,P680,Hillesluis (300),Nieuw Crooswijk (680),772,7079
P300,P690,Hillesluis (300),Kralingen Oost (690),641,8208
P300,P700,Hillesluis (300),Provenierswijk (700),687,5771
P300,P710,Hillesluis (300),Agniesebuurt (710),595,4930
P300,P712,Hillesluis (300),Stadsdriehoek (712),523,4410
P300,P720,Hillesluis (300),Blijdorp (720),726,6209
P300,P721,Hillesluis (300),Blijdorp (721),685,5950
P300,P723,Hillesluis (300),Bergpolder (723),669,5869
P300,P724,Hillesluis (300),Blijdorp (724),816,7011
P300,P730,Hillesluis (300),Blijdorp (730),697,6198
P300,P740,Hillesluis (300),Blijdorp (740),708,6400
P300,P750,Hillesluis (300),Oude Noorden (750),681,5762
P300,P751,Hillesluis (300),Oude Noorden (751),662,5915
P300,P753,Hillesluis (300),Oude Noorden (753),685,6559
P300,P760,Hillesluis (300),Liskwartier (760),734,6341
P300,P800,Hillesluis (300),Hillegersberg Noord (800),836,8064
P300,P801,Hillesluis (300),Hillegersberg Zuid (801),774,7670
P300,P811,Hillesluis (300),Hillegersberg Noord (811),964,9379
P300,P812,Hillesluis (300),Hillegersberg Noord (812),883,8873
P300,P900,Hillesluis (300),Oud IJsselmonde (900),241,1806
P300,P910,Hillesluis (300),Groot IJsselmonde (910),339,3210
P300,P912,Hillesluis (300),Groot IJsselmonde (912),367,3162
P300,P920,Hillesluis (300),Lombardijen (920),390,3330
P300,P930,Hillesluis (300),Groot IJsselmonde (930),475,4476
P300,P950,Hillesluis (300),Groot IJsselmonde (950),453,4059
P300,P960,Hillesluis (300),Oud IJsselmonde (960),332,3073
P300,P980,Hillesluis (300),Groot IJsselmonde (980),499,4911
P301,P10,Hillesluis (301),Stadsdriehoek (10),587,5086
P301,P11,Hillesluis (301),Stadsdriehoek (11),564,4542
P301,P20,Hillesluis (301),Stadsdriehoek (20),594,5094
P301,P21,Hillesluis (301),Stadsdriehoek (21),514,4408
P301,P30,Hillesluis (301),Cool (30),566,4841
P301,P31,Hillesluis (301),Cool (31),542,4620
P301,P40,Hillesluis (301),Cool (40),448,3647
P301,P41,Hillesluis (301),Stadsdriehoek (41),486,3978
P301,P42,Hillesluis (301),Dijkzigt (42),519,4242
P301,P50,Hillesluis (301),Oude Westen (50),596,5077
P301,P51,Hillesluis (301),Dijkzigt (51),557,4779
P301,P60,Hillesluis (301),Cool (60),718,6465
P301,P120,Hillesluis (301),Nieuwe Werk (120),575,4508
P301,P121,Hillesluis (301),Nieuwe Werk (121),505,4108
P301,P200,Hillesluis (301),Carnisse (200),409,3185
P301,P201,Hillesluis (301),Zuidplein (201),339,2659
P301,P202,Hillesluis (301),Carnisse (202),339,2655
P301,P210,Hillesluis (301),Onbekend (210),526,4959
P301,P220,Hillesluis (301),Charlois Zuidrand (220),656,6268
P301,P230,Hillesluis (301),Tarwewijk (230),361,2734
P301,P232,Hillesluis (301),Bloemhof (232),252,2129
P301,P240,Hillesluis (301),Tarwewijk (240),330,2184
P301,P250,Hillesluis (301),Oud Charlois (250),454,3832
P301,P260,Hillesluis (301),Oud Charlois (260),519,4733
P301,P270,Hillesluis (301),Wielewaal (270),648,5367
P301,P280,Hillesluis (301),Pendrecht (280),540,4792
P301,P282,Hillesluis (301),Zuiderpark (282),448,4167
P301,P290,Hillesluis (301),Zuidwijk (290),421,3257
P301,P300,Hillesluis (301),Hillesluis (300),142,831
P301,P301,Hillesluis (301),Hillesluis (301),11,0
P301,P310,Hillesluis (301),Vreewijk (310),276,1735
P301,P311,Hillesluis (301),Vreewijk (311),242,1577
P301,P320,Hillesluis (301),Kop van Zuid - Entrepot (320),308,2297
P301,P322,Hillesluis (301),Kop van Zuid - Entrepot (322),346,2789
P301,P323,Hillesluis (301),Kop van Zuid (323),296,2115
P301,P330,Hillesluis (301),Afrikaanderwijk (330),254,1687
P301,P331,Hillesluis (301),Afrikaanderwijk (331),240,1551
P301,P340,Hillesluis (301),Bloemhof (340),226,1292
P301,P341,Hillesluis (301),Hillesluis (341),92,588
P301,P350,Hillesluis (301),Katendrecht (350),409,2662
P301,P370,Hillesluis (301),Noordereiland (370),438,3625
P301,P380,Hillesluis (301),Feijenoord (380),330,2446
P301,P400,Hillesluis (301),Oosterflank (400),859,11789
P301,P410,Hillesluis (301),'s-Gravenland (410),814,9718
P301,P500,Hillesluis (301),Middelland (500),643,5516
P301,P501,Hillesluis (301),Middelland (501),630,5497
P301,P502,Hillesluis (301),Dijkzigt (502),565,4792
P301,P503,Hillesluis (301),Middelland (503),651,5593
P301,P504,Hillesluis (301),Middelland (504),705,6114
P301,P510,Hillesluis (301),Tussendijken (510),786,6770
P301,P511,Hillesluis (301),Tussendijken (511),860,7265
P301,P513,Hillesluis (301),Tussendijken (513),842,7264
P301,P520,Hillesluis (301),Onbekend (520),854,7911
P301,P530,Hillesluis (301),Nieuwe Westen (530),727,6080
P301,P531,Hillesluis (301),Nieuwe Westen (531),807,6876
P301,P532,Hillesluis (301),Nieuwe Westen (532),1008,7812
P301,P540,Hillesluis (301),Delfshaven (540),639,5621
P301,P560,Hillesluis (301),Schiemond (560),656,5501
P301,P570,Hillesluis (301),Oud Mathenesse (570),932,8647
P301,P580,Hillesluis (301),Schiemond (580),731,6039
P301,P581,Hillesluis (301),Bospolder (581),786,6950
P301,P600,Hillesluis (301),Struisenburg (600),657,5652
P301,P610,Hillesluis (301),Rubroek (610),692,5894
P301,P620,Hillesluis (301),De Esch (620),646,7636
P301,P630,Hillesluis (301),Kralingen West (630),676,6040
P301,P633,Hillesluis (301),Kralingen West (633),709,6300
P301,P634,Hillesluis (301),Kralingen West (634),759,6566
P301,P640,Hillesluis (301),De Esch (640),651,7798
P301,P650,Hillesluis (301),Nieuw Crooswijk (650),776,6906
P301,P651,Hillesluis (301),Oud Crooswijk (651),742,6265
P301,P660,Hillesluis (301),Kralingen Oost (660),578,7114
P301,P670,Hillesluis (301),Nieuw Crooswijk (670),856,7392
P301,P680,Hillesluis (301),Nieuw Crooswijk (680),877,7658
P301,P690,Hillesluis (301),Kralingen Oost (690),630,8128
P301,P700,Hillesluis (301),Provenierswijk (700),758,6029
P301,P710,Hillesluis (301),Agniesebuurt (710),667,5408
P301,P712,Hillesluis (301),Stadsdriehoek (712),604,4925
P301,P720,Hillesluis (301),Blijdorp (720),800,6670
P301,P721,Hillesluis (301),Blijdorp (721),757,6400
P301,P723,Hillesluis (301),Bergpolder (723),750,6382
P301,P724,Hillesluis (301),Blijdorp (724),896,7518
P301,P730,Hillesluis (301),Blijdorp (730),783,6432
P301,P740,Hillesluis (301),Blijdorp (740),789,6878
P301,P750,Hillesluis (301),Oude Noorden (750),752,6250
P301,P751,Hillesluis (301),Oude Noorden (751),748,6343
P301,P753,Hillesluis (301),Oude Noorden (753),790,7149
P301,P760,Hillesluis (301),Liskwartier (760),813,6791
P301,P800,Hillesluis (301),Hillegersberg Noord (800),918,7989
P301,P801,Hillesluis (301),Hillegersberg Zuid (801),861,7676
P301,P811,Hillesluis (301),Hillegersberg Noord (811),1052,13633
P301,P812,Hillesluis (301),Hillegersberg Noord (812),970,8879
P301,P900,Hillesluis (301),Oud IJsselmonde (900),272,2435
P301,P910,Hillesluis (301),Groot IJsselmonde (910),373,3111
P301,P912,Hillesluis (301),Groot IJsselmonde (912),362,3094
P301,P920,Hillesluis (301),Lombardijen (920),377,3107
P301,P930,Hillesluis (301),Groot IJsselmonde (930),558,4794
P301,P950,Hillesluis (301),Groot IJsselmonde (950),442,3961
P301,P960,Hillesluis (301),Oud IJsselmonde (960),326,3015
P301,P980,Hillesluis (301),Groot IJsselmonde (980),514,4723
P310,P10,Vreewijk (310),Stadsdriehoek (10),708,6799
P310,P11,Vreewijk (310),Stadsdriehoek (11),691,6372
P310,P20,Vreewijk (310),Stadsdriehoek (20),713,6922
P310,P21,Vreewijk (310),Stadsdriehoek (21),641,5958
P310,P30,Vreewijk (310),Cool (30),707,6643
P310,P31,Vreewijk (310),Cool (31),682,6459
P310,P40,Vreewijk (310),Cool (40),566,5486
P310,P41,Vreewijk (310),Stadsdriehoek (41),632,5810
P310,P42,Vreewijk (310),Dijkzigt (42),640,5987
P310,P50,Vreewijk (310),Oude Westen (50),662,6349
P310,P51,Vreewijk (310),Dijkzigt (51),653,6519
P310,P60,Vreewijk (310),Cool (60),736,7137
P310,P120,Vreewijk (310),Nieuwe Werk (120),705,6153
P310,P121,Vreewijk (310),Nieuwe Werk (121),630,5924
P310,P200,Vreewijk (310),Carnisse (200),414,3466
P310,P201,Vreewijk (310),Zuidplein (201),287,2414
P310,P202,Vreewijk (310),Carnisse (202),342,2932
P310,P210,Vreewijk (310),Onbekend (210),574,5487
P310,P220,Vreewijk (310),Charlois Zuidrand (220),546,5461
P310,P230,Vreewijk (310),Tarwewijk (230),374,3148
P310,P232,Vreewijk (310),Bloemhof (232),268,2398
P310,P240,Vreewijk (310),Tarwewijk (240),440,3538
P310,P250,Vreewijk (310),Oud Charlois (250),503,4216
P310,P260,Vreewijk (310),Oud Charlois (260),555,5289
P310,P270,Vreewijk (310),Wielewaal (270),626,5471
P310,P280,Vreewijk (310),Pendrecht (280),427,4085
P310,P282,Vreewijk (310),Zuiderpark (282),341,3329
P310,P290,Vreewijk (310),Zuidwijk (290),291,2496
P310,P300,Vreewijk (310),Hillesluis (300),318,1972
P310,P301,Vreewijk (310),Hillesluis (301),313,1919
P310,P310,Vreewijk (310),Vreewijk (310),100,0
P310,P311,Vreewijk (310),Vreewijk (311),81,522
P310,P320,Vreewijk (310),Kop van Zuid - Entrepot (320),432,4030
P310,P322,Vreewijk (310),Kop van Zuid - Entrepot (322),470,4491
P310,P323,Vreewijk (310),Kop van Zuid (323),441,3912
P310,P330,Vreewijk (310),Afrikaanderwijk (330),434,3483
P310,P331,Vreewijk (310),Afrikaanderwijk (331),387,3284
P310,P340,Vreewijk (310),Bloemhof (340),294,1730
P310,P341,Vreewijk (310),Hillesluis (341),237,1440
P310,P350,Vreewijk (310),Katendrecht (350),527,4418
P310,P370,Vreewijk (310),Noordereiland (370),566,5278
P310,P380,Vreewijk (310),Feijenoord (380),462,3975
P310,P400,Vreewijk (310),Oosterflank (400),919,11936
P310,P410,Vreewijk (310),'s-Gravenland (410),869,9816
P310,P500,Vreewijk (310),Middelland (500),656,6273
P310,P501,Vreewijk (310),Middelland (501),661,6451
P310,P502,Vreewijk (310),Dijkzigt (502),596,5799
P310,P503,Vreewijk (310),Middelland (503),664,6453
P310,P504,Vreewijk (310),Middelland (504),726,7010
P310,P510,Vreewijk (310),Tussendijken (510),820,7700
P310,P511,Vreewijk (310),Tussendijken (511),894,8282
P310,P513,Vreewijk (310),Tussendijken (513),864,8096
P310,P520,Vreewijk (310),Onbekend (520),897,8822
P310,P530,Vreewijk (310),Nieuwe Westen (530),743,6771
P310,P531,Vreewijk (310),Nieuwe Westen (531),823,7804
P310,P532,Vreewijk (310),Nieuwe Westen (532),1023,8717
P310,P540,Vreewijk (310),Delfshaven (540),672,6582
P310,P560,Vreewijk (310),Schiemond (560),701,6481
P310,P570,Vreewijk (310),Oud Mathenesse (570),977,9582
P310,P580,Vreewijk (310),Schiemond (580),764,7049
P310,P581,Vreewijk (310),Bospolder (581),818,7930
P310,P600,Vreewijk (310),Struisenburg (600),776,8308
P310,P610,Vreewijk (310),Rubroek (610),823,7621
P310,P620,Vreewijk (310),De Esch (620),719,7882
P310,P630,Vreewijk (310),Kralingen West (630),804,7627
P310,P633,Vreewijk (310),Kralingen West (633),834,7920
P310,P634,Vreewijk (310),Kralingen West (634),876,9482
P310,P640,Vreewijk (310),De Esch (640),725,8176
P310,P650,Vreewijk (310),Nieuw Crooswijk (650),911,8539
P310,P651,Vreewijk (310),Oud Crooswijk (651),866,7972
P310,P660,Vreewijk (310),Kralingen Oost (660),633,7238
P310,P670,Vreewijk (310),Nieuw Crooswijk (670),991,9217
P310,P680,Vreewijk (310),Nieuw Crooswijk (680),1001,9792
P310,P690,Vreewijk (310),Kralingen Oost (690),690,8264
P310,P700,Vreewijk (310),Provenierswijk (700),882,8397
P310,P710,Vreewijk (310),Agniesebuurt (710),796,7182
P310,P712,Vreewijk (310),Stadsdriehoek (712),724,6701
P310,P720,Vreewijk (310),Blijdorp (720),895,8752
P310,P721,Vreewijk (310),Blijdorp (721),852,8436
P310,P723,Vreewijk (310),Bergpolder (723),846,8358
P310,P724,Vreewijk (310),Blijdorp (724),944,9501
P310,P730,Vreewijk (310),Blijdorp (730),843,8115
P310,P740,Vreewijk (310),Blijdorp (740),854,8213
P310,P750,Vreewijk (310),Oude Noorden (750),889,7825
P310,P751,Vreewijk (310),Oude Noorden (751),877,8064
P310,P753,Vreewijk (310),Oude Noorden (753),922,8753
P310,P760,Vreewijk (310),Liskwartier (760),937,8521
P310,P800,Vreewijk (310),Hillegersberg Noord (800),1055,9830
P310,P801,Vreewijk (310),Hillegersberg Zuid (801),982,9436
P310,P811,Vreewijk (310),Hillegersberg Noord (811),1115,14006
P310,P812,Vreewijk (310),Hillegersberg Noord (812),1092,10659
P310,P900,Vreewijk (310),Oud IJsselmonde (900),336,2549
P310,P910,Vreewijk (310),Groot IJsselmonde (910),433,3204
P310,P912,Vreewijk (310),Groot IJsselmonde (912),417,3186
P310,P920,Vreewijk (310),Lombardijen (920),245,1647
P310,P930,Vreewijk (310),Groot IJsselmonde (930),503,4509
P310,P950,Vreewijk (310),Groot IJsselmonde (950),503,4099
P310,P960,Vreewijk (310),Oud IJsselmonde (960),381,3142
P310,P980,Vreewijk (310),Groot IJsselmonde (980),436,4406
P311,P10,Vreewijk (311),Stadsdriehoek (10),677,6589
P311,P11,Vreewijk (311),Stadsdriehoek (11),667,6228
P311,P20,Vreewijk (311),Stadsdriehoek (20),687,6766
P311,P21,Vreewijk (311),Stadsdriehoek (21),617,6086
P311,P30,Vreewijk (311),Cool (30),661,6488
P311,P31,Vreewijk (311),Cool (31),640,6304
P311,P40,Vreewijk (311),Cool (40),546,5316
P311,P41,Vreewijk (311),Stadsdriehoek (41),584,5652
P311,P42,Vreewijk (311),Dijkzigt (42),589,5762
P311,P50,Vreewijk (311),Oude Westen (50),635,6194
P311,P51,Vreewijk (311),Dijkzigt (51),629,6364
P311,P60,Vreewijk (311),Cool (60),706,7264
P311,P120,Vreewijk (311),Nieuwe Werk (120),676,6051
P311,P121,Vreewijk (311),Nieuwe Werk (121),607,5773
P311,P200,Vreewijk (311),Carnisse (200),383,3311
P311,P201,Vreewijk (311),Zuidplein (201),237,2188
P311,P202,Vreewijk (311),Carnisse (202),306,2777
P311,P210,Vreewijk (311),Onbekend (210),524,5333
P311,P220,Vreewijk (311),Charlois Zuidrand (220),503,5272
P311,P230,Vreewijk (311),Tarwewijk (230),342,3022
P311,P232,Vreewijk (311),Bloemhof (232),244,2243
P311,P240,Vreewijk (311),Tarwewijk (240),426,3450
P311,P250,Vreewijk (311),Oud Charlois (250),451,4150
P311,P260,Vreewijk (311),Oud Charlois (260),518,5134
P311,P270,Vreewijk (311),Wielewaal (270),583,5248
P311,P280,Vreewijk (311),Pendrecht (280),395,3872
P311,P282,Vreewijk (311),Zuiderpark (282),299,3150
P311,P290,Vreewijk (311),Zuidwijk (290),250,2311
P311,P300,Vreewijk (311),Hillesluis (300),316,1969
P311,P301,Vreewijk (311),Hillesluis (301),299,2036
P311,P310,Vreewijk (311),Vreewijk (310),61,371
P311,P311,Vreewijk (311),Vreewijk (311),7,0
P311,P320,Vreewijk (311),Kop van Zuid - Entrepot (320),407,3874
P311,P322,Vreewijk (311),Kop van Zuid - Entrepot (322),440,4295
P311,P323,Vreewijk (311),Kop van Zuid (323),385,3728
P311,P330,Vreewijk (311),Afrikaanderwijk (330),425,3378
P311,P331,Vreewijk (311),Afrikaanderwijk (331),366,3394
P311,P340,Vreewijk (311),Bloemhof (340),292,1851
P311,P341,Vreewijk (311),Hillesluis (341),218,1325
P311,P350,Vreewijk (311),Katendrecht (350),499,4276
P311,P370,Vreewijk (311),Noordereiland (370),529,5098
P311,P380,Vreewijk (311),Feijenoord (380),436,4018
P311,P400,Vreewijk (311),Oosterflank (400),901,11913
P311,P410,Vreewijk (311),'s-Gravenland (410),850,9903
P311,P500,Vreewijk (311),Middelland (500),630,6315
P311,P501,Vreewijk (311),Middelland (501),616,6296
P311,P502,Vreewijk (311),Dijkzigt (502),565,5644
P311,P503,Vreewijk (311),Middelland (503),628,6338
P311,P504,Vreewijk (311),Middelland (504),693,6862
P311,P510,Vreewijk (311),Tussendijken (510),789,7632
P311,P511,Vreewijk (311),Tussendijken (511),863,8127
P311,P513,Vreewijk (311),Tussendijken (513),830,8064
P311,P520,Vreewijk (311),Onbekend (520),857,8772
P311,P530,Vreewijk (311),Nieuwe Westen (530),715,6879
P311,P531,Vreewijk (311),Nieuwe Westen (531),782,7675
P311,P532,Vreewijk (311),Nieuwe Westen (532),996,8602
P311,P540,Vreewijk (311),Delfshaven (540),639,6482
P311,P560,Vreewijk (311),Schiemond (560),653,6326
P311,P570,Vreewijk (311),Oud Mathenesse (570),928,9436
P311,P580,Vreewijk (311),Schiemond (580),733,6894
P311,P581,Vreewijk (311),Bospolder (581),783,7775
P311,P600,Vreewijk (311),Struisenburg (600),733,8241
P311,P610,Vreewijk (311),Rubroek (610),784,7368
P311,P620,Vreewijk (311),De Esch (620),689,7843
P311,P630,Vreewijk (311),Kralingen West (630),778,7611
P311,P633,Vreewijk (311),Kralingen West (633),803,7986
P311,P634,Vreewijk (311),Kralingen West (634),848,9569
P311,P640,Vreewijk (311),De Esch (640),687,7922
P311,P650,Vreewijk (311),Nieuw Crooswijk (650),869,8477
P311,P651,Vreewijk (311),Oud Crooswijk (651),835,7793
P311,P660,Vreewijk (311),Kralingen Oost (660),616,7220
P311,P670,Vreewijk (311),Nieuw Crooswijk (670),957,8898
P311,P680,Vreewijk (311),Nieuw Crooswijk (680),980,9219
P311,P690,Vreewijk (311),Kralingen Oost (690),675,8218
P311,P700,Vreewijk (311),Provenierswijk (700),844,8267
P311,P710,Vreewijk (311),Agniesebuurt (710),770,7027
P311,P712,Vreewijk (311),Stadsdriehoek (712),702,6590
P311,P720,Vreewijk (311),Blijdorp (720),859,8597
P311,P721,Vreewijk (311),Blijdorp (721),821,8326
P311,P723,Vreewijk (311),Bergpolder (723),814,8506
P311,P724,Vreewijk (311),Blijdorp (724),914,9356
P311,P730,Vreewijk (311),Blijdorp (730),814,8256
P311,P740,Vreewijk (311),Blijdorp (740),827,8361
P311,P750,Vreewijk (311),Oude Noorden (750),856,7936
P311,P751,Vreewijk (311),Oude Noorden (751),843,7982
P311,P753,Vreewijk (311),Oude Noorden (753),895,8560
P311,P760,Vreewijk (311),Liskwartier (760),916,8473
P311,P800,Vreewijk (311),Hillegersberg Noord (800),1021,9675
P311,P801,Vreewijk (311),Hillegersberg Zuid (801),960,9312
P311,P811,Vreewijk (311),Hillegersberg Noord (811),1087,13916
P311,P812,Vreewijk (311),Hillegersberg Noord (812),1068,10511
P311,P900,Vreewijk (311),Oud IJsselmonde (900),317,2560
P311,P910,Vreewijk (311),Groot IJsselmonde (910),409,3164
P311,P912,Vreewijk (311),Groot IJsselmonde (912),394,3223
P311,P920,Vreewijk (311),Lombardijen (920),220,1953
P311,P930,Vreewijk (311),Groot IJsselmonde (930),477,4570
P311,P950,Vreewijk (311),Groot IJsselmonde (950),477,4060
P311,P960,Vreewijk (311),Oud IJsselmonde (960),363,3139
P311,P980,Vreewijk (311),Groot IJsselmonde (980),410,4173
P320,P10,Kop van Zuid - Entrepot (320),Stadsdriehoek (10),362,3069
P320,P11,Kop van Zuid - Entrepot (320),Stadsdriehoek (11),369,3256
P320,P20,Kop van Zuid - Entrepot (320),Stadsdriehoek (20),384,3447
P320,P21,Kop van Zuid - Entrepot (320),Stadsdriehoek (21),320,2854
P320,P30,Kop van Zuid - Entrepot (320),Cool (30),395,3566
P320,P31,Kop van Zuid - Entrepot (320),Cool (31),370,3446
P320,P40,Kop van Zuid - Entrepot (320),Cool (40),249,2409
P320,P41,Kop van Zuid - Entrepot (320),Stadsdriehoek (41),329,2742
P320,P42,Kop van Zuid - Entrepot (320),Dijkzigt (42),343,3156
P320,P50,Kop van Zuid - Entrepot (320),Oude Westen (50),397,3749
P320,P51,Kop van Zuid - Entrepot (320),Dijkzigt (51),366,3435
P320,P60,Kop van Zuid - Entrepot (320),Cool (60),523,5091
P320,P120,Kop van Zuid - Entrepot (320),Nieuwe Werk (120),418,3494
P320,P121,Kop van Zuid - Entrepot (320),Nieuwe Werk (121),308,2847
P320,P200,Kop van Zuid - Entrepot (320),Carnisse (200),457,3916
P320,P201,Kop van Zuid - Entrepot (320),Zuidplein (201),418,3506
P320,P202,Kop van Zuid - Entrepot (320),Carnisse (202),417,3429
P320,P210,Kop van Zuid - Entrepot (320),Onbekend (210),530,5039
P320,P220,Kop van Zuid - Entrepot (320),Charlois Zuidrand (220),694,6513
P320,P230,Kop van Zuid - Entrepot (320),Tarwewijk (230),386,2857
P320,P232,Kop van Zuid - Entrepot (320),Bloemhof (232),294,2309
P320,P240,Kop van Zuid - Entrepot (320),Tarwewijk (240),297,2200
P320,P250,Kop van Zuid - Entrepot (320),Oud Charlois (250),459,3912
P320,P260,Kop van Zuid - Entrepot (320),Oud Charlois (260),524,4813
P320,P270,Kop van Zuid - Entrepot (320),Wielewaal (270),659,5447
P320,P280,Kop van Zuid - Entrepot (320),Pendrecht (280),588,5404
P320,P282,Kop van Zuid - Entrepot (320),Zuiderpark (282),534,4901
P320,P290,Kop van Zuid - Entrepot (320),Zuidwijk (290),580,5083
P320,P300,Kop van Zuid - Entrepot (320),Hillesluis (300),217,1789
P320,P301,Kop van Zuid - Entrepot (320),Hillesluis (301),199,1674
P320,P310,Kop van Zuid - Entrepot (320),Vreewijk (310),468,3792
P320,P311,Kop van Zuid - Entrepot (320),Vreewijk (311),420,3988
P320,P320,Kop van Zuid - Entrepot (320),Kop van Zuid - Entrepot (320),60,0
P320,P322,Kop van Zuid - Entrepot (320),Kop van Zuid - Entrepot (322),137,1059
P320,P323,Kop van Zuid - Entrepot (320),Kop van Zuid (323),167,1396
P320,P330,Kop van Zuid - Entrepot (320),Afrikaanderwijk (330),172,1170
P320,P331,Kop van Zuid - Entrepot (320),Afrikaanderwijk (331),206,1380
P320,P340,Kop van Zuid - Entrepot (320),Bloemhof (340),324,2516
P320,P341,Kop van Zuid - Entrepot (320),Hillesluis (341),318,2412
P320,P350,Kop van Zuid - Entrepot (320),Katendrecht (350),307,2042
P320,P370,Kop van Zuid - Entrepot (320),Noordereiland (370),217,1617
P320,P380,Kop van Zuid - Entrepot (320),Feijenoord (380),129,765
P320,P400,Kop van Zuid - Entrepot (320),Oosterflank (400),922,12388
P320,P410,Kop van Zuid - Entrepot (320),'s-Gravenland (410),866,8105
P320,P500,Kop van Zuid - Entrepot (320),Middelland (500),448,4280
P320,P501,Kop van Zuid - Entrepot (320),Middelland (501),461,4330
P320,P502,Kop van Zuid - Entrepot (320),Dijkzigt (502),368,3546
P320,P503,Kop van Zuid - Entrepot (320),Middelland (503),452,4262
P320,P504,Kop van Zuid - Entrepot (320),Middelland (504),515,4819
P320,P510,Kop van Zuid - Entrepot (320),Tussendijken (510),611,5534
P320,P511,Kop van Zuid - Entrepot (320),Tussendijken (511),665,6029
P320,P513,Kop van Zuid - Entrepot (320),Tussendijken (513),652,6028
P320,P520,Kop van Zuid - Entrepot (320),Onbekend (520),678,6674
P320,P530,Kop van Zuid - Entrepot (320),Nieuwe Westen (530),531,4826
P320,P531,Kop van Zuid - Entrepot (320),Nieuwe Westen (531),611,5639
P320,P532,Kop van Zuid - Entrepot (320),Nieuwe Westen (532),811,6576
P320,P540,Kop van Zuid - Entrepot (320),Delfshaven (540),444,4384
P320,P560,Kop van Zuid - Entrepot (320),Schiemond (560),488,4246
P320,P570,Kop van Zuid - Entrepot (320),Oud Mathenesse (570),763,7330
P320,P580,Kop van Zuid - Entrepot (320),Schiemond (580),535,4796
P320,P581,Kop van Zuid - Entrepot (320),Bospolder (581),592,5678
P320,P600,Kop van Zuid - Entrepot (320),Struisenburg (600),446,4188
P320,P610,Kop van Zuid - Entrepot (320),Rubroek (610),474,3899
P320,P620,Kop van Zuid - Entrepot (320),De Esch (620),620,5892
P320,P630,Kop van Zuid - Entrepot (320),Kralingen West (630),462,4097
P320,P633,Kop van Zuid - Entrepot (320),Kralingen West (633),500,4662
P320,P634,Kop van Zuid - Entrepot (320),Kralingen West (634),545,5025
P320,P640,Kop van Zuid - Entrepot (320),De Esch (640),642,6581
P320,P650,Kop van Zuid - Entrepot (320),Nieuw Crooswijk (650),556,5009
P320,P651,Kop van Zuid - Entrepot (320),Oud Crooswijk (651),516,4247
P320,P660,Kop van Zuid - Entrepot (320),Kralingen Oost (660),603,5935
P320,P670,Kop van Zuid - Entrepot (320),Nieuw Crooswijk (670),641,5479
P320,P680,Kop van Zuid - Entrepot (320),Nieuw Crooswijk (680),663,5780
P320,P690,Kop van Zuid - Entrepot (320),Kralingen Oost (690),666,6784
P320,P700,Kop van Zuid - Entrepot (320),Provenierswijk (700),577,5044
P320,P710,Kop van Zuid - Entrepot (320),Agniesebuurt (710),484,4105
P320,P712,Kop van Zuid - Entrepot (320),Stadsdriehoek (712),405,3624
P320,P720,Kop van Zuid - Entrepot (320),Blijdorp (720),610,5422
P320,P721,Kop van Zuid - Entrepot (320),Blijdorp (721),564,5163
P320,P723,Kop van Zuid - Entrepot (320),Bergpolder (723),551,5146
P320,P724,Kop van Zuid - Entrepot (320),Blijdorp (724),697,6225
P320,P730,Kop van Zuid - Entrepot (320),Blijdorp (730),588,5524
P320,P740,Kop van Zuid - Entrepot (320),Blijdorp (740),594,5522
P320,P750,Kop van Zuid - Entrepot (320),Oude Noorden (750),557,4872
P320,P751,Kop van Zuid - Entrepot (320),Oude Noorden (751),559,5077
P320,P753,Kop van Zuid - Entrepot (320),Oude Noorden (753),576,5158
P320,P760,Kop van Zuid - Entrepot (320),Liskwartier (760),617,5439
P320,P800,Kop van Zuid - Entrepot (320),Hillegersberg Noord (800),718,6645
P320,P801,Kop van Zuid - Entrepot (320),Hillegersberg Zuid (801),655,6261
P320,P811,Kop van Zuid - Entrepot (320),Hillegersberg Noord (811),841,7967
P320,P812,Kop van Zuid - Entrepot (320),Hillegersberg Noord (812),765,7474
P320,P900,Kop van Zuid - Entrepot (320),Oud IJsselmonde (900),280,2542
P320,P910,Kop van Zuid - Entrepot (320),Groot IJsselmonde (910),398,3593
P320,P912,Kop van Zuid - Entrepot (320),Groot IJsselmonde (912),411,3688
P320,P920,Kop van Zuid - Entrepot (320),Lombardijen (920),505,4727
P320,P930,Kop van Zuid - Entrepot (320),Groot IJsselmonde (930),534,5066
P320,P950,Kop van Zuid - Entrepot (320),Groot IJsselmonde (950),505,4650
P320,P960,Kop van Zuid - Entrepot (320),Oud IJsselmonde (960),383,3663
P320,P980,Kop van Zuid - Entrepot (320),Groot IJsselmonde (980),551,5501
P322,P10,Kop van Zuid - Entrepot (322),Stadsdriehoek (10),258,2263
P322,P11,Kop van Zuid - Entrepot (322),Stadsdriehoek (11),339,2852
P322,P20,Kop van Zuid - Entrepot (322),Stadsdriehoek (20),281,2612
P322,P21,Kop van Zuid - Entrepot (322),Stadsdriehoek (21),237,2075
P322,P30,Kop van Zuid - Entrepot (322),Cool (30),334,3155
P322,P31,Kop van Zuid - Entrepot (322),Cool (31),312,2971
P322,P40,Kop van Zuid - Entrepot (322),Cool (40),217,2063
P322,P41,Kop van Zuid - Entrepot (322),Stadsdriehoek (41),258,2379
P322,P42,Kop van Zuid - Entrepot (322),Dijkzigt (42),296,2684
P322,P50,Kop van Zuid - Entrepot (322),Oude Westen (50),364,3378
P322,P51,Kop van Zuid - Entrepot (322),Dijkzigt (51),321,3050
P322,P60,Kop van Zuid - Entrepot (322),Cool (60),493,4898
P322,P120,Kop van Zuid - Entrepot (322),Nieuwe Werk (120),350,2950
P322,P121,Kop van Zuid - Entrepot (322),Nieuwe Werk (121),280,2524
P322,P200,Kop van Zuid - Entrepot (322),Carnisse (200),487,4594
P322,P201,Kop van Zuid - Entrepot (322),Zuidplein (201),442,4136
P322,P202,Kop van Zuid - Entrepot (322),Carnisse (202),441,4071
P322,P210,Kop van Zuid - Entrepot (322),Onbekend (210),556,5678
P322,P220,Kop van Zuid - Entrepot (322),Charlois Zuidrand (220),718,7240
P322,P230,Kop van Zuid - Entrepot (322),Tarwewijk (230),409,3487
P322,P232,Kop van Zuid - Entrepot (322),Bloemhof (232),310,2939
P322,P240,Kop van Zuid - Entrepot (322),Tarwewijk (240),370,2976
P322,P250,Kop van Zuid - Entrepot (322),Oud Charlois (250),484,4577
P322,P260,Kop van Zuid - Entrepot (322),Oud Charlois (260),550,5516
P322,P270,Kop van Zuid - Entrepot (322),Wielewaal (270),683,6088
P322,P280,Kop van Zuid - Entrepot (322),Pendrecht (280),649,6277
P322,P282,Kop van Zuid - Entrepot (322),Zuiderpark (282),558,5604
P322,P290,Kop van Zuid - Entrepot (322),Zuidwijk (290),605,5843
P322,P300,Kop van Zuid - Entrepot (322),Hillesluis (300),312,2810
P322,P301,Kop van Zuid - Entrepot (322),Hillesluis (301),281,2638
P322,P310,Kop van Zuid - Entrepot (322),Vreewijk (310),529,4787
P322,P311,Kop van Zuid - Entrepot (322),Vreewijk (311),510,4992
P322,P320,Kop van Zuid - Entrepot (322),Kop van Zuid - Entrepot (320),166,1235
P322,P322,Kop van Zuid - Entrepot (322),Kop van Zuid - Entrepot (322),11,0
P322,P323,Kop van Zuid - Entrepot (322),Kop van Zuid (323),142,1282
P322,P330,Kop van Zuid - Entrepot (322),Afrikaanderwijk (330),241,2016
P322,P331,Kop van Zuid - Entrepot (322),Afrikaanderwijk (331),237,2050
P322,P340,Kop van Zuid - Entrepot (322),Bloemhof (340),361,2986
P322,P341,Kop van Zuid - Entrepot (322),Hillesluis (341),370,3208
P322,P350,Kop van Zuid - Entrepot (322),Katendrecht (350),336,2675
P322,P370,Kop van Zuid - Entrepot (322),Noordereiland (370),108,768
P322,P380,Kop van Zuid - Entrepot (322),Feijenoord (380),197,1440
P322,P400,Kop van Zuid - Entrepot (322),Oosterflank (400),888,8825
P322,P410,Kop van Zuid - Entrepot (322),'s-Gravenland (410),777,7001
P322,P500,Kop van Zuid - Entrepot (322),Middelland (500),413,3928
P322,P501,Kop van Zuid - Entrepot (322),Middelland (501),405,3938
P322,P502,Kop van Zuid - Entrepot (322),Dijkzigt (502),339,3224
P322,P503,Kop van Zuid - Entrepot (322),Middelland (503),418,3971
P322,P504,Kop van Zuid - Entrepot (322),Middelland (504),482,4497
P322,P510,Kop van Zuid - Entrepot (322),Tussendijken (510),563,5212
P322,P511,Kop van Zuid - Entrepot (322),Tussendijken (511),637,5707
P322,P513,Kop van Zuid - Entrepot (322),Tussendijken (513),618,5706
P322,P520,Kop van Zuid - Entrepot (322),Onbekend (520),631,6351
P322,P530,Kop van Zuid - Entrepot (322),Nieuwe Westen (530),500,4499
P322,P531,Kop van Zuid - Entrepot (322),Nieuwe Westen (531),572,5317
P322,P532,Kop van Zuid - Entrepot (322),Nieuwe Westen (532),780,6216
P322,P540,Kop van Zuid - Entrepot (322),Delfshaven (540),408,4038
P322,P560,Kop van Zuid - Entrepot (322),Schiemond (560),427,3906
P322,P570,Kop van Zuid - Entrepot (322),Oud Mathenesse (570),702,7007
P322,P580,Kop van Zuid - Entrepot (322),Schiemond (580),507,4474
P322,P581,Kop van Zuid - Entrepot (322),Bospolder (581),557,5355
P322,P600,Kop van Zuid - Entrepot (322),Struisenburg (600),345,3137
P322,P610,Kop van Zuid - Entrepot (322),Rubroek (610),366,3084
P322,P620,Kop van Zuid - Entrepot (322),De Esch (620),521,4700
P322,P630,Kop van Zuid - Entrepot (322),Kralingen West (630),358,3265
P322,P633,Kop van Zuid - Entrepot (322),Kralingen West (633),398,3830
P322,P634,Kop van Zuid - Entrepot (322),Kralingen West (634),442,3974
P322,P640,Kop van Zuid - Entrepot (322),De Esch (640),541,5388
P322,P650,Kop van Zuid - Entrepot (322),Nieuw Crooswijk (650),448,4131
P322,P651,Kop van Zuid - Entrepot (322),Oud Crooswijk (651),420,3447
P322,P660,Kop van Zuid - Entrepot (322),Kralingen Oost (660),502,4919
P322,P670,Kop van Zuid - Entrepot (322),Nieuw Crooswijk (670),537,4594
P322,P680,Kop van Zuid - Entrepot (322),Nieuw Crooswijk (680),559,4884
P322,P690,Kop van Zuid - Entrepot (322),Kralingen Oost (690),578,5685
P322,P700,Kop van Zuid - Entrepot (322),Provenierswijk (700),520,4489
P322,P710,Kop van Zuid - Entrepot (322),Agniesebuurt (710),429,3801
P322,P712,Kop van Zuid - Entrepot (322),Stadsdriehoek (712),359,3336
P322,P720,Kop van Zuid - Entrepot (322),Blijdorp (720),559,5119
P322,P721,Kop van Zuid - Entrepot (322),Blijdorp (721),519,4821
P322,P723,Kop van Zuid - Entrepot (322),Bergpolder (723),505,4805
P322,P724,Kop van Zuid - Entrepot (322),Blijdorp (724),653,5922
P322,P730,Kop van Zuid - Entrepot (322),Blijdorp (730),532,4811
P322,P740,Kop van Zuid - Entrepot (322),Blijdorp (740),548,5256
P322,P750,Kop van Zuid - Entrepot (322),Oude Noorden (750),514,4698
P322,P751,Kop van Zuid - Entrepot (322),Oude Noorden (751),477,4516
P322,P753,Kop van Zuid - Entrepot (322),Oude Noorden (753),472,4335
P322,P760,Kop van Zuid - Entrepot (322),Liskwartier (760),534,4884
P322,P800,Kop van Zuid - Entrepot (322),Hillegersberg Noord (800),623,5891
P322,P801,Kop van Zuid - Entrepot (322),Hillegersberg Zuid (801),559,5519
P322,P811,Kop van Zuid - Entrepot (322),Hillegersberg Noord (811),746,7222
P322,P812,Kop van Zuid - Entrepot (322),Hillegersberg Noord (812),669,6720
P322,P900,Kop van Zuid - Entrepot (322),Oud IJsselmonde (900),368,3363
P322,P910,Kop van Zuid - Entrepot (322),Groot IJsselmonde (910),481,4784
P322,P912,Kop van Zuid - Entrepot (322),Groot IJsselmonde (912),505,4729
P322,P920,Kop van Zuid - Entrepot (322),Lombardijen (920),590,5680
P322,P930,Kop van Zuid - Entrepot (322),Groot IJsselmonde (930),616,6080
P322,P950,Kop van Zuid - Entrepot (322),Groot IJsselmonde (950),592,5660
P322,P960,Kop van Zuid - Entrepot (322),Oud IJsselmonde (960),472,4676
P322,P980,Kop van Zuid - Entrepot (322),Groot IJsselmonde (980),634,6489
P323,P10,Kop van Zuid (323),Stadsdriehoek (10),320,2977
P323,P11,Kop van Zuid (323),Stadsdriehoek (11),286,2543
P323,P20,Kop van Zuid (323),Stadsdriehoek (20),316,3079
P323,P21,Kop van Zuid (323),Stadsdriehoek (21),238,2405
P323,P30,Kop van Zuid (323),Cool (30),294,2803
P323,P31,Kop van Zuid (323),Cool (31),271,2619
P323,P40,Kop van Zuid (323),Cool (40),170,1632
P323,P41,Kop van Zuid (323),Stadsdriehoek (41),215,1971
P323,P42,Kop van Zuid (323),Dijkzigt (42),241,2243
P323,P50,Kop van Zuid (323),Oude Westen (50),319,2992
P323,P51,Kop van Zuid (323),Dijkzigt (51),286,2672
P323,P60,Kop van Zuid (323),Cool (60),440,4466
P323,P120,Kop van Zuid (323),Nieuwe Werk (120),304,2509
P323,P121,Kop van Zuid (323),Nieuwe Werk (121),228,2084
P323,P200,Kop van Zuid (323),Carnisse (200),340,3312
P323,P201,Kop van Zuid (323),Zuidplein (201),300,2854
P323,P202,Kop van Zuid (323),Carnisse (202),299,2789
P323,P210,Kop van Zuid (323),Onbekend (210),412,4396
P323,P220,Kop van Zuid (323),Charlois Zuidrand (220),576,5976
P323,P230,Kop van Zuid (323),Tarwewijk (230),267,2205
P323,P232,Kop van Zuid (323),Bloemhof (232),167,1657
P323,P240,Kop van Zuid (323),Tarwewijk (240),230,1694
P323,P250,Kop van Zuid (323),Oud Charlois (250),341,3295
P323,P260,Kop van Zuid (323),Oud Charlois (260),406,4234
P323,P270,Kop van Zuid (323),Wielewaal (270),541,4806
P323,P280,Kop van Zuid (323),Pendrecht (280),509,4995
P323,P282,Kop van Zuid (323),Zuiderpark (282),416,4368
P323,P290,Kop van Zuid (323),Zuidwijk (290),463,4561
P323,P300,Kop van Zuid (323),Hillesluis (300),249,1743
P323,P301,Kop van Zuid (323),Hillesluis (301),231,2093
P323,P310,Kop van Zuid (323),Vreewijk (310),387,3720
P323,P311,Kop van Zuid (323),Vreewijk (311),394,3796
P323,P320,Kop van Zuid (323),Kop van Zuid - Entrepot (320),176,1271
P323,P322,Kop van Zuid (323),Kop van Zuid - Entrepot (322),193,1709
P323,P323,Kop van Zuid (323),Kop van Zuid (323),7,0
P323,P330,Kop van Zuid (323),Afrikaanderwijk (330),169,1158
P323,P331,Kop van Zuid (323),Afrikaanderwijk (331),92,754
P323,P340,Kop van Zuid (323),Bloemhof (340),219,1692
P323,P341,Kop van Zuid (323),Hillesluis (341),287,2040
P323,P350,Kop van Zuid (323),Katendrecht (350),190,1390
P323,P370,Kop van Zuid (323),Noordereiland (370),214,1685
P323,P380,Kop van Zuid (323),Feijenoord (380),230,1773
P323,P400,Kop van Zuid (323),Oosterflank (400),930,9469
P323,P410,Kop van Zuid (323),'s-Gravenland (410),812,7444
P323,P500,Kop van Zuid (323),Middelland (500),365,3516
P323,P501,Kop van Zuid (323),Middelland (501),359,3498
P323,P502,Kop van Zuid (323),Dijkzigt (502),287,2777
P323,P503,Kop van Zuid (323),Middelland (503),373,3499
P323,P504,Kop van Zuid (323),Middelland (504),427,4056
P323,P510,Kop van Zuid (323),Tussendijken (510),508,4771
P323,P511,Kop van Zuid (323),Tussendijken (511),583,5266
P323,P513,Kop van Zuid (323),Tussendijken (513),565,5265
P323,P520,Kop van Zuid (323),Onbekend (520),581,5911
P323,P530,Kop van Zuid (323),Nieuwe Westen (530),449,4080
P323,P531,Kop van Zuid (323),Nieuwe Westen (531),532,4876
P323,P532,Kop van Zuid (323),Nieuwe Westen (532),730,5807
P323,P540,Kop van Zuid (323),Delfshaven (540),361,3622
P323,P560,Kop van Zuid (323),Schiemond (560),385,3466
P323,P570,Kop van Zuid (323),Oud Mathenesse (570),661,6566
P323,P580,Kop van Zuid (323),Schiemond (580),453,4033
P323,P581,Kop van Zuid (323),Bospolder (581),513,4915
P323,P600,Kop van Zuid (323),Struisenburg (600),386,3607
P323,P610,Kop van Zuid (323),Rubroek (610),424,3819
P323,P620,Kop van Zuid (323),De Esch (620),548,5138
P323,P630,Kop van Zuid (323),Kralingen West (630),402,3916
P323,P633,Kop van Zuid (323),Kralingen West (633),434,4301
P323,P634,Kop van Zuid (323),Kralingen West (634),486,4444
P323,P640,Kop van Zuid (323),De Esch (640),579,5827
P323,P650,Kop van Zuid (323),Nieuw Crooswijk (650),515,4834
P323,P651,Kop van Zuid (323),Oud Crooswijk (651),474,4150
P323,P660,Kop van Zuid (323),Kralingen Oost (660),532,5355
P323,P670,Kop van Zuid (323),Nieuw Crooswijk (670),587,5244
P323,P680,Kop van Zuid (323),Nieuw Crooswijk (680),601,5534
P323,P690,Kop van Zuid (323),Kralingen Oost (690),601,6187
P323,P700,Kop van Zuid (323),Provenierswijk (700),481,4030
P323,P710,Kop van Zuid (323),Agniesebuurt (710),389,3342
P323,P712,Kop van Zuid (323),Stadsdriehoek (712),326,2862
P323,P720,Kop van Zuid (323),Blijdorp (720),529,4660
P323,P721,Kop van Zuid (323),Blijdorp (721),479,4394
P323,P723,Kop van Zuid (323),Bergpolder (723),472,4378
P323,P724,Kop van Zuid (323),Blijdorp (724),618,5462
P323,P730,Kop van Zuid (323),Blijdorp (730),509,4341
P323,P740,Kop van Zuid (323),Blijdorp (740),512,4762
P323,P750,Kop van Zuid (323),Oude Noorden (750),475,4251
P323,P751,Kop van Zuid (323),Oude Noorden (751),473,4278
P323,P753,Kop van Zuid (323),Oude Noorden (753),526,5070
P323,P760,Kop van Zuid (323),Liskwartier (760),536,4792
P323,P800,Kop van Zuid (323),Hillegersberg Noord (800),640,5990
P323,P801,Kop van Zuid (323),Hillegersberg Zuid (801),583,5596
P323,P811,Kop van Zuid (323),Hillegersberg Noord (811),779,7312
P323,P812,Kop van Zuid (323),Hillegersberg Noord (812),692,6819
P323,P900,Kop van Zuid (323),Oud IJsselmonde (900),323,2776
P323,P910,Kop van Zuid (323),Groot IJsselmonde (910),418,4230
P323,P912,Kop van Zuid (323),Groot IJsselmonde (912),450,4115
P323,P920,Kop van Zuid (323),Lombardijen (920),461,4485
P323,P930,Kop van Zuid (323),Groot IJsselmonde (930),553,5494
P323,P950,Kop van Zuid (323),Groot IJsselmonde (950),531,5076
P323,P960,Kop van Zuid (323),Oud IJsselmonde (960),415,4090
P323,P980,Kop van Zuid (323),Groot IJsselmonde (980),578,5928
P330,P10,Afrikaanderwijk (330),Stadsdriehoek (10),421,3833
P330,P11,Afrikaanderwijk (330),Stadsdriehoek (11),402,3522
P330,P20,Afrikaanderwijk (330),Stadsdriehoek (20),430,4061
P330,P21,Afrikaanderwijk (330),Stadsdriehoek (21),352,3336
P330,P30,Afrikaanderwijk (330),Cool (30),398,3782
P330,P31,Afrikaanderwijk (330),Cool (31),375,3598
P330,P40,Afrikaanderwijk (330),Cool (40),284,2625
P330,P41,Afrikaanderwijk (330),Stadsdriehoek (41),320,2904
P330,P42,Afrikaanderwijk (330),Dijkzigt (42),358,3222
P330,P50,Afrikaanderwijk (330),Oude Westen (50),432,3991
P330,P51,Afrikaanderwijk (330),Dijkzigt (51),389,3711
P330,P60,Afrikaanderwijk (330),Cool (60),556,5420
P330,P120,Afrikaanderwijk (330),Nieuwe Werk (120),412,3488
P330,P121,Afrikaanderwijk (330),Nieuwe Werk (121),342,3063
P330,P200,Afrikaanderwijk (330),Carnisse (200),388,3181
P330,P201,Afrikaanderwijk (330),Zuidplein (201),343,2917
P330,P202,Afrikaanderwijk (330),Carnisse (202),342,2852
P330,P210,Afrikaanderwijk (330),Onbekend (210),458,4290
P330,P220,Afrikaanderwijk (330),Charlois Zuidrand (220),617,5764
P330,P230,Afrikaanderwijk (330),Tarwewijk (230),310,2268
P330,P232,Afrikaanderwijk (330),Bloemhof (232),210,1720
P330,P240,Afrikaanderwijk (330),Tarwewijk (240),254,1550
P330,P250,Afrikaanderwijk (330),Oud Charlois (250),386,3165
P330,P260,Afrikaanderwijk (330),Oud Charlois (260),449,4078
P330,P270,Afrikaanderwijk (330),Wielewaal (270),584,4676
P330,P280,Afrikaanderwijk (330),Pendrecht (280),534,4941
P330,P282,Afrikaanderwijk (330),Zuiderpark (282),452,4340
P330,P290,Afrikaanderwijk (330),Zuidwijk (290),506,4624
P330,P300,Afrikaanderwijk (330),Hillesluis (300),193,1379
P330,P301,Afrikaanderwijk (330),Hillesluis (301),170,1362
P330,P310,Afrikaanderwijk (330),Vreewijk (310),417,3568
P330,P311,Afrikaanderwijk (330),Vreewijk (311),391,3673
P330,P320,Afrikaanderwijk (330),Kop van Zuid - Entrepot (320),140,835
P330,P322,Afrikaanderwijk (330),Kop van Zuid - Entrepot (322),210,1620
P330,P323,Afrikaanderwijk (330),Kop van Zuid (323),147,1096
P330,P330,Afrikaanderwijk (330),Afrikaanderwijk (330),57,0
P330,P331,Afrikaanderwijk (330),Afrikaanderwijk (331),80,511
P330,P340,Afrikaanderwijk (330),Bloemhof (340),200,1209
P330,P341,Afrikaanderwijk (330),Hillesluis (341),253,1824
P330,P350,Afrikaanderwijk (330),Katendrecht (350),255,1617
P330,P370,Afrikaanderwijk (330),Noordereiland (370),271,2321
P330,P380,Afrikaanderwijk (330),Feijenoord (380),208,1335
P330,P400,Afrikaanderwijk (330),Oosterflank (400),896,12148
P330,P410,Afrikaanderwijk (330),'s-Gravenland (410),846,10128
P330,P500,Afrikaanderwijk (330),Middelland (500),480,4450
P330,P501,Afrikaanderwijk (330),Middelland (501),467,4477
P330,P502,Afrikaanderwijk (330),Dijkzigt (502),401,3762
P330,P503,Afrikaanderwijk (330),Middelland (503),486,4508
P330,P504,Afrikaanderwijk (330),Middelland (504),544,5035
P330,P510,Afrikaanderwijk (330),Tussendijken (510),625,5750
P330,P511,Afrikaanderwijk (330),Tussendijken (511),699,6245
P330,P513,Afrikaanderwijk (330),Tussendijken (513),680,6244
P330,P520,Afrikaanderwijk (330),Onbekend (520),693,6872
P330,P530,Afrikaanderwijk (330),Nieuwe Westen (530),565,5020
P330,P531,Afrikaanderwijk (330),Nieuwe Westen (531),639,5856
P330,P532,Afrikaanderwijk (330),Nieuwe Westen (532),846,6737
P330,P540,Afrikaanderwijk (330),Delfshaven (540),476,4560
P330,P560,Afrikaanderwijk (330),Schiemond (560),489,4445
P330,P570,Afrikaanderwijk (330),Oud Mathenesse (570),764,7579
P330,P580,Afrikaanderwijk (330),Schiemond (580),569,5012
P330,P581,Afrikaanderwijk (330),Bospolder (581),619,5894
P330,P600,Afrikaanderwijk (330),Struisenburg (600),489,4584
P330,P610,Afrikaanderwijk (330),Rubroek (610),525,4624
P330,P620,Afrikaanderwijk (330),De Esch (620),661,6182
P330,P630,Afrikaanderwijk (330),Kralingen West (630),512,4826
P330,P633,Afrikaanderwijk (330),Kralingen West (633),545,5280
P330,P634,Afrikaanderwijk (330),Kralingen West (634),603,5424
P330,P640,Afrikaanderwijk (330),De Esch (640),680,8124
P330,P650,Afrikaanderwijk (330),Nieuw Crooswijk (650),607,5693
P330,P651,Afrikaanderwijk (330),Oud Crooswijk (651),579,5009
P330,P660,Afrikaanderwijk (330),Kralingen Oost (660),613,7471
P330,P670,Afrikaanderwijk (330),Nieuw Crooswijk (670),695,6155
P330,P680,Afrikaanderwijk (330),Nieuw Crooswijk (680),717,6445
P330,P690,Afrikaanderwijk (330),Kralingen Oost (690),672,8506
P330,P700,Afrikaanderwijk (330),Provenierswijk (700),597,5009
P330,P710,Afrikaanderwijk (330),Agniesebuurt (710),505,4340
P330,P712,Afrikaanderwijk (330),Stadsdriehoek (712),440,3840
P330,P720,Afrikaanderwijk (330),Blijdorp (720),636,5634
P330,P721,Afrikaanderwijk (330),Blijdorp (721),595,5324
P330,P723,Afrikaanderwijk (330),Bergpolder (723),587,5309
P330,P724,Afrikaanderwijk (330),Blijdorp (724),732,6441
P330,P730,Afrikaanderwijk (330),Blijdorp (730),614,5364
P330,P740,Afrikaanderwijk (330),Blijdorp (740),625,5810
P330,P750,Afrikaanderwijk (330),Oude Noorden (750),591,5202
P330,P751,Afrikaanderwijk (330),Oude Noorden (751),582,5267
P330,P753,Afrikaanderwijk (330),Oude Noorden (753),638,5874
P330,P760,Afrikaanderwijk (330),Liskwartier (760),652,5722
P330,P800,Afrikaanderwijk (330),Hillegersberg Noord (800),757,6969
P330,P801,Afrikaanderwijk (330),Hillegersberg Zuid (801),697,6590
P330,P811,Afrikaanderwijk (330),Hillegersberg Noord (811),886,8291
P330,P812,Afrikaanderwijk (330),Hillegersberg Noord (812),806,7798
P330,P900,Afrikaanderwijk (330),Oud IJsselmonde (900),257,2109
P330,P910,Afrikaanderwijk (330),Groot IJsselmonde (910),370,3509
P330,P912,Afrikaanderwijk (330),Groot IJsselmonde (912),389,3466
P330,P920,Afrikaanderwijk (330),Lombardijen (920),482,4430
P330,P930,Afrikaanderwijk (330),Groot IJsselmonde (930),506,4826
P330,P950,Afrikaanderwijk (330),Groot IJsselmonde (950),475,4384
P330,P960,Afrikaanderwijk (330),Oud IJsselmonde (960),359,3423
P330,P980,Afrikaanderwijk (330),Groot IJsselmonde (980),517,5214
P331,P10,Afrikaanderwijk (331),Stadsdriehoek (10),416,3942
P331,P11,Afrikaanderwijk (331),Stadsdriehoek (11),394,3512
P331,P20,Afrikaanderwijk (331),Stadsdriehoek (20),415,4028
P331,P21,Afrikaanderwijk (331),Stadsdriehoek (21),340,3349
P331,P30,Afrikaanderwijk (331),Cool (30),388,3772
P331,P31,Afrikaanderwijk (331),Cool (31),366,3588
P331,P40,Afrikaanderwijk (331),Cool (40),269,2576
P331,P41,Afrikaanderwijk (331),Stadsdriehoek (41),311,2915
P331,P42,Afrikaanderwijk (331),Dijkzigt (42),349,3212
P331,P50,Afrikaanderwijk (331),Oude Westen (50),416,3979
P331,P51,Afrikaanderwijk (331),Dijkzigt (51),372,3651
P331,P60,Afrikaanderwijk (331),Cool (60),545,5434
P331,P120,Afrikaanderwijk (331),Nieuwe Werk (120),403,3478
P331,P121,Afrikaanderwijk (331),Nieuwe Werk (121),333,3053
P331,P200,Afrikaanderwijk (331),Carnisse (200),322,2790
P331,P201,Afrikaanderwijk (331),Zuidplein (201),282,2321
P331,P202,Afrikaanderwijk (331),Carnisse (202),280,2267
P331,P210,Afrikaanderwijk (331),Onbekend (210),393,3874
P331,P220,Afrikaanderwijk (331),Charlois Zuidrand (220),555,5443
P331,P230,Afrikaanderwijk (331),Tarwewijk (230),248,1683
P331,P232,Afrikaanderwijk (331),Bloemhof (232),149,1135
P331,P240,Afrikaanderwijk (331),Tarwewijk (240),206,1172
P331,P250,Afrikaanderwijk (331),Oud Charlois (250),321,2773
P331,P260,Afrikaanderwijk (331),Oud Charlois (260),387,3712
P331,P270,Afrikaanderwijk (331),Wielewaal (270),519,4284
P331,P280,Afrikaanderwijk (331),Pendrecht (280),487,4473
P331,P282,Afrikaanderwijk (331),Zuiderpark (282),398,3850
P331,P290,Afrikaanderwijk (331),Zuidwijk (290),444,4039
P331,P300,Afrikaanderwijk (331),Hillesluis (300),186,1200
P331,P301,Afrikaanderwijk (331),Hillesluis (301),185,1454
P331,P310,Afrikaanderwijk (331),Vreewijk (310),368,3198
P331,P311,Afrikaanderwijk (331),Vreewijk (311),375,3252
P331,P320,Afrikaanderwijk (331),Kop van Zuid - Entrepot (320),204,1253
P331,P322,Afrikaanderwijk (331),Kop van Zuid - Entrepot (322),278,2033
P331,P323,Afrikaanderwijk (331),Kop van Zuid (323),111,987
P331,P330,Afrikaanderwijk (331),Afrikaanderwijk (330),123,726
P331,P331,Afrikaanderwijk (331),Afrikaanderwijk (331),14,0
P331,P340,Afrikaanderwijk (331),Bloemhof (340),177,1088
P331,P341,Afrikaanderwijk (331),Hillesluis (341),235,1497
P331,P350,Afrikaanderwijk (331),Katendrecht (350),225,1547
P331,P370,Afrikaanderwijk (331),Noordereiland (370),301,2654
P331,P380,Afrikaanderwijk (331),Feijenoord (380),272,1755
P331,P400,Afrikaanderwijk (331),Oosterflank (400),950,12542
P331,P410,Afrikaanderwijk (331),'s-Gravenland (410),899,10522
P331,P500,Afrikaanderwijk (331),Middelland (500),465,4464
P331,P501,Afrikaanderwijk (331),Middelland (501),458,4467
P331,P502,Afrikaanderwijk (331),Dijkzigt (502),392,3752
P331,P503,Afrikaanderwijk (331),Middelland (503),469,4483
P331,P504,Afrikaanderwijk (331),Middelland (504),535,5025
P331,P510,Afrikaanderwijk (331),Tussendijken (510),616,5740
P331,P511,Afrikaanderwijk (331),Tussendijken (511),690,6235
P331,P513,Afrikaanderwijk (331),Tussendijken (513),672,6234
P331,P520,Afrikaanderwijk (331),Onbekend (520),684,6881
P331,P530,Afrikaanderwijk (331),Nieuwe Westen (530),552,5034
P331,P531,Afrikaanderwijk (331),Nieuwe Westen (531),624,5846
P331,P532,Afrikaanderwijk (331),Nieuwe Westen (532),832,6751
P331,P540,Afrikaanderwijk (331),Delfshaven (540),460,4574
P331,P560,Afrikaanderwijk (331),Schiemond (560),480,4435
P331,P570,Afrikaanderwijk (331),Oud Mathenesse (570),755,7536
P331,P580,Afrikaanderwijk (331),Schiemond (580),560,5002
P331,P581,Afrikaanderwijk (331),Bospolder (581),610,5884
P331,P600,Afrikaanderwijk (331),Struisenburg (600),476,4576
P331,P610,Afrikaanderwijk (331),Rubroek (610),523,4764
P331,P620,Afrikaanderwijk (331),De Esch (620),649,6122
P331,P630,Afrikaanderwijk (331),Kralingen West (630),501,4885
P331,P633,Afrikaanderwijk (331),Kralingen West (633),533,5270
P331,P634,Afrikaanderwijk (331),Kralingen West (634),594,5414
P331,P640,Afrikaanderwijk (331),De Esch (640),672,6812
P331,P650,Afrikaanderwijk (331),Nieuw Crooswijk (650),601,5803
P331,P651,Afrikaanderwijk (331),Oud Crooswijk (651),576,5120
P331,P660,Afrikaanderwijk (331),Kralingen Oost (660),632,6342
P331,P670,Afrikaanderwijk (331),Nieuw Crooswijk (670),686,6214
P331,P680,Afrikaanderwijk (331),Nieuw Crooswijk (680),709,6504
P331,P690,Afrikaanderwijk (331),Kralingen Oost (690),708,7131
P331,P700,Afrikaanderwijk (331),Provenierswijk (700),588,4999
P331,P710,Afrikaanderwijk (331),Agniesebuurt (710),497,4311
P331,P712,Afrikaanderwijk (331),Stadsdriehoek (712),427,3849
P331,P720,Afrikaanderwijk (331),Blijdorp (720),627,5629
P331,P721,Afrikaanderwijk (331),Blijdorp (721),587,5338
P331,P723,Afrikaanderwijk (331),Bergpolder (723),572,5322
P331,P724,Afrikaanderwijk (331),Blijdorp (724),721,6431
P331,P730,Afrikaanderwijk (331),Blijdorp (730),599,5310
P331,P740,Afrikaanderwijk (331),Blijdorp (740),610,5749
P331,P750,Afrikaanderwijk (331),Oude Noorden (750),582,5216
P331,P751,Afrikaanderwijk (331),Oude Noorden (751),566,5243
P331,P753,Afrikaanderwijk (331),Oude Noorden (753),630,6014
P331,P760,Afrikaanderwijk (331),Liskwartier (760),637,5736
P331,P800,Afrikaanderwijk (331),Hillegersberg Noord (800),748,6959
P331,P801,Afrikaanderwijk (331),Hillegersberg Zuid (801),684,6570
P331,P811,Afrikaanderwijk (331),Hillegersberg Noord (811),869,8281
P331,P812,Afrikaanderwijk (331),Hillegersberg Noord (812),794,7788
P331,P900,Afrikaanderwijk (331),Oud IJsselmonde (900),308,2503
P331,P910,Afrikaanderwijk (331),Groot IJsselmonde (910),421,3908
P331,P912,Afrikaanderwijk (331),Groot IJsselmonde (912),441,3852
P331,P920,Afrikaanderwijk (331),Lombardijen (920),443,3963
P331,P930,Afrikaanderwijk (331),Groot IJsselmonde (930),556,5220
P331,P950,Afrikaanderwijk (331),Groot IJsselmonde (950),524,4783
P331,P960,Afrikaanderwijk (331),Oud IJsselmonde (960),412,3816
P331,P980,Afrikaanderwijk (331),Groot IJsselmonde (980),570,5613
P340,P10,Bloemhof (340),Stadsdriehoek (10),575,5144
P340,P11,Bloemhof (340),Stadsdriehoek (11),557,4591
P340,P20,Bloemhof (340),Stadsdriehoek (20),583,5025
P340,P21,Bloemhof (340),Stadsdriehoek (21),507,4341
P340,P30,Bloemhof (340),Cool (30),554,4901
P340,P31,Bloemhof (340),Cool (31),530,4781
P340,P40,Bloemhof (340),Cool (40),437,3590
P340,P41,Bloemhof (340),Stadsdriehoek (41),474,3922
P340,P42,Bloemhof (340),Dijkzigt (42),512,4356
P340,P50,Bloemhof (340),Oude Westen (50),577,5025
P340,P51,Bloemhof (340),Dijkzigt (51),543,4786
P340,P60,Bloemhof (340),Cool (60),650,6224
P340,P120,Bloemhof (340),Nieuwe Werk (120),566,4694
P340,P121,Bloemhof (340),Nieuwe Werk (121),496,4028
P340,P200,Bloemhof (340),Carnisse (200),329,2372
P340,P201,Bloemhof (340),Zuidplein (201),260,1845
P340,P202,Bloemhof (340),Carnisse (202),258,1780
P340,P210,Bloemhof (340),Onbekend (210),490,4458
P340,P220,Bloemhof (340),Charlois Zuidrand (220),576,5463
P340,P230,Bloemhof (340),Tarwewijk (230),286,2048
P340,P232,Bloemhof (340),Bloemhof (232),156,1058
P340,P240,Bloemhof (340),Tarwewijk (240),316,2094
P340,P250,Bloemhof (340),Oud Charlois (250),419,3115
P340,P260,Bloemhof (340),Oud Charlois (260),472,4179
P340,P270,Bloemhof (340),Wielewaal (270),601,4711
P340,P280,Bloemhof (340),Pendrecht (280),462,3986
P340,P282,Bloemhof (340),Zuiderpark (282),374,3363
P340,P290,Bloemhof (340),Zuidwijk (290),414,3510
P340,P300,Bloemhof (340),Hillesluis (300),141,775
P340,P301,Bloemhof (340),Hillesluis (301),149,972
P340,P310,Bloemhof (340),Vreewijk (310),302,1930
P340,P311,Bloemhof (340),Vreewijk (311),274,1703
P340,P320,Bloemhof (340),Kop van Zuid - Entrepot (320),306,2355
P340,P322,Bloemhof (340),Kop van Zuid - Entrepot (322),340,2822
P340,P323,Bloemhof (340),Kop van Zuid (323),284,2295
P340,P330,Bloemhof (340),Afrikaanderwijk (330),261,1632
P340,P331,Bloemhof (340),Afrikaanderwijk (331),232,1495
P340,P340,Bloemhof (340),Bloemhof (340),68,0
P340,P341,Bloemhof (340),Hillesluis (341),144,898
P340,P350,Bloemhof (340),Katendrecht (350),397,2582
P340,P370,Bloemhof (340),Noordereiland (370),430,3610
P340,P380,Bloemhof (340),Feijenoord (380),336,2528
P340,P400,Bloemhof (340),Oosterflank (400),920,12108
P340,P410,Bloemhof (340),'s-Gravenland (410),870,10092
P340,P500,Bloemhof (340),Middelland (500),572,5254
P340,P501,Bloemhof (340),Middelland (501),572,5300
P340,P502,Bloemhof (340),Dijkzigt (502),510,4647
P340,P503,Bloemhof (340),Middelland (503),580,5312
P340,P504,Bloemhof (340),Middelland (504),638,5858
P340,P510,Bloemhof (340),Tussendijken (510),733,6635
P340,P511,Bloemhof (340),Tussendijken (511),807,7130
P340,P513,Bloemhof (340),Tussendijken (513),780,7050
P340,P520,Bloemhof (340),Onbekend (520),809,7739
P340,P530,Bloemhof (340),Nieuwe Westen (530),659,5825
P340,P531,Bloemhof (340),Nieuwe Westen (531),739,6683
P340,P532,Bloemhof (340),Nieuwe Westen (532),939,7615
P340,P540,Bloemhof (340),Delfshaven (540),586,5482
P340,P560,Bloemhof (340),Schiemond (560),612,5415
P340,P570,Bloemhof (340),Oud Mathenesse (570),889,8506
P340,P580,Bloemhof (340),Schiemond (580),677,5897
P340,P581,Bloemhof (340),Bospolder (581),734,6779
P340,P600,Bloemhof (340),Struisenburg (600),645,5584
P340,P610,Bloemhof (340),Rubroek (610),682,5972
P340,P620,Bloemhof (340),De Esch (620),709,8035
P340,P630,Bloemhof (340),Kralingen West (630),667,5999
P340,P633,Bloemhof (340),Kralingen West (633),700,6294
P340,P634,Bloemhof (340),Kralingen West (634),757,6670
P340,P640,Bloemhof (340),De Esch (640),707,8108
P340,P650,Bloemhof (340),Nieuw Crooswijk (650),764,6988
P340,P651,Bloemhof (340),Oud Crooswijk (651),733,6322
P340,P660,Bloemhof (340),Kralingen Oost (660),636,7424
P340,P670,Bloemhof (340),Nieuw Crooswijk (670),850,7474
P340,P680,Bloemhof (340),Nieuw Crooswijk (680),872,7740
P340,P690,Bloemhof (340),Kralingen Oost (690),695,8512
P340,P700,Bloemhof (340),Provenierswijk (700),751,6213
P340,P710,Bloemhof (340),Agniesebuurt (710),660,5375
P340,P712,Bloemhof (340),Stadsdriehoek (712),593,4845
P340,P720,Bloemhof (340),Blijdorp (720),790,6639
P340,P721,Bloemhof (340),Blijdorp (721),750,6358
P340,P723,Bloemhof (340),Bergpolder (723),739,6314
P340,P724,Bloemhof (340),Blijdorp (724),858,8349
P340,P730,Bloemhof (340),Blijdorp (730),757,6640
P340,P740,Bloemhof (340),Blijdorp (740),770,6903
P340,P750,Bloemhof (340),Oude Noorden (750),746,6195
P340,P751,Bloemhof (340),Oude Noorden (751),736,6335
P340,P753,Bloemhof (340),Oude Noorden (753),793,7216
P340,P760,Bloemhof (340),Liskwartier (760),805,6735
P340,P800,Bloemhof (340),Hillegersberg Noord (800),911,8081
P340,P801,Bloemhof (340),Hillegersberg Zuid (801),850,7596
P340,P811,Bloemhof (340),Hillegersberg Noord (811),1042,9288
P340,P812,Bloemhof (340),Hillegersberg Noord (812),959,8799
P340,P900,Bloemhof (340),Oud IJsselmonde (900),325,2721
P340,P910,Bloemhof (340),Groot IJsselmonde (910),434,3494
P340,P912,Bloemhof (340),Groot IJsselmonde (912),413,3419
P340,P920,Bloemhof (340),Lombardijen (920),393,3225
P340,P930,Bloemhof (340),Groot IJsselmonde (930),585,5138
P340,P950,Bloemhof (340),Groot IJsselmonde (950),502,4369
P340,P960,Bloemhof (340),Oud IJsselmonde (960),383,3382
P340,P980,Bloemhof (340),Groot IJsselmonde (980),570,5103
P341,P10,Hillesluis (341),Stadsdriehoek (10),606,5969
P341,P11,Hillesluis (341),Stadsdriehoek (11),577,5460
P341,P20,Hillesluis (341),Stadsdriehoek (20),606,6074
P341,P21,Hillesluis (341),Stadsdriehoek (21),519,5028
P341,P30,Hillesluis (341),Cool (30),578,5768
P341,P31,Hillesluis (341),Cool (31),556,5547
P341,P40,Hillesluis (341),Cool (40),459,4630
P341,P41,Hillesluis (341),Stadsdriehoek (41),501,4899
P341,P42,Hillesluis (341),Dijkzigt (42),523,5076
P341,P50,Hillesluis (341),Oude Westen (50),578,5481
P341,P51,Hillesluis (341),Dijkzigt (51),558,5608
P341,P60,Hillesluis (341),Cool (60),651,6596
P341,P120,Hillesluis (341),Nieuwe Werk (120),593,5358
P341,P121,Hillesluis (341),Nieuwe Werk (121),523,5076
P341,P200,Hillesluis (341),Carnisse (200),330,2744
P341,P201,Hillesluis (341),Zuidplein (201),259,2185
P341,P202,Hillesluis (341),Carnisse (202),257,2144
P341,P210,Hillesluis (341),Onbekend (210),489,4806
P341,P220,Hillesluis (341),Charlois Zuidrand (220),575,5803
P341,P230,Hillesluis (341),Tarwewijk (230),290,2569
P341,P232,Hillesluis (341),Bloemhof (232),170,1659
P341,P240,Hillesluis (341),Tarwewijk (240),334,2626
P341,P250,Hillesluis (341),Oud Charlois (250),418,3493
P341,P260,Hillesluis (341),Oud Charlois (260),471,4550
P341,P270,Hillesluis (341),Wielewaal (270),601,5074
P341,P280,Hillesluis (341),Pendrecht (280),467,4406
P341,P282,Hillesluis (341),Zuiderpark (282),373,3703
P341,P290,Hillesluis (341),Zuidwijk (290),347,2792
P341,P300,Hillesluis (341),Hillesluis (300),175,1102
P341,P301,Hillesluis (341),Hillesluis (301),209,1344
P341,P310,Hillesluis (341),Vreewijk (310),199,1398
P341,P311,Hillesluis (341),Vreewijk (311),167,1092
P341,P320,Hillesluis (341),Kop van Zuid - Entrepot (320),351,2630
P341,P322,Hillesluis (341),Kop van Zuid - Entrepot (322),389,3098
P341,P323,Hillesluis (341),Kop van Zuid (323),306,2992
P341,P330,Hillesluis (341),Afrikaanderwijk (330),290,1878
P341,P331,Hillesluis (341),Afrikaanderwijk (331),251,2372
P341,P340,Hillesluis (341),Bloemhof (340),188,1170
P341,P341,Hillesluis (341),Hillesluis (341),8,0
P341,P350,Hillesluis (341),Katendrecht (350),414,3570
P341,P370,Hillesluis (341),Noordereiland (370),474,3885
P341,P380,Hillesluis (341),Feijenoord (380),357,2557
P341,P400,Hillesluis (341),Oosterflank (400),842,11609
P341,P410,Hillesluis (341),'s-Gravenland (410),791,9570
P341,P500,Hillesluis (341),Middelland (500),578,5626
P341,P501,Hillesluis (341),Middelland (501),587,5640
P341,P502,Hillesluis (341),Dijkzigt (502),513,4987
P341,P503,Hillesluis (341),Middelland (503),578,5684
P341,P504,Hillesluis (341),Middelland (504),641,6204
P341,P510,Hillesluis (341),Tussendijken (510),751,6975
P341,P511,Hillesluis (341),Tussendijken (511),810,7470
P341,P513,Hillesluis (341),Tussendijken (513),779,7407
P341,P520,Hillesluis (341),Onbekend (520),819,8110
P341,P530,Hillesluis (341),Nieuwe Westen (530),658,6196
P341,P531,Hillesluis (341),Nieuwe Westen (531),738,7044
P341,P532,Hillesluis (341),Nieuwe Westen (532),938,7955
P341,P540,Hillesluis (341),Delfshaven (540),589,5798
P341,P560,Hillesluis (341),Schiemond (560),629,5694
P341,P570,Hillesluis (341),Oud Mathenesse (570),904,8839
P341,P580,Hillesluis (341),Schiemond (580),680,6237
P341,P581,Hillesluis (341),Bospolder (581),733,7136
P341,P600,Hillesluis (341),Struisenburg (600),666,6579
P341,P610,Hillesluis (341),Rubroek (610),714,6749
P341,P620,Hillesluis (341),De Esch (620),628,7513
P341,P630,Hillesluis (341),Kralingen West (630),694,6703
P341,P633,Hillesluis (341),Kralingen West (633),726,7046
P341,P634,Hillesluis (341),Kralingen West (634),782,7437
P341,P640,Hillesluis (341),De Esch (640),625,7618
P341,P650,Hillesluis (341),Nieuw Crooswijk (650),788,7614
P341,P651,Hillesluis (341),Oud Crooswijk (651),733,7142
P341,P660,Hillesluis (341),Kralingen Oost (660),555,6934
P341,P670,Hillesluis (341),Nieuw Crooswijk (670),868,8194
P341,P680,Hillesluis (341),Nieuw Crooswijk (680),874,8386
P341,P690,Hillesluis (341),Kralingen Oost (690),613,7980
P341,P700,Hillesluis (341),Provenierswijk (700),776,6933
P341,P710,Hillesluis (341),Agniesebuurt (710),683,6334
P341,P712,Hillesluis (341),Stadsdriehoek (712),616,5853
P341,P720,Hillesluis (341),Blijdorp (720),798,7829
P341,P721,Hillesluis (341),Blijdorp (721),760,7504
P341,P723,Hillesluis (341),Bergpolder (723),750,7013
P341,P724,Hillesluis (341),Blijdorp (724),860,8633
P341,P730,Hillesluis (341),Blijdorp (730),762,7340
P341,P740,Hillesluis (341),Blijdorp (740),768,7244
P341,P750,Hillesluis (341),Oude Noorden (750),772,6775
P341,P751,Hillesluis (341),Oude Noorden (751),753,7185
P341,P753,Hillesluis (341),Oude Noorden (753),807,7881
P341,P760,Hillesluis (341),Liskwartier (760),816,7610
P341,P800,Hillesluis (341),Hillegersberg Noord (800),938,8982
P341,P801,Hillesluis (341),Hillegersberg Zuid (801),874,8588
P341,P811,Hillesluis (341),Hillegersberg Noord (811),1031,13576
P341,P812,Hillesluis (341),Hillegersberg Noord (812),984,9811
P341,P900,Hillesluis (341),Oud IJsselmonde (900),255,2255
P341,P910,Hillesluis (341),Groot IJsselmonde (910),356,2962
P341,P912,Hillesluis (341),Groot IJsselmonde (912),338,2929
P341,P920,Hillesluis (341),Lombardijen (920),330,2488
P341,P930,Hillesluis (341),Groot IJsselmonde (930),532,4737
P341,P950,Hillesluis (341),Groot IJsselmonde (950),425,3848
P341,P960,Hillesluis (341),Oud IJsselmonde (960),303,2861
P341,P980,Hillesluis (341),Groot IJsselmonde (980),492,4574
P350,P10,Katendrecht (350),Stadsdriehoek (10),520,4434
P350,P11,Katendrecht (350),Stadsdriehoek (11),498,4000
P350,P20,Katendrecht (350),Stadsdriehoek (20),520,4526
P350,P21,Katendrecht (350),Stadsdriehoek (21),445,3853
P350,P30,Katendrecht (350),Cool (30),492,4260
P350,P31,Katendrecht (350),Cool (31),470,4076
P350,P40,Katendrecht (350),Cool (40),374,3079
P350,P41,Katendrecht (350),Stadsdriehoek (41),415,3419
P350,P42,Katendrecht (350),Dijkzigt (42),453,3701
P350,P50,Katendrecht (350),Oude Westen (50),520,4452
P350,P51,Katendrecht (350),Dijkzigt (51),476,4130
P350,P60,Katendrecht (350),Cool (60),649,5923
P350,P120,Katendrecht (350),Nieuwe Werk (120),507,3967
P350,P121,Katendrecht (350),Nieuwe Werk (121),437,3540
P350,P200,Katendrecht (350),Carnisse (200),467,3894
P350,P201,Katendrecht (350),Zuidplein (201),425,3418
P350,P202,Katendrecht (350),Carnisse (202),424,3371
P350,P210,Katendrecht (350),Onbekend (210),538,4978
P350,P220,Katendrecht (350),Charlois Zuidrand (220),701,6558
P350,P230,Katendrecht (350),Tarwewijk (230),392,2787
P350,P232,Katendrecht (350),Bloemhof (232),293,2239
P350,P240,Katendrecht (350),Tarwewijk (240),352,2276
P350,P250,Katendrecht (350),Oud Charlois (250),466,3877
P350,P260,Katendrecht (350),Oud Charlois (260),531,4816
P350,P270,Katendrecht (350),Wielewaal (270),666,5388
P350,P280,Katendrecht (350),Pendrecht (280),632,5577
P350,P282,Katendrecht (350),Zuiderpark (282),541,4926
P350,P290,Katendrecht (350),Zuidwijk (290),588,5143
P350,P300,Katendrecht (350),Hillesluis (300),366,2325
P350,P301,Katendrecht (350),Hillesluis (301),365,2618
P350,P310,Katendrecht (350),Vreewijk (310),512,4302
P350,P311,Katendrecht (350),Vreewijk (311),519,4371
P350,P320,Katendrecht (350),Kop van Zuid - Entrepot (320),314,1961
P350,P322,Katendrecht (350),Kop van Zuid - Entrepot (322),388,2757
P350,P323,Katendrecht (350),Kop van Zuid (323),216,1460
P350,P330,Katendrecht (350),Afrikaanderwijk (330),288,1740
P350,P331,Katendrecht (350),Afrikaanderwijk (331),211,1334
P350,P340,Katendrecht (350),Bloemhof (340),344,2274
P350,P341,Katendrecht (350),Hillesluis (341),406,2622
P350,P350,Katendrecht (350),Katendrecht (350),53,0
P350,P370,Katendrecht (350),Noordereiland (370),405,3142
P350,P380,Katendrecht (350),Feijenoord (380),381,2463
P350,P400,Katendrecht (350),Oosterflank (400),1104,13505
P350,P410,Katendrecht (350),'s-Gravenland (410),1012,8901
P350,P500,Katendrecht (350),Middelland (500),569,4968
P350,P501,Katendrecht (350),Middelland (501),562,4955
P350,P502,Katendrecht (350),Dijkzigt (502),496,4232
P350,P503,Katendrecht (350),Middelland (503),573,4956
P350,P504,Katendrecht (350),Middelland (504),639,5513
P350,P510,Katendrecht (350),Tussendijken (510),720,6228
P350,P511,Katendrecht (350),Tussendijken (511),794,6723
P350,P513,Katendrecht (350),Tussendijken (513),776,6722
P350,P520,Katendrecht (350),Onbekend (520),788,7369
P350,P530,Katendrecht (350),Nieuwe Westen (530),656,5538
P350,P531,Katendrecht (350),Nieuwe Westen (531),728,6334
P350,P532,Katendrecht (350),Nieuwe Westen (532),936,7255
P350,P540,Katendrecht (350),Delfshaven (540),564,5078
P350,P560,Katendrecht (350),Schiemond (560),584,4923
P350,P570,Katendrecht (350),Oud Mathenesse (570),859,8024
P350,P580,Katendrecht (350),Schiemond (580),664,5490
P350,P581,Katendrecht (350),Bospolder (581),714,6372
P350,P600,Katendrecht (350),Struisenburg (600),580,5064
P350,P610,Katendrecht (350),Rubroek (610),627,5268
P350,P620,Katendrecht (350),De Esch (620),753,6596
P350,P630,Katendrecht (350),Kralingen West (630),606,5373
P350,P633,Katendrecht (350),Kralingen West (633),637,5758
P350,P634,Katendrecht (350),Kralingen West (634),698,5902
P350,P640,Katendrecht (350),De Esch (640),776,7284
P350,P650,Katendrecht (350),Nieuw Crooswijk (650),706,6292
P350,P651,Katendrecht (350),Oud Crooswijk (651),681,5608
P350,P660,Katendrecht (350),Kralingen Oost (660),736,6815
P350,P670,Katendrecht (350),Nieuw Crooswijk (670),790,6702
P350,P680,Katendrecht (350),Nieuw Crooswijk (680),813,6992
P350,P690,Katendrecht (350),Kralingen Oost (690),812,7635
P350,P700,Katendrecht (350),Provenierswijk (700),692,5487
P350,P710,Katendrecht (350),Agniesebuurt (710),601,4800
P350,P712,Katendrecht (350),Stadsdriehoek (712),531,4322
P350,P720,Katendrecht (350),Blijdorp (720),731,6117
P350,P721,Katendrecht (350),Blijdorp (721),691,5842
P350,P723,Katendrecht (350),Bergpolder (723),676,5826
P350,P724,Katendrecht (350),Blijdorp (724),825,6920
P350,P730,Katendrecht (350),Blijdorp (730),703,5798
P350,P740,Katendrecht (350),Blijdorp (740),715,6222
P350,P750,Katendrecht (350),Oude Noorden (750),686,5709
P350,P751,Katendrecht (350),Oude Noorden (751),670,5732
P350,P753,Katendrecht (350),Oude Noorden (753),734,6518
P350,P760,Katendrecht (350),Liskwartier (760),742,6240
P350,P800,Katendrecht (350),Hillegersberg Noord (800),852,7447
P350,P801,Katendrecht (350),Hillegersberg Zuid (801),788,7054
P350,P811,Katendrecht (350),Hillegersberg Noord (811),973,8769
P350,P812,Katendrecht (350),Hillegersberg Noord (812),898,8276
P350,P900,Katendrecht (350),Oud IJsselmonde (900),462,3466
P350,P910,Katendrecht (350),Groot IJsselmonde (910),575,4911
P350,P912,Katendrecht (350),Groot IJsselmonde (912),596,4805
P350,P920,Katendrecht (350),Lombardijen (920),587,5067
P350,P930,Katendrecht (350),Groot IJsselmonde (930),711,6184
P350,P950,Katendrecht (350),Groot IJsselmonde (950),686,5767
P350,P960,Katendrecht (350),Oud IJsselmonde (960),566,4780
P350,P980,Katendrecht (350),Groot IJsselmonde (980),727,6616
P370,P10,Noordereiland (370),Stadsdriehoek (10),251,2154
P370,P11,Noordereiland (370),Stadsdriehoek (11),331,2699
P370,P20,Noordereiland (370),Stadsdriehoek (20),275,2512
P370,P21,Noordereiland (370),Stadsdriehoek (21),227,1975
P370,P30,Noordereiland (370),Cool (30),327,3056
P370,P31,Noordereiland (370),Cool (31),303,2871
P370,P40,Noordereiland (370),Cool (40),262,2517
P370,P41,Noordereiland (370),Stadsdriehoek (41),304,2790
P370,P42,Noordereiland (370),Dijkzigt (42),342,3144
P370,P50,Noordereiland (370),Oude Westen (50),354,3238
P370,P51,Noordereiland (370),Dijkzigt (51),318,2945
P370,P60,Noordereiland (370),Cool (60),530,5098
P370,P120,Noordereiland (370),Nieuwe Werk (120),396,3410
P370,P121,Noordereiland (370),Nieuwe Werk (121),326,2984
P370,P200,Noordereiland (370),Carnisse (200),540,5053
P370,P201,Noordereiland (370),Zuidplein (201),493,4595
P370,P202,Noordereiland (370),Carnisse (202),491,4513
P370,P210,Noordereiland (370),Onbekend (210),610,6137
P370,P220,Noordereiland (370),Charlois Zuidrand (220),764,7651
P370,P230,Noordereiland (370),Tarwewijk (230),462,3946
P370,P232,Noordereiland (370),Bloemhof (232),360,3398
P370,P240,Noordereiland (370),Tarwewijk (240),415,3435
P370,P250,Noordereiland (370),Oud Charlois (250),538,5037
P370,P260,Noordereiland (370),Oud Charlois (260),600,5967
P370,P270,Noordereiland (370),Wielewaal (270),730,6530
P370,P280,Noordereiland (370),Pendrecht (280),694,6737
P370,P282,Noordereiland (370),Zuiderpark (282),605,6015
P370,P290,Noordereiland (370),Zuidwijk (290),652,6302
P370,P300,Noordereiland (370),Hillesluis (300),347,3074
P370,P301,Noordereiland (370),Hillesluis (301),311,2869
P370,P310,Noordereiland (370),Vreewijk (310),576,5246
P370,P311,Noordereiland (370),Vreewijk (311),538,5256
P370,P320,Noordereiland (370),Kop van Zuid - Entrepot (320),201,1570
P370,P322,Noordereiland (370),Kop van Zuid - Entrepot (322),127,1042
P370,P323,Noordereiland (370),Kop van Zuid (323),189,1742
P370,P330,Noordereiland (370),Afrikaanderwijk (330),286,2427
P370,P331,Noordereiland (370),Afrikaanderwijk (331),288,2494
P370,P340,Noordereiland (370),Bloemhof (340),412,3735
P370,P341,Noordereiland (370),Hillesluis (341),403,3478
P370,P350,Noordereiland (370),Katendrecht (350),390,3129
P370,P370,Noordereiland (370),Noordereiland (370),36,0
P370,P380,Noordereiland (370),Feijenoord (380),225,1704
P370,P400,Noordereiland (370),Oosterflank (400),878,8719
P370,P410,Noordereiland (370),'s-Gravenland (410),770,6874
P370,P500,Noordereiland (370),Middelland (500),441,4128
P370,P501,Noordereiland (370),Middelland (501),434,4186
P370,P502,Noordereiland (370),Dijkzigt (502),386,3684
P370,P503,Noordereiland (370),Middelland (503),448,4187
P370,P504,Noordereiland (370),Middelland (504),504,4253
P370,P510,Noordereiland (370),Tussendijken (510),609,5671
P370,P511,Noordereiland (370),Tussendijken (511),684,6166
P370,P513,Noordereiland (370),Tussendijken (513),649,5924
P370,P520,Noordereiland (370),Onbekend (520),677,6762
P370,P530,Noordereiland (370),Nieuwe Westen (530),528,4698
P370,P531,Noordereiland (370),Nieuwe Westen (531),601,5081
P370,P532,Noordereiland (370),Nieuwe Westen (532),808,6415
P370,P540,Noordereiland (370),Delfshaven (540),462,4450
P370,P560,Noordereiland (370),Schiemond (560),474,4366
P370,P570,Noordereiland (370),Oud Mathenesse (570),750,7467
P370,P580,Noordereiland (370),Schiemond (580),553,4933
P370,P581,Noordereiland (370),Bospolder (581),604,5788
P370,P600,Noordereiland (370),Struisenburg (600),341,2998
P370,P610,Noordereiland (370),Rubroek (610),362,2936
P370,P620,Noordereiland (370),De Esch (620),512,4594
P370,P630,Noordereiland (370),Kralingen West (630),348,3165
P370,P633,Noordereiland (370),Kralingen West (633),389,3708
P370,P634,Noordereiland (370),Kralingen West (634),438,3874
P370,P640,Noordereiland (370),De Esch (640),535,5283
P370,P650,Noordereiland (370),Nieuw Crooswijk (650),444,4031
P370,P651,Noordereiland (370),Oud Crooswijk (651),409,3347
P370,P660,Noordereiland (370),Kralingen Oost (660),492,4813
P370,P670,Noordereiland (370),Nieuw Crooswijk (670),527,4494
P370,P680,Noordereiland (370),Nieuw Crooswijk (680),550,4784
P370,P690,Noordereiland (370),Kralingen Oost (690),568,5537
P370,P700,Noordereiland (370),Provenierswijk (700),511,4389
P370,P710,Noordereiland (370),Agniesebuurt (710),419,3701
P370,P712,Noordereiland (370),Stadsdriehoek (712),349,3220
P370,P720,Noordereiland (370),Blijdorp (720),550,4982
P370,P721,Noordereiland (370),Blijdorp (721),509,4673
P370,P723,Noordereiland (370),Bergpolder (723),494,4657
P370,P724,Noordereiland (370),Blijdorp (724),644,5816
P370,P730,Noordereiland (370),Blijdorp (730),530,4705
P370,P740,Noordereiland (370),Blijdorp (740),550,5018
P370,P750,Noordereiland (370),Oude Noorden (750),505,4550
P370,P751,Noordereiland (370),Oude Noorden (751),470,4407
P370,P753,Noordereiland (370),Oude Noorden (753),462,4186
P370,P760,Noordereiland (370),Liskwartier (760),523,4735
P370,P800,Noordereiland (370),Hillegersberg Noord (800),613,5791
P370,P801,Noordereiland (370),Hillegersberg Zuid (801),549,5398
P370,P811,Noordereiland (370),Hillegersberg Noord (811),743,7114
P370,P812,Noordereiland (370),Hillegersberg Noord (812),660,6613
P370,P900,Noordereiland (370),Oud IJsselmonde (900),403,3633
P370,P910,Noordereiland (370),Groot IJsselmonde (910),509,5006
P370,P912,Noordereiland (370),Groot IJsselmonde (912),533,4972
P370,P920,Noordereiland (370),Lombardijen (920),622,5974
P370,P930,Noordereiland (370),Groot IJsselmonde (930),644,6350
P370,P950,Noordereiland (370),Groot IJsselmonde (950),619,5881
P370,P960,Noordereiland (370),Oud IJsselmonde (960),500,4924
P370,P980,Noordereiland (370),Groot IJsselmonde (980),668,6711
P380,P10,Feijenoord (380),Stadsdriehoek (10),411,3532
P380,P11,Feijenoord (380),Stadsdriehoek (11),472,3789
P380,P20,Feijenoord (380),Stadsdriehoek (20),433,3888
P380,P21,Feijenoord (380),Stadsdriehoek (21),390,3351
P380,P30,Feijenoord (380),Cool (30),492,4385
P380,P31,Feijenoord (380),Cool (31),468,4164
P380,P40,Feijenoord (380),Cool (40),379,3248
P380,P41,Feijenoord (380),Stadsdriehoek (41),442,3581
P380,P42,Feijenoord (380),Dijkzigt (42),459,3846
P380,P50,Feijenoord (380),Oude Westen (50),511,4614
P380,P51,Feijenoord (380),Dijkzigt (51),469,4301
P380,P60,Feijenoord (380),Cool (60),645,6014
P380,P120,Feijenoord (380),Nieuwe Werk (120),531,4127
P380,P121,Feijenoord (380),Nieuwe Werk (121),444,3686
P380,P200,Feijenoord (380),Carnisse (200),544,5072
P380,P201,Feijenoord (380),Zuidplein (201),496,4543
P380,P202,Feijenoord (380),Carnisse (202),494,4478
P380,P210,Feijenoord (380),Onbekend (210),613,6195
P380,P220,Feijenoord (380),Charlois Zuidrand (220),770,7665
P380,P230,Feijenoord (380),Tarwewijk (230),490,3970
P380,P232,Feijenoord (380),Bloemhof (232),388,3396
P380,P240,Feijenoord (380),Tarwewijk (240),410,3383
P380,P250,Feijenoord (380),Oud Charlois (250),549,5020
P380,P260,Feijenoord (380),Oud Charlois (260),601,5924
P380,P270,Feijenoord (380),Wielewaal (270),736,6496
P380,P280,Feijenoord (380),Pendrecht (280),691,6685
P380,P282,Feijenoord (380),Zuiderpark (282),612,6061
P380,P290,Feijenoord (380),Zuidwijk (290),660,6152
P380,P300,Feijenoord (380),Hillesluis (300),274,2148
P380,P301,Feijenoord (380),Hillesluis (301),254,2004
P380,P310,Feijenoord (380),Vreewijk (310),523,4498
P380,P311,Feijenoord (380),Vreewijk (311),475,4268
P380,P320,Feijenoord (380),Kop van Zuid - Entrepot (320),151,916
P380,P322,Feijenoord (380),Kop van Zuid - Entrepot (322),173,1279
P380,P323,Feijenoord (380),Kop van Zuid (323),284,1954
P380,P330,Feijenoord (380),Afrikaanderwijk (330),264,1631
P380,P331,Feijenoord (380),Afrikaanderwijk (331),286,1854
P380,P340,Feijenoord (380),Bloemhof (340),377,2941
P380,P341,Feijenoord (380),Hillesluis (341),362,2628
P380,P350,Feijenoord (380),Katendrecht (350),394,2516
P380,P370,Feijenoord (380),Noordereiland (370),259,2029
P380,P380,Feijenoord (380),Feijenoord (380),62,0
P380,P400,Feijenoord (380),Oosterflank (400),915,12179
P380,P410,Feijenoord (380),'s-Gravenland (410),864,10056
P380,P500,Feijenoord (380),Middelland (500),572,5044
P380,P501,Feijenoord (380),Middelland (501),581,5100
P380,P502,Feijenoord (380),Dijkzigt (502),503,4386
P380,P503,Feijenoord (380),Middelland (503),577,5102
P380,P504,Feijenoord (380),Middelland (504),646,5658
P380,P510,Feijenoord (380),Tussendijken (510),727,6373
P380,P511,Feijenoord (380),Tussendijken (511),801,6869
P380,P513,Feijenoord (380),Tussendijken (513),782,6840
P380,P520,Feijenoord (380),Onbekend (520),798,7466
P380,P530,Feijenoord (380),Nieuwe Westen (530),652,5614
P380,P531,Feijenoord (380),Nieuwe Westen (531),735,6479
P380,P532,Feijenoord (380),Nieuwe Westen (532),932,7405
P380,P540,Feijenoord (380),Delfshaven (540),579,5208
P380,P560,Feijenoord (380),Schiemond (560),609,5141
P380,P570,Feijenoord (380),Oud Mathenesse (570),884,8234
P380,P580,Feijenoord (380),Schiemond (580),671,5636
P380,P581,Feijenoord (380),Bospolder (581),721,6517
P380,P600,Feijenoord (380),Struisenburg (600),498,4374
P380,P610,Feijenoord (380),Rubroek (610),526,4311
P380,P620,Feijenoord (380),De Esch (620),670,5972
P380,P630,Feijenoord (380),Kralingen West (630),511,4475
P380,P633,Feijenoord (380),Kralingen West (633),552,4798
P380,P634,Feijenoord (380),Kralingen West (634),619,5250
P380,P640,Feijenoord (380),De Esch (640),689,8018
P380,P650,Feijenoord (380),Nieuw Crooswijk (650),602,5315
P380,P651,Feijenoord (380),Oud Crooswijk (651),562,4723
P380,P660,Feijenoord (380),Kralingen Oost (660),624,7329
P380,P670,Feijenoord (380),Nieuw Crooswijk (670),690,5808
P380,P680,Feijenoord (380),Nieuw Crooswijk (680),711,6141
P380,P690,Feijenoord (380),Kralingen Oost (690),686,8309
P380,P700,Feijenoord (380),Provenierswijk (700),673,5765
P380,P710,Feijenoord (380),Agniesebuurt (710),582,5059
P380,P712,Feijenoord (380),Stadsdriehoek (712),512,4596
P380,P720,Feijenoord (380),Blijdorp (720),712,6321
P380,P721,Feijenoord (380),Blijdorp (721),672,5888
P380,P723,Feijenoord (380),Bergpolder (723),644,5748
P380,P724,Feijenoord (380),Blijdorp (724),806,7194
P380,P730,Feijenoord (380),Blijdorp (730),684,6076
P380,P740,Feijenoord (380),Blijdorp (740),705,6495
P380,P750,Feijenoord (380),Oude Noorden (750),667,5641
P380,P751,Feijenoord (380),Oude Noorden (751),631,5784
P380,P753,Feijenoord (380),Oude Noorden (753),625,5443
P380,P760,Feijenoord (380),Liskwartier (760),683,5999
P380,P800,Feijenoord (380),Hillegersberg Noord (800),780,7167
P380,P801,Feijenoord (380),Hillegersberg Zuid (801),712,6774
P380,P811,Feijenoord (380),Hillegersberg Noord (811),897,8490
P380,P812,Feijenoord (380),Hillegersberg Noord (812),822,7992
P380,P900,Feijenoord (380),Oud IJsselmonde (900),257,1883
P380,P910,Feijenoord (380),Groot IJsselmonde (910),377,3452
P380,P912,Feijenoord (380),Groot IJsselmonde (912),405,3431
P380,P920,Feijenoord (380),Lombardijen (920),552,4988
P380,P930,Feijenoord (380),Groot IJsselmonde (930),513,4716
P380,P950,Feijenoord (380),Groot IJsselmonde (950),491,4299
P380,P960,Feijenoord (380),Oud IJsselmonde (960),371,3084
P380,P980,Feijenoord (380),Groot IJsselmonde (980),537,5156
P400,P10,Oosterflank (400),Stadsdriehoek (10),696,6846
P400,P11,Oosterflank (400),Stadsdriehoek (11),758,7658
P400,P20,Oosterflank (400),Stadsdriehoek (20),682,6932
P400,P21,Oosterflank (400),Stadsdriehoek (21),742,9757
P400,P30,Oosterflank (400),Cool (30),805,8038
P400,P31,Oosterflank (400),Cool (31),836,8453
P400,P40,Oosterflank (400),Cool (40),836,10683
P400,P41,Oosterflank (400),Stadsdriehoek (41),840,8242
P400,P42,Oosterflank (400),Dijkzigt (42),890,11064
P400,P50,Oosterflank (400),Oude Westen (50),886,8852
P400,P51,Oosterflank (400),Dijkzigt (51),842,8612
P400,P60,Oosterflank (400),Cool (60),867,11936
P400,P120,Oosterflank (400),Nieuwe Werk (120),967,11552
P400,P121,Oosterflank (400),Nieuwe Werk (121),897,11120
P400,P200,Oosterflank (400),Carnisse (200),1085,13897
P400,P201,Oosterflank (400),Zuidplein (201),1009,13336
P400,P202,Oosterflank (400),Carnisse (202),1008,13316
P400,P210,Oosterflank (400),Onbekend (210),1212,15951
P400,P220,Oosterflank (400),Charlois Zuidrand (220),1118,21075
P400,P230,Oosterflank (400),Tarwewijk (230),1041,13516
P400,P232,Oosterflank (400),Bloemhof (232),924,12832
P400,P240,Oosterflank (400),Tarwewijk (240),1030,13148
P400,P250,Oosterflank (400),Oud Charlois (250),1141,14824
P400,P260,Oosterflank (400),Oud Charlois (260),1206,15724
P400,P270,Oosterflank (400),Wielewaal (270),1341,16307
P400,P280,Oosterflank (400),Pendrecht (280),1219,15477
P400,P282,Oosterflank (400),Zuiderpark (282),1125,14839
P400,P290,Oosterflank (400),Zuidwijk (290),1101,13944
P400,P300,Oosterflank (400),Hillesluis (300),877,11885
P400,P301,Oosterflank (400),Hillesluis (301),854,11769
P400,P310,Oosterflank (400),Vreewijk (310),960,12422
P400,P311,Oosterflank (400),Vreewijk (311),911,11994
P400,P320,Oosterflank (400),Kop van Zuid - Entrepot (320),894,12302
P400,P322,Oosterflank (400),Kop van Zuid - Entrepot (322),920,11392
P400,P323,Oosterflank (400),Kop van Zuid (323),918,11546
P400,P330,Oosterflank (400),Afrikaanderwijk (330),909,12267
P400,P331,Oosterflank (400),Afrikaanderwijk (331),939,12515
P400,P340,Oosterflank (400),Bloemhof (340),943,12470
P400,P341,Oosterflank (400),Hillesluis (341),842,11693
P400,P350,Oosterflank (400),Katendrecht (350),1075,13462
P400,P370,Oosterflank (400),Noordereiland (370),874,11006
P400,P380,Oosterflank (400),Feijenoord (380),888,12111
P400,P400,Oosterflank (400),Oosterflank (400),43,0
P400,P410,Oosterflank (400),'s-Gravenland (410),455,4073
P400,P500,Oosterflank (400),Middelland (500),907,12256
P400,P501,Oosterflank (400),Middelland (501),875,11877
P400,P502,Oosterflank (400),Dijkzigt (502),925,12422
P400,P503,Oosterflank (400),Middelland (503),901,12139
P400,P504,Oosterflank (400),Middelland (504),909,12036
P400,P510,Oosterflank (400),Tussendijken (510),1011,13988
P400,P511,Oosterflank (400),Tussendijken (511),946,14251
P400,P513,Oosterflank (400),Tussendijken (513),1005,13845
P400,P520,Oosterflank (400),Onbekend (520),982,14745
P400,P530,Oosterflank (400),Nieuwe Westen (530),987,13809
P400,P531,Oosterflank (400),Nieuwe Westen (531),943,12755
P400,P532,Oosterflank (400),Nieuwe Westen (532),1018,12667
P400,P540,Oosterflank (400),Delfshaven (540),960,13062
P400,P560,Oosterflank (400),Schiemond (560),1036,13215
P400,P570,Oosterflank (400),Oud Mathenesse (570),886,13566
P400,P580,Oosterflank (400),Schiemond (580),1088,15542
P400,P581,Oosterflank (400),Bospolder (581),971,14524
P400,P600,Oosterflank (400),Struisenburg (600),614,8134
P400,P610,Oosterflank (400),Rubroek (610),622,6345
P400,P620,Oosterflank (400),De Esch (620),568,7624
P400,P630,Oosterflank (400),Kralingen West (630),660,7731
P400,P633,Oosterflank (400),Kralingen West (633),590,7333
P400,P634,Oosterflank (400),Kralingen West (634),565,5955
P400,P640,Oosterflank (400),De Esch (640),565,7612
P400,P650,Oosterflank (400),Nieuw Crooswijk (650),517,5512
P400,P651,Oosterflank (400),Oud Crooswijk (651),587,6042
P400,P660,Oosterflank (400),Kralingen Oost (660),497,7077
P400,P670,Oosterflank (400),Nieuw Crooswijk (670),484,5038
P400,P680,Oosterflank (400),Nieuw Crooswijk (680),508,4971
P400,P690,Oosterflank (400),Kralingen Oost (690),444,5682
P400,P700,Oosterflank (400),Provenierswijk (700),704,10225
P400,P710,Oosterflank (400),Agniesebuurt (710),731,7369
P400,P712,Oosterflank (400),Stadsdriehoek (712),715,7578
P400,P720,Oosterflank (400),Blijdorp (720),686,9842
P400,P721,Oosterflank (400),Blijdorp (721),658,9996
P400,P723,Oosterflank (400),Bergpolder (723),647,9729
P400,P724,Oosterflank (400),Blijdorp (724),655,9886
P400,P730,Oosterflank (400),Blijdorp (730),741,10238
P400,P740,Oosterflank (400),Blijdorp (740),741,10651
P400,P750,Oosterflank (400),Oude Noorden (750),729,7517
P400,P751,Oosterflank (400),Oude Noorden (751),659,6998
P400,P753,Oosterflank (400),Oude Noorden (753),653,6812
P400,P760,Oosterflank (400),Liskwartier (760),684,7294
P400,P800,Oosterflank (400),Hillegersberg Noord (800),737,7559
P400,P801,Oosterflank (400),Hillegersberg Zuid (801),675,7215
P400,P811,Oosterflank (400),Hillegersberg Noord (811),621,5902
P400,P812,Oosterflank (400),Hillegersberg Noord (812),654,6272
P400,P900,Oosterflank (400),Oud IJsselmonde (900),693,10238
P400,P910,Oosterflank (400),Groot IJsselmonde (910),754,10710
P400,P912,Oosterflank (400),Groot IJsselmonde (912),664,9796
P400,P920,Oosterflank (400),Lombardijen (920),931,12539
P400,P930,Oosterflank (400),Groot IJsselmonde (930),831,11516
P400,P950,Oosterflank (400),Groot IJsselmonde (950),720,10349
P400,P960,Oosterflank (400),Oud IJsselmonde (960),613,9362
P400,P980,Oosterflank (400),Groot IJsselmonde (980),842,14230
P410,P10,'s-Gravenland (410),Stadsdriehoek (10),609,5331
P410,P11,'s-Gravenland (410),Stadsdriehoek (11),721,6076
P410,P20,'s-Gravenland (410),Stadsdriehoek (20),582,5112
P410,P21,'s-Gravenland (410),Stadsdriehoek (21),632,5646
P410,P30,'s-Gravenland (410),Cool (30),754,6906
P410,P31,'s-Gravenland (410),Cool (31),732,6722
P410,P40,'s-Gravenland (410),Cool (40),729,6641
P410,P41,'s-Gravenland (410),Stadsdriehoek (41),736,6540
P410,P42,'s-Gravenland (410),Dijkzigt (42),787,7113
P410,P50,'s-Gravenland (410),Oude Westen (50),789,7168
P410,P51,'s-Gravenland (410),Dijkzigt (51),746,6840
P410,P60,'s-Gravenland (410),Cool (60),961,9004
P410,P120,'s-Gravenland (410),Nieuwe Werk (120),857,7504
P410,P121,'s-Gravenland (410),Nieuwe Werk (121),787,7098
P410,P200,'s-Gravenland (410),Carnisse (200),1032,11574
P410,P201,'s-Gravenland (410),Zuidplein (201),956,11105
P410,P202,'s-Gravenland (410),Carnisse (202),955,11040
P410,P210,'s-Gravenland (410),Onbekend (210),1161,13620
P410,P220,'s-Gravenland (410),Charlois Zuidrand (220),1064,18859
P410,P230,'s-Gravenland (410),Tarwewijk (230),985,11286
P410,P232,'s-Gravenland (410),Bloemhof (232),871,10526
P410,P240,'s-Gravenland (410),Tarwewijk (240),973,10918
P410,P250,'s-Gravenland (410),Oud Charlois (250),1089,12520
P410,P260,'s-Gravenland (410),Oud Charlois (260),1154,13459
P410,P270,'s-Gravenland (410),Wielewaal (270),1287,14031
P410,P280,'s-Gravenland (410),Pendrecht (280),1162,13246
P410,P282,'s-Gravenland (410),Zuiderpark (282),1072,12605
P410,P290,'s-Gravenland (410),Zuidwijk (290),1048,11713
P410,P300,'s-Gravenland (410),Hillesluis (300),824,9654
P410,P301,'s-Gravenland (410),Hillesluis (301),798,9522
P410,P310,'s-Gravenland (410),Vreewijk (310),906,10084
P410,P311,'s-Gravenland (410),Vreewijk (311),857,9764
P410,P320,'s-Gravenland (410),Kop van Zuid - Entrepot (320),841,10072
P410,P322,'s-Gravenland (410),Kop van Zuid - Entrepot (322),814,7372
P410,P323,'s-Gravenland (410),Kop van Zuid (323),808,7504
P410,P330,'s-Gravenland (410),Afrikaanderwijk (330),856,9968
P410,P331,'s-Gravenland (410),Afrikaanderwijk (331),882,10285
P410,P340,'s-Gravenland (410),Bloemhof (340),886,10132
P410,P341,'s-Gravenland (410),Hillesluis (341),789,9440
P410,P350,'s-Gravenland (410),Katendrecht (350),1007,8937
P410,P370,'s-Gravenland (410),Noordereiland (370),771,6942
P410,P380,'s-Gravenland (410),Feijenoord (380),835,9880
P410,P400,'s-Gravenland (410),Oosterflank (400),453,4063
P410,P410,'s-Gravenland (410),'s-Gravenland (410),17,0
P410,P500,'s-Gravenland (410),Middelland (500),875,8055
P410,P501,'s-Gravenland (410),Middelland (501),863,8036
P410,P502,'s-Gravenland (410),Dijkzigt (502),847,7782
P410,P503,'s-Gravenland (410),Middelland (503),882,8108
P410,P504,'s-Gravenland (410),Middelland (504),933,8148
P410,P510,'s-Gravenland (410),Tussendijken (510),1058,9271
P410,P511,'s-Gravenland (410),Tussendijken (511),1132,9766
P410,P513,'s-Gravenland (410),Tussendijken (513),1087,9803
P410,P520,'s-Gravenland (410),Onbekend (520),1138,10906
P410,P530,'s-Gravenland (410),Nieuwe Westen (530),962,8619
P410,P531,'s-Gravenland (410),Nieuwe Westen (531),1029,8931
P410,P532,'s-Gravenland (410),Nieuwe Westen (532),1220,14610
P410,P540,'s-Gravenland (410),Delfshaven (540),910,8423
P410,P560,'s-Gravenland (410),Schiemond (560),934,8461
P410,P570,'s-Gravenland (410),Oud Mathenesse (570),1055,15418
P410,P580,'s-Gravenland (410),Schiemond (580),1014,9029
P410,P581,'s-Gravenland (410),Bospolder (581),1064,9910
P410,P600,'s-Gravenland (410),Struisenburg (600),514,4129
P410,P610,'s-Gravenland (410),Rubroek (610),628,5389
P410,P620,'s-Gravenland (410),De Esch (620),454,3728
P410,P630,'s-Gravenland (410),Kralingen West (630),500,4290
P410,P633,'s-Gravenland (410),Kralingen West (633),437,3718
P410,P634,'s-Gravenland (410),Kralingen West (634),495,4237
P410,P640,'s-Gravenland (410),De Esch (640),454,3857
P410,P650,'s-Gravenland (410),Nieuw Crooswijk (650),613,5509
P410,P651,'s-Gravenland (410),Oud Crooswijk (651),634,5425
P410,P660,'s-Gravenland (410),Kralingen Oost (660),348,2662
P410,P670,'s-Gravenland (410),Nieuw Crooswijk (670),661,5826
P410,P680,'s-Gravenland (410),Nieuw Crooswijk (680),677,6116
P410,P690,'s-Gravenland (410),Kralingen Oost (690),306,2336
P410,P700,'s-Gravenland (410),Provenierswijk (700),843,7702
P410,P710,'s-Gravenland (410),Agniesebuurt (710),787,6432
P410,P712,'s-Gravenland (410),Stadsdriehoek (712),734,6315
P410,P720,'s-Gravenland (410),Blijdorp (720),887,11172
P410,P721,'s-Gravenland (410),Blijdorp (721),824,8031
P410,P723,'s-Gravenland (410),Bergpolder (723),802,11269
P410,P724,'s-Gravenland (410),Blijdorp (724),857,11842
P410,P730,'s-Gravenland (410),Blijdorp (730),881,8008
P410,P740,'s-Gravenland (410),Blijdorp (740),906,8415
P410,P750,'s-Gravenland (410),Oude Noorden (750),787,7142
P410,P751,'s-Gravenland (410),Oude Noorden (751),720,6641
P410,P753,'s-Gravenland (410),Oude Noorden (753),709,6465
P410,P760,'s-Gravenland (410),Liskwartier (760),776,7006
P410,P800,'s-Gravenland (410),Hillegersberg Noord (800),853,7868
P410,P801,'s-Gravenland (410),Hillegersberg Zuid (801),793,7536
P410,P811,'s-Gravenland (410),Hillegersberg Noord (811),857,7831
P410,P812,'s-Gravenland (410),Hillegersberg Noord (812),890,8279
P410,P900,'s-Gravenland (410),Oud IJsselmonde (900),640,7936
P410,P910,'s-Gravenland (410),Groot IJsselmonde (910),702,8480
P410,P912,'s-Gravenland (410),Groot IJsselmonde (912),610,7565
P410,P920,'s-Gravenland (410),Lombardijen (920),878,10312
P410,P930,'s-Gravenland (410),Groot IJsselmonde (930),779,9180
P410,P950,'s-Gravenland (410),Groot IJsselmonde (950),665,8118
P410,P960,'s-Gravenland (410),Oud IJsselmonde (960),559,7087
P410,P980,'s-Gravenland (410),Groot IJsselmonde (980),790,12014
P500,P10,Middelland (500),Stadsdriehoek (10),421,3365
P500,P11,Middelland (500),Stadsdriehoek (11),387,3024
P500,P20,Middelland (500),Stadsdriehoek (20),442,3773
P500,P21,Middelland (500),Stadsdriehoek (21),354,2842
P500,P30,Middelland (500),Cool (30),344,2648
P500,P31,Middelland (500),Cool (31),322,2464
P500,P40,Middelland (500),Cool (40),325,2604
P500,P41,Middelland (500),Stadsdriehoek (41),343,2587
P500,P42,Middelland (500),Dijkzigt (42),295,2408
P500,P50,Middelland (500),Oude Westen (50),181,1111
P500,P51,Middelland (500),Dijkzigt (51),227,1449
P500,P60,Middelland (500),Cool (60),284,2072
P500,P120,Middelland (500),Nieuwe Werk (120),392,2620
P500,P121,Middelland (500),Nieuwe Werk (121),362,3166
P500,P200,Middelland (500),Carnisse (200),479,4463
P500,P201,Middelland (500),Zuidplein (201),552,5155
P500,P202,Middelland (500),Carnisse (202),512,4664
P500,P210,Middelland (500),Onbekend (210),590,5815
P500,P220,Middelland (500),Charlois Zuidrand (220),716,7058
P500,P230,Middelland (500),Tarwewijk (230),473,4402
P500,P232,Middelland (500),Bloemhof (232),558,5528
P500,P240,Middelland (500),Tarwewijk (240),500,4486
P500,P250,Middelland (500),Oud Charlois (250),482,4446
P500,P260,Middelland (500),Oud Charlois (260),574,5176
P500,P270,Middelland (500),Wielewaal (270),682,5958
P500,P280,Middelland (500),Pendrecht (280),628,6152
P500,P282,Middelland (500),Zuiderpark (282),581,5708
P500,P290,Middelland (500),Zuidwijk (290),767,7404
P500,P300,Middelland (500),Hillesluis (300),652,6192
P500,P301,Middelland (500),Hillesluis (301),650,6103
P500,P310,Middelland (500),Vreewijk (310),698,6808
P500,P311,Middelland (500),Vreewijk (311),715,7036
P500,P320,Middelland (500),Kop van Zuid - Entrepot (320),586,5310
P500,P322,Middelland (500),Kop van Zuid - Entrepot (322),557,4751
P500,P323,Middelland (500),Kop van Zuid (323),448,4263
P500,P330,Middelland (500),Afrikaanderwijk (330),586,5281
P500,P331,Middelland (500),Afrikaanderwijk (331),540,5015
P500,P340,Middelland (500),Bloemhof (340),640,5892
P500,P341,Middelland (500),Hillesluis (341),667,6414
P500,P350,Middelland (500),Katendrecht (350),638,5653
P500,P370,Middelland (500),Noordereiland (370),508,4315
P500,P380,Middelland (500),Feijenoord (380),646,5621
P500,P400,Middelland (500),Oosterflank (400),913,12177
P500,P410,Middelland (500),'s-Gravenland (410),950,8230
P500,P500,Middelland (500),Middelland (500),30,0
P500,P501,Middelland (500),Middelland (501),114,714
P500,P502,Middelland (500),Dijkzigt (502),161,1182
P500,P503,Middelland (500),Middelland (503),68,425
P500,P504,Middelland (500),Middelland (504),154,1037
P500,P510,Middelland (500),Tussendijken (510),252,1551
P500,P511,Middelland (500),Tussendijken (511),327,2046
P500,P513,Middelland (500),Tussendijken (513),281,1750
P500,P520,Middelland (500),Onbekend (520),429,3928
P500,P530,Middelland (500),Nieuwe Westen (530),163,1007
P500,P531,Middelland (500),Nieuwe Westen (531),220,1463
P500,P532,Middelland (500),Nieuwe Westen (532),464,2700
P500,P540,Middelland (500),Delfshaven (540),161,1194
P500,P560,Middelland (500),Schiemond (560),228,1554
P500,P570,Middelland (500),Oud Mathenesse (570),437,3313
P500,P580,Middelland (500),Schiemond (580),308,2120
P500,P581,Middelland (500),Bospolder (581),362,3002
P500,P600,Middelland (500),Struisenburg (600),516,4492
P500,P610,Middelland (500),Rubroek (610),475,4107
P500,P620,Middelland (500),De Esch (620),724,6118
P500,P630,Middelland (500),Kralingen West (630),519,4375
P500,P633,Middelland (500),Kralingen West (633),568,5070
P500,P634,Middelland (500),Kralingen West (634),607,5214
P500,P640,Middelland (500),De Esch (640),747,6807
P500,P650,Middelland (500),Nieuw Crooswijk (650),554,5003
P500,P651,Middelland (500),Oud Crooswijk (651),491,4366
P500,P660,Middelland (500),Kralingen Oost (660),704,6337
P500,P670,Middelland (500),Nieuw Crooswijk (670),658,6035
P500,P680,Middelland (500),Nieuw Crooswijk (680),613,6274
P500,P690,Middelland (500),Kralingen Oost (690),751,6917
P500,P700,Middelland (500),Provenierswijk (700),408,3138
P500,P710,Middelland (500),Agniesebuurt (710),426,3642
P500,P712,Middelland (500),Stadsdriehoek (712),368,3161
P500,P720,Middelland (500),Blijdorp (720),432,3501
P500,P721,Middelland (500),Blijdorp (721),369,3176
P500,P723,Middelland (500),Bergpolder (723),390,3460
P500,P724,Middelland (500),Blijdorp (724),479,4526
P500,P730,Middelland (500),Blijdorp (730),364,2887
P500,P740,Middelland (500),Blijdorp (740),342,2497
P500,P750,Middelland (500),Oude Noorden (750),484,3702
P500,P751,Middelland (500),Oude Noorden (751),444,3618
P500,P753,Middelland (500),Oude Noorden (753),544,4446
P500,P760,Middelland (500),Liskwartier (760),504,4058
P500,P800,Middelland (500),Hillegersberg Noord (800),626,5400
P500,P801,Middelland (500),Hillegersberg Zuid (801),572,5006
P500,P811,Middelland (500),Hillegersberg Noord (811),757,6722
P500,P812,Middelland (500),Hillegersberg Noord (812),683,6229
P500,P900,Middelland (500),Oud IJsselmonde (900),729,6821
P500,P910,Middelland (500),Groot IJsselmonde (910),825,7836
P500,P912,Middelland (500),Groot IJsselmonde (912),862,8154
P500,P920,Middelland (500),Lombardijen (920),783,7701
P500,P930,Middelland (500),Groot IJsselmonde (930),957,9513
P500,P950,Middelland (500),Groot IJsselmonde (950),935,8971
P500,P960,Middelland (500),Oud IJsselmonde (960),833,8128
P500,P980,Middelland (500),Groot IJsselmonde (980),973,9888
P501,P10,Middelland (501),Stadsdriehoek (10),340,2800
P501,P11,Middelland (501),Stadsdriehoek (11),306,2413
P501,P20,Middelland (501),Stadsdriehoek (20),364,3193
P501,P21,Middelland (501),Stadsdriehoek (21),281,2286
P501,P30,Middelland (501),Cool (30),270,2076
P501,P31,Middelland (501),Cool (31),248,1892
P501,P40,Middelland (501),Cool (40),240,1945
P501,P41,Middelland (501),Stadsdriehoek (41),270,2014
P501,P42,Middelland (501),Dijkzigt (42),221,1650
P501,P50,Middelland (501),Oude Westen (50),108,598
P501,P51,Middelland (501),Dijkzigt (51),141,914
P501,P60,Middelland (501),Cool (60),203,1498
P501,P120,Middelland (501),Nieuwe Werk (120),328,2483
P501,P121,Middelland (501),Nieuwe Werk (121),283,2408
P501,P200,Middelland (501),Carnisse (200),406,3731
P501,P201,Middelland (501),Zuidplein (201),484,4464
P501,P202,Middelland (501),Carnisse (202),444,3940
P501,P210,Middelland (501),Onbekend (210),512,5177
P501,P220,Middelland (501),Charlois Zuidrand (220),637,6368
P501,P230,Middelland (501),Tarwewijk (230),406,3648
P501,P232,Middelland (501),Bloemhof (232),479,4770
P501,P240,Middelland (501),Tarwewijk (240),443,3822
P501,P250,Middelland (501),Oud Charlois (250),410,3688
P501,P260,Middelland (501),Oud Charlois (260),494,4446
P501,P270,Middelland (501),Wielewaal (270),603,5199
P501,P280,Middelland (501),Pendrecht (280),571,5505
P501,P282,Middelland (501),Zuiderpark (282),514,5045
P501,P290,Middelland (501),Zuidwijk (290),700,6741
P501,P300,Middelland (501),Hillesluis (300),584,5496
P501,P301,Middelland (501),Hillesluis (301),576,5380
P501,P310,Middelland (501),Vreewijk (310),631,6145
P501,P311,Middelland (501),Vreewijk (311),636,6278
P501,P320,Middelland (501),Kop van Zuid - Entrepot (320),507,4551
P501,P322,Middelland (501),Kop van Zuid - Entrepot (322),478,4230
P501,P323,Middelland (501),Kop van Zuid (323),369,3505
P501,P330,Middelland (501),Afrikaanderwijk (330),519,4618
P501,P331,Middelland (501),Afrikaanderwijk (331),461,4257
P501,P340,Middelland (501),Bloemhof (340),562,5134
P501,P341,Middelland (501),Hillesluis (341),607,5750
P501,P350,Middelland (501),Katendrecht (350),561,4894
P501,P370,Middelland (501),Noordereiland (370),434,3741
P501,P380,Middelland (501),Feijenoord (380),574,4882
P501,P400,Middelland (501),Oosterflank (400),848,11566
P501,P410,Middelland (501),'s-Gravenland (410),871,7640
P501,P500,Middelland (501),Middelland (500),119,803
P501,P501,Middelland (501),Middelland (501),19,0
P501,P502,Middelland (501),Dijkzigt (502),155,1126
P501,P503,Middelland (501),Middelland (503),97,605
P501,P504,Middelland (501),Middelland (504),128,866
P501,P510,Middelland (501),Tussendijken (510),292,1974
P501,P511,Middelland (501),Tussendijken (511),388,2469
P501,P513,Middelland (501),Tussendijken (513),291,1864
P501,P520,Middelland (501),Onbekend (520),451,4320
P501,P530,Middelland (501),Nieuwe Westen (530),187,1402
P501,P531,Middelland (501),Nieuwe Westen (531),230,1497
P501,P532,Middelland (501),Nieuwe Westen (532),478,2341
P501,P540,Middelland (501),Delfshaven (540),182,1501
P501,P560,Middelland (501),Schiemond (560),244,1860
P501,P570,Middelland (501),Oud Mathenesse (570),476,4403
P501,P580,Middelland (501),Schiemond (580),325,2427
P501,P581,Middelland (501),Bospolder (581),378,3323
P501,P600,Middelland (501),Struisenburg (600),459,3909
P501,P610,Middelland (501),Rubroek (610),404,3395
P501,P620,Middelland (501),De Esch (620),645,5562
P501,P630,Middelland (501),Kralingen West (630),442,3802
P501,P633,Middelland (501),Kralingen West (633),482,4405
P501,P634,Middelland (501),Kralingen West (634),534,4641
P501,P640,Middelland (501),De Esch (640),670,6252
P501,P650,Middelland (501),Nieuw Crooswijk (650),478,4392
P501,P651,Middelland (501),Oud Crooswijk (651),429,3702
P501,P660,Middelland (501),Kralingen Oost (660),631,5744
P501,P670,Middelland (501),Nieuw Crooswijk (670),577,5352
P501,P680,Middelland (501),Nieuw Crooswijk (680),529,5579
P501,P690,Middelland (501),Kralingen Oost (690),678,6286
P501,P700,Middelland (501),Provenierswijk (700),335,2501
P501,P710,Middelland (501),Agniesebuurt (710),354,2947
P501,P712,Middelland (501),Stadsdriehoek (712),284,2466
P501,P720,Middelland (501),Blijdorp (720),350,2830
P501,P721,Middelland (501),Blijdorp (721),306,2560
P501,P723,Middelland (501),Bergpolder (723),306,2764
P501,P724,Middelland (501),Blijdorp (724),404,3580
P501,P730,Middelland (501),Blijdorp (730),301,2228
P501,P740,Middelland (501),Blijdorp (740),282,2326
P501,P750,Middelland (501),Oude Noorden (750),418,3039
P501,P751,Middelland (501),Oude Noorden (751),371,2964
P501,P753,Middelland (501),Oude Noorden (753),468,3818
P501,P760,Middelland (501),Liskwartier (760),442,3446
P501,P800,Middelland (501),Hillegersberg Noord (800),560,4704
P501,P801,Middelland (501),Hillegersberg Zuid (801),488,4311
P501,P811,Middelland (501),Hillegersberg Noord (811),673,6027
P501,P812,Middelland (501),Hillegersberg Noord (812),599,5534
P501,P900,Middelland (501),Oud IJsselmonde (900),653,6158
P501,P910,Middelland (501),Groot IJsselmonde (910),762,7360
P501,P912,Middelland (501),Groot IJsselmonde (912),782,7395
P501,P920,Middelland (501),Lombardijen (920),709,7038
P501,P930,Middelland (501),Groot IJsselmonde (930),898,8773
P501,P950,Middelland (501),Groot IJsselmonde (950),868,8307
P501,P960,Middelland (501),Oud IJsselmonde (960),754,7370
P501,P980,Middelland (501),Groot IJsselmonde (980),894,9130
P502,P10,Dijkzigt (502),Stadsdriehoek (10),336,3044
P502,P11,Dijkzigt (502),Stadsdriehoek (11),307,2686
P502,P20,Dijkzigt (502),Stadsdriehoek (20),360,3435
P502,P21,Dijkzigt (502),Stadsdriehoek (21),271,2506
P502,P30,Dijkzigt (502),Cool (30),256,2310
P502,P31,Dijkzigt (502),Cool (31),232,2126
P502,P40,Dijkzigt (502),Cool (40),236,2266
P502,P41,Dijkzigt (502),Stadsdriehoek (41),252,2248
P502,P42,Dijkzigt (502),Dijkzigt (42),173,1200
P502,P50,Dijkzigt (502),Oude Westen (50),157,1046
P502,P51,Dijkzigt (502),Dijkzigt (51),148,1210
P502,P60,Dijkzigt (502),Cool (60),231,2110
P502,P120,Dijkzigt (502),Nieuwe Werk (120),260,1673
P502,P121,Dijkzigt (502),Nieuwe Werk (121),235,1958
P502,P200,Dijkzigt (502),Carnisse (200),368,3311
P502,P201,Dijkzigt (502),Zuidplein (201),447,4071
P502,P202,Dijkzigt (502),Carnisse (202),408,3547
P502,P210,Dijkzigt (502),Onbekend (210),479,4663
P502,P220,Dijkzigt (502),Charlois Zuidrand (220),601,5975
P502,P230,Dijkzigt (502),Tarwewijk (230),362,3255
P502,P232,Dijkzigt (502),Bloemhof (232),445,4376
P502,P240,Dijkzigt (502),Tarwewijk (240),408,3491
P502,P250,Dijkzigt (502),Oud Charlois (250),369,3294
P502,P260,Dijkzigt (502),Oud Charlois (260),458,4052
P502,P270,Dijkzigt (502),Wielewaal (270),568,4806
P502,P280,Dijkzigt (502),Pendrecht (280),534,5111
P502,P282,Dijkzigt (502),Zuiderpark (282),464,4489
P502,P290,Dijkzigt (502),Zuidwijk (290),657,6336
P502,P300,Dijkzigt (502),Hillesluis (300),546,5046
P502,P301,Dijkzigt (502),Hillesluis (301),524,4917
P502,P310,Dijkzigt (502),Vreewijk (310),592,5785
P502,P311,Dijkzigt (502),Vreewijk (311),600,5884
P502,P320,Dijkzigt (502),Kop van Zuid - Entrepot (320),461,4101
P502,P322,Dijkzigt (502),Kop van Zuid - Entrepot (322),437,4029
P502,P323,Dijkzigt (502),Kop van Zuid (323),321,3044
P502,P330,Dijkzigt (502),Afrikaanderwijk (330),476,4291
P502,P331,Dijkzigt (502),Afrikaanderwijk (331),418,3807
P502,P340,Dijkzigt (502),Bloemhof (340),525,4740
P502,P341,Dijkzigt (502),Hillesluis (341),581,5356
P502,P350,Dijkzigt (502),Katendrecht (350),517,4444
P502,P370,Dijkzigt (502),Noordereiland (370),428,3948
P502,P380,Dijkzigt (502),Feijenoord (380),526,4603
P502,P400,Dijkzigt (502),Oosterflank (400),873,12041
P502,P410,Dijkzigt (502),'s-Gravenland (410),866,7894
P502,P500,Dijkzigt (502),Middelland (500),85,633
P502,P501,Dijkzigt (502),Middelland (501),91,685
P502,P502,Dijkzigt (502),Dijkzigt (502),24,0
P502,P503,Dijkzigt (502),Middelland (503),93,677
P502,P504,Dijkzigt (502),Middelland (504),151,1201
P502,P510,Dijkzigt (502),Tussendijken (510),271,1793
P502,P511,Dijkzigt (502),Tussendijken (511),345,2288
P502,P513,Dijkzigt (502),Tussendijken (513),300,2326
P502,P520,Dijkzigt (502),Onbekend (520),358,3510
P502,P530,Dijkzigt (502),Nieuwe Westen (530),175,1140
P502,P531,Dijkzigt (502),Nieuwe Westen (531),251,1999
P502,P532,Dijkzigt (502),Nieuwe Westen (532),454,2857
P502,P540,Dijkzigt (502),Delfshaven (540),123,946
P502,P560,Dijkzigt (502),Schiemond (560),154,1064
P502,P570,Dijkzigt (502),Oud Mathenesse (570),426,4195
P502,P580,Dijkzigt (502),Schiemond (580),234,1631
P502,P581,Dijkzigt (502),Bospolder (581),284,2513
P502,P600,Dijkzigt (502),Struisenburg (600),452,4152
P502,P610,Dijkzigt (502),Rubroek (610),425,4007
P502,P620,Dijkzigt (502),De Esch (620),632,5760
P502,P630,Dijkzigt (502),Kralingen West (630),429,4036
P502,P633,Dijkzigt (502),Kralingen West (633),480,4731
P502,P634,Dijkzigt (502),Kralingen West (634),527,4875
P502,P640,Dijkzigt (502),De Esch (640),651,6449
P502,P650,Dijkzigt (502),Nieuw Crooswijk (650),512,5032
P502,P651,Dijkzigt (502),Oud Crooswijk (651),474,4314
P502,P660,Dijkzigt (502),Kralingen Oost (660),615,5976
P502,P670,Dijkzigt (502),Nieuw Crooswijk (670),608,5364
P502,P680,Dijkzigt (502),Nieuw Crooswijk (680),574,6196
P502,P690,Dijkzigt (502),Kralingen Oost (690),660,6634
P502,P700,Dijkzigt (502),Provenierswijk (700),370,3113
P502,P710,Dijkzigt (502),Agniesebuurt (710),388,3559
P502,P712,Dijkzigt (502),Stadsdriehoek (712),322,3102
P502,P720,Dijkzigt (502),Blijdorp (720),384,3442
P502,P721,Dijkzigt (502),Blijdorp (721),346,3172
P502,P723,Dijkzigt (502),Bergpolder (723),345,3390
P502,P724,Dijkzigt (502),Blijdorp (724),438,4192
P502,P730,Dijkzigt (502),Blijdorp (730),339,3102
P502,P740,Dijkzigt (502),Blijdorp (740),350,3228
P502,P750,Dijkzigt (502),Oude Noorden (750),446,3618
P502,P751,Dijkzigt (502),Oude Noorden (751),412,3626
P502,P753,Dijkzigt (502),Oude Noorden (753),499,4430
P502,P760,Dijkzigt (502),Liskwartier (760),480,4118
P502,P800,Dijkzigt (502),Hillegersberg Noord (800),587,5316
P502,P801,Dijkzigt (502),Hillegersberg Zuid (801),525,4933
P502,P811,Dijkzigt (502),Hillegersberg Noord (811),718,6639
P502,P812,Dijkzigt (502),Hillegersberg Noord (812),634,6146
P502,P900,Dijkzigt (502),Oud IJsselmonde (900),604,5606
P502,P910,Dijkzigt (502),Groot IJsselmonde (910),714,7060
P502,P912,Dijkzigt (502),Groot IJsselmonde (912),741,6945
P502,P920,Dijkzigt (502),Lombardijen (920),667,6550
P502,P930,Dijkzigt (502),Groot IJsselmonde (930),850,8323
P502,P950,Dijkzigt (502),Groot IJsselmonde (950),828,7906
P502,P960,Dijkzigt (502),Oud IJsselmonde (960),708,6920
P502,P980,Dijkzigt (502),Groot IJsselmonde (980),862,8736
P503,P10,Middelland (503),Stadsdriehoek (10),358,2919
P503,P11,Middelland (503),Stadsdriehoek (11),328,2528
P503,P20,Middelland (503),Stadsdriehoek (20),382,3311
P503,P21,Middelland (503),Stadsdriehoek (21),293,2417
P503,P30,Middelland (503),Cool (30),278,2167
P503,P31,Middelland (503),Cool (31),254,1968
P503,P40,Middelland (503),Cool (40),258,2108
P503,P41,Middelland (503),Stadsdriehoek (41),273,2090
P503,P42,Middelland (503),Dijkzigt (42),230,1971
P503,P50,Middelland (503),Oude Westen (50),116,674
P503,P51,Middelland (503),Dijkzigt (51),160,1026
P503,P60,Middelland (503),Cool (60),222,1757
P503,P120,Middelland (503),Nieuwe Werk (120),327,2401
P503,P121,Middelland (503),Nieuwe Werk (121),294,2749
P503,P200,Middelland (503),Carnisse (200),421,4049
P503,P201,Middelland (503),Zuidplein (201),494,4786
P503,P202,Middelland (503),Carnisse (202),454,4262
P503,P210,Middelland (503),Onbekend (210),531,5428
P503,P220,Middelland (503),Charlois Zuidrand (220),653,6690
P503,P230,Middelland (503),Tarwewijk (230),408,3977
P503,P232,Middelland (503),Bloemhof (232),497,5125
P503,P240,Middelland (503),Tarwewijk (240),454,4206
P503,P250,Middelland (503),Oud Charlois (250),422,4033
P503,P260,Middelland (503),Oud Charlois (260),507,4767
P503,P270,Middelland (503),Wielewaal (270),618,5567
P503,P280,Middelland (503),Pendrecht (280),580,5826
P503,P282,Middelland (503),Zuiderpark (282),513,5283
P503,P290,Middelland (503),Zuidwijk (290),703,7051
P503,P300,Middelland (503),Hillesluis (300),604,5817
P503,P301,Middelland (503),Hillesluis (301),585,5696
P503,P310,Middelland (503),Vreewijk (310),638,6500
P503,P311,Middelland (503),Vreewijk (311),650,6648
P503,P320,Middelland (503),Kop van Zuid - Entrepot (320),525,4941
P503,P322,Middelland (503),Kop van Zuid - Entrepot (322),494,4305
P503,P323,Middelland (503),Kop van Zuid (323),378,3826
P503,P330,Middelland (503),Afrikaanderwijk (330),537,5063
P503,P331,Middelland (503),Afrikaanderwijk (331),481,4638
P503,P340,Middelland (503),Bloemhof (340),571,5467
P503,P341,Middelland (503),Hillesluis (341),627,6071
P503,P350,Middelland (503),Katendrecht (350),580,5278
P503,P370,Middelland (503),Noordereiland (370),451,3891
P503,P380,Middelland (503),Feijenoord (380),584,5374
P503,P400,Middelland (503),Oosterflank (400),853,11752
P503,P410,Middelland (503),'s-Gravenland (410),888,7787
P503,P500,Middelland (503),Middelland (500),59,432
P503,P501,Middelland (503),Middelland (501),46,289
P503,P502,Middelland (503),Dijkzigt (502),102,800
P503,P503,Middelland (503),Middelland (503),8,0
P503,P504,Middelland (503),Middelland (504),108,801
P503,P510,Middelland (503),Tussendijken (510),217,1369
P503,P511,Middelland (503),Tussendijken (511),291,1864
P503,P513,Middelland (503),Tussendijken (513),250,1568
P503,P520,Middelland (503),Onbekend (520),390,3856
P503,P530,Middelland (503),Nieuwe Westen (530),120,827
P503,P531,Middelland (503),Nieuwe Westen (531),199,1282
P503,P532,Middelland (503),Nieuwe Westen (532),445,2506
P503,P540,Middelland (503),Delfshaven (540),128,1079
P503,P560,Middelland (503),Schiemond (560),181,1438
P503,P570,Middelland (503),Oud Mathenesse (570),414,3055
P503,P580,Middelland (503),Schiemond (580),261,2006
P503,P581,Middelland (503),Bospolder (581),316,2882
P503,P600,Middelland (503),Struisenburg (600),478,4040
P503,P610,Middelland (503),Rubroek (610),419,3665
P503,P620,Middelland (503),De Esch (620),657,5693
P503,P630,Middelland (503),Kralingen West (630),450,3878
P503,P633,Middelland (503),Kralingen West (633),502,4573
P503,P634,Middelland (503),Kralingen West (634),549,4717
P503,P640,Middelland (503),De Esch (640),679,6382
P503,P650,Middelland (503),Nieuw Crooswijk (650),492,4679
P503,P651,Middelland (503),Oud Crooswijk (651),455,3961
P503,P660,Middelland (503),Kralingen Oost (660),640,5913
P503,P670,Middelland (503),Nieuw Crooswijk (670),592,5610
P503,P680,Middelland (503),Nieuw Crooswijk (680),554,5911
P503,P690,Middelland (503),Kralingen Oost (690),681,6471
P503,P700,Middelland (503),Provenierswijk (700),349,2760
P503,P710,Middelland (503),Agniesebuurt (710),368,3248
P503,P712,Middelland (503),Stadsdriehoek (712),305,2783
P503,P720,Middelland (503),Blijdorp (720),364,3089
P503,P721,Middelland (503),Blijdorp (721),326,2819
P503,P723,Middelland (503),Bergpolder (723),328,3068
P503,P724,Middelland (503),Blijdorp (724),422,3890
P503,P730,Middelland (503),Blijdorp (730),319,2749
P503,P740,Middelland (503),Blijdorp (740),333,2868
P503,P750,Middelland (503),Oude Noorden (750),426,3323
P503,P751,Middelland (503),Oude Noorden (751),394,3303
P503,P753,Middelland (503),Oude Noorden (753),479,4076
P503,P760,Middelland (503),Liskwartier (760),462,3765
P503,P800,Middelland (503),Hillegersberg Noord (800),566,4963
P503,P801,Middelland (503),Hillegersberg Zuid (801),509,4644
P503,P811,Middelland (503),Hillegersberg Noord (811),699,6336
P503,P812,Middelland (503),Hillegersberg Noord (812),617,5847
P503,P900,Middelland (503),Oud IJsselmonde (900),668,6396
P503,P910,Middelland (503),Groot IJsselmonde (910),772,7831
P503,P912,Middelland (503),Groot IJsselmonde (912),804,7802
P503,P920,Middelland (503),Lombardijen (920),713,7276
P503,P930,Middelland (503),Groot IJsselmonde (930),908,9095
P503,P950,Middelland (503),Groot IJsselmonde (950),885,8678
P503,P960,Middelland (503),Oud IJsselmonde (960),769,7708
P503,P980,Middelland (503),Groot IJsselmonde (980),912,9472
P504,P10,Middelland (504),Stadsdriehoek (10),344,3099
P504,P11,Middelland (504),Stadsdriehoek (11),332,2634
P504,P20,Middelland (504),Stadsdriehoek (20),400,3887
P504,P21,Middelland (504),Stadsdriehoek (21),315,2663
P504,P30,Middelland (504),Cool (30),293,2403
P504,P31,Middelland (504),Cool (31),283,2280
P504,P40,Middelland (504),Cool (40),286,2404
P504,P41,Middelland (504),Stadsdriehoek (41),304,2403
P504,P42,Middelland (504),Dijkzigt (42),272,2287
P504,P50,Middelland (504),Oude Westen (50),159,1045
P504,P51,Middelland (504),Dijkzigt (51),197,1375
P504,P60,Middelland (504),Cool (60),145,1176
P504,P120,Middelland (504),Nieuwe Werk (120),369,2937
P504,P121,Middelland (504),Nieuwe Werk (121),334,3045
P504,P200,Middelland (504),Carnisse (200),452,4342
P504,P201,Middelland (504),Zuidplein (201),531,5056
P504,P202,Middelland (504),Carnisse (202),496,4578
P504,P210,Middelland (504),Onbekend (210),563,5694
P504,P220,Middelland (504),Charlois Zuidrand (220),685,6959
P504,P230,Middelland (504),Tarwewijk (230),450,4286
P504,P232,Middelland (504),Bloemhof (232),529,5407
P504,P240,Middelland (504),Tarwewijk (240),496,4494
P504,P250,Middelland (504),Oud Charlois (250),454,4325
P504,P260,Middelland (504),Oud Charlois (260),546,5038
P504,P270,Middelland (504),Wielewaal (270),652,5834
P504,P280,Middelland (504),Pendrecht (280),622,6142
P504,P282,Middelland (504),Zuiderpark (282),552,5532
P504,P290,Middelland (504),Zuidwijk (290),745,7367
P504,P300,Middelland (504),Hillesluis (300),643,6123
P504,P301,Middelland (504),Hillesluis (301),616,5940
P504,P310,Middelland (504),Vreewijk (310),680,6816
P504,P311,Middelland (504),Vreewijk (311),688,6915
P504,P320,Middelland (504),Kop van Zuid - Entrepot (320),559,5190
P504,P322,Middelland (504),Kop van Zuid - Entrepot (322),517,4566
P504,P323,Middelland (504),Kop van Zuid (323),420,4142
P504,P330,Middelland (504),Afrikaanderwijk (330),569,5329
P504,P331,Middelland (504),Afrikaanderwijk (331),513,4894
P504,P340,Middelland (504),Bloemhof (340),611,5718
P504,P341,Middelland (504),Hillesluis (341),669,6363
P504,P350,Middelland (504),Katendrecht (350),612,5532
P504,P370,Middelland (504),Noordereiland (370),472,4137
P504,P380,Middelland (504),Feijenoord (380),616,5370
P504,P400,Middelland (504),Oosterflank (400),775,11063
P504,P410,Middelland (504),'s-Gravenland (410),905,7923
P504,P500,Middelland (504),Middelland (500),111,1072
P504,P501,Middelland (504),Middelland (501),77,607
P504,P502,Middelland (504),Dijkzigt (502),150,1313
P504,P503,Middelland (504),Middelland (503),86,762
P504,P504,Middelland (504),Middelland (504),9,0
P504,P510,Middelland (504),Tussendijken (510),288,1858
P504,P511,Middelland (504),Tussendijken (511),367,2528
P504,P513,Middelland (504),Tussendijken (513),252,1562
P504,P520,Middelland (504),Onbekend (520),446,4204
P504,P530,Middelland (504),Nieuwe Westen (530),203,1493
P504,P531,Middelland (504),Nieuwe Westen (531),154,965
P504,P532,Middelland (504),Nieuwe Westen (532),438,1911
P504,P540,Middelland (504),Delfshaven (540),175,1658
P504,P560,Middelland (504),Schiemond (560),260,2101
P504,P570,Middelland (504),Oud Mathenesse (570),416,3359
P504,P580,Middelland (504),Schiemond (580),309,2552
P504,P581,Middelland (504),Bospolder (581),370,3475
P504,P600,Middelland (504),Struisenburg (600),509,4385
P504,P610,Middelland (504),Rubroek (610),340,3061
P504,P620,Middelland (504),De Esch (620),683,5939
P504,P630,Middelland (504),Kralingen West (630),463,4227
P504,P633,Middelland (504),Kralingen West (633),472,4337
P504,P634,Middelland (504),Kralingen West (634),528,4799
P504,P640,Middelland (504),De Esch (640),704,6628
P504,P650,Middelland (504),Nieuw Crooswijk (650),423,4054
P504,P651,Middelland (504),Oud Crooswijk (651),378,3279
P504,P660,Middelland (504),Kralingen Oost (660),665,6158
P504,P670,Middelland (504),Nieuw Crooswijk (670),523,4986
P504,P680,Middelland (504),Nieuw Crooswijk (680),476,5220
P504,P690,Middelland (504),Kralingen Oost (690),706,6605
P504,P700,Middelland (504),Provenierswijk (700),281,2135
P504,P710,Middelland (504),Agniesebuurt (710),300,2581
P504,P712,Middelland (504),Stadsdriehoek (712),230,2100
P504,P720,Middelland (504),Blijdorp (720),295,2464
P504,P721,Middelland (504),Blijdorp (721),254,2194
P504,P723,Middelland (504),Bergpolder (723),252,2398
P504,P724,Middelland (504),Blijdorp (724),349,3206
P504,P730,Middelland (504),Blijdorp (730),243,2073
P504,P740,Middelland (504),Blijdorp (740),254,2171
P504,P750,Middelland (504),Oude Noorden (750),358,2640
P504,P751,Middelland (504),Oude Noorden (751),315,2609
P504,P753,Middelland (504),Oude Noorden (753),410,3452
P504,P760,Middelland (504),Liskwartier (760),384,3079
P504,P800,Middelland (504),Hillegersberg Noord (800),498,4338
P504,P801,Middelland (504),Hillegersberg Zuid (801),434,3947
P504,P811,Middelland (504),Hillegersberg Noord (811),620,5661
P504,P812,Middelland (504),Hillegersberg Noord (812),544,5157
P504,P900,Middelland (504),Oud IJsselmonde (900),701,6694
P504,P910,Middelland (504),Groot IJsselmonde (910),814,8086
P504,P912,Middelland (504),Groot IJsselmonde (912),835,8048
P504,P920,Middelland (504),Lombardijen (920),755,7580
P504,P930,Middelland (504),Groot IJsselmonde (930),950,9411
P504,P950,Middelland (504),Groot IJsselmonde (950),921,8961
P504,P960,Middelland (504),Oud IJsselmonde (960),806,8004
P504,P980,Middelland (504),Groot IJsselmonde (980),945,9720
P510,P10,Tussendijken (510),Stadsdriehoek (10),484,4348
P510,P11,Tussendijken (510),Stadsdriehoek (11),464,3987
P510,P20,Tussendijken (510),Stadsdriehoek (20),520,4767
P510,P21,Tussendijken (510),Stadsdriehoek (21),456,3864
P510,P30,Tussendijken (510),Cool (30),432,3661
P510,P31,Tussendijken (510),Cool (31),407,3541
P510,P40,Tussendijken (510),Cool (40),390,3570
P510,P41,Tussendijken (510),Stadsdriehoek (41),417,3552
P510,P42,Tussendijken (510),Dijkzigt (42),344,2729
P510,P50,Tussendijken (510),Oude Westen (50),309,2217
P510,P51,Tussendijken (510),Dijkzigt (51),302,2514
P510,P60,Tussendijken (510),Cool (60),380,3280
P510,P120,Tussendijken (510),Nieuwe Werk (120),465,3350
P510,P121,Tussendijken (510),Nieuwe Werk (121),403,3436
P510,P200,Tussendijken (510),Carnisse (200),559,5037
P510,P201,Tussendijken (510),Zuidplein (201),623,5735
P510,P202,Tussendijken (510),Carnisse (202),588,5211
P510,P210,Tussendijken (510),Onbekend (210),665,6483
P510,P220,Tussendijken (510),Charlois Zuidrand (220),776,7639
P510,P230,Tussendijken (510),Tarwewijk (230),561,4950
P510,P232,Tussendijken (510),Bloemhof (232),618,6041
P510,P240,Tussendijken (510),Tarwewijk (240),597,5155
P510,P250,Tussendijken (510),Oud Charlois (250),564,4958
P510,P260,Tussendijken (510),Oud Charlois (260),633,5716
P510,P270,Tussendijken (510),Wielewaal (270),742,6470
P510,P280,Tussendijken (510),Pendrecht (280),714,6794
P510,P282,Tussendijken (510),Zuiderpark (282),682,6457
P510,P290,Tussendijken (510),Zuidwijk (290),854,8106
P510,P300,Tussendijken (510),Hillesluis (300),732,6703
P510,P301,Tussendijken (510),Hillesluis (301),696,6408
P510,P310,Tussendijken (510),Vreewijk (310),788,7449
P510,P311,Tussendijken (510),Vreewijk (311),775,7548
P510,P320,Tussendijken (510),Kop van Zuid - Entrepot (320),632,5582
P510,P322,Tussendijken (510),Kop van Zuid - Entrepot (322),620,5724
P510,P323,Tussendijken (510),Kop van Zuid (323),489,4532
P510,P330,Tussendijken (510),Afrikaanderwijk (330),648,5769
P510,P331,Tussendijken (510),Afrikaanderwijk (331),586,5284
P510,P340,Tussendijken (510),Bloemhof (340),701,6404
P510,P341,Tussendijken (510),Hillesluis (341),761,7020
P510,P350,Tussendijken (510),Katendrecht (350),696,5922
P510,P370,Tussendijken (510),Noordereiland (370),580,5279
P510,P380,Tussendijken (510),Feijenoord (380),698,6083
P510,P400,Tussendijken (510),Oosterflank (400),989,13677
P510,P410,Tussendijken (510),'s-Gravenland (410),1014,9178
P510,P500,Tussendijken (510),Middelland (500),243,1915
P510,P501,Tussendijken (510),Middelland (501),282,1952
P510,P502,Tussendijken (510),Dijkzigt (502),226,1694
P510,P503,Tussendijken (510),Middelland (503),221,1438
P510,P504,Tussendijken (510),Middelland (504),278,2006
P510,P510,Tussendijken (510),Tussendijken (510),94,0
P510,P511,Tussendijken (510),Tussendijken (511),193,1156
P510,P513,Tussendijken (510),Tussendijken (513),125,760
P510,P520,Tussendijken (510),Onbekend (520),305,2390
P510,P530,Tussendijken (510),Nieuwe Westen (530),190,1208
P510,P531,Tussendijken (510),Nieuwe Westen (531),221,1310
P510,P532,Tussendijken (510),Nieuwe Westen (532),432,2090
P510,P540,Tussendijken (510),Delfshaven (540),192,1487
P510,P560,Tussendijken (510),Schiemond (560),291,2141
P510,P570,Tussendijken (510),Oud Mathenesse (570),303,2163
P510,P580,Tussendijken (510),Schiemond (580),249,1532
P510,P581,Tussendijken (510),Bospolder (581),257,1753
P510,P600,Tussendijken (510),Struisenburg (600),618,5458
P510,P610,Tussendijken (510),Rubroek (610),572,5072
P510,P620,Tussendijken (510),De Esch (620),787,7380
P510,P630,Tussendijken (510),Kralingen West (630),601,5402
P510,P633,Tussendijken (510),Kralingen West (633),634,5978
P510,P634,Tussendijken (510),Kralingen West (634),707,6179
P510,P640,Tussendijken (510),De Esch (640),851,8069
P510,P650,Tussendijken (510),Nieuw Crooswijk (650),655,6137
P510,P651,Tussendijken (510),Oud Crooswijk (651),608,5484
P510,P660,Tussendijken (510),Kralingen Oost (660),767,7300
P510,P670,Tussendijken (510),Nieuw Crooswijk (670),740,7656
P510,P680,Tussendijken (510),Nieuw Crooswijk (680),669,7389
P510,P690,Tussendijken (510),Kralingen Oost (690),813,7938
P510,P700,Tussendijken (510),Provenierswijk (700),512,4272
P510,P710,Tussendijken (510),Agniesebuurt (710),531,4728
P510,P712,Tussendijken (510),Stadsdriehoek (712),461,4247
P510,P720,Tussendijken (510),Blijdorp (720),522,4612
P510,P721,Tussendijken (510),Blijdorp (721),472,4310
P510,P723,Tussendijken (510),Bergpolder (723),484,4546
P510,P724,Tussendijken (510),Blijdorp (724),506,4479
P510,P730,Tussendijken (510),Blijdorp (730),461,3974
P510,P740,Tussendijken (510),Blijdorp (740),433,3155
P510,P750,Tussendijken (510),Oude Noorden (750),590,4788
P510,P751,Tussendijken (510),Oude Noorden (751),553,4728
P510,P753,Tussendijken (510),Oude Noorden (753),642,5581
P510,P760,Tussendijken (510),Liskwartier (760),599,5288
P510,P800,Tussendijken (510),Hillegersberg Noord (800),730,6620
P510,P801,Tussendijken (510),Hillegersberg Zuid (801),666,6176
P510,P811,Tussendijken (510),Hillegersberg Noord (811),858,7808
P510,P812,Tussendijken (510),Hillegersberg Noord (812),776,7315
P510,P900,Tussendijken (510),Oud IJsselmonde (900),788,7327
P510,P910,Tussendijken (510),Groot IJsselmonde (910),898,8424
P510,P912,Tussendijken (510),Groot IJsselmonde (912),905,8423
P510,P920,Tussendijken (510),Lombardijen (920),877,8450
P510,P930,Tussendijken (510),Groot IJsselmonde (930),1039,9824
P510,P950,Tussendijken (510),Groot IJsselmonde (950),996,9384
P510,P960,Tussendijken (510),Oud IJsselmonde (960),874,8397
P510,P980,Tussendijken (510),Groot IJsselmonde (980),1033,10400
P511,P10,Tussendijken (511),Stadsdriehoek (10),497,4460
P511,P11,Tussendijken (511),Stadsdriehoek (11),475,4102
P511,P20,Tussendijken (511),Stadsdriehoek (20),519,4851
P511,P21,Tussendijken (511),Stadsdriehoek (21),430,3909
P511,P30,Tussendijken (511),Cool (30),420,3725
P511,P31,Tussendijken (511),Cool (31),398,3541
P511,P40,Tussendijken (511),Cool (40),404,3682
P511,P41,Tussendijken (511),Stadsdriehoek (41),419,3664
P511,P42,Tussendijken (511),Dijkzigt (42),355,2789
P511,P50,Tussendijken (511),Oude Westen (50),323,2455
P511,P51,Tussendijken (511),Dijkzigt (51),316,2625
P511,P60,Tussendijken (511),Cool (60),398,3526
P511,P120,Tussendijken (511),Nieuwe Werk (120),452,3462
P511,P121,Tussendijken (511),Nieuwe Werk (121),417,3548
P511,P200,Tussendijken (511),Carnisse (200),552,5087
P511,P201,Tussendijken (511),Zuidplein (201),637,5847
P511,P202,Tussendijken (511),Carnisse (202),597,5323
P511,P210,Tussendijken (511),Onbekend (210),664,6439
P511,P220,Tussendijken (511),Charlois Zuidrand (220),790,7751
P511,P230,Tussendijken (511),Tarwewijk (230),551,5031
P511,P232,Tussendijken (511),Bloemhof (232),631,6152
P511,P240,Tussendijken (511),Tarwewijk (240),597,5267
P511,P250,Tussendijken (511),Oud Charlois (250),555,5070
P511,P260,Tussendijken (511),Oud Charlois (260),647,5828
P511,P270,Tussendijken (511),Wielewaal (270),755,6582
P511,P280,Tussendijken (511),Pendrecht (280),724,6887
P511,P282,Tussendijken (511),Zuiderpark (282),653,6265
P511,P290,Tussendijken (511),Zuidwijk (290),846,8112
P511,P300,Tussendijken (511),Hillesluis (300),728,6730
P511,P301,Tussendijken (511),Hillesluis (301),710,6520
P511,P310,Tussendijken (511),Vreewijk (310),782,7561
P511,P311,Tussendijken (511),Vreewijk (311),789,7660
P511,P320,Tussendijken (511),Kop van Zuid - Entrepot (320),641,5691
P511,P322,Tussendijken (511),Kop van Zuid - Entrepot (322),634,5836
P511,P323,Tussendijken (511),Kop van Zuid (323),503,4644
P511,P330,Tussendijken (511),Afrikaanderwijk (330),661,5881
P511,P331,Tussendijken (511),Afrikaanderwijk (331),594,5396
P511,P340,Tussendijken (511),Bloemhof (340),714,6516
P511,P341,Tussendijken (511),Hillesluis (341),770,7132
P511,P350,Tussendijken (511),Katendrecht (350),693,6034
P511,P370,Tussendijken (511),Noordereiland (370),585,5391
P511,P380,Tussendijken (511),Feijenoord (380),708,6192
P511,P400,Tussendijken (511),Oosterflank (400),940,13886
P511,P410,Tussendijken (511),'s-Gravenland (410),1027,9290
P511,P500,Tussendijken (511),Middelland (500),256,2027
P511,P501,Tussendijken (511),Middelland (501),253,2064
P511,P502,Tussendijken (511),Dijkzigt (502),234,1806
P511,P503,Tussendijken (511),Middelland (503),235,1550
P511,P504,Tussendijken (511),Middelland (504),293,1911
P511,P510,Tussendijken (511),Tussendijken (510),114,700
P511,P511,Tussendijken (511),Tussendijken (511),14,0
P511,P513,Tussendijken (511),Tussendijken (513),95,564
P511,P520,Tussendijken (511),Onbekend (520),252,2016
P511,P530,Tussendijken (511),Nieuwe Westen (530),204,1312
P511,P531,Tussendijken (511),Nieuwe Westen (531),261,1586
P511,P532,Tussendijken (511),Nieuwe Westen (532),491,2498
P511,P540,Tussendijken (511),Delfshaven (540),179,1414
P511,P560,Tussendijken (511),Schiemond (560),278,2188
P511,P570,Tussendijken (511),Oud Mathenesse (570),236,1814
P511,P580,Tussendijken (511),Schiemond (580),246,1555
P511,P581,Tussendijken (511),Bospolder (581),252,1725
P511,P600,Tussendijken (511),Struisenburg (600),624,5570
P511,P610,Tussendijken (511),Rubroek (610),592,5423
P511,P620,Tussendijken (511),De Esch (620),800,7178
P511,P630,Tussendijken (511),Kralingen West (630),597,5452
P511,P633,Tussendijken (511),Kralingen West (633),648,6147
P511,P634,Tussendijken (511),Kralingen West (634),683,6291
P511,P640,Tussendijken (511),De Esch (640),820,7866
P511,P650,Tussendijken (511),Nieuw Crooswijk (650),679,6448
P511,P651,Tussendijken (511),Oud Crooswijk (651),642,5730
P511,P660,Tussendijken (511),Kralingen Oost (660),780,7393
P511,P670,Tussendijken (511),Nieuw Crooswijk (670),718,8548
P511,P680,Tussendijken (511),Nieuw Crooswijk (680),639,8036
P511,P690,Tussendijken (511),Kralingen Oost (690),827,8050
P511,P700,Tussendijken (511),Provenierswijk (700),537,4529
P511,P710,Tussendijken (511),Agniesebuurt (710),556,4975
P511,P712,Tussendijken (511),Stadsdriehoek (712),486,4493
P511,P720,Tussendijken (511),Blijdorp (720),547,4756
P511,P721,Tussendijken (511),Blijdorp (721),514,4588
P511,P723,Tussendijken (511),Bergpolder (723),508,4792
P511,P724,Tussendijken (511),Blijdorp (724),491,4338
P511,P730,Tussendijken (511),Blijdorp (730),507,4518
P511,P740,Tussendijken (511),Blijdorp (740),454,2935
P511,P750,Tussendijken (511),Oude Noorden (750),614,5034
P511,P751,Tussendijken (511),Oude Noorden (751),575,5027
P511,P753,Tussendijken (511),Oude Noorden (753),667,5846
P511,P760,Tussendijken (511),Liskwartier (760),608,6660
P511,P800,Tussendijken (511),Hillegersberg Noord (800),713,8061
P511,P801,Tussendijken (511),Hillegersberg Zuid (801),665,7616
P511,P811,Tussendijken (511),Hillegersberg Noord (811),858,10160
P511,P812,Tussendijken (511),Hillegersberg Noord (812),784,9667
P511,P900,Tussendijken (511),Oud IJsselmonde (900),784,7196
P511,P910,Tussendijken (511),Groot IJsselmonde (910),896,8649
P511,P912,Tussendijken (511),Groot IJsselmonde (912),916,8535
P511,P920,Tussendijken (511),Lombardijen (920),856,8326
P511,P930,Tussendijken (511),Groot IJsselmonde (930),1032,9913
P511,P950,Tussendijken (511),Groot IJsselmonde (950),1010,9496
P511,P960,Tussendijken (511),Oud IJsselmonde (960),888,8509
P511,P980,Tussendijken (511),Groot IJsselmonde (980),1046,10512
P513,P10,Tussendijken (513),Stadsdriehoek (10),533,4284
P513,P11,Tussendijken (513),Stadsdriehoek (11),504,4156
P513,P20,Tussendijken (513),Stadsdriehoek (20),562,5056
P513,P21,Tussendijken (513),Stadsdriehoek (21),474,4151
P513,P30,Tussendijken (513),Cool (30),454,3847
P513,P31,Tussendijken (513),Cool (31),442,3747
P513,P40,Tussendijken (513),Cool (40),443,3857
P513,P41,Tussendijken (513),Stadsdriehoek (41),462,3870
P513,P42,Tussendijken (513),Dijkzigt (42),398,2995
P513,P50,Tussendijken (513),Oude Westen (50),332,2114
P513,P51,Tussendijken (513),Dijkzigt (51),352,2785
P513,P60,Tussendijken (513),Cool (60),403,2991
P513,P120,Tussendijken (513),Nieuwe Werk (120),496,3668
P513,P121,Tussendijken (513),Nieuwe Werk (121),460,3753
P513,P200,Tussendijken (513),Carnisse (200),596,5293
P513,P201,Tussendijken (513),Zuidplein (201),674,5994
P513,P202,Tussendijken (513),Carnisse (202),640,5529
P513,P210,Tussendijken (513),Onbekend (210),707,6649
P513,P220,Tussendijken (513),Charlois Zuidrand (220),828,7897
P513,P230,Tussendijken (513),Tarwewijk (230),595,5237
P513,P232,Tussendijken (513),Bloemhof (232),671,6358
P513,P240,Tussendijken (513),Tarwewijk (240),640,5432
P513,P250,Tussendijken (513),Oud Charlois (250),598,5276
P513,P260,Tussendijken (513),Oud Charlois (260),690,5977
P513,P270,Tussendijken (513),Wielewaal (270),792,6787
P513,P280,Tussendijken (513),Pendrecht (280),767,7093
P513,P282,Tussendijken (513),Zuiderpark (282),696,6504
P513,P290,Tussendijken (513),Zuidwijk (290),890,8318
P513,P300,Tussendijken (513),Hillesluis (300),772,6935
P513,P301,Tussendijken (513),Hillesluis (301),740,6656
P513,P310,Tussendijken (513),Vreewijk (310),825,7767
P513,P311,Tussendijken (513),Vreewijk (311),831,7866
P513,P320,Tussendijken (513),Kop van Zuid - Entrepot (320),684,5919
P513,P322,Tussendijken (513),Kop van Zuid - Entrepot (322),672,6041
P513,P323,Tussendijken (513),Kop van Zuid (323),545,4850
P513,P330,Tussendijken (513),Afrikaanderwijk (330),693,6024
P513,P331,Tussendijken (513),Afrikaanderwijk (331),638,5602
P513,P340,Tussendijken (513),Bloemhof (340),754,6688
P513,P341,Tussendijken (513),Hillesluis (341),813,7302
P513,P350,Tussendijken (513),Katendrecht (350),736,6240
P513,P370,Tussendijken (513),Noordereiland (370),628,5612
P513,P380,Tussendijken (513),Feijenoord (380),752,6398
P513,P400,Tussendijken (513),Oosterflank (400),946,13485
P513,P410,Tussendijken (513),'s-Gravenland (410),1068,9496
P513,P500,Tussendijken (513),Middelland (500),270,1915
P513,P501,Tussendijken (513),Middelland (501),272,1827
P513,P502,Tussendijken (513),Dijkzigt (502),278,2012
P513,P503,Tussendijken (513),Middelland (503),250,1563
P513,P504,Tussendijken (513),Middelland (504),213,1378
P513,P510,Tussendijken (513),Tussendijken (510),105,643
P513,P511,Tussendijken (513),Tussendijken (511),140,855
P513,P513,Tussendijken (513),Tussendijken (513),12,0
P513,P520,Tussendijken (513),Onbekend (520),257,2080
P513,P530,Tussendijken (513),Nieuwe Westen (530),238,1496
P513,P531,Tussendijken (513),Nieuwe Westen (531),174,1042
P513,P532,Tussendijken (513),Nieuwe Westen (532),396,1898
P513,P540,Tussendijken (513),Delfshaven (540),223,1620
P513,P560,Tussendijken (513),Schiemond (560),322,2394
P513,P570,Tussendijken (513),Oud Mathenesse (570),242,1877
P513,P580,Tussendijken (513),Schiemond (580),284,1813
P513,P581,Tussendijken (513),Bospolder (581),257,1819
P513,P600,Tussendijken (513),Struisenburg (600),668,5774
P513,P610,Tussendijken (513),Rubroek (610),570,4342
P513,P620,Tussendijken (513),De Esch (620),838,7427
P513,P630,Tussendijken (513),Kralingen West (630),634,5563
P513,P633,Tussendijken (513),Kralingen West (633),667,5470
P513,P634,Tussendijken (513),Kralingen West (634),713,6390
P513,P640,Tussendijken (513),De Esch (640),863,8116
P513,P650,Tussendijken (513),Nieuw Crooswijk (650),626,5200
P513,P651,Tussendijken (513),Oud Crooswijk (651),580,4458
P513,P660,Tussendijken (513),Kralingen Oost (660),824,7646
P513,P670,Tussendijken (513),Nieuw Crooswijk (670),685,7583
P513,P680,Tussendijken (513),Nieuw Crooswijk (680),629,7197
P513,P690,Tussendijken (513),Kralingen Oost (690),870,8165
P513,P700,Tussendijken (513),Provenierswijk (700),496,3403
P513,P710,Tussendijken (513),Agniesebuurt (710),500,3749
P513,P712,Tussendijken (513),Stadsdriehoek (712),423,3222
P513,P720,Tussendijken (513),Blijdorp (720),477,4213
P513,P721,Tussendijken (513),Blijdorp (721),438,3144
P513,P723,Tussendijken (513),Bergpolder (723),432,3213
P513,P724,Tussendijken (513),Blijdorp (724),404,3794
P513,P730,Tussendijken (513),Blijdorp (730),431,2939
P513,P740,Tussendijken (513),Blijdorp (740),368,2392
P513,P750,Tussendijken (513),Oude Noorden (750),592,4016
P513,P751,Tussendijken (513),Oude Noorden (751),535,3844
P513,P753,Tussendijken (513),Oude Noorden (753),637,4976
P513,P760,Tussendijken (513),Liskwartier (760),569,4526
P513,P800,Tussendijken (513),Hillegersberg Noord (800),720,7026
P513,P801,Tussendijken (513),Hillegersberg Zuid (801),633,6497
P513,P811,Tussendijken (513),Hillegersberg Noord (811),827,6787
P513,P812,Tussendijken (513),Hillegersberg Noord (812),745,6293
P513,P900,Tussendijken (513),Oud IJsselmonde (900),827,7402
P513,P910,Tussendijken (513),Groot IJsselmonde (910),940,8781
P513,P912,Tussendijken (513),Groot IJsselmonde (912),959,8743
P513,P920,Tussendijken (513),Lombardijen (920),900,8531
P513,P930,Tussendijken (513),Groot IJsselmonde (930),1075,10119
P513,P950,Tussendijken (513),Groot IJsselmonde (950),1046,9656
P513,P960,Tussendijken (513),Oud IJsselmonde (960),929,8699
P513,P980,Tussendijken (513),Groot IJsselmonde (980),1090,10693
P520,P10,Onbekend (520),Stadsdriehoek (10),639,6294
P520,P11,Onbekend (520),Stadsdriehoek (11),610,5784
P520,P20,Onbekend (520),Stadsdriehoek (20),630,6403
P520,P21,Onbekend (520),Stadsdriehoek (21),555,5521
P520,P30,Onbekend (520),Cool (30),572,5615
P520,P31,Onbekend (520),Cool (31),548,5464
P520,P40,Onbekend (520),Cool (40),492,4954
P520,P41,Onbekend (520),Stadsdriehoek (41),540,5222
P520,P42,Onbekend (520),Dijkzigt (42),447,4441
P520,P50,Onbekend (520),Oude Westen (50),466,4378
P520,P51,Onbekend (520),Dijkzigt (51),453,4500
P520,P60,Onbekend (520),Cool (60),537,5268
P520,P120,Onbekend (520),Nieuwe Werk (120),497,4455
P520,P121,Onbekend (520),Nieuwe Werk (121),469,4655
P520,P200,Onbekend (520),Carnisse (200),607,5976
P520,P201,Onbekend (520),Zuidplein (201),676,6656
P520,P202,Onbekend (520),Carnisse (202),637,6166
P520,P210,Onbekend (520),Onbekend (210),714,7354
P520,P220,Onbekend (520),Charlois Zuidrand (220),834,8560
P520,P230,Onbekend (520),Tarwewijk (230),598,5903
P520,P232,Onbekend (520),Bloemhof (232),676,7052
P520,P240,Onbekend (520),Tarwewijk (240),641,6009
P520,P250,Onbekend (520),Oud Charlois (250),612,5959
P520,P260,Onbekend (520),Oud Charlois (260),691,6678
P520,P270,Onbekend (520),Wielewaal (270),800,7494
P520,P280,Onbekend (520),Pendrecht (280),768,7801
P520,P282,Onbekend (520),Zuiderpark (282),705,7210
P520,P290,Onbekend (520),Zuidwijk (290),891,9026
P520,P300,Onbekend (520),Hillesluis (300),780,7694
P520,P301,Onbekend (520),Hillesluis (301),762,7556
P520,P310,Onbekend (520),Vreewijk (310),826,8381
P520,P311,Onbekend (520),Vreewijk (311),833,8574
P520,P320,Onbekend (520),Kop van Zuid - Entrepot (320),693,6799
P520,P322,Onbekend (520),Kop van Zuid - Entrepot (322),668,6727
P520,P323,Onbekend (520),Kop van Zuid (323),555,5752
P520,P330,Onbekend (520),Afrikaanderwijk (330),699,6795
P520,P331,Onbekend (520),Afrikaanderwijk (331),647,6504
P520,P340,Onbekend (520),Bloemhof (340),759,7393
P520,P341,Onbekend (520),Hillesluis (341),809,7916
P520,P350,Onbekend (520),Katendrecht (350),752,7142
P520,P370,Onbekend (520),Noordereiland (370),655,6637
P520,P380,Onbekend (520),Feijenoord (380),761,7300
P520,P400,Onbekend (520),Oosterflank (400),924,14105
P520,P410,Onbekend (520),'s-Gravenland (410),1122,10765
P520,P500,Onbekend (520),Middelland (500),380,3748
P520,P501,Onbekend (520),Middelland (501),405,3987
P520,P502,Onbekend (520),Dijkzigt (502),366,3556
P520,P503,Onbekend (520),Middelland (503),392,3805
P520,P504,Onbekend (520),Middelland (504),417,3170
P520,P510,Onbekend (520),Tussendijken (510),287,2239
P520,P511,Onbekend (520),Tussendijken (511),190,1663
P520,P513,Onbekend (520),Tussendijken (513),254,2072
P520,P520,Onbekend (520),Onbekend (520),103,0
P520,P530,Onbekend (520),Nieuwe Westen (530),390,3166
P520,P531,Onbekend (520),Nieuwe Westen (531),380,2765
P520,P532,Onbekend (520),Nieuwe Westen (532),519,3597
P520,P540,Onbekend (520),Delfshaven (540),318,2933
P520,P560,Onbekend (520),Schiemond (560),340,3142
P520,P570,Onbekend (520),Oud Mathenesse (570),214,2016
P520,P580,Onbekend (520),Schiemond (580),240,2156
P520,P581,Onbekend (520),Bospolder (581),115,1029
P520,P600,Onbekend (520),Struisenburg (600),690,6902
P520,P610,Onbekend (520),Rubroek (610),735,6004
P520,P620,Onbekend (520),De Esch (620),866,8501
P520,P630,Onbekend (520),Kralingen West (630),721,7151
P520,P633,Onbekend (520),Kralingen West (633),751,7474
P520,P634,Onbekend (520),Kralingen West (634),761,9530
P520,P640,Onbekend (520),De Esch (640),896,9190
P520,P650,Onbekend (520),Nieuw Crooswijk (650),695,9041
P520,P651,Onbekend (520),Oud Crooswijk (651),761,8733
P520,P660,Onbekend (520),Kralingen Oost (660),847,8675
P520,P670,Onbekend (520),Nieuw Crooswijk (670),688,8750
P520,P680,Onbekend (520),Nieuw Crooswijk (680),622,8237
P520,P690,Onbekend (520),Kralingen Oost (690),891,14088
P520,P700,Onbekend (520),Provenierswijk (700),607,7238
P520,P710,Onbekend (520),Agniesebuurt (710),663,7653
P520,P712,Onbekend (520),Stadsdriehoek (712),629,5023
P520,P720,Onbekend (520),Blijdorp (720),550,5786
P520,P721,Onbekend (520),Blijdorp (721),537,6034
P520,P723,Onbekend (520),Bergpolder (723),526,6344
P520,P724,Onbekend (520),Blijdorp (724),468,5316
P520,P730,Onbekend (520),Blijdorp (730),570,5994
P520,P740,Onbekend (520),Blijdorp (740),525,5293
P520,P750,Onbekend (520),Oude Noorden (750),692,7540
P520,P751,Onbekend (520),Oude Noorden (751),626,7428
P520,P753,Onbekend (520),Oude Noorden (753),706,8098
P520,P760,Onbekend (520),Liskwartier (760),614,7325
P520,P800,Onbekend (520),Hillegersberg Noord (800),699,8263
P520,P801,Onbekend (520),Hillegersberg Zuid (801),634,7786
P520,P811,Onbekend (520),Hillegersberg Noord (811),828,10362
P520,P812,Onbekend (520),Hillegersberg Noord (812),754,9869
P520,P900,Onbekend (520),Oud IJsselmonde (900),844,8304
P520,P910,Onbekend (520),Groot IJsselmonde (910),949,9552
P520,P912,Onbekend (520),Groot IJsselmonde (912),968,9643
P520,P920,Onbekend (520),Lombardijen (920),901,9239
P520,P930,Onbekend (520),Groot IJsselmonde (930),1084,11021
P520,P950,Onbekend (520),Groot IJsselmonde (950),1048,10428
P520,P960,Onbekend (520),Oud IJsselmonde (960),940,9586
P520,P980,Onbekend (520),Groot IJsselmonde (980),1091,11398
P530,P10,Nieuwe Westen (530),Stadsdriehoek (10),374,3414
P530,P11,Nieuwe Westen (530),Stadsdriehoek (11),354,3122
P530,P20,Nieuwe Westen (530),Stadsdriehoek (20),409,3925
P530,P21,Nieuwe Westen (530),Stadsdriehoek (21),341,3023
P530,P30,Nieuwe Westen (530),Cool (30),321,2820
P530,P31,Nieuwe Westen (530),Cool (31),296,2645
P530,P40,Nieuwe Westen (530),Cool (40),278,2658
P530,P41,Nieuwe Westen (530),Stadsdriehoek (41),293,2606
P530,P42,Nieuwe Westen (530),Dijkzigt (42),243,1974
P530,P50,Nieuwe Westen (530),Oude Westen (50),192,1367
P530,P51,Nieuwe Westen (530),Dijkzigt (51),187,1582
P530,P60,Nieuwe Westen (530),Cool (60),270,2346
P530,P120,Nieuwe Westen (530),Nieuwe Werk (120),354,2404
P530,P121,Nieuwe Westen (530),Nieuwe Werk (121),305,2732
P530,P200,Nieuwe Westen (530),Carnisse (200),449,4196
P530,P201,Nieuwe Westen (530),Zuidplein (201),509,4794
P530,P202,Nieuwe Westen (530),Carnisse (202),477,4350
P530,P210,Nieuwe Westen (530),Onbekend (210),555,5614
P530,P220,Nieuwe Westen (530),Charlois Zuidrand (220),663,6697
P530,P230,Nieuwe Westen (530),Tarwewijk (230),450,4108
P530,P232,Nieuwe Westen (530),Bloemhof (232),506,5174
P530,P240,Nieuwe Westen (530),Tarwewijk (240),477,4233
P530,P250,Nieuwe Westen (530),Oud Charlois (250),453,4116
P530,P260,Nieuwe Westen (530),Oud Charlois (260),517,4777
P530,P270,Nieuwe Westen (530),Wielewaal (270),628,5573
P530,P280,Nieuwe Westen (530),Pendrecht (280),593,5829
P530,P282,Nieuwe Westen (530),Zuiderpark (282),558,5469
P530,P290,Nieuwe Westen (530),Zuidwijk (290),744,7166
P530,P300,Nieuwe Westen (530),Hillesluis (300),622,5862
P530,P301,Nieuwe Westen (530),Hillesluis (301),598,5695
P530,P310,Nieuwe Westen (530),Vreewijk (310),675,6570
P530,P311,Nieuwe Westen (530),Vreewijk (311),660,6631
P530,P320,Nieuwe Westen (530),Kop van Zuid - Entrepot (320),540,4958
P530,P322,Nieuwe Westen (530),Kop van Zuid - Entrepot (322),506,4800
P530,P323,Nieuwe Westen (530),Kop van Zuid (323),391,3829
P530,P330,Nieuwe Westen (530),Afrikaanderwijk (330),549,5066
P530,P331,Nieuwe Westen (530),Afrikaanderwijk (331),495,4620
P530,P340,Nieuwe Westen (530),Bloemhof (340),589,5458
P530,P341,Nieuwe Westen (530),Hillesluis (341),644,6102
P530,P350,Nieuwe Westen (530),Katendrecht (350),604,5282
P530,P370,Nieuwe Westen (530),Noordereiland (370),470,4413
P530,P380,Nieuwe Westen (530),Feijenoord (380),597,5377
P530,P400,Nieuwe Westen (530),Oosterflank (400),916,12369
P530,P410,Nieuwe Westen (530),'s-Gravenland (410),904,8282
P530,P500,Nieuwe Westen (530),Middelland (500),122,934
P530,P501,Nieuwe Westen (530),Middelland (501),118,976
P530,P502,Nieuwe Westen (530),Dijkzigt (502),116,782
P530,P503,Nieuwe Westen (530),Middelland (503),91,560
P530,P504,Nieuwe Westen (530),Middelland (504),173,1227
P530,P510,Nieuwe Westen (530),Tussendijken (510),221,1317
P530,P511,Nieuwe Westen (530),Tussendijken (511),295,1812
P530,P513,Nieuwe Westen (530),Tussendijken (513),252,1675
P530,P520,Nieuwe Westen (530),Onbekend (520),379,3424
P530,P530,Nieuwe Westen (530),Nieuwe Westen (530),27,0
P530,P531,Nieuwe Westen (530),Nieuwe Westen (531),243,1567
P530,P532,Nieuwe Westen (530),Nieuwe Westen (532),418,2425
P530,P540,Nieuwe Westen (530),Delfshaven (540),113,957
P530,P560,Nieuwe Westen (530),Schiemond (560),196,1373
P530,P570,Nieuwe Westen (530),Oud Mathenesse (570),383,3750
P530,P580,Nieuwe Westen (530),Schiemond (580),246,1771
P530,P581,Nieuwe Westen (530),Bospolder (581),308,2566
P530,P600,Nieuwe Westen (530),Struisenburg (600),496,4558
P530,P610,Nieuwe Westen (530),Rubroek (610),462,4335
P530,P620,Nieuwe Westen (530),De Esch (620),670,6392
P530,P630,Nieuwe Westen (530),Kralingen West (630),490,4414
P530,P633,Nieuwe Westen (530),Kralingen West (633),520,5089
P530,P634,Nieuwe Westen (530),Kralingen West (634),597,5233
P530,P640,Nieuwe Westen (530),De Esch (640),727,7081
P530,P650,Nieuwe Westen (530),Nieuw Crooswijk (650),549,5276
P530,P651,Nieuwe Westen (530),Oud Crooswijk (651),511,4554
P530,P660,Nieuwe Westen (530),Kralingen Oost (660),653,6458
P530,P670,Nieuwe Westen (530),Nieuw Crooswijk (670),652,5824
P530,P680,Nieuwe Westen (530),Nieuw Crooswijk (680),617,6524
P530,P690,Nieuwe Westen (530),Kralingen Oost (690),696,6991
P530,P700,Nieuwe Westen (530),Provenierswijk (700),406,3441
P530,P710,Nieuwe Westen (530),Agniesebuurt (710),425,3860
P530,P712,Nieuwe Westen (530),Stadsdriehoek (712),359,3406
P530,P720,Nieuwe Westen (530),Blijdorp (720),426,3705
P530,P721,Nieuwe Westen (530),Blijdorp (721),383,3500
P530,P723,Nieuwe Westen (530),Bergpolder (723),382,3704
P530,P724,Nieuwe Westen (530),Blijdorp (724),420,4302
P530,P730,Nieuwe Westen (530),Blijdorp (730),376,3281
P530,P740,Nieuwe Westen (530),Blijdorp (740),386,2932
P530,P750,Nieuwe Westen (530),Oude Noorden (750),483,3946
P530,P751,Nieuwe Westen (530),Oude Noorden (751),452,3864
P530,P753,Nieuwe Westen (530),Oude Noorden (753),538,4758
P530,P760,Nieuwe Westen (530),Liskwartier (760),517,4287
P530,P800,Nieuwe Westen (530),Hillegersberg Noord (800),624,5644
P530,P801,Nieuwe Westen (530),Hillegersberg Zuid (801),563,5251
P530,P811,Nieuwe Westen (530),Hillegersberg Noord (811),758,6967
P530,P812,Nieuwe Westen (530),Hillegersberg Noord (812),671,6461
P530,P900,Nieuwe Westen (530),Oud IJsselmonde (900),696,6413
P530,P910,Nieuwe Westen (530),Groot IJsselmonde (910),788,7825
P530,P912,Nieuwe Westen (530),Groot IJsselmonde (912),814,7787
P530,P920,Nieuwe Westen (530),Lombardijen (920),753,7463
P530,P930,Nieuwe Westen (530),Groot IJsselmonde (930),929,9098
P530,P950,Nieuwe Westen (530),Groot IJsselmonde (950),900,8681
P530,P960,Nieuwe Westen (530),Oud IJsselmonde (960),779,7725
P530,P980,Nieuwe Westen (530),Groot IJsselmonde (980),921,9456
P531,P10,Nieuwe Westen (531),Stadsdriehoek (10),485,3931
P531,P11,Nieuwe Westen (531),Stadsdriehoek (11),468,3480
P531,P20,Nieuwe Westen (531),Stadsdriehoek (20),531,5009
P531,P21,Nieuwe Westen (531),Stadsdriehoek (21),469,4269
P531,P30,Nieuwe Westen (531),Cool (30),427,3800
P531,P31,Nieuwe Westen (531),Cool (31),427,3864
P531,P40,Nieuwe Westen (531),Cool (40),422,3986
P531,P41,Nieuwe Westen (531),Stadsdriehoek (41),437,3968
P531,P42,Nieuwe Westen (531),Dijkzigt (42),392,3337
P531,P50,Nieuwe Westen (531),Oude Westen (50),295,1858
P531,P51,Nieuwe Westen (531),Dijkzigt (51),334,2930
P531,P60,Nieuwe Westen (531),Cool (60),343,2406
P531,P120,Nieuwe Westen (531),Nieuwe Werk (120),488,3766
P531,P121,Nieuwe Westen (531),Nieuwe Werk (121),454,4095
P531,P200,Nieuwe Westen (531),Carnisse (200),580,5442
P531,P201,Nieuwe Westen (531),Zuidplein (201),655,6136
P531,P202,Nieuwe Westen (531),Carnisse (202),615,5627
P531,P210,Nieuwe Westen (531),Onbekend (210),686,6834
P531,P220,Nieuwe Westen (531),Charlois Zuidrand (220),808,8039
P531,P230,Nieuwe Westen (531),Tarwewijk (230),578,5354
P531,P232,Nieuwe Westen (531),Bloemhof (232),650,6457
P531,P240,Nieuwe Westen (531),Tarwewijk (240),615,5479
P531,P250,Nieuwe Westen (531),Oud Charlois (250),584,5375
P531,P260,Nieuwe Westen (531),Oud Charlois (260),665,6133
P531,P270,Nieuwe Westen (531),Wielewaal (270),774,6886
P531,P280,Nieuwe Westen (531),Pendrecht (280),742,7192
P531,P282,Nieuwe Westen (531),Zuiderpark (282),685,6689
P531,P290,Nieuwe Westen (531),Zuidwijk (290),871,8417
P531,P300,Nieuwe Westen (531),Hillesluis (300),756,7173
P531,P301,Nieuwe Westen (531),Hillesluis (301),747,7067
P531,P310,Nieuwe Westen (531),Vreewijk (310),802,7851
P531,P311,Nieuwe Westen (531),Vreewijk (311),807,7965
P531,P320,Nieuwe Westen (531),Kop van Zuid - Entrepot (320),678,6238
P531,P322,Nieuwe Westen (531),Kop van Zuid - Entrepot (322),652,6140
P531,P323,Nieuwe Westen (531),Kop van Zuid (323),540,5191
P531,P330,Nieuwe Westen (531),Afrikaanderwijk (330),690,6314
P531,P331,Nieuwe Westen (531),Afrikaanderwijk (331),631,5944
P531,P340,Nieuwe Westen (531),Bloemhof (340),732,6820
P531,P341,Nieuwe Westen (531),Hillesluis (341),781,7396
P531,P350,Nieuwe Westen (531),Katendrecht (350),735,6581
P531,P370,Nieuwe Westen (531),Noordereiland (370),603,5696
P531,P380,Nieuwe Westen (531),Feijenoord (380),745,6740
P531,P400,Nieuwe Westen (531),Oosterflank (400),867,12508
P531,P410,Nieuwe Westen (531),'s-Gravenland (410),1035,9448
P531,P500,Nieuwe Westen (531),Middelland (500),247,1821
P531,P501,Nieuwe Westen (531),Middelland (501),248,1559
P531,P502,Nieuwe Westen (531),Dijkzigt (502),253,2111
P531,P503,Nieuwe Westen (531),Middelland (503),218,1362
P531,P504,Nieuwe Westen (531),Middelland (504),178,1135
P531,P510,Nieuwe Westen (531),Tussendijken (510),171,1009
P531,P511,Nieuwe Westen (531),Tussendijken (511),249,1504
P531,P513,Nieuwe Westen (531),Tussendijken (513),109,649
P531,P520,Nieuwe Westen (531),Onbekend (520),313,2388
P531,P530,Nieuwe Westen (531),Nieuwe Westen (530),211,1402
P531,P531,Nieuwe Westen (531),Nieuwe Westen (531),13,0
P531,P532,Nieuwe Westen (531),Nieuwe Westen (532),351,1445
P531,P540,Nieuwe Westen (531),Delfshaven (540),235,1952
P531,P560,Nieuwe Westen (531),Schiemond (560),328,2619
P531,P570,Nieuwe Westen (531),Oud Mathenesse (570),293,2063
P531,P580,Nieuwe Westen (531),Schiemond (580),359,2259
P531,P581,Nieuwe Westen (531),Bospolder (581),307,2164
P531,P600,Nieuwe Westen (531),Struisenburg (600),634,5728
P531,P610,Nieuwe Westen (531),Rubroek (610),490,3892
P531,P620,Nieuwe Westen (531),De Esch (620),810,7473
P531,P630,Nieuwe Westen (531),Kralingen West (630),595,5495
P531,P633,Nieuwe Westen (531),Kralingen West (633),611,5115
P531,P634,Nieuwe Westen (531),Kralingen West (634),671,5573
P531,P640,Nieuwe Westen (531),De Esch (640),829,8162
P531,P650,Nieuwe Westen (531),Nieuw Crooswijk (650),567,4828
P531,P651,Nieuwe Westen (531),Oud Crooswijk (651),516,4082
P531,P660,Nieuwe Westen (531),Kralingen Oost (660),790,7552
P531,P670,Nieuwe Westen (531),Nieuw Crooswijk (670),632,7075
P531,P680,Nieuwe Westen (531),Nieuw Crooswijk (680),568,6667
P531,P690,Nieuwe Westen (531),Kralingen Oost (690),832,8197
P531,P700,Nieuwe Westen (531),Provenierswijk (700),432,2979
P531,P710,Nieuwe Westen (531),Agniesebuurt (710),443,3388
P531,P712,Nieuwe Westen (531),Stadsdriehoek (712),373,2877
P531,P720,Nieuwe Westen (531),Blijdorp (720),410,3342
P531,P721,Nieuwe Westen (531),Blijdorp (721),380,2802
P531,P723,Nieuwe Westen (531),Bergpolder (723),382,2864
P531,P724,Nieuwe Westen (531),Blijdorp (724),355,3335
P531,P730,Nieuwe Westen (531),Blijdorp (730),368,2591
P531,P740,Nieuwe Westen (531),Blijdorp (740),301,2043
P531,P750,Nieuwe Westen (531),Oude Noorden (750),501,3589
P531,P751,Nieuwe Westen (531),Oude Noorden (751),464,3484
P531,P753,Nieuwe Westen (531),Oude Noorden (753),556,4563
P531,P760,Nieuwe Westen (531),Liskwartier (760),515,3899
P531,P800,Nieuwe Westen (531),Hillegersberg Noord (800),628,6438
P531,P801,Nieuwe Westen (531),Hillegersberg Zuid (801),577,6044
P531,P811,Nieuwe Westen (531),Hillegersberg Noord (811),770,6438
P531,P812,Nieuwe Westen (531),Hillegersberg Noord (812),692,5945
P531,P900,Nieuwe Westen (531),Oud IJsselmonde (900),827,7802
P531,P910,Nieuwe Westen (531),Groot IJsselmonde (910),933,9071
P531,P912,Nieuwe Westen (531),Groot IJsselmonde (912),953,9082
P531,P920,Nieuwe Westen (531),Lombardijen (920),881,8682
P531,P930,Nieuwe Westen (531),Groot IJsselmonde (930),1069,10460
P531,P950,Nieuwe Westen (531),Groot IJsselmonde (950),1034,10043
P531,P960,Nieuwe Westen (531),Oud IJsselmonde (960),925,9057
P531,P980,Nieuwe Westen (531),Groot IJsselmonde (980),1064,10816
P532,P10,Nieuwe Westen (532),Stadsdriehoek (10),735,4792
P532,P11,Nieuwe Westen (532),Stadsdriehoek (11),696,4327
P532,P20,Nieuwe Westen (532),Stadsdriehoek (20),759,6113
P532,P21,Nieuwe Westen (532),Stadsdriehoek (21),671,5219
P532,P30,Nieuwe Westen (532),Cool (30),655,4968
P532,P31,Nieuwe Westen (532),Cool (31),632,4747
P532,P40,Nieuwe Westen (532),Cool (40),635,4877
P532,P41,Nieuwe Westen (532),Stadsdriehoek (41),662,4632
P532,P42,Nieuwe Westen (532),Dijkzigt (42),550,4344
P532,P50,Nieuwe Westen (532),Oude Westen (50),566,3768
P532,P51,Nieuwe Westen (532),Dijkzigt (51),536,3852
P532,P60,Nieuwe Westen (532),Cool (60),620,3596
P532,P120,Nieuwe Westen (532),Nieuwe Werk (120),698,4774
P532,P121,Nieuwe Westen (532),Nieuwe Werk (121),678,5103
P532,P200,Nieuwe Westen (532),Carnisse (200),795,6338
P532,P201,Nieuwe Westen (532),Zuidplein (201),859,7019
P532,P202,Nieuwe Westen (532),Carnisse (202),819,6528
P532,P210,Nieuwe Westen (532),Onbekend (210),906,7716
P532,P220,Nieuwe Westen (532),Charlois Zuidrand (220),1028,8922
P532,P230,Nieuwe Westen (532),Tarwewijk (230),780,6266
P532,P232,Nieuwe Westen (532),Bloemhof (232),872,7414
P532,P240,Nieuwe Westen (532),Tarwewijk (240),806,6350
P532,P250,Nieuwe Westen (532),Oud Charlois (250),796,6321
P532,P260,Nieuwe Westen (532),Oud Charlois (260),890,7040
P532,P270,Nieuwe Westen (532),Wielewaal (270),994,7856
P532,P280,Nieuwe Westen (532),Pendrecht (280),920,7909
P532,P282,Nieuwe Westen (532),Zuiderpark (282),887,7577
P532,P290,Nieuwe Westen (532),Zuidwijk (290),1073,9268
P532,P300,Nieuwe Westen (532),Hillesluis (300),958,8056
P532,P301,Nieuwe Westen (532),Hillesluis (301),956,7967
P532,P310,Nieuwe Westen (532),Vreewijk (310),1004,8672
P532,P311,Nieuwe Westen (532),Vreewijk (311),1032,8963
P532,P320,Nieuwe Westen (532),Kop van Zuid - Entrepot (320),899,7230
P532,P322,Nieuwe Westen (532),Kop van Zuid - Entrepot (322),874,7121
P532,P323,Nieuwe Westen (532),Kop van Zuid (323),764,6187
P532,P330,Nieuwe Westen (532),Afrikaanderwijk (330),892,7145
P532,P331,Nieuwe Westen (532),Afrikaanderwijk (331),856,6941
P532,P340,Nieuwe Westen (532),Bloemhof (340),946,7756
P532,P341,Nieuwe Westen (532),Hillesluis (341),974,8278
P532,P350,Nieuwe Westen (532),Katendrecht (350),954,7566
P532,P370,Nieuwe Westen (532),Noordereiland (370),828,6692
P532,P380,Nieuwe Westen (532),Feijenoord (380),922,7441
P532,P400,Nieuwe Westen (532),Oosterflank (400),921,11952
P532,P410,Nieuwe Westen (532),'s-Gravenland (410),1137,13585
P532,P500,Nieuwe Westen (532),Middelland (500),457,3230
P532,P501,Nieuwe Westen (532),Middelland (501),488,2976
P532,P502,Nieuwe Westen (532),Dijkzigt (502),476,3182
P532,P503,Nieuwe Westen (532),Middelland (503),475,2778
P532,P504,Nieuwe Westen (532),Middelland (504),489,2554
P532,P510,Nieuwe Westen (532),Tussendijken (510),451,2319
P532,P511,Nieuwe Westen (532),Tussendijken (511),556,3298
P532,P513,Nieuwe Westen (532),Tussendijken (513),435,2027
P532,P520,Nieuwe Westen (532),Onbekend (520),557,3828
P532,P530,Nieuwe Westen (532),Nieuwe Westen (530),448,2624
P532,P531,Nieuwe Westen (532),Nieuwe Westen (531),392,1900
P532,P532,Nieuwe Westen (532),Nieuwe Westen (532),26,0
P532,P540,Nieuwe Westen (532),Delfshaven (540),459,3037
P532,P560,Nieuwe Westen (532),Schiemond (560),530,3697
P532,P570,Nieuwe Westen (532),Oud Mathenesse (570),444,2720
P532,P580,Nieuwe Westen (532),Schiemond (580),590,3502
P532,P581,Nieuwe Westen (532),Bospolder (581),566,3723
P532,P600,Nieuwe Westen (532),Struisenburg (600),826,6841
P532,P610,Nieuwe Westen (532),Rubroek (610),736,4754
P532,P620,Nieuwe Westen (532),De Esch (620),1014,8504
P532,P630,Nieuwe Westen (532),Kralingen West (630),828,6517
P532,P633,Nieuwe Westen (532),Kralingen West (633),784,7709
P532,P634,Nieuwe Westen (532),Kralingen West (634),763,7445
P532,P640,Nieuwe Westen (532),De Esch (640),1020,13840
P532,P650,Nieuwe Westen (532),Nieuw Crooswijk (650),692,6554
P532,P651,Nieuwe Westen (532),Oud Crooswijk (651),727,5544
P532,P660,Nieuwe Westen (532),Kralingen Oost (660),955,13152
P532,P670,Nieuwe Westen (532),Nieuw Crooswijk (670),696,6470
P532,P680,Nieuwe Westen (532),Nieuw Crooswijk (680),622,6111
P532,P690,Nieuwe Westen (532),Kralingen Oost (690),904,11898
P532,P700,Nieuwe Westen (532),Provenierswijk (700),581,4014
P532,P710,Nieuwe Westen (532),Agniesebuurt (710),594,4265
P532,P712,Nieuwe Westen (532),Stadsdriehoek (712),629,3810
P532,P720,Nieuwe Westen (532),Blijdorp (720),479,3157
P532,P721,Nieuwe Westen (532),Blijdorp (721),480,3217
P532,P723,Nieuwe Westen (532),Bergpolder (723),512,3571
P532,P724,Nieuwe Westen (532),Blijdorp (724),420,2711
P532,P730,Nieuwe Westen (532),Blijdorp (730),514,3313
P532,P740,Nieuwe Westen (532),Blijdorp (740),466,2853
P532,P750,Nieuwe Westen (532),Oude Noorden (750),616,4316
P532,P751,Nieuwe Westen (532),Oude Noorden (751),581,4222
P532,P753,Nieuwe Westen (532),Oude Noorden (753),677,5014
P532,P760,Nieuwe Westen (532),Liskwartier (760),588,4626
P532,P800,Nieuwe Westen (532),Hillegersberg Noord (800),696,5967
P532,P801,Nieuwe Westen (532),Hillegersberg Zuid (801),643,5527
P532,P811,Nieuwe Westen (532),Hillegersberg Noord (811),841,8112
P532,P812,Nieuwe Westen (532),Hillegersberg Noord (812),766,7623
P532,P900,Nieuwe Westen (532),Oud IJsselmonde (900),1042,8685
P532,P910,Nieuwe Westen (532),Groot IJsselmonde (910),1123,9548
P532,P912,Nieuwe Westen (532),Groot IJsselmonde (912),1124,15990
P532,P920,Nieuwe Westen (532),Lombardijen (920),1083,9565
P532,P930,Nieuwe Westen (532),Groot IJsselmonde (930),1264,11182
P532,P950,Nieuwe Westen (532),Groot IJsselmonde (950),1150,16326
P532,P960,Nieuwe Westen (532),Oud IJsselmonde (960),1072,15443
P532,P980,Nieuwe Westen (532),Groot IJsselmonde (980),1289,11760
P540,P10,Delfshaven (540),Stadsdriehoek (10),394,3752
P540,P11,Delfshaven (540),Stadsdriehoek (11),364,3379
P540,P20,Delfshaven (540),Stadsdriehoek (20),407,4012
P540,P21,Delfshaven (540),Stadsdriehoek (21),316,3158
P540,P30,Delfshaven (540),Cool (30),323,3060
P540,P31,Delfshaven (540),Cool (31),300,2840
P540,P40,Delfshaven (540),Cool (40),276,2529
P540,P41,Delfshaven (540),Stadsdriehoek (41),298,2734
P540,P42,Delfshaven (540),Dijkzigt (42),192,1796
P540,P50,Delfshaven (540),Oude Westen (50),214,1733
P540,P51,Delfshaven (540),Dijkzigt (51),204,1920
P540,P60,Delfshaven (540),Cool (60),288,2804
P540,P120,Delfshaven (540),Nieuwe Werk (120),282,2150
P540,P121,Delfshaven (540),Nieuwe Werk (121),249,2243
P540,P200,Delfshaven (540),Carnisse (200),379,3570
P540,P201,Delfshaven (540),Zuidplein (201),460,4331
P540,P202,Delfshaven (540),Carnisse (202),420,3806
P540,P210,Delfshaven (540),Onbekend (210),490,4923
P540,P220,Delfshaven (540),Charlois Zuidrand (220),613,6234
P540,P230,Delfshaven (540),Tarwewijk (230),374,3514
P540,P232,Delfshaven (540),Bloemhof (232),456,4636
P540,P240,Delfshaven (540),Tarwewijk (240),420,3751
P540,P250,Delfshaven (540),Oud Charlois (250),380,3554
P540,P260,Delfshaven (540),Oud Charlois (260),474,4312
P540,P270,Delfshaven (540),Wielewaal (270),578,5065
P540,P280,Delfshaven (540),Pendrecht (280),546,5371
P540,P282,Delfshaven (540),Zuiderpark (282),476,4776
P540,P290,Delfshaven (540),Zuidwijk (290),669,6596
P540,P300,Delfshaven (540),Hillesluis (300),559,5306
P540,P301,Delfshaven (540),Hillesluis (301),540,5190
P540,P310,Delfshaven (540),Vreewijk (310),605,6045
P540,P311,Delfshaven (540),Vreewijk (311),617,6167
P540,P320,Delfshaven (540),Kop van Zuid - Entrepot (320),472,4377
P540,P322,Delfshaven (540),Kop van Zuid - Entrepot (322),448,4295
P540,P323,Delfshaven (540),Kop van Zuid (323),333,3317
P540,P330,Delfshaven (540),Afrikaanderwijk (330),492,4551
P540,P331,Delfshaven (540),Afrikaanderwijk (331),429,4089
P540,P340,Delfshaven (540),Bloemhof (340),537,5000
P540,P341,Delfshaven (540),Hillesluis (341),593,5616
P540,P350,Delfshaven (540),Katendrecht (350),528,4714
P540,P370,Delfshaven (540),Noordereiland (370),438,4220
P540,P380,Delfshaven (540),Feijenoord (380),539,4862
P540,P400,Delfshaven (540),Oosterflank (400),940,12842
P540,P410,Delfshaven (540),'s-Gravenland (410),901,8364
P540,P500,Delfshaven (540),Middelland (500),143,1300
P540,P501,Delfshaven (540),Middelland (501),156,1427
P540,P502,Delfshaven (540),Dijkzigt (502),120,919
P540,P503,Delfshaven (540),Middelland (503),136,1259
P540,P504,Delfshaven (540),Middelland (504),206,1878
P540,P510,Delfshaven (540),Tussendijken (510),161,1252
P540,P511,Delfshaven (540),Tussendijken (511),235,1747
P540,P513,Delfshaven (540),Tussendijken (513),215,1611
P540,P520,Delfshaven (540),Onbekend (520),333,3351
P540,P530,Delfshaven (540),Nieuwe Westen (530),147,1133
P540,P531,Delfshaven (540),Nieuwe Westen (531),270,1880
P540,P532,Delfshaven (540),Nieuwe Westen (532),463,2737
P540,P540,Delfshaven (540),Delfshaven (540),50,0
P540,P560,Delfshaven (540),Schiemond (560),132,960
P540,P570,Delfshaven (540),Oud Mathenesse (570),372,2970
P540,P580,Delfshaven (540),Schiemond (580),199,1472
P540,P581,Delfshaven (540),Bospolder (581),262,2399
P540,P600,Delfshaven (540),Struisenburg (600),468,4490
P540,P610,Delfshaven (540),Rubroek (610),482,4693
P540,P620,Delfshaven (540),De Esch (620),645,6059
P540,P630,Delfshaven (540),Kralingen West (630),488,4730
P540,P633,Delfshaven (540),Kralingen West (633),528,5184
P540,P634,Delfshaven (540),Kralingen West (634),568,5328
P540,P640,Delfshaven (540),De Esch (640),664,6748
P540,P650,Delfshaven (540),Nieuw Crooswijk (650),573,5698
P540,P651,Delfshaven (540),Oud Crooswijk (651),530,5008
P540,P660,Delfshaven (540),Kralingen Oost (660),632,6278
P540,P670,Delfshaven (540),Nieuw Crooswijk (670),664,6058
P540,P680,Delfshaven (540),Nieuw Crooswijk (680),641,7001
P540,P690,Delfshaven (540),Kralingen Oost (690),701,7086
P540,P700,Delfshaven (540),Provenierswijk (700),427,3807
P540,P710,Delfshaven (540),Agniesebuurt (710),445,4337
P540,P712,Delfshaven (540),Stadsdriehoek (712),379,3812
P540,P720,Delfshaven (540),Blijdorp (720),448,4166
P540,P721,Delfshaven (540),Blijdorp (721),402,3866
P540,P723,Delfshaven (540),Bergpolder (723),402,4097
P540,P724,Delfshaven (540),Blijdorp (724),474,4577
P540,P730,Delfshaven (540),Blijdorp (730),395,3796
P540,P740,Delfshaven (540),Blijdorp (740),407,3896
P540,P750,Delfshaven (540),Oude Noorden (750),502,4413
P540,P751,Delfshaven (540),Oude Noorden (751),474,4362
P540,P753,Delfshaven (540),Oude Noorden (753),563,5124
P540,P760,Delfshaven (540),Liskwartier (760),537,4804
P540,P800,Delfshaven (540),Hillegersberg Noord (800),642,6010
P540,P801,Delfshaven (540),Hillegersberg Zuid (801),583,5672
P540,P811,Delfshaven (540),Hillegersberg Noord (811),778,7364
P540,P812,Delfshaven (540),Hillegersberg Noord (812),691,6875
P540,P900,Delfshaven (540),Oud IJsselmonde (900),615,5866
P540,P910,Delfshaven (540),Groot IJsselmonde (910),727,7319
P540,P912,Delfshaven (540),Groot IJsselmonde (912),752,7238
P540,P920,Delfshaven (540),Lombardijen (920),679,6809
P540,P930,Delfshaven (540),Groot IJsselmonde (930),862,8583
P540,P950,Delfshaven (540),Groot IJsselmonde (950),840,8166
P540,P960,Delfshaven (540),Oud IJsselmonde (960),722,7179
P540,P980,Delfshaven (540),Groot IJsselmonde (980),877,8996
P560,P10,Schiemond (560),Stadsdriehoek (10),422,3854
P560,P11,Schiemond (560),Stadsdriehoek (11),400,3528
P560,P20,Schiemond (560),Stadsdriehoek (20),418,3870
P560,P21,Schiemond (560),Stadsdriehoek (21),348,3260
P560,P30,Schiemond (560),Cool (30),345,3152
P560,P31,Schiemond (560),Cool (31),323,2968
P560,P40,Schiemond (560),Cool (40),282,2417
P560,P41,Schiemond (560),Stadsdriehoek (41),308,2728
P560,P42,Schiemond (560),Dijkzigt (42),228,1945
P560,P50,Schiemond (560),Oude Westen (50),248,1882
P560,P51,Schiemond (560),Dijkzigt (51),240,2022
P560,P60,Schiemond (560),Cool (60),323,2922
P560,P120,Schiemond (560),Nieuwe Werk (120),291,1981
P560,P121,Schiemond (560),Nieuwe Werk (121),257,2156
P560,P200,Schiemond (560),Carnisse (200),387,3504
P560,P201,Schiemond (560),Zuidplein (201),469,4224
P560,P202,Schiemond (560),Carnisse (202),429,3740
P560,P210,Schiemond (560),Onbekend (210),497,4856
P560,P220,Schiemond (560),Charlois Zuidrand (220),622,6128
P560,P230,Schiemond (560),Tarwewijk (230),383,3448
P560,P232,Schiemond (560),Bloemhof (232),463,4570
P560,P240,Schiemond (560),Tarwewijk (240),429,3663
P560,P250,Schiemond (560),Oud Charlois (250),388,3488
P560,P260,Schiemond (560),Oud Charlois (260),479,4207
P560,P270,Schiemond (560),Wielewaal (270),587,4999
P560,P280,Schiemond (560),Pendrecht (280),556,5305
P560,P282,Schiemond (560),Zuiderpark (282),485,4682
P560,P290,Schiemond (560),Zuidwijk (290),678,6530
P560,P300,Schiemond (560),Hillesluis (300),568,5247
P560,P301,Schiemond (560),Hillesluis (301),543,5060
P560,P310,Schiemond (560),Vreewijk (310),614,5979
P560,P311,Schiemond (560),Vreewijk (311),621,6064
P560,P320,Schiemond (560),Kop van Zuid - Entrepot (320),481,4302
P560,P322,Schiemond (560),Kop van Zuid - Entrepot (322),456,4208
P560,P323,Schiemond (560),Kop van Zuid (323),343,3240
P560,P330,Schiemond (560),Afrikaanderwijk (330),496,4449
P560,P331,Schiemond (560),Afrikaanderwijk (331),437,4002
P560,P340,Schiemond (560),Bloemhof (340),546,4887
P560,P341,Schiemond (560),Hillesluis (341),602,5532
P560,P350,Schiemond (560),Katendrecht (350),536,4646
P560,P370,Schiemond (560),Noordereiland (370),446,4141
P560,P380,Schiemond (560),Feijenoord (380),548,4804
P560,P400,Schiemond (560),Oosterflank (400),957,12884
P560,P410,Schiemond (560),'s-Gravenland (410),910,8270
P560,P500,Schiemond (560),Middelland (500),175,1402
P560,P501,Schiemond (560),Middelland (501),178,1491
P560,P502,Schiemond (560),Dijkzigt (502),154,1053
P560,P503,Schiemond (560),Middelland (503),173,1361
P560,P504,Schiemond (560),Middelland (504),243,1980
P560,P510,Schiemond (560),Tussendijken (510),260,2038
P560,P511,Schiemond (560),Tussendijken (511),334,2534
P560,P513,Schiemond (560),Tussendijken (513),314,2449
P560,P520,Schiemond (560),Onbekend (520),336,3154
P560,P530,Schiemond (560),Nieuwe Westen (530),232,1542
P560,P531,Schiemond (560),Nieuwe Westen (531),321,2383
P560,P532,Schiemond (560),Nieuwe Westen (532),512,3259
P560,P540,Schiemond (560),Delfshaven (540),106,842
P560,P560,Schiemond (560),Schiemond (560),40,0
P560,P570,Schiemond (560),Oud Mathenesse (570),407,3834
P560,P580,Schiemond (560),Schiemond (580),160,1015
P560,P581,Schiemond (560),Bospolder (581),262,2180
P560,P600,Schiemond (560),Struisenburg (600),478,4418
P560,P610,Schiemond (560),Rubroek (610),517,4795
P560,P620,Schiemond (560),De Esch (620),653,5965
P560,P630,Schiemond (560),Kralingen West (630),506,4741
P560,P633,Schiemond (560),Kralingen West (633),537,5126
P560,P634,Schiemond (560),Kralingen West (634),596,5270
P560,P640,Schiemond (560),De Esch (640),674,6654
P560,P650,Schiemond (560),Nieuw Crooswijk (650),600,5676
P560,P651,Schiemond (560),Oud Crooswijk (651),564,5106
P560,P660,Schiemond (560),Kralingen Oost (660),635,6184
P560,P670,Schiemond (560),Nieuw Crooswijk (670),688,6070
P560,P680,Schiemond (560),Nieuw Crooswijk (680),658,7034
P560,P690,Schiemond (560),Kralingen Oost (690),710,6957
P560,P700,Schiemond (560),Provenierswijk (700),462,3956
P560,P710,Schiemond (560),Agniesebuurt (710),481,4402
P560,P712,Schiemond (560),Stadsdriehoek (712),412,3920
P560,P720,Schiemond (560),Blijdorp (720),476,4285
P560,P721,Schiemond (560),Blijdorp (721),439,4015
P560,P723,Schiemond (560),Bergpolder (723),435,4214
P560,P724,Schiemond (560),Blijdorp (724),516,5145
P560,P730,Schiemond (560),Blijdorp (730),429,3900
P560,P740,Schiemond (560),Blijdorp (740),440,3998
P560,P750,Schiemond (560),Oude Noorden (750),539,4461
P560,P751,Schiemond (560),Oude Noorden (751),499,4422
P560,P753,Schiemond (560),Oude Noorden (753),592,5273
P560,P760,Schiemond (560),Liskwartier (760),570,4906
P560,P800,Schiemond (560),Hillegersberg Noord (800),679,6159
P560,P801,Schiemond (560),Hillegersberg Zuid (801),616,5766
P560,P811,Schiemond (560),Hillegersberg Noord (811),802,7467
P560,P812,Schiemond (560),Hillegersberg Noord (812),725,6977
P560,P900,Schiemond (560),Oud IJsselmonde (900),624,5808
P560,P910,Schiemond (560),Groot IJsselmonde (910),736,7207
P560,P912,Schiemond (560),Groot IJsselmonde (912),760,7147
P560,P920,Schiemond (560),Lombardijen (920),688,6743
P560,P930,Schiemond (560),Groot IJsselmonde (930),872,8525
P560,P950,Schiemond (560),Groot IJsselmonde (950),849,8082
P560,P960,Schiemond (560),Oud IJsselmonde (960),728,7121
P560,P980,Schiemond (560),Groot IJsselmonde (980),881,8886
P570,P10,Oud Mathenesse (570),Stadsdriehoek (10),662,5889
P570,P11,Oud Mathenesse (570),Stadsdriehoek (11),639,6221
P570,P20,Oud Mathenesse (570),Stadsdriehoek (20),701,7132
P570,P21,Oud Mathenesse (570),Stadsdriehoek (21),604,6191
P570,P30,Oud Mathenesse (570),Cool (30),613,6109
P570,P31,Oud Mathenesse (570),Cool (31),589,5888
P570,P40,Oud Mathenesse (570),Cool (40),563,5639
P570,P41,Oud Mathenesse (570),Stadsdriehoek (41),591,5843
P570,P42,Oud Mathenesse (570),Dijkzigt (42),507,4841
P570,P50,Oud Mathenesse (570),Oude Westen (50),496,4779
P570,P51,Oud Mathenesse (570),Dijkzigt (51),489,4952
P570,P60,Oud Mathenesse (570),Cool (60),547,4286
P570,P120,Oud Mathenesse (570),Nieuwe Werk (120),576,5149
P570,P121,Oud Mathenesse (570),Nieuwe Werk (121),540,5327
P570,P200,Oud Mathenesse (570),Carnisse (200),690,6740
P570,P201,Oud Mathenesse (570),Zuidplein (201),752,7426
P570,P202,Oud Mathenesse (570),Carnisse (202),718,6930
P570,P210,Oud Mathenesse (570),Onbekend (210),796,8119
P570,P220,Oud Mathenesse (570),Charlois Zuidrand (220),905,9329
P570,P230,Oud Mathenesse (570),Tarwewijk (230),679,6668
P570,P232,Oud Mathenesse (570),Bloemhof (232),747,7805
P570,P240,Oud Mathenesse (570),Tarwewijk (240),712,6852
P570,P250,Oud Mathenesse (570),Oud Charlois (250),694,6724
P570,P260,Oud Mathenesse (570),Oud Charlois (260),762,7413
P570,P270,Oud Mathenesse (570),Wielewaal (270),870,8204
P570,P280,Oud Mathenesse (570),Pendrecht (280),839,8472
P570,P282,Oud Mathenesse (570),Zuiderpark (282),786,7974
P570,P290,Oud Mathenesse (570),Zuidwijk (290),972,9697
P570,P300,Oud Mathenesse (570),Hillesluis (300),857,8459
P570,P301,Oud Mathenesse (570),Hillesluis (301),833,8300
P570,P310,Oud Mathenesse (570),Vreewijk (310),904,9146
P570,P311,Oud Mathenesse (570),Vreewijk (311),904,9262
P570,P320,Oud Mathenesse (570),Kop van Zuid - Entrepot (320),770,7566
P570,P322,Oud Mathenesse (570),Kop van Zuid - Entrepot (322),739,7409
P570,P323,Oud Mathenesse (570),Kop van Zuid (323),626,6424
P570,P330,Oud Mathenesse (570),Afrikaanderwijk (330),781,7651
P570,P331,Oud Mathenesse (570),Afrikaanderwijk (331),725,7204
P570,P340,Oud Mathenesse (570),Bloemhof (340),830,8101
P570,P341,Oud Mathenesse (570),Hillesluis (341),885,8717
P570,P350,Oud Mathenesse (570),Katendrecht (350),834,7866
P570,P370,Oud Mathenesse (570),Noordereiland (370),737,7377
P570,P380,Oud Mathenesse (570),Feijenoord (380),832,7972
P570,P400,Oud Mathenesse (570),Oosterflank (400),821,12921
P570,P410,Oud Mathenesse (570),'s-Gravenland (410),1016,14577
P570,P500,Oud Mathenesse (570),Middelland (500),422,4332
P570,P501,Oud Mathenesse (570),Middelland (501),445,4331
P570,P502,Oud Mathenesse (570),Dijkzigt (502),415,4152
P570,P503,Oud Mathenesse (570),Middelland (503),410,3053
P570,P504,Oud Mathenesse (570),Middelland (504),406,3050
P570,P510,Oud Mathenesse (570),Tussendijken (510),273,2162
P570,P511,Oud Mathenesse (570),Tussendijken (511),175,1503
P570,P513,Oud Mathenesse (570),Tussendijken (513),241,1891
P570,P520,Oud Mathenesse (570),Onbekend (520),203,1980
P570,P530,Oud Mathenesse (570),Nieuwe Westen (530),379,2929
P570,P531,Oud Mathenesse (570),Nieuwe Westen (531),334,2870
P570,P532,Oud Mathenesse (570),Nieuwe Westen (532),405,2414
P570,P540,Oud Mathenesse (570),Delfshaven (540),368,2930
P570,P560,Oud Mathenesse (570),Schiemond (560),422,3898
P570,P570,Oud Mathenesse (570),Oud Mathenesse (570),50,0
P570,P580,Oud Mathenesse (570),Schiemond (580),322,2957
P570,P581,Oud Mathenesse (570),Bospolder (581),196,1769
P570,P600,Oud Mathenesse (570),Struisenburg (600),770,7667
P570,P610,Oud Mathenesse (570),Rubroek (610),688,5850
P570,P620,Oud Mathenesse (570),De Esch (620),914,14846
P570,P630,Oud Mathenesse (570),Kralingen West (630),763,9453
P570,P633,Oud Mathenesse (570),Kralingen West (633),683,8844
P570,P634,Oud Mathenesse (570),Kralingen West (634),663,8587
P570,P640,Oud Mathenesse (570),De Esch (640),920,15008
P570,P650,Oud Mathenesse (570),Nieuw Crooswijk (650),592,7764
P570,P651,Oud Mathenesse (570),Oud Crooswijk (651),664,7640
P570,P660,Oud Mathenesse (570),Kralingen Oost (660),828,14297
P570,P670,Oud Mathenesse (570),Nieuw Crooswijk (670),574,7473
P570,P680,Oud Mathenesse (570),Nieuw Crooswijk (680),519,7080
P570,P690,Oud Mathenesse (570),Kralingen Oost (690),777,12904
P570,P700,Oud Mathenesse (570),Provenierswijk (700),493,6055
P570,P710,Oud Mathenesse (570),Agniesebuurt (710),561,6515
P570,P712,Oud Mathenesse (570),Stadsdriehoek (712),552,4804
P570,P720,Oud Mathenesse (570),Blijdorp (720),439,4602
P570,P721,Oud Mathenesse (570),Blijdorp (721),433,4757
P570,P723,Oud Mathenesse (570),Bergpolder (723),423,5174
P570,P724,Oud Mathenesse (570),Blijdorp (724),354,4059
P570,P730,Oud Mathenesse (570),Blijdorp (730),467,4831
P570,P740,Oud Mathenesse (570),Blijdorp (740),422,4382
P570,P750,Oud Mathenesse (570),Oude Noorden (750),589,6357
P570,P751,Oud Mathenesse (570),Oude Noorden (751),523,6196
P570,P753,Oud Mathenesse (570),Oude Noorden (753),603,6822
P570,P760,Oud Mathenesse (570),Liskwartier (760),500,6048
P570,P800,Oud Mathenesse (570),Hillegersberg Noord (800),596,6986
P570,P801,Oud Mathenesse (570),Hillegersberg Zuid (801),520,6541
P570,P811,Oud Mathenesse (570),Hillegersberg Noord (811),723,9104
P570,P812,Oud Mathenesse (570),Hillegersberg Noord (812),640,8615
P570,P900,Oud Mathenesse (570),Oud IJsselmonde (900),926,9039
P570,P910,Oud Mathenesse (570),Groot IJsselmonde (910),1020,10408
P570,P912,Oud Mathenesse (570),Groot IJsselmonde (912),997,17023
P570,P920,Oud Mathenesse (570),Lombardijen (920),982,9968
P570,P930,Oud Mathenesse (570),Groot IJsselmonde (930),1152,11692
P570,P950,Oud Mathenesse (570),Groot IJsselmonde (950),1051,17576
P570,P960,Oud Mathenesse (570),Oud IJsselmonde (960),946,16582
P570,P980,Oud Mathenesse (570),Groot IJsselmonde (980),1162,12097
P580,P10,Schiemond (580),Stadsdriehoek (10),515,4520
P580,P11,Schiemond (580),Stadsdriehoek (11),488,4257
P580,P20,Schiemond (580),Stadsdriehoek (20),506,4795
P580,P21,Schiemond (580),Stadsdriehoek (21),441,3915
P580,P30,Schiemond (580),Cool (30),438,3926
P580,P31,Schiemond (580),Cool (31),416,3768
P580,P40,Schiemond (580),Cool (40),370,3342
P580,P41,Schiemond (580),Stadsdriehoek (41),395,3596
P580,P42,Schiemond (580),Dijkzigt (42),321,2541
P580,P50,Schiemond (580),Oude Westen (50),341,2482
P580,P51,Schiemond (580),Dijkzigt (51),334,2688
P580,P60,Schiemond (580),Cool (60),416,3549
P580,P120,Schiemond (580),Nieuwe Werk (120),375,2780
P580,P121,Schiemond (580),Nieuwe Werk (121),341,3080
P580,P200,Schiemond (580),Carnisse (200),474,4364
P580,P201,Schiemond (580),Zuidplein (201),552,5045
P580,P202,Schiemond (580),Carnisse (202),512,4554
P580,P210,Schiemond (580),Onbekend (210),585,5743
P580,P220,Schiemond (580),Charlois Zuidrand (220),706,6948
P580,P230,Schiemond (580),Tarwewijk (230),467,4292
P580,P232,Schiemond (580),Bloemhof (232),551,5440
P580,P240,Schiemond (580),Tarwewijk (240),513,4376
P580,P250,Schiemond (580),Oud Charlois (250),475,4348
P580,P260,Schiemond (580),Oud Charlois (260),565,5067
P580,P270,Schiemond (580),Wielewaal (270),673,5882
P580,P280,Schiemond (580),Pendrecht (280),639,6225
P580,P282,Schiemond (580),Zuiderpark (282),569,5603
P580,P290,Schiemond (580),Zuidwijk (290),762,7366
P580,P300,Schiemond (580),Hillesluis (300),652,6083
P580,P301,Schiemond (580),Hillesluis (301),632,5945
P580,P310,Schiemond (580),Vreewijk (310),697,6706
P580,P311,Schiemond (580),Vreewijk (311),708,6989
P580,P320,Schiemond (580),Kop van Zuid - Entrepot (320),568,5208
P580,P322,Schiemond (580),Kop van Zuid - Entrepot (322),543,5126
P580,P323,Schiemond (580),Kop van Zuid (323),426,4165
P580,P330,Schiemond (580),Afrikaanderwijk (330),584,5123
P580,P331,Schiemond (580),Afrikaanderwijk (331),524,4919
P580,P340,Schiemond (580),Bloemhof (340),630,5782
P580,P341,Schiemond (580),Hillesluis (341),686,6305
P580,P350,Schiemond (580),Katendrecht (350),623,5544
P580,P370,Schiemond (580),Noordereiland (370),534,5051
P580,P380,Schiemond (580),Feijenoord (380),632,5663
P580,P400,Schiemond (580),Oosterflank (400),1044,14882
P580,P410,Schiemond (580),'s-Gravenland (410),996,9189
P580,P500,Schiemond (580),Middelland (500),270,2057
P580,P501,Schiemond (580),Middelland (501),271,2355
P580,P502,Schiemond (580),Dijkzigt (502),238,1978
P580,P503,Schiemond (580),Middelland (503),263,2028
P580,P504,Schiemond (580),Middelland (504),336,2647
P580,P510,Schiemond (580),Tussendijken (510),241,1425
P580,P511,Schiemond (580),Tussendijken (511),292,2476
P580,P513,Schiemond (580),Tussendijken (513),290,1840
P580,P520,Schiemond (580),Onbekend (520),247,2189
P580,P530,Schiemond (580),Nieuwe Westen (530),282,1800
P580,P531,Schiemond (580),Nieuwe Westen (531),414,2637
P580,P532,Schiemond (580),Nieuwe Westen (532),606,3916
P580,P540,Schiemond (580),Delfshaven (540),192,1335
P580,P560,Schiemond (580),Schiemond (560),172,1100
P580,P570,Schiemond (580),Oud Mathenesse (570),327,2974
P580,P580,Schiemond (580),Schiemond (580),16,0
P580,P581,Schiemond (580),Bospolder (581),170,1251
P580,P600,Schiemond (580),Struisenburg (600),564,5291
P580,P610,Schiemond (580),Rubroek (610),609,5446
P580,P620,Schiemond (580),De Esch (620),740,6890
P580,P630,Schiemond (580),Kralingen West (630),592,5476
P580,P633,Schiemond (580),Kralingen West (633),625,5800
P580,P634,Schiemond (580),Kralingen West (634),680,6190
P580,P640,Schiemond (580),De Esch (640),758,7579
P580,P650,Schiemond (580),Nieuw Crooswijk (650),683,6327
P580,P651,Schiemond (580),Oud Crooswijk (651),658,5772
P580,P660,Schiemond (580),Kralingen Oost (660),723,7100
P580,P670,Schiemond (580),Nieuw Crooswijk (670),772,6906
P580,P680,Schiemond (580),Nieuw Crooswijk (680),740,9041
P580,P690,Schiemond (580),Kralingen Oost (690),794,7806
P580,P700,Schiemond (580),Provenierswijk (700),554,4732
P580,P710,Schiemond (580),Agniesebuurt (710),573,5111
P580,P712,Schiemond (580),Stadsdriehoek (712),503,4580
P580,P720,Schiemond (580),Blijdorp (720),569,4990
P580,P721,Schiemond (580),Blijdorp (721),531,4770
P580,P723,Schiemond (580),Bergpolder (723),526,4865
P580,P724,Schiemond (580),Blijdorp (724),571,6104
P580,P730,Schiemond (580),Blijdorp (730),524,4541
P580,P740,Schiemond (580),Blijdorp (740),534,4665
P580,P750,Schiemond (580),Oude Noorden (750),632,5341
P580,P751,Schiemond (580),Oude Noorden (751),590,5168
P580,P753,Schiemond (580),Oude Noorden (753),684,6040
P580,P760,Schiemond (580),Liskwartier (760),664,5573
P580,P800,Schiemond (580),Hillegersberg Noord (800),772,6842
P580,P801,Schiemond (580),Hillegersberg Zuid (801),708,6441
P580,P811,Schiemond (580),Hillegersberg Noord (811),892,8133
P580,P812,Schiemond (580),Hillegersberg Noord (812),818,7644
P580,P900,Schiemond (580),Oud IJsselmonde (900),711,6728
P580,P910,Schiemond (580),Groot IJsselmonde (910),820,7878
P580,P912,Schiemond (580),Groot IJsselmonde (912),848,8067
P580,P920,Schiemond (580),Lombardijen (920),772,7663
P580,P930,Schiemond (580),Groot IJsselmonde (930),956,9445
P580,P950,Schiemond (580),Groot IJsselmonde (950),933,8812
P580,P960,Schiemond (580),Oud IJsselmonde (960),816,7975
P580,P980,Schiemond (580),Groot IJsselmonde (980),969,9787
P581,P10,Bospolder (581),Stadsdriehoek (10),574,5330
P581,P11,Bospolder (581),Stadsdriehoek (11),552,4896
P581,P20,Bospolder (581),Stadsdriehoek (20),566,5435
P581,P21,Bospolder (581),Stadsdriehoek (21),495,4591
P581,P30,Bospolder (581),Cool (30),499,4681
P581,P31,Bospolder (581),Cool (31),477,4497
P581,P40,Bospolder (581),Cool (40),427,4000
P581,P41,Bospolder (581),Stadsdriehoek (41),466,4261
P581,P42,Bospolder (581),Dijkzigt (42),382,3473
P581,P50,Bospolder (581),Oude Westen (50),402,3411
P581,P51,Bospolder (581),Dijkzigt (51),388,3555
P581,P60,Bospolder (581),Cool (60),470,4439
P581,P120,Bospolder (581),Nieuwe Werk (120),437,3510
P581,P121,Bospolder (581),Nieuwe Werk (121),404,3688
P581,P200,Bospolder (581),Carnisse (200),540,5033
P581,P201,Bospolder (581),Zuidplein (201),611,5741
P581,P202,Bospolder (581),Carnisse (202),577,5269
P581,P210,Bospolder (581),Onbekend (210),650,6410
P581,P220,Bospolder (581),Charlois Zuidrand (220),769,7644
P581,P230,Bospolder (581),Tarwewijk (230),531,4977
P581,P232,Bospolder (581),Bloemhof (232),611,6107
P581,P240,Bospolder (581),Tarwewijk (240),577,5180
P581,P250,Bospolder (581),Oud Charlois (250),541,5016
P581,P260,Bospolder (581),Oud Charlois (260),627,5733
P581,P270,Bospolder (581),Wielewaal (270),735,6528
P581,P280,Bospolder (581),Pendrecht (280),703,6833
P581,P282,Bospolder (581),Zuiderpark (282),633,6265
P581,P290,Bospolder (581),Zuidwijk (290),826,8058
P581,P300,Bospolder (581),Hillesluis (300),716,6776
P581,P301,Bospolder (581),Hillesluis (301),690,6612
P581,P310,Bospolder (581),Vreewijk (310),761,7507
P581,P311,Bospolder (581),Vreewijk (311),768,7606
P581,P320,Bospolder (581),Kop van Zuid - Entrepot (320),631,5874
P581,P322,Bospolder (581),Kop van Zuid - Entrepot (322),604,5759
P581,P323,Bospolder (581),Kop van Zuid (323),490,4784
P581,P330,Bospolder (581),Afrikaanderwijk (330),638,5966
P581,P331,Bospolder (581),Afrikaanderwijk (331),586,5536
P581,P340,Bospolder (581),Bloemhof (340),691,6448
P581,P341,Bospolder (581),Hillesluis (341),750,7049
P581,P350,Bospolder (581),Katendrecht (350),689,6181
P581,P370,Bospolder (581),Noordereiland (370),598,5692
P581,P380,Bospolder (581),Feijenoord (380),696,6333
P581,P400,Bospolder (581),Oosterflank (400),908,13851
P581,P410,Bospolder (581),'s-Gravenland (410),1058,9797
P581,P500,Bospolder (581),Middelland (500),323,2919
P581,P501,Bospolder (581),Middelland (501),332,3037
P581,P502,Bospolder (581),Dijkzigt (502),302,2588
P581,P503,Bospolder (581),Middelland (503),327,2878
P581,P504,Bospolder (581),Middelland (504),393,3435
P581,P510,Bospolder (581),Tussendijken (510),263,1825
P581,P511,Bospolder (581),Tussendijken (511),182,1358
P581,P513,Bospolder (581),Tussendijken (513),247,1766
P581,P520,Bospolder (581),Onbekend (520),118,1048
P581,P530,Bospolder (581),Nieuwe Westen (530),325,2222
P581,P531,Bospolder (581),Nieuwe Westen (531),372,2539
P581,P532,Bospolder (581),Nieuwe Westen (532),519,3343
P581,P540,Bospolder (581),Delfshaven (540),253,1988
P581,P560,Bospolder (581),Schiemond (560),268,2200
P581,P570,Bospolder (581),Oud Mathenesse (570),198,1771
P581,P580,Bospolder (581),Schiemond (580),174,1247
P581,P581,Bospolder (581),Bospolder (581),11,0
P581,P600,Bospolder (581),Struisenburg (600),629,5957
P581,P610,Bospolder (581),Rubroek (610),670,6312
P581,P620,Bospolder (581),De Esch (620),802,7556
P581,P630,Bospolder (581),Kralingen West (630),656,6270
P581,P633,Bospolder (581),Kralingen West (633),686,6645
P581,P634,Bospolder (581),Kralingen West (634),731,6872
P581,P640,Bospolder (581),De Esch (640),823,8245
P581,P650,Bospolder (581),Nieuw Crooswijk (650),685,8752
P581,P651,Bospolder (581),Oud Crooswijk (651),712,6641
P581,P660,Bospolder (581),Kralingen Oost (660),782,7774
P581,P670,Bospolder (581),Nieuw Crooswijk (670),679,8460
P581,P680,Bospolder (581),Nieuw Crooswijk (680),609,8010
P581,P690,Bospolder (581),Kralingen Oost (690),858,8474
P581,P700,Bospolder (581),Provenierswijk (700),594,6874
P581,P710,Bospolder (581),Agniesebuurt (710),635,5961
P581,P712,Bospolder (581),Stadsdriehoek (712),564,5449
P581,P720,Bospolder (581),Blijdorp (720),542,5532
P581,P721,Bospolder (581),Blijdorp (721),520,5744
P581,P723,Bospolder (581),Bergpolder (723),510,6128
P581,P724,Bospolder (581),Blijdorp (724),458,5026
P581,P730,Bospolder (581),Blijdorp (730),546,5631
P581,P740,Bospolder (581),Blijdorp (740),510,5155
P581,P750,Bospolder (581),Oude Noorden (750),689,7200
P581,P751,Bospolder (581),Oude Noorden (751),618,7165
P581,P753,Bospolder (581),Oude Noorden (753),706,7809
P581,P760,Bospolder (581),Liskwartier (760),604,7035
P581,P800,Bospolder (581),Hillegersberg Noord (800),683,7973
P581,P801,Bospolder (581),Hillegersberg Zuid (801),625,7528
P581,P811,Bospolder (581),Hillegersberg Noord (811),826,10072
P581,P812,Bospolder (581),Hillegersberg Noord (812),744,9579
P581,P900,Bospolder (581),Oud IJsselmonde (900),776,7336
P581,P910,Bospolder (581),Groot IJsselmonde (910),884,8724
P581,P912,Bospolder (581),Groot IJsselmonde (912),904,8685
P581,P920,Bospolder (581),Lombardijen (920),836,8271
P581,P930,Bospolder (581),Groot IJsselmonde (930),1020,10053
P581,P950,Bospolder (581),Groot IJsselmonde (950),991,9599
P581,P960,Bospolder (581),Oud IJsselmonde (960),876,8642
P581,P980,Bospolder (581),Groot IJsselmonde (980),1026,10453
P600,P10,Struisenburg (600),Stadsdriehoek (10),215,1796
P600,P11,Struisenburg (600),Stadsdriehoek (11),333,2477
P600,P20,Struisenburg (600),Stadsdriehoek (20),161,1310
P600,P21,Struisenburg (600),Stadsdriehoek (21),218,1924
P600,P30,Struisenburg (600),Cool (30),368,3264
P600,P31,Struisenburg (600),Cool (31),344,3080
P600,P40,Struisenburg (600),Cool (40),309,2846
P600,P41,Struisenburg (600),Stadsdriehoek (41),343,3052
P600,P42,Struisenburg (600),Dijkzigt (42),372,3387
P600,P50,Struisenburg (600),Oude Westen (50),380,3458
P600,P51,Struisenburg (600),Dijkzigt (51),340,3162
P600,P60,Struisenburg (600),Cool (60),548,5323
P600,P120,Struisenburg (600),Nieuwe Werk (120),443,3719
P600,P121,Struisenburg (600),Nieuwe Werk (121),373,3284
P600,P200,Struisenburg (600),Carnisse (200),687,6622
P600,P201,Struisenburg (600),Zuidplein (201),693,6563
P600,P202,Struisenburg (600),Carnisse (202),692,6498
P600,P210,Struisenburg (600),Onbekend (210),798,8009
P600,P220,Struisenburg (600),Charlois Zuidrand (220),905,9216
P600,P230,Struisenburg (600),Tarwewijk (230),660,5984
P600,P232,Struisenburg (600),Bloemhof (232),561,5410
P600,P240,Struisenburg (600),Tarwewijk (240),612,5380
P600,P250,Struisenburg (600),Oud Charlois (250),688,6543
P600,P260,Struisenburg (600),Oud Charlois (260),779,7294
P600,P270,Struisenburg (600),Wielewaal (270),886,8047
P600,P280,Struisenburg (600),Pendrecht (280),856,8353
P600,P282,Struisenburg (600),Zuiderpark (282),779,7791
P600,P290,Struisenburg (600),Zuidwijk (290),857,8270
P600,P300,Struisenburg (600),Hillesluis (300),605,5562
P600,P301,Struisenburg (600),Hillesluis (301),573,5446
P600,P310,Struisenburg (600),Vreewijk (310),763,7434
P600,P311,Struisenburg (600),Vreewijk (311),762,8413
P600,P320,Struisenburg (600),Kop van Zuid - Entrepot (320),466,4147
P600,P322,Struisenburg (600),Kop van Zuid - Entrepot (322),396,3537
P600,P323,Struisenburg (600),Kop van Zuid (323),394,3709
P600,P330,Struisenburg (600),Afrikaanderwijk (330),538,4851
P600,P331,Struisenburg (600),Afrikaanderwijk (331),486,4461
P600,P340,Struisenburg (600),Bloemhof (340),613,5525
P600,P341,Struisenburg (600),Hillesluis (341),651,7400
P600,P350,Struisenburg (600),Katendrecht (350),587,5099
P600,P370,Struisenburg (600),Noordereiland (370),351,3092
P600,P380,Struisenburg (600),Feijenoord (380),495,4312
P600,P400,Struisenburg (600),Oosterflank (400),700,8686
P600,P410,Struisenburg (600),'s-Gravenland (410),546,4646
P600,P500,Struisenburg (600),Middelland (500),459,4353
P600,P501,Struisenburg (600),Middelland (501),466,4394
P600,P502,Struisenburg (600),Dijkzigt (502),433,3983
P600,P503,Struisenburg (600),Middelland (503),473,4411
P600,P504,Struisenburg (600),Middelland (504),531,4469
P600,P510,Struisenburg (600),Tussendijken (510),639,5793
P600,P511,Struisenburg (600),Tussendijken (511),714,6339
P600,P513,Struisenburg (600),Tussendijken (513),678,6160
P600,P520,Struisenburg (600),Onbekend (520),724,7039
P600,P530,Struisenburg (600),Nieuwe Westen (530),546,4923
P600,P531,Struisenburg (600),Nieuwe Westen (531),631,5289
P600,P532,Struisenburg (600),Nieuwe Westen (532),826,6640
P600,P540,Struisenburg (600),Delfshaven (540),492,4723
P600,P560,Struisenburg (600),Schiemond (560),520,4733
P600,P570,Struisenburg (600),Oud Mathenesse (570),790,7803
P600,P580,Struisenburg (600),Schiemond (580),600,5233
P600,P581,Struisenburg (600),Bospolder (581),644,6115
P600,P600,Struisenburg (600),Struisenburg (600),48,0
P600,P610,Struisenburg (600),Rubroek (610),313,2523
P600,P620,Struisenburg (600),De Esch (620),314,2436
P600,P630,Struisenburg (600),Kralingen West (630),177,1416
P600,P633,Struisenburg (600),Kralingen West (633),190,1630
P600,P634,Struisenburg (600),Kralingen West (634),237,2102
P600,P640,Struisenburg (600),De Esch (640),347,3243
P600,P650,Struisenburg (600),Nieuw Crooswijk (650),348,3079
P600,P651,Struisenburg (600),Oud Crooswijk (651),357,2891
P600,P660,Struisenburg (600),Kralingen Oost (660),294,2652
P600,P670,Struisenburg (600),Nieuw Crooswijk (670),411,3490
P600,P680,Struisenburg (600),Nieuw Crooswijk (680),420,3780
P600,P690,Struisenburg (600),Kralingen Oost (690),346,3375
P600,P700,Struisenburg (600),Provenierswijk (700),503,3903
P600,P710,Struisenburg (600),Agniesebuurt (710),410,3287
P600,P712,Struisenburg (600),Stadsdriehoek (712),342,2771
P600,P720,Struisenburg (600),Blijdorp (720),543,4549
P600,P721,Struisenburg (600),Blijdorp (721),502,4255
P600,P723,Struisenburg (600),Bergpolder (723),472,4240
P600,P724,Struisenburg (600),Blijdorp (724),637,5364
P600,P730,Struisenburg (600),Blijdorp (730),522,4312
P600,P740,Struisenburg (600),Blijdorp (740),535,4614
P600,P750,Struisenburg (600),Oude Noorden (750),498,4125
P600,P751,Struisenburg (600),Oude Noorden (751),447,4136
P600,P753,Struisenburg (600),Oude Noorden (753),441,3870
P600,P760,Struisenburg (600),Liskwartier (760),490,4426
P600,P800,Struisenburg (600),Hillegersberg Noord (800),592,5505
P600,P801,Struisenburg (600),Hillegersberg Zuid (801),528,5112
P600,P811,Struisenburg (600),Hillegersberg Noord (811),713,6827
P600,P812,Struisenburg (600),Hillegersberg Noord (812),638,6334
P600,P900,Struisenburg (600),Oud IJsselmonde (900),545,6586
P600,P910,Struisenburg (600),Groot IJsselmonde (910),606,7025
P600,P912,Struisenburg (600),Groot IJsselmonde (912),515,6215
P600,P920,Struisenburg (600),Lombardijen (920),783,8945
P600,P930,Struisenburg (600),Groot IJsselmonde (930),682,7829
P600,P950,Struisenburg (600),Groot IJsselmonde (950),561,6664
P600,P960,Struisenburg (600),Oud IJsselmonde (960),464,5736
P600,P980,Struisenburg (600),Groot IJsselmonde (980),695,10664
P610,P10,Rubroek (610),Stadsdriehoek (10),202,1294
P610,P11,Rubroek (610),Stadsdriehoek (11),218,1590
P610,P20,Rubroek (610),Stadsdriehoek (20),225,1517
P610,P21,Rubroek (610),Stadsdriehoek (21),251,1842
P610,P30,Rubroek (610),Cool (30),267,1970
P610,P31,Rubroek (610),Cool (31),313,2624
P610,P40,Rubroek (610),Cool (40),330,2572
P610,P41,Rubroek (610),Stadsdriehoek (41),327,2542
P610,P42,Rubroek (610),Dijkzigt (42),381,3256
P610,P50,Rubroek (610),Oude Westen (50),369,3091
P610,P51,Rubroek (610),Dijkzigt (51),327,2777
P610,P60,Rubroek (610),Cool (60),492,4373
P610,P120,Rubroek (610),Nieuwe Werk (120),494,3884
P610,P121,Rubroek (610),Nieuwe Werk (121),424,3458
P610,P200,Rubroek (610),Carnisse (200),716,6575
P610,P201,Rubroek (610),Zuidplein (201),732,6724
P610,P202,Rubroek (610),Carnisse (202),732,6641
P610,P210,Rubroek (610),Onbekend (210),826,7954
P610,P220,Rubroek (610),Charlois Zuidrand (220),948,9159
P610,P230,Rubroek (610),Tarwewijk (230),697,6089
P610,P232,Rubroek (610),Bloemhof (232),603,5541
P610,P240,Rubroek (610),Tarwewijk (240),604,5412
P610,P250,Rubroek (610),Oud Charlois (250),717,6558
P610,P260,Rubroek (610),Oud Charlois (260),810,7277
P610,P270,Rubroek (610),Wielewaal (270),915,8093
P610,P280,Rubroek (610),Pendrecht (280),866,8410
P610,P282,Rubroek (610),Zuiderpark (282),808,7808
P610,P290,Rubroek (610),Zuidwijk (290),883,8295
P610,P300,Rubroek (610),Hillesluis (300),624,5460
P610,P301,Rubroek (610),Hillesluis (301),591,5256
P610,P310,Rubroek (610),Vreewijk (310),802,7410
P610,P311,Rubroek (610),Vreewijk (311),827,7642
P610,P320,Rubroek (610),Kop van Zuid - Entrepot (320),481,3926
P610,P322,Rubroek (610),Kop van Zuid - Entrepot (322),414,3428
P610,P323,Rubroek (610),Kop van Zuid (323),436,3878
P610,P330,Rubroek (610),Afrikaanderwijk (330),554,4745
P610,P331,Rubroek (610),Afrikaanderwijk (331),528,4633
P610,P340,Rubroek (610),Bloemhof (340),649,5576
P610,P341,Rubroek (610),Hillesluis (341),686,5879
P610,P350,Rubroek (610),Katendrecht (350),626,5258
P610,P370,Rubroek (610),Noordereiland (370),368,2999
P610,P380,Rubroek (610),Feijenoord (380),515,4094
P610,P400,Rubroek (610),Oosterflank (400),614,6372
P610,P410,Rubroek (610),'s-Gravenland (410),597,5086
P610,P500,Rubroek (610),Middelland (500),427,3761
P610,P501,Rubroek (610),Middelland (501),432,3679
P610,P502,Rubroek (610),Dijkzigt (502),464,3927
P610,P503,Rubroek (610),Middelland (503),462,4040
P610,P504,Rubroek (610),Middelland (504),483,3928
P610,P510,Rubroek (610),Tussendijken (510),618,5088
P610,P511,Rubroek (610),Tussendijken (511),723,5769
P610,P513,Rubroek (610),Tussendijken (513),654,5101
P610,P520,Rubroek (610),Onbekend (520),747,7026
P610,P530,Rubroek (610),Nieuwe Westen (530),490,4289
P610,P531,Rubroek (610),Nieuwe Westen (531),570,4644
P610,P532,Rubroek (610),Nieuwe Westen (532),770,6006
P610,P540,Rubroek (610),Delfshaven (540),478,4277
P610,P560,Rubroek (610),Schiemond (560),546,4720
P610,P570,Rubroek (610),Oud Mathenesse (570),698,8218
P610,P580,Rubroek (610),Schiemond (580),635,5352
P610,P581,Rubroek (610),Bospolder (581),680,6168
P610,P600,Rubroek (610),Struisenburg (600),290,2398
P610,P610,Rubroek (610),Rubroek (610),52,0
P610,P620,Rubroek (610),De Esch (620),500,4178
P610,P630,Rubroek (610),Kralingen West (630),229,1586
P610,P633,Rubroek (610),Kralingen West (633),163,1451
P610,P634,Rubroek (610),Kralingen West (634),240,1912
P610,P640,Rubroek (610),De Esch (640),517,5219
P610,P650,Rubroek (610),Nieuw Crooswijk (650),198,1429
P610,P651,Rubroek (610),Oud Crooswijk (651),158,1082
P610,P660,Rubroek (610),Kralingen Oost (660),411,4024
P610,P670,Rubroek (610),Nieuw Crooswijk (670),270,2107
P610,P680,Rubroek (610),Nieuw Crooswijk (680),286,2397
P610,P690,Rubroek (610),Kralingen Oost (690),392,3768
P610,P700,Rubroek (610),Provenierswijk (700),331,2530
P610,P710,Rubroek (610),Agniesebuurt (710),239,1843
P610,P712,Rubroek (610),Stadsdriehoek (712),170,1364
P610,P720,Rubroek (610),Blijdorp (720),370,3161
P610,P721,Rubroek (610),Blijdorp (721),329,2901
P610,P723,Rubroek (610),Bergpolder (723),321,2884
P610,P724,Rubroek (610),Blijdorp (724),464,3963
P610,P730,Rubroek (610),Blijdorp (730),341,2842
P610,P740,Rubroek (610),Blijdorp (740),365,3246
P610,P750,Rubroek (610),Oude Noorden (750),325,2752
P610,P751,Rubroek (610),Oude Noorden (751),261,2215
P610,P753,Rubroek (610),Oude Noorden (753),256,2059
P610,P760,Rubroek (610),Liskwartier (760),323,2608
P610,P800,Rubroek (610),Hillegersberg Noord (800),407,3584
P610,P801,Rubroek (610),Hillegersberg Zuid (801),343,3192
P610,P811,Rubroek (610),Hillegersberg Noord (811),528,4907
P610,P812,Rubroek (610),Hillegersberg Noord (812),454,4413
P610,P900,Rubroek (610),Oud IJsselmonde (900),683,6033
P610,P910,Rubroek (610),Groot IJsselmonde (910),763,8388
P610,P912,Rubroek (610),Groot IJsselmonde (912),703,7885
P610,P920,Rubroek (610),Lombardijen (920),881,8159
P610,P930,Rubroek (610),Groot IJsselmonde (930),870,9500
P610,P950,Rubroek (610),Groot IJsselmonde (950),738,8288
P610,P960,Rubroek (610),Oud IJsselmonde (960),652,7405
P610,P980,Rubroek (610),Groot IJsselmonde (980),883,12334
P620,P10,De Esch (620),Stadsdriehoek (10),381,3323
P620,P11,De Esch (620),Stadsdriehoek (11),499,4092
P620,P20,De Esch (620),Stadsdriehoek (20),330,2847
P620,P21,De Esch (620),Stadsdriehoek (21),382,3405
P620,P30,De Esch (620),Cool (30),526,4911
P620,P31,De Esch (620),Cool (31),502,4707
P620,P40,De Esch (620),Cool (40),476,4376
P620,P41,De Esch (620),Stadsdriehoek (41),506,4525
P620,P42,De Esch (620),Dijkzigt (42),551,4973
P620,P50,De Esch (620),Oude Westen (50),559,5159
P620,P51,De Esch (620),Dijkzigt (51),518,4849
P620,P60,De Esch (620),Cool (60),731,6989
P620,P120,De Esch (620),Nieuwe Werk (120),605,5239
P620,P121,De Esch (620),Nieuwe Werk (121),535,4833
P620,P200,De Esch (620),Carnisse (200),816,8969
P620,P201,De Esch (620),Zuidplein (201),740,8500
P620,P202,De Esch (620),Carnisse (202),738,8435
P620,P210,De Esch (620),Onbekend (210),952,10901
P620,P220,De Esch (620),Charlois Zuidrand (220),848,16254
P620,P230,De Esch (620),Tarwewijk (230),775,8698
P620,P232,De Esch (620),Bloemhof (232),654,7921
P620,P240,De Esch (620),Tarwewijk (240),748,8126
P620,P250,De Esch (620),Oud Charlois (250),849,8190
P620,P260,De Esch (620),Oud Charlois (260),936,10625
P620,P270,De Esch (620),Wielewaal (270),1049,9647
P620,P280,De Esch (620),Pendrecht (280),937,10641
P620,P282,De Esch (620),Zuiderpark (282),856,10018
P620,P290,De Esch (620),Zuidwijk (290),832,9108
P620,P300,De Esch (620),Hillesluis (300),607,7049
P620,P301,De Esch (620),Hillesluis (301),589,6933
P620,P310,De Esch (620),Vreewijk (310),690,7603
P620,P311,De Esch (620),Vreewijk (311),641,7158
P620,P320,De Esch (620),Kop van Zuid - Entrepot (320),619,7289
P620,P322,De Esch (620),Kop van Zuid - Entrepot (322),562,5110
P620,P323,De Esch (620),Kop van Zuid (323),556,5239
P620,P330,De Esch (620),Afrikaanderwijk (330),640,7372
P620,P331,De Esch (620),Afrikaanderwijk (331),647,6060
P620,P340,De Esch (620),Bloemhof (340),676,7598
P620,P341,De Esch (620),Hillesluis (341),573,6834
P620,P350,De Esch (620),Katendrecht (350),756,6696
P620,P370,De Esch (620),Noordereiland (370),520,4701
P620,P380,De Esch (620),Feijenoord (380),618,7161
P620,P400,De Esch (620),Oosterflank (400),579,7464
P620,P410,De Esch (620),'s-Gravenland (410),458,3712
P620,P500,De Esch (620),Middelland (500),646,6040
P620,P501,De Esch (620),Middelland (501),633,6021
P620,P502,De Esch (620),Dijkzigt (502),594,5517
P620,P503,De Esch (620),Middelland (503),653,6112
P620,P504,De Esch (620),Middelland (504),704,6149
P620,P510,De Esch (620),Tussendijken (510),828,7256
P620,P511,De Esch (620),Tussendijken (511),902,7751
P620,P513,De Esch (620),Tussendijken (513),857,7788
P620,P520,De Esch (620),Onbekend (520),886,8641
P620,P530,De Esch (620),Nieuwe Westen (530),732,6604
P620,P531,De Esch (620),Nieuwe Westen (531),801,6916
P620,P532,De Esch (620),Nieuwe Westen (532),1012,8336
P620,P540,De Esch (620),Delfshaven (540),668,6351
P620,P560,De Esch (620),Schiemond (560),683,6214
P620,P570,De Esch (620),Oud Mathenesse (570),953,9450
P620,P580,De Esch (620),Schiemond (580),762,6764
P620,P581,De Esch (620),Bospolder (581),813,7662
P620,P600,De Esch (620),Struisenburg (600),261,1827
P620,P610,De Esch (620),Rubroek (610),490,4070
P620,P620,De Esch (620),De Esch (620),58,0
P620,P630,De Esch (620),Kralingen West (630),346,3006
P620,P633,De Esch (620),Kralingen West (633),345,3284
P620,P634,De Esch (620),Kralingen West (634),406,3596
P620,P640,De Esch (620),De Esch (640),143,1136
P620,P650,De Esch (620),Nieuw Crooswijk (650),513,4550
P620,P651,De Esch (620),Oud Crooswijk (651),526,4466
P620,P660,De Esch (620),Kralingen Oost (660),159,1421
P620,P670,De Esch (620),Nieuw Crooswijk (670),577,5107
P620,P680,De Esch (620),Nieuw Crooswijk (680),593,5619
P620,P690,De Esch (620),Kralingen Oost (690),258,2471
P620,P700,De Esch (620),Provenierswijk (700),670,5498
P620,P710,De Esch (620),Agniesebuurt (710),578,4858
P620,P712,De Esch (620),Stadsdriehoek (712),513,4388
P620,P720,De Esch (620),Blijdorp (720),707,6128
P620,P721,De Esch (620),Blijdorp (721),668,5869
P620,P723,De Esch (620),Bergpolder (723),659,5851
P620,P724,De Esch (620),Blijdorp (724),759,12138
P620,P730,De Esch (620),Blijdorp (730),690,5883
P620,P740,De Esch (620),Blijdorp (740),714,6218
P620,P750,De Esch (620),Oude Noorden (750),664,5720
P620,P751,De Esch (620),Oude Noorden (751),621,5659
P620,P753,De Esch (620),Oude Noorden (753),610,5482
P620,P760,De Esch (620),Liskwartier (760),676,6024
P620,P800,De Esch (620),Hillegersberg Noord (800),761,6999
P620,P801,De Esch (620),Hillegersberg Zuid (801),701,6680
P620,P811,De Esch (620),Hillegersberg Noord (811),775,9530
P620,P812,De Esch (620),Hillegersberg Noord (812),803,7883
P620,P900,De Esch (620),Oud IJsselmonde (900),424,5331
P620,P910,De Esch (620),Groot IJsselmonde (910),489,5865
P620,P912,De Esch (620),Groot IJsselmonde (912),394,4960
P620,P920,De Esch (620),Lombardijen (920),666,7690
P620,P930,De Esch (620),Groot IJsselmonde (930),576,6698
P620,P950,De Esch (620),Groot IJsselmonde (950),447,5449
P620,P960,De Esch (620),Oud IJsselmonde (960),342,4481
P620,P980,De Esch (620),Groot IJsselmonde (980),574,9409
P630,P10,Kralingen West (630),Stadsdriehoek (10),181,1312
P630,P11,Kralingen West (630),Stadsdriehoek (11),293,2123
P630,P20,Kralingen West (630),Stadsdriehoek (20),162,1278
P630,P21,Kralingen West (630),Stadsdriehoek (21),226,2041
P630,P30,Kralingen West (630),Cool (30),330,2913
P630,P31,Kralingen West (630),Cool (31),308,2939
P630,P40,Kralingen West (630),Cool (40),308,2978
P630,P41,Kralingen West (630),Stadsdriehoek (41),312,2771
P630,P42,Kralingen West (630),Dijkzigt (42),371,3497
P630,P50,Kralingen West (630),Oude Westen (50),354,3155
P630,P51,Kralingen West (630),Dijkzigt (51),317,2916
P630,P60,Kralingen West (630),Cool (60),524,5011
P630,P120,Kralingen West (630),Nieuwe Werk (120),457,3905
P630,P121,Kralingen West (630),Nieuwe Werk (121),387,3480
P630,P200,Kralingen West (630),Carnisse (200),701,6749
P630,P201,Kralingen West (630),Zuidplein (201),701,6759
P630,P202,Kralingen West (630),Carnisse (202),700,6715
P630,P210,Kralingen West (630),Onbekend (210),811,8126
P630,P220,Kralingen West (630),Charlois Zuidrand (220),920,9331
P630,P230,Kralingen West (630),Tarwewijk (230),662,6110
P630,P232,Kralingen West (630),Bloemhof (232),571,5562
P630,P240,Kralingen West (630),Tarwewijk (240),619,5599
P630,P250,Kralingen West (630),Oud Charlois (250),702,6730
P630,P260,Kralingen West (630),Oud Charlois (260),775,7450
P630,P270,Kralingen West (630),Wielewaal (270),884,8243
P630,P280,Kralingen West (630),Pendrecht (280),852,8549
P630,P282,Kralingen West (630),Zuiderpark (282),785,7981
P630,P290,Kralingen West (630),Zuidwijk (290),864,8466
P630,P300,Kralingen West (630),Hillesluis (300),610,5503
P630,P301,Kralingen West (630),Hillesluis (301),575,5362
P630,P310,Kralingen West (630),Vreewijk (310),787,7626
P630,P311,Kralingen West (630),Vreewijk (311),783,8652
P630,P320,Kralingen West (630),Kop van Zuid - Entrepot (320),468,4162
P630,P322,Kralingen West (630),Kop van Zuid - Entrepot (322),389,3469
P630,P323,Kralingen West (630),Kop van Zuid (323),401,3905
P630,P330,Kralingen West (630),Afrikaanderwijk (330),544,4911
P630,P331,Kralingen West (630),Afrikaanderwijk (331),493,4675
P630,P340,Kralingen West (630),Bloemhof (340),623,5642
P630,P341,Kralingen West (630),Hillesluis (341),676,6108
P630,P350,Kralingen West (630),Katendrecht (350),601,5332
P630,P370,Kralingen West (630),Noordereiland (370),353,3083
P630,P380,Kralingen West (630),Feijenoord (380),485,4355
P630,P400,Kralingen West (630),Oosterflank (400),625,6808
P630,P410,Kralingen West (630),'s-Gravenland (410),488,4112
P630,P500,Kralingen West (630),Middelland (500),435,4062
P630,P501,Kralingen West (630),Middelland (501),439,4043
P630,P502,Kralingen West (630),Dijkzigt (502),430,4179
P630,P503,Kralingen West (630),Middelland (503),447,4108
P630,P504,Kralingen West (630),Middelland (504),499,4145
P630,P510,Kralingen West (630),Tussendijken (510),634,5407
P630,P511,Kralingen West (630),Tussendijken (511),708,5773
P630,P513,Kralingen West (630),Tussendijken (513),663,5846
P630,P520,Kralingen West (630),Onbekend (520),729,7251
P630,P530,Kralingen West (630),Nieuwe Westen (530),522,4626
P630,P531,Kralingen West (630),Nieuwe Westen (531),605,5186
P630,P532,Kralingen West (630),Nieuwe Westen (532),802,6358
P630,P540,Kralingen West (630),Delfshaven (540),472,4549
P630,P560,Kralingen West (630),Schiemond (560),527,4862
P630,P570,Kralingen West (630),Oud Mathenesse (570),783,8052
P630,P580,Kralingen West (630),Schiemond (580),600,5429
P630,P581,Kralingen West (630),Bospolder (581),655,6298
P630,P600,Kralingen West (630),Struisenburg (600),145,1141
P630,P610,Kralingen West (630),Rubroek (610),190,1399
P630,P620,Kralingen West (630),De Esch (620),333,2847
P630,P630,Kralingen West (630),Kralingen West (630),68,0
P630,P633,Kralingen West (630),Kralingen West (633),106,785
P630,P634,Kralingen West (630),Kralingen West (634),162,1179
P630,P640,Kralingen West (630),De Esch (640),356,3536
P630,P650,Kralingen West (630),Nieuw Crooswijk (650),252,2012
P630,P651,Kralingen West (630),Oud Crooswijk (651),264,1928
P630,P660,Kralingen West (630),Kralingen Oost (660),295,2975
P630,P670,Kralingen West (630),Nieuw Crooswijk (670),304,2584
P630,P680,Kralingen West (630),Nieuw Crooswijk (680),310,2874
P630,P690,Kralingen West (630),Kralingen Oost (690),288,2756
P630,P700,Kralingen West (630),Provenierswijk (700),456,3769
P630,P710,Kralingen West (630),Agniesebuurt (710),363,2946
P630,P712,Kralingen West (630),Stadsdriehoek (712),314,2464
P630,P720,Kralingen West (630),Blijdorp (720),504,4263
P630,P721,Kralingen West (630),Blijdorp (721),457,4000
P630,P723,Kralingen West (630),Bergpolder (723),419,3848
P630,P724,Kralingen West (630),Blijdorp (724),590,6454
P630,P730,Kralingen West (630),Blijdorp (730),486,3944
P630,P740,Kralingen West (630),Blijdorp (740),507,4360
P630,P750,Kralingen West (630),Oude Noorden (750),426,3448
P630,P751,Kralingen West (630),Oude Noorden (751),348,3090
P630,P753,Kralingen West (630),Oude Noorden (753),331,2803
P630,P760,Kralingen West (630),Liskwartier (760),379,3359
P630,P800,Kralingen West (630),Hillegersberg Noord (800),499,4459
P630,P801,Kralingen West (630),Hillegersberg Zuid (801),435,4065
P630,P811,Kralingen West (630),Hillegersberg Noord (811),620,5781
P630,P812,Kralingen West (630),Hillegersberg Noord (812),546,5288
P630,P900,Kralingen West (630),Oud IJsselmonde (900),555,6856
P630,P910,Kralingen West (630),Groot IJsselmonde (910),626,7368
P630,P912,Kralingen West (630),Groot IJsselmonde (912),537,6454
P630,P920,Kralingen West (630),Lombardijen (920),798,9184
P630,P930,Kralingen West (630),Groot IJsselmonde (930),704,8206
P630,P950,Kralingen West (630),Groot IJsselmonde (950),570,6982
P630,P960,Kralingen West (630),Oud IJsselmonde (960),486,5980
P630,P980,Kralingen West (630),Groot IJsselmonde (980),714,10903
P633,P10,Kralingen West (633),Stadsdriehoek (10),220,2139
P633,P11,Kralingen West (633),Stadsdriehoek (11),320,2733
P633,P20,Kralingen West (633),Stadsdriehoek (20),194,1938
P633,P21,Kralingen West (633),Stadsdriehoek (21),255,2470
P633,P30,Kralingen West (633),Cool (30),367,3733
P633,P31,Kralingen West (633),Cool (31),347,3512
P633,P40,Kralingen West (633),Cool (40),345,3474
P633,P41,Kralingen West (633),Stadsdriehoek (41),351,3373
P633,P42,Kralingen West (633),Dijkzigt (42),408,3934
P633,P50,Kralingen West (633),Oude Westen (50),393,3922
P633,P51,Kralingen West (633),Dijkzigt (51),356,3608
P633,P60,Kralingen West (633),Cool (60),566,5223
P633,P120,Kralingen West (633),Nieuwe Werk (120),483,4338
P633,P121,Kralingen West (633),Nieuwe Werk (121),410,3912
P633,P200,Kralingen West (633),Carnisse (200),721,7181
P633,P201,Kralingen West (633),Zuidplein (201),736,7192
P633,P202,Kralingen West (633),Carnisse (202),734,7127
P633,P210,Kralingen West (633),Onbekend (210),832,8533
P633,P220,Kralingen West (633),Charlois Zuidrand (220),958,9768
P633,P230,Kralingen West (633),Tarwewijk (230),697,6542
P633,P232,Kralingen West (633),Bloemhof (232),601,5994
P633,P240,Kralingen West (633),Tarwewijk (240),658,5922
P633,P250,Kralingen West (633),Oud Charlois (250),723,7165
P633,P260,Kralingen West (633),Oud Charlois (260),815,7886
P633,P270,Kralingen West (633),Wielewaal (270),924,8676
P633,P280,Kralingen West (633),Pendrecht (280),892,8944
P633,P282,Kralingen West (633),Zuiderpark (282),822,8359
P633,P290,Kralingen West (633),Zuidwijk (290),893,8817
P633,P300,Kralingen West (633),Hillesluis (300),635,5939
P633,P301,Kralingen West (633),Hillesluis (301),614,6030
P633,P310,Kralingen West (633),Vreewijk (310),817,7920
P633,P311,Kralingen West (633),Vreewijk (311),799,8999
P633,P320,Kralingen West (633),Kop van Zuid - Entrepot (320),497,4688
P633,P322,Kralingen West (633),Kop van Zuid - Entrepot (322),427,4166
P633,P323,Kralingen West (633),Kop van Zuid (323),430,4338
P633,P330,Kralingen West (633),Afrikaanderwijk (330),584,5347
P633,P331,Kralingen West (633),Afrikaanderwijk (331),532,5090
P633,P340,Kralingen West (633),Bloemhof (340),653,6079
P633,P341,Kralingen West (633),Hillesluis (341),697,6618
P633,P350,Kralingen West (633),Katendrecht (350),631,5728
P633,P370,Kralingen West (633),Noordereiland (370),382,3721
P633,P380,Kralingen West (633),Feijenoord (380),524,4818
P633,P400,Kralingen West (633),Oosterflank (400),585,6171
P633,P410,Kralingen West (633),'s-Gravenland (410),440,3715
P633,P500,Kralingen West (633),Middelland (500),478,4649
P633,P501,Kralingen West (633),Middelland (501),478,4695
P633,P502,Kralingen West (633),Dijkzigt (502),468,4612
P633,P503,Kralingen West (633),Middelland (503),487,4871
P633,P504,Kralingen West (633),Middelland (504),541,4944
P633,P510,Kralingen West (633),Tussendijken (510),673,5976
P633,P511,Kralingen West (633),Tussendijken (511),747,6600
P633,P513,Kralingen West (633),Tussendijken (513),699,6372
P633,P520,Kralingen West (633),Onbekend (520),761,7592
P633,P530,Kralingen West (633),Nieuwe Westen (530),565,5147
P633,P531,Kralingen West (633),Nieuwe Westen (531),640,5696
P633,P532,Kralingen West (633),Nieuwe Westen (532),844,7093
P633,P540,Kralingen West (633),Delfshaven (540),513,5165
P633,P560,Kralingen West (633),Schiemond (560),557,5286
P633,P570,Kralingen West (633),Oud Mathenesse (570),706,9393
P633,P580,Kralingen West (633),Schiemond (580),637,5862
P633,P581,Kralingen West (633),Bospolder (581),687,6734
P633,P600,Kralingen West (633),Struisenburg (600),176,1576
P633,P610,Kralingen West (633),Rubroek (610),179,1674
P633,P620,Kralingen West (633),De Esch (620),346,3317
P633,P630,Kralingen West (633),Kralingen West (630),122,1146
P633,P633,Kralingen West (633),Kralingen West (633),14,0
P633,P634,Kralingen West (633),Kralingen West (634),80,599
P633,P640,Kralingen West (633),De Esch (640),402,4358
P633,P650,Kralingen West (633),Nieuw Crooswijk (650),181,1744
P633,P651,Kralingen West (633),Oud Crooswijk (651),193,1653
P633,P660,Kralingen West (633),Kralingen Oost (660),273,2932
P633,P670,Kralingen West (633),Nieuw Crooswijk (670),224,1910
P633,P680,Kralingen West (633),Nieuw Crooswijk (680),236,2200
P633,P690,Kralingen West (633),Kralingen Oost (690),236,2472
P633,P700,Kralingen West (633),Provenierswijk (700),407,3956
P633,P710,Kralingen West (633),Agniesebuurt (710),354,2676
P633,P712,Kralingen West (633),Stadsdriehoek (712),310,2750
P633,P720,Kralingen West (633),Blijdorp (720),462,4527
P633,P721,Kralingen West (633),Blijdorp (721),409,4094
P633,P723,Kralingen West (633),Bergpolder (723),377,3943
P633,P724,Kralingen West (633),Blijdorp (724),507,5779
P633,P730,Kralingen West (633),Blijdorp (730),442,4242
P633,P740,Kralingen West (633),Blijdorp (740),463,4660
P633,P750,Kralingen West (633),Oude Noorden (750),355,3087
P633,P751,Kralingen West (633),Oude Noorden (751),279,2898
P633,P753,Kralingen West (633),Oude Noorden (753),263,2583
P633,P760,Kralingen West (633),Liskwartier (760),311,3138
P633,P800,Kralingen West (633),Hillegersberg Noord (800),427,3952
P633,P801,Kralingen West (633),Hillegersberg Zuid (801),363,3559
P633,P811,Kralingen West (633),Hillegersberg Noord (811),548,5274
P633,P812,Kralingen West (633),Hillegersberg Noord (812),473,4781
P633,P900,Kralingen West (633),Oud IJsselmonde (900),592,7277
P633,P910,Kralingen West (633),Groot IJsselmonde (910),657,7794
P633,P912,Kralingen West (633),Groot IJsselmonde (912),552,6879
P633,P920,Kralingen West (633),Lombardijen (920),834,9609
P633,P930,Kralingen West (633),Groot IJsselmonde (930),744,8676
P633,P950,Kralingen West (633),Groot IJsselmonde (950),609,7427
P633,P960,Kralingen West (633),Oud IJsselmonde (960),500,6401
P633,P980,Kralingen West (633),Groot IJsselmonde (980),732,11328
P634,P10,Kralingen West (634),Stadsdriehoek (10),282,2153
P634,P11,Kralingen West (634),Stadsdriehoek (11),369,2924
P634,P20,Kralingen West (634),Stadsdriehoek (20),256,1970
P634,P21,Kralingen West (634),Stadsdriehoek (21),322,2951
P634,P30,Kralingen West (634),Cool (30),417,3754
P634,P31,Kralingen West (634),Cool (31),406,3616
P634,P40,Kralingen West (634),Cool (40),405,3892
P634,P41,Kralingen West (634),Stadsdriehoek (41),423,3388
P634,P42,Kralingen West (634),Dijkzigt (42),461,4128
P634,P50,Kralingen West (634),Oude Westen (50),452,3995
P634,P51,Kralingen West (634),Dijkzigt (51),410,3756
P634,P60,Kralingen West (634),Cool (60),607,5853
P634,P120,Kralingen West (634),Nieuwe Werk (120),566,5051
P634,P121,Kralingen West (634),Nieuwe Werk (121),470,4394
P634,P200,Kralingen West (634),Carnisse (200),781,7663
P634,P201,Kralingen West (634),Zuidplein (201),790,7673
P634,P202,Kralingen West (634),Carnisse (202),789,7608
P634,P210,Kralingen West (634),Onbekend (210),892,9015
P634,P220,Kralingen West (634),Charlois Zuidrand (220),1018,10326
P634,P230,Kralingen West (634),Tarwewijk (230),757,7049
P634,P232,Kralingen West (634),Bloemhof (232),690,6742
P634,P240,Kralingen West (634),Tarwewijk (240),682,6513
P634,P250,Kralingen West (634),Oud Charlois (250),783,7646
P634,P260,Kralingen West (634),Oud Charlois (260),875,8404
P634,P270,Kralingen West (634),Wielewaal (270),984,9157
P634,P280,Kralingen West (634),Pendrecht (280),952,9463
P634,P282,Kralingen West (634),Zuiderpark (282),882,8841
P634,P290,Kralingen West (634),Zuidwijk (290),953,9380
P634,P300,Kralingen West (634),Hillesluis (300),700,6452
P634,P301,Kralingen West (634),Hillesluis (301),682,6370
P634,P310,Kralingen West (634),Vreewijk (310),864,8540
P634,P311,Kralingen West (634),Vreewijk (311),834,9481
P634,P320,Kralingen West (634),Kop van Zuid - Entrepot (320),564,4983
P634,P322,Kralingen West (634),Kop van Zuid - Entrepot (322),493,4460
P634,P323,Kralingen West (634),Kop van Zuid (323),490,4819
P634,P330,Kralingen West (634),Afrikaanderwijk (330),649,6056
P634,P331,Kralingen West (634),Afrikaanderwijk (331),582,5571
P634,P340,Kralingen West (634),Bloemhof (340),709,6583
P634,P341,Kralingen West (634),Hillesluis (341),756,8650
P634,P350,Kralingen West (634),Katendrecht (350),680,6209
P634,P370,Kralingen West (634),Noordereiland (370),444,4016
P634,P380,Kralingen West (634),Feijenoord (380),591,5189
P634,P400,Kralingen West (634),Oosterflank (400),588,5937
P634,P410,Kralingen West (634),'s-Gravenland (410),495,4116
P634,P500,Kralingen West (634),Middelland (500),536,4890
P634,P501,Kralingen West (634),Middelland (501),543,4885
P634,P502,Kralingen West (634),Dijkzigt (502),529,5093
P634,P503,Kralingen West (634),Middelland (503),546,4948
P634,P504,Kralingen West (634),Middelland (504),608,4985
P634,P510,Kralingen West (634),Tussendijken (510),726,6120
P634,P511,Kralingen West (634),Tussendijken (511),771,9827
P634,P513,Kralingen West (634),Tussendijken (513),760,6652
P634,P520,Kralingen West (634),Onbekend (520),783,10218
P634,P530,Kralingen West (634),Nieuwe Westen (530),605,5460
P634,P531,Kralingen West (634),Nieuwe Westen (531),700,6300
P634,P532,Kralingen West (634),Nieuwe Westen (532),820,8383
P634,P540,Kralingen West (634),Delfshaven (540),585,5272
P634,P560,Kralingen West (634),Schiemond (560),617,5776
P634,P570,Kralingen West (634),Oud Mathenesse (570),702,9176
P634,P580,Kralingen West (634),Schiemond (580),697,6343
P634,P581,Kralingen West (634),Bospolder (581),747,7225
P634,P600,Kralingen West (634),Struisenburg (600),232,1981
P634,P610,Kralingen West (634),Rubroek (610),243,1896
P634,P620,Kralingen West (634),De Esch (620),406,3541
P634,P630,Kralingen West (634),Kralingen West (630),188,1362
P634,P633,Kralingen West (634),Kralingen West (633),87,735
P634,P634,Kralingen West (634),Kralingen West (634),95,0
P634,P640,Kralingen West (634),De Esch (640),451,4544
P634,P650,Kralingen West (634),Nieuw Crooswijk (650),214,1909
P634,P651,Kralingen West (634),Oud Crooswijk (651),231,2121
P634,P660,Kralingen West (634),Kralingen Oost (660),303,2980
P634,P670,Kralingen West (634),Nieuw Crooswijk (670),225,1705
P634,P680,Kralingen West (634),Nieuw Crooswijk (680),225,2156
P634,P690,Kralingen West (634),Kralingen Oost (690),296,2876
P634,P700,Kralingen West (634),Provenierswijk (700),440,4260
P634,P710,Kralingen West (634),Agniesebuurt (710),398,3269
P634,P712,Kralingen West (634),Stadsdriehoek (712),355,3105
P634,P720,Kralingen West (634),Blijdorp (720),488,4945
P634,P721,Kralingen West (634),Blijdorp (721),463,4457
P634,P723,Kralingen West (634),Bergpolder (723),434,4442
P634,P724,Kralingen West (634),Blijdorp (724),511,5575
P634,P730,Kralingen West (634),Blijdorp (730),501,4690
P634,P740,Kralingen West (634),Blijdorp (740),513,4843
P634,P750,Kralingen West (634),Oude Noorden (750),391,3569
P634,P751,Kralingen West (634),Oude Noorden (751),318,3068
P634,P753,Kralingen West (634),Oude Noorden (753),316,2895
P634,P760,Kralingen West (634),Liskwartier (760),368,3433
P634,P800,Kralingen West (634),Hillegersberg Noord (800),431,3868
P634,P801,Kralingen West (634),Hillegersberg Zuid (801),367,3354
P634,P811,Kralingen West (634),Hillegersberg Noord (811),552,5070
P634,P812,Kralingen West (634),Hillegersberg Noord (812),477,4577
P634,P900,Kralingen West (634),Oud IJsselmonde (900),616,7654
P634,P910,Kralingen West (634),Groot IJsselmonde (910),681,8197
P634,P912,Kralingen West (634),Groot IJsselmonde (912),586,7283
P634,P920,Kralingen West (634),Lombardijen (920),858,10012
P634,P930,Kralingen West (634),Groot IJsselmonde (930),767,8897
P634,P950,Kralingen West (634),Groot IJsselmonde (950),635,7836
P634,P960,Kralingen West (634),Oud IJsselmonde (960),535,6804
P634,P980,Kralingen West (634),Groot IJsselmonde (980),766,11732
P640,P10,De Esch (640),Stadsdriehoek (10),412,4075
P640,P11,De Esch (640),Stadsdriehoek (11),563,4964
P640,P20,De Esch (640),Stadsdriehoek (20),358,3599
P640,P21,De Esch (640),Stadsdriehoek (21),455,4533
P640,P30,De Esch (640),Cool (30),584,5816
P640,P31,De Esch (640),Cool (31),560,5695
P640,P40,De Esch (640),Cool (40),505,5128
P640,P41,De Esch (640),Stadsdriehoek (41),659,5451
P640,P42,De Esch (640),Dijkzigt (42),581,5840
P640,P50,De Esch (640),Oude Westen (50),587,5911
P640,P51,De Esch (640),Dijkzigt (51),555,5672
P640,P60,De Esch (640),Cool (60),762,7741
P640,P120,De Esch (640),Nieuwe Werk (120),758,6839
P640,P121,De Esch (640),Nieuwe Werk (121),566,5585
P640,P200,De Esch (640),Carnisse (200),805,9163
P640,P201,De Esch (640),Zuidplein (201),736,8560
P640,P202,De Esch (640),Carnisse (202),734,8563
P640,P210,De Esch (640),Onbekend (210),952,11354
P640,P220,De Esch (640),Charlois Zuidrand (220),840,16337
P640,P230,De Esch (640),Tarwewijk (230),764,8988
P640,P232,De Esch (640),Bloemhof (232),647,8078
P640,P240,De Esch (640),Tarwewijk (240),749,8465
P640,P250,De Esch (640),Oud Charlois (250),887,10096
P640,P260,De Esch (640),Oud Charlois (260),933,10994
P640,P270,De Esch (640),Wielewaal (270),1062,11553
P640,P280,De Esch (640),Pendrecht (280),941,10825
P640,P282,De Esch (640),Zuiderpark (282),849,10076
P640,P290,De Esch (640),Zuidwijk (290),824,10470
P640,P300,De Esch (640),Hillesluis (300),596,7106
P640,P301,De Esch (640),Hillesluis (301),578,6991
P640,P310,De Esch (640),Vreewijk (310),685,7819
P640,P311,De Esch (640),Vreewijk (311),630,7230
P640,P320,De Esch (640),Kop van Zuid - Entrepot (320),614,7536
P640,P322,De Esch (640),Kop van Zuid - Entrepot (322),590,5862
P640,P323,De Esch (640),Kop van Zuid (323),586,5991
P640,P330,De Esch (640),Afrikaanderwijk (330),635,7534
P640,P331,De Esch (640),Afrikaanderwijk (331),660,7752
P640,P340,De Esch (640),Bloemhof (340),665,7760
P640,P341,De Esch (640),Hillesluis (341),564,6939
P640,P350,De Esch (640),Katendrecht (350),797,7465
P640,P370,De Esch (640),Noordereiland (370),554,5475
P640,P380,De Esch (640),Feijenoord (380),626,7361
P640,P400,De Esch (640),Oosterflank (400),568,7488
P640,P410,De Esch (640),'s-Gravenland (410),452,3840
P640,P500,De Esch (640),Middelland (500),679,6806
P640,P501,De Esch (640),Middelland (501),699,7114
P640,P502,De Esch (640),Dijkzigt (502),625,6269
P640,P503,De Esch (640),Middelland (503),681,6864
P640,P504,De Esch (640),Middelland (504),737,6901
P640,P510,De Esch (640),Tussendijken (510),877,8163
P640,P511,De Esch (640),Tussendijken (511),933,8503
P640,P513,De Esch (640),Tussendijken (513),888,8602
P640,P520,De Esch (640),Onbekend (520),934,9435
P640,P530,De Esch (640),Nieuwe Westen (530),762,7376
P640,P531,De Esch (640),Nieuwe Westen (531),834,8235
P640,P532,De Esch (640),Nieuwe Westen (532),1040,9093
P640,P540,De Esch (640),Delfshaven (540),701,7122
P640,P560,De Esch (640),Schiemond (560),744,7137
P640,P570,De Esch (640),Oud Mathenesse (570),978,15927
P640,P580,De Esch (640),Schiemond (580),793,7516
P640,P581,De Esch (640),Bospolder (581),848,8460
P640,P600,De Esch (640),Struisenburg (600),313,2663
P640,P610,De Esch (640),Rubroek (610),528,4893
P640,P620,De Esch (640),De Esch (620),140,1136
P640,P630,De Esch (640),Kralingen West (630),396,3803
P640,P633,De Esch (640),Kralingen West (633),406,4371
P640,P634,De Esch (640),Kralingen West (634),451,4553
P640,P640,De Esch (640),De Esch (640),79,0
P640,P650,De Esch (640),Nieuw Crooswijk (650),602,6115
P640,P651,De Esch (640),Oud Crooswijk (651),552,5431
P640,P660,De Esch (640),Kralingen Oost (660),150,1583
P640,P670,De Esch (640),Nieuw Crooswijk (670),611,5819
P640,P680,De Esch (640),Nieuw Crooswijk (680),620,6345
P640,P690,De Esch (640),Kralingen Oost (690),247,2529
P640,P700,De Esch (640),Provenierswijk (700),713,6674
P640,P710,De Esch (640),Agniesebuurt (710),620,5670
P640,P712,De Esch (640),Stadsdriehoek (712),541,5140
P640,P720,De Esch (640),Blijdorp (720),734,8243
P640,P721,De Esch (640),Blijdorp (721),726,6625
P640,P723,De Esch (640),Bergpolder (723),692,6609
P640,P724,De Esch (640),Blijdorp (724),748,12248
P640,P730,De Esch (640),Blijdorp (730),737,6693
P640,P740,De Esch (640),Blijdorp (740),743,6976
P640,P750,De Esch (640),Oude Noorden (750),758,6502
P640,P751,De Esch (640),Oude Noorden (751),648,6713
P640,P753,De Esch (640),Oude Noorden (753),650,6540
P640,P760,De Esch (640),Liskwartier (760),703,7089
P640,P800,De Esch (640),Hillegersberg Noord (800),896,8683
P640,P801,De Esch (640),Hillegersberg Zuid (801),723,7420
P640,P811,De Esch (640),Hillegersberg Noord (811),764,9696
P640,P812,De Esch (640),Hillegersberg Noord (812),795,9966
P640,P900,De Esch (640),Oud IJsselmonde (900),424,5484
P640,P910,De Esch (640),Groot IJsselmonde (910),489,6027
P640,P912,De Esch (640),Groot IJsselmonde (912),383,5022
P640,P920,De Esch (640),Lombardijen (920),666,7785
P640,P930,De Esch (640),Groot IJsselmonde (930),576,6923
P640,P950,De Esch (640),Groot IJsselmonde (950),440,5610
P640,P960,De Esch (640),Oud IJsselmonde (960),332,4608
P640,P980,De Esch (640),Groot IJsselmonde (980),563,9489
P650,P10,Nieuw Crooswijk (650),Stadsdriehoek (10),257,1946
P650,P11,Nieuw Crooswijk (650),Stadsdriehoek (11),295,2399
P650,P20,Nieuw Crooswijk (650),Stadsdriehoek (20),251,2022
P650,P21,Nieuw Crooswijk (650),Stadsdriehoek (21),338,2821
P650,P30,Nieuw Crooswijk (650),Cool (30),342,2779
P650,P31,Nieuw Crooswijk (650),Cool (31),401,3674
P650,P40,Nieuw Crooswijk (650),Cool (40),407,3547
P650,P41,Nieuw Crooswijk (650),Stadsdriehoek (41),402,3492
P650,P42,Nieuw Crooswijk (650),Dijkzigt (42),468,4324
P650,P50,Nieuw Crooswijk (650),Oude Westen (50),440,4041
P650,P51,Nieuw Crooswijk (650),Dijkzigt (51),408,3727
P650,P60,Nieuw Crooswijk (650),Cool (60),522,4706
P650,P120,Nieuw Crooswijk (650),Nieuwe Werk (120),563,4806
P650,P121,Nieuw Crooswijk (650),Nieuwe Werk (121),486,4380
P650,P200,Nieuw Crooswijk (650),Carnisse (200),803,7580
P650,P201,Nieuw Crooswijk (650),Zuidplein (201),805,7688
P650,P202,Nieuw Crooswijk (650),Carnisse (202),804,7616
P650,P210,Nieuw Crooswijk (650),Onbekend (210),910,8932
P650,P220,Nieuw Crooswijk (650),Charlois Zuidrand (220),1018,10134
P650,P230,Nieuw Crooswijk (650),Tarwewijk (230),760,7038
P650,P232,Nieuw Crooswijk (650),Bloemhof (232),684,6491
P650,P240,Nieuw Crooswijk (650),Tarwewijk (240),727,6439
P650,P250,Nieuw Crooswijk (650),Oud Charlois (250),804,7534
P650,P260,Nieuw Crooswijk (650),Oud Charlois (260),873,8253
P650,P270,Nieuw Crooswijk (650),Wielewaal (270),982,9068
P650,P280,Nieuw Crooswijk (650),Pendrecht (280),950,9380
P650,P282,Nieuw Crooswijk (650),Zuiderpark (282),894,8784
P650,P290,Nieuw Crooswijk (650),Zuidwijk (290),970,9394
P650,P300,Nieuw Crooswijk (650),Hillesluis (300),702,6423
P650,P301,Nieuw Crooswijk (650),Hillesluis (301),669,6231
P650,P310,Nieuw Crooswijk (650),Vreewijk (310),890,8493
P650,P311,Nieuw Crooswijk (650),Vreewijk (311),890,8618
P650,P320,Nieuw Crooswijk (650),Kop van Zuid - Entrepot (320),559,4920
P650,P322,Nieuw Crooswijk (650),Kop van Zuid - Entrepot (322),481,4398
P650,P323,Nieuw Crooswijk (650),Kop van Zuid (323),499,4834
P650,P330,Nieuw Crooswijk (650),Afrikaanderwijk (330),641,5721
P650,P331,Nieuw Crooswijk (650),Afrikaanderwijk (331),601,5586
P650,P340,Nieuw Crooswijk (650),Bloemhof (340),736,6543
P650,P341,Nieuw Crooswijk (650),Hillesluis (341),770,6829
P650,P350,Nieuw Crooswijk (650),Katendrecht (350),710,6224
P650,P370,Nieuw Crooswijk (650),Noordereiland (370),444,3953
P650,P380,Nieuw Crooswijk (650),Feijenoord (380),578,5066
P650,P400,Nieuw Crooswijk (650),Oosterflank (400),510,5481
P650,P410,Nieuw Crooswijk (650),'s-Gravenland (410),620,5490
P650,P500,Nieuw Crooswijk (650),Middelland (500),526,4838
P650,P501,Nieuw Crooswijk (650),Middelland (501),495,4423
P650,P502,Nieuw Crooswijk (650),Dijkzigt (502),528,4902
P650,P503,Nieuw Crooswijk (650),Middelland (503),534,4990
P650,P504,Nieuw Crooswijk (650),Middelland (504),563,4795
P650,P510,Nieuw Crooswijk (650),Tussendijken (510),707,6017
P650,P511,Nieuw Crooswijk (650),Tussendijken (511),729,9392
P650,P513,Nieuw Crooswijk (650),Tussendijken (513),701,5412
P650,P520,Nieuw Crooswijk (650),Onbekend (520),747,9869
P650,P530,Nieuw Crooswijk (650),Nieuwe Westen (530),613,5408
P650,P531,Nieuw Crooswijk (650),Nieuwe Westen (531),617,5066
P650,P532,Nieuw Crooswijk (650),Nieuwe Westen (532),786,7642
P650,P540,Nieuw Crooswijk (650),Delfshaven (540),564,5337
P650,P560,Nieuw Crooswijk (650),Schiemond (560),633,5735
P650,P570,Nieuw Crooswijk (650),Oud Mathenesse (570),639,8708
P650,P580,Nieuw Crooswijk (650),Schiemond (580),698,6302
P650,P581,Nieuw Crooswijk (650),Bospolder (581),740,9538
P650,P600,Nieuw Crooswijk (650),Struisenburg (600),348,2940
P650,P610,Nieuw Crooswijk (650),Rubroek (610),183,1403
P650,P620,Nieuw Crooswijk (650),De Esch (620),528,4482
P650,P630,Nieuw Crooswijk (650),Kralingen West (630),274,2244
P650,P633,Nieuw Crooswijk (650),Kralingen West (633),171,1741
P650,P634,Nieuw Crooswijk (650),Kralingen West (634),178,1548
P650,P640,Nieuw Crooswijk (650),De Esch (640),547,5699
P650,P650,Nieuw Crooswijk (650),Nieuw Crooswijk (650),56,0
P650,P651,Nieuw Crooswijk (650),Oud Crooswijk (651),124,857
P650,P660,Nieuw Crooswijk (650),Kralingen Oost (660),441,4504
P650,P670,Nieuw Crooswijk (650),Nieuw Crooswijk (670),159,1203
P650,P680,Nieuw Crooswijk (650),Nieuw Crooswijk (680),178,1420
P650,P690,Nieuw Crooswijk (650),Kralingen Oost (690),412,4051
P650,P700,Nieuw Crooswijk (650),Provenierswijk (700),319,2805
P650,P710,Nieuw Crooswijk (650),Agniesebuurt (710),281,2078
P650,P712,Nieuw Crooswijk (650),Stadsdriehoek (712),249,2283
P650,P720,Nieuw Crooswijk (650),Blijdorp (720),383,3349
P650,P721,Nieuw Crooswijk (650),Blijdorp (721),342,3016
P650,P723,Nieuw Crooswijk (650),Bergpolder (723),317,3000
P650,P724,Nieuw Crooswijk (650),Blijdorp (724),438,5040
P650,P730,Nieuw Crooswijk (650),Blijdorp (730),372,3111
P650,P740,Nieuw Crooswijk (650),Blijdorp (740),387,3485
P650,P750,Nieuw Crooswijk (650),Oude Noorden (750),267,2167
P650,P751,Nieuw Crooswijk (650),Oude Noorden (751),196,1722
P650,P753,Nieuw Crooswijk (650),Oude Noorden (753),190,1463
P650,P760,Nieuw Crooswijk (650),Liskwartier (760),240,2012
P650,P800,Nieuw Crooswijk (650),Hillegersberg Noord (800),337,3091
P650,P801,Nieuw Crooswijk (650),Hillegersberg Zuid (801),273,2698
P650,P811,Nieuw Crooswijk (650),Hillegersberg Noord (811),460,4413
P650,P812,Nieuw Crooswijk (650),Hillegersberg Noord (812),383,3920
P650,P900,Nieuw Crooswijk (650),Oud IJsselmonde (900),727,11127
P650,P910,Nieuw Crooswijk (650),Groot IJsselmonde (910),792,11670
P650,P912,Nieuw Crooswijk (650),Groot IJsselmonde (912),700,10756
P650,P920,Nieuw Crooswijk (650),Lombardijen (920),960,9232
P650,P930,Nieuw Crooswijk (650),Groot IJsselmonde (930),876,12499
P650,P950,Nieuw Crooswijk (650),Groot IJsselmonde (950),742,11309
P650,P960,Nieuw Crooswijk (650),Oud IJsselmonde (960),648,10335
P650,P980,Nieuw Crooswijk (650),Groot IJsselmonde (980),879,15202
P651,P10,Oud Crooswijk (651),Stadsdriehoek (10),205,1670
P651,P11,Oud Crooswijk (651),Stadsdriehoek (11),216,1631
P651,P20,Oud Crooswijk (651),Stadsdriehoek (20),259,2417
P651,P21,Oud Crooswijk (651),Stadsdriehoek (21),257,2201
P651,P30,Oud Crooswijk (651),Cool (30),262,2011
P651,P31,Oud Crooswijk (651),Cool (31),326,3076
P651,P40,Oud Crooswijk (651),Cool (40),345,3034
P651,P41,Oud Crooswijk (651),Stadsdriehoek (41),330,2894
P651,P42,Oud Crooswijk (651),Dijkzigt (42),406,3754
P651,P50,Oud Crooswijk (651),Oude Westen (50),377,3466
P651,P51,Oud Crooswijk (651),Dijkzigt (51),334,3138
P651,P60,Oud Crooswijk (651),Cool (60),504,4437
P651,P120,Oud Crooswijk (651),Nieuwe Werk (120),497,4236
P651,P121,Oud Crooswijk (651),Nieuwe Werk (121),427,3816
P651,P200,Oud Crooswijk (651),Carnisse (200),721,6982
P651,P201,Oud Crooswijk (651),Zuidplein (201),740,7078
P651,P202,Oud Crooswijk (651),Carnisse (202),738,7025
P651,P210,Oud Crooswijk (651),Onbekend (210),832,8334
P651,P220,Oud Crooswijk (651),Charlois Zuidrand (220),957,9645
P651,P230,Oud Crooswijk (651),Tarwewijk (230),703,6440
P651,P232,Oud Crooswijk (651),Bloemhof (232),607,5892
P651,P240,Oud Crooswijk (651),Tarwewijk (240),670,5930
P651,P250,Oud Crooswijk (651),Oud Charlois (250),722,6965
P651,P260,Oud Crooswijk (651),Oud Charlois (260),815,7723
P651,P270,Oud Crooswijk (651),Wielewaal (270),922,8476
P651,P280,Oud Crooswijk (651),Pendrecht (280),890,8782
P651,P282,Oud Crooswijk (651),Zuiderpark (282),820,8164
P651,P290,Oud Crooswijk (651),Zuidwijk (290),902,8796
P651,P300,Oud Crooswijk (651),Hillesluis (300),633,5825
P651,P301,Oud Crooswijk (651),Hillesluis (301),606,5689
P651,P310,Oud Crooswijk (651),Vreewijk (310),826,7956
P651,P311,Oud Crooswijk (651),Vreewijk (311),831,8031
P651,P320,Oud Crooswijk (651),Kop van Zuid - Entrepot (320),491,4322
P651,P322,Oud Crooswijk (651),Kop van Zuid - Entrepot (322),420,3800
P651,P323,Oud Crooswijk (651),Kop van Zuid (323),440,4233
P651,P330,Oud Crooswijk (651),Afrikaanderwijk (330),585,5248
P651,P331,Oud Crooswijk (651),Afrikaanderwijk (331),533,4988
P651,P340,Oud Crooswijk (651),Bloemhof (340),658,5928
P651,P341,Oud Crooswijk (651),Hillesluis (341),691,6231
P651,P350,Oud Crooswijk (651),Katendrecht (350),632,5626
P651,P370,Oud Crooswijk (651),Noordereiland (370),374,3355
P651,P380,Oud Crooswijk (651),Feijenoord (380),519,4452
P651,P400,Oud Crooswijk (651),Oosterflank (400),597,6373
P651,P410,Oud Crooswijk (651),'s-Gravenland (410),666,6067
P651,P500,Oud Crooswijk (651),Middelland (500),470,4409
P651,P501,Oud Crooswijk (651),Middelland (501),436,3834
P651,P502,Oud Crooswijk (651),Dijkzigt (502),469,4403
P651,P503,Oud Crooswijk (651),Middelland (503),470,4406
P651,P504,Oud Crooswijk (651),Middelland (504),528,4465
P651,P510,Oud Crooswijk (651),Tussendijken (510),652,5625
P651,P511,Oud Crooswijk (651),Tussendijken (511),726,6120
P651,P513,Oud Crooswijk (651),Tussendijken (513),658,5105
P651,P520,Oud Crooswijk (651),Onbekend (520),767,7583
P651,P530,Oud Crooswijk (651),Nieuwe Westen (530),556,4973
P651,P531,Oud Crooswijk (651),Nieuwe Westen (531),585,4744
P651,P532,Oud Crooswijk (651),Nieuwe Westen (532),774,5980
P651,P540,Oud Crooswijk (651),Delfshaven (540),505,4778
P651,P560,Oud Crooswijk (651),Schiemond (560),558,5137
P651,P570,Oud Crooswijk (651),Oud Mathenesse (570),669,9016
P651,P580,Oud Crooswijk (651),Schiemond (580),639,5704
P651,P581,Oud Crooswijk (651),Bospolder (581),694,6586
P651,P600,Oud Crooswijk (651),Struisenburg (600),367,3204
P651,P610,Oud Crooswijk (651),Rubroek (610),168,1225
P651,P620,Oud Crooswijk (651),De Esch (620),543,4827
P651,P630,Oud Crooswijk (651),Kralingen West (630),319,2757
P651,P633,Oud Crooswijk (651),Kralingen West (633),218,2093
P651,P634,Oud Crooswijk (651),Kralingen West (634),252,2440
P651,P640,Oud Crooswijk (651),De Esch (640),562,5516
P651,P650,Oud Crooswijk (651),Nieuw Crooswijk (650),148,1144
P651,P651,Oud Crooswijk (651),Oud Crooswijk (651),30,0
P651,P660,Oud Crooswijk (651),Kralingen Oost (660),480,4948
P651,P670,Oud Crooswijk (651),Nieuw Crooswijk (670),248,2083
P651,P680,Oud Crooswijk (651),Nieuw Crooswijk (680),263,2448
P651,P690,Oud Crooswijk (651),Kralingen Oost (690),470,4693
P651,P700,Oud Crooswijk (651),Provenierswijk (700),288,2477
P651,P710,Oud Crooswijk (651),Agniesebuurt (710),202,1310
P651,P712,Oud Crooswijk (651),Stadsdriehoek (712),173,1534
P651,P720,Oud Crooswijk (651),Blijdorp (720),352,3056
P651,P721,Oud Crooswijk (651),Blijdorp (721),311,2746
P651,P723,Oud Crooswijk (651),Bergpolder (723),301,2731
P651,P724,Oud Crooswijk (651),Blijdorp (724),431,4228
P651,P730,Oud Crooswijk (651),Blijdorp (730),323,2764
P651,P740,Oud Crooswijk (651),Blijdorp (740),347,3182
P651,P750,Oud Crooswijk (651),Oude Noorden (750),236,1898
P651,P751,Oud Crooswijk (651),Oude Noorden (751),164,1398
P651,P753,Oud Crooswijk (651),Oude Noorden (753),159,1193
P651,P760,Oud Crooswijk (651),Liskwartier (760),224,1742
P651,P800,Oud Crooswijk (651),Hillegersberg Noord (800),310,2788
P651,P801,Oud Crooswijk (651),Hillegersberg Zuid (801),248,2395
P651,P811,Oud Crooswijk (651),Hillegersberg Noord (811),431,4105
P651,P812,Oud Crooswijk (651),Hillegersberg Noord (812),357,3599
P651,P900,Oud Crooswijk (651),Oud IJsselmonde (900),690,6385
P651,P910,Oud Crooswijk (651),Groot IJsselmonde (910),802,7835
P651,P912,Oud Crooswijk (651),Groot IJsselmonde (912),746,8591
P651,P920,Oud Crooswijk (651),Lombardijen (920),901,8634
P651,P930,Oud Crooswijk (651),Groot IJsselmonde (930),910,9102
P651,P950,Oud Crooswijk (651),Groot IJsselmonde (950),801,9144
P651,P960,Oud Crooswijk (651),Oud IJsselmonde (960),694,8112
P651,P980,Oud Crooswijk (651),Groot IJsselmonde (980),924,13040
P660,P10,Kralingen Oost (660),Stadsdriehoek (10),354,3428
P660,P11,Kralingen Oost (660),Stadsdriehoek (11),485,4317
P660,P20,Kralingen Oost (660),Stadsdriehoek (20),301,2952
P660,P21,Kralingen Oost (660),Stadsdriehoek (21),389,3886
P660,P30,Kralingen Oost (660),Cool (30),527,5169
P660,P31,Kralingen Oost (660),Cool (31),502,5048
P660,P40,Kralingen Oost (660),Cool (40),447,4477
P660,P41,Kralingen Oost (660),Stadsdriehoek (41),511,4804
P660,P42,Kralingen Oost (660),Dijkzigt (42),523,5193
P660,P50,Kralingen Oost (660),Oude Westen (50),529,5264
P660,P51,Kralingen Oost (660),Dijkzigt (51),497,5025
P660,P60,Kralingen Oost (660),Cool (60),698,7091
P660,P120,Kralingen Oost (660),Nieuwe Werk (120),609,5811
P660,P121,Kralingen Oost (660),Nieuwe Werk (121),504,4938
P660,P200,Kralingen Oost (660),Carnisse (200),773,8706
P660,P201,Kralingen Oost (660),Zuidplein (201),704,8103
P660,P202,Kralingen Oost (660),Carnisse (202),702,8106
P660,P210,Kralingen Oost (660),Onbekend (210),920,10896
P660,P220,Kralingen Oost (660),Charlois Zuidrand (220),808,15880
P660,P230,Kralingen Oost (660),Tarwewijk (230),728,8531
P660,P232,Kralingen Oost (660),Bloemhof (232),616,7621
P660,P240,Kralingen Oost (660),Tarwewijk (240),712,8008
P660,P250,Kralingen Oost (660),Oud Charlois (250),848,8295
P660,P260,Kralingen Oost (660),Oud Charlois (260),902,10536
P660,P270,Kralingen Oost (660),Wielewaal (270),1023,9752
P660,P280,Kralingen Oost (660),Pendrecht (280),904,10368
P660,P282,Kralingen Oost (660),Zuiderpark (282),818,9615
P660,P290,Kralingen Oost (660),Zuidwijk (290),793,9148
P660,P300,Kralingen Oost (660),Hillesluis (300),560,6648
P660,P301,Kralingen Oost (660),Hillesluis (301),542,6531
P660,P310,Kralingen Oost (660),Vreewijk (310),654,7362
P660,P311,Kralingen Oost (660),Vreewijk (311),595,6773
P660,P320,Kralingen Oost (660),Kop van Zuid - Entrepot (320),578,7078
P660,P322,Kralingen Oost (660),Kop van Zuid - Entrepot (322),532,5215
P660,P323,Kralingen Oost (660),Kop van Zuid (323),523,5341
P660,P330,Kralingen Oost (660),Afrikaanderwijk (330),604,7077
P660,P331,Kralingen Oost (660),Afrikaanderwijk (331),614,6682
P660,P340,Kralingen Oost (660),Bloemhof (340),630,7303
P660,P341,Kralingen Oost (660),Hillesluis (341),533,6482
P660,P350,Kralingen Oost (660),Katendrecht (350),739,6818
P660,P370,Kralingen Oost (660),Noordereiland (370),496,4828
P660,P380,Kralingen Oost (660),Feijenoord (380),595,6904
P660,P400,Kralingen Oost (660),Oosterflank (400),504,6145
P660,P410,Kralingen Oost (660),'s-Gravenland (410),334,2633
P660,P500,Kralingen Oost (660),Middelland (500),616,6159
P660,P501,Kralingen Oost (660),Middelland (501),633,6171
P660,P502,Kralingen Oost (660),Dijkzigt (502),564,5622
P660,P503,Kralingen Oost (660),Middelland (503),623,6217
P660,P504,Kralingen Oost (660),Middelland (504),679,6254
P660,P510,Kralingen Oost (660),Tussendijken (510),814,7516
P660,P511,Kralingen Oost (660),Tussendijken (511),869,7852
P660,P513,Kralingen Oost (660),Tussendijken (513),826,7955
P660,P520,Kralingen Oost (660),Onbekend (520),876,8788
P660,P530,Kralingen Oost (660),Nieuwe Westen (530),699,6729
P660,P531,Kralingen Oost (660),Nieuwe Westen (531),776,7485
P660,P532,Kralingen Oost (660),Nieuwe Westen (532),980,8446
P660,P540,Kralingen Oost (660),Delfshaven (540),638,6475
P660,P560,Kralingen Oost (660),Schiemond (560),686,6490
P660,P570,Kralingen Oost (660),Oud Mathenesse (570),882,14422
P660,P580,Kralingen Oost (660),Schiemond (580),730,6869
P660,P581,Kralingen Oost (660),Bospolder (581),790,7814
P660,P600,Kralingen Oost (660),Struisenburg (600),255,2016
P660,P610,Kralingen Oost (660),Rubroek (610),442,4250
P660,P620,Kralingen Oost (660),De Esch (620),181,1556
P660,P630,Kralingen Oost (660),Kralingen West (630),313,3145
P660,P633,Kralingen Oost (660),Kralingen West (633),246,2606
P660,P634,Kralingen Oost (660),Kralingen West (634),309,3098
P660,P640,Kralingen Oost (660),De Esch (640),197,2057
P660,P650,Kralingen Oost (660),Nieuw Crooswijk (650),427,4398
P660,P651,Kralingen Oost (660),Oud Crooswijk (651),440,4314
P660,P660,Kralingen Oost (660),Kralingen Oost (660),19,0
P660,P670,Kralingen Oost (660),Nieuw Crooswijk (670),480,4495
P660,P680,Kralingen Oost (660),Nieuw Crooswijk (680),496,4776
P660,P690,Kralingen Oost (660),Kralingen Oost (690),134,1316
P660,P700,Kralingen Oost (660),Provenierswijk (700),650,6526
P660,P710,Kralingen Oost (660),Agniesebuurt (710),563,5024
P660,P712,Kralingen Oost (660),Stadsdriehoek (712),483,4493
P660,P720,Kralingen Oost (660),Blijdorp (720),661,7134
P660,P721,Kralingen Oost (660),Blijdorp (721),636,5978
P660,P723,Kralingen Oost (660),Bergpolder (723),629,5962
P660,P724,Kralingen Oost (660),Blijdorp (724),684,10833
P660,P730,Kralingen Oost (660),Blijdorp (730),679,6046
P660,P740,Kralingen Oost (660),Blijdorp (740),685,6326
P660,P750,Kralingen Oost (660),Oude Noorden (750),601,6003
P660,P751,Kralingen Oost (660),Oude Noorden (751),531,5504
P660,P753,Kralingen Oost (660),Oude Noorden (753),523,5326
P660,P760,Kralingen Oost (660),Liskwartier (760),590,5867
P660,P800,Kralingen Oost (660),Hillegersberg Noord (800),672,6528
P660,P801,Kralingen Oost (660),Hillegersberg Zuid (801),611,6212
P660,P811,Kralingen Oost (660),Hillegersberg Noord (811),685,6835
P660,P812,Kralingen Oost (660),Hillegersberg Noord (812),717,7275
P660,P900,Kralingen Oost (660),Oud IJsselmonde (900),393,5027
P660,P910,Kralingen Oost (660),Groot IJsselmonde (910),458,5570
P660,P912,Kralingen Oost (660),Groot IJsselmonde (912),351,4564
P660,P920,Kralingen Oost (660),Lombardijen (920),635,7328
P660,P930,Kralingen Oost (660),Groot IJsselmonde (930),544,6466
P660,P950,Kralingen Oost (660),Groot IJsselmonde (950),408,5153
P660,P960,Kralingen Oost (660),Oud IJsselmonde (960),301,4151
P660,P980,Kralingen Oost (660),Groot IJsselmonde (980),529,9032
P670,P10,Nieuw Crooswijk (670),Stadsdriehoek (10),326,2549
P670,P11,Nieuw Crooswijk (670),Stadsdriehoek (11),391,3379
P670,P20,Nieuw Crooswijk (670),Stadsdriehoek (20),320,2631
P670,P21,Nieuw Crooswijk (670),Stadsdriehoek (21),414,3378
P670,P30,Nieuw Crooswijk (670),Cool (30),438,3759
P670,P31,Nieuw Crooswijk (670),Cool (31),476,4156
P670,P40,Nieuw Crooswijk (670),Cool (40),487,4103
P670,P41,Nieuw Crooswijk (670),Stadsdriehoek (41),478,3963
P670,P42,Nieuw Crooswijk (670),Dijkzigt (42),544,4795
P670,P50,Nieuw Crooswijk (670),Oude Westen (50),514,4512
P670,P51,Nieuw Crooswijk (670),Dijkzigt (51),477,4269
P670,P60,Nieuw Crooswijk (670),Cool (60),604,5711
P670,P120,Nieuw Crooswijk (670),Nieuwe Werk (120),639,5277
P670,P121,Nieuw Crooswijk (670),Nieuwe Werk (121),565,4852
P670,P200,Nieuw Crooswijk (670),Carnisse (200),873,8107
P670,P201,Nieuw Crooswijk (670),Zuidplein (201),882,8159
P670,P202,Nieuw Crooswijk (670),Carnisse (202),880,8094
P670,P210,Nieuw Crooswijk (670),Onbekend (210),979,9486
P670,P220,Nieuw Crooswijk (670),Charlois Zuidrand (220),1099,10691
P670,P230,Nieuw Crooswijk (670),Tarwewijk (230),843,7558
P670,P232,Nieuw Crooswijk (670),Bloemhof (232),760,6984
P670,P240,Nieuw Crooswijk (670),Tarwewijk (240),797,6999
P670,P250,Nieuw Crooswijk (670),Oud Charlois (250),877,8068
P670,P260,Nieuw Crooswijk (670),Oud Charlois (260),956,8792
P670,P270,Nieuw Crooswijk (670),Wielewaal (270),1065,9545
P670,P280,Nieuw Crooswijk (670),Pendrecht (280),1033,9851
P670,P282,Nieuw Crooswijk (670),Zuiderpark (282),963,9341
P670,P290,Nieuw Crooswijk (670),Zuidwijk (290),1046,9866
P670,P300,Nieuw Crooswijk (670),Hillesluis (300),771,6922
P670,P301,Nieuw Crooswijk (670),Hillesluis (301),752,6778
P670,P310,Nieuw Crooswijk (670),Vreewijk (310),962,9157
P670,P311,Nieuw Crooswijk (670),Vreewijk (311),918,12495
P670,P320,Nieuw Crooswijk (670),Kop van Zuid - Entrepot (320),634,5458
P670,P322,Nieuw Crooswijk (670),Kop van Zuid - Entrepot (322),562,4869
P670,P323,Nieuw Crooswijk (670),Kop van Zuid (323),582,5305
P670,P330,Nieuw Crooswijk (670),Afrikaanderwijk (330),717,6277
P670,P331,Nieuw Crooswijk (670),Afrikaanderwijk (331),674,6057
P670,P340,Nieuw Crooswijk (670),Bloemhof (340),812,7100
P670,P341,Nieuw Crooswijk (670),Hillesluis (341),834,7375
P670,P350,Nieuw Crooswijk (670),Katendrecht (350),779,6695
P670,P370,Nieuw Crooswijk (670),Noordereiland (370),514,4435
P670,P380,Nieuw Crooswijk (670),Feijenoord (380),661,5622
P670,P400,Nieuw Crooswijk (670),Oosterflank (400),481,4943
P670,P410,Nieuw Crooswijk (670),'s-Gravenland (410),668,5823
P670,P500,Nieuw Crooswijk (670),Middelland (500),596,5403
P670,P501,Nieuw Crooswijk (670),Middelland (501),578,5360
P670,P502,Nieuw Crooswijk (670),Dijkzigt (502),611,5459
P670,P503,Nieuw Crooswijk (670),Middelland (503),608,5461
P670,P504,Nieuw Crooswijk (670),Middelland (504),645,6058
P670,P510,Nieuw Crooswijk (670),Tussendijken (510),745,8381
P670,P511,Nieuw Crooswijk (670),Tussendijken (511),685,8817
P670,P513,Nieuw Crooswijk (670),Tussendijken (513),712,7869
P670,P520,Nieuw Crooswijk (670),Onbekend (520),702,9294
P670,P530,Nieuw Crooswijk (670),Nieuwe Westen (530),683,5973
P670,P531,Nieuw Crooswijk (670),Nieuwe Westen (531),664,6805
P670,P532,Nieuw Crooswijk (670),Nieuwe Westen (532),754,7198
P670,P540,Nieuw Crooswijk (670),Delfshaven (540),642,5847
P670,P560,Nieuw Crooswijk (670),Schiemond (560),709,6252
P670,P570,Nieuw Crooswijk (670),Oud Mathenesse (570),592,8002
P670,P580,Nieuw Crooswijk (670),Schiemond (580),781,6773
P670,P581,Nieuw Crooswijk (670),Bospolder (581),702,9037
P670,P600,Nieuw Crooswijk (670),Struisenburg (600),405,3446
P670,P610,Nieuw Crooswijk (670),Rubroek (610),258,2066
P670,P620,Nieuw Crooswijk (670),De Esch (620),573,7958
P670,P630,Nieuw Crooswijk (670),Kralingen West (630),323,2808
P670,P633,Nieuw Crooswijk (670),Kralingen West (633),221,1891
P670,P634,Nieuw Crooswijk (670),Kralingen West (634),204,1658
P670,P640,Nieuw Crooswijk (670),De Esch (640),578,8219
P670,P650,Nieuw Crooswijk (670),Nieuw Crooswijk (650),152,1215
P670,P651,Nieuw Crooswijk (670),Oud Crooswijk (651),220,1763
P670,P660,Nieuw Crooswijk (670),Kralingen Oost (660),489,4594
P670,P670,Nieuw Crooswijk (670),Nieuw Crooswijk (670),26,0
P670,P680,Nieuw Crooswijk (670),Nieuw Crooswijk (680),79,512
P670,P690,Nieuw Crooswijk (670),Kralingen Oost (690),432,4176
P670,P700,Nieuw Crooswijk (670),Provenierswijk (700),390,3498
P670,P710,Nieuw Crooswijk (670),Agniesebuurt (710),377,3072
P670,P712,Nieuw Crooswijk (670),Stadsdriehoek (712),346,3264
P670,P720,Nieuw Crooswijk (670),Blijdorp (720),422,4352
P670,P721,Nieuw Crooswijk (670),Blijdorp (721),363,4014
P670,P723,Nieuw Crooswijk (670),Bergpolder (723),342,3859
P670,P724,Nieuw Crooswijk (670),Blijdorp (724),392,4425
P670,P730,Nieuw Crooswijk (670),Blijdorp (730),426,3918
P670,P740,Nieuw Crooswijk (670),Blijdorp (740),437,4641
P670,P750,Nieuw Crooswijk (670),Oude Noorden (750),343,2838
P670,P751,Nieuw Crooswijk (670),Oude Noorden (751),272,2435
P670,P753,Nieuw Crooswijk (670),Oude Noorden (753),256,1839
P670,P760,Nieuw Crooswijk (670),Liskwartier (760),273,2217
P670,P800,Nieuw Crooswijk (670),Hillegersberg Noord (800),313,2598
P670,P801,Nieuw Crooswijk (670),Hillegersberg Zuid (801),249,2217
P670,P811,Nieuw Crooswijk (670),Hillegersberg Noord (811),434,3922
P670,P812,Nieuw Crooswijk (670),Hillegersberg Noord (812),358,3427
P670,P900,Nieuw Crooswijk (670),Oud IJsselmonde (900),698,10702
P670,P910,Nieuw Crooswijk (670),Groot IJsselmonde (910),763,11194
P670,P912,Nieuw Crooswijk (670),Groot IJsselmonde (912),671,10286
P670,P920,Nieuw Crooswijk (670),Lombardijen (920),940,13050
P670,P930,Nieuw Crooswijk (670),Groot IJsselmonde (930),849,11949
P670,P950,Nieuw Crooswijk (670),Groot IJsselmonde (950),714,10832
P670,P960,Nieuw Crooswijk (670),Oud IJsselmonde (960),619,9817
P670,P980,Nieuw Crooswijk (670),Groot IJsselmonde (980),850,14734
P680,P10,Nieuw Crooswijk (680),Stadsdriehoek (10),357,2933
P680,P11,Nieuw Crooswijk (680),Stadsdriehoek (11),380,3198
P680,P20,Nieuw Crooswijk (680),Stadsdriehoek (20),347,2869
P680,P21,Nieuw Crooswijk (680),Stadsdriehoek (21),424,3681
P680,P30,Nieuw Crooswijk (680),Cool (30),426,3630
P680,P31,Nieuw Crooswijk (680),Cool (31),486,4563
P680,P40,Nieuw Crooswijk (680),Cool (40),502,4472
P680,P41,Nieuw Crooswijk (680),Stadsdriehoek (41),494,4526
P680,P42,Nieuw Crooswijk (680),Dijkzigt (42),567,5211
P680,P50,Nieuw Crooswijk (680),Oude Westen (50),536,4881
P680,P51,Nieuw Crooswijk (680),Dijkzigt (51),494,4567
P680,P60,Nieuw Crooswijk (680),Cool (60),526,5990
P680,P120,Nieuw Crooswijk (680),Nieuwe Werk (120),661,5894
P680,P121,Nieuw Crooswijk (680),Nieuwe Werk (121),591,5248
P680,P200,Nieuw Crooswijk (680),Carnisse (200),854,9321
P680,P201,Nieuw Crooswijk (680),Zuidplein (201),896,8528
P680,P202,Nieuw Crooswijk (680),Carnisse (202),875,9282
P680,P210,Nieuw Crooswijk (680),Onbekend (210),960,10700
P680,P220,Nieuw Crooswijk (680),Charlois Zuidrand (220),1069,11866
P680,P230,Nieuw Crooswijk (680),Tarwewijk (230),830,9020
P680,P232,Nieuw Crooswijk (680),Bloemhof (232),771,7585
P680,P240,Nieuw Crooswijk (680),Tarwewijk (240),798,7367
P680,P250,Nieuw Crooswijk (680),Oud Charlois (250),859,9285
P680,P260,Nieuw Crooswijk (680),Oud Charlois (260),923,9946
P680,P270,Nieuw Crooswijk (680),Wielewaal (270),1033,10742
P680,P280,Nieuw Crooswijk (680),Pendrecht (280),999,11000
P680,P282,Nieuw Crooswijk (680),Zuiderpark (282),956,10358
P680,P290,Nieuw Crooswijk (680),Zuidwijk (290),1058,10238
P680,P300,Nieuw Crooswijk (680),Hillesluis (300),792,7262
P680,P301,Nieuw Crooswijk (680),Hillesluis (301),764,7147
P680,P310,Nieuw Crooswijk (680),Vreewijk (310),975,9757
P680,P311,Nieuw Crooswijk (680),Vreewijk (311),937,12391
P680,P320,Nieuw Crooswijk (680),Kop van Zuid - Entrepot (320),654,5786
P680,P322,Nieuw Crooswijk (680),Kop van Zuid - Entrepot (322),584,5238
P680,P323,Nieuw Crooswijk (680),Kop van Zuid (323),603,5674
P680,P330,Nieuw Crooswijk (680),Afrikaanderwijk (330),726,6686
P680,P331,Nieuw Crooswijk (680),Afrikaanderwijk (331),695,6426
P680,P340,Nieuw Crooswijk (680),Bloemhof (340),822,7700
P680,P341,Nieuw Crooswijk (680),Hillesluis (341),855,7976
P680,P350,Nieuw Crooswijk (680),Katendrecht (350),794,7064
P680,P370,Nieuw Crooswijk (680),Noordereiland (370),535,4793
P680,P380,Nieuw Crooswijk (680),Feijenoord (380),682,6048
P680,P400,Nieuw Crooswijk (680),Oosterflank (400),500,4940
P680,P410,Nieuw Crooswijk (680),'s-Gravenland (410),692,6488
P680,P500,Nieuw Crooswijk (680),Middelland (500),566,6310
P680,P501,Nieuw Crooswijk (680),Middelland (501),534,5857
P680,P502,Nieuw Crooswijk (680),Dijkzigt (502),585,6621
P680,P503,Nieuw Crooswijk (680),Middelland (503),560,6195
P680,P504,Nieuw Crooswijk (680),Middelland (504),568,6055
P680,P510,Nieuw Crooswijk (680),Tussendijken (510),670,7869
P680,P511,Nieuw Crooswijk (680),Tussendijken (511),605,8305
P680,P513,Nieuw Crooswijk (680),Tussendijken (513),662,7483
P680,P520,Nieuw Crooswijk (680),Onbekend (520),642,8782
P680,P530,Nieuw Crooswijk (680),Nieuwe Westen (530),647,7865
P680,P531,Nieuw Crooswijk (680),Nieuwe Westen (531),602,6392
P680,P532,Nieuw Crooswijk (680),Nieuwe Westen (532),678,6721
P680,P540,Nieuw Crooswijk (680),Delfshaven (540),619,7023
P680,P560,Nieuw Crooswijk (680),Schiemond (560),700,7466
P680,P570,Nieuw Crooswijk (680),Oud Mathenesse (570),541,7622
P680,P580,Nieuw Crooswijk (680),Schiemond (580),748,9598
P680,P581,Nieuw Crooswijk (680),Bospolder (581),631,8580
P680,P600,Nieuw Crooswijk (680),Struisenburg (600),412,3770
P680,P610,Nieuw Crooswijk (680),Rubroek (610),287,2368
P680,P620,Nieuw Crooswijk (680),De Esch (620),579,5668
P680,P630,Nieuw Crooswijk (680),Kralingen West (630),349,3139
P680,P633,Nieuw Crooswijk (680),Kralingen West (633),240,2193
P680,P634,Nieuw Crooswijk (680),Kralingen West (634),224,2191
P680,P640,Nieuw Crooswijk (680),De Esch (640),617,7806
P680,P650,Nieuw Crooswijk (680),Nieuw Crooswijk (650),147,1208
P680,P651,Nieuw Crooswijk (680),Oud Crooswijk (651),233,2040
P680,P660,Nieuw Crooswijk (680),Kralingen Oost (660),506,5132
P680,P670,Nieuw Crooswijk (680),Nieuw Crooswijk (670),79,512
P680,P680,Nieuw Crooswijk (680),Nieuw Crooswijk (680),36,0
P680,P690,Nieuw Crooswijk (680),Kralingen Oost (690),456,4866
P680,P700,Nieuw Crooswijk (680),Provenierswijk (700),315,3003
P680,P710,Nieuw Crooswijk (680),Agniesebuurt (710),325,2802
P680,P712,Nieuw Crooswijk (680),Stadsdriehoek (712),334,2953
P680,P720,Nieuw Crooswijk (680),Blijdorp (720),346,3840
P680,P721,Nieuw Crooswijk (680),Blijdorp (721),311,3490
P680,P723,Nieuw Crooswijk (680),Bergpolder (723),270,3363
P680,P724,Nieuw Crooswijk (680),Blijdorp (724),315,3942
P680,P730,Nieuw Crooswijk (680),Blijdorp (730),382,3317
P680,P740,Nieuw Crooswijk (680),Blijdorp (740),395,4146
P680,P750,Nieuw Crooswijk (680),Oude Noorden (750),299,2358
P680,P751,Nieuw Crooswijk (680),Oude Noorden (751),209,1931
P680,P753,Nieuw Crooswijk (680),Oude Noorden (753),182,1339
P680,P760,Nieuw Crooswijk (680),Liskwartier (760),200,1866
P680,P800,Nieuw Crooswijk (680),Hillegersberg Noord (800),246,2086
P680,P801,Nieuw Crooswijk (680),Hillegersberg Zuid (801),173,1744
P680,P811,Nieuw Crooswijk (680),Hillegersberg Noord (811),368,3437
P680,P812,Nieuw Crooswijk (680),Hillegersberg Noord (812),281,2947
P680,P900,Nieuw Crooswijk (680),Oud IJsselmonde (900),723,10564
P680,P910,Nieuw Crooswijk (680),Groot IJsselmonde (910),788,10980
P680,P912,Nieuw Crooswijk (680),Groot IJsselmonde (912),690,10193
P680,P920,Nieuw Crooswijk (680),Lombardijen (920),965,12923
P680,P930,Nieuw Crooswijk (680),Groot IJsselmonde (930),874,11808
P680,P950,Nieuw Crooswijk (680),Groot IJsselmonde (950),747,10619
P680,P960,Nieuw Crooswijk (680),Oud IJsselmonde (960),639,9714
P680,P980,Nieuw Crooswijk (680),Groot IJsselmonde (980),870,14628
P690,P10,Kralingen Oost (690),Stadsdriehoek (10),412,3931
P690,P11,Kralingen Oost (690),Stadsdriehoek (11),523,4701
P690,P20,Kralingen Oost (690),Stadsdriehoek (20),386,3730
P690,P21,Kralingen Oost (690),Stadsdriehoek (21),435,4262
P690,P30,Kralingen Oost (690),Cool (30),557,5531
P690,P31,Kralingen Oost (690),Cool (31),534,5347
P690,P40,Kralingen Oost (690),Cool (40),534,5266
P690,P41,Kralingen Oost (690),Stadsdriehoek (41),538,5165
P690,P42,Kralingen Oost (690),Dijkzigt (42),589,5738
P690,P50,Kralingen Oost (690),Oude Westen (50),592,5742
P690,P51,Kralingen Oost (690),Dijkzigt (51),549,5414
P690,P60,Kralingen Oost (690),Cool (60),764,7630
P690,P120,Kralingen Oost (690),Nieuwe Werk (120),660,6130
P690,P121,Kralingen Oost (690),Nieuwe Werk (121),592,5718
P690,P200,Kralingen Oost (690),Carnisse (200),823,9761
P690,P201,Kralingen Oost (690),Zuidplein (201),746,9292
P690,P202,Kralingen Oost (690),Carnisse (202),746,9227
P690,P210,Kralingen Oost (690),Onbekend (210),952,11807
P690,P220,Kralingen Oost (690),Charlois Zuidrand (220),854,17046
P690,P230,Kralingen Oost (690),Tarwewijk (230),777,9472
P690,P232,Kralingen Oost (690),Bloemhof (232),662,8713
P690,P240,Kralingen Oost (690),Tarwewijk (240),762,9105
P690,P250,Kralingen Oost (690),Oud Charlois (250),880,10707
P690,P260,Kralingen Oost (690),Oud Charlois (260),945,11646
P690,P270,Kralingen Oost (690),Wielewaal (270),1078,12218
P690,P280,Kralingen Oost (690),Pendrecht (280),954,11433
P690,P282,Kralingen Oost (690),Zuiderpark (282),857,10808
P690,P290,Kralingen Oost (690),Zuidwijk (290),836,9900
P690,P300,Kralingen Oost (690),Hillesluis (300),609,7841
P690,P301,Kralingen Oost (690),Hillesluis (301),591,7725
P690,P310,Kralingen Oost (690),Vreewijk (310),692,8257
P690,P311,Kralingen Oost (690),Vreewijk (311),644,7950
P690,P320,Kralingen Oost (690),Kop van Zuid - Entrepot (320),628,8258
P690,P322,Kralingen Oost (690),Kop van Zuid - Entrepot (322),619,5958
P690,P323,Kralingen Oost (690),Kop van Zuid (323),610,6132
P690,P330,Kralingen Oost (690),Afrikaanderwijk (330),641,8155
P690,P331,Kralingen Oost (690),Afrikaanderwijk (331),672,8472
P690,P340,Kralingen Oost (690),Bloemhof (340),677,8305
P690,P341,Kralingen Oost (690),Hillesluis (341),577,7627
P690,P350,Kralingen Oost (690),Katendrecht (350),810,7520
P690,P370,Kralingen Oost (690),Noordereiland (370),574,5516
P690,P380,Kralingen Oost (690),Feijenoord (380),620,8067
P690,P400,Kralingen Oost (690),Oosterflank (400),444,5354
P690,P410,Kralingen Oost (690),'s-Gravenland (410),323,2259
P690,P500,Kralingen Oost (690),Middelland (500),680,6680
P690,P501,Kralingen Oost (690),Middelland (501),665,6662
P690,P502,Kralingen Oost (690),Dijkzigt (502),651,6413
P690,P503,Kralingen Oost (690),Middelland (503),685,6682
P690,P504,Kralingen Oost (690),Middelland (504),736,6736
P690,P510,Kralingen Oost (690),Tussendijken (510),860,7896
P690,P511,Kralingen Oost (690),Tussendijken (511),914,14453
P690,P513,Kralingen Oost (690),Tussendijken (513),891,8429
P690,P520,Kralingen Oost (690),Onbekend (520),932,14930
P690,P530,Kralingen Oost (690),Nieuwe Westen (530),764,7244
P690,P531,Kralingen Oost (690),Nieuwe Westen (531),832,7557
P690,P532,Kralingen Oost (690),Nieuwe Westen (532),988,12869
P690,P540,Kralingen Oost (690),Delfshaven (540),713,7049
P690,P560,Kralingen Oost (690),Schiemond (560),736,7086
P690,P570,Kralingen Oost (690),Oud Mathenesse (570),822,13639
P690,P580,Kralingen Oost (690),Schiemond (580),817,7660
P690,P581,Kralingen Oost (690),Bospolder (581),867,8535
P690,P600,Kralingen Oost (690),Struisenburg (600),317,2755
P690,P610,Kralingen Oost (690),Rubroek (610),431,4014
P690,P620,Kralingen Oost (690),De Esch (620),256,2354
P690,P630,Kralingen Oost (690),Kralingen West (630),302,2916
P690,P633,Kralingen Oost (690),Kralingen West (633),240,2341
P690,P634,Kralingen Oost (690),Kralingen West (634),292,2862
P690,P640,Kralingen Oost (690),De Esch (640),256,2430
P690,P650,Kralingen Oost (690),Nieuw Crooswijk (650),410,3959
P690,P651,Kralingen Oost (690),Oud Crooswijk (651),436,3999
P690,P660,Kralingen Oost (690),Kralingen Oost (660),150,1235
P690,P670,Kralingen Oost (690),Nieuw Crooswijk (670),428,4085
P690,P680,Kralingen Oost (690),Nieuw Crooswijk (680),444,4375
P690,P690,Kralingen Oost (690),Kralingen Oost (690),19,0
P690,P700,Kralingen Oost (690),Provenierswijk (700),647,6296
P690,P710,Kralingen Oost (690),Agniesebuurt (710),589,5057
P690,P712,Kralingen Oost (690),Stadsdriehoek (712),540,4905
P690,P720,Kralingen Oost (690),Blijdorp (720),656,9988
P690,P721,Kralingen Oost (690),Blijdorp (721),592,9699
P690,P723,Kralingen Oost (690),Bergpolder (723),581,9528
P690,P724,Kralingen Oost (690),Blijdorp (724),628,10062
P690,P730,Kralingen Oost (690),Blijdorp (730),675,10159
P690,P740,Kralingen Oost (690),Blijdorp (740),676,10351
P690,P750,Kralingen Oost (690),Oude Noorden (750),589,5768
P690,P751,Kralingen Oost (690),Oude Noorden (751),524,5251
P690,P753,Kralingen Oost (690),Oude Noorden (753),512,5091
P690,P760,Kralingen Oost (690),Liskwartier (760),573,5652
P690,P800,Kralingen Oost (690),Hillegersberg Noord (800),620,6128
P690,P801,Kralingen Oost (690),Hillegersberg Zuid (801),564,5743
P690,P811,Kralingen Oost (690),Hillegersberg Noord (811),625,6071
P690,P812,Kralingen Oost (690),Hillegersberg Noord (812),661,6500
P690,P900,Kralingen Oost (690),Oud IJsselmonde (900),425,6123
P690,P910,Kralingen Oost (690),Groot IJsselmonde (910),493,6667
P690,P912,Kralingen Oost (690),Groot IJsselmonde (912),401,5762
P690,P920,Kralingen Oost (690),Lombardijen (920),666,8486
P690,P930,Kralingen Oost (690),Groot IJsselmonde (930),571,7366
P690,P950,Kralingen Oost (690),Groot IJsselmonde (950),452,6305
P690,P960,Kralingen Oost (690),Oud IJsselmonde (960),351,5274
P690,P980,Kralingen Oost (690),Groot IJsselmonde (980),578,10201
P700,P10,Provenierswijk (700),Stadsdriehoek (10),399,3675
P700,P11,Provenierswijk (700),Stadsdriehoek (11),398,3260
P700,P20,Provenierswijk (700),Stadsdriehoek (20),454,4401
P700,P21,Provenierswijk (700),Stadsdriehoek (21),448,3670
P700,P30,Provenierswijk (700),Cool (30),385,3193
P700,P31,Provenierswijk (700),Cool (31),446,3711
P700,P40,Provenierswijk (700),Cool (40),446,3790
P700,P41,Provenierswijk (700),Stadsdriehoek (41),437,3549
P700,P42,Provenierswijk (700),Dijkzigt (42),419,3718
P700,P50,Provenierswijk (700),Oude Westen (50),327,2532
P700,P51,Provenierswijk (700),Dijkzigt (51),362,3185
P700,P60,Provenierswijk (700),Cool (60),315,2607
P700,P120,Provenierswijk (700),Nieuwe Werk (120),527,4551
P700,P121,Provenierswijk (700),Nieuwe Werk (121),481,4476
P700,P200,Provenierswijk (700),Carnisse (200),605,5772
P700,P201,Provenierswijk (700),Zuidplein (201),676,6442
P700,P202,Provenierswijk (700),Carnisse (202),636,5998
P700,P210,Provenierswijk (700),Onbekend (210),711,7125
P700,P220,Provenierswijk (700),Charlois Zuidrand (220),835,8345
P700,P230,Provenierswijk (700),Tarwewijk (230),597,5716
P700,P232,Provenierswijk (700),Bloemhof (232),677,6821
P700,P240,Provenierswijk (700),Tarwewijk (240),642,5881
P700,P250,Provenierswijk (700),Oud Charlois (250),609,5756
P700,P260,Provenierswijk (700),Oud Charlois (260),692,6425
P700,P270,Provenierswijk (700),Wielewaal (270),801,7234
P700,P280,Provenierswijk (700),Pendrecht (280),769,7573
P700,P282,Provenierswijk (700),Zuiderpark (282),705,6950
P700,P290,Provenierswijk (700),Zuidwijk (290),892,8798
P700,P300,Provenierswijk (700),Hillesluis (300),778,7290
P700,P301,Provenierswijk (700),Hillesluis (301),754,6810
P700,P310,Provenierswijk (700),Vreewijk (310),827,8247
P700,P311,Provenierswijk (700),Vreewijk (311),834,8341
P700,P320,Provenierswijk (700),Kop van Zuid - Entrepot (320),672,5981
P700,P322,Provenierswijk (700),Kop van Zuid - Entrepot (322),614,5783
P700,P323,Provenierswijk (700),Kop van Zuid (323),558,5053
P700,P330,Provenierswijk (700),Afrikaanderwijk (330),701,6203
P700,P331,Provenierswijk (700),Afrikaanderwijk (331),650,5807
P700,P340,Provenierswijk (700),Bloemhof (340),760,7134
P700,P341,Provenierswijk (700),Hillesluis (341),806,7692
P700,P350,Provenierswijk (700),Katendrecht (350),751,6432
P700,P370,Provenierswijk (700),Noordereiland (370),566,5338
P700,P380,Provenierswijk (700),Feijenoord (380),713,6435
P700,P400,Provenierswijk (700),Oosterflank (400),742,10652
P700,P410,Provenierswijk (700),'s-Gravenland (410),874,7879
P700,P500,Provenierswijk (700),Middelland (500),329,2883
P700,P501,Provenierswijk (700),Middelland (501),291,2430
P700,P502,Provenierswijk (700),Dijkzigt (502),353,3100
P700,P503,Provenierswijk (700),Middelland (503),320,2701
P700,P504,Provenierswijk (700),Middelland (504),319,2571
P700,P510,Provenierswijk (700),Tussendijken (510),502,3545
P700,P511,Provenierswijk (700),Tussendijken (511),591,4040
P700,P513,Provenierswijk (700),Tussendijken (513),458,3185
P700,P520,Provenierswijk (700),Onbekend (520),649,6313
P700,P530,Provenierswijk (700),Nieuwe Westen (530),420,3668
P700,P531,Provenierswijk (700),Nieuwe Westen (531),377,2789
P700,P532,Provenierswijk (700),Nieuwe Westen (532),590,3296
P700,P540,Provenierswijk (700),Delfshaven (540),381,3569
P700,P560,Provenierswijk (700),Schiemond (560),448,3928
P700,P570,Provenierswijk (700),Oud Mathenesse (570),570,4745
P700,P580,Provenierswijk (700),Schiemond (580),523,4495
P700,P581,Provenierswijk (700),Bospolder (581),576,5339
P700,P600,Provenierswijk (700),Struisenburg (600),548,5187
P700,P610,Provenierswijk (700),Rubroek (610),390,3563
P700,P620,Provenierswijk (700),De Esch (620),737,6795
P700,P630,Provenierswijk (700),Kralingen West (630),502,4740
P700,P633,Provenierswijk (700),Kralingen West (633),409,3961
P700,P634,Provenierswijk (700),Kralingen West (634),466,4253
P700,P640,Provenierswijk (700),De Esch (640),771,7620
P700,P650,Provenierswijk (700),Nieuw Crooswijk (650),352,2985
P700,P651,Provenierswijk (700),Oud Crooswijk (651),332,2670
P700,P660,Provenierswijk (700),Kralingen Oost (660),681,6882
P700,P670,Provenierswijk (700),Nieuw Crooswijk (670),421,3534
P700,P680,Provenierswijk (700),Nieuw Crooswijk (680),342,3022
P700,P690,Provenierswijk (700),Kralingen Oost (690),674,6626
P700,P700,Provenierswijk (700),Provenierswijk (700),40,0
P700,P710,Provenierswijk (700),Agniesebuurt (710),206,1390
P700,P712,Provenierswijk (700),Stadsdriehoek (712),245,1678
P700,P720,Provenierswijk (700),Blijdorp (720),256,2054
P700,P721,Provenierswijk (700),Blijdorp (721),214,1609
P700,P723,Provenierswijk (700),Bergpolder (723),212,1371
P700,P724,Provenierswijk (700),Blijdorp (724),332,2803
P700,P730,Provenierswijk (700),Blijdorp (730),192,1319
P700,P740,Provenierswijk (700),Blijdorp (740),222,1606
P700,P750,Provenierswijk (700),Oude Noorden (750),221,1414
P700,P751,Provenierswijk (700),Oude Noorden (751),176,1282
P700,P753,Provenierswijk (700),Oude Noorden (753),276,2140
P700,P760,Provenierswijk (700),Liskwartier (760),242,1751
P700,P800,Provenierswijk (700),Hillegersberg Noord (800),363,3034
P700,P801,Provenierswijk (700),Hillegersberg Zuid (801),299,2641
P700,P811,Provenierswijk (700),Hillegersberg Noord (811),484,4357
P700,P812,Provenierswijk (700),Hillegersberg Noord (812),410,3864
P700,P900,Provenierswijk (700),Oud IJsselmonde (900),844,7551
P700,P910,Provenierswijk (700),Groot IJsselmonde (910),952,8940
P700,P912,Provenierswijk (700),Groot IJsselmonde (912),938,14864
P700,P920,Provenierswijk (700),Lombardijen (920),902,9011
P700,P930,Provenierswijk (700),Groot IJsselmonde (930),1063,10638
P700,P950,Provenierswijk (700),Groot IJsselmonde (950),985,15332
P700,P960,Provenierswijk (700),Oud IJsselmonde (960),886,14386
P700,P980,Provenierswijk (700),Groot IJsselmonde (980),1070,11217
P710,P10,Agniesebuurt (710),Stadsdriehoek (10),347,2509
P710,P11,Agniesebuurt (710),Stadsdriehoek (11),362,2510
P710,P20,Agniesebuurt (710),Stadsdriehoek (20),401,3264
P710,P21,Agniesebuurt (710),Stadsdriehoek (21),398,3073
P710,P30,Agniesebuurt (710),Cool (30),409,2890
P710,P31,Agniesebuurt (710),Cool (31),461,3867
P710,P40,Agniesebuurt (710),Cool (40),477,3814
P710,P41,Agniesebuurt (710),Stadsdriehoek (41),476,3774
P710,P42,Agniesebuurt (710),Dijkzigt (42),491,4188
P710,P50,Agniesebuurt (710),Oude Westen (50),405,3024
P710,P51,Agniesebuurt (710),Dijkzigt (51),427,3609
P710,P60,Agniesebuurt (710),Cool (60),392,3151
P710,P120,Agniesebuurt (710),Nieuwe Werk (120),594,4677
P710,P121,Agniesebuurt (710),Nieuwe Werk (121),538,4874
P710,P200,Agniesebuurt (710),Carnisse (200),686,6284
P710,P201,Agniesebuurt (710),Zuidplein (201),754,6966
P710,P202,Agniesebuurt (710),Carnisse (202),715,6478
P710,P210,Agniesebuurt (710),Onbekend (210),792,7663
P710,P220,Agniesebuurt (710),Charlois Zuidrand (220),914,8869
P710,P230,Agniesebuurt (710),Tarwewijk (230),675,6212
P710,P232,Agniesebuurt (710),Bloemhof (232),744,7171
P710,P240,Agniesebuurt (710),Tarwewijk (240),721,6351
P710,P250,Agniesebuurt (710),Oud Charlois (250),691,6268
P710,P260,Agniesebuurt (710),Oud Charlois (260),771,6984
P710,P270,Agniesebuurt (710),Wielewaal (270),879,7744
P710,P280,Agniesebuurt (710),Pendrecht (280),848,8043
P710,P282,Agniesebuurt (710),Zuiderpark (282),782,7518
P710,P290,Agniesebuurt (710),Zuidwijk (290),970,9238
P710,P300,Agniesebuurt (710),Hillesluis (300),774,6703
P710,P301,Agniesebuurt (710),Hillesluis (301),738,6498
P710,P310,Agniesebuurt (710),Vreewijk (310),906,8529
P710,P311,Agniesebuurt (710),Vreewijk (311),912,8744
P710,P320,Agniesebuurt (710),Kop van Zuid - Entrepot (320),629,5168
P710,P322,Agniesebuurt (710),Kop van Zuid - Entrepot (322),562,4670
P710,P323,Agniesebuurt (710),Kop van Zuid (323),585,5116
P710,P330,Agniesebuurt (710),Afrikaanderwijk (330),701,5988
P710,P331,Agniesebuurt (710),Afrikaanderwijk (331),675,5868
P710,P340,Agniesebuurt (710),Bloemhof (340),796,6810
P710,P341,Agniesebuurt (710),Hillesluis (341),830,7110
P710,P350,Agniesebuurt (710),Katendrecht (350),774,6500
P710,P370,Agniesebuurt (710),Noordereiland (370),517,4235
P710,P380,Agniesebuurt (710),Feijenoord (380),665,5332
P710,P400,Agniesebuurt (710),Oosterflank (400),679,9897
P710,P410,Agniesebuurt (710),'s-Gravenland (410),819,7496
P710,P500,Agniesebuurt (710),Middelland (500),407,3353
P710,P501,Agniesebuurt (710),Middelland (501),372,2900
P710,P502,Agniesebuurt (710),Dijkzigt (502),431,3637
P710,P503,Agniesebuurt (710),Middelland (503),399,3198
P710,P504,Agniesebuurt (710),Middelland (504),401,3094
P710,P510,Agniesebuurt (710),Tussendijken (510),580,4015
P710,P511,Agniesebuurt (710),Tussendijken (511),643,7623
P710,P513,Agniesebuurt (710),Tussendijken (513),536,3702
P710,P520,Agniesebuurt (710),Onbekend (520),661,8033
P710,P530,Agniesebuurt (710),Nieuwe Westen (530),502,4192
P710,P531,Agniesebuurt (710),Nieuwe Westen (531),456,3326
P710,P532,Agniesebuurt (710),Nieuwe Westen (532),644,4621
P710,P540,Agniesebuurt (710),Delfshaven (540),459,4038
P710,P560,Agniesebuurt (710),Schiemond (560),526,4430
P710,P570,Agniesebuurt (710),Oud Mathenesse (570),557,6808
P710,P580,Agniesebuurt (710),Schiemond (580),601,4965
P710,P581,Agniesebuurt (710),Bospolder (581),649,5892
P710,P600,Agniesebuurt (710),Struisenburg (600),470,3992
P710,P610,Agniesebuurt (710),Rubroek (610),310,2101
P710,P620,Agniesebuurt (710),De Esch (620),684,5714
P710,P630,Agniesebuurt (710),Kralingen West (630),422,3434
P710,P633,Agniesebuurt (710),Kralingen West (633),379,3626
P710,P634,Agniesebuurt (710),Kralingen West (634),423,3870
P710,P640,Agniesebuurt (710),De Esch (640),709,6403
P710,P650,Agniesebuurt (710),Nieuw Crooswijk (650),306,2656
P710,P651,Agniesebuurt (710),Oud Crooswijk (651),281,2341
P710,P660,Agniesebuurt (710),Kralingen Oost (660),625,6354
P710,P670,Agniesebuurt (710),Nieuw Crooswijk (670),373,3182
P710,P680,Agniesebuurt (710),Nieuw Crooswijk (680),312,2836
P710,P690,Agniesebuurt (710),Kralingen Oost (690),618,6255
P710,P700,Agniesebuurt (710),Provenierswijk (700),170,1126
P710,P710,Agniesebuurt (710),Agniesebuurt (710),47,0
P710,P712,Agniesebuurt (710),Stadsdriehoek (712),138,856
P710,P720,Agniesebuurt (710),Blijdorp (720),224,1696
P710,P721,Agniesebuurt (710),Blijdorp (721),182,1387
P710,P723,Agniesebuurt (710),Bergpolder (723),170,1371
P710,P724,Agniesebuurt (710),Blijdorp (724),316,2518
P710,P730,Agniesebuurt (710),Blijdorp (730),207,1431
P710,P740,Agniesebuurt (710),Blijdorp (740),225,1846
P710,P750,Agniesebuurt (710),Oude Noorden (750),171,1046
P710,P751,Agniesebuurt (710),Oude Noorden (751),143,1126
P710,P753,Agniesebuurt (710),Oude Noorden (753),232,1765
P710,P760,Agniesebuurt (710),Liskwartier (760),205,1571
P710,P800,Agniesebuurt (710),Hillegersberg Noord (800),324,2849
P710,P801,Agniesebuurt (710),Hillegersberg Zuid (801),260,2376
P710,P811,Agniesebuurt (710),Hillegersberg Noord (811),446,4091
P710,P812,Agniesebuurt (710),Hillegersberg Noord (812),371,3598
P710,P900,Agniesebuurt (710),Oud IJsselmonde (900),830,7265
P710,P910,Agniesebuurt (710),Groot IJsselmonde (910),940,8300
P710,P912,Agniesebuurt (710),Groot IJsselmonde (912),862,14020
P710,P920,Agniesebuurt (710),Lombardijen (920),980,9394
P710,P930,Agniesebuurt (710),Groot IJsselmonde (930),1029,15634
P710,P950,Agniesebuurt (710),Groot IJsselmonde (950),892,14466
P710,P960,Agniesebuurt (710),Oud IJsselmonde (960),810,13541
P710,P980,Agniesebuurt (710),Groot IJsselmonde (980),1041,18454
P712,P10,Stadsdriehoek (712),Stadsdriehoek (10),332,2526
P712,P11,Stadsdriehoek (712),Stadsdriehoek (11),339,2491
P712,P20,Stadsdriehoek (712),Stadsdriehoek (20),386,3282
P712,P21,Stadsdriehoek (712),Stadsdriehoek (21),384,3106
P712,P30,Stadsdriehoek (712),Cool (30),385,2871
P712,P31,Stadsdriehoek (712),Cool (31),449,3936
P712,P40,Stadsdriehoek (712),Cool (40),467,3833
P712,P41,Stadsdriehoek (712),Stadsdriehoek (41),453,3754
P712,P42,Stadsdriehoek (712),Dijkzigt (42),508,4488
P712,P50,Stadsdriehoek (712),Oude Westen (50),425,3302
P712,P51,Stadsdriehoek (712),Dijkzigt (51),449,3982
P712,P60,Stadsdriehoek (712),Cool (60),395,3402
P712,P120,Stadsdriehoek (712),Nieuwe Werk (120),613,4953
P712,P121,Stadsdriehoek (712),Nieuwe Werk (121),550,4671
P712,P200,Stadsdriehoek (712),Carnisse (200),693,6543
P712,P201,Stadsdriehoek (712),Zuidplein (201),771,7217
P712,P202,Stadsdriehoek (712),Carnisse (202),731,6768
P712,P210,Stadsdriehoek (712),Onbekend (210),804,7915
P712,P220,Stadsdriehoek (712),Charlois Zuidrand (220),925,9120
P712,P230,Stadsdriehoek (712),Tarwewijk (230),685,6487
P712,P232,Stadsdriehoek (712),Bloemhof (232),730,6753
P712,P240,Stadsdriehoek (712),Tarwewijk (240),731,6651
P712,P250,Stadsdriehoek (712),Oud Charlois (250),694,6526
P712,P260,Stadsdriehoek (712),Oud Charlois (260),782,7239
P712,P270,Stadsdriehoek (712),Wielewaal (270),892,8038
P712,P280,Stadsdriehoek (712),Pendrecht (280),858,8344
P712,P282,Stadsdriehoek (712),Zuiderpark (282),787,7770
P712,P290,Stadsdriehoek (712),Zuidwijk (290),980,9568
P712,P300,Stadsdriehoek (712),Hillesluis (300),760,6687
P712,P301,Stadsdriehoek (712),Hillesluis (301),729,6516
P712,P310,Stadsdriehoek (712),Vreewijk (310),916,9017
P712,P311,Stadsdriehoek (712),Vreewijk (311),925,9116
P712,P320,Stadsdriehoek (712),Kop van Zuid - Entrepot (320),614,5186
P712,P322,Stadsdriehoek (712),Kop van Zuid - Entrepot (322),547,4660
P712,P323,Stadsdriehoek (712),Kop van Zuid (323),562,5096
P712,P330,Stadsdriehoek (712),Afrikaanderwijk (330),708,6015
P712,P331,Stadsdriehoek (712),Afrikaanderwijk (331),661,5848
P712,P340,Stadsdriehoek (712),Bloemhof (340),782,6828
P712,P341,Stadsdriehoek (712),Hillesluis (341),816,7103
P712,P350,Stadsdriehoek (712),Katendrecht (350),760,6486
P712,P370,Stadsdriehoek (712),Noordereiland (370),502,4215
P712,P380,Stadsdriehoek (712),Feijenoord (380),641,5350
P712,P400,Stadsdriehoek (712),Oosterflank (400),696,10338
P712,P410,Stadsdriehoek (712),'s-Gravenland (410),856,6923
P712,P500,Stadsdriehoek (712),Middelland (500),422,3654
P712,P501,Stadsdriehoek (712),Middelland (501),392,3201
P712,P502,Stadsdriehoek (712),Dijkzigt (502),444,3888
P712,P503,Stadsdriehoek (712),Middelland (503),418,3471
P712,P504,Stadsdriehoek (712),Middelland (504),427,3342
P712,P510,Stadsdriehoek (712),Tussendijken (510),590,4315
P712,P511,Stadsdriehoek (712),Tussendijken (511),668,8001
P712,P513,Stadsdriehoek (712),Tussendijken (513),539,3956
P712,P520,Stadsdriehoek (712),Onbekend (520),686,8404
P712,P530,Stadsdriehoek (712),Nieuwe Westen (530),529,4439
P712,P531,Stadsdriehoek (712),Nieuwe Westen (531),466,3607
P712,P532,Stadsdriehoek (712),Nieuwe Westen (532),671,4992
P712,P540,Stadsdriehoek (712),Delfshaven (540),477,4339
P712,P560,Stadsdriehoek (712),Schiemond (560),531,4698
P712,P570,Stadsdriehoek (712),Oud Mathenesse (570),576,7214
P712,P580,Stadsdriehoek (712),Schiemond (580),611,5266
P712,P581,Stadsdriehoek (712),Bospolder (581),665,6162
P712,P600,Stadsdriehoek (712),Struisenburg (600),489,4016
P712,P610,Stadsdriehoek (712),Rubroek (610),296,2130
P712,P620,Stadsdriehoek (712),De Esch (620),667,5732
P712,P630,Stadsdriehoek (712),Kralingen West (630),445,3384
P712,P633,Stadsdriehoek (712),Kralingen West (633),422,3580
P712,P634,Stadsdriehoek (712),Kralingen West (634),444,3714
P712,P640,Stadsdriehoek (712),De Esch (640),686,6421
P712,P650,Stadsdriehoek (712),Nieuw Crooswijk (650),336,2470
P712,P651,Stadsdriehoek (712),Oud Crooswijk (651),321,2084
P712,P660,Stadsdriehoek (712),Kralingen Oost (660),650,5915
P712,P670,Stadsdriehoek (712),Nieuw Crooswijk (670),423,3833
P712,P680,Stadsdriehoek (712),Nieuw Crooswijk (680),354,3490
P712,P690,Stadsdriehoek (712),Kralingen Oost (690),653,5594
P712,P700,Stadsdriehoek (712),Provenierswijk (700),208,1499
P712,P710,Stadsdriehoek (712),Agniesebuurt (710),117,811
P712,P712,Stadsdriehoek (712),Stadsdriehoek (712),15,0
P712,P720,Stadsdriehoek (712),Blijdorp (720),247,2086
P712,P721,Stadsdriehoek (712),Blijdorp (721),207,1758
P712,P723,Stadsdriehoek (712),Bergpolder (723),198,1742
P712,P724,Stadsdriehoek (712),Blijdorp (724),343,2931
P712,P730,Stadsdriehoek (712),Blijdorp (730),225,1826
P712,P740,Stadsdriehoek (712),Blijdorp (740),250,2150
P712,P750,Stadsdriehoek (712),Oude Noorden (750),202,1635
P712,P751,Stadsdriehoek (712),Oude Noorden (751),192,1725
P712,P753,Stadsdriehoek (712),Oude Noorden (753),281,2572
P712,P760,Stadsdriehoek (712),Liskwartier (760),263,2156
P712,P800,Stadsdriehoek (712),Hillegersberg Noord (800),368,3459
P712,P801,Stadsdriehoek (712),Hillegersberg Zuid (801),308,3065
P712,P811,Stadsdriehoek (712),Hillegersberg Noord (811),496,4781
P712,P812,Stadsdriehoek (712),Hillegersberg Noord (812),417,4288
P712,P900,Stadsdriehoek (712),Oud IJsselmonde (900),816,7245
P712,P910,Stadsdriehoek (712),Groot IJsselmonde (910),925,8594
P712,P912,Stadsdriehoek (712),Groot IJsselmonde (912),868,9451
P712,P920,Stadsdriehoek (712),Lombardijen (920),990,9656
P712,P930,Stadsdriehoek (712),Groot IJsselmonde (930),1037,9962
P712,P950,Stadsdriehoek (712),Groot IJsselmonde (950),923,9928
P712,P960,Stadsdriehoek (712),Oud IJsselmonde (960),818,8959
P712,P980,Stadsdriehoek (712),Groot IJsselmonde (980),1046,13890
P720,P10,Blijdorp (720),Stadsdriehoek (10),478,4339
P720,P11,Blijdorp (720),Stadsdriehoek (11),478,3847
P720,P20,Blijdorp (720),Stadsdriehoek (20),540,5064
P720,P21,Blijdorp (720),Stadsdriehoek (21),523,4317
P720,P30,Blijdorp (720),Cool (30),441,3695
P720,P31,Blijdorp (720),Cool (31),503,4213
P720,P40,Blijdorp (720),Cool (40),502,4258
P720,P41,Blijdorp (720),Stadsdriehoek (41),494,4051
P720,P42,Blijdorp (720),Dijkzigt (42),475,4220
P720,P50,Blijdorp (720),Oude Westen (50),383,3034
P720,P51,Blijdorp (720),Dijkzigt (51),419,3659
P720,P60,Blijdorp (720),Cool (60),372,3109
P720,P120,Blijdorp (720),Nieuwe Werk (120),588,5053
P720,P121,Blijdorp (720),Nieuwe Werk (121),537,4978
P720,P200,Blijdorp (720),Carnisse (200),666,6274
P720,P201,Blijdorp (720),Zuidplein (201),733,6916
P720,P202,Blijdorp (720),Carnisse (202),694,6448
P720,P210,Blijdorp (720),Onbekend (210),772,7627
P720,P220,Blijdorp (720),Charlois Zuidrand (220),891,8819
P720,P230,Blijdorp (720),Tarwewijk (230),654,6206
P720,P232,Blijdorp (720),Bloemhof (232),733,7311
P720,P240,Blijdorp (720),Tarwewijk (240),698,6331
P720,P250,Blijdorp (720),Oud Charlois (250),670,6219
P720,P260,Blijdorp (720),Oud Charlois (260),748,6938
P720,P270,Blijdorp (720),Wielewaal (270),857,7753
P720,P280,Blijdorp (720),Pendrecht (280),825,8075
P720,P282,Blijdorp (720),Zuiderpark (282),762,7469
P720,P290,Blijdorp (720),Zuidwijk (290),948,9300
P720,P300,Blijdorp (720),Hillesluis (300),839,7917
P720,P301,Blijdorp (720),Hillesluis (301),821,7352
P720,P310,Blijdorp (720),Vreewijk (310),883,8703
P720,P311,Blijdorp (720),Vreewijk (311),890,8848
P720,P320,Blijdorp (720),Kop van Zuid - Entrepot (320),752,6615
P720,P322,Blijdorp (720),Kop van Zuid - Entrepot (322),694,6447
P720,P323,Blijdorp (720),Kop van Zuid (323),614,5562
P720,P330,Blijdorp (720),Afrikaanderwijk (330),758,6654
P720,P331,Blijdorp (720),Afrikaanderwijk (331),706,6314
P720,P340,Blijdorp (720),Bloemhof (340),816,7653
P720,P341,Blijdorp (720),Hillesluis (341),867,8201
P720,P350,Blijdorp (720),Katendrecht (350),812,6951
P720,P370,Blijdorp (720),Noordereiland (370),647,6002
P720,P380,Blijdorp (720),Feijenoord (380),792,7242
P720,P400,Blijdorp (720),Oosterflank (400),611,9165
P720,P410,Blijdorp (720),'s-Gravenland (410),829,10803
P720,P500,Blijdorp (720),Middelland (500),387,3385
P720,P501,Blijdorp (720),Middelland (501),351,2932
P720,P502,Blijdorp (720),Dijkzigt (502),409,3588
P720,P503,Blijdorp (720),Middelland (503),376,3203
P720,P504,Blijdorp (720),Middelland (504),380,2953
P720,P510,Blijdorp (720),Tussendijken (510),528,4343
P720,P511,Blijdorp (720),Tussendijken (511),588,6773
P720,P513,Blijdorp (720),Tussendijken (513),496,3687
P720,P520,Blijdorp (720),Onbekend (520),604,7148
P720,P530,Blijdorp (720),Nieuwe Westen (530),481,4119
P720,P531,Blijdorp (720),Nieuwe Westen (531),430,3306
P720,P532,Blijdorp (720),Nieuwe Westen (532),540,3556
P720,P540,Blijdorp (720),Delfshaven (540),438,4048
P720,P560,Blijdorp (720),Schiemond (560),505,4430
P720,P570,Blijdorp (720),Oud Mathenesse (570),496,5959
P720,P580,Blijdorp (720),Schiemond (580),579,4997
P720,P581,Blijdorp (720),Bospolder (581),600,6682
P720,P600,Blijdorp (720),Struisenburg (600),621,5851
P720,P610,Blijdorp (720),Rubroek (610),459,4045
P720,P620,Blijdorp (720),De Esch (620),717,11081
P720,P630,Blijdorp (720),Kralingen West (630),569,5404
P720,P633,Blijdorp (720),Kralingen West (633),466,4594
P720,P634,Blijdorp (720),Kralingen West (634),467,4831
P720,P640,Blijdorp (720),De Esch (640),724,11252
P720,P650,Blijdorp (720),Nieuw Crooswijk (650),377,3631
P720,P651,Blijdorp (720),Oud Crooswijk (651),379,3100
P720,P660,Blijdorp (720),Kralingen Oost (660),643,10451
P720,P670,Blijdorp (720),Nieuw Crooswijk (670),390,3737
P720,P680,Blijdorp (720),Nieuw Crooswijk (680),310,3225
P720,P690,Blijdorp (720),Kralingen Oost (690),593,9148
P720,P700,Blijdorp (720),Provenierswijk (700),207,1562
P720,P710,Blijdorp (720),Agniesebuurt (710),275,2031
P720,P712,Blijdorp (720),Stadsdriehoek (712),282,2233
P720,P720,Blijdorp (720),Blijdorp (720),73,0
P720,P721,Blijdorp (720),Blijdorp (721),131,952
P720,P723,Blijdorp (720),Bergpolder (723),146,969
P720,P724,Blijdorp (720),Blijdorp (724),139,1011
P720,P730,Blijdorp (720),Blijdorp (730),210,1196
P720,P740,Blijdorp (720),Blijdorp (740),201,1285
P720,P750,Blijdorp (720),Oude Noorden (750),300,1895
P720,P751,Blijdorp (720),Oude Noorden (751),237,1783
P720,P753,Blijdorp (720),Oude Noorden (753),317,2708
P720,P760,Blijdorp (720),Liskwartier (760),243,1921
P720,P800,Blijdorp (720),Hillegersberg Noord (800),336,2992
P720,P801,Blijdorp (720),Hillegersberg Zuid (801),287,2795
P720,P811,Blijdorp (720),Hillegersberg Noord (811),483,4551
P720,P812,Blijdorp (720),Hillegersberg Noord (812),408,4058
P720,P900,Blijdorp (720),Oud IJsselmonde (900),842,13612
P720,P910,Blijdorp (720),Groot IJsselmonde (910),904,14095
P720,P912,Blijdorp (720),Groot IJsselmonde (912),812,13288
P720,P920,Blijdorp (720),Lombardijen (920),958,9513
P720,P930,Blijdorp (720),Groot IJsselmonde (930),980,14902
P720,P950,Blijdorp (720),Groot IJsselmonde (950),854,13734
P720,P960,Blijdorp (720),Oud IJsselmonde (960),761,12809
P720,P980,Blijdorp (720),Groot IJsselmonde (980),992,17722
P721,P10,Blijdorp (721),Stadsdriehoek (10),393,3691
P721,P11,Blijdorp (721),Stadsdriehoek (11),412,3330
P721,P20,Blijdorp (721),Stadsdriehoek (20),462,4462
P721,P21,Blijdorp (721),Stadsdriehoek (21),460,3858
P721,P30,Blijdorp (721),Cool (30),386,3177
P721,P31,Blijdorp (721),Cool (31),432,3695
P721,P40,Blijdorp (721),Cool (40),416,3835
P721,P41,Blijdorp (721),Stadsdriehoek (41),456,3555
P721,P42,Blijdorp (721),Dijkzigt (42),394,3702
P721,P50,Blijdorp (721),Oude Westen (50),301,2563
P721,P51,Blijdorp (721),Dijkzigt (51),339,3200
P721,P60,Blijdorp (721),Cool (60),333,2642
P721,P120,Blijdorp (721),Nieuwe Werk (120),510,4535
P721,P121,Blijdorp (721),Nieuwe Werk (121),450,4460
P721,P200,Blijdorp (721),Carnisse (200),588,5776
P721,P201,Blijdorp (721),Zuidplein (201),652,6504
P721,P202,Blijdorp (721),Carnisse (202),617,5992
P721,P210,Blijdorp (721),Onbekend (210),694,7155
P721,P220,Blijdorp (721),Charlois Zuidrand (220),805,8408
P721,P230,Blijdorp (721),Tarwewijk (230),590,5704
P721,P232,Blijdorp (721),Bloemhof (232),646,6852
P721,P240,Blijdorp (721),Tarwewijk (240),626,5937
P721,P250,Blijdorp (721),Oud Charlois (250),592,5760
P721,P260,Blijdorp (721),Oud Charlois (260),662,6488
P721,P270,Blijdorp (721),Wielewaal (270),770,7283
P721,P280,Blijdorp (721),Pendrecht (280),756,7557
P721,P282,Blijdorp (721),Zuiderpark (282),723,7010
P721,P290,Blijdorp (721),Zuidwijk (290),883,8782
P721,P300,Blijdorp (721),Hillesluis (300),761,7399
P721,P301,Blijdorp (721),Hillesluis (301),735,6893
P721,P310,Blijdorp (721),Vreewijk (310),817,8231
P721,P311,Blijdorp (721),Vreewijk (311),804,8341
P721,P320,Blijdorp (721),Kop van Zuid - Entrepot (320),666,6091
P721,P322,Blijdorp (721),Kop van Zuid - Entrepot (322),608,5845
P721,P323,Blijdorp (721),Kop van Zuid (323),528,5044
P721,P330,Blijdorp (721),Afrikaanderwijk (330),686,6265
P721,P331,Blijdorp (721),Afrikaanderwijk (331),625,5818
P721,P340,Blijdorp (721),Bloemhof (340),729,7186
P721,P341,Blijdorp (721),Hillesluis (341),790,7802
P721,P350,Blijdorp (721),Katendrecht (350),734,6480
P721,P370,Blijdorp (721),Noordereiland (370),569,5401
P721,P380,Blijdorp (721),Feijenoord (380),713,6512
P721,P400,Blijdorp (721),Oosterflank (400),628,9429
P721,P410,Blijdorp (721),'s-Gravenland (410),802,10901
P721,P500,Blijdorp (721),Middelland (500),306,2867
P721,P501,Blijdorp (721),Middelland (501),274,2414
P721,P502,Blijdorp (721),Dijkzigt (502),322,3162
P721,P503,Blijdorp (721),Middelland (503),294,2736
P721,P504,Blijdorp (721),Middelland (504),305,2612
P721,P510,Blijdorp (721),Tussendijken (510),471,3482
P721,P511,Blijdorp (721),Tussendijken (511),550,6791
P721,P513,Blijdorp (721),Tussendijken (513),451,3122
P721,P520,Blijdorp (721),Onbekend (520),589,7319
P721,P530,Blijdorp (721),Nieuwe Westen (530),404,3731
P721,P531,Blijdorp (721),Nieuwe Westen (531),361,2840
P721,P532,Blijdorp (721),Nieuwe Westen (532),520,3576
P721,P540,Blijdorp (721),Delfshaven (540),358,3553
P721,P560,Blijdorp (721),Schiemond (560),439,3921
P721,P570,Blijdorp (721),Oud Mathenesse (570),494,6139
P721,P580,Blijdorp (721),Schiemond (580),492,4479
P721,P581,Blijdorp (721),Bospolder (581),546,5384
P721,P600,Blijdorp (721),Struisenburg (600),555,5297
P721,P610,Blijdorp (721),Rubroek (610),399,3605
P721,P620,Blijdorp (721),De Esch (620),704,11265
P721,P630,Blijdorp (721),Kralingen West (630),499,4803
P721,P633,Blijdorp (721),Kralingen West (633),404,4125
P721,P634,Blijdorp (721),Kralingen West (634),439,4522
P721,P640,Blijdorp (721),De Esch (640),729,11516
P721,P650,Blijdorp (721),Nieuw Crooswijk (650),323,2997
P721,P651,Blijdorp (721),Oud Crooswijk (651),299,2646
P721,P660,Blijdorp (721),Kralingen Oost (660),612,10621
P721,P670,Blijdorp (721),Nieuw Crooswijk (670),357,3708
P721,P680,Blijdorp (721),Nieuw Crooswijk (680),304,3220
P721,P690,Blijdorp (721),Kralingen Oost (690),561,9204
P721,P700,Blijdorp (721),Provenierswijk (700),136,1003
P721,P710,Blijdorp (721),Agniesebuurt (710),200,1557
P721,P712,Blijdorp (721),Stadsdriehoek (712),209,1643
P721,P720,Blijdorp (721),Blijdorp (720),97,608
P721,P721,Blijdorp (721),Blijdorp (721),14,0
P721,P723,Blijdorp (721),Bergpolder (723),62,520
P721,P724,Blijdorp (721),Blijdorp (724),196,1451
P721,P730,Blijdorp (721),Blijdorp (730),98,684
P721,P740,Blijdorp (721),Blijdorp (740),134,1049
P721,P750,Blijdorp (721),Oude Noorden (750),228,1295
P721,P751,Blijdorp (721),Oude Noorden (751),158,1264
P721,P753,Blijdorp (721),Oude Noorden (753),247,2106
P721,P760,Blijdorp (721),Liskwartier (760),197,1504
P721,P800,Blijdorp (721),Hillegersberg Noord (800),325,2767
P721,P801,Blijdorp (721),Hillegersberg Zuid (801),263,2600
P721,P811,Blijdorp (721),Hillegersberg Noord (811),460,4315
P721,P812,Blijdorp (721),Hillegersberg Noord (812),380,3822
P721,P900,Blijdorp (721),Oud IJsselmonde (900),802,13630
P721,P910,Blijdorp (721),Groot IJsselmonde (910),885,14324
P721,P912,Blijdorp (721),Groot IJsselmonde (912),780,13319
P721,P920,Blijdorp (721),Lombardijen (920),919,9004
P721,P930,Blijdorp (721),Groot IJsselmonde (930),972,15220
P721,P950,Blijdorp (721),Groot IJsselmonde (950),837,13908
P721,P960,Blijdorp (721),Oud IJsselmonde (960),729,12905
P721,P980,Blijdorp (721),Groot IJsselmonde (980),960,17772
P723,P10,Bergpolder (723),Stadsdriehoek (10),396,3143
P723,P11,Bergpolder (723),Stadsdriehoek (11),407,3467
P723,P20,Bergpolder (723),Stadsdriehoek (20),460,4066
P723,P21,Bergpolder (723),Stadsdriehoek (21),481,3875
P723,P30,Bergpolder (723),Cool (30),409,3660
P723,P31,Bergpolder (723),Cool (31),466,4240
P723,P40,Bergpolder (723),Cool (40),448,4199
P723,P41,Bergpolder (723),Stadsdriehoek (41),479,4124
P723,P42,Bergpolder (723),Dijkzigt (42),418,4017
P723,P50,Bergpolder (723),Oude Westen (50),334,2910
P723,P51,Bergpolder (723),Dijkzigt (51),364,3594
P723,P60,Bergpolder (723),Cool (60),357,3212
P723,P120,Bergpolder (723),Nieuwe Werk (120),543,4850
P723,P121,Bergpolder (723),Nieuwe Werk (121),476,4788
P723,P200,Bergpolder (723),Carnisse (200),622,6252
P723,P201,Bergpolder (723),Zuidplein (201),682,6851
P723,P202,Bergpolder (723),Carnisse (202),650,6407
P723,P210,Bergpolder (723),Onbekend (210),728,7699
P723,P220,Bergpolder (723),Charlois Zuidrand (220),836,8754
P723,P230,Bergpolder (723),Tarwewijk (230),623,6165
P723,P232,Bergpolder (723),Bloemhof (232),679,7230
P723,P240,Bergpolder (723),Tarwewijk (240),659,6290
P723,P250,Bergpolder (723),Oud Charlois (250),626,6173
P723,P260,Bergpolder (723),Oud Charlois (260),690,6834
P723,P270,Bergpolder (723),Wielewaal (270),800,7630
P723,P280,Bergpolder (723),Pendrecht (280),779,7917
P723,P282,Bergpolder (723),Zuiderpark (282),747,7580
P723,P290,Bergpolder (723),Zuidwijk (290),916,9276
P723,P300,Bergpolder (723),Hillesluis (300),794,7714
P723,P301,Bergpolder (723),Hillesluis (301),759,7235
P723,P310,Bergpolder (723),Vreewijk (310),851,8662
P723,P311,Bergpolder (723),Vreewijk (311),832,8688
P723,P320,Bergpolder (723),Kop van Zuid - Entrepot (320),682,6327
P723,P322,Bergpolder (723),Kop van Zuid - Entrepot (322),608,5287
P723,P323,Bergpolder (723),Kop van Zuid (323),552,5359
P723,P330,Bergpolder (723),Afrikaanderwijk (330),711,6612
P723,P331,Bergpolder (723),Afrikaanderwijk (331),659,6165
P723,P340,Bergpolder (723),Bloemhof (340),762,7514
P723,P341,Bergpolder (723),Hillesluis (341),823,8159
P723,P350,Bergpolder (723),Katendrecht (350),768,6827
P723,P370,Bergpolder (723),Noordereiland (370),572,4900
P723,P380,Bergpolder (723),Feijenoord (380),708,6243
P723,P400,Bergpolder (723),Oosterflank (400),601,9338
P723,P410,Bergpolder (723),'s-Gravenland (410),803,7661
P723,P500,Bergpolder (723),Middelland (500),330,3182
P723,P501,Bergpolder (723),Middelland (501),298,2729
P723,P502,Bergpolder (723),Dijkzigt (502),352,3509
P723,P503,Bergpolder (723),Middelland (503),328,3083
P723,P504,Bergpolder (723),Middelland (504),332,2927
P723,P510,Bergpolder (723),Tussendijken (510),505,4056
P723,P511,Bergpolder (723),Tussendijken (511),580,7036
P723,P513,Bergpolder (723),Tussendijken (513),500,3763
P723,P520,Bergpolder (723),Onbekend (520),578,7303
P723,P530,Bergpolder (723),Nieuwe Westen (530),434,4064
P723,P531,Bergpolder (723),Nieuwe Westen (531),394,3198
P723,P532,Bergpolder (723),Nieuwe Westen (532),551,3924
P723,P540,Bergpolder (723),Delfshaven (540),385,4006
P723,P560,Bergpolder (723),Schiemond (560),473,4410
P723,P570,Bergpolder (723),Oud Mathenesse (570),477,6195
P723,P580,Bergpolder (723),Schiemond (580),516,4794
P723,P581,Bergpolder (723),Bospolder (581),557,5748
P723,P600,Bergpolder (723),Struisenburg (600),543,5083
P723,P610,Bergpolder (723),Rubroek (610),378,3271
P723,P620,Bergpolder (723),De Esch (620),692,11042
P723,P630,Bergpolder (723),Kralingen West (630),464,4208
P723,P633,Bergpolder (723),Kralingen West (633),374,3884
P723,P634,Bergpolder (723),Kralingen West (634),393,4326
P723,P640,Bergpolder (723),De Esch (640),706,11407
P723,P650,Bergpolder (723),Nieuw Crooswijk (650),307,2756
P723,P651,Bergpolder (723),Oud Crooswijk (651),275,2442
P723,P660,Bergpolder (723),Kralingen Oost (660),616,10239
P723,P670,Bergpolder (723),Nieuw Crooswijk (670),348,3267
P723,P680,Bergpolder (723),Nieuw Crooswijk (680),276,2920
P723,P690,Bergpolder (723),Kralingen Oost (690),584,9303
P723,P700,Bergpolder (723),Provenierswijk (700),106,918
P723,P710,Bergpolder (723),Agniesebuurt (710),176,1386
P723,P712,Bergpolder (723),Stadsdriehoek (712),183,1448
P723,P720,Bergpolder (723),Blijdorp (720),138,998
P723,P721,Bergpolder (723),Blijdorp (721),101,691
P723,P723,Bergpolder (723),Bergpolder (723),11,0
P723,P724,Bergpolder (723),Blijdorp (724),220,1797
P723,P730,Bergpolder (723),Blijdorp (730),149,930
P723,P740,Bergpolder (723),Blijdorp (740),168,1396
P723,P750,Bergpolder (723),Oude Noorden (750),203,1140
P723,P751,Bergpolder (723),Oude Noorden (751),139,1080
P723,P753,Bergpolder (723),Oude Noorden (753),240,1865
P723,P760,Bergpolder (723),Liskwartier (760),193,1420
P723,P800,Bergpolder (723),Hillegersberg Noord (800),298,2736
P723,P801,Bergpolder (723),Hillegersberg Zuid (801),233,2358
P723,P811,Bergpolder (723),Hillegersberg Noord (811),420,4104
P723,P812,Bergpolder (723),Hillegersberg Noord (812),346,3597
P723,P900,Bergpolder (723),Oud IJsselmonde (900),816,13559
P723,P910,Bergpolder (723),Groot IJsselmonde (910),891,14249
P723,P912,Bergpolder (723),Groot IJsselmonde (912),803,13550
P723,P920,Bergpolder (723),Lombardijen (920),942,9573
P723,P930,Bergpolder (723),Groot IJsselmonde (930),968,15137
P723,P950,Bergpolder (723),Groot IJsselmonde (950),828,13888
P723,P960,Bergpolder (723),Oud IJsselmonde (960),751,13005
P723,P980,Bergpolder (723),Groot IJsselmonde (980),978,17922
P724,P10,Blijdorp (724),Stadsdriehoek (10),540,5301
P724,P11,Blijdorp (724),Stadsdriehoek (11),551,5040
P724,P20,Blijdorp (724),Stadsdriehoek (20),581,6151
P724,P21,Blijdorp (724),Stadsdriehoek (21),583,4951
P724,P30,Blijdorp (724),Cool (30),515,4303
P724,P31,Blijdorp (724),Cool (31),570,4822
P724,P40,Blijdorp (724),Cool (40),576,4962
P724,P41,Blijdorp (724),Stadsdriehoek (41),563,4660
P724,P42,Blijdorp (724),Dijkzigt (42),549,4828
P724,P50,Blijdorp (724),Oude Westen (50),462,3697
P724,P51,Blijdorp (724),Dijkzigt (51),498,4322
P724,P60,Blijdorp (724),Cool (60),433,3734
P724,P120,Blijdorp (724),Nieuwe Werk (120),651,5662
P724,P121,Blijdorp (724),Nieuwe Werk (121),611,5587
P724,P200,Blijdorp (724),Carnisse (200),730,6883
P724,P201,Blijdorp (724),Zuidplein (201),812,7638
P724,P202,Blijdorp (724),Carnisse (202),772,7119
P724,P210,Blijdorp (724),Onbekend (210),840,8247
P724,P220,Blijdorp (724),Charlois Zuidrand (220),965,9541
P724,P230,Blijdorp (724),Tarwewijk (230),727,6827
P724,P232,Blijdorp (724),Bloemhof (232),807,7949
P724,P240,Blijdorp (724),Tarwewijk (240),772,7064
P724,P250,Blijdorp (724),Oud Charlois (250),731,6866
P724,P260,Blijdorp (724),Oud Charlois (260),824,7621
P724,P270,Blijdorp (724),Wielewaal (270),931,8386
P724,P280,Blijdorp (724),Pendrecht (280),899,8684
P724,P282,Blijdorp (724),Zuiderpark (282),828,8102
P724,P290,Blijdorp (724),Zuidwijk (290),1022,9908
P724,P300,Blijdorp (724),Hillesluis (300),914,8526
P724,P301,Blijdorp (724),Hillesluis (301),892,8010
P724,P310,Blijdorp (724),Vreewijk (310),957,9357
P724,P311,Blijdorp (724),Vreewijk (311),966,9474
P724,P320,Blijdorp (724),Kop van Zuid - Entrepot (320),821,7900
P724,P322,Blijdorp (724),Kop van Zuid - Entrepot (322),755,7454
P724,P323,Blijdorp (724),Kop van Zuid (323),688,6171
P724,P330,Blijdorp (724),Afrikaanderwijk (330),845,7399
P724,P331,Blijdorp (724),Afrikaanderwijk (331),782,6952
P724,P340,Blijdorp (724),Bloemhof (340),890,8300
P724,P341,Blijdorp (724),Hillesluis (341),945,8928
P724,P350,Blijdorp (724),Katendrecht (350),881,7584
P724,P370,Blijdorp (724),Noordereiland (370),709,7033
P724,P380,Blijdorp (724),Feijenoord (380),854,8125
P724,P400,Blijdorp (724),Oosterflank (400),607,9504
P724,P410,Blijdorp (724),'s-Gravenland (410),826,11245
P724,P500,Blijdorp (724),Middelland (500),464,4047
P724,P501,Blijdorp (724),Middelland (501),434,3541
P724,P502,Blijdorp (724),Dijkzigt (502),453,4696
P724,P503,Blijdorp (724),Middelland (503),449,3863
P724,P504,Blijdorp (724),Middelland (504),412,2926
P724,P510,Blijdorp (724),Tussendijken (510),453,4150
P724,P511,Blijdorp (724),Tussendijken (511),531,4851
P724,P513,Blijdorp (724),Tussendijken (513),417,3638
P724,P520,Blijdorp (724),Onbekend (520),549,5593
P724,P530,Blijdorp (724),Nieuwe Westen (530),430,4209
P724,P531,Blijdorp (724),Nieuwe Westen (531),386,3500
P724,P532,Blijdorp (724),Nieuwe Westen (532),463,2976
P724,P540,Blijdorp (724),Delfshaven (540),436,4513
P724,P560,Blijdorp (724),Schiemond (560),515,5128
P724,P570,Blijdorp (724),Oud Mathenesse (570),427,4320
P724,P580,Blijdorp (724),Schiemond (580),568,5102
P724,P581,Blijdorp (724),Bospolder (581),549,5336
P724,P600,Blijdorp (724),Struisenburg (600),668,7052
P724,P610,Blijdorp (724),Rubroek (610),503,4904
P724,P620,Blijdorp (724),De Esch (620),713,11483
P724,P630,Blijdorp (724),Kralingen West (630),584,6421
P724,P633,Blijdorp (724),Kralingen West (633),494,5474
P724,P634,Blijdorp (724),Kralingen West (634),458,5170
P724,P640,Blijdorp (724),De Esch (640),710,11592
P724,P650,Blijdorp (724),Nieuw Crooswijk (650),392,4431
P724,P651,Blijdorp (724),Oud Crooswijk (651),424,4082
P724,P660,Blijdorp (724),Kralingen Oost (660),644,10908
P724,P670,Blijdorp (724),Nieuw Crooswijk (670),382,4140
P724,P680,Blijdorp (724),Nieuw Crooswijk (680),308,3663
P724,P690,Blijdorp (724),Kralingen Oost (690),589,9548
P724,P700,Blijdorp (724),Provenierswijk (700),267,2415
P724,P710,Blijdorp (724),Agniesebuurt (710),337,2958
P724,P712,Blijdorp (724),Stadsdriehoek (712),338,3066
P724,P720,Blijdorp (724),Blijdorp (720),122,878
P724,P721,Blijdorp (724),Blijdorp (721),183,1753
P724,P723,Blijdorp (724),Bergpolder (723),168,1703
P724,P724,Blijdorp (724),Blijdorp (724),28,0
P724,P730,Blijdorp (724),Blijdorp (730),262,2304
P724,P740,Blijdorp (724),Blijdorp (740),230,1655
P724,P750,Blijdorp (724),Oude Noorden (750),358,2716
P724,P751,Blijdorp (724),Oude Noorden (751),278,2623
P724,P753,Blijdorp (724),Oude Noorden (753),362,3262
P724,P760,Blijdorp (724),Liskwartier (760),259,2489
P724,P800,Blijdorp (724),Hillegersberg Noord (800),333,3208
P724,P801,Blijdorp (724),Hillegersberg Zuid (801),278,2961
P724,P811,Blijdorp (724),Hillegersberg Noord (811),478,4758
P724,P812,Blijdorp (724),Hillegersberg Noord (812),403,4263
P724,P900,Blijdorp (724),Oud IJsselmonde (900),838,14075
P724,P910,Blijdorp (724),Groot IJsselmonde (910),900,14604
P724,P912,Blijdorp (724),Groot IJsselmonde (912),811,13690
P724,P920,Blijdorp (724),Lombardijen (920),1032,10122
P724,P930,Blijdorp (724),Groot IJsselmonde (930),977,15322
P724,P950,Blijdorp (724),Groot IJsselmonde (950),866,14243
P724,P960,Blijdorp (724),Oud IJsselmonde (960),759,13211
P724,P980,Blijdorp (724),Groot IJsselmonde (980),988,18116
P730,P10,Blijdorp (730),Stadsdriehoek (10),415,3770
P730,P11,Blijdorp (730),Stadsdriehoek (11),415,3379
P730,P20,Blijdorp (730),Stadsdriehoek (20),470,4526
P730,P21,Blijdorp (730),Stadsdriehoek (21),447,3830
P730,P30,Blijdorp (730),Cool (30),378,3227
P730,P31,Blijdorp (730),Cool (31),431,3655
P730,P40,Blijdorp (730),Cool (40),428,3784
P730,P41,Blijdorp (730),Stadsdriehoek (41),426,3583
P730,P42,Blijdorp (730),Dijkzigt (42),412,3752
P730,P50,Blijdorp (730),Oude Westen (50),320,2566
P730,P51,Blijdorp (730),Dijkzigt (51),342,3184
P730,P60,Blijdorp (730),Cool (60),296,2641
P730,P120,Blijdorp (730),Nieuwe Werk (120),512,4504
P730,P121,Blijdorp (730),Nieuwe Werk (121),474,4510
P730,P200,Blijdorp (730),Carnisse (200),591,5761
P730,P201,Blijdorp (730),Zuidplein (201),656,6442
P730,P202,Blijdorp (730),Carnisse (202),616,5951
P730,P210,Blijdorp (730),Onbekend (210),702,7139
P730,P220,Blijdorp (730),Charlois Zuidrand (220),824,8345
P730,P230,Blijdorp (730),Tarwewijk (230),588,5688
P730,P232,Blijdorp (730),Bloemhof (232),669,6837
P730,P240,Blijdorp (730),Tarwewijk (240),624,5772
P730,P250,Blijdorp (730),Oud Charlois (250),593,5744
P730,P260,Blijdorp (730),Oud Charlois (260),686,6463
P730,P270,Blijdorp (730),Wielewaal (270),791,7279
P730,P280,Blijdorp (730),Pendrecht (280),762,7517
P730,P282,Blijdorp (730),Zuiderpark (282),692,6995
P730,P290,Blijdorp (730),Zuidwijk (290),882,8691
P730,P300,Blijdorp (730),Hillesluis (300),759,7238
P730,P301,Blijdorp (730),Hillesluis (301),744,6877
P730,P310,Blijdorp (730),Vreewijk (310),816,8095
P730,P311,Blijdorp (730),Vreewijk (311),827,8380
P730,P320,Blijdorp (730),Kop van Zuid - Entrepot (320),687,6140
P730,P322,Blijdorp (730),Kop van Zuid - Entrepot (322),630,5932
P730,P323,Blijdorp (730),Kop van Zuid (323),551,5094
P730,P330,Blijdorp (730),Afrikaanderwijk (330),680,6056
P730,P331,Blijdorp (730),Afrikaanderwijk (331),643,5846
P730,P340,Blijdorp (730),Bloemhof (340),743,7178
P730,P341,Blijdorp (730),Hillesluis (341),788,7701
P730,P350,Blijdorp (730),Katendrecht (350),741,6477
P730,P370,Blijdorp (730),Noordereiland (370),583,5498
P730,P380,Blijdorp (730),Feijenoord (380),730,6594
P730,P400,Blijdorp (730),Oosterflank (400),635,9594
P730,P410,Blijdorp (730),'s-Gravenland (410),853,11322
P730,P500,Blijdorp (730),Middelland (500),309,2917
P730,P501,Blijdorp (730),Middelland (501),272,2216
P730,P502,Blijdorp (730),Dijkzigt (502),346,3113
P730,P503,Blijdorp (730),Middelland (503),314,2735
P730,P504,Blijdorp (730),Middelland (504),301,2299
P730,P510,Blijdorp (730),Tussendijken (510),470,3178
P730,P511,Blijdorp (730),Tussendijken (511),554,3674
P730,P513,Blijdorp (730),Tussendijken (513),413,2819
P730,P520,Blijdorp (730),Onbekend (520),620,6041
P730,P530,Blijdorp (730),Nieuwe Westen (530),402,3445
P730,P531,Blijdorp (730),Nieuwe Westen (531),359,2519
P730,P532,Blijdorp (730),Nieuwe Westen (532),537,3024
P730,P540,Blijdorp (730),Delfshaven (540),360,3463
P730,P560,Blijdorp (730),Schiemond (560),436,3906
P730,P570,Blijdorp (730),Oud Mathenesse (570),502,5030
P730,P580,Blijdorp (730),Schiemond (580),516,4529
P730,P581,Blijdorp (730),Bospolder (581),561,5368
P730,P600,Blijdorp (730),Struisenburg (600),561,5254
P730,P610,Blijdorp (730),Rubroek (610),411,3732
P730,P620,Blijdorp (730),De Esch (620),728,11296
P730,P630,Blijdorp (730),Kralingen West (630),507,4900
P730,P633,Blijdorp (730),Kralingen West (633),425,4157
P730,P634,Blijdorp (730),Kralingen West (634),472,4538
P730,P640,Blijdorp (730),De Esch (640),738,11678
P730,P650,Blijdorp (730),Nieuw Crooswijk (650),352,3233
P730,P651,Blijdorp (730),Oud Crooswijk (651),329,2917
P730,P660,Blijdorp (730),Kralingen Oost (660),667,10970
P730,P670,Blijdorp (730),Nieuw Crooswijk (670),409,4238
P730,P680,Blijdorp (730),Nieuw Crooswijk (680),336,3744
P730,P690,Blijdorp (730),Kralingen Oost (690),617,9574
P730,P700,Blijdorp (730),Provenierswijk (700),182,1388
P730,P710,Blijdorp (730),Agniesebuurt (710),221,1638
P730,P712,Blijdorp (730),Stadsdriehoek (712),254,2041
P730,P720,Blijdorp (730),Blijdorp (720),167,1110
P730,P721,Blijdorp (730),Blijdorp (721),122,756
P730,P723,Blijdorp (730),Bergpolder (723),117,960
P730,P724,Blijdorp (730),Blijdorp (724),218,1548
P730,P730,Blijdorp (730),Blijdorp (730),37,0
P730,P740,Blijdorp (730),Blijdorp (740),125,914
P730,P750,Blijdorp (730),Oude Noorden (750),250,1699
P730,P751,Blijdorp (730),Oude Noorden (751),184,1587
P730,P753,Blijdorp (730),Oude Noorden (753),292,2387
P730,P760,Blijdorp (730),Liskwartier (760),241,1810
P730,P800,Blijdorp (730),Hillegersberg Noord (800),368,3266
P730,P801,Blijdorp (730),Hillegersberg Zuid (801),314,3004
P730,P811,Blijdorp (730),Hillegersberg Noord (811),500,4719
P730,P812,Blijdorp (730),Hillegersberg Noord (812),426,4214
P730,P900,Blijdorp (730),Oud IJsselmonde (900),830,7646
P730,P910,Blijdorp (730),Groot IJsselmonde (910),928,14532
P730,P912,Blijdorp (730),Groot IJsselmonde (912),836,13807
P730,P920,Blijdorp (730),Lombardijen (920),895,8994
P730,P930,Blijdorp (730),Groot IJsselmonde (930),1004,15421
P730,P950,Blijdorp (730),Groot IJsselmonde (950),890,14219
P730,P960,Blijdorp (730),Oud IJsselmonde (960),785,13276
P730,P980,Blijdorp (730),Groot IJsselmonde (980),1014,18193
P740,P10,Blijdorp (740),Stadsdriehoek (10),411,3682
P740,P11,Blijdorp (740),Stadsdriehoek (11),405,3217
P740,P20,Blijdorp (740),Stadsdriehoek (20),466,4438
P740,P21,Blijdorp (740),Stadsdriehoek (21),441,3755
P740,P30,Blijdorp (740),Cool (30),378,3165
P740,P31,Blijdorp (740),Cool (31),421,3567
P740,P40,Blijdorp (740),Cool (40),424,3696
P740,P41,Blijdorp (740),Stadsdriehoek (41),426,3522
P740,P42,Blijdorp (740),Dijkzigt (42),412,3690
P740,P50,Blijdorp (740),Oude Westen (50),320,2504
P740,P51,Blijdorp (740),Dijkzigt (51),338,3096
P740,P60,Blijdorp (740),Cool (60),296,2580
P740,P120,Blijdorp (740),Nieuwe Werk (120),509,4335
P740,P121,Blijdorp (740),Nieuwe Werk (121),474,4438
P740,P200,Blijdorp (740),Carnisse (200),588,5673
P740,P201,Blijdorp (740),Zuidplein (201),652,6354
P740,P202,Blijdorp (740),Carnisse (202),612,5863
P740,P210,Blijdorp (740),Onbekend (210),698,7051
P740,P220,Blijdorp (740),Charlois Zuidrand (220),820,8257
P740,P230,Blijdorp (740),Tarwewijk (230),573,5600
P740,P232,Blijdorp (740),Bloemhof (232),665,6749
P740,P240,Blijdorp (740),Tarwewijk (240),601,5684
P740,P250,Blijdorp (740),Oud Charlois (250),589,5656
P740,P260,Blijdorp (740),Oud Charlois (260),685,6375
P740,P270,Blijdorp (740),Wielewaal (270),787,7191
P740,P280,Blijdorp (740),Pendrecht (280),749,7348
P740,P282,Blijdorp (740),Zuiderpark (282),692,6923
P740,P290,Blijdorp (740),Zuidwijk (290),866,8603
P740,P300,Blijdorp (740),Hillesluis (300),751,7068
P740,P301,Blijdorp (740),Hillesluis (301),740,6789
P740,P310,Blijdorp (740),Vreewijk (310),797,8007
P740,P311,Blijdorp (740),Vreewijk (311),826,8298
P740,P320,Blijdorp (740),Kop van Zuid - Entrepot (320),683,6052
P740,P322,Blijdorp (740),Kop van Zuid - Entrepot (322),626,5844
P740,P323,Blijdorp (740),Kop van Zuid (323),549,5009
P740,P330,Blijdorp (740),Afrikaanderwijk (330),676,5968
P740,P331,Blijdorp (740),Afrikaanderwijk (331),640,5764
P740,P340,Blijdorp (740),Bloemhof (340),739,7090
P740,P341,Blijdorp (740),Hillesluis (341),766,7613
P740,P350,Blijdorp (740),Katendrecht (350),739,6389
P740,P370,Blijdorp (740),Noordereiland (370),581,5414
P740,P380,Blijdorp (740),Feijenoord (380),730,6506
P740,P400,Blijdorp (740),Oosterflank (400),703,10250
P740,P410,Blijdorp (740),'s-Gravenland (410),915,11893
P740,P500,Blijdorp (740),Middelland (500),305,2851
P740,P501,Blijdorp (740),Middelland (501),249,2046
P740,P502,Blijdorp (740),Dijkzigt (502),342,3025
P740,P503,Blijdorp (740),Middelland (503),313,2667
P740,P504,Blijdorp (740),Middelland (504),254,1629
P740,P510,Blijdorp (740),Tussendijken (510),397,2598
P740,P511,Blijdorp (740),Tussendijken (511),476,3011
P740,P513,Blijdorp (740),Tussendijken (513),342,2306
P740,P520,Blijdorp (740),Onbekend (520),539,3972
P740,P530,Blijdorp (740),Nieuwe Westen (530),379,2815
P740,P531,Blijdorp (740),Nieuwe Westen (531),286,1880
P740,P532,Blijdorp (740),Nieuwe Westen (532),495,2378
P740,P540,Blijdorp (740),Delfshaven (540),356,3375
P740,P560,Blijdorp (740),Schiemond (560),424,3818
P740,P570,Blijdorp (740),Oud Mathenesse (570),466,3837
P740,P580,Blijdorp (740),Schiemond (580),515,4466
P740,P581,Blijdorp (740),Bospolder (581),528,4738
P740,P600,Blijdorp (740),Struisenburg (600),538,5166
P740,P610,Blijdorp (740),Rubroek (610),407,3644
P740,P620,Blijdorp (740),De Esch (620),748,6888
P740,P630,Blijdorp (740),Kralingen West (630),523,4838
P740,P633,Blijdorp (740),Kralingen West (633),497,4517
P740,P634,Blijdorp (740),Kralingen West (634),534,5008
P740,P640,Blijdorp (740),De Esch (640),774,7582
P740,P650,Blijdorp (740),Nieuw Crooswijk (650),430,3783
P740,P651,Blijdorp (740),Oud Crooswijk (651),401,3468
P740,P660,Blijdorp (740),Kralingen Oost (660),729,11544
P740,P670,Blijdorp (740),Nieuw Crooswijk (670),475,4788
P740,P680,Blijdorp (740),Nieuw Crooswijk (680),399,4300
P740,P690,Blijdorp (740),Kralingen Oost (690),679,10281
P740,P700,Blijdorp (740),Provenierswijk (700),242,1753
P740,P710,Blijdorp (740),Agniesebuurt (710),305,2188
P740,P712,Blijdorp (740),Stadsdriehoek (712),299,2710
P740,P720,Blijdorp (740),Blijdorp (720),217,1576
P740,P721,Blijdorp (740),Blijdorp (721),180,1306
P740,P723,Blijdorp (740),Bergpolder (723),182,1562
P740,P724,Blijdorp (740),Blijdorp (724),229,1843
P740,P730,Blijdorp (740),Blijdorp (730),177,1266
P740,P740,Blijdorp (740),Blijdorp (740),37,0
P740,P750,Blijdorp (740),Oude Noorden (750),331,2276
P740,P751,Blijdorp (740),Oude Noorden (751),253,2151
P740,P753,Blijdorp (740),Oude Noorden (753),354,2938
P740,P760,Blijdorp (740),Liskwartier (760),316,2381
P740,P800,Blijdorp (740),Hillegersberg Noord (800),429,3844
P740,P801,Blijdorp (740),Hillegersberg Zuid (801),374,3565
P740,P811,Blijdorp (740),Hillegersberg Noord (811),562,5271
P740,P812,Blijdorp (740),Hillegersberg Noord (812),484,4764
P740,P900,Blijdorp (740),Oud IJsselmonde (900),826,7584
P740,P910,Blijdorp (740),Groot IJsselmonde (910),938,8519
P740,P912,Blijdorp (740),Groot IJsselmonde (912),898,14384
P740,P920,Blijdorp (740),Lombardijen (920),895,8900
P740,P930,Blijdorp (740),Groot IJsselmonde (930),1056,10197
P740,P950,Blijdorp (740),Groot IJsselmonde (950),955,14710
P740,P960,Blijdorp (740),Oud IJsselmonde (960),847,13826
P740,P980,Blijdorp (740),Groot IJsselmonde (980),1072,18744
P750,P10,Oude Noorden (750),Stadsdriehoek (10),372,3162
P750,P11,Oude Noorden (750),Stadsdriehoek (11),387,3101
P750,P20,Oude Noorden (750),Stadsdriehoek (20),419,3653
P750,P21,Oude Noorden (750),Stadsdriehoek (21),443,3836
P750,P30,Oude Noorden (750),Cool (30),436,3488
P750,P31,Oude Noorden (750),Cool (31),500,4615
P750,P40,Oude Noorden (750),Cool (40),512,4528
P750,P41,Oude Noorden (750),Stadsdriehoek (41),525,4384
P750,P42,Oude Noorden (750),Dijkzigt (42),504,4267
P750,P50,Oude Noorden (750),Oude Westen (50),419,3117
P750,P51,Oude Noorden (750),Dijkzigt (51),451,3761
P750,P60,Oude Noorden (750),Cool (60),443,3157
P750,P120,Oude Noorden (750),Nieuwe Werk (120),628,5101
P750,P121,Oude Noorden (750),Nieuwe Werk (121),562,5048
P750,P200,Oude Noorden (750),Carnisse (200),706,6322
P750,P201,Oude Noorden (750),Zuidplein (201),767,7082
P750,P202,Oude Noorden (750),Carnisse (202),735,6558
P750,P210,Oude Noorden (750),Onbekend (210),813,7674
P750,P220,Oude Noorden (750),Charlois Zuidrand (220),921,8986
P750,P230,Oude Noorden (750),Tarwewijk (230),708,6266
P750,P232,Oude Noorden (750),Bloemhof (232),758,7322
P750,P240,Oude Noorden (750),Tarwewijk (240),744,6503
P750,P250,Oude Noorden (750),Oud Charlois (250),711,6306
P750,P260,Oude Noorden (750),Oud Charlois (260),775,7064
P750,P270,Oude Noorden (750),Wielewaal (270),885,7817
P750,P280,Oude Noorden (750),Pendrecht (280),866,8123
P750,P282,Oude Noorden (750),Zuiderpark (282),833,7517
P750,P290,Oude Noorden (750),Zuidwijk (290),1002,9348
P750,P300,Oude Noorden (750),Hillesluis (300),794,7382
P750,P301,Oude Noorden (750),Hillesluis (301),776,7179
P750,P310,Oude Noorden (750),Vreewijk (310),936,8796
P750,P311,Oude Noorden (750),Vreewijk (311),917,8908
P750,P320,Oude Noorden (750),Kop van Zuid - Entrepot (320),658,5916
P750,P322,Oude Noorden (750),Kop van Zuid - Entrepot (322),587,5282
P750,P323,Oude Noorden (750),Kop van Zuid (323),606,5706
P750,P330,Oude Noorden (750),Afrikaanderwijk (330),753,6718
P750,P331,Oude Noorden (750),Afrikaanderwijk (331),698,6487
P750,P340,Oude Noorden (750),Bloemhof (340),825,7558
P750,P341,Oude Noorden (750),Hillesluis (341),854,7834
P750,P350,Oude Noorden (750),Katendrecht (350),798,7149
P750,P370,Oude Noorden (750),Noordereiland (370),538,4895
P750,P380,Oude Noorden (750),Feijenoord (380),688,6081
P750,P400,Oude Noorden (750),Oosterflank (400),696,9853
P750,P410,Oude Noorden (750),'s-Gravenland (410),792,7120
P750,P500,Oude Noorden (750),Middelland (500),418,3445
P750,P501,Oude Noorden (750),Middelland (501),385,2980
P750,P502,Oude Noorden (750),Dijkzigt (502),437,3744
P750,P503,Oude Noorden (750),Middelland (503),413,3278
P750,P504,Oude Noorden (750),Middelland (504),420,3178
P750,P510,Oude Noorden (750),Tussendijken (510),590,4094
P750,P511,Oude Noorden (750),Tussendijken (511),646,7585
P750,P513,Oude Noorden (750),Tussendijken (513),587,3735
P750,P520,Oude Noorden (750),Onbekend (520),683,8062
P750,P530,Oude Noorden (750),Nieuwe Westen (530),522,4314
P750,P531,Oude Noorden (750),Nieuwe Westen (531),479,3405
P750,P532,Oude Noorden (750),Nieuwe Westen (532),649,4686
P750,P540,Oude Noorden (750),Delfshaven (540),470,4118
P750,P560,Oude Noorden (750),Schiemond (560),558,4477
P750,P570,Oude Noorden (750),Oud Mathenesse (570),587,6770
P750,P580,Oude Noorden (750),Schiemond (580),604,5052
P750,P581,Oude Noorden (750),Bospolder (581),654,5941
P750,P600,Oude Noorden (750),Struisenburg (600),523,4567
P750,P610,Oude Noorden (750),Rubroek (610),336,2860
P750,P620,Oude Noorden (750),De Esch (620),700,6106
P750,P630,Oude Noorden (750),Kralingen West (630),446,4227
P750,P633,Oude Noorden (750),Kralingen West (633),347,3368
P750,P634,Oude Noorden (750),Kralingen West (634),411,3456
P750,P640,Oude Noorden (750),De Esch (640),749,7323
P750,P650,Oude Noorden (750),Nieuw Crooswijk (650),271,2240
P750,P651,Oude Noorden (750),Oud Crooswijk (651),256,1915
P750,P660,Oude Noorden (750),Kralingen Oost (660),612,6128
P750,P670,Oude Noorden (750),Nieuw Crooswijk (670),339,2735
P750,P680,Oude Noorden (750),Nieuw Crooswijk (680),268,2380
P750,P690,Oude Noorden (750),Kralingen Oost (690),593,5840
P750,P700,Oude Noorden (750),Provenierswijk (700),166,1107
P750,P710,Oude Noorden (750),Agniesebuurt (710),176,1106
P750,P712,Oude Noorden (750),Stadsdriehoek (712),242,1772
P750,P720,Oude Noorden (750),Blijdorp (720),234,1712
P750,P721,Oude Noorden (750),Blijdorp (721),206,1453
P750,P723,Oude Noorden (750),Bergpolder (723),178,1436
P750,P724,Oude Noorden (750),Blijdorp (724),320,2515
P750,P730,Oude Noorden (750),Blijdorp (730),244,1400
P750,P740,Oude Noorden (750),Blijdorp (740),245,1845
P750,P750,Oude Noorden (750),Oude Noorden (750),48,0
P750,P751,Oude Noorden (750),Oude Noorden (751),110,605
P750,P753,Oude Noorden (750),Oude Noorden (753),210,1385
P750,P760,Oude Noorden (750),Liskwartier (760),177,1018
P750,P800,Oude Noorden (750),Hillegersberg Noord (800),298,2236
P750,P801,Oude Noorden (750),Hillegersberg Zuid (801),218,1886
P750,P811,Oude Noorden (750),Hillegersberg Noord (811),402,3578
P750,P812,Oude Noorden (750),Hillegersberg Noord (812),328,3089
P750,P900,Oude Noorden (750),Oud IJsselmonde (900),859,7964
P750,P910,Oude Noorden (750),Groot IJsselmonde (910),974,9329
P750,P912,Oude Noorden (750),Groot IJsselmonde (912),872,14109
P750,P920,Oude Noorden (750),Lombardijen (920),1029,9561
P750,P930,Oude Noorden (750),Groot IJsselmonde (930),1066,15714
P750,P950,Oude Noorden (750),Groot IJsselmonde (950),930,14652
P750,P960,Oude Noorden (750),Oud IJsselmonde (960),822,13621
P750,P980,Oude Noorden (750),Groot IJsselmonde (980),1050,18534
P751,P10,Oude Noorden (751),Stadsdriehoek (10),287,2372
P751,P11,Oude Noorden (751),Stadsdriehoek (11),296,2574
P751,P20,Oude Noorden (751),Stadsdriehoek (20),336,3015
P751,P21,Oude Noorden (751),Stadsdriehoek (21),338,3035
P751,P30,Oude Noorden (751),Cool (30),343,2979
P751,P31,Oude Noorden (751),Cool (31),407,3865
P751,P40,Oude Noorden (751),Cool (40),425,3727
P751,P41,Oude Noorden (751),Stadsdriehoek (41),411,3869
P751,P42,Oude Noorden (751),Dijkzigt (42),476,4166
P751,P50,Oude Noorden (751),Oude Westen (50),421,3465
P751,P51,Oude Noorden (751),Dijkzigt (51),410,3686
P751,P60,Oude Noorden (751),Cool (60),418,3520
P751,P120,Oude Noorden (751),Nieuwe Werk (120),570,4709
P751,P121,Oude Noorden (751),Nieuwe Werk (121),508,4544
P751,P200,Oude Noorden (751),Carnisse (200),707,6539
P751,P201,Oude Noorden (751),Zuidplein (201),768,7179
P751,P202,Oude Noorden (751),Carnisse (202),733,6711
P751,P210,Oude Noorden (751),Onbekend (210),815,7951
P751,P220,Oude Noorden (751),Charlois Zuidrand (220),930,9082
P751,P230,Oude Noorden (751),Tarwewijk (230),700,6459
P751,P232,Oude Noorden (751),Bloemhof (232),687,6898
P751,P240,Oude Noorden (751),Tarwewijk (240),706,6372
P751,P250,Oude Noorden (751),Oud Charlois (250),709,6491
P751,P260,Oude Noorden (751),Oud Charlois (260),789,7181
P751,P270,Oude Noorden (751),Wielewaal (270),896,7986
P751,P280,Oude Noorden (751),Pendrecht (280),862,8297
P751,P282,Oude Noorden (751),Zuiderpark (282),823,7885
P751,P290,Oude Noorden (751),Zuidwijk (290),967,9228
P751,P300,Oude Noorden (751),Hillesluis (300),712,6599
P751,P301,Oude Noorden (751),Hillesluis (301),686,6376
P751,P310,Oude Noorden (751),Vreewijk (310),890,8490
P751,P311,Oude Noorden (751),Vreewijk (311),897,8619
P751,P320,Oude Noorden (751),Kop van Zuid - Entrepot (320),571,5128
P751,P322,Oude Noorden (751),Kop van Zuid - Entrepot (322),501,4532
P751,P323,Oude Noorden (751),Kop van Zuid (323),519,4953
P751,P330,Oude Noorden (751),Afrikaanderwijk (330),664,5905
P751,P331,Oude Noorden (751),Afrikaanderwijk (331),614,5737
P751,P340,Oude Noorden (751),Bloemhof (340),739,6909
P751,P341,Oude Noorden (751),Hillesluis (341),772,7262
P751,P350,Oude Noorden (751),Katendrecht (350),713,6381
P751,P370,Oude Noorden (751),Noordereiland (370),455,4124
P751,P380,Oude Noorden (751),Feijenoord (380),599,5341
P751,P400,Oude Noorden (751),Oosterflank (400),646,6979
P751,P410,Oude Noorden (751),'s-Gravenland (410),722,6641
P751,P500,Oude Noorden (751),Middelland (500),419,3593
P751,P501,Oude Noorden (751),Middelland (501),362,2989
P751,P502,Oude Noorden (751),Dijkzigt (502),449,3843
P751,P503,Oude Noorden (751),Middelland (503),422,3452
P751,P504,Oude Noorden (751),Middelland (504),401,3130
P751,P510,Oude Noorden (751),Tussendijken (510),595,4420
P751,P511,Oude Noorden (751),Tussendijken (511),660,7741
P751,P513,Oude Noorden (751),Tussendijken (513),571,4040
P751,P520,Oude Noorden (751),Onbekend (520),678,8131
P751,P530,Oude Noorden (751),Nieuwe Westen (530),501,4294
P751,P531,Oude Noorden (751),Nieuwe Westen (531),473,3547
P751,P532,Oude Noorden (751),Nieuwe Westen (532),621,4611
P751,P540,Oude Noorden (751),Delfshaven (540),472,4267
P751,P560,Oude Noorden (751),Schiemond (560),550,4690
P751,P570,Oude Noorden (751),Oud Mathenesse (570),580,6987
P751,P580,Oude Noorden (751),Schiemond (580),617,5204
P751,P581,Oude Noorden (751),Bospolder (581),664,6292
P751,P600,Oude Noorden (751),Struisenburg (600),442,3788
P751,P610,Oude Noorden (751),Rubroek (610),248,2043
P751,P620,Oude Noorden (751),De Esch (620),618,5511
P751,P630,Oude Noorden (751),Kralingen West (630),373,3463
P751,P633,Oude Noorden (751),Kralingen West (633),278,2868
P751,P634,Oude Noorden (751),Kralingen West (634),307,2980
P751,P640,Oude Noorden (751),De Esch (640),636,6728
P751,P650,Oude Noorden (751),Nieuw Crooswijk (650),197,1749
P751,P651,Oude Noorden (751),Oud Crooswijk (651),175,1399
P751,P660,Oude Noorden (751),Kralingen Oost (660),535,5531
P751,P670,Oude Noorden (751),Nieuw Crooswijk (670),273,2422
P751,P680,Oude Noorden (751),Nieuw Crooswijk (680),221,2005
P751,P690,Oude Noorden (751),Kralingen Oost (690),519,5303
P751,P700,Oude Noorden (751),Provenierswijk (700),176,1324
P751,P710,Oude Noorden (751),Agniesebuurt (710),171,1102
P751,P712,Oude Noorden (751),Stadsdriehoek (712),214,1519
P751,P720,Oude Noorden (751),Blijdorp (720),237,1845
P751,P721,Oude Noorden (751),Blijdorp (721),193,1474
P751,P723,Oude Noorden (751),Bergpolder (723),166,1390
P751,P724,Oude Noorden (751),Blijdorp (724),333,2681
P751,P730,Oude Noorden (751),Blijdorp (730),234,1692
P751,P740,Oude Noorden (751),Blijdorp (740),247,1991
P751,P750,Oude Noorden (751),Oude Noorden (750),146,754
P751,P751,Oude Noorden (751),Oude Noorden (751),13,0
P751,P753,Oude Noorden (751),Oude Noorden (753),122,875
P751,P760,Oude Noorden (751),Liskwartier (760),117,740
P751,P800,Oude Noorden (751),Hillegersberg Noord (800),242,1932
P751,P801,Oude Noorden (751),Hillegersberg Zuid (801),166,1570
P751,P811,Oude Noorden (751),Hillegersberg Noord (811),356,3269
P751,P812,Oude Noorden (751),Hillegersberg Noord (812),275,2772
P751,P900,Oude Noorden (751),Oud IJsselmonde (900),771,7398
P751,P910,Oude Noorden (751),Groot IJsselmonde (910),882,8242
P751,P912,Oude Noorden (751),Groot IJsselmonde (912),820,9146
P751,P920,Oude Noorden (751),Lombardijen (920),967,9253
P751,P930,Oude Noorden (751),Groot IJsselmonde (930),986,10710
P751,P950,Oude Noorden (751),Groot IJsselmonde (950),877,9601
P751,P960,Oude Noorden (751),Oud IJsselmonde (960),769,8659
P751,P980,Oude Noorden (751),Groot IJsselmonde (980),1000,13565
P753,P10,Oude Noorden (753),Stadsdriehoek (10),328,2582
P753,P11,Oude Noorden (753),Stadsdriehoek (11),338,2542
P753,P20,Oude Noorden (753),Stadsdriehoek (20),390,3096
P753,P21,Oude Noorden (753),Stadsdriehoek (21),412,3313
P753,P30,Oude Noorden (753),Cool (30),388,2973
P753,P31,Oude Noorden (753),Cool (31),472,4100
P753,P40,Oude Noorden (753),Cool (40),467,3972
P753,P41,Oude Noorden (753),Stadsdriehoek (41),476,3870
P753,P42,Oude Noorden (753),Dijkzigt (42),527,4644
P753,P50,Oude Noorden (753),Oude Westen (50),496,4316
P753,P51,Oude Noorden (753),Dijkzigt (51),468,4172
P753,P60,Oude Noorden (753),Cool (60),485,4066
P753,P120,Oude Noorden (753),Nieuwe Werk (120),642,5233
P753,P121,Oude Noorden (753),Nieuwe Werk (121),549,4712
P753,P200,Oude Noorden (753),Carnisse (200),799,7359
P753,P201,Oude Noorden (753),Zuidplein (201),852,7945
P753,P202,Oude Noorden (753),Carnisse (202),831,7513
P753,P210,Oude Noorden (753),Onbekend (210),905,8805
P753,P220,Oude Noorden (753),Charlois Zuidrand (220),1024,9939
P753,P230,Oude Noorden (753),Tarwewijk (230),800,7230
P753,P232,Oude Noorden (753),Bloemhof (232),758,6928
P753,P240,Oude Noorden (753),Tarwewijk (240),787,6888
P753,P250,Oude Noorden (753),Oud Charlois (250),803,7280
P753,P260,Oude Noorden (753),Oud Charlois (260),881,8017
P753,P270,Oude Noorden (753),Wielewaal (270),990,8770
P753,P280,Oude Noorden (753),Pendrecht (280),960,9243
P753,P282,Oude Noorden (753),Zuiderpark (282),928,8906
P753,P290,Oude Noorden (753),Zuidwijk (290),1042,9870
P753,P300,Oude Noorden (753),Hillesluis (300),762,6825
P753,P301,Oude Noorden (753),Hillesluis (301),731,6599
P753,P310,Oude Noorden (753),Vreewijk (310),964,8886
P753,P311,Oude Noorden (753),Vreewijk (311),953,8929
P753,P320,Oude Noorden (753),Kop van Zuid - Entrepot (320),619,5402
P753,P322,Oude Noorden (753),Kop van Zuid - Entrepot (322),542,4725
P753,P323,Oude Noorden (753),Kop van Zuid (323),561,5126
P753,P330,Oude Noorden (753),Afrikaanderwijk (330),708,6153
P753,P331,Oude Noorden (753),Afrikaanderwijk (331),660,5930
P753,P340,Oude Noorden (753),Bloemhof (340),810,7044
P753,P341,Oude Noorden (753),Hillesluis (341),844,7319
P753,P350,Oude Noorden (753),Katendrecht (350),769,6592
P753,P370,Oude Noorden (753),Noordereiland (370),504,4338
P753,P380,Oude Noorden (753),Feijenoord (380),640,5566
P753,P400,Oude Noorden (753),Oosterflank (400),666,6700
P753,P410,Oude Noorden (753),'s-Gravenland (410),750,6564
P753,P500,Oude Noorden (753),Middelland (500),525,4386
P753,P501,Oude Noorden (753),Middelland (501),484,3933
P753,P502,Oude Noorden (753),Dijkzigt (502),542,4697
P753,P503,Oude Noorden (753),Middelland (503),509,4204
P753,P504,Oude Noorden (753),Middelland (504),513,4094
P753,P510,Oude Noorden (753),Tussendijken (510),691,5382
P753,P511,Oude Noorden (753),Tussendijken (511),683,8749
P753,P513,Oude Noorden (753),Tussendijken (513),681,4945
P753,P520,Oude Noorden (753),Onbekend (520),720,9088
P753,P530,Oude Noorden (753),Nieuwe Westen (530),614,5268
P753,P531,Oude Noorden (753),Nieuwe Westen (531),571,4359
P753,P532,Oude Noorden (753),Nieuwe Westen (532),741,5765
P753,P540,Oude Noorden (753),Delfshaven (540),578,5113
P753,P560,Oude Noorden (753),Schiemond (560),650,5517
P753,P570,Oude Noorden (753),Oud Mathenesse (570),625,7934
P753,P580,Oude Noorden (753),Schiemond (580),712,5998
P753,P581,Oude Noorden (753),Bospolder (581),710,8969
P753,P600,Oude Noorden (753),Struisenburg (600),479,3987
P753,P610,Oude Noorden (753),Rubroek (610),308,2346
P753,P620,Oude Noorden (753),De Esch (620),655,5591
P753,P630,Oude Noorden (753),Kralingen West (630),401,3647
P753,P633,Oude Noorden (753),Kralingen West (633),310,2788
P753,P634,Oude Noorden (753),Kralingen West (634),348,3132
P753,P640,Oude Noorden (753),De Esch (640),700,6808
P753,P650,Oude Noorden (753),Nieuw Crooswijk (650),226,1660
P753,P651,Oude Noorden (753),Oud Crooswijk (651),211,1352
P753,P660,Oude Noorden (753),Kralingen Oost (660),583,5613
P753,P670,Oude Noorden (753),Nieuw Crooswijk (670),252,1752
P753,P680,Oude Noorden (753),Nieuw Crooswijk (680),173,1240
P753,P690,Oude Noorden (753),Kralingen Oost (690),548,5260
P753,P700,Oude Noorden (753),Provenierswijk (700),269,2119
P753,P710,Oude Noorden (753),Agniesebuurt (710),284,2035
P753,P712,Oude Noorden (753),Stadsdriehoek (712),292,2457
P753,P720,Oude Noorden (753),Blijdorp (720),324,2617
P753,P721,Oude Noorden (753),Blijdorp (721),301,2406
P753,P723,Oude Noorden (753),Bergpolder (723),285,2389
P753,P724,Oude Noorden (753),Blijdorp (724),352,3250
P753,P730,Oude Noorden (753),Blijdorp (730),337,2549
P753,P740,Oude Noorden (753),Blijdorp (740),338,2765
P753,P750,Oude Noorden (753),Oude Noorden (750),242,1569
P753,P751,Oude Noorden (753),Oude Noorden (751),161,1090
P753,P753,Oude Noorden (753),Oude Noorden (753),46,0
P753,P760,Oude Noorden (753),Liskwartier (760),190,1346
P753,P800,Oude Noorden (753),Hillegersberg Noord (800),247,1837
P753,P801,Oude Noorden (753),Hillegersberg Zuid (801),172,1400
P753,P811,Oude Noorden (753),Hillegersberg Noord (811),367,3116
P753,P812,Oude Noorden (753),Hillegersberg Noord (812),280,2623
P753,P900,Oude Noorden (753),Oud IJsselmonde (900),822,7450
P753,P910,Oude Noorden (753),Groot IJsselmonde (910),924,9004
P753,P912,Oude Noorden (753),Groot IJsselmonde (912),849,10182
P753,P920,Oude Noorden (753),Lombardijen (920),1023,9594
P753,P930,Oude Noorden (753),Groot IJsselmonde (930),1016,11871
P753,P950,Oude Noorden (753),Groot IJsselmonde (950),906,10735
P753,P960,Oude Noorden (753),Oud IJsselmonde (960),797,9703
P753,P980,Oude Noorden (753),Groot IJsselmonde (980),1029,14631
P760,P10,Liskwartier (760),Stadsdriehoek (10),389,2958
P760,P11,Liskwartier (760),Stadsdriehoek (11),400,2897
P760,P20,Liskwartier (760),Stadsdriehoek (20),444,3593
P760,P21,Liskwartier (760),Stadsdriehoek (21),452,3547
P760,P30,Liskwartier (760),Cool (30),447,3277
P760,P31,Liskwartier (760),Cool (31),511,4342
P760,P40,Liskwartier (760),Cool (40),529,4273
P760,P41,Liskwartier (760),Stadsdriehoek (41),524,4364
P760,P42,Liskwartier (760),Dijkzigt (42),534,4704
P760,P50,Liskwartier (760),Oude Westen (50),442,3518
P760,P51,Liskwartier (760),Dijkzigt (51),474,4199
P760,P60,Liskwartier (760),Cool (60),427,3682
P760,P120,Liskwartier (760),Nieuwe Werk (120),634,5463
P760,P121,Liskwartier (760),Nieuwe Werk (121),577,5364
P760,P200,Liskwartier (760),Carnisse (200),719,6816
P760,P201,Liskwartier (760),Zuidplein (201),788,7497
P760,P202,Liskwartier (760),Carnisse (202),748,7006
P760,P210,Liskwartier (760),Onbekend (210),825,8195
P760,P220,Liskwartier (760),Charlois Zuidrand (220),950,9400
P760,P230,Liskwartier (760),Tarwewijk (230),712,6744
P760,P232,Liskwartier (760),Bloemhof (232),776,7759
P760,P240,Liskwartier (760),Tarwewijk (240),756,6895
P760,P250,Liskwartier (760),Oud Charlois (250),723,6778
P760,P260,Liskwartier (760),Oud Charlois (260),808,7500
P760,P270,Liskwartier (760),Wielewaal (270),916,8254
P760,P280,Liskwartier (760),Pendrecht (280),884,8559
P760,P282,Liskwartier (760),Zuiderpark (282),817,8050
P760,P290,Liskwartier (760),Zuidwijk (290),1007,9784
P760,P300,Liskwartier (760),Hillesluis (300),812,7120
P760,P301,Liskwartier (760),Hillesluis (301),794,6957
P760,P310,Liskwartier (760),Vreewijk (310),942,9233
P760,P311,Liskwartier (760),Vreewijk (311),949,9332
P760,P320,Liskwartier (760),Kop van Zuid - Entrepot (320),675,5627
P760,P322,Liskwartier (760),Kop van Zuid - Entrepot (322),604,5066
P760,P323,Liskwartier (760),Kop van Zuid (323),624,5502
P760,P330,Liskwartier (760),Afrikaanderwijk (330),763,6448
P760,P331,Liskwartier (760),Afrikaanderwijk (331),716,6254
P760,P340,Liskwartier (760),Bloemhof (340),843,7269
P760,P341,Liskwartier (760),Hillesluis (341),876,7545
P760,P350,Liskwartier (760),Katendrecht (350),814,6892
P760,P370,Liskwartier (760),Noordereiland (370),556,4633
P760,P380,Liskwartier (760),Feijenoord (380),703,5792
P760,P400,Liskwartier (760),Oosterflank (400),641,9453
P760,P410,Liskwartier (760),'s-Gravenland (410),817,7257
P760,P500,Liskwartier (760),Middelland (500),441,3870
P760,P501,Liskwartier (760),Middelland (501),404,3417
P760,P502,Liskwartier (760),Dijkzigt (502),468,4168
P760,P503,Liskwartier (760),Middelland (503),436,3688
P760,P504,Liskwartier (760),Middelland (504),433,3585
P760,P510,Liskwartier (760),Tussendijken (510),603,4531
P760,P511,Liskwartier (760),Tussendijken (511),619,7151
P760,P513,Liskwartier (760),Tussendijken (513),570,4233
P760,P520,Liskwartier (760),Onbekend (520),627,7530
P760,P530,Liskwartier (760),Nieuwe Westen (530),534,4682
P760,P531,Liskwartier (760),Nieuwe Westen (531),491,3842
P760,P532,Liskwartier (760),Nieuwe Westen (532),640,4668
P760,P540,Liskwartier (760),Delfshaven (540),493,4555
P760,P560,Liskwartier (760),Schiemond (560),560,4961
P760,P570,Liskwartier (760),Oud Mathenesse (570),526,6351
P760,P580,Liskwartier (760),Schiemond (580),638,5482
P760,P581,Liskwartier (760),Bospolder (581),628,7371
P760,P600,Liskwartier (760),Struisenburg (600),529,4587
P760,P610,Liskwartier (760),Rubroek (610),348,2571
P760,P620,Liskwartier (760),De Esch (620),715,6872
P760,P630,Liskwartier (760),Kralingen West (630),471,4023
P760,P633,Liskwartier (760),Kralingen West (633),354,3346
P760,P634,Liskwartier (760),Kralingen West (634),392,3526
P760,P640,Liskwartier (760),De Esch (640),730,8518
P760,P650,Liskwartier (760),Nieuw Crooswijk (650),288,2316
P760,P651,Liskwartier (760),Oud Crooswijk (651),276,2001
P760,P660,Liskwartier (760),Kralingen Oost (660),625,6277
P760,P670,Liskwartier (760),Nieuw Crooswijk (670),301,2520
P760,P680,Liskwartier (760),Nieuw Crooswijk (680),222,2008
P760,P690,Liskwartier (760),Kralingen Oost (690),591,6016
P760,P700,Liskwartier (760),Provenierswijk (700),210,1553
P760,P710,Liskwartier (760),Agniesebuurt (710),228,1496
P760,P712,Liskwartier (760),Stadsdriehoek (712),286,2155
P760,P720,Liskwartier (760),Blijdorp (720),228,1539
P760,P721,Liskwartier (760),Blijdorp (721),171,1182
P760,P723,Liskwartier (760),Bergpolder (723),153,1045
P760,P724,Liskwartier (760),Blijdorp (724),252,2274
P760,P730,Liskwartier (760),Blijdorp (730),250,1787
P760,P740,Liskwartier (760),Blijdorp (740),256,1866
P760,P750,Liskwartier (760),Oude Noorden (750),189,996
P760,P751,Liskwartier (760),Oude Noorden (751),120,730
P760,P753,Liskwartier (760),Oude Noorden (753),218,1511
P760,P760,Liskwartier (760),Liskwartier (760),52,0
P760,P800,Liskwartier (760),Hillegersberg Noord (800),254,1990
P760,P801,Liskwartier (760),Hillegersberg Zuid (801),172,1587
P760,P811,Liskwartier (760),Hillegersberg Noord (811),367,3343
P760,P812,Liskwartier (760),Hillegersberg Noord (812),293,2850
P760,P900,Liskwartier (760),Oud IJsselmonde (900),854,13888
P760,P910,Liskwartier (760),Groot IJsselmonde (910),928,14535
P760,P912,Liskwartier (760),Groot IJsselmonde (912),843,13665
P760,P920,Liskwartier (760),Lombardijen (920),1017,9998
P760,P930,Liskwartier (760),Groot IJsselmonde (930),1010,15334
P760,P950,Liskwartier (760),Groot IJsselmonde (950),874,14119
P760,P960,Liskwartier (760),Oud IJsselmonde (960),792,13187
P760,P980,Liskwartier (760),Groot IJsselmonde (980),1020,18100
P800,P10,Hillegersberg Noord (800),Stadsdriehoek (10),439,4036
P800,P11,Hillegersberg Noord (800),Stadsdriehoek (11),450,4061
P800,P20,Hillegersberg Noord (800),Stadsdriehoek (20),487,4405
P800,P21,Hillegersberg Noord (800),Stadsdriehoek (21),505,4573
P800,P30,Hillegersberg Noord (800),Cool (30),497,4492
P800,P31,Hillegersberg Noord (800),Cool (31),562,5454
P800,P40,Hillegersberg Noord (800),Cool (40),579,5378
P800,P41,Hillegersberg Noord (800),Stadsdriehoek (41),574,5389
P800,P42,Hillegersberg Noord (800),Dijkzigt (42),609,5886
P800,P50,Hillegersberg Noord (800),Oude Westen (50),536,4715
P800,P51,Hillegersberg Noord (800),Dijkzigt (51),560,5395
P800,P60,Hillegersberg Noord (800),Cool (60),537,4805
P800,P120,Hillegersberg Noord (800),Nieuwe Werk (120),715,6368
P800,P121,Hillegersberg Noord (800),Nieuwe Werk (121),661,6154
P800,P200,Hillegersberg Noord (800),Carnisse (200),819,7956
P800,P201,Hillegersberg Noord (800),Zuidplein (201),891,8620
P800,P202,Hillegersberg Noord (800),Carnisse (202),851,8153
P800,P210,Hillegersberg Noord (800),Onbekend (210),925,9317
P800,P220,Hillegersberg Noord (800),Charlois Zuidrand (220),1044,10523
P800,P230,Hillegersberg Noord (800),Tarwewijk (230),820,7900
P800,P232,Hillegersberg Noord (800),Bloemhof (232),857,8448
P800,P240,Hillegersberg Noord (800),Tarwewijk (240),852,8062
P800,P250,Hillegersberg Noord (800),Oud Charlois (250),823,7922
P800,P260,Hillegersberg Noord (800),Oud Charlois (260),901,8641
P800,P270,Hillegersberg Noord (800),Wielewaal (270),1010,9450
P800,P280,Hillegersberg Noord (800),Pendrecht (280),978,9756
P800,P282,Hillegersberg Noord (800),Zuiderpark (282),927,9173
P800,P290,Hillegersberg Noord (800),Zuidwijk (290),1113,10981
P800,P300,Hillegersberg Noord (800),Hillesluis (300),862,8169
P800,P301,Hillegersberg Noord (800),Hillesluis (301),844,8053
P800,P310,Hillegersberg Noord (800),Vreewijk (310),1037,10220
P800,P311,Hillegersberg Noord (800),Vreewijk (311),1033,10375
P800,P320,Hillegersberg Noord (800),Kop van Zuid - Entrepot (320),726,6677
P800,P322,Hillegersberg Noord (800),Kop van Zuid - Entrepot (322),654,6144
P800,P323,Hillegersberg Noord (800),Kop van Zuid (323),674,6580
P800,P330,Hillegersberg Noord (800),Afrikaanderwijk (330),813,7592
P800,P331,Hillegersberg Noord (800),Afrikaanderwijk (331),766,7332
P800,P340,Hillegersberg Noord (800),Bloemhof (340),904,8563
P800,P341,Hillegersberg Noord (800),Hillesluis (341),943,8838
P800,P350,Hillegersberg Noord (800),Katendrecht (350),864,7970
P800,P370,Hillegersberg Noord (800),Noordereiland (370),606,5699
P800,P380,Hillegersberg Noord (800),Feijenoord (380),753,6940
P800,P400,Hillegersberg Noord (800),Oosterflank (400),688,9873
P800,P410,Hillegersberg Noord (800),'s-Gravenland (410),860,7954
P800,P500,Hillegersberg Noord (800),Middelland (500),545,5066
P800,P501,Hillegersberg Noord (800),Middelland (501),504,4614
P800,P502,Hillegersberg Noord (800),Dijkzigt (502),562,5291
P800,P503,Hillegersberg Noord (800),Middelland (503),529,4884
P800,P504,Hillegersberg Noord (800),Middelland (504),533,4726
P800,P510,Hillegersberg Noord (800),Tussendijken (510),696,6626
P800,P511,Hillegersberg Noord (800),Tussendijken (511),675,8061
P800,P513,Hillegersberg Noord (800),Tussendijken (513),681,5585
P800,P520,Hillegersberg Noord (800),Onbekend (520),691,8349
P800,P530,Hillegersberg Noord (800),Nieuwe Westen (530),634,5824
P800,P531,Hillegersberg Noord (800),Nieuwe Westen (531),586,5010
P800,P532,Hillegersberg Noord (800),Nieuwe Westen (532),686,5619
P800,P540,Hillegersberg Noord (800),Delfshaven (540),598,5752
P800,P560,Hillegersberg Noord (800),Schiemond (560),670,6111
P800,P570,Hillegersberg Noord (800),Oud Mathenesse (570),583,7242
P800,P580,Hillegersberg Noord (800),Schiemond (580),732,6678
P800,P581,Hillegersberg Noord (800),Bospolder (581),692,8244
P800,P600,Hillegersberg Noord (800),Struisenburg (600),574,5441
P800,P610,Hillegersberg Noord (800),Rubroek (610),398,3714
P800,P620,Hillegersberg Noord (800),De Esch (620),761,6875
P800,P630,Hillegersberg Noord (800),Kralingen West (630),514,4890
P800,P633,Hillegersberg Noord (800),Kralingen West (633),397,3969
P800,P634,Hillegersberg Noord (800),Kralingen West (634),402,3623
P800,P640,Hillegersberg Noord (800),De Esch (640),773,8521
P800,P650,Hillegersberg Noord (800),Nieuw Crooswijk (650),318,2908
P800,P651,Hillegersberg Noord (800),Oud Crooswijk (651),319,2800
P800,P660,Hillegersberg Noord (800),Kralingen Oost (660),668,6818
P800,P670,Hillegersberg Noord (800),Nieuw Crooswijk (670),318,2617
P800,P680,Hillegersberg Noord (800),Nieuw Crooswijk (680),239,2067
P800,P690,Hillegersberg Noord (800),Kralingen Oost (690),625,6262
P800,P700,Hillegersberg Noord (800),Provenierswijk (700),314,2750
P800,P710,Hillegersberg Noord (800),Agniesebuurt (710),333,2590
P800,P712,Hillegersberg Noord (800),Stadsdriehoek (712),390,3290
P800,P720,Hillegersberg Noord (800),Blijdorp (720),307,2723
P800,P721,Hillegersberg Noord (800),Blijdorp (721),292,2739
P800,P723,Hillegersberg Noord (800),Bergpolder (723),264,2592
P800,P724,Hillegersberg Noord (800),Blijdorp (724),309,3124
P800,P730,Hillegersberg Noord (800),Blijdorp (730),352,3056
P800,P740,Hillegersberg Noord (800),Blijdorp (740),365,3341
P800,P750,Hillegersberg Noord (800),Oude Noorden (750),287,2099
P800,P751,Hillegersberg Noord (800),Oude Noorden (751),202,1829
P800,P753,Hillegersberg Noord (800),Oude Noorden (753),240,1964
P800,P760,Hillegersberg Noord (800),Liskwartier (760),199,1622
P800,P800,Hillegersberg Noord (800),Hillegersberg Noord (800),87,0
P800,P801,Hillegersberg Noord (800),Hillegersberg Zuid (801),67,401
P800,P811,Hillegersberg Noord (800),Hillegersberg Noord (811),256,2092
P800,P812,Hillegersberg Noord (800),Hillegersberg Noord (812),181,1599
P800,P900,Hillegersberg Noord (800),Oud IJsselmonde (900),892,10691
P800,P910,Hillegersberg Noord (800),Groot IJsselmonde (910),970,11961
P800,P912,Hillegersberg Noord (800),Groot IJsselmonde (912),870,11047
P800,P920,Hillegersberg Noord (800),Lombardijen (920),1110,10978
P800,P930,Hillegersberg Noord (800),Groot IJsselmonde (930),1056,12661
P800,P950,Hillegersberg Noord (800),Groot IJsselmonde (950),927,11600
P800,P960,Hillegersberg Noord (800),Oud IJsselmonde (960),818,10568
P800,P980,Hillegersberg Noord (800),Groot IJsselmonde (980),1050,15496
P801,P10,Hillegersberg Zuid (801),Stadsdriehoek (10),384,3684
P801,P11,Hillegersberg Zuid (801),Stadsdriehoek (11),394,3633
P801,P20,Hillegersberg Zuid (801),Stadsdriehoek (20),432,4083
P801,P21,Hillegersberg Zuid (801),Stadsdriehoek (21),436,4263
P801,P30,Hillegersberg Zuid (801),Cool (30),440,4013
P801,P31,Hillegersberg Zuid (801),Cool (31),504,5079
P801,P40,Hillegersberg Zuid (801),Cool (40),523,5037
P801,P41,Hillegersberg Zuid (801),Stadsdriehoek (41),508,4897
P801,P42,Hillegersberg Zuid (801),Dijkzigt (42),583,5618
P801,P50,Hillegersberg Zuid (801),Oude Westen (50),518,4508
P801,P51,Hillegersberg Zuid (801),Dijkzigt (51),514,5117
P801,P60,Hillegersberg Zuid (801),Cool (60),488,4547
P801,P120,Hillegersberg Zuid (801),Nieuwe Werk (120),675,6095
P801,P121,Hillegersberg Zuid (801),Nieuwe Werk (121),606,5823
P801,P200,Hillegersberg Zuid (801),Carnisse (200),786,7681
P801,P201,Hillegersberg Zuid (801),Zuidplein (201),866,8433
P801,P202,Hillegersberg Zuid (801),Carnisse (202),827,7909
P801,P210,Hillegersberg Zuid (801),Onbekend (210),897,9059
P801,P220,Hillegersberg Zuid (801),Charlois Zuidrand (220),1020,10337
P801,P230,Hillegersberg Zuid (801),Tarwewijk (230),781,7617
P801,P232,Hillegersberg Zuid (801),Bloemhof (232),785,7895
P801,P240,Hillegersberg Zuid (801),Tarwewijk (240),827,7746
P801,P250,Hillegersberg Zuid (801),Oud Charlois (250),787,7664
P801,P260,Hillegersberg Zuid (801),Oud Charlois (260),880,8414
P801,P270,Hillegersberg Zuid (801),Wielewaal (270),985,9199
P801,P280,Hillegersberg Zuid (801),Pendrecht (280),953,9473
P801,P282,Hillegersberg Zuid (801),Zuiderpark (282),883,8915
P801,P290,Hillegersberg Zuid (801),Zuidwijk (290),1076,10698
P801,P300,Hillegersberg Zuid (801),Hillesluis (300),813,7878
P801,P301,Hillegersberg Zuid (801),Hillesluis (301),786,7696
P801,P310,Hillegersberg Zuid (801),Vreewijk (310),1004,9959
P801,P311,Hillegersberg Zuid (801),Vreewijk (311),1009,10039
P801,P320,Hillegersberg Zuid (801),Kop van Zuid - Entrepot (320),669,6343
P801,P322,Hillegersberg Zuid (801),Kop van Zuid - Entrepot (322),599,5835
P801,P323,Hillegersberg Zuid (801),Kop van Zuid (323),617,6238
P801,P330,Hillegersberg Zuid (801),Afrikaanderwijk (330),764,7251
P801,P331,Hillegersberg Zuid (801),Afrikaanderwijk (331),713,7041
P801,P340,Hillegersberg Zuid (801),Bloemhof (340),836,7985
P801,P341,Hillegersberg Zuid (801),Hillesluis (341),869,8261
P801,P350,Hillegersberg Zuid (801),Katendrecht (350),812,7675
P801,P370,Hillegersberg Zuid (801),Noordereiland (370),554,5416
P801,P380,Hillegersberg Zuid (801),Feijenoord (380),696,6508
P801,P400,Hillegersberg Zuid (801),Oosterflank (400),668,10068
P801,P410,Hillegersberg Zuid (801),'s-Gravenland (410),804,7674
P801,P500,Hillegersberg Zuid (801),Middelland (500),520,4783
P801,P501,Hillegersberg Zuid (801),Middelland (501),488,4330
P801,P502,Hillegersberg Zuid (801),Dijkzigt (502),540,5095
P801,P503,Hillegersberg Zuid (801),Middelland (503),511,4675
P801,P504,Hillegersberg Zuid (801),Middelland (504),523,4528
P801,P510,Hillegersberg Zuid (801),Tussendijken (510),672,6698
P801,P511,Hillegersberg Zuid (801),Tussendijken (511),646,7883
P801,P513,Hillegersberg Zuid (801),Tussendijken (513),635,5098
P801,P520,Hillegersberg Zuid (801),Onbekend (520),664,8328
P801,P530,Hillegersberg Zuid (801),Nieuwe Westen (530),625,5665
P801,P531,Hillegersberg Zuid (801),Nieuwe Westen (531),561,4756
P801,P532,Hillegersberg Zuid (801),Nieuwe Westen (532),692,5481
P801,P540,Hillegersberg Zuid (801),Delfshaven (540),573,5469
P801,P560,Hillegersberg Zuid (801),Schiemond (560),627,5828
P801,P570,Hillegersberg Zuid (801),Oud Mathenesse (570),554,7069
P801,P580,Hillegersberg Zuid (801),Schiemond (580),707,6396
P801,P581,Hillegersberg Zuid (801),Bospolder (581),664,8104
P801,P600,Hillegersberg Zuid (801),Struisenburg (600),535,5100
P801,P610,Hillegersberg Zuid (801),Rubroek (610),348,3287
P801,P620,Hillegersberg Zuid (801),De Esch (620),712,6532
P801,P630,Hillegersberg Zuid (801),Kralingen West (630),457,4760
P801,P633,Hillegersberg Zuid (801),Kralingen West (633),368,3901
P801,P634,Hillegersberg Zuid (801),Kralingen West (634),334,3329
P801,P640,Hillegersberg Zuid (801),De Esch (640),726,7750
P801,P650,Hillegersberg Zuid (801),Nieuw Crooswijk (650),261,2555
P801,P651,Hillegersberg Zuid (801),Oud Crooswijk (651),267,2458
P801,P660,Hillegersberg Zuid (801),Kralingen Oost (660),618,6554
P801,P670,Hillegersberg Zuid (801),Nieuw Crooswijk (670),260,2287
P801,P680,Hillegersberg Zuid (801),Nieuw Crooswijk (680),186,1763
P801,P690,Hillegersberg Zuid (801),Kralingen Oost (690),568,5905
P801,P700,Hillegersberg Zuid (801),Provenierswijk (700),265,2492
P801,P710,Hillegersberg Zuid (801),Agniesebuurt (710),281,2441
P801,P712,Hillegersberg Zuid (801),Stadsdriehoek (712),341,3141
P801,P720,Hillegersberg Zuid (801),Blijdorp (720),311,2877
P801,P721,Hillegersberg Zuid (801),Blijdorp (721),246,2525
P801,P723,Hillegersberg Zuid (801),Bergpolder (723),233,2415
P801,P724,Hillegersberg Zuid (801),Blijdorp (724),278,2929
P801,P730,Hillegersberg Zuid (801),Blijdorp (730),302,2798
P801,P740,Hillegersberg Zuid (801),Blijdorp (740),321,3159
P801,P750,Hillegersberg Zuid (801),Oude Noorden (750),230,1953
P801,P751,Hillegersberg Zuid (801),Oude Noorden (751),152,1519
P801,P753,Hillegersberg Zuid (801),Oude Noorden (753),205,1622
P801,P760,Hillegersberg Zuid (801),Liskwartier (760),155,1352
P801,P800,Hillegersberg Zuid (801),Hillegersberg Noord (800),81,557
P801,P801,Hillegersberg Zuid (801),Hillegersberg Zuid (801),8,0
P801,P811,Hillegersberg Zuid (801),Hillegersberg Noord (811),224,2029
P801,P812,Hillegersberg Zuid (801),Hillegersberg Noord (812),149,1536
P801,P900,Hillegersberg Zuid (801),Oud IJsselmonde (900),867,8391
P801,P910,Hillegersberg Zuid (801),Groot IJsselmonde (910),949,11705
P801,P912,Hillegersberg Zuid (801),Groot IJsselmonde (912),861,10705
P801,P920,Hillegersberg Zuid (801),Lombardijen (920),1079,10636
P801,P930,Hillegersberg Zuid (801),Groot IJsselmonde (930),1026,12601
P801,P950,Hillegersberg Zuid (801),Groot IJsselmonde (950),914,11288
P801,P960,Hillegersberg Zuid (801),Oud IJsselmonde (960),808,10286
P801,P980,Hillegersberg Zuid (801),Groot IJsselmonde (980),1038,15167
P811,P10,Hillegersberg Noord (811),Stadsdriehoek (10),560,5388
P811,P11,Hillegersberg Noord (811),Stadsdriehoek (11),615,5353
P811,P20,Hillegersberg Noord (811),Stadsdriehoek (20),610,5783
P811,P21,Hillegersberg Noord (811),Stadsdriehoek (21),634,5967
P811,P30,Hillegersberg Noord (811),Cool (30),664,5733
P811,P31,Hillegersberg Noord (811),Cool (31),692,6798
P811,P40,Hillegersberg Noord (811),Cool (40),700,6693
P811,P41,Hillegersberg Noord (811),Stadsdriehoek (41),753,6616
P811,P42,Hillegersberg Noord (811),Dijkzigt (42),760,7310
P811,P50,Hillegersberg Noord (811),Oude Westen (50),688,6151
P811,P51,Hillegersberg Noord (811),Dijkzigt (51),685,6837
P811,P60,Hillegersberg Noord (811),Cool (60),670,6251
P811,P120,Hillegersberg Noord (811),Nieuwe Werk (120),854,7792
P811,P121,Hillegersberg Noord (811),Nieuwe Werk (121),782,7532
P811,P200,Hillegersberg Noord (811),Carnisse (200),968,9392
P811,P201,Hillegersberg Noord (811),Zuidplein (201),1044,10065
P811,P202,Hillegersberg Noord (811),Carnisse (202),1004,9577
P811,P210,Hillegersberg Noord (811),Onbekend (210),1074,10763
P811,P220,Hillegersberg Noord (811),Charlois Zuidrand (220),1197,11969
P811,P230,Hillegersberg Noord (811),Tarwewijk (230),969,9335
P811,P232,Hillegersberg Noord (811),Bloemhof (232),1010,9615
P811,P240,Hillegersberg Noord (811),Tarwewijk (240),1004,9465
P811,P250,Hillegersberg Noord (811),Oud Charlois (250),972,9368
P811,P260,Hillegersberg Noord (811),Oud Charlois (260),1054,10087
P811,P270,Hillegersberg Noord (811),Wielewaal (270),1162,10887
P811,P280,Hillegersberg Noord (811),Pendrecht (280),1154,11192
P811,P282,Hillegersberg Noord (811),Zuiderpark (282),1110,10618
P811,P290,Hillegersberg Noord (811),Zuidwijk (290),1253,12418
P811,P300,Hillegersberg Noord (811),Hillesluis (300),983,9547
P811,P301,Hillegersberg Noord (811),Hillesluis (301),964,9377
P811,P310,Hillegersberg Noord (811),Vreewijk (310),1137,13882
P811,P311,Hillegersberg Noord (811),Vreewijk (311),1088,13551
P811,P320,Hillegersberg Noord (811),Kop van Zuid - Entrepot (320),846,8047
P811,P322,Hillegersberg Noord (811),Kop van Zuid - Entrepot (322),775,7522
P811,P323,Hillegersberg Noord (811),Kop van Zuid (323),794,7958
P811,P330,Hillegersberg Noord (811),Afrikaanderwijk (330),941,8866
P811,P331,Hillegersberg Noord (811),Afrikaanderwijk (331),886,8710
P811,P340,Hillegersberg Noord (811),Bloemhof (340),1034,9689
P811,P341,Hillegersberg Noord (811),Hillesluis (341),1020,13227
P811,P350,Hillegersberg Noord (811),Katendrecht (350),989,9348
P811,P370,Hillegersberg Noord (811),Noordereiland (370),726,7077
P811,P380,Hillegersberg Noord (811),Feijenoord (380),915,8211
P811,P400,Hillegersberg Noord (811),Oosterflank (400),651,5952
P811,P410,Hillegersberg Noord (811),'s-Gravenland (410),858,8868
P811,P500,Hillegersberg Noord (811),Middelland (500),698,6503
P811,P501,Hillegersberg Noord (811),Middelland (501),663,6050
P811,P502,Hillegersberg Noord (811),Dijkzigt (502),714,6737
P811,P503,Hillegersberg Noord (811),Middelland (503),682,6320
P811,P504,Hillegersberg Noord (811),Middelland (504),700,6150
P811,P510,Hillegersberg Noord (811),Tussendijken (510),849,8464
P811,P511,Hillegersberg Noord (811),Tussendijken (511),828,9650
P811,P513,Hillegersberg Noord (811),Tussendijken (513),852,6805
P811,P520,Hillegersberg Noord (811),Onbekend (520),846,10012
P811,P530,Hillegersberg Noord (811),Nieuwe Westen (530),802,7248
P811,P531,Hillegersberg Noord (811),Nieuwe Westen (531),740,6456
P811,P532,Hillegersberg Noord (811),Nieuwe Westen (532),858,7240
P811,P540,Hillegersberg Noord (811),Delfshaven (540),750,7176
P811,P560,Hillegersberg Noord (811),Schiemond (560),819,7547
P811,P570,Hillegersberg Noord (811),Oud Mathenesse (570),750,8836
P811,P580,Hillegersberg Noord (811),Schiemond (580),884,8115
P811,P581,Hillegersberg Noord (811),Bospolder (581),845,9865
P811,P600,Hillegersberg Noord (811),Struisenburg (600),712,6730
P811,P610,Hillegersberg Noord (811),Rubroek (610),527,4991
P811,P620,Hillegersberg Noord (811),De Esch (620),745,9085
P811,P630,Hillegersberg Noord (811),Kralingen West (630),654,6400
P811,P633,Hillegersberg Noord (811),Kralingen West (633),545,5532
P811,P634,Hillegersberg Noord (811),Kralingen West (634),580,4564
P811,P640,Hillegersberg Noord (811),De Esch (640),792,9246
P811,P650,Hillegersberg Noord (811),Nieuw Crooswijk (650),438,3818
P811,P651,Hillegersberg Noord (811),Oud Crooswijk (651),444,4046
P811,P660,Hillegersberg Noord (811),Kralingen Oost (660),672,8515
P811,P670,Hillegersberg Noord (811),Nieuw Crooswijk (670),438,3526
P811,P680,Hillegersberg Noord (811),Nieuw Crooswijk (680),370,3014
P811,P690,Hillegersberg Noord (811),Kralingen Oost (690),621,7142
P811,P700,Hillegersberg Noord (811),Provenierswijk (700),442,4183
P811,P710,Hillegersberg Noord (811),Agniesebuurt (710),456,4152
P811,P712,Hillegersberg Noord (811),Stadsdriehoek (712),515,4811
P811,P720,Hillegersberg Noord (811),Blijdorp (720),490,4505
P811,P721,Hillegersberg Noord (811),Blijdorp (721),475,4306
P811,P723,Hillegersberg Noord (811),Bergpolder (723),415,4155
P811,P724,Hillegersberg Noord (811),Blijdorp (724),462,4717
P811,P730,Hillegersberg Noord (811),Blijdorp (730),506,4501
P811,P740,Hillegersberg Noord (811),Blijdorp (740),507,4882
P811,P750,Hillegersberg Noord (811),Oude Noorden (750),436,3672
P811,P751,Hillegersberg Noord (811),Oude Noorden (751),330,3186
P811,P753,Hillegersberg Noord (811),Oude Noorden (753),382,3342
P811,P760,Hillegersberg Noord (811),Liskwartier (760),332,3046
P811,P800,Hillegersberg Noord (811),Hillegersberg Noord (800),304,2148
P811,P801,Hillegersberg Noord (811),Hillegersberg Zuid (801),203,1972
P811,P811,Hillegersberg Noord (811),Hillegersberg Noord (811),16,0
P811,P812,Hillegersberg Noord (811),Hillegersberg Noord (812),96,773
P811,P900,Hillegersberg Noord (811),Oud IJsselmonde (900),870,11724
P811,P910,Hillegersberg Noord (811),Groot IJsselmonde (910),932,12138
P811,P912,Hillegersberg Noord (811),Groot IJsselmonde (912),841,11352
P811,P920,Hillegersberg Noord (811),Lombardijen (920),1108,14082
P811,P930,Hillegersberg Noord (811),Groot IJsselmonde (930),1008,12976
P811,P950,Hillegersberg Noord (811),Groot IJsselmonde (950),898,11728
P811,P960,Hillegersberg Noord (811),Oud IJsselmonde (960),789,10844
P811,P980,Hillegersberg Noord (811),Groot IJsselmonde (980),1020,15762
P812,P10,Hillegersberg Noord (812),Stadsdriehoek (10),494,4898
P812,P11,Hillegersberg Noord (812),Stadsdriehoek (11),505,4867
P812,P20,Hillegersberg Noord (812),Stadsdriehoek (20),541,5297
P812,P21,Hillegersberg Noord (812),Stadsdriehoek (21),545,5478
P812,P30,Hillegersberg Noord (812),Cool (30),551,5247
P812,P31,Hillegersberg Noord (812),Cool (31),615,6312
P812,P40,Hillegersberg Noord (812),Cool (40),634,6270
P812,P41,Hillegersberg Noord (812),Stadsdriehoek (41),619,6130
P812,P42,Hillegersberg Noord (812),Dijkzigt (42),694,6852
P812,P50,Hillegersberg Noord (812),Oude Westen (50),628,5718
P812,P51,Hillegersberg Noord (812),Dijkzigt (51),623,6351
P812,P60,Hillegersberg Noord (812),Cool (60),598,5761
P812,P120,Hillegersberg Noord (812),Nieuwe Werk (120),786,7329
P812,P121,Hillegersberg Noord (812),Nieuwe Werk (121),716,7047
P812,P200,Hillegersberg Noord (812),Carnisse (200),895,8906
P812,P201,Hillegersberg Noord (812),Zuidplein (201),977,9659
P812,P202,Hillegersberg Noord (812),Carnisse (202),938,9142
P812,P210,Hillegersberg Noord (812),Onbekend (210),1006,10274
P812,P220,Hillegersberg Noord (812),Charlois Zuidrand (220),1130,11562
P812,P230,Hillegersberg Noord (812),Tarwewijk (230),892,8850
P812,P232,Hillegersberg Noord (812),Bloemhof (232),896,9129
P812,P240,Hillegersberg Noord (812),Tarwewijk (240),938,8979
P812,P250,Hillegersberg Noord (812),Oud Charlois (250),896,8890
P812,P260,Hillegersberg Noord (812),Oud Charlois (260),989,9642
P812,P270,Hillegersberg Noord (812),Wielewaal (270),1096,10413
P812,P280,Hillegersberg Noord (812),Pendrecht (280),1064,10707
P812,P282,Hillegersberg Noord (812),Zuiderpark (282),994,10129
P812,P290,Hillegersberg Noord (812),Zuidwijk (290),1187,11932
P812,P300,Hillegersberg Noord (812),Hillesluis (300),922,9092
P812,P301,Hillegersberg Noord (812),Hillesluis (301),895,8906
P812,P310,Hillegersberg Noord (812),Vreewijk (310),1115,11192
P812,P311,Hillegersberg Noord (812),Vreewijk (311),1096,13797
P812,P320,Hillegersberg Noord (812),Kop van Zuid - Entrepot (320),780,7559
P812,P322,Hillegersberg Noord (812),Kop van Zuid - Entrepot (322),709,7046
P812,P323,Hillegersberg Noord (812),Kop van Zuid (323),728,7472
P812,P330,Hillegersberg Noord (812),Afrikaanderwijk (330),873,8474
P812,P331,Hillegersberg Noord (812),Afrikaanderwijk (331),822,8251
P812,P340,Hillegersberg Noord (812),Bloemhof (340),947,9199
P812,P341,Hillegersberg Noord (812),Hillesluis (341),980,9475
P812,P350,Hillegersberg Noord (812),Katendrecht (350),921,8889
P812,P370,Hillegersberg Noord (812),Noordereiland (370),663,6630
P812,P380,Hillegersberg Noord (812),Feijenoord (380),807,7722
P812,P400,Hillegersberg Noord (812),Oosterflank (400),659,6228
P812,P410,Hillegersberg Noord (812),'s-Gravenland (410),866,9152
P812,P500,Hillegersberg Noord (812),Middelland (500),629,6017
P812,P501,Hillegersberg Noord (812),Middelland (501),599,5564
P812,P502,Hillegersberg Noord (812),Dijkzigt (502),649,6317
P812,P503,Hillegersberg Noord (812),Middelland (503),620,5890
P812,P504,Hillegersberg Noord (812),Middelland (504),634,5762
P812,P510,Hillegersberg Noord (812),Tussendijken (510),783,7979
P812,P511,Hillegersberg Noord (812),Tussendijken (511),762,9165
P812,P513,Hillegersberg Noord (812),Tussendijken (513),746,6319
P812,P520,Hillegersberg Noord (812),Onbekend (520),779,9642
P812,P530,Hillegersberg Noord (812),Nieuwe Westen (530),736,6886
P812,P531,Hillegersberg Noord (812),Nieuwe Westen (531),672,5990
P812,P532,Hillegersberg Noord (812),Nieuwe Westen (532),811,6803
P812,P540,Hillegersberg Noord (812),Delfshaven (540),684,6703
P812,P560,Hillegersberg Noord (812),Schiemond (560),738,7062
P812,P570,Hillegersberg Noord (812),Oud Mathenesse (570),669,8373
P812,P580,Hillegersberg Noord (812),Schiemond (580),818,7629
P812,P581,Hillegersberg Noord (812),Bospolder (581),779,9385
P812,P600,Hillegersberg Noord (812),Struisenburg (600),646,6334
P812,P610,Hillegersberg Noord (812),Rubroek (610),457,4501
P812,P620,Hillegersberg Noord (812),De Esch (620),754,9391
P812,P630,Hillegersberg Noord (812),Kralingen West (630),568,5993
P812,P633,Hillegersberg Noord (812),Kralingen West (633),479,5134
P812,P634,Hillegersberg Noord (812),Kralingen West (634),445,4075
P812,P640,Hillegersberg Noord (812),De Esch (640),751,9504
P812,P650,Hillegersberg Noord (812),Nieuw Crooswijk (650),372,3332
P812,P651,Hillegersberg Noord (812),Oud Crooswijk (651),377,3673
P812,P660,Hillegersberg Noord (812),Kralingen Oost (660),684,8820
P812,P670,Hillegersberg Noord (812),Nieuw Crooswijk (670),369,3040
P812,P680,Hillegersberg Noord (812),Nieuw Crooswijk (680),293,2528
P812,P690,Hillegersberg Noord (812),Kralingen Oost (690),630,7454
P812,P700,Hillegersberg Noord (812),Provenierswijk (700),375,3706
P812,P710,Hillegersberg Noord (812),Agniesebuurt (710),390,3666
P812,P712,Hillegersberg Noord (812),Stadsdriehoek (712),450,4351
P812,P720,Hillegersberg Noord (812),Blijdorp (720),424,4143
P812,P721,Hillegersberg Noord (812),Blijdorp (721),360,3816
P812,P723,Hillegersberg Noord (812),Bergpolder (723),346,3669
P812,P724,Hillegersberg Noord (812),Blijdorp (724),397,4250
P812,P730,Hillegersberg Noord (812),Blijdorp (730),412,4012
P812,P740,Hillegersberg Noord (812),Blijdorp (740),437,4403
P812,P750,Hillegersberg Noord (812),Oude Noorden (750),341,3186
P812,P751,Hillegersberg Noord (812),Oude Noorden (751),260,2732
P812,P753,Hillegersberg Noord (812),Oude Noorden (753),316,2856
P812,P760,Hillegersberg Noord (812),Liskwartier (760),263,2566
P812,P800,Hillegersberg Noord (812),Hillegersberg Noord (800),182,1662
P812,P801,Hillegersberg Noord (812),Hillegersberg Zuid (801),140,1527
P812,P811,Hillegersberg Noord (812),Hillegersberg Noord (811),113,798
P812,P812,Hillegersberg Noord (812),Hillegersberg Noord (812),12,0
P812,P900,Hillegersberg Noord (812),Oud IJsselmonde (900),879,11987
P812,P910,Hillegersberg Noord (812),Groot IJsselmonde (910),940,12513
P812,P912,Hillegersberg Noord (812),Groot IJsselmonde (912),851,11598
P812,P920,Hillegersberg Noord (812),Lombardijen (920),1117,14333
P812,P930,Hillegersberg Noord (812),Groot IJsselmonde (930),1018,13234
P812,P950,Hillegersberg Noord (812),Groot IJsselmonde (950),906,12152
P812,P960,Hillegersberg Noord (812),Oud IJsselmonde (960),800,11120
P812,P980,Hillegersberg Noord (812),Groot IJsselmonde (980),1028,16023
P900,P10,Oud IJsselmonde (900),Stadsdriehoek (10),544,5025
P900,P11,Oud IJsselmonde (900),Stadsdriehoek (11),539,5043
P900,P20,Oud IJsselmonde (900),Stadsdriehoek (20),565,5364
P900,P21,Oud IJsselmonde (900),Stadsdriehoek (21),493,4794
P900,P30,Oud IJsselmonde (900),Cool (30),549,5354
P900,P31,Oud IJsselmonde (900),Cool (31),526,5234
P900,P40,Oud IJsselmonde (900),Cool (40),433,4090
P900,P41,Oud IJsselmonde (900),Stadsdriehoek (41),475,4422
P900,P42,Oud IJsselmonde (900),Dijkzigt (42),513,4785
P900,P50,Oud IJsselmonde (900),Oude Westen (50),576,5449
P900,P51,Oud IJsselmonde (900),Dijkzigt (51),534,5210
P900,P60,Oud IJsselmonde (900),Cool (60),670,6878
P900,P120,Oud IJsselmonde (900),Nieuwe Werk (120),567,5123
P900,P121,Oud IJsselmonde (900),Nieuwe Werk (121),497,4527
P900,P200,Oud IJsselmonde (900),Carnisse (200),513,4843
P900,P201,Oud IJsselmonde (900),Zuidplein (201),475,4264
P900,P202,Oud IJsselmonde (900),Carnisse (202),473,4203
P900,P210,Oud IJsselmonde (900),Onbekend (210),586,6021
P900,P220,Oud IJsselmonde (900),Charlois Zuidrand (220),745,7385
P900,P230,Oud IJsselmonde (900),Tarwewijk (230),442,3845
P900,P232,Oud IJsselmonde (900),Bloemhof (232),342,3271
P900,P240,Oud IJsselmonde (900),Tarwewijk (240),361,3132
P900,P250,Oud IJsselmonde (900),Oud Charlois (250),514,4763
P900,P260,Oud IJsselmonde (900),Oud Charlois (260),580,5661
P900,P270,Oud IJsselmonde (900),Wielewaal (270),715,6220
P900,P280,Oud IJsselmonde (900),Pendrecht (280),641,6435
P900,P282,Oud IJsselmonde (900),Zuiderpark (282),584,5805
P900,P290,Oud IJsselmonde (900),Zuidwijk (290),612,5306
P900,P300,Oud IJsselmonde (900),Hillesluis (300),251,1892
P900,P301,Oud IJsselmonde (900),Hillesluis (301),222,1724
P900,P310,Oud IJsselmonde (900),Vreewijk (310),461,3894
P900,P311,Oud IJsselmonde (900),Vreewijk (311),415,3356
P900,P320,Oud IJsselmonde (900),Kop van Zuid - Entrepot (320),268,2257
P900,P322,Oud IJsselmonde (900),Kop van Zuid - Entrepot (322),306,2718
P900,P323,Oud IJsselmonde (900),Kop van Zuid (323),328,2950
P900,P330,Oud IJsselmonde (900),Afrikaanderwijk (330),268,2201
P900,P331,Oud IJsselmonde (900),Afrikaanderwijk (331),299,2470
P900,P340,Oud IJsselmonde (900),Bloemhof (340),330,2746
P900,P341,Oud IJsselmonde (900),Hillesluis (341),314,2503
P900,P350,Oud IJsselmonde (900),Katendrecht (350),447,3376
P900,P370,Oud IJsselmonde (900),Noordereiland (370),391,3540
P900,P380,Oud IJsselmonde (900),Feijenoord (380),238,1961
P900,P400,Oud IJsselmonde (900),Oosterflank (400),724,10332
P900,P410,Oud IJsselmonde (900),'s-Gravenland (410),673,8247
P900,P500,Oud IJsselmonde (900),Middelland (500),600,5957
P900,P501,Oud IJsselmonde (900),Middelland (501),614,5959
P900,P502,Oud IJsselmonde (900),Dijkzigt (502),557,5227
P900,P503,Oud IJsselmonde (900),Middelland (503),631,5966
P900,P504,Oud IJsselmonde (900),Middelland (504),680,6500
P900,P510,Oud IJsselmonde (900),Tussendijken (510),757,7304
P900,P511,Oud IJsselmonde (900),Tussendijken (511),854,7710
P900,P513,Oud IJsselmonde (900),Tussendijken (513),820,7708
P900,P520,Oud IJsselmonde (900),Onbekend (520),836,8355
P900,P530,Oud IJsselmonde (900),Nieuwe Westen (530),677,6479
P900,P531,Oud IJsselmonde (900),Nieuwe Westen (531),788,7338
P900,P532,Oud IJsselmonde (900),Nieuwe Westen (532),957,8256
P900,P540,Oud IJsselmonde (900),Delfshaven (540),628,6065
P900,P560,Oud IJsselmonde (900),Schiemond (560),639,6033
P900,P570,Oud IJsselmonde (900),Oud Mathenesse (570),916,9098
P900,P580,Oud IJsselmonde (900),Schiemond (580),724,6476
P900,P581,Oud IJsselmonde (900),Bospolder (581),769,7358
P900,P600,Oud IJsselmonde (900),Struisenburg (600),573,6585
P900,P610,Oud IJsselmonde (900),Rubroek (610),651,5868
P900,P620,Oud IJsselmonde (900),De Esch (620),516,6278
P900,P630,Oud IJsselmonde (900),Kralingen West (630),616,6069
P900,P633,Oud IJsselmonde (900),Kralingen West (633),636,7836
P900,P634,Oud IJsselmonde (900),Kralingen West (634),671,8436
P900,P640,Oud IJsselmonde (900),De Esch (640),530,6679
P900,P650,Oud IJsselmonde (900),Nieuw Crooswijk (650),733,6981
P900,P651,Oud IJsselmonde (900),Oud Crooswijk (651),670,6199
P900,P660,Oud IJsselmonde (900),Kralingen Oost (660),436,5634
P900,P670,Oud IJsselmonde (900),Nieuw Crooswijk (670),774,11336
P900,P680,Oud IJsselmonde (900),Nieuw Crooswijk (680),796,9863
P900,P690,Oud IJsselmonde (900),Kralingen Oost (690),495,6695
P900,P700,Oud IJsselmonde (900),Provenierswijk (700),736,6642
P900,P710,Oud IJsselmonde (900),Agniesebuurt (710),643,5828
P900,P712,Oud IJsselmonde (900),Stadsdriehoek (712),591,5304
P900,P720,Oud IJsselmonde (900),Blijdorp (720),784,7103
P900,P721,Oud IJsselmonde (900),Blijdorp (721),736,6844
P900,P723,Oud IJsselmonde (900),Bergpolder (723),699,6767
P900,P724,Oud IJsselmonde (900),Blijdorp (724),881,7906
P900,P730,Oud IJsselmonde (900),Blijdorp (730),763,7068
P900,P740,Oud IJsselmonde (900),Blijdorp (740),768,7298
P900,P750,Oud IJsselmonde (900),Oude Noorden (750),746,6660
P900,P751,Oud IJsselmonde (900),Oude Noorden (751),717,6811
P900,P753,Oud IJsselmonde (900),Oude Noorden (753),743,7126
P900,P760,Oud IJsselmonde (900),Liskwartier (760),775,7235
P900,P800,Oud IJsselmonde (900),Hillegersberg Noord (800),908,8720
P900,P801,Oud IJsselmonde (900),Hillegersberg Zuid (801),844,8258
P900,P811,Oud IJsselmonde (900),Hillegersberg Noord (811),919,12260
P900,P812,Oud IJsselmonde (900),Hillegersberg Noord (812),931,12607
P900,P900,Oud IJsselmonde (900),Oud IJsselmonde (900),30,0
P900,P910,Oud IJsselmonde (900),Groot IJsselmonde (910),285,2458
P900,P912,Oud IJsselmonde (900),Groot IJsselmonde (912),259,2303
P900,P920,Oud IJsselmonde (900),Lombardijen (920),482,4051
P900,P930,Oud IJsselmonde (900),Groot IJsselmonde (930),403,3790
P900,P950,Oud IJsselmonde (900),Groot IJsselmonde (950),316,2856
P900,P960,Oud IJsselmonde (900),Oud IJsselmonde (960),159,1311
P900,P980,Oud IJsselmonde (900),Groot IJsselmonde (980),443,4210
P910,P10,Groot IJsselmonde (910),Stadsdriehoek (10),661,6558
P910,P11,Groot IJsselmonde (910),Stadsdriehoek (11),675,6426
P910,P20,Groot IJsselmonde (910),Stadsdriehoek (20),637,7705
P910,P21,Groot IJsselmonde (910),Stadsdriehoek (21),626,5994
P910,P30,Groot IJsselmonde (910),Cool (30),670,6733
P910,P31,Groot IJsselmonde (910),Cool (31),648,6512
P910,P40,Groot IJsselmonde (910),Cool (40),550,5595
P910,P41,Groot IJsselmonde (910),Stadsdriehoek (41),642,5864
P910,P42,Groot IJsselmonde (910),Dijkzigt (42),656,6219
P910,P50,Groot IJsselmonde (910),Oude Westen (50),694,6962
P910,P51,Groot IJsselmonde (910),Dijkzigt (51),652,6648
P910,P60,Groot IJsselmonde (910),Cool (60),796,7853
P910,P120,Groot IJsselmonde (910),Nieuwe Werk (120),731,6485
P910,P121,Groot IJsselmonde (910),Nieuwe Werk (121),615,6060
P910,P200,Groot IJsselmonde (910),Carnisse (200),630,5273
P910,P201,Groot IJsselmonde (910),Zuidplein (201),516,4860
P910,P202,Groot IJsselmonde (910),Carnisse (202),554,4743
P910,P210,Groot IJsselmonde (910),Onbekend (210),704,7326
P910,P220,Groot IJsselmonde (910),Charlois Zuidrand (220),717,9610
P910,P230,Groot IJsselmonde (910),Tarwewijk (230),559,5041
P910,P232,Groot IJsselmonde (910),Bloemhof (232),460,4216
P910,P240,Groot IJsselmonde (910),Tarwewijk (240),499,4487
P910,P250,Groot IJsselmonde (910),Oud Charlois (250),632,6200
P910,P260,Groot IJsselmonde (910),Oud Charlois (260),697,7100
P910,P270,Groot IJsselmonde (910),Wielewaal (270),832,7734
P910,P280,Groot IJsselmonde (910),Pendrecht (280),657,6336
P910,P282,Groot IJsselmonde (910),Zuiderpark (282),588,6008
P910,P290,Groot IJsselmonde (910),Zuidwijk (290),533,4725
P910,P300,Groot IJsselmonde (910),Hillesluis (300),369,3372
P910,P301,Groot IJsselmonde (910),Hillesluis (301),350,3172
P910,P310,Groot IJsselmonde (910),Vreewijk (310),424,3937
P910,P311,Groot IJsselmonde (910),Vreewijk (311),395,3469
P910,P320,Groot IJsselmonde (910),Kop van Zuid - Entrepot (320),385,3763
P910,P322,Groot IJsselmonde (910),Kop van Zuid - Entrepot (322),423,4247
P910,P323,Groot IJsselmonde (910),Kop van Zuid (323),445,4175
P910,P330,Groot IJsselmonde (910),Afrikaanderwijk (330),401,3643
P910,P331,Groot IJsselmonde (910),Afrikaanderwijk (331),432,3898
P910,P340,Groot IJsselmonde (910),Bloemhof (340),442,3845
P910,P341,Groot IJsselmonde (910),Hillesluis (341),387,3154
P910,P350,Groot IJsselmonde (910),Katendrecht (350),565,4889
P910,P370,Groot IJsselmonde (910),Noordereiland (370),509,5037
P910,P380,Groot IJsselmonde (910),Feijenoord (380),372,3452
P910,P400,Groot IJsselmonde (910),Oosterflank (400),734,10351
P910,P410,Groot IJsselmonde (910),'s-Gravenland (410),684,8319
P910,P500,Groot IJsselmonde (910),Middelland (500),755,7213
P910,P501,Groot IJsselmonde (910),Middelland (501),740,7215
P910,P502,Groot IJsselmonde (910),Dijkzigt (502),674,6759
P910,P503,Groot IJsselmonde (910),Middelland (503),748,7475
P910,P504,Groot IJsselmonde (910),Middelland (504),817,8027
P910,P510,Groot IJsselmonde (910),Tussendijken (510),898,8578
P910,P511,Groot IJsselmonde (910),Tussendijken (511),972,9242
P910,P513,Groot IJsselmonde (910),Tussendijken (513),953,8974
P910,P520,Groot IJsselmonde (910),Onbekend (520),966,9700
P910,P530,Groot IJsselmonde (910),Nieuwe Westen (530),828,7711
P910,P531,Groot IJsselmonde (910),Nieuwe Westen (531),906,8744
P910,P532,Groot IJsselmonde (910),Nieuwe Westen (532),1083,9657
P910,P540,Groot IJsselmonde (910),Delfshaven (540),750,7460
P910,P560,Groot IJsselmonde (910),Schiemond (560),762,7394
P910,P570,Groot IJsselmonde (910),Oud Mathenesse (570),1037,10539
P910,P580,Groot IJsselmonde (910),Schiemond (580),842,8009
P910,P581,Groot IJsselmonde (910),Bospolder (581),892,8842
P910,P600,Groot IJsselmonde (910),Struisenburg (600),567,6769
P910,P610,Groot IJsselmonde (910),Rubroek (610),737,7421
P910,P620,Groot IJsselmonde (910),De Esch (620),521,6282
P910,P630,Groot IJsselmonde (910),Kralingen West (630),661,7909
P910,P633,Groot IJsselmonde (910),Kralingen West (633),651,8086
P910,P634,Groot IJsselmonde (910),Kralingen West (634),682,8572
P910,P640,Groot IJsselmonde (910),De Esch (640),518,6340
P910,P650,Groot IJsselmonde (910),Nieuw Crooswijk (650),800,9705
P910,P651,Groot IJsselmonde (910),Oud Crooswijk (651),818,9211
P910,P660,Groot IJsselmonde (910),Kralingen Oost (660),448,5652
P910,P670,Groot IJsselmonde (910),Nieuw Crooswijk (670),793,11503
P910,P680,Groot IJsselmonde (910),Nieuw Crooswijk (680),817,10517
P910,P690,Groot IJsselmonde (910),Kralingen Oost (690),506,6636
P910,P700,Groot IJsselmonde (910),Provenierswijk (700),870,7898
P910,P710,Groot IJsselmonde (910),Agniesebuurt (710),778,7300
P910,P712,Groot IJsselmonde (910),Stadsdriehoek (712),708,6837
P910,P720,Groot IJsselmonde (910),Blijdorp (720),881,8635
P910,P721,Groot IJsselmonde (910),Blijdorp (721),862,8390
P910,P723,Groot IJsselmonde (910),Bergpolder (723),842,7978
P910,P724,Groot IJsselmonde (910),Blijdorp (724),915,15026
P910,P730,Groot IJsselmonde (910),Blijdorp (730),880,8324
P910,P740,Groot IJsselmonde (910),Blijdorp (740),901,8735
P910,P750,Groot IJsselmonde (910),Oude Noorden (750),893,7740
P910,P751,Groot IJsselmonde (910),Oude Noorden (751),851,8159
P910,P753,Groot IJsselmonde (910),Oude Noorden (753),874,8659
P910,P760,Groot IJsselmonde (910),Liskwartier (760),908,8575
P910,P800,Groot IJsselmonde (910),Hillegersberg Noord (800),991,11749
P910,P801,Groot IJsselmonde (910),Hillegersberg Zuid (801),929,11356
P910,P811,Groot IJsselmonde (910),Hillegersberg Noord (811),916,12349
P910,P812,Groot IJsselmonde (910),Hillegersberg Noord (812),962,12740
P910,P900,Groot IJsselmonde (910),Oud IJsselmonde (900),228,1645
P910,P910,Groot IJsselmonde (910),Groot IJsselmonde (910),95,0
P910,P912,Groot IJsselmonde (910),Groot IJsselmonde (912),153,1091
P910,P920,Groot IJsselmonde (910),Lombardijen (920),352,2944
P910,P930,Groot IJsselmonde (910),Groot IJsselmonde (930),277,2128
P910,P950,Groot IJsselmonde (910),Groot IJsselmonde (950),241,2008
P910,P960,Groot IJsselmonde (910),Oud IJsselmonde (960),284,2301
P910,P980,Groot IJsselmonde (910),Groot IJsselmonde (980),302,2563
P912,P10,Groot IJsselmonde (912),Stadsdriehoek (10),578,7224
P912,P11,Groot IJsselmonde (912),Stadsdriehoek (11),700,7922
P912,P20,Groot IJsselmonde (912),Stadsdriehoek (20),528,6774
P912,P21,Groot IJsselmonde (912),Stadsdriehoek (21),583,7249
P912,P30,Groot IJsselmonde (912),Cool (30),700,6716
P912,P31,Groot IJsselmonde (912),Cool (31),676,6519
P912,P40,Groot IJsselmonde (912),Cool (40),583,5545
P912,P41,Groot IJsselmonde (912),Stadsdriehoek (41),620,5877
P912,P42,Groot IJsselmonde (912),Dijkzigt (42),655,6143
P912,P50,Groot IJsselmonde (912),Oude Westen (50),731,6967
P912,P51,Groot IJsselmonde (912),Dijkzigt (51),691,6654
P912,P60,Groot IJsselmonde (912),Cool (60),854,8365
P912,P120,Groot IJsselmonde (912),Nieuwe Werk (120),709,6409
P912,P121,Groot IJsselmonde (912),Nieuwe Werk (121),640,5998
P912,P200,Groot IJsselmonde (912),Carnisse (200),606,5256
P912,P201,Groot IJsselmonde (912),Zuidplein (201),534,4746
P912,P202,Groot IJsselmonde (912),Carnisse (202),534,4726
P912,P210,Groot IJsselmonde (912),Onbekend (210),740,7309
P912,P220,Groot IJsselmonde (912),Charlois Zuidrand (220),702,13631
P912,P230,Groot IJsselmonde (912),Tarwewijk (230),561,4927
P912,P232,Groot IJsselmonde (912),Bloemhof (232),448,4199
P912,P240,Groot IJsselmonde (912),Tarwewijk (240),546,4559
P912,P250,Groot IJsselmonde (912),Oud Charlois (250),668,6182
P912,P260,Groot IJsselmonde (912),Oud Charlois (260),733,7100
P912,P270,Groot IJsselmonde (912),Wielewaal (270),862,7717
P912,P280,Groot IJsselmonde (912),Pendrecht (280),700,6900
P912,P282,Groot IJsselmonde (912),Zuiderpark (282),643,6253
P912,P290,Groot IJsselmonde (912),Zuidwijk (290),529,5169
P912,P300,Groot IJsselmonde (912),Hillesluis (300),393,3296
P912,P301,Groot IJsselmonde (912),Hillesluis (301),373,3170
P912,P310,Groot IJsselmonde (912),Vreewijk (310),476,3780
P912,P311,Groot IJsselmonde (912),Vreewijk (311),427,3415
P912,P320,Groot IJsselmonde (912),Kop van Zuid - Entrepot (320),410,3720
P912,P322,Groot IJsselmonde (912),Kop van Zuid - Entrepot (322),454,4212
P912,P323,Groot IJsselmonde (912),Kop van Zuid (323),485,4189
P912,P330,Groot IJsselmonde (912),Afrikaanderwijk (330),425,3626
P912,P331,Groot IJsselmonde (912),Afrikaanderwijk (331),456,3926
P912,P340,Groot IJsselmonde (912),Bloemhof (340),462,3828
P912,P341,Groot IJsselmonde (912),Hillesluis (341),365,3124
P912,P350,Groot IJsselmonde (912),Katendrecht (350),603,4873
P912,P370,Groot IJsselmonde (912),Noordereiland (370),545,5032
P912,P380,Groot IJsselmonde (912),Feijenoord (380),404,3521
P912,P400,Groot IJsselmonde (912),Oosterflank (400),622,9289
P912,P410,Groot IJsselmonde (912),'s-Gravenland (410),572,7269
P912,P500,Groot IJsselmonde (912),Middelland (500),778,7416
P912,P501,Groot IJsselmonde (912),Middelland (501),764,7397
P912,P502,Groot IJsselmonde (912),Dijkzigt (502),700,6683
P912,P503,Groot IJsselmonde (912),Middelland (503),786,7484
P912,P504,Groot IJsselmonde (912),Middelland (504),841,8004
P912,P510,Groot IJsselmonde (912),Tussendijken (510),922,8670
P912,P511,Groot IJsselmonde (912),Tussendijken (511),997,9166
P912,P513,Groot IJsselmonde (912),Tussendijken (513),978,9164
P912,P520,Groot IJsselmonde (912),Onbekend (520),990,9811
P912,P530,Groot IJsselmonde (912),Nieuwe Westen (530),863,7980
P912,P531,Groot IJsselmonde (912),Nieuwe Westen (531),941,8776
P912,P532,Groot IJsselmonde (912),Nieuwe Westen (532),1144,9712
P912,P540,Groot IJsselmonde (912),Delfshaven (540),775,7521
P912,P560,Groot IJsselmonde (912),Schiemond (560),790,7376
P912,P570,Groot IJsselmonde (912),Oud Mathenesse (570),1002,17574
P912,P580,Groot IJsselmonde (912),Schiemond (580),866,7932
P912,P581,Groot IJsselmonde (912),Bospolder (581),920,8824
P912,P600,Groot IJsselmonde (912),Struisenburg (600),453,5761
P912,P610,Groot IJsselmonde (912),Rubroek (610),693,8004
P912,P620,Groot IJsselmonde (912),De Esch (620),408,5216
P912,P630,Groot IJsselmonde (912),Kralingen West (630),549,6941
P912,P633,Groot IJsselmonde (912),Kralingen West (633),538,7019
P912,P634,Groot IJsselmonde (912),Kralingen West (634),570,7540
P912,P640,Groot IJsselmonde (912),De Esch (640),406,5278
P912,P650,Groot IJsselmonde (912),Nieuw Crooswijk (650),687,8659
P912,P651,Groot IJsselmonde (912),Oud Crooswijk (651),728,8320
P912,P660,Groot IJsselmonde (912),Kralingen Oost (660),337,4594
P912,P670,Groot IJsselmonde (912),Nieuw Crooswijk (670),680,10457
P912,P680,Groot IJsselmonde (912),Nieuw Crooswijk (680),705,9450
P912,P690,Groot IJsselmonde (912),Kralingen Oost (690),394,5717
P912,P700,Groot IJsselmonde (912),Provenierswijk (700),851,14225
P912,P710,Groot IJsselmonde (912),Agniesebuurt (710),781,8745
P912,P712,Groot IJsselmonde (912),Stadsdriehoek (712),711,8272
P912,P720,Groot IJsselmonde (912),Blijdorp (720),836,13923
P912,P721,Groot IJsselmonde (912),Blijdorp (721),772,13634
P912,P723,Groot IJsselmonde (912),Bergpolder (723),751,13479
P912,P724,Groot IJsselmonde (912),Blijdorp (724),803,13997
P912,P730,Groot IJsselmonde (912),Blijdorp (730),847,14094
P912,P740,Groot IJsselmonde (912),Blijdorp (740),846,14271
P912,P750,Groot IJsselmonde (912),Oude Noorden (750),867,9654
P912,P751,Groot IJsselmonde (912),Oude Noorden (751),819,9571
P912,P753,Groot IJsselmonde (912),Oude Noorden (753),812,9417
P912,P760,Groot IJsselmonde (912),Liskwartier (760),839,10422
P912,P800,Groot IJsselmonde (912),Hillegersberg Noord (800),898,10835
P912,P801,Groot IJsselmonde (912),Hillegersberg Zuid (801),835,10441
P912,P811,Groot IJsselmonde (912),Hillegersberg Noord (811),819,11282
P912,P812,Groot IJsselmonde (912),Hillegersberg Noord (812),850,11712
P912,P900,Groot IJsselmonde (912),Oud IJsselmonde (900),218,1628
P912,P910,Groot IJsselmonde (912),Groot IJsselmonde (910),156,1091
P912,P912,Groot IJsselmonde (912),Groot IJsselmonde (912),8,0
P912,P920,Groot IJsselmonde (912),Lombardijen (920),348,3221
P912,P930,Groot IJsselmonde (912),Groot IJsselmonde (930),247,2260
P912,P950,Groot IJsselmonde (912),Groot IJsselmonde (950),128,1044
P912,P960,Groot IJsselmonde (912),Oud IJsselmonde (960),191,1671
P912,P980,Groot IJsselmonde (912),Groot IJsselmonde (980),296,2840
P920,P10,Lombardijen (920),Stadsdriehoek (10),740,7220
P920,P11,Lombardijen (920),Stadsdriehoek (11),753,6987
P920,P20,Lombardijen (920),Stadsdriehoek (20),764,7525
P920,P21,Lombardijen (920),Stadsdriehoek (21),696,6744
P920,P30,Lombardijen (920),Cool (30),750,7278
P920,P31,Lombardijen (920),Cool (31),726,7063
P920,P40,Lombardijen (920),Cool (40),628,6090
P920,P41,Lombardijen (920),Stadsdriehoek (41),670,6410
P920,P42,Lombardijen (920),Dijkzigt (42),682,6586
P920,P50,Lombardijen (920),Oude Westen (50),714,6979
P920,P51,Lombardijen (920),Dijkzigt (51),706,7149
P920,P60,Lombardijen (920),Cool (60),783,8047
P920,P120,Lombardijen (920),Nieuwe Werk (120),759,6809
P920,P121,Lombardijen (920),Nieuwe Werk (121),692,6527
P920,P200,Lombardijen (920),Carnisse (200),466,4155
P920,P201,Lombardijen (920),Zuidplein (201),320,2938
P920,P202,Lombardijen (920),Carnisse (202),389,3594
P920,P210,Lombardijen (920),Onbekend (210),617,6184
P920,P220,Lombardijen (920),Charlois Zuidrand (220),436,7445
P920,P230,Lombardijen (920),Tarwewijk (230),415,3807
P920,P232,Lombardijen (920),Bloemhof (232),330,3052
P920,P240,Lombardijen (920),Tarwewijk (240),504,4208
P920,P250,Lombardijen (920),Oud Charlois (250),544,4934
P920,P260,Lombardijen (920),Oud Charlois (260),602,5909
P920,P270,Lombardijen (920),Wielewaal (270),667,5963
P920,P280,Lombardijen (920),Pendrecht (280),413,4025
P920,P282,Lombardijen (920),Zuiderpark (282),382,3809
P920,P290,Lombardijen (920),Zuidwijk (290),260,2295
P920,P300,Lombardijen (920),Hillesluis (300),390,3396
P920,P301,Lombardijen (920),Hillesluis (301),367,3436
P920,P310,Lombardijen (920),Vreewijk (310),220,1952
P920,P311,Lombardijen (920),Vreewijk (311),209,1393
P920,P320,Lombardijen (920),Kop van Zuid - Entrepot (320),482,4472
P920,P322,Lombardijen (920),Kop van Zuid - Entrepot (322),498,4912
P920,P323,Lombardijen (920),Kop van Zuid (323),481,4553
P920,P330,Lombardijen (920),Afrikaanderwijk (330),483,4240
P920,P331,Lombardijen (920),Afrikaanderwijk (331),443,4130
P920,P340,Lombardijen (920),Bloemhof (340),424,3172
P920,P341,Lombardijen (920),Hillesluis (341),353,2693
P920,P350,Lombardijen (920),Katendrecht (350),591,5051
P920,P370,Lombardijen (920),Noordereiland (370),599,5699
P920,P380,Lombardijen (920),Feijenoord (380),488,4578
P920,P400,Lombardijen (920),Oosterflank (400),901,12086
P920,P410,Lombardijen (920),'s-Gravenland (410),850,10045
P920,P500,Lombardijen (920),Middelland (500),703,7077
P920,P501,Lombardijen (920),Middelland (501),700,7082
P920,P502,Lombardijen (920),Dijkzigt (502),649,6429
P920,P503,Lombardijen (920),Middelland (503),710,7134
P920,P504,Lombardijen (920),Middelland (504),773,7655
P920,P510,Lombardijen (920),Tussendijken (510),872,8417
P920,P511,Lombardijen (920),Tussendijken (511),946,8912
P920,P513,Lombardijen (920),Tussendijken (513),913,8849
P920,P520,Lombardijen (920),Onbekend (520),940,9558
P920,P530,Lombardijen (920),Nieuwe Westen (530),790,7647
P920,P531,Lombardijen (920),Nieuwe Westen (531),869,8460
P920,P532,Lombardijen (920),Nieuwe Westen (532),1070,9364
P920,P540,Lombardijen (920),Delfshaven (540),725,7249
P920,P560,Lombardijen (920),Schiemond (560),737,7142
P920,P570,Lombardijen (920),Oud Mathenesse (570),1013,10287
P920,P580,Lombardijen (920),Schiemond (580),816,7679
P920,P581,Lombardijen (920),Bospolder (581),866,8587
P920,P600,Lombardijen (920),Struisenburg (600),741,8505
P920,P610,Lombardijen (920),Rubroek (610),850,8031
P920,P620,Lombardijen (920),De Esch (620),686,7959
P920,P630,Lombardijen (920),Kralingen West (630),813,9420
P920,P633,Lombardijen (920),Kralingen West (633),822,9762
P920,P634,Lombardijen (920),Kralingen West (634),848,10284
P920,P640,Lombardijen (920),De Esch (640),687,8094
P920,P650,Lombardijen (920),Nieuw Crooswijk (650),940,9164
P920,P651,Lombardijen (920),Oud Crooswijk (651),898,8393
P920,P660,Lombardijen (920),Kralingen Oost (660),613,7410
P920,P670,Lombardijen (920),Nieuw Crooswijk (670),958,13200
P920,P680,Lombardijen (920),Nieuw Crooswijk (680),983,12194
P920,P690,Lombardijen (920),Kralingen Oost (690),672,8456
P920,P700,Lombardijen (920),Provenierswijk (700),928,9053
P920,P710,Lombardijen (920),Agniesebuurt (710),856,7845
P920,P712,Lombardijen (920),Stadsdriehoek (712),786,7326
P920,P720,Lombardijen (920),Blijdorp (720),942,9386
P920,P721,Lombardijen (920),Blijdorp (721),901,9112
P920,P723,Lombardijen (920),Bergpolder (723),898,9268
P920,P724,Lombardijen (920),Blijdorp (724),996,10145
P920,P730,Lombardijen (920),Blijdorp (730),890,9024
P920,P740,Lombardijen (920),Blijdorp (740),900,9123
P920,P750,Lombardijen (920),Oude Noorden (750),941,8688
P920,P751,Lombardijen (920),Oude Noorden (751),928,8762
P920,P753,Lombardijen (920),Oude Noorden (753),950,9163
P920,P760,Lombardijen (920),Liskwartier (760),993,9235
P920,P800,Lombardijen (920),Hillegersberg Noord (800),1094,10433
P920,P801,Lombardijen (920),Hillegersberg Zuid (801),1037,10076
P920,P811,Lombardijen (920),Hillegersberg Noord (811),1088,14052
P920,P812,Lombardijen (920),Hillegersberg Noord (812),1128,14455
P920,P900,Lombardijen (920),Oud IJsselmonde (900),433,3492
P920,P910,Lombardijen (920),Groot IJsselmonde (910),365,2982
P920,P912,Lombardijen (920),Groot IJsselmonde (912),368,3284
P920,P920,Lombardijen (920),Lombardijen (920),107,0
P920,P930,Lombardijen (920),Groot IJsselmonde (930),340,2876
P920,P950,Lombardijen (920),Groot IJsselmonde (950),391,3644
P920,P960,Lombardijen (920),Oud IJsselmonde (960),469,4415
P920,P980,Lombardijen (920),Groot IJsselmonde (980),273,2548
P930,P10,Groot IJsselmonde (930),Stadsdriehoek (10),755,9070
P930,P11,Groot IJsselmonde (930),Stadsdriehoek (11),826,7891
P930,P20,Groot IJsselmonde (930),Stadsdriehoek (20),705,8620
P930,P21,Groot IJsselmonde (930),Stadsdriehoek (21),753,7720
P930,P30,Groot IJsselmonde (930),Cool (30),836,8201
P930,P31,Groot IJsselmonde (930),Cool (31),811,8081
P930,P40,Groot IJsselmonde (930),Cool (40),701,6952
P930,P41,Groot IJsselmonde (930),Stadsdriehoek (41),764,7284
P930,P42,Groot IJsselmonde (930),Dijkzigt (42),781,7768
P930,P50,Groot IJsselmonde (930),Oude Westen (50),844,8297
P930,P51,Groot IJsselmonde (930),Dijkzigt (51),807,8058
P930,P60,Groot IJsselmonde (930),Cool (60),966,9726
P930,P120,Groot IJsselmonde (930),Nieuwe Werk (120),853,8106
P930,P121,Groot IJsselmonde (930),Nieuwe Werk (121),765,7389
P930,P200,Groot IJsselmonde (930),Carnisse (200),730,6669
P930,P201,Groot IJsselmonde (930),Zuidplein (201),584,5450
P930,P202,Groot IJsselmonde (930),Carnisse (202),653,6079
P930,P210,Groot IJsselmonde (930),Onbekend (210),860,8868
P930,P220,Groot IJsselmonde (930),Charlois Zuidrand (220),680,10691
P930,P230,Groot IJsselmonde (930),Tarwewijk (230),690,6494
P930,P232,Groot IJsselmonde (930),Bloemhof (232),594,5537
P930,P240,Groot IJsselmonde (930),Tarwewijk (240),656,5980
P930,P250,Groot IJsselmonde (930),Oud Charlois (250),795,7611
P930,P260,Groot IJsselmonde (930),Oud Charlois (260),848,8508
P930,P270,Groot IJsselmonde (930),Wielewaal (270),931,8448
P930,P280,Groot IJsselmonde (930),Pendrecht (280),675,6610
P930,P282,Groot IJsselmonde (930),Zuiderpark (282),647,6372
P930,P290,Groot IJsselmonde (930),Zuidwijk (290),517,4892
P930,P300,Groot IJsselmonde (930),Hillesluis (300),520,4739
P930,P301,Groot IJsselmonde (930),Hillesluis (301),500,4586
P930,P310,Groot IJsselmonde (930),Vreewijk (310),495,4557
P930,P311,Groot IJsselmonde (930),Vreewijk (311),456,3882
P930,P320,Groot IJsselmonde (930),Kop van Zuid - Entrepot (320),536,5119
P930,P322,Groot IJsselmonde (930),Kop van Zuid - Entrepot (322),574,5580
P930,P323,Groot IJsselmonde (930),Kop van Zuid (323),605,5933
P930,P330,Groot IJsselmonde (930),Afrikaanderwijk (330),551,5049
P930,P331,Groot IJsselmonde (930),Afrikaanderwijk (331),582,5332
P930,P340,Groot IJsselmonde (930),Bloemhof (340),594,5423
P930,P341,Groot IJsselmonde (930),Hillesluis (341),557,4435
P930,P350,Groot IJsselmonde (930),Katendrecht (350),722,6223
P930,P370,Groot IJsselmonde (930),Noordereiland (370),661,6387
P930,P380,Groot IJsselmonde (930),Feijenoord (380),527,4928
P930,P400,Groot IJsselmonde (930),Oosterflank (400),799,11135
P930,P410,Groot IJsselmonde (930),'s-Gravenland (410),749,9115
P930,P500,Groot IJsselmonde (930),Middelland (500),894,8822
P930,P501,Groot IJsselmonde (930),Middelland (501),902,8942
P930,P502,Groot IJsselmonde (930),Dijkzigt (502),825,8089
P930,P503,Groot IJsselmonde (930),Middelland (503),899,8813
P930,P504,Groot IJsselmonde (930),Middelland (504),967,9362
P930,P510,Groot IJsselmonde (930),Tussendijken (510),1049,10151
P930,P511,Groot IJsselmonde (930),Tussendijken (511),1122,10572
P930,P513,Groot IJsselmonde (930),Tussendijken (513),1104,10570
P930,P520,Groot IJsselmonde (930),Onbekend (520),1119,11217
P930,P530,Groot IJsselmonde (930),Nieuwe Westen (530),973,9386
P930,P531,Groot IJsselmonde (930),Nieuwe Westen (531),1056,10185
P930,P532,Groot IJsselmonde (930),Nieuwe Westen (532),1253,11118
P930,P540,Groot IJsselmonde (930),Delfshaven (540),901,8927
P930,P560,Groot IJsselmonde (930),Schiemond (560),930,8880
P930,P570,Groot IJsselmonde (930),Oud Mathenesse (570),1176,11945
P930,P580,Groot IJsselmonde (930),Schiemond (580),992,9338
P930,P581,Groot IJsselmonde (930),Bospolder (581),1042,10220
P930,P600,Groot IJsselmonde (930),Struisenburg (600),647,7543
P930,P610,Groot IJsselmonde (930),Rubroek (610),867,9677
P930,P620,Groot IJsselmonde (930),De Esch (620),588,7038
P930,P630,Groot IJsselmonde (930),Kralingen West (630),725,8622
P930,P633,Groot IJsselmonde (930),Kralingen West (633),728,8877
P930,P634,Groot IJsselmonde (930),Kralingen West (634),751,9250
P930,P640,Groot IJsselmonde (930),De Esch (640),593,7200
P930,P650,Groot IJsselmonde (930),Nieuw Crooswijk (650),865,10574
P930,P651,Groot IJsselmonde (930),Oud Crooswijk (651),905,10166
P930,P660,Groot IJsselmonde (930),Kralingen Oost (660),512,6432
P930,P670,Groot IJsselmonde (930),Nieuw Crooswijk (670),860,12294
P930,P680,Groot IJsselmonde (930),Nieuw Crooswijk (680),885,11296
P930,P690,Groot IJsselmonde (930),Kralingen Oost (690),571,7496
P930,P700,Groot IJsselmonde (930),Provenierswijk (700),1011,9679
P930,P710,Groot IJsselmonde (930),Agniesebuurt (710),926,8675
P930,P712,Groot IJsselmonde (930),Stadsdriehoek (712),859,8166
P930,P720,Groot IJsselmonde (930),Blijdorp (720),1000,15642
P930,P721,Groot IJsselmonde (930),Blijdorp (721),956,15420
P930,P723,Groot IJsselmonde (930),Bergpolder (723),939,15309
P930,P724,Groot IJsselmonde (930),Blijdorp (724),979,15843
P930,P730,Groot IJsselmonde (930),Blijdorp (730),1026,10241
P930,P740,Groot IJsselmonde (930),Blijdorp (740),1021,16104
P930,P750,Groot IJsselmonde (930),Oude Noorden (750),1014,9557
P930,P751,Groot IJsselmonde (930),Oude Noorden (751),984,9666
P930,P753,Groot IJsselmonde (930),Oude Noorden (753),989,11108
P930,P760,Groot IJsselmonde (930),Liskwartier (760),1012,12268
P930,P800,Groot IJsselmonde (930),Hillegersberg Noord (800),1075,12681
P930,P801,Groot IJsselmonde (930),Hillegersberg Zuid (801),1011,12287
P930,P811,Groot IJsselmonde (930),Hillegersberg Noord (811),994,13128
P930,P812,Groot IJsselmonde (930),Hillegersberg Noord (812),1026,13558
P930,P900,Groot IJsselmonde (930),Oud IJsselmonde (900),422,3690
P930,P910,Groot IJsselmonde (930),Groot IJsselmonde (910),277,2126
P930,P912,Groot IJsselmonde (930),Groot IJsselmonde (912),259,2382
P930,P920,Groot IJsselmonde (930),Lombardijen (920),337,2863
P930,P930,Groot IJsselmonde (930),Groot IJsselmonde (930),105,0
P930,P950,Groot IJsselmonde (930),Groot IJsselmonde (950),195,1620
P930,P960,Groot IJsselmonde (930),Oud IJsselmonde (960),368,3517
P930,P980,Groot IJsselmonde (930),Groot IJsselmonde (980),220,1575
P950,P10,Groot IJsselmonde (950),Stadsdriehoek (10),617,7733
P950,P11,Groot IJsselmonde (950),Stadsdriehoek (11),745,8450
P950,P20,Groot IJsselmonde (950),Stadsdriehoek (20),569,7282
P950,P21,Groot IJsselmonde (950),Stadsdriehoek (21),626,7814
P950,P30,Groot IJsselmonde (950),Cool (30),770,9306
P950,P31,Groot IJsselmonde (950),Cool (31),748,9149
P950,P40,Groot IJsselmonde (950),Cool (40),666,6499
P950,P41,Groot IJsselmonde (950),Stadsdriehoek (41),708,6768
P950,P42,Groot IJsselmonde (950),Dijkzigt (42),746,7104
P950,P50,Groot IJsselmonde (950),Oude Westen (50),794,9516
P950,P51,Groot IJsselmonde (950),Dijkzigt (51),752,9202
P950,P60,Groot IJsselmonde (950),Cool (60),917,9269
P950,P120,Groot IJsselmonde (950),Nieuwe Werk (120),800,7370
P950,P121,Groot IJsselmonde (950),Nieuwe Werk (121),730,6945
P950,P200,Groot IJsselmonde (950),Carnisse (200),690,6177
P950,P201,Groot IJsselmonde (950),Zuidplein (201),608,5708
P950,P202,Groot IJsselmonde (950),Carnisse (202),612,5643
P950,P210,Groot IJsselmonde (950),Onbekend (210),817,8230
P950,P220,Groot IJsselmonde (950),Charlois Zuidrand (220),731,13908
P950,P230,Groot IJsselmonde (950),Tarwewijk (230),626,5888
P950,P232,Groot IJsselmonde (950),Bloemhof (232),528,5120
P950,P240,Groot IJsselmonde (950),Tarwewijk (240),608,5394
P950,P250,Groot IJsselmonde (950),Oud Charlois (250),746,7103
P950,P260,Groot IJsselmonde (950),Oud Charlois (260),811,8004
P950,P270,Groot IJsselmonde (950),Wielewaal (270),943,8634
P950,P280,Groot IJsselmonde (950),Pendrecht (280),719,7328
P950,P282,Groot IJsselmonde (950),Zuiderpark (282),687,7096
P950,P290,Groot IJsselmonde (950),Zuidwijk (290),566,5600
P950,P300,Groot IJsselmonde (950),Hillesluis (300),484,4257
P950,P301,Groot IJsselmonde (950),Hillesluis (301),450,4076
P950,P310,Groot IJsselmonde (950),Vreewijk (310),526,5144
P950,P311,Groot IJsselmonde (950),Vreewijk (311),486,4366
P950,P320,Groot IJsselmonde (950),Kop van Zuid - Entrepot (320),501,4667
P950,P322,Groot IJsselmonde (950),Kop van Zuid - Entrepot (322),535,5135
P950,P323,Groot IJsselmonde (950),Kop van Zuid (323),560,5110
P950,P330,Groot IJsselmonde (950),Afrikaanderwijk (330),496,4547
P950,P331,Groot IJsselmonde (950),Afrikaanderwijk (331),527,4802
P950,P340,Groot IJsselmonde (950),Bloemhof (340),539,4707
P950,P341,Groot IJsselmonde (950),Hillesluis (341),442,4043
P950,P350,Groot IJsselmonde (950),Katendrecht (350),680,5775
P950,P370,Groot IJsselmonde (950),Noordereiland (370),623,5923
P950,P380,Groot IJsselmonde (950),Feijenoord (380),485,4356
P950,P400,Groot IJsselmonde (950),Oosterflank (400),664,9797
P950,P410,Groot IJsselmonde (950),'s-Gravenland (410),613,7777
P950,P500,Groot IJsselmonde (950),Middelland (500),837,8170
P950,P501,Groot IJsselmonde (950),Middelland (501),854,8359
P950,P502,Groot IJsselmonde (950),Dijkzigt (502),788,7644
P950,P503,Groot IJsselmonde (950),Middelland (503),864,8360
P950,P504,Groot IJsselmonde (950),Middelland (504),908,8917
P950,P510,Groot IJsselmonde (950),Tussendijken (510),1004,9566
P950,P511,Groot IJsselmonde (950),Tussendijken (511),1087,10127
P950,P513,Groot IJsselmonde (950),Tussendijken (513),1047,9966
P950,P520,Groot IJsselmonde (950),Onbekend (520),1071,10603
P950,P530,Groot IJsselmonde (950),Nieuwe Westen (530),924,8741
P950,P531,Groot IJsselmonde (950),Nieuwe Westen (531),1018,9648
P950,P532,Groot IJsselmonde (950),Nieuwe Westen (532),1181,17224
P950,P540,Groot IJsselmonde (950),Delfshaven (540),856,8364
P950,P560,Groot IJsselmonde (950),Schiemond (560),877,8297
P950,P570,Groot IJsselmonde (950),Oud Mathenesse (570),1045,18082
P950,P580,Groot IJsselmonde (950),Schiemond (580),957,8894
P950,P581,Groot IJsselmonde (950),Bospolder (581),997,9745
P950,P600,Groot IJsselmonde (950),Struisenburg (600),496,6171
P950,P610,Groot IJsselmonde (950),Rubroek (610),716,8362
P950,P620,Groot IJsselmonde (950),De Esch (620),445,5667
P950,P630,Groot IJsselmonde (950),Kralingen West (630),584,7272
P950,P633,Groot IJsselmonde (950),Kralingen West (633),582,7527
P950,P634,Groot IJsselmonde (950),Kralingen West (634),611,7935
P950,P640,Groot IJsselmonde (950),De Esch (640),449,5829
P950,P650,Groot IJsselmonde (950),Nieuw Crooswijk (650),731,9202
P950,P651,Groot IJsselmonde (950),Oud Crooswijk (651),771,8828
P950,P660,Groot IJsselmonde (950),Kralingen Oost (660),378,5094
P950,P670,Groot IJsselmonde (950),Nieuw Crooswijk (670),714,10922
P950,P680,Groot IJsselmonde (950),Nieuw Crooswijk (680),748,9958
P950,P690,Groot IJsselmonde (950),Kralingen Oost (690),438,6124
P950,P700,Groot IJsselmonde (950),Provenierswijk (700),893,14733
P950,P710,Groot IJsselmonde (950),Agniesebuurt (710),809,9253
P950,P712,Groot IJsselmonde (950),Stadsdriehoek (712),755,8772
P950,P720,Groot IJsselmonde (950),Blijdorp (720),849,14327
P950,P721,Groot IJsselmonde (950),Blijdorp (721),816,14143
P950,P723,Groot IJsselmonde (950),Bergpolder (723),795,14028
P950,P724,Groot IJsselmonde (950),Blijdorp (724),845,14505
P950,P730,Groot IJsselmonde (950),Blijdorp (730),891,14629
P950,P740,Groot IJsselmonde (950),Blijdorp (740),890,14822
P950,P750,Groot IJsselmonde (950),Oude Noorden (750),910,9972
P950,P751,Groot IJsselmonde (950),Oude Noorden (751),855,10068
P950,P753,Groot IJsselmonde (950),Oude Noorden (753),842,9736
P950,P760,Groot IJsselmonde (950),Liskwartier (760),861,10931
P950,P800,Groot IJsselmonde (950),Hillegersberg Noord (800),942,11343
P950,P801,Groot IJsselmonde (950),Hillegersberg Zuid (801),878,10950
P950,P811,Groot IJsselmonde (950),Hillegersberg Noord (811),843,11786
P950,P812,Groot IJsselmonde (950),Hillegersberg Noord (812),892,12220
P950,P900,Groot IJsselmonde (950),Oud IJsselmonde (900),292,2535
P950,P910,Groot IJsselmonde (950),Groot IJsselmonde (910),238,2016
P950,P912,Groot IJsselmonde (950),Groot IJsselmonde (912),126,1045
P950,P920,Groot IJsselmonde (950),Lombardijen (920),387,3587
P950,P930,Groot IJsselmonde (950),Groot IJsselmonde (930),189,1544
P950,P950,Groot IJsselmonde (950),Groot IJsselmonde (950),80,0
P950,P960,Groot IJsselmonde (950),Oud IJsselmonde (960),234,2154
P950,P980,Groot IJsselmonde (950),Groot IJsselmonde (980),294,2948
P960,P10,Oud IJsselmonde (960),Stadsdriehoek (10),579,7270
P960,P11,Oud IJsselmonde (960),Stadsdriehoek (11),637,6133
P960,P20,Oud IJsselmonde (960),Stadsdriehoek (20),530,6820
P960,P21,Oud IJsselmonde (960),Stadsdriehoek (21),572,7269
P960,P30,Oud IJsselmonde (960),Cool (30),632,6393
P960,P31,Oud IJsselmonde (960),Cool (31),610,6209
P960,P40,Oud IJsselmonde (960),Cool (40),518,5236
P960,P41,Oud IJsselmonde (960),Stadsdriehoek (41),554,5519
P960,P42,Oud IJsselmonde (960),Dijkzigt (42),592,5833
P960,P50,Oud IJsselmonde (960),Oude Westen (50),662,6588
P960,P51,Oud IJsselmonde (960),Dijkzigt (51),619,6326
P960,P60,Oud IJsselmonde (960),Cool (60),791,8017
P960,P120,Oud IJsselmonde (960),Nieuwe Werk (120),646,6099
P960,P121,Oud IJsselmonde (960),Nieuwe Werk (121),576,5674
P960,P200,Oud IJsselmonde (960),Carnisse (200),557,5077
P960,P201,Oud IJsselmonde (960),Zuidplein (201),479,4586
P960,P202,Oud IJsselmonde (960),Carnisse (202),479,4521
P960,P210,Oud IJsselmonde (960),Onbekend (210),668,6981
P960,P220,Oud IJsselmonde (960),Charlois Zuidrand (220),673,13610
P960,P230,Oud IJsselmonde (960),Tarwewijk (230),513,4696
P960,P232,Oud IJsselmonde (960),Bloemhof (232),395,4020
P960,P240,Oud IJsselmonde (960),Tarwewijk (240),483,4250
P960,P250,Oud IJsselmonde (960),Oud Charlois (250),595,5854
P960,P260,Oud IJsselmonde (960),Oud Charlois (260),661,6790
P960,P270,Oud IJsselmonde (960),Wielewaal (270),794,7362
P960,P280,Oud IJsselmonde (960),Pendrecht (280),690,6727
P960,P282,Oud IJsselmonde (960),Zuiderpark (282),595,6024
P960,P290,Oud IJsselmonde (960),Zuidwijk (290),581,5142
P960,P300,Oud IJsselmonde (960),Hillesluis (300),337,3031
P960,P301,Oud IJsselmonde (960),Hillesluis (301),309,2826
P960,P310,Oud IJsselmonde (960),Vreewijk (310),429,3601
P960,P311,Oud IJsselmonde (960),Vreewijk (311),380,3244
P960,P320,Oud IJsselmonde (960),Kop van Zuid - Entrepot (320),347,3403
P960,P322,Oud IJsselmonde (960),Kop van Zuid - Entrepot (322),386,3864
P960,P323,Oud IJsselmonde (960),Kop van Zuid (323),413,3861
P960,P330,Oud IJsselmonde (960),Afrikaanderwijk (330),362,3299
P960,P331,Oud IJsselmonde (960),Afrikaanderwijk (331),393,3559
P960,P340,Oud IJsselmonde (960),Bloemhof (340),401,3649
P960,P341,Oud IJsselmonde (960),Hillesluis (341),312,2921
P960,P350,Oud IJsselmonde (960),Katendrecht (350),530,4515
P960,P370,Oud IJsselmonde (960),Noordereiland (370),473,4679
P960,P380,Oud IJsselmonde (960),Feijenoord (380),341,3167
P960,P400,Oud IJsselmonde (960),Oosterflank (400),623,9380
P960,P410,Oud IJsselmonde (960),'s-Gravenland (410),574,7315
P960,P500,Oud IJsselmonde (960),Middelland (500),714,7048
P960,P501,Oud IJsselmonde (960),Middelland (501),701,7087
P960,P502,Oud IJsselmonde (960),Dijkzigt (502),636,6373
P960,P503,Oud IJsselmonde (960),Middelland (503),715,7105
P960,P504,Oud IJsselmonde (960),Middelland (504),778,7646
P960,P510,Oud IJsselmonde (960),Tussendijken (510),859,8361
P960,P511,Oud IJsselmonde (960),Tussendijken (511),934,8856
P960,P513,Oud IJsselmonde (960),Tussendijken (513),915,8844
P960,P520,Oud IJsselmonde (960),Onbekend (520),927,9470
P960,P530,Oud IJsselmonde (960),Nieuwe Westen (530),800,7618
P960,P531,Oud IJsselmonde (960),Nieuwe Westen (531),869,8466
P960,P532,Oud IJsselmonde (960),Nieuwe Westen (532),1081,9335
P960,P540,Oud IJsselmonde (960),Delfshaven (540),709,7157
P960,P560,Oud IJsselmonde (960),Schiemond (560),723,7055
P960,P570,Oud IJsselmonde (960),Oud Mathenesse (570),998,10193
P960,P580,Oud IJsselmonde (960),Schiemond (580),804,7623
P960,P581,Oud IJsselmonde (960),Bospolder (581),854,8496
P960,P600,Oud IJsselmonde (960),Struisenburg (600),458,5807
P960,P610,Oud IJsselmonde (960),Rubroek (610),693,8048
P960,P620,Oud IJsselmonde (960),De Esch (620),409,5262
P960,P630,Oud IJsselmonde (960),Kralingen West (630),549,6958
P960,P633,Oud IJsselmonde (960),Kralingen West (633),539,7065
P960,P634,Oud IJsselmonde (960),Kralingen West (634),571,7586
P960,P640,Oud IJsselmonde (960),De Esch (640),406,5388
P960,P650,Oud IJsselmonde (960),Nieuw Crooswijk (650),688,8762
P960,P651,Oud IJsselmonde (960),Oud Crooswijk (651),729,8401
P960,P660,Oud IJsselmonde (960),Kralingen Oost (660),340,4702
P960,P670,Oud IJsselmonde (960),Nieuw Crooswijk (670),681,10503
P960,P680,Oud IJsselmonde (960),Nieuw Crooswijk (680),706,9496
P960,P690,Oud IJsselmonde (960),Kralingen Oost (690),395,5685
P960,P700,Oud IJsselmonde (960),Provenierswijk (700),832,7619
P960,P710,Oud IJsselmonde (960),Agniesebuurt (710),740,6954
P960,P712,Oud IJsselmonde (960),Stadsdriehoek (712),674,6451
P960,P720,Oud IJsselmonde (960),Blijdorp (720),837,13969
P960,P721,Oud IJsselmonde (960),Blijdorp (721),773,13598
P960,P723,Oud IJsselmonde (960),Bergpolder (723),756,13442
P960,P724,Oud IJsselmonde (960),Blijdorp (724),805,14042
P960,P730,Oud IJsselmonde (960),Blijdorp (730),844,7979
P960,P740,Oud IJsselmonde (960),Blijdorp (740),844,14225
P960,P750,Oud IJsselmonde (960),Oude Noorden (750),826,7799
P960,P751,Oud IJsselmonde (960),Oude Noorden (751),812,8664
P960,P753,Oud IJsselmonde (960),Oude Noorden (753),813,9393
P960,P760,Oud IJsselmonde (960),Liskwartier (760),840,10468
P960,P800,Oud IJsselmonde (960),Hillegersberg Noord (800),899,10881
P960,P801,Oud IJsselmonde (960),Hillegersberg Zuid (801),839,10489
P960,P811,Oud IJsselmonde (960),Hillegersberg Noord (811),819,11346
P960,P812,Oud IJsselmonde (960),Hillegersberg Noord (812),853,11758
P960,P900,Oud IJsselmonde (960),Oud IJsselmonde (900),137,1252
P960,P910,Oud IJsselmonde (960),Groot IJsselmonde (910),250,2286
P960,P912,Oud IJsselmonde (960),Groot IJsselmonde (912),162,1371
P960,P920,Oud IJsselmonde (960),Lombardijen (920),427,4101
P960,P930,Oud IJsselmonde (960),Groot IJsselmonde (930),329,3021
P960,P950,Oud IJsselmonde (960),Groot IJsselmonde (950),216,1892
P960,P960,Oud IJsselmonde (960),Oud IJsselmonde (960),44,0
P960,P980,Oud IJsselmonde (960),Groot IJsselmonde (980),374,3665
P980,P10,Groot IJsselmonde (980),Stadsdriehoek (10),783,9467
P980,P11,Groot IJsselmonde (980),Stadsdriehoek (11),841,8188
P980,P20,Groot IJsselmonde (980),Stadsdriehoek (20),734,9023
P980,P21,Groot IJsselmonde (980),Stadsdriehoek (21),775,9401
P980,P30,Groot IJsselmonde (980),Cool (30),836,8489
P980,P31,Groot IJsselmonde (980),Cool (31),814,8305
P980,P40,Groot IJsselmonde (980),Cool (40),716,7296
P980,P41,Groot IJsselmonde (980),Stadsdriehoek (41),759,7565
P980,P42,Groot IJsselmonde (980),Dijkzigt (42),796,7929
P980,P50,Groot IJsselmonde (980),Oude Westen (50),861,8672
P980,P51,Groot IJsselmonde (980),Dijkzigt (51),823,8358
P980,P60,Groot IJsselmonde (980),Cool (60),981,10023
P980,P120,Groot IJsselmonde (980),Nieuwe Werk (120),851,8195
P980,P121,Groot IJsselmonde (980),Nieuwe Werk (121),781,7770
P980,P200,Groot IJsselmonde (980),Carnisse (200),664,6311
P980,P201,Groot IJsselmonde (980),Zuidplein (201),508,5072
P980,P202,Groot IJsselmonde (980),Carnisse (202),585,5764
P980,P210,Groot IJsselmonde (980),Onbekend (210),805,8332
P980,P220,Groot IJsselmonde (980),Charlois Zuidrand (220),532,9896
P980,P230,Groot IJsselmonde (980),Tarwewijk (230),620,6022
P980,P232,Groot IJsselmonde (980),Bloemhof (232),526,5216
P980,P240,Groot IJsselmonde (980),Tarwewijk (240),678,6277
P980,P250,Groot IJsselmonde (980),Oud Charlois (250),732,7104
P980,P260,Groot IJsselmonde (980),Oud Charlois (260),799,8057
P980,P270,Groot IJsselmonde (980),Wielewaal (270),862,8132
P980,P280,Groot IJsselmonde (980),Pendrecht (280),617,6240
P980,P282,Groot IJsselmonde (980),Zuiderpark (282),576,5978
P980,P290,Groot IJsselmonde (980),Zuidwijk (290),450,4509
P980,P300,Groot IJsselmonde (980),Hillesluis (300),526,5056
P980,P301,Groot IJsselmonde (980),Hillesluis (301),499,4944
P980,P310,Groot IJsselmonde (980),Vreewijk (310),413,4214
P980,P311,Groot IJsselmonde (980),Vreewijk (311),385,4062
P980,P320,Groot IJsselmonde (980),Kop van Zuid - Entrepot (320),551,5464
P980,P322,Groot IJsselmonde (980),Kop van Zuid - Entrepot (322),589,5948
P980,P323,Groot IJsselmonde (980),Kop van Zuid (323),617,5908
P980,P330,Groot IJsselmonde (980),Afrikaanderwijk (330),564,5346
P980,P331,Groot IJsselmonde (980),Afrikaanderwijk (331),587,5599
P980,P340,Groot IJsselmonde (980),Bloemhof (340),594,5245
P980,P341,Groot IJsselmonde (980),Hillesluis (341),494,4620
P980,P350,Groot IJsselmonde (980),Katendrecht (350),735,6592
P980,P370,Groot IJsselmonde (980),Noordereiland (370),677,6747
P980,P380,Groot IJsselmonde (980),Feijenoord (380),538,5172
P980,P400,Groot IJsselmonde (980),Oosterflank (400),828,11552
P980,P410,Groot IJsselmonde (980),'s-Gravenland (410),778,9537
P980,P500,Groot IJsselmonde (980),Middelland (500),907,9053
P980,P501,Groot IJsselmonde (980),Middelland (501),892,9204
P980,P502,Groot IJsselmonde (980),Dijkzigt (502),836,8469
P980,P503,Groot IJsselmonde (980),Middelland (503),909,9205
P980,P504,Groot IJsselmonde (980),Middelland (504),969,9762
P980,P510,Groot IJsselmonde (980),Tussendijken (510),1064,10448
P980,P511,Groot IJsselmonde (980),Tussendijken (511),1138,10952
P980,P513,Groot IJsselmonde (980),Tussendijken (513),1105,10849
P980,P520,Groot IJsselmonde (980),Onbekend (520),1132,11475
P980,P530,Groot IJsselmonde (980),Nieuwe Westen (530),990,9623
P980,P531,Groot IJsselmonde (980),Nieuwe Westen (531),1062,10546
P980,P532,Groot IJsselmonde (980),Nieuwe Westen (532),1271,11460
P980,P540,Groot IJsselmonde (980),Delfshaven (540),904,9214
P980,P560,Groot IJsselmonde (980),Schiemond (560),928,9151
P980,P570,Groot IJsselmonde (980),Oud Mathenesse (570),1189,23659
P980,P580,Groot IJsselmonde (980),Schiemond (580),1007,9719
P980,P581,Groot IJsselmonde (980),Bospolder (581),1055,10596
P980,P600,Groot IJsselmonde (980),Struisenburg (600),662,7950
P980,P610,Groot IJsselmonde (980),Rubroek (610),898,10180
P980,P620,Groot IJsselmonde (980),De Esch (620),614,7478
P980,P630,Groot IJsselmonde (980),Kralingen West (630),754,9090
P980,P633,Groot IJsselmonde (980),Kralingen West (633),744,9287
P980,P634,Groot IJsselmonde (980),Kralingen West (634),776,9753
P980,P640,Groot IJsselmonde (980),De Esch (640),611,7561
P980,P650,Groot IJsselmonde (980),Nieuw Crooswijk (650),893,10935
P980,P651,Groot IJsselmonde (980),Oud Crooswijk (651),934,10588
P980,P660,Groot IJsselmonde (980),Kralingen Oost (660),541,6854
P980,P670,Groot IJsselmonde (980),Nieuw Crooswijk (670),886,12684
P980,P680,Groot IJsselmonde (980),Nieuw Crooswijk (680),910,11718
P980,P690,Groot IJsselmonde (980),Kralingen Oost (690),600,7857
P980,P700,Groot IJsselmonde (980),Provenierswijk (700),1036,9715
P980,P710,Groot IJsselmonde (980),Agniesebuurt (710),944,9001
P980,P712,Groot IJsselmonde (980),Stadsdriehoek (712),874,8547
P980,P720,Groot IJsselmonde (980),Blijdorp (720),1031,16145
P980,P721,Groot IJsselmonde (980),Blijdorp (721),978,15730
P980,P723,Groot IJsselmonde (980),Bergpolder (723),961,15574
P980,P724,Groot IJsselmonde (980),Blijdorp (724),1008,16253
P980,P730,Groot IJsselmonde (980),Blijdorp (730),1048,10027
P980,P740,Groot IJsselmonde (980),Blijdorp (740),1039,16356
P980,P750,Groot IJsselmonde (980),Oude Noorden (750),1030,9804
P980,P751,Groot IJsselmonde (980),Oude Noorden (751),1011,10753
P980,P753,Groot IJsselmonde (980),Oude Noorden (753),1018,11524
P980,P760,Groot IJsselmonde (980),Liskwartier (760),1042,12690
P980,P800,Groot IJsselmonde (980),Hillegersberg Noord (800),1104,13103
P980,P801,Groot IJsselmonde (980),Hillegersberg Zuid (801),1040,12710
P980,P811,Groot IJsselmonde (980),Hillegersberg Noord (811),1014,13550
P980,P812,Groot IJsselmonde (980),Hillegersberg Noord (812),1055,13966
P980,P900,Groot IJsselmonde (980),Oud IJsselmonde (900),442,4068
P980,P910,Groot IJsselmonde (980),Groot IJsselmonde (910),293,2507
P980,P912,Groot IJsselmonde (980),Groot IJsselmonde (912),296,2804
P980,P920,Groot IJsselmonde (980),Lombardijen (920),265,2540
P980,P930,Groot IJsselmonde (980),Groot IJsselmonde (930),214,1560
P980,P950,Groot IJsselmonde (980),Groot IJsselmonde (950),303,2958
P980,P960,Groot IJsselmonde (980),Oud IJsselmonde (960),397,3886
P980,P980,Groot IJsselmonde (980),Groot IJsselmonde (980),55,0
