ts,weg,richting,km,strook,beeld
2026-09-09T01:49+02:00,A13,L,16.7,1,speedlimit
2026-09-09T01:49+02:00,A15,L,60.62,4,lane_closed
2026-09-09T01:49+02:00,A16,L,9.75,3,speedlimit
2026-09-09T01:49+02:00,A15,h,60.62,1,lane_closed
2026-09-09T01:49+02:00,A16,L,7.15,1,lane_closed
2026-09-09T01:49+02:00,A4,R,22.1,3,speedlimit
2026-09-09T01:49+02:00,A15,L,75.375,4,speedlimit
2026-09-09T01:49+02:00,A16,R,30.05,1,speedlimit
2026-09-09T01:49+02:00,A20,L,30.196,2,speedlimit
2026-09-09T01:49+02:00,A16,m,34.44,2,lane_closed
2026-09-09T01:49+02:00,A4,R,32.4,3,lane_closed
2026-09-09T01:49+02:00,A16,R,32.22,3,lane_closed
2026-09-09T01:49+02:00,A13,R,16.655,1,speedlimit
2026-09-09T01:49+02:00,A15,L,61.39,1,speedlimit
2026-09-09T01:49+02:00,A13,R,17.1,2,speedlimit
2026-09-09T01:49+02:00,A16,m,34.44,3,lane_closed
2026-09-09T01:49+02:00,A16,L,13.47,2,speedlimit
2026-09-09T01:49+02:00,A16,L,7.9,3,speedlimit
2026-09-09T01:49+02:00,A4,R,29.44,1,speedlimit
2026-09-09T01:49+02:00,A4,L,42.19,4,lane_closed
2026-09-09T01:49+02:00,A15,L,43.46,2,speedlimit
2026-09-09T01:49+02:00,A15,n,61.78,3,speedlimit
2026-09-09T01:49+02:00,A15,L,74.625,2,speedlimit
2026-09-09T01:49+02:00,A4,R,30.76,1,lane_closed
2026-09-09T01:49+02:00,A16,R,7.15,3,lane_closed
2026-09-09T01:49+02:00,A16,L,9.35,2,lane_closed
2026-09-09T01:49+02:00,A4,L,43.18,2,speedlimit
2026-09-09T01:49+02:00,A15,L,62.768,3,speedlimit
2026-09-09T01:49+02:00,A4,R,31.905,2,lane_closed
2026-09-09T01:49+02:00,A15,h,61.01,1,lane_closed
2026-09-09T01:49+02:00,A13,L,15.035,3,speedlimit
2026-09-09T01:49+02:00,A15,y,62.635,3,speedlimit
2026-09-09T01:49+02:00,A13,R,18.5,1,speedlimit
2026-09-09T01:49+02:00,A16,m,34.618,2,lane_closed
2026-09-09T01:49+02:00,A13,R,12.3,1,speedlimit
2026-09-09T01:49+02:00,A15,L,73.25,1,speedlimit
2026-09-09T01:49+02:00,A20,L,29.5,2,speedlimit
2026-09-09T01:49+02:00,A15,L,74.275,3,lane_closed
2026-09-09T01:49+02:00,A13,R,18.5,4,speedlimit
2026-09-09T01:49+02:00,A13,R,18.2,3,speedlimit
2026-09-09T01:49+02:00,A15,h,60.62,2,speedlimit
2026-09-09T01:49+02:00,A20,R,28.1,1,speedlimit
2026-09-09T01:49+02:00,A20,R,30.196,3,speedlimit
2026-09-09T01:49+02:00,A15,L,73.25,2,speedlimit
2026-09-09T01:49+02:00,A16,L,12.49,2,speedlimit
2026-09-09T01:49+02:00,A15,L,73.25,3,lane_closed
2026-09-09T01:49+02:00,A20,L,36.94,1,lane_closed
2026-09-09T01:49+02:00,A4,R,2.367,4,lane_closed
2026-09-09T01:49+02:00,A16,L,12.35,1,speedlimit
2026-09-09T01:49+02:00,A13,R,13.235,1,lane_closed
2026-09-09T01:49+02:00,A4,R,31.52,3,speedlimit
2026-09-09T01:49+02:00,A16,L,10.09,2,lane_closed
2026-09-09T01:49+02:00,A15,n,95.855,3,speedlimit
2026-09-09T01:49+02:00,A15,L,75.075,1,speedlimit
2026-09-09T01:49+02:00,A13,R,17.8,2,speedlimit
2026-09-09T01:49+02:00,A20,L,36.625,5,lane_closed
2026-09-09T01:49+02:00,A15,L,62.43,4,lane_closed_ahead
2026-09-09T01:49+02:00,A20,s,29.6,2,speedlimit
2026-09-09T01:49+02:00,A16,L,14.17,2,speedlimit
2026-09-09T01:49+02:00,A15,L,65.25,2,speedlimit
2026-09-09T01:49+02:00,A16,L,13.19,2,speedlimit
2026-09-09T01:49+02:00,A15,L,65.685,3,speedlimit
2026-09-09T01:49+02:00,A16,R,33.135,4,lane_closed
2026-09-09T01:49+02:00,A13,L,15.035,1,lane_closed
2026-09-09T01:49+02:00,A15,y,63.3,1,speedlimit
2026-09-09T01:49+02:00,A20,R,26.93,4,speedlimit
2026-09-09T01:49+02:00,A20,R,28.57,3,speedlimit
2026-09-09T01:49+02:00,A20,L,36.625,2,speedlimit
2026-09-09T01:49+02:00,A13,R,14.38,3,speedlimit
2026-09-09T01:49+02:00,A16,R,31.74,5,lane_closed
2026-09-09T01:49+02:00,A4,L,2.447,4,lane_closed
2026-09-09T01:49+02:00,A13,L,18.8,2,speedlimit
2026-09-09T01:49+02:00,A20,R,27.235,1,speedlimit
2026-09-09T01:49+02:00,A15,L,62.768,4,speedlimit
2026-09-09T01:49+02:00,A20,L,28.41,2,speedlimit
2026-09-09T01:49+02:00,A16,R,31.25,4,lane_closed
2026-09-09T01:49+02:00,A15,n,62.25,2,speedlimit
2026-09-09T01:49+02:00,A4,R,22.525,3,speedlimit
2026-09-09T01:49+02:00,A16,L,13.89,1,speedlimit
2026-09-09T01:49+02:00,A20,R,27.79,2,speedlimit
2026-09-09T01:49+02:00,A13,R,18.5,3,speedlimit
2026-09-09T01:49+02:00,A20,R,28.57,4,speedlimit
2026-09-09T01:49+02:00,A20,R,31.26,4,speedlimit
2026-09-09T01:49+02:00,A20,L,29.826,2,speedlimit
2026-09-09T01:49+02:00,A20,L,35.925,1,lane_closed
2026-09-09T01:49+02:00,A20,L,28.57,1,speedlimit
2026-09-09T01:49+02:00,A4,n,43.673,1,speedlimit
2026-09-09T01:49+02:00,A16,R,32.22,5,lane_closed
2026-09-09T01:49+02:00,A20,R,29.5,4,speedlimit
2026-09-09T01:49+02:00,A15,L,62.768,1,speedlimit
2026-09-09T01:49+02:00,A15,L,73.755,1,speedlimit
2026-09-09T01:49+02:00,A16,L,10.09,3,speedlimit
2026-09-09T01:49+02:00,A15,L,72.96,1,speedlimit
2026-09-09T01:49+02:00,A16,R,7.9,2,lane_closed
2026-09-09T01:49+02:00,A16,R,24.71,3,speedlimit
2026-09-09T01:49+02:00,A15,L,72.58,2,speedlimit
2026-09-09T01:49+02:00,A16,R,32.76,5,lane_closed
2026-09-09T01:49+02:00,A16,R,31.74,4,lane_closed
2026-09-09T01:49+02:00,A20,R,28.1,2,speedlimit
2026-09-09T01:49+02:00,A20,R,26.64,1,speedlimit
2026-09-09T01:49+02:00,A16,R,5.6,1,lane_closed
2026-09-09T01:49+02:00,A15,L,64.2,2,speedlimit
2026-09-09T01:49+02:00,A15,L,74.085,3,lane_closed
2026-09-09T01:49+02:00,A4,L,41.6,4,lane_closed
2026-09-09T01:49+02:00,A20,L,32.8,2,speedlimit
2026-09-09T01:49+02:00,A15,L,65.25,4,speedlimit
2026-09-09T01:49+02:00,A13,L,17.1,3,speedlimit
2026-09-09T01:49+02:00,A13,L,15.55,1,lane_closed
2026-09-09T01:49+02:00,A20,L,37.3,3,speedlimit
2026-09-09T01:49+02:00,A20,L,36.625,1,lane_closed
2026-09-09T01:49+02:00,A16,R,33.135,2,speedlimit
2026-09-09T01:49+02:00,A15,L,43.46,4,speedlimit
2026-09-09T01:49+02:00,A16,L,12.07,2,speedlimit
2026-09-09T01:49+02:00,A4,R,32.85,3,lane_closed
2026-09-09T01:49+02:00,A20,L,27.488,1,speedlimit
2026-09-09T01:49+02:00,A20,L,27.2,1,speedlimit
2026-09-09T01:49+02:00,A16,L,13.47,1,speedlimit
2026-09-09T01:49+02:00,A4,h,46.06,2,speedlimit
2026-09-09T01:49+02:00,A15,L,62.43,1,speedlimit
2026-09-09T01:49+02:00,A20,L,27.8,2,speedlimit
2026-09-09T01:49+02:00,A13,L,18.2,3,speedlimit
2026-09-09T01:49+02:00,A16,R,29.28,5,speedlimit
2026-09-09T01:49+02:00,A4,R,32.4,2,lane_closed
2026-09-09T01:49+02:00,A16,R,32.933,1,speedlimit
2026-09-09T01:49+02:00,A16,R,32.518,4,lane_closed
2026-09-09T01:49+02:00,A20,L,31.88,1,speedlimit
2026-09-09T01:49+02:00,A15,L,73.92,2,speedlimit
2026-09-09T01:49+02:00,A13,L,16.7,2,speedlimit
2026-09-09T01:49+02:00,A20,L,30.9,2,speedlimit
2026-09-09T01:49+02:00,A16,R,31.25,5,lane_closed
2026-09-09T01:49+02:00,A15,L,73.92,3,lane_closed
2026-09-09T01:49+02:00,A20,L,36.625,3,speedlimit
2026-09-09T01:49+02:00,A16,R,5.6,2,lane_closed
2026-09-09T01:49+02:00,A20,L,28.085,1,speedlimit
2026-09-09T01:49+02:00,A15,L,71.9,2,speedlimit
2026-09-09T01:49+02:00,A16,R,32.76,4,lane_closed
2026-09-09T01:49+02:00,A16,R,32.22,2,speedlimit
2026-09-09T01:49+02:00,A13,R,13.7,1,lane_closed
2026-09-09T01:49+02:00,A20,R,30.6,1,speedlimit
2026-09-09T01:49+02:00,A13,R,17.1,3,speedlimit
2026-09-09T01:49+02:00,A16,L,13.05,2,speedlimit
2026-09-09T01:49+02:00,A20,R,26.93,3,speedlimit
2026-09-09T01:49+02:00,A16,L,12.91,1,speedlimit
2026-09-09T01:49+02:00,A15,n,61.39,3,speedlimit
2026-09-09T01:49+02:00,A20,L,31.4,1,speedlimit
2026-09-09T01:49+02:00,A4,L,42.775,2,speedlimit
2026-09-09T01:49+02:00,A4,R,31.52,1,lane_closed
2026-09-09T01:49+02:00,A16,L,9.35,3,speedlimit
2026-09-09T01:49+02:00,A16,L,7.15,2,lane_closed
2026-09-09T01:49+02:00,A13,R,12.3,3,speedlimit
2026-09-09T01:49+02:00,A20,L,31.1,2,speedlimit
2026-09-09T01:49+02:00,A16,L,11.7,2,speedlimit
2026-09-09T01:49+02:00,A16,R,9.35,2,lane_closed
2026-09-09T01:49+02:00,A4,R,32.85,4,speedlimit
2026-09-09T01:49+02:00,A13,g,18.7,2,speedlimit
2026-09-09T01:49+02:00,A15,L,65.685,2,speedlimit
2026-09-09T01:49+02:00,A15,L,61.01,3,speedlimit
2026-09-09T01:49+02:00,A20,L,31.4,2,speedlimit
2026-09-09T01:49+02:00,A20,L,37.3,4,speedlimit
2026-09-09T01:49+02:00,A16,R,30.05,2,speedlimit
2026-09-09T01:49+02:00,A16,L,14.32,1,speedlimit
2026-09-09T01:49+02:00,A16,R,8.65,3,lane_closed
2026-09-09T01:49+02:00,A15,L,75.375,2,speedlimit
2026-09-09T01:49+02:00,A4,n,43.673,2,speedlimit
2026-09-09T01:49+02:00,A15,L,62.43,3,speedlimit
2026-09-09T01:49+02:00,A15,L,74.625,1,speedlimit
2026-09-09T01:49+02:00,A13,L,15.9,3,lane_closed
2026-09-09T01:49+02:00,A15,L,75.375,1,speedlimit
2026-09-09T01:49+02:00,A13,R,12.7,2,speedlimit
2026-09-09T01:49+02:00,A15,h,61.01,2,speedlimit
2026-09-09T01:49+02:00,A15,n,61.39,1,lane_closed
2026-09-09T01:49+02:00,A16,R,24.71,2,speedlimit
2026-09-09T01:49+02:00,A15,y,62.82,2,speedlimit
2026-09-09T01:49+02:00,A13,R,16.2,1,speedlimit
2026-09-09T01:49+02:00,A15,y,63.3,2,speedlimit
2026-09-09T01:49+02:00,A20,L,37.8,2,speedlimit
2026-09-09T01:49+02:00,A16,L,12.63,2,speedlimit
2026-09-09T01:49+02:00,A15,L,71.9,3,lane_closed
2026-09-09T01:49+02:00,A13,R,12.7,1,lane_closed_ahead
2026-09-09T01:49+02:00,A13,R,18.5,2,speedlimit
2026-09-09T01:49+02:00,A20,L,36.94,3,speedlimit
2026-09-09T01:49+02:00,A20,L,30.196,1,speedlimit
2026-09-09T01:49+02:00,A16,L,13.19,1,speedlimit
2026-09-09T01:49+02:00,A15,L,73.59,3,lane_closed
2026-09-09T01:49+02:00,A16,R,24.71,5,speedlimit
2026-09-09T01:49+02:00,A16,d,10.6,2,speedlimit
2026-09-09T01:49+02:00,A13,R,12.7,3,speedlimit
2026-09-09T01:49+02:00,A20,R,27.79,1,speedlimit
2026-09-09T01:49+02:00,A20,r,35.245,1,speedlimit
2026-09-09T01:49+02:00,A20,L,29.826,1,speedlimit
2026-09-09T01:49+02:00,A16,R,7.15,1,lane_closed
2026-09-09T01:49+02:00,A16,L,12.91,2,speedlimit
2026-09-09T01:49+02:00,A4,R,31.135,3,speedlimit
2026-09-09T01:49+02:00,A20,u,36.23,2,lane_closed
2026-09-09T01:49+02:00,A16,R,30.05,4,lane_closed_ahead
2026-09-09T01:49+02:00,A20,R,28.41,2,speedlimit
2026-09-09T01:49+02:00,A16,m,38.1,2,speedlimit
2026-09-09T01:49+02:00,A13,L,15.9,2,speedlimit
2026-09-09T01:49+02:00,A16,L,14.17,1,speedlimit
2026-09-09T01:49+02:00,A16,R,29.28,4,speedlimit
2026-09-09T01:49+02:00,A4,L,42.775,3,lane_closed_ahead
2026-09-09T01:49+02:00,A15,y,62.82,3,speedlimit
2026-09-09T01:49+02:00,A20,R,29.1,1,speedlimit
2026-09-09T01:49+02:00,A4,R,31.905,1,lane_closed
2026-09-09T01:49+02:00,A15,L,60.62,1,speedlimit
2026-09-09T01:49+02:00,A16,m,33.778,2,lane_closed
2026-09-09T01:49+02:00,A13,R,17.8,1,speedlimit
2026-09-09T01:49+02:00,A20,R,28.41,1,speedlimit
2026-09-09T01:49+02:00,A13,L,15.55,3,speedlimit
2026-09-09T01:49+02:00,A20,R,31.9,2,speedlimit
2026-09-09T01:49+02:00,A16,L,10.09,4,speedlimit
2026-09-09T01:49+02:00,A13,R,13.235,2,lane_closed_ahead
2026-09-09T01:49+02:00,A20,L,31.1,3,speedlimit
2026-09-09T01:49+02:00,A4,R,22.1,1,speedlimit
2026-09-09T01:49+02:00,A15,L,43.95,3,speedlimit
2026-09-09T01:49+02:00,A16,L,8.65,1,lane_closed
2026-09-09T01:49+02:00,A16,R,7.9,3,lane_closed
2026-09-09T01:49+02:00,A20,R,27.488,2,speedlimit
2026-09-09T01:49+02:00,A20,t,28.895,1,speedlimit
2026-09-09T01:49+02:00,A20,L,32.8,1,speedlimit
2026-09-09T01:49+02:00,A20,R,28.8,2,speedlimit
2026-09-09T01:49+02:00,A4,R,30.1,3,speedlimit
2026-09-09T01:49+02:00,A16,L,5.6,1,lane_closed
2026-09-09T01:49+02:00,A15,L,43.95,2,speedlimit
2026-09-09T01:49+02:00,A20,L,31.1,1,speedlimit
2026-09-09T01:49+02:00,A15,L,73.25,4,lane_closed
2026-09-09T01:49+02:00,A13,L,16.19,3,lane_closed
2026-09-09T01:49+02:00,A13,L,15.035,5,lane_closed
2026-09-09T01:49+02:00,A16,R,32.76,2,speedlimit
2026-09-09T01:49+02:00,A15,L,61.94,2,speedlimit
2026-09-09T01:49+02:00,A16,R,32.518,3,lane_closed
2026-09-09T01:49+02:00,A20,L,27.8,1,speedlimit
2026-09-09T01:49+02:00,A15,L,72.96,2,speedlimit
2026-09-09T01:49+02:00,A16,R,29.28,3,speedlimit
2026-09-09T01:49+02:00,A16,L,14.32,2,speedlimit
2026-09-09T01:49+02:00,A16,R,32.933,2,speedlimit
2026-09-09T01:49+02:00,A16,m,34.304,2,lane_closed
2026-09-09T01:49+02:00,A20,R,29.1,2,speedlimit
2026-09-09T01:49+02:00,A16,L,13.61,2,speedlimit
2026-09-09T01:49+02:00,A13,g,18.7,1,speedlimit
2026-09-09T01:49+02:00,A16,L,13.33,1,speedlimit
2026-09-09T01:49+02:00,A15,L,74.625,3,lane_closed
2026-09-09T01:49+02:00,A15,L,72.58,1,speedlimit
2026-09-09T01:49+02:00,A20,u,36.23,1,lane_closed
2026-09-09T01:49+02:00,A16,L,8.65,4,speedlimit
2026-09-09T01:49+02:00,A20,R,28.57,2,speedlimit
2026-09-09T01:49+02:00,A16,L,9.75,1,lane_closed
2026-09-09T01:49+02:00,A20,R,26.64,2,speedlimit
2026-09-09T01:49+02:00,A4,L,41.6,1,speedlimit
2026-09-09T01:49+02:00,A15,L,64.2,3,speedlimit
2026-09-09T01:49+02:00,A16,L,5.6,2,speedlimit
2026-09-09T01:49+02:00,A20,L,29.1,1,speedlimit
2026-09-09T01:49+02:00,A13,L,18.2,1,speedlimit
2026-09-09T01:49+02:00,A4,R,29.44,3,speedlimit
2026-09-09T01:49+02:00,A15,L,64.67,2,speedlimit
2026-09-09T01:49+02:00,A13,L,12.7,4,lane_closed
2026-09-09T01:49+02:00,A20,L,31.88,2,speedlimit
2026-09-09T01:49+02:00,A4,R,32.85,5,speedlimit
2026-09-09T01:49+02:00,A4,g,47.0,2,speedlimit
2026-09-09T01:49+02:00,A16,R,32.933,3,lane_closed
2026-09-09T01:49+02:00,A20,L,28.085,2,speedlimit
2026-09-09T01:49+02:00,A16,m,33.609,2,lane_closed
2026-09-09T01:49+02:00,A15,L,43.46,3,speedlimit
2026-09-09T01:49+02:00,A13,L,15.035,4,speedlimit
2026-09-09T01:49+02:00,A20,R,30.6,3,speedlimit
2026-09-09T01:49+02:00,A20,L,35.52,1,lane_closed
2026-09-09T01:49+02:00,A15,L,73.59,2,speedlimit
2026-09-09T01:49+02:00,A16,R,8.65,2,lane_closed
2026-09-09T01:49+02:00,A16,R,9.35,1,lane_closed
2026-09-09T01:49+02:00,A4,R,31.135,2,lane_closed
2026-09-09T01:49+02:00,A20,R,29.8,2,speedlimit
2026-09-09T01:49+02:00,A13,R,15.035,2,lane_closed
2026-09-09T01:49+02:00,A15,L,64.2,1,lane_closed
2026-09-09T01:49+02:00,A20,R,27.235,2,speedlimit
2026-09-09T01:49+02:00,A4,L,43.18,1,speedlimit
2026-09-09T01:49+02:00,A20,L,37.3,1,lane_closed
2026-09-09T01:49+02:00,A13,R,13.7,2,lane_closed
2026-09-09T01:49+02:00,A13,R,18.2,1,speedlimit
2026-09-09T01:49+02:00,A16,m,33.848,1,lane_closed
2026-09-09T01:49+02:00,A16,R,31.25,2,speedlimit
2026-09-09T01:49+02:00,A16,L,10.09,1,lane_closed
2026-09-09T01:49+02:00,A15,L,65.25,1,lane_closed_ahead
2026-09-09T01:49+02:00,A15,e,95.55,1,speedlimit
2026-09-09T01:49+02:00,A13,L,15.55,2,lane_closed_ahead
2026-09-09T01:49+02:00,A13,e,19.1,1,speedlimit
2026-09-09T01:49+02:00,A13,L,15.55,4,speedlimit
2026-09-09T01:49+02:00,A16,L,14.46,1,speedlimit
2026-09-09T01:49+02:00,A16,L,7.9,2,lane_closed
2026-09-09T01:49+02:00,A13,L,17.8,3,speedlimit
2026-09-09T01:49+02:00,A16,R,31.74,1,speedlimit
2026-09-09T01:49+02:00,A4,R,23.2,3,speedlimit
2026-09-09T01:49+02:00,A4,L,41.6,2,speedlimit
2026-09-09T01:49+02:00,A16,L,12.35,2,speedlimit
2026-09-09T01:49+02:00,A20,R,31.26,1,speedlimit
2026-09-09T01:49+02:00,A20,u,35.09,1,lane_closed
2026-09-09T01:49+02:00,A16,L,11.7,3,speedlimit
2026-09-09T01:49+02:00,A16,L,14.03,1,speedlimit
2026-09-09T01:49+02:00,A4,L,42.775,1,speedlimit
2026-09-09T01:49+02:00,A4,R,22.525,1,speedlimit
2026-09-09T01:49+02:00,A16,L,8.65,3,speedlimit
2026-09-09T01:49+02:00,A15,L,75.075,3,lane_closed_ahead
2026-09-09T01:49+02:00,A13,L,15.9,1,speedlimit
2026-09-09T01:49+02:00,A20,L,36.625,4,lane_closed
2026-09-09T01:49+02:00,A15,L,43.95,1,speedlimit
2026-09-09T01:49+02:00,A16,R,30.71,3,speedlimit
2026-09-09T01:49+02:00,A20,L,29.826,3,speedlimit
2026-09-09T01:49+02:00,A16,R,30.71,1,speedlimit
2026-09-09T01:49+02:00,A20,L,37.8,3,speedlimit
2026-09-09T01:49+02:00,A4,L,42.19,2,speedlimit
2026-09-09T01:49+02:00,A4,h,45.58,3,lane_closed
2026-09-09T01:49+02:00,A20,L,29.5,1,speedlimit
2026-09-09T01:49+02:00,A20,R,28.8,3,speedlimit
2026-09-09T01:49+02:00,A20,R,29.5,1,speedlimit
2026-09-09T01:49+02:00,A16,m,33.609,1,lane_closed
2026-09-09T01:49+02:00,A13,R,15.55,4,speedlimit
2026-09-09T01:49+02:00,A4,R,23.2,2,speedlimit
2026-09-09T01:49+02:00,A16,L,10.6,1,lane_closed
2026-09-09T01:49+02:00,A13,R,15.55,1,lane_closed
2026-09-09T01:49+02:00,A4,R,31.135,1,lane_closed
2026-09-09T01:49+02:00,A16,R,33.135,3,lane_closed
2026-09-09T01:49+02:00,A16,m,34.068,2,lane_closed
2026-09-09T01:49+02:00,A16,L,7.15,3,speedlimit
2026-09-09T01:49+02:00,A13,L,11.25,4,lane_closed
2026-09-09T01:49+02:00,A20,L,30.9,1,speedlimit
2026-09-09T01:49+02:00,A13,R,15.55,3,speedlimit
2026-09-09T01:49+02:00,A16,R,24.71,1,speedlimit
2026-09-09T01:49+02:00,A16,R,8.65,1,lane_closed
2026-09-09T01:49+02:00,A13,L,14.2,2,speedlimit
2026-09-09T01:49+02:00,A20,u,35.09,2,lane_closed
2026-09-09T01:49+02:00,A4,L,43.18,4,lane_closed_ahead
2026-09-09T01:49+02:00,A16,R,32.518,2,speedlimit
2026-09-09T01:49+02:00,A13,R,18.2,4,speedlimit
2026-09-09T01:49+02:00,A16,R,32.22,4,lane_closed
2026-09-09T01:49+02:00,A16,L,8.65,2,lane_closed
2026-09-09T01:49+02:00,A16,L,12.07,1,speedlimit
2026-09-09T01:49+02:00,A15,L,61.01,1,speedlimit
2026-09-09T01:49+02:00,A13,R,18.7,1,speedlimit
2026-09-09T01:49+02:00,A15,L,64.67,5,speedlimit
2026-09-09T01:49+02:00,A13,R,15.035,3,speedlimit
2026-09-09T01:49+02:00,A16,R,30.05,3,speedlimit
2026-09-09T01:49+02:00,A15,n,95.855,1,speedlimit
2026-09-09T01:49+02:00,A20,c,27.488,1,speedlimit
2026-09-09T01:49+02:00,A20,R,31.9,3,speedlimit
2026-09-09T01:49+02:00,A16,d,10.6,1,speedlimit
2026-09-09T01:49+02:00,A13,R,16.655,3,speedlimit
2026-09-09T01:49+02:00,A15,y,62.82,1,lane_closed_ahead
2026-09-09T01:49+02:00,A15,L,74.275,1,speedlimit
2026-09-09T01:49+02:00,A20,L,29.1,2,speedlimit
2026-09-09T01:49+02:00,A16,R,32.76,1,speedlimit
2026-09-09T01:49+02:00,A15,L,63.56,1,lane_closed
2026-09-09T01:49+02:00,A20,R,29.8,3,speedlimit
2026-09-09T01:49+02:00,A13,L,18.2,2,speedlimit
2026-09-09T01:49+02:00,A20,R,26.4,3,speedlimit
2026-09-09T01:49+02:00,A16,L,12.21,1,speedlimit
2026-09-09T01:49+02:00,A16,m,33.958,1,lane_closed
2026-09-09T01:49+02:00,A16,L,13.33,2,speedlimit
2026-09-09T01:49+02:00,A20,u,35.71,2,lane_closed
2026-09-09T01:49+02:00,A16,L,12.21,2,speedlimit
2026-09-09T01:49+02:00,A20,R,26.93,1,speedlimit
2026-09-09T01:49+02:00,A15,y,62.635,1,lane_closed
2026-09-09T01:49+02:00,A15,L,61.39,2,speedlimit
2026-09-09T01:49+02:00,A20,R,26.4,2,speedlimit
2026-09-09T01:49+02:00,A15,L,62.768,2,speedlimit
2026-09-09T01:49+02:00,A4,R,32.4,1,lane_closed
2026-09-09T01:49+02:00,A15,L,63.56,3,speedlimit
2026-09-09T01:49+02:00,A20,L,27.488,2,speedlimit
2026-09-09T01:49+02:00,A15,n,61.78,1,lane_closed
2026-09-09T01:49+02:00,A20,L,30.196,3,speedlimit
2026-09-09T01:49+02:00,A4,h,46.06,1,speedlimit
2026-09-09T01:49+02:00,A4,L,42.19,1,speedlimit
2026-09-09T01:49+02:00,A15,L,61.94,1,speedlimit
2026-09-09T01:49+02:00,A20,L,28.41,1,speedlimit
2026-09-09T01:49+02:00,A13,L,13.18,4,lane_closed
2026-09-09T01:49+02:00,A13,L,17.8,2,speedlimit
2026-09-09T01:49+02:00,A16,m,33.778,1,lane_closed
2026-09-09T01:49+02:00,A16,R,30.71,2,speedlimit
2026-09-09T01:49+02:00,A16,R,9.35,3,lane_closed
2026-09-09T01:49+02:00,A15,L,72.96,4,lane_closed
2026-09-09T01:49+02:00,A20,R,28.57,1,speedlimit
2026-09-09T01:49+02:00,A20,R,30.196,4,speedlimit
2026-09-09T01:49+02:00,A4,R,31.905,3,lane_closed_ahead
2026-09-09T01:49+02:00,A4,R,32.85,2,lane_closed
2026-09-09T01:49+02:00,A13,L,15.035,2,lane_closed
2026-09-09T01:49+02:00,A16,L,11.2,2,speedlimit
2026-09-09T01:49+02:00,A16,R,6.29,1,lane_closed
2026-09-09T01:49+02:00,A4,R,31.52,2,lane_closed
2026-09-09T01:49+02:00,A16,R,24.39,3,speedlimit
2026-09-09T01:49+02:00,A15,L,75.075,2,speedlimit
2026-09-09T01:49+02:00,A16,m,34.178,2,lane_closed
2026-09-09T01:49+02:00,A20,t,29.6,2,speedlimit
2026-09-09T01:49+02:00,A16,R,24.71,4,speedlimit
2026-09-09T01:49+02:00,A16,m,33.958,2,lane_closed
2026-09-09T01:49+02:00,A20,L,38.3,1,lane_closed_ahead
2026-09-09T01:49+02:00,A16,m,34.44,1,lane_closed
2026-09-09T01:49+02:00,A15,L,73.59,1,speedlimit
2026-09-09T01:49+02:00,A15,L,64.67,4,speedlimit
2026-09-09T01:49+02:00,A16,L,11.7,1,speedlimit
2026-09-09T01:49+02:00,A15,L,65.685,1,speedlimit
2026-09-09T01:49+02:00,A16,m,34.068,1,lane_closed
2026-09-09T01:49+02:00,A15,L,64.67,1,lane_closed
2026-09-09T01:49+02:00,A4,R,30.1,2,speedlimit
2026-09-09T01:49+02:00,A13,R,13.235,3,speedlimit
2026-09-09T01:49+02:00,A16,L,12.77,2,speedlimit
2026-09-09T01:49+02:00,A16,R,31.74,3,lane_closed_ahead
2026-09-09T01:49+02:00,A20,R,26.93,2,speedlimit
2026-09-09T01:49+02:00,A20,L,30.9,3,speedlimit
2026-09-09T01:49+02:00,A13,L,18.8,3,speedlimit
2026-09-09T01:49+02:00,A20,L,37.8,1,lane_closed
2026-09-09T01:49+02:00,A20,R,28.8,1,speedlimit
2026-09-09T01:49+02:00,A16,b,32.5,1,lane_closed
2026-09-09T01:49+02:00,A16,L,6.29,2,speedlimit
2026-09-09T01:49+02:00,A4,L,42.19,3,lane_closed
2026-09-09T01:49+02:00,A15,L,61.39,3,speedlimit
2026-09-09T01:49+02:00,A4,R,30.76,3,speedlimit
2026-09-09T01:49+02:00,A15,L,60.62,2,speedlimit
2026-09-09T01:49+02:00,A13,L,18.8,1,speedlimit
2026-09-09T01:49+02:00,A15,L,72.96,3,lane_closed
2026-09-09T01:49+02:00,A15,L,71.9,1,speedlimit
2026-09-09T01:49+02:00,A13,L,14.2,1,lane_closed
2026-09-09T01:49+02:00,A4,h,46.4,2,speedlimit
2026-09-09T01:49+02:00,A16,L,11.2,1,lane_closed_ahead
2026-09-09T01:49+02:00,A13,R,16.2,2,speedlimit
2026-09-09T01:49+02:00,A15,L,73.92,1,speedlimit
2026-09-09T01:49+02:00,A16,L,12.77,1,speedlimit
2026-09-09T01:49+02:00,A16,m,34.178,1,lane_closed
2026-09-09T01:49+02:00,A15,L,74.275,2,speedlimit
2026-09-09T01:49+02:00,A20,L,31.4,3,speedlimit
2026-09-09T01:49+02:00,A16,R,31.25,3,speedlimit
2026-09-09T01:49+02:00,A15,L,61.01,2,speedlimit
2026-09-09T01:49+02:00,A15,L,62.43,2,speedlimit
2026-09-09T01:49+02:00,A4,g,47.0,3,speedlimit
2026-09-09T01:49+02:00,A20,L,30.196,4,speedlimit
2026-09-09T01:49+02:00,A4,R,22.525,2,speedlimit
2026-09-09T01:49+02:00,A16,m,34.304,1,lane_closed
2026-09-09T01:49+02:00,A20,L,37.3,5,lane_closed_ahead
2026-09-09T01:49+02:00,A13,L,14.2,3,speedlimit
2026-09-09T01:49+02:00,A13,R,15.035,4,speedlimit
2026-09-09T01:49+02:00,A13,R,18.2,2,speedlimit
2026-09-09T01:49+02:00,A15,n,61.78,2,speedlimit
2026-09-09T01:49+02:00,A16,L,13.89,2,speedlimit
2026-09-09T01:49+02:00,A15,L,72.58,3,lane_closed
2026-09-09T01:49+02:00,A13,L,17.8,1,speedlimit
2026-09-09T01:49+02:00,A16,L,13.75,2,speedlimit
2026-09-09T01:49+02:00,A20,R,29.8,1,speedlimit
2026-09-09T01:49+02:00,A16,R,33.135,1,speedlimit
2026-09-09T01:49+02:00,A20,R,31.26,2,speedlimit
2026-09-09T01:49+02:00,A20,r,35.245,2,speedlimit
2026-09-09T01:49+02:00,A15,L,61.94,3,speedlimit
2026-09-09T01:49+02:00,A16,L,7.9,1,lane_closed
2026-09-09T01:49+02:00,A15,L,43.46,1,speedlimit
2026-09-09T01:49+02:00,A15,y,62.635,2,speedlimit
2026-09-09T01:49+02:00,A20,R,31.26,3,speedlimit
2026-09-09T01:49+02:00,A4,L,41.6,3,lane_closed
2026-09-09T01:49+02:00,A20,R,26.64,3,speedlimit
2026-09-09T01:49+02:00,A16,L,10.6,2,speedlimit
2026-09-09T01:49+02:00,A20,R,26.64,4,speedlimit
2026-09-09T01:49+02:00,A4,R,30.1,1,lane_closed_ahead
2026-09-09T01:49+02:00,A20,R,26.4,1,speedlimit
2026-09-09T01:49+02:00,A13,R,17.1,1,speedlimit
2026-09-09T01:49+02:00,A16,R,7.15,2,lane_closed
2026-09-09T01:49+02:00,A13,R,14.38,1,lane_closed
2026-09-09T01:49+02:00,A13,R,13.7,3,speedlimit
2026-09-09T01:49+02:00,A20,R,29.5,3,speedlimit
2026-09-09T01:49+02:00,A16,R,32.76,3,lane_closed
2026-09-09T01:49+02:00,A16,R,30.71,4,lane_closed
2026-09-09T01:49+02:00,A13,L,13.7,4,lane_closed
2026-09-09T01:49+02:00,A15,L,63.56,2,speedlimit
2026-09-09T01:49+02:00,A13,R,14.38,2,lane_closed
2026-09-09T01:49+02:00,A13,L,14.2,4,lane_closed
2026-09-09T01:49+02:00,A16,R,24.39,1,speedlimit
2026-09-09T01:49+02:00,A4,h,46.4,1,speedlimit
2026-09-09T01:49+02:00,A16,R,31.74,2,speedlimit
2026-09-09T01:49+02:00,A20,t,29.6,1,speedlimit
2026-09-09T01:49+02:00,A16,L,9.75,2,lane_closed
2026-09-09T01:49+02:00,A15,L,65.685,4,speedlimit
2026-09-09T01:49+02:00,A20,R,29.8,4,speedlimit
2026-09-09T01:49+02:00,A20,L,36.94,2,speedlimit
2026-09-09T01:49+02:00,A13,R,18.7,2,speedlimit
2026-09-09T01:49+02:00,A16,m,33.43,2,lane_closed
2026-09-09T01:49+02:00,A4,R,30.76,2,lane_closed_ahead
2026-09-09T01:49+02:00,A16,m,33.848,2,lane_closed
2026-09-09T01:49+02:00,A16,L,12.63,1,speedlimit
2026-09-09T01:49+02:00,A16,L,13.05,1,speedlimit
2026-09-09T01:49+02:00,A20,R,27.488,1,speedlimit
2026-09-09T01:49+02:00,A15,L,72.58,4,lane_closed
2026-09-09T01:49+02:00,A4,R,32.85,1,lane_closed
2026-09-09T01:49+02:00,A16,m,34.618,1,lane_closed
2026-09-09T01:49+02:00,A4,g,47.0,1,speedlimit
2026-09-09T01:49+02:00,A16,L,14.03,2,speedlimit
2026-09-09T01:49+02:00,A15,n,61.39,2,speedlimit
2026-09-09T01:49+02:00,A16,L,13.75,1,speedlimit
2026-09-09T01:49+02:00,A16,m,33.43,1,lane_closed
2026-09-09T01:49+02:00,A13,R,12.3,2,speedlimit
2026-09-09T01:49+02:00,A16,L,14.46,2,speedlimit
2026-09-09T01:49+02:00,A20,R,29.5,2,speedlimit
2026-09-09T01:49+02:00,A13,R,12.3,4,speedlimit
2026-09-09T01:49+02:00,A20,L,27.2,2,speedlimit
2026-09-09T01:49+02:00,A16,R,32.518,1,speedlimit
2026-09-09T01:49+02:00,A13,R,18.963,1,speedlimit
2026-09-09T01:49+02:00,A15,n,62.25,1,lane_closed
2026-09-09T01:49+02:00,A13,L,17.1,1,speedlimit
2026-09-09T01:49+02:00,A15,L,61.39,4,lane_closed
2026-09-09T01:49+02:00,A16,R,31.25,1,speedlimit
2026-09-09T01:49+02:00,A20,L,31.88,3,speedlimit
2026-09-09T01:49+02:00,A16,R,24.39,2,speedlimit
2026-09-09T01:49+02:00,A16,R,7.9,1,lane_closed
2026-09-09T01:49+02:00,A13,L,17.1,4,speedlimit
2026-09-09T01:49+02:00,A4,L,42.775,4,lane_closed
2026-09-09T01:49+02:00,A13,R,16.655,2,speedlimit
2026-09-09T01:49+02:00,A16,R,6.29,2,lane_closed
2026-09-09T01:49+02:00,A16,L,12.49,1,speedlimit
2026-09-09T01:49+02:00,A13,L,15.55,5,lane_closed
2026-09-09T01:49+02:00,A20,u,35.09,3,speedlimit
2026-09-09T01:49+02:00,A15,L,75.375,3,speedlimit
2026-09-09T01:49+02:00,A15,L,74.085,1,speedlimit
2026-09-09T01:49+02:00,A15,L,60.62,3,speedlimit
2026-09-09T01:49+02:00,A15,L,43.95,4,speedlimit
2026-09-09T01:49+02:00,A20,L,32.8,3,speedlimit
2026-09-09T01:49+02:00,A16,L,9.35,1,lane_closed
2026-09-09T01:49+02:00,A15,L,73.755,3,lane_closed
2026-09-09T01:49+02:00,A16,R,29.28,1,speedlimit
2026-09-09T01:49+02:00,A15,L,73.755,2,speedlimit
2026-09-09T01:49+02:00,A20,R,30.196,1,speedlimit
2026-09-09T01:49+02:00,A15,L,61.94,4,lane_closed
2026-09-09T01:49+02:00,A16,L,9.75,4,speedlimit
2026-09-09T01:49+02:00,A20,L,29.826,4,speedlimit
2026-09-09T01:49+02:00,A16,R,32.933,4,lane_closed
2026-09-09T01:49+02:00,A13,R,15.035,1,lane_closed
2026-09-09T01:49+02:00,A16,L,13.61,1,speedlimit
2026-09-09T01:49+02:00,A15,L,61.01,4,lane_closed
2026-09-09T01:49+02:00,A16,L,6.29,1,lane_closed
2026-09-09T01:49+02:00,A16,R,29.28,2,speedlimit
2026-09-09T01:49+02:00,A15,L,74.085,2,speedlimit
2026-09-09T01:49+02:00,A20,s,29.6,1,speedlimit
2026-09-09T01:49+02:00,A20,L,28.57,2,speedlimit
2026-09-09T01:49+02:00,A20,R,30.6,2,speedlimit
2026-09-09T01:49+02:00,A16,R,29.28,6,speedlimit
2026-09-09T01:49+02:00,A20,L,37.3,2,speedlimit
2026-09-09T01:49+02:00,A4,R,29.44,2,speedlimit
2026-09-09T01:49+02:00,A15,L,65.25,3,speedlimit
2026-09-09T01:49+02:00,A13,L,17.1,2,speedlimit
2026-09-09T01:49+02:00,A20,L,36.94,5,lane_closed
2026-09-09T01:49+02:00,A20,L,28.57,3,speedlimit
2026-09-09T01:49+02:00,A15,L,64.67,3,speedlimit
2026-09-09T01:49+02:00,A20,R,26.4,4,speedlimit
2026-09-09T01:49+02:00,A20,R,30.196,2,speedlimit
2026-09-09T01:49+02:00,A13,R,17.8,3,speedlimit
2026-09-09T01:49+02:00,A16,R,32.22,1,speedlimit
2026-09-09T01:49+02:00,A4,L,43.18,3,speedlimit
2026-09-09T01:49+02:00,A15,n,95.855,2,speedlimit
2026-09-09T02:49+02:00,A13,L,16.7,1,speedlimit
2026-09-09T02:49+02:00,A15,L,60.62,4,lane_closed
2026-09-09T02:49+02:00,A16,L,9.75,3,speedlimit
2026-09-09T02:49+02:00,A15,h,60.62,1,lane_closed
2026-09-09T02:49+02:00,A16,L,7.15,1,lane_closed
2026-09-09T02:49+02:00,A16,R,30.05,1,speedlimit
2026-09-09T02:49+02:00,A20,L,30.196,2,speedlimit
2026-09-09T02:49+02:00,A16,m,34.44,2,lane_closed
2026-09-09T02:49+02:00,A16,R,32.22,3,lane_closed
2026-09-09T02:49+02:00,A13,R,16.655,1,speedlimit
2026-09-09T02:49+02:00,A15,L,61.39,1,speedlimit
2026-09-09T02:49+02:00,A13,R,17.1,2,speedlimit
2026-09-09T02:49+02:00,A16,m,34.44,3,lane_closed
2026-09-09T02:49+02:00,A15,k,70.5,2,lane_closed
2026-09-09T02:49+02:00,A16,L,13.47,2,speedlimit
2026-09-09T02:49+02:00,A16,L,7.9,3,speedlimit
2026-09-09T02:49+02:00,A4,L,42.19,4,lane_closed
2026-09-09T02:49+02:00,A15,L,43.46,2,speedlimit
2026-09-09T02:49+02:00,A15,n,61.78,3,speedlimit
2026-09-09T02:49+02:00,A15,L,74.625,2,speedlimit
2026-09-09T02:49+02:00,A16,R,7.15,3,lane_closed
2026-09-09T02:49+02:00,A16,L,9.35,2,lane_closed
2026-09-09T02:49+02:00,A4,L,43.18,2,speedlimit
2026-09-09T02:49+02:00,A15,L,62.768,3,speedlimit
2026-09-09T02:49+02:00,A15,h,61.01,1,lane_closed
2026-09-09T02:49+02:00,A13,L,15.035,3,speedlimit
2026-09-09T02:49+02:00,A15,y,62.635,3,speedlimit
2026-09-09T02:49+02:00,A13,R,18.5,1,speedlimit
2026-09-09T02:49+02:00,A16,m,34.618,2,lane_closed
2026-09-09T02:49+02:00,A13,R,12.3,1,speedlimit
2026-09-09T02:49+02:00,A15,L,73.25,1,speedlimit
2026-09-09T02:49+02:00,A20,L,29.5,2,speedlimit
2026-09-09T02:49+02:00,A15,L,74.275,3,speedlimit
2026-09-09T02:49+02:00,A13,R,18.5,4,speedlimit
2026-09-09T02:49+02:00,A15,L,70.35,4,lane_closed
2026-09-09T02:49+02:00,A13,R,18.2,3,speedlimit
2026-09-09T02:49+02:00,A15,h,60.62,2,speedlimit
2026-09-09T02:49+02:00,A20,R,28.1,1,speedlimit
2026-09-09T02:49+02:00,A20,R,30.196,3,speedlimit
2026-09-09T02:49+02:00,A15,L,73.25,2,speedlimit
2026-09-09T02:49+02:00,A16,L,12.49,2,speedlimit
2026-09-09T02:49+02:00,A15,L,73.25,3,speedlimit
2026-09-09T02:49+02:00,A20,L,36.94,1,lane_closed
2026-09-09T02:49+02:00,A4,R,2.367,4,lane_closed
2026-09-09T02:49+02:00,A16,L,12.35,1,speedlimit
2026-09-09T02:49+02:00,A13,R,13.235,1,lane_closed
2026-09-09T02:49+02:00,A16,L,10.09,2,lane_closed
2026-09-09T02:49+02:00,A15,n,95.855,3,speedlimit
2026-09-09T02:49+02:00,A13,R,17.8,2,speedlimit
2026-09-09T02:49+02:00,A20,L,36.625,5,lane_closed
2026-09-09T02:49+02:00,A15,L,62.43,4,lane_closed_ahead
2026-09-09T02:49+02:00,A20,s,29.6,2,speedlimit
2026-09-09T02:49+02:00,A16,L,14.17,2,speedlimit
2026-09-09T02:49+02:00,A15,L,65.25,2,speedlimit
2026-09-09T02:49+02:00,A16,L,13.19,2,speedlimit
2026-09-09T02:49+02:00,A15,L,65.685,3,speedlimit
2026-09-09T02:49+02:00,A16,R,33.135,4,lane_closed
2026-09-09T02:49+02:00,A13,L,15.035,1,lane_closed
2026-09-09T02:49+02:00,A15,y,63.3,1,speedlimit
2026-09-09T02:49+02:00,A20,R,26.93,4,speedlimit
2026-09-09T02:49+02:00,A20,R,28.57,3,speedlimit
2026-09-09T02:49+02:00,A15,L,70.95,3,lane_closed
2026-09-09T02:49+02:00,A20,L,36.625,2,speedlimit
2026-09-09T02:49+02:00,A13,R,14.38,3,speedlimit
2026-09-09T02:49+02:00,A16,R,31.74,5,lane_closed
2026-09-09T02:49+02:00,A4,L,2.447,4,lane_closed
2026-09-09T02:49+02:00,A13,L,18.8,2,speedlimit
2026-09-09T02:49+02:00,A20,R,27.235,1,speedlimit
2026-09-09T02:49+02:00,A15,L,62.768,4,speedlimit
2026-09-09T02:49+02:00,A20,L,28.41,2,speedlimit
2026-09-09T02:49+02:00,A16,R,31.25,4,lane_closed
2026-09-09T02:49+02:00,A15,n,62.25,2,speedlimit
2026-09-09T02:49+02:00,A16,L,13.89,1,speedlimit
2026-09-09T02:49+02:00,A20,R,27.79,2,speedlimit
2026-09-09T02:49+02:00,A13,R,18.5,3,speedlimit
2026-09-09T02:49+02:00,A20,R,28.57,4,speedlimit
2026-09-09T02:49+02:00,A20,R,31.26,4,speedlimit
2026-09-09T02:49+02:00,A20,L,29.826,2,speedlimit
2026-09-09T02:49+02:00,A20,L,35.925,1,lane_closed
2026-09-09T02:49+02:00,A20,L,28.57,1,speedlimit
2026-09-09T02:49+02:00,A4,n,43.673,1,speedlimit
2026-09-09T02:49+02:00,A16,R,32.22,5,lane_closed
2026-09-09T02:49+02:00,A20,R,29.5,4,speedlimit
2026-09-09T02:49+02:00,A15,L,62.768,1,speedlimit
2026-09-09T02:49+02:00,A15,L,73.755,1,speedlimit
2026-09-09T02:49+02:00,A16,L,10.09,3,speedlimit
2026-09-09T02:49+02:00,A15,L,72.96,1,speedlimit
2026-09-09T02:49+02:00,A16,R,7.9,2,lane_closed
2026-09-09T02:49+02:00,A16,R,24.71,3,speedlimit
2026-09-09T02:49+02:00,A15,L,72.58,2,speedlimit
2026-09-09T02:49+02:00,A16,R,32.76,5,lane_closed
2026-09-09T02:49+02:00,A16,R,31.74,4,lane_closed
2026-09-09T02:49+02:00,A20,R,28.1,2,speedlimit
2026-09-09T02:49+02:00,A20,R,26.64,1,speedlimit
2026-09-09T02:49+02:00,A16,R,5.6,1,lane_closed
2026-09-09T02:49+02:00,A15,L,64.2,2,speedlimit
2026-09-09T02:49+02:00,A15,L,74.085,3,speedlimit
2026-09-09T02:49+02:00,A4,L,41.6,4,lane_closed
2026-09-09T02:49+02:00,A20,L,32.8,2,speedlimit
2026-09-09T02:49+02:00,A15,L,65.25,4,speedlimit
2026-09-09T02:49+02:00,A13,L,17.1,3,speedlimit
2026-09-09T02:49+02:00,A13,L,15.55,1,lane_closed
2026-09-09T02:49+02:00,A15,L,70.35,2,speedlimit
2026-09-09T02:49+02:00,A20,L,37.3,3,speedlimit
2026-09-09T02:49+02:00,A20,L,36.625,1,lane_closed
2026-09-09T02:49+02:00,A16,R,33.135,2,speedlimit
2026-09-09T02:49+02:00,A15,L,43.46,4,speedlimit
2026-09-09T02:49+02:00,A16,L,12.07,2,speedlimit
2026-09-09T02:49+02:00,A20,L,27.488,1,speedlimit
2026-09-09T02:49+02:00,A20,L,27.2,1,speedlimit
2026-09-09T02:49+02:00,A16,L,13.47,1,speedlimit
2026-09-09T02:49+02:00,A4,h,46.06,2,speedlimit
2026-09-09T02:49+02:00,A15,L,62.43,1,speedlimit
2026-09-09T02:49+02:00,A20,L,27.8,2,speedlimit
2026-09-09T02:49+02:00,A15,L,70.655,3,lane_closed
2026-09-09T02:49+02:00,A15,L,71.42,4,lane_closed
2026-09-09T02:49+02:00,A13,L,18.2,3,speedlimit
2026-09-09T02:49+02:00,A16,R,29.28,5,speedlimit
2026-09-09T02:49+02:00,A16,R,32.933,1,speedlimit
2026-09-09T02:49+02:00,A16,R,32.518,4,lane_closed
2026-09-09T02:49+02:00,A20,L,31.88,1,speedlimit
2026-09-09T02:49+02:00,A15,L,73.92,2,speedlimit
2026-09-09T02:49+02:00,A13,L,16.7,2,speedlimit
2026-09-09T02:49+02:00,A20,L,30.9,2,speedlimit
2026-09-09T02:49+02:00,A16,R,31.25,5,lane_closed
2026-09-09T02:49+02:00,A15,L,70.655,2,speedlimit
2026-09-09T02:49+02:00,A15,L,73.92,3,speedlimit
2026-09-09T02:49+02:00,A20,L,36.625,3,speedlimit
2026-09-09T02:49+02:00,A16,R,5.6,2,lane_closed
2026-09-09T02:49+02:00,A20,L,28.085,1,speedlimit
2026-09-09T02:49+02:00,A15,L,71.9,2,speedlimit
2026-09-09T02:49+02:00,A16,R,32.76,4,lane_closed
2026-09-09T02:49+02:00,A16,R,32.22,2,speedlimit
2026-09-09T02:49+02:00,A13,R,13.7,1,lane_closed
2026-09-09T02:49+02:00,A20,R,30.6,1,speedlimit
2026-09-09T02:49+02:00,A13,R,17.1,3,speedlimit
2026-09-09T02:49+02:00,A16,L,13.05,2,speedlimit
2026-09-09T02:49+02:00,A20,R,26.93,3,speedlimit
2026-09-09T02:49+02:00,A16,L,12.91,1,speedlimit
2026-09-09T02:49+02:00,A15,n,61.39,3,speedlimit
2026-09-09T02:49+02:00,A20,L,31.4,1,speedlimit
2026-09-09T02:49+02:00,A4,L,42.775,2,speedlimit
2026-09-09T02:49+02:00,A16,L,9.35,3,speedlimit
2026-09-09T02:49+02:00,A16,L,7.15,2,lane_closed
2026-09-09T02:49+02:00,A13,R,12.3,3,speedlimit
2026-09-09T02:49+02:00,A15,L,70.35,1,speedlimit
2026-09-09T02:49+02:00,A20,L,31.1,2,speedlimit
2026-09-09T02:49+02:00,A16,L,11.7,2,speedlimit
2026-09-09T02:49+02:00,A16,R,9.35,2,lane_closed
2026-09-09T02:49+02:00,A13,g,18.7,2,speedlimit
2026-09-09T02:49+02:00,A15,L,65.685,2,speedlimit
2026-09-09T02:49+02:00,A15,L,61.01,3,speedlimit
2026-09-09T02:49+02:00,A20,L,31.4,2,speedlimit
2026-09-09T02:49+02:00,A20,L,37.3,4,speedlimit
2026-09-09T02:49+02:00,A16,R,30.05,2,speedlimit
2026-09-09T02:49+02:00,A16,L,14.32,1,speedlimit
2026-09-09T02:49+02:00,A16,R,8.65,3,lane_closed
2026-09-09T02:49+02:00,A15,L,71.42,3,lane_closed
2026-09-09T02:49+02:00,A4,n,43.673,2,speedlimit
2026-09-09T02:49+02:00,A15,L,62.43,3,speedlimit
2026-09-09T02:49+02:00,A15,L,74.625,1,speedlimit
2026-09-09T02:49+02:00,A13,L,15.9,3,lane_closed
2026-09-09T02:49+02:00,A13,R,12.7,2,speedlimit
2026-09-09T02:49+02:00,A15,h,61.01,2,speedlimit
2026-09-09T02:49+02:00,A15,n,61.39,1,lane_closed
2026-09-09T02:49+02:00,A16,R,24.71,2,speedlimit
2026-09-09T02:49+02:00,A15,y,62.82,2,speedlimit
2026-09-09T02:49+02:00,A13,R,16.2,1,speedlimit
2026-09-09T02:49+02:00,A15,y,63.3,2,speedlimit
2026-09-09T02:49+02:00,A20,L,37.8,2,speedlimit
2026-09-09T02:49+02:00,A16,L,12.63,2,speedlimit
2026-09-09T02:49+02:00,A15,L,70.35,3,speedlimit
2026-09-09T02:49+02:00,A15,L,71.9,3,lane_closed
2026-09-09T02:49+02:00,A15,L,70.655,1,speedlimit
2026-09-09T02:49+02:00,A13,R,12.7,1,lane_closed_ahead
2026-09-09T02:49+02:00,A13,R,18.5,2,speedlimit
2026-09-09T02:49+02:00,A20,L,36.94,3,speedlimit
2026-09-09T02:49+02:00,A20,L,30.196,1,speedlimit
2026-09-09T02:49+02:00,A15,k,69.8,1,lane_closed
2026-09-09T02:49+02:00,A16,L,13.19,1,speedlimit
2026-09-09T02:49+02:00,A15,L,73.59,3,speedlimit
2026-09-09T02:49+02:00,A16,R,24.71,5,speedlimit
2026-09-09T02:49+02:00,A16,d,10.6,2,speedlimit
2026-09-09T02:49+02:00,A13,R,12.7,3,speedlimit
2026-09-09T02:49+02:00,A20,R,27.79,1,speedlimit
2026-09-09T02:49+02:00,A20,r,35.245,1,speedlimit
2026-09-09T02:49+02:00,A20,L,29.826,1,speedlimit
2026-09-09T02:49+02:00,A16,R,7.15,1,lane_closed
2026-09-09T02:49+02:00,A16,L,12.91,2,speedlimit
2026-09-09T02:49+02:00,A20,u,36.23,2,lane_closed
2026-09-09T02:49+02:00,A16,R,30.05,4,lane_closed_ahead
2026-09-09T02:49+02:00,A20,R,28.41,2,speedlimit
2026-09-09T02:49+02:00,A16,m,38.1,2,speedlimit
2026-09-09T02:49+02:00,A13,L,15.9,2,speedlimit
2026-09-09T02:49+02:00,A16,L,14.17,1,speedlimit
2026-09-09T02:49+02:00,A16,R,29.28,4,speedlimit
2026-09-09T02:49+02:00,A4,L,42.775,3,lane_closed_ahead
2026-09-09T02:49+02:00,A15,y,62.82,3,speedlimit
2026-09-09T02:49+02:00,A20,R,29.1,1,speedlimit
2026-09-09T02:49+02:00,A15,L,60.62,1,speedlimit
2026-09-09T02:49+02:00,A16,m,33.778,2,lane_closed
2026-09-09T02:49+02:00,A13,R,17.8,1,speedlimit
2026-09-09T02:49+02:00,A20,R,28.41,1,speedlimit
2026-09-09T02:49+02:00,A13,L,15.55,3,speedlimit
2026-09-09T02:49+02:00,A20,R,31.9,2,speedlimit
2026-09-09T02:49+02:00,A16,L,10.09,4,speedlimit
2026-09-09T02:49+02:00,A13,R,13.235,2,lane_closed_ahead
2026-09-09T02:49+02:00,A20,L,31.1,3,speedlimit
2026-09-09T02:49+02:00,A15,L,43.95,3,speedlimit
2026-09-09T02:49+02:00,A16,L,8.65,1,lane_closed
2026-09-09T02:49+02:00,A16,R,7.9,3,lane_closed
2026-09-09T02:49+02:00,A20,R,27.488,2,speedlimit
2026-09-09T02:49+02:00,A20,t,28.895,1,speedlimit
2026-09-09T02:49+02:00,A20,L,32.8,1,speedlimit
2026-09-09T02:49+02:00,A20,R,28.8,2,speedlimit
2026-09-09T02:49+02:00,A16,L,5.6,1,lane_closed
2026-09-09T02:49+02:00,A15,L,43.95,2,speedlimit
2026-09-09T02:49+02:00,A20,L,31.1,1,speedlimit
2026-09-09T02:49+02:00,A15,L,73.25,4,speedlimit
2026-09-09T02:49+02:00,A13,L,16.19,3,lane_closed
2026-09-09T02:49+02:00,A13,L,15.035,5,lane_closed
2026-09-09T02:49+02:00,A16,R,32.76,2,speedlimit
2026-09-09T02:49+02:00,A15,L,61.94,2,speedlimit
2026-09-09T02:49+02:00,A16,R,32.518,3,lane_closed
2026-09-09T02:49+02:00,A20,L,27.8,1,speedlimit
2026-09-09T02:49+02:00,A15,L,72.96,2,speedlimit
2026-09-09T02:49+02:00,A16,R,29.28,3,speedlimit
2026-09-09T02:49+02:00,A16,L,14.32,2,speedlimit
2026-09-09T02:49+02:00,A16,R,32.933,2,speedlimit
2026-09-09T02:49+02:00,A16,m,34.304,2,lane_closed
2026-09-09T02:49+02:00,A20,R,29.1,2,speedlimit
2026-09-09T02:49+02:00,A16,L,13.61,2,speedlimit
2026-09-09T02:49+02:00,A13,g,18.7,1,speedlimit
2026-09-09T02:49+02:00,A16,L,13.33,1,speedlimit
2026-09-09T02:49+02:00,A15,L,74.625,3,speedlimit
2026-09-09T02:49+02:00,A15,L,72.58,1,speedlimit
2026-09-09T02:49+02:00,A20,u,36.23,1,lane_closed
2026-09-09T02:49+02:00,A16,L,8.65,4,speedlimit
2026-09-09T02:49+02:00,A20,R,28.57,2,speedlimit
2026-09-09T02:49+02:00,A16,L,9.75,1,lane_closed
2026-09-09T02:49+02:00,A20,R,26.64,2,speedlimit
2026-09-09T02:49+02:00,A4,L,41.6,1,speedlimit
2026-09-09T02:49+02:00,A15,L,64.2,3,speedlimit
2026-09-09T02:49+02:00,A16,L,5.6,2,speedlimit
2026-09-09T02:49+02:00,A20,L,29.1,1,speedlimit
2026-09-09T02:49+02:00,A13,L,18.2,1,speedlimit
2026-09-09T02:49+02:00,A15,L,64.67,2,speedlimit
2026-09-09T02:49+02:00,A13,L,12.7,4,lane_closed
2026-09-09T02:49+02:00,A20,L,31.88,2,speedlimit
2026-09-09T02:49+02:00,A4,g,47.0,2,speedlimit
2026-09-09T02:49+02:00,A16,R,32.933,3,lane_closed
2026-09-09T02:49+02:00,A20,L,28.085,2,speedlimit
2026-09-09T02:49+02:00,A16,m,33.609,2,lane_closed
2026-09-09T02:49+02:00,A15,L,43.46,3,speedlimit
2026-09-09T02:49+02:00,A13,L,15.035,4,speedlimit
2026-09-09T02:49+02:00,A20,R,30.6,3,speedlimit
2026-09-09T02:49+02:00,A20,L,35.52,1,lane_closed
2026-09-09T02:49+02:00,A15,L,73.59,2,speedlimit
2026-09-09T02:49+02:00,A16,R,8.65,2,lane_closed
2026-09-09T02:49+02:00,A16,R,9.35,1,lane_closed
2026-09-09T02:49+02:00,A20,R,29.8,2,speedlimit
2026-09-09T02:49+02:00,A13,R,15.035,2,lane_closed
2026-09-09T02:49+02:00,A15,L,64.2,1,lane_closed
2026-09-09T02:49+02:00,A20,R,27.235,2,speedlimit
2026-09-09T02:49+02:00,A4,L,43.18,1,speedlimit
2026-09-09T02:49+02:00,A20,L,37.3,1,lane_closed
2026-09-09T02:49+02:00,A13,R,13.7,2,lane_closed
2026-09-09T02:49+02:00,A13,R,18.2,1,speedlimit
2026-09-09T02:49+02:00,A16,m,33.848,1,lane_closed
2026-09-09T02:49+02:00,A16,R,31.25,2,speedlimit
2026-09-09T02:49+02:00,A16,L,10.09,1,lane_closed
2026-09-09T02:49+02:00,A15,L,65.25,1,lane_closed_ahead
2026-09-09T02:49+02:00,A15,e,95.55,1,speedlimit
2026-09-09T02:49+02:00,A13,L,15.55,2,lane_closed_ahead
2026-09-09T02:49+02:00,A13,e,19.1,1,speedlimit
2026-09-09T02:49+02:00,A13,L,15.55,4,speedlimit
2026-09-09T02:49+02:00,A16,L,14.46,1,speedlimit
2026-09-09T02:49+02:00,A16,L,7.9,2,lane_closed
2026-09-09T02:49+02:00,A13,L,17.8,3,speedlimit
2026-09-09T02:49+02:00,A16,R,31.74,1,speedlimit
2026-09-09T02:49+02:00,A4,L,41.6,2,speedlimit
2026-09-09T02:49+02:00,A16,L,12.35,2,speedlimit
2026-09-09T02:49+02:00,A20,R,31.26,1,speedlimit
2026-09-09T02:49+02:00,A20,u,35.09,1,lane_closed
2026-09-09T02:49+02:00,A16,L,11.7,3,speedlimit
2026-09-09T02:49+02:00,A16,L,14.03,1,speedlimit
2026-09-09T02:49+02:00,A4,L,42.775,1,speedlimit
2026-09-09T02:49+02:00,A16,L,8.65,3,speedlimit
2026-09-09T02:49+02:00,A13,L,15.9,1,speedlimit
2026-09-09T02:49+02:00,A20,L,36.625,4,lane_closed
2026-09-09T02:49+02:00,A15,L,43.95,1,speedlimit
2026-09-09T02:49+02:00,A15,L,70.95,1,speedlimit
2026-09-09T02:49+02:00,A16,R,30.71,3,speedlimit
2026-09-09T02:49+02:00,A20,L,29.826,3,speedlimit
2026-09-09T02:49+02:00,A16,R,30.71,1,speedlimit
2026-09-09T02:49+02:00,A20,L,37.8,3,speedlimit
2026-09-09T02:49+02:00,A4,L,42.19,2,speedlimit
2026-09-09T02:49+02:00,A4,h,45.58,3,lane_closed
2026-09-09T02:49+02:00,A20,L,29.5,1,speedlimit
2026-09-09T02:49+02:00,A20,R,28.8,3,speedlimit
2026-09-09T02:49+02:00,A20,R,29.5,1,speedlimit
2026-09-09T02:49+02:00,A16,m,33.609,1,lane_closed
2026-09-09T02:49+02:00,A13,R,15.55,4,speedlimit
2026-09-09T02:49+02:00,A16,L,10.6,1,lane_closed
2026-09-09T02:49+02:00,A13,R,15.55,1,lane_closed
2026-09-09T02:49+02:00,A16,R,33.135,3,lane_closed
2026-09-09T02:49+02:00,A16,m,34.068,2,lane_closed
2026-09-09T02:49+02:00,A16,L,7.15,3,speedlimit
2026-09-09T02:49+02:00,A13,L,11.25,4,lane_closed
2026-09-09T02:49+02:00,A20,L,30.9,1,speedlimit
2026-09-09T02:49+02:00,A13,R,15.55,3,speedlimit
2026-09-09T02:49+02:00,A16,R,24.71,1,speedlimit
2026-09-09T02:49+02:00,A16,R,8.65,1,lane_closed
2026-09-09T02:49+02:00,A13,L,14.2,2,speedlimit
2026-09-09T02:49+02:00,A20,u,35.09,2,lane_closed
2026-09-09T02:49+02:00,A4,L,43.18,4,lane_closed_ahead
2026-09-09T02:49+02:00,A16,R,32.518,2,speedlimit
2026-09-09T02:49+02:00,A13,R,18.2,4,speedlimit
2026-09-09T02:49+02:00,A16,R,32.22,4,lane_closed
2026-09-09T02:49+02:00,A16,L,8.65,2,lane_closed
2026-09-09T02:49+02:00,A16,L,12.07,1,speedlimit
2026-09-09T02:49+02:00,A15,L,61.01,1,speedlimit
2026-09-09T02:49+02:00,A13,R,18.7,1,speedlimit
2026-09-09T02:49+02:00,A15,L,64.67,5,speedlimit
2026-09-09T02:49+02:00,A13,R,15.035,3,speedlimit
2026-09-09T02:49+02:00,A16,R,30.05,3,speedlimit
2026-09-09T02:49+02:00,A15,n,95.855,1,speedlimit
2026-09-09T02:49+02:00,A20,c,27.488,1,speedlimit
2026-09-09T02:49+02:00,A20,R,31.9,3,speedlimit
2026-09-09T02:49+02:00,A16,d,10.6,1,speedlimit
2026-09-09T02:49+02:00,A13,R,16.655,3,speedlimit
2026-09-09T02:49+02:00,A15,y,62.82,1,lane_closed_ahead
2026-09-09T02:49+02:00,A15,L,74.275,1,speedlimit
2026-09-09T02:49+02:00,A20,L,29.1,2,speedlimit
2026-09-09T02:49+02:00,A16,R,32.76,1,speedlimit
2026-09-09T02:49+02:00,A15,L,63.56,1,lane_closed
2026-09-09T02:49+02:00,A20,R,29.8,3,speedlimit
2026-09-09T02:49+02:00,A13,L,18.2,2,speedlimit
2026-09-09T02:49+02:00,A20,R,26.4,3,speedlimit
2026-09-09T02:49+02:00,A16,L,12.21,1,speedlimit
2026-09-09T02:49+02:00,A16,m,33.958,1,lane_closed
2026-09-09T02:49+02:00,A16,L,13.33,2,speedlimit
2026-09-09T02:49+02:00,A20,u,35.71,2,lane_closed
2026-09-09T02:49+02:00,A16,L,12.21,2,speedlimit
2026-09-09T02:49+02:00,A20,R,26.93,1,speedlimit
2026-09-09T02:49+02:00,A15,y,62.635,1,lane_closed
2026-09-09T02:49+02:00,A15,L,61.39,2,speedlimit
2026-09-09T02:49+02:00,A20,R,26.4,2,speedlimit
2026-09-09T02:49+02:00,A15,L,62.768,2,speedlimit
2026-09-09T02:49+02:00,A15,L,63.56,3,speedlimit
2026-09-09T02:49+02:00,A20,L,27.488,2,speedlimit
2026-09-09T02:49+02:00,A15,n,61.78,1,lane_closed
2026-09-09T02:49+02:00,A20,L,30.196,3,speedlimit
2026-09-09T02:49+02:00,A4,h,46.06,1,speedlimit
2026-09-09T02:49+02:00,A4,L,42.19,1,speedlimit
2026-09-09T02:49+02:00,A15,L,61.94,1,speedlimit
2026-09-09T02:49+02:00,A20,L,28.41,1,speedlimit
2026-09-09T02:49+02:00,A13,L,13.18,4,lane_closed
2026-09-09T02:49+02:00,A13,L,17.8,2,speedlimit
2026-09-09T02:49+02:00,A16,m,33.778,1,lane_closed
2026-09-09T02:49+02:00,A16,R,30.71,2,speedlimit
2026-09-09T02:49+02:00,A16,R,9.35,3,lane_closed
2026-09-09T02:49+02:00,A15,L,72.96,4,speedlimit
2026-09-09T02:49+02:00,A20,R,28.57,1,speedlimit
2026-09-09T02:49+02:00,A20,R,30.196,4,speedlimit
2026-09-09T02:49+02:00,A13,L,15.035,2,lane_closed
2026-09-09T02:49+02:00,A16,L,11.2,2,speedlimit
2026-09-09T02:49+02:00,A16,R,6.29,1,lane_closed
2026-09-09T02:49+02:00,A16,R,24.39,3,speedlimit
2026-09-09T02:49+02:00,A16,m,34.178,2,lane_closed
2026-09-09T02:49+02:00,A20,t,29.6,2,speedlimit
2026-09-09T02:49+02:00,A16,R,24.71,4,speedlimit
2026-09-09T02:49+02:00,A16,m,33.958,2,lane_closed
2026-09-09T02:49+02:00,A20,L,38.3,1,lane_closed_ahead
2026-09-09T02:49+02:00,A16,m,34.44,1,lane_closed
2026-09-09T02:49+02:00,A15,L,73.59,1,speedlimit
2026-09-09T02:49+02:00,A15,L,64.67,4,speedlimit
2026-09-09T02:49+02:00,A16,L,11.7,1,speedlimit
2026-09-09T02:49+02:00,A15,L,71.42,1,speedlimit
2026-09-09T02:49+02:00,A15,L,65.685,1,speedlimit
2026-09-09T02:49+02:00,A16,m,34.068,1,lane_closed
2026-09-09T02:49+02:00,A15,L,64.67,1,lane_closed
2026-09-09T02:49+02:00,A13,R,13.235,3,speedlimit
2026-09-09T02:49+02:00,A16,L,12.77,2,speedlimit
2026-09-09T02:49+02:00,A16,R,31.74,3,lane_closed_ahead
2026-09-09T02:49+02:00,A20,R,26.93,2,speedlimit
2026-09-09T02:49+02:00,A20,L,30.9,3,speedlimit
2026-09-09T02:49+02:00,A13,L,18.8,3,speedlimit
2026-09-09T02:49+02:00,A20,L,37.8,1,lane_closed
2026-09-09T02:49+02:00,A20,R,28.8,1,speedlimit
2026-09-09T02:49+02:00,A16,b,32.5,1,lane_closed
2026-09-09T02:49+02:00,A16,L,6.29,2,speedlimit
2026-09-09T02:49+02:00,A15,L,70.95,4,lane_closed
2026-09-09T02:49+02:00,A4,L,42.19,3,lane_closed
2026-09-09T02:49+02:00,A15,L,61.39,3,speedlimit
2026-09-09T02:49+02:00,A15,L,60.62,2,speedlimit
2026-09-09T02:49+02:00,A13,L,18.8,1,speedlimit
2026-09-09T02:49+02:00,A15,L,72.96,3,lane_closed_ahead
2026-09-09T02:49+02:00,A15,L,71.9,1,speedlimit
2026-09-09T02:49+02:00,A13,L,14.2,1,lane_closed
2026-09-09T02:49+02:00,A4,h,46.4,2,speedlimit
2026-09-09T02:49+02:00,A16,L,11.2,1,lane_closed_ahead
2026-09-09T02:49+02:00,A13,R,16.2,2,speedlimit
2026-09-09T02:49+02:00,A15,L,73.92,1,speedlimit
2026-09-09T02:49+02:00,A16,L,12.77,1,speedlimit
2026-09-09T02:49+02:00,A16,m,34.178,1,lane_closed
2026-09-09T02:49+02:00,A15,L,74.275,2,speedlimit
2026-09-09T02:49+02:00,A20,L,31.4,3,speedlimit
2026-09-09T02:49+02:00,A16,R,31.25,3,speedlimit
2026-09-09T02:49+02:00,A15,L,61.01,2,speedlimit
2026-09-09T02:49+02:00,A15,L,62.43,2,speedlimit
2026-09-09T02:49+02:00,A4,g,47.0,3,speedlimit
2026-09-09T02:49+02:00,A20,L,30.196,4,speedlimit
2026-09-09T02:49+02:00,A15,L,71.42,2,speedlimit
2026-09-09T02:49+02:00,A16,m,34.304,1,lane_closed
2026-09-09T02:49+02:00,A20,L,37.3,5,lane_closed_ahead
2026-09-09T02:49+02:00,A13,L,14.2,3,speedlimit
2026-09-09T02:49+02:00,A13,R,15.035,4,speedlimit
2026-09-09T02:49+02:00,A13,R,18.2,2,speedlimit
2026-09-09T02:49+02:00,A15,n,61.78,2,speedlimit
2026-09-09T02:49+02:00,A16,L,13.89,2,speedlimit
2026-09-09T02:49+02:00,A15,L,72.58,3,lane_closed
2026-09-09T02:49+02:00,A13,L,17.8,1,speedlimit
2026-09-09T02:49+02:00,A16,L,13.75,2,speedlimit
2026-09-09T02:49+02:00,A20,R,29.8,1,speedlimit
2026-09-09T02:49+02:00,A16,R,33.135,1,speedlimit
2026-09-09T02:49+02:00,A20,R,31.26,2,speedlimit
2026-09-09T02:49+02:00,A20,r,35.245,2,speedlimit
2026-09-09T02:49+02:00,A15,L,61.94,3,speedlimit
2026-09-09T02:49+02:00,A16,L,7.9,1,lane_closed
2026-09-09T02:49+02:00,A15,L,43.46,1,speedlimit
2026-09-09T02:49+02:00,A15,y,62.635,2,speedlimit
2026-09-09T02:49+02:00,A20,R,31.26,3,speedlimit
2026-09-09T02:49+02:00,A4,L,41.6,3,lane_closed
2026-09-09T02:49+02:00,A15,L,70.95,2,speedlimit
2026-09-09T02:49+02:00,A20,R,26.64,3,speedlimit
2026-09-09T02:49+02:00,A16,L,10.6,2,speedlimit
2026-09-09T02:49+02:00,A20,R,26.64,4,speedlimit
2026-09-09T02:49+02:00,A20,R,26.4,1,speedlimit
2026-09-09T02:49+02:00,A13,R,17.1,1,speedlimit
2026-09-09T02:49+02:00,A15,k,70.5,1,lane_closed
2026-09-09T02:49+02:00,A16,R,7.15,2,lane_closed
2026-09-09T02:49+02:00,A13,R,14.38,1,lane_closed
2026-09-09T02:49+02:00,A13,R,13.7,3,speedlimit
2026-09-09T02:49+02:00,A20,R,29.5,3,speedlimit
2026-09-09T02:49+02:00,A16,R,32.76,3,lane_closed
2026-09-09T02:49+02:00,A16,R,30.71,4,lane_closed
2026-09-09T02:49+02:00,A13,L,13.7,4,lane_closed
2026-09-09T02:49+02:00,A15,L,63.56,2,speedlimit
2026-09-09T02:49+02:00,A13,R,14.38,2,lane_closed
2026-09-09T02:49+02:00,A13,L,14.2,4,lane_closed
2026-09-09T02:49+02:00,A16,R,24.39,1,speedlimit
2026-09-09T02:49+02:00,A4,h,46.4,1,speedlimit
2026-09-09T02:49+02:00,A16,R,31.74,2,speedlimit
2026-09-09T02:49+02:00,A20,t,29.6,1,speedlimit
2026-09-09T02:49+02:00,A16,L,9.75,2,lane_closed
2026-09-09T02:49+02:00,A15,L,65.685,4,speedlimit
2026-09-09T02:49+02:00,A20,R,29.8,4,speedlimit
2026-09-09T02:49+02:00,A20,L,36.94,2,speedlimit
2026-09-09T02:49+02:00,A13,R,18.7,2,speedlimit
2026-09-09T02:49+02:00,A16,m,33.43,2,lane_closed
2026-09-09T02:49+02:00,A16,m,33.848,2,lane_closed
2026-09-09T02:49+02:00,A16,L,12.63,1,speedlimit
2026-09-09T02:49+02:00,A16,L,13.05,1,speedlimit
2026-09-09T02:49+02:00,A20,R,27.488,1,speedlimit
2026-09-09T02:49+02:00,A15,L,72.58,4,speedlimit
2026-09-09T02:49+02:00,A16,m,34.618,1,lane_closed
2026-09-09T02:49+02:00,A4,g,47.0,1,speedlimit
2026-09-09T02:49+02:00,A16,L,14.03,2,speedlimit
2026-09-09T02:49+02:00,A15,n,61.39,2,speedlimit
2026-09-09T02:49+02:00,A16,L,13.75,1,speedlimit
2026-09-09T02:49+02:00,A16,m,33.43,1,lane_closed
2026-09-09T02:49+02:00,A13,R,12.3,2,speedlimit
2026-09-09T02:49+02:00,A16,L,14.46,2,speedlimit
2026-09-09T02:49+02:00,A20,R,29.5,2,speedlimit
2026-09-09T02:49+02:00,A13,R,12.3,4,speedlimit
2026-09-09T02:49+02:00,A20,L,27.2,2,speedlimit
2026-09-09T02:49+02:00,A16,R,32.518,1,speedlimit
2026-09-09T02:49+02:00,A13,R,18.963,1,speedlimit
2026-09-09T02:49+02:00,A15,n,62.25,1,lane_closed
2026-09-09T02:49+02:00,A13,L,17.1,1,speedlimit
2026-09-09T02:49+02:00,A15,L,61.39,4,lane_closed
2026-09-09T02:49+02:00,A16,R,31.25,1,speedlimit
2026-09-09T02:49+02:00,A20,L,31.88,3,speedlimit
2026-09-09T02:49+02:00,A16,R,24.39,2,speedlimit
2026-09-09T02:49+02:00,A16,R,7.9,1,lane_closed
2026-09-09T02:49+02:00,A13,L,17.1,4,speedlimit
2026-09-09T02:49+02:00,A4,L,42.775,4,lane_closed
2026-09-09T02:49+02:00,A13,R,16.655,2,speedlimit
2026-09-09T02:49+02:00,A16,R,6.29,2,lane_closed
2026-09-09T02:49+02:00,A16,L,12.49,1,speedlimit
2026-09-09T02:49+02:00,A13,L,15.55,5,lane_closed
2026-09-09T02:49+02:00,A20,u,35.09,3,speedlimit
2026-09-09T02:49+02:00,A15,L,74.085,1,speedlimit
2026-09-09T02:49+02:00,A15,L,60.62,3,speedlimit
2026-09-09T02:49+02:00,A15,L,43.95,4,speedlimit
2026-09-09T02:49+02:00,A20,L,32.8,3,speedlimit
2026-09-09T02:49+02:00,A16,L,9.35,1,lane_closed
2026-09-09T02:49+02:00,A15,L,73.755,3,speedlimit
2026-09-09T02:49+02:00,A16,R,29.28,1,speedlimit
2026-09-09T02:49+02:00,A15,L,73.755,2,speedlimit
2026-09-09T02:49+02:00,A20,R,30.196,1,speedlimit
2026-09-09T02:49+02:00,A15,L,61.94,4,lane_closed
2026-09-09T02:49+02:00,A16,L,9.75,4,speedlimit
2026-09-09T02:49+02:00,A20,L,29.826,4,speedlimit
2026-09-09T02:49+02:00,A16,R,32.933,4,lane_closed
2026-09-09T02:49+02:00,A13,R,15.035,1,lane_closed
2026-09-09T02:49+02:00,A16,L,13.61,1,speedlimit
2026-09-09T02:49+02:00,A15,L,61.01,4,lane_closed
2026-09-09T02:49+02:00,A16,L,6.29,1,lane_closed
2026-09-09T02:49+02:00,A16,R,29.28,2,speedlimit
2026-09-09T02:49+02:00,A15,L,74.085,2,speedlimit
2026-09-09T02:49+02:00,A20,s,29.6,1,speedlimit
2026-09-09T02:49+02:00,A20,L,28.57,2,speedlimit
2026-09-09T02:49+02:00,A20,R,30.6,2,speedlimit
2026-09-09T02:49+02:00,A16,R,29.28,6,speedlimit
2026-09-09T02:49+02:00,A20,L,37.3,2,speedlimit
2026-09-09T02:49+02:00,A15,L,65.25,3,speedlimit
2026-09-09T02:49+02:00,A13,L,17.1,2,speedlimit
2026-09-09T02:49+02:00,A20,L,36.94,5,lane_closed
2026-09-09T02:49+02:00,A20,L,28.57,3,speedlimit
2026-09-09T02:49+02:00,A15,L,64.67,3,speedlimit
2026-09-09T02:49+02:00,A20,R,26.4,4,speedlimit
2026-09-09T02:49+02:00,A20,R,30.196,2,speedlimit
2026-09-09T02:49+02:00,A13,R,17.8,3,speedlimit
2026-09-09T02:49+02:00,A16,R,32.22,1,speedlimit
2026-09-09T02:49+02:00,A4,L,43.18,3,speedlimit
2026-09-09T02:49+02:00,A15,n,95.855,2,speedlimit
2026-09-09T03:49+02:00,A13,L,16.7,1,speedlimit
2026-09-09T03:49+02:00,A15,L,60.62,4,lane_closed
2026-09-09T03:49+02:00,A16,L,9.75,3,speedlimit
2026-09-09T03:49+02:00,A16,L,7.15,1,lane_closed
2026-09-09T03:49+02:00,A16,R,30.05,1,speedlimit
2026-09-09T03:49+02:00,A20,L,30.196,2,speedlimit
2026-09-09T03:49+02:00,A16,m,34.44,2,lane_closed
2026-09-09T03:49+02:00,A16,R,32.22,3,lane_closed
2026-09-09T03:49+02:00,A13,R,16.655,1,speedlimit
2026-09-09T03:49+02:00,A15,L,61.39,1,speedlimit
2026-09-09T03:49+02:00,A13,R,17.1,2,speedlimit
2026-09-09T03:49+02:00,A16,m,34.44,3,lane_closed
2026-09-09T03:49+02:00,A15,k,70.5,2,lane_closed
2026-09-09T03:49+02:00,A16,L,13.47,2,speedlimit
2026-09-09T03:49+02:00,A16,L,7.9,3,speedlimit
2026-09-09T03:49+02:00,A4,L,42.19,4,lane_closed
2026-09-09T03:49+02:00,A15,L,43.46,2,speedlimit
2026-09-09T03:49+02:00,A15,L,74.625,2,speedlimit
2026-09-09T03:49+02:00,A16,R,7.15,3,lane_closed
2026-09-09T03:49+02:00,A16,L,9.35,2,lane_closed
2026-09-09T03:49+02:00,A4,L,43.18,2,speedlimit
2026-09-09T03:49+02:00,A15,L,62.768,3,speedlimit
2026-09-09T03:49+02:00,A13,L,15.035,3,speedlimit
2026-09-09T03:49+02:00,A13,R,18.5,1,speedlimit
2026-09-09T03:49+02:00,A16,m,34.618,2,lane_closed
2026-09-09T03:49+02:00,A13,R,12.3,1,speedlimit
2026-09-09T03:49+02:00,A15,L,73.25,1,speedlimit
2026-09-09T03:49+02:00,A20,L,29.5,2,speedlimit
2026-09-09T03:49+02:00,A15,L,74.275,3,speedlimit
2026-09-09T03:49+02:00,A13,R,18.5,4,speedlimit
2026-09-09T03:49+02:00,A15,L,70.35,4,lane_closed
2026-09-09T03:49+02:00,A13,R,18.2,3,speedlimit
2026-09-09T03:49+02:00,A20,R,28.1,1,speedlimit
2026-09-09T03:49+02:00,A20,R,30.196,3,speedlimit
2026-09-09T03:49+02:00,A15,L,73.25,2,speedlimit
2026-09-09T03:49+02:00,A16,L,12.49,2,speedlimit
2026-09-09T03:49+02:00,A15,L,73.25,3,speedlimit
2026-09-09T03:49+02:00,A20,L,36.94,1,lane_closed
2026-09-09T03:49+02:00,A4,R,2.367,4,lane_closed
2026-09-09T03:49+02:00,A16,L,12.35,1,speedlimit
2026-09-09T03:49+02:00,A13,R,13.235,1,lane_closed
2026-09-09T03:49+02:00,A16,L,10.09,2,lane_closed
2026-09-09T03:49+02:00,A15,n,95.855,3,speedlimit
2026-09-09T03:49+02:00,A13,R,17.8,2,speedlimit
2026-09-09T03:49+02:00,A15,L,62.43,4,lane_closed_ahead
2026-09-09T03:49+02:00,A20,s,29.6,2,speedlimit
2026-09-09T03:49+02:00,A16,L,14.17,2,speedlimit
2026-09-09T03:49+02:00,A15,L,65.25,2,speedlimit
2026-09-09T03:49+02:00,A16,L,13.19,2,speedlimit
2026-09-09T03:49+02:00,A15,L,65.685,3,speedlimit
2026-09-09T03:49+02:00,A16,R,33.135,4,lane_closed
2026-09-09T03:49+02:00,A13,L,15.035,1,lane_closed
2026-09-09T03:49+02:00,A20,R,26.93,4,speedlimit
2026-09-09T03:49+02:00,A20,R,28.57,3,speedlimit
2026-09-09T03:49+02:00,A15,L,70.95,3,lane_closed
2026-09-09T03:49+02:00,A13,R,14.38,3,speedlimit
2026-09-09T03:49+02:00,A16,R,31.74,5,lane_closed
2026-09-09T03:49+02:00,A4,L,2.447,4,lane_closed
2026-09-09T03:49+02:00,A13,L,18.8,2,speedlimit
2026-09-09T03:49+02:00,A20,R,27.235,1,speedlimit
2026-09-09T03:49+02:00,A15,L,62.768,4,speedlimit
2026-09-09T03:49+02:00,A20,L,28.41,2,speedlimit
2026-09-09T03:49+02:00,A16,R,31.25,4,lane_closed
2026-09-09T03:49+02:00,A16,L,13.89,1,speedlimit
2026-09-09T03:49+02:00,A20,R,27.79,2,speedlimit
2026-09-09T03:49+02:00,A13,R,18.5,3,speedlimit
2026-09-09T03:49+02:00,A20,R,28.57,4,speedlimit
2026-09-09T03:49+02:00,A20,R,31.26,4,speedlimit
2026-09-09T03:49+02:00,A20,L,29.826,2,speedlimit
2026-09-09T03:49+02:00,A20,L,35.925,1,lane_closed
2026-09-09T03:49+02:00,A20,L,28.57,1,speedlimit
2026-09-09T03:49+02:00,A4,n,43.673,1,speedlimit
2026-09-09T03:49+02:00,A16,R,32.22,5,lane_closed
2026-09-09T03:49+02:00,A20,R,29.5,4,speedlimit
2026-09-09T03:49+02:00,A15,L,62.768,1,speedlimit
2026-09-09T03:49+02:00,A15,L,73.755,1,speedlimit
2026-09-09T03:49+02:00,A16,L,10.09,3,speedlimit
2026-09-09T03:49+02:00,A15,L,72.96,1,speedlimit
2026-09-09T03:49+02:00,A16,R,7.9,2,lane_closed
2026-09-09T03:49+02:00,A15,L,72.58,2,speedlimit
2026-09-09T03:49+02:00,A16,R,32.76,5,lane_closed
2026-09-09T03:49+02:00,A16,R,31.74,4,lane_closed
2026-09-09T03:49+02:00,A20,R,28.1,2,speedlimit
2026-09-09T03:49+02:00,A20,R,26.64,1,speedlimit
2026-09-09T03:49+02:00,A16,R,5.6,1,lane_closed
2026-09-09T03:49+02:00,A15,L,64.2,2,speedlimit
2026-09-09T03:49+02:00,A15,L,74.085,3,speedlimit
2026-09-09T03:49+02:00,A4,L,41.6,4,lane_closed
2026-09-09T03:49+02:00,A20,L,32.8,2,speedlimit
2026-09-09T03:49+02:00,A15,L,65.25,4,speedlimit
2026-09-09T03:49+02:00,A13,L,17.1,3,speedlimit
2026-09-09T03:49+02:00,A13,L,15.55,1,lane_closed
2026-09-09T03:49+02:00,A15,L,70.35,2,speedlimit
2026-09-09T03:49+02:00,A20,L,36.625,1,lane_closed
2026-09-09T03:49+02:00,A16,R,33.135,2,speedlimit
2026-09-09T03:49+02:00,A15,L,43.46,4,speedlimit
2026-09-09T03:49+02:00,A16,L,12.07,2,speedlimit
2026-09-09T03:49+02:00,A20,L,27.488,1,speedlimit
2026-09-09T03:49+02:00,A20,L,27.2,1,speedlimit
2026-09-09T03:49+02:00,A16,L,13.47,1,speedlimit
2026-09-09T03:49+02:00,A4,h,46.06,2,speedlimit
2026-09-09T03:49+02:00,A15,L,62.43,1,speedlimit
2026-09-09T03:49+02:00,A20,L,27.8,2,speedlimit
2026-09-09T03:49+02:00,A15,L,70.655,3,lane_closed
2026-09-09T03:49+02:00,A15,L,71.42,4,lane_closed
2026-09-09T03:49+02:00,A13,L,18.2,3,speedlimit
2026-09-09T03:49+02:00,A16,R,29.28,5,speedlimit
2026-09-09T03:49+02:00,A16,R,32.933,1,speedlimit
2026-09-09T03:49+02:00,A16,R,32.518,4,lane_closed
2026-09-09T03:49+02:00,A20,L,31.88,1,speedlimit
2026-09-09T03:49+02:00,A15,L,73.92,2,speedlimit
2026-09-09T03:49+02:00,A13,L,16.7,2,speedlimit
2026-09-09T03:49+02:00,A20,L,30.9,2,speedlimit
2026-09-09T03:49+02:00,A16,R,31.25,5,lane_closed
2026-09-09T03:49+02:00,A15,L,70.655,2,speedlimit
2026-09-09T03:49+02:00,A15,L,73.92,3,speedlimit
2026-09-09T03:49+02:00,A16,R,5.6,2,lane_closed
2026-09-09T03:49+02:00,A20,L,28.085,1,speedlimit
2026-09-09T03:49+02:00,A15,L,71.9,2,speedlimit
2026-09-09T03:49+02:00,A16,R,32.76,4,lane_closed
2026-09-09T03:49+02:00,A16,R,32.22,2,speedlimit
2026-09-09T03:49+02:00,A13,R,13.7,1,lane_closed
2026-09-09T03:49+02:00,A20,R,30.6,1,speedlimit
2026-09-09T03:49+02:00,A13,R,17.1,3,speedlimit
2026-09-09T03:49+02:00,A16,L,13.05,2,speedlimit
2026-09-09T03:49+02:00,A20,R,26.93,3,speedlimit
2026-09-09T03:49+02:00,A16,L,12.91,1,speedlimit
2026-09-09T03:49+02:00,A20,L,31.4,1,speedlimit
2026-09-09T03:49+02:00,A4,L,42.775,2,speedlimit
2026-09-09T03:49+02:00,A16,L,9.35,3,speedlimit
2026-09-09T03:49+02:00,A16,L,7.15,2,lane_closed
2026-09-09T03:49+02:00,A13,R,12.3,3,speedlimit
2026-09-09T03:49+02:00,A15,L,70.35,1,speedlimit
2026-09-09T03:49+02:00,A20,L,31.1,2,speedlimit
2026-09-09T03:49+02:00,A16,L,11.7,2,speedlimit
2026-09-09T03:49+02:00,A16,R,9.35,2,lane_closed
2026-09-09T03:49+02:00,A13,g,18.7,2,speedlimit
2026-09-09T03:49+02:00,A15,L,65.685,2,speedlimit
2026-09-09T03:49+02:00,A15,L,61.01,3,speedlimit
2026-09-09T03:49+02:00,A20,L,31.4,2,speedlimit
2026-09-09T03:49+02:00,A16,R,30.05,2,speedlimit
2026-09-09T03:49+02:00,A16,L,14.32,1,speedlimit
2026-09-09T03:49+02:00,A16,R,8.65,3,lane_closed
2026-09-09T03:49+02:00,A15,L,71.42,3,lane_closed
2026-09-09T03:49+02:00,A4,n,43.673,2,speedlimit
2026-09-09T03:49+02:00,A15,L,62.43,3,speedlimit
2026-09-09T03:49+02:00,A15,L,74.625,1,speedlimit
2026-09-09T03:49+02:00,A13,L,15.9,3,lane_closed
2026-09-09T03:49+02:00,A13,R,12.7,2,speedlimit
2026-09-09T03:49+02:00,A13,R,16.2,1,speedlimit
2026-09-09T03:49+02:00,A16,L,12.63,2,speedlimit
2026-09-09T03:49+02:00,A15,L,70.35,3,speedlimit
2026-09-09T03:49+02:00,A15,L,71.9,3,lane_closed
2026-09-09T03:49+02:00,A15,L,70.655,1,speedlimit
2026-09-09T03:49+02:00,A13,R,12.7,1,lane_closed_ahead
2026-09-09T03:49+02:00,A13,R,18.5,2,speedlimit
2026-09-09T03:49+02:00,A20,L,30.196,1,speedlimit
2026-09-09T03:49+02:00,A15,k,69.8,1,lane_closed
2026-09-09T03:49+02:00,A16,L,13.19,1,speedlimit
2026-09-09T03:49+02:00,A15,L,73.59,3,speedlimit
2026-09-09T03:49+02:00,A16,d,10.6,2,speedlimit
2026-09-09T03:49+02:00,A13,R,12.7,3,speedlimit
2026-09-09T03:49+02:00,A20,R,27.79,1,speedlimit
2026-09-09T03:49+02:00,A20,L,29.826,1,speedlimit
2026-09-09T03:49+02:00,A16,R,7.15,1,lane_closed
2026-09-09T03:49+02:00,A16,L,12.91,2,speedlimit
2026-09-09T03:49+02:00,A16,R,30.05,4,lane_closed_ahead
2026-09-09T03:49+02:00,A20,R,28.41,2,speedlimit
2026-09-09T03:49+02:00,A16,m,38.1,2,speedlimit
2026-09-09T03:49+02:00,A13,L,15.9,2,speedlimit
2026-09-09T03:49+02:00,A16,L,14.17,1,speedlimit
2026-09-09T03:49+02:00,A16,R,29.28,4,speedlimit
2026-09-09T03:49+02:00,A4,L,42.775,3,lane_closed_ahead
2026-09-09T03:49+02:00,A20,R,29.1,1,speedlimit
2026-09-09T03:49+02:00,A15,L,60.62,1,speedlimit
2026-09-09T03:49+02:00,A16,m,33.778,2,lane_closed
2026-09-09T03:49+02:00,A13,R,17.8,1,speedlimit
2026-09-09T03:49+02:00,A20,R,28.41,1,speedlimit
2026-09-09T03:49+02:00,A13,L,15.55,3,speedlimit
2026-09-09T03:49+02:00,A20,R,31.9,2,speedlimit
2026-09-09T03:49+02:00,A16,L,10.09,4,speedlimit
2026-09-09T03:49+02:00,A13,R,13.235,2,lane_closed_ahead
2026-09-09T03:49+02:00,A20,L,31.1,3,speedlimit
2026-09-09T03:49+02:00,A15,L,43.95,3,speedlimit
2026-09-09T03:49+02:00,A16,L,8.65,1,lane_closed
2026-09-09T03:49+02:00,A16,R,7.9,3,lane_closed
2026-09-09T03:49+02:00,A20,R,27.488,2,speedlimit
2026-09-09T03:49+02:00,A20,t,28.895,1,speedlimit
2026-09-09T03:49+02:00,A20,L,32.8,1,speedlimit
2026-09-09T03:49+02:00,A20,R,28.8,2,speedlimit
2026-09-09T03:49+02:00,A16,L,5.6,1,lane_closed
2026-09-09T03:49+02:00,A15,L,43.95,2,speedlimit
2026-09-09T03:49+02:00,A20,L,31.1,1,speedlimit
2026-09-09T03:49+02:00,A15,L,73.25,4,speedlimit
2026-09-09T03:49+02:00,A13,L,16.19,3,lane_closed
2026-09-09T03:49+02:00,A13,L,15.035,5,lane_closed
2026-09-09T03:49+02:00,A16,R,32.76,2,speedlimit
2026-09-09T03:49+02:00,A15,L,61.94,2,speedlimit
2026-09-09T03:49+02:00,A16,R,32.518,3,lane_closed
2026-09-09T03:49+02:00,A20,L,27.8,1,speedlimit
2026-09-09T03:49+02:00,A15,L,72.96,2,speedlimit
2026-09-09T03:49+02:00,A16,R,29.28,3,speedlimit
2026-09-09T03:49+02:00,A16,L,14.32,2,speedlimit
2026-09-09T03:49+02:00,A16,R,32.933,2,speedlimit
2026-09-09T03:49+02:00,A16,m,34.304,2,lane_closed
2026-09-09T03:49+02:00,A20,R,29.1,2,speedlimit
2026-09-09T03:49+02:00,A16,L,13.61,2,speedlimit
2026-09-09T03:49+02:00,A13,g,18.7,1,speedlimit
2026-09-09T03:49+02:00,A16,L,13.33,1,speedlimit
2026-09-09T03:49+02:00,A15,L,74.625,3,speedlimit
2026-09-09T03:49+02:00,A15,L,72.58,1,speedlimit
2026-09-09T03:49+02:00,A16,L,8.65,4,speedlimit
2026-09-09T03:49+02:00,A20,R,28.57,2,speedlimit
2026-09-09T03:49+02:00,A16,L,9.75,1,lane_closed
2026-09-09T03:49+02:00,A20,R,26.64,2,speedlimit
2026-09-09T03:49+02:00,A4,L,41.6,1,speedlimit
2026-09-09T03:49+02:00,A15,L,64.2,3,speedlimit
2026-09-09T03:49+02:00,A16,L,5.6,2,speedlimit
2026-09-09T03:49+02:00,A20,L,29.1,1,speedlimit
2026-09-09T03:49+02:00,A13,L,18.2,1,speedlimit
2026-09-09T03:49+02:00,A15,L,64.67,2,speedlimit
2026-09-09T03:49+02:00,A13,L,12.7,4,lane_closed
2026-09-09T03:49+02:00,A20,L,31.88,2,speedlimit
2026-09-09T03:49+02:00,A16,R,32.933,3,lane_closed
2026-09-09T03:49+02:00,A20,L,28.085,2,speedlimit
2026-09-09T03:49+02:00,A16,m,33.609,2,lane_closed
2026-09-09T03:49+02:00,A15,L,43.46,3,speedlimit
2026-09-09T03:49+02:00,A13,L,15.035,4,speedlimit
2026-09-09T03:49+02:00,A20,R,30.6,3,speedlimit
2026-09-09T03:49+02:00,A20,L,35.52,1,lane_closed
2026-09-09T03:49+02:00,A15,L,73.59,2,speedlimit
2026-09-09T03:49+02:00,A16,R,8.65,2,lane_closed
2026-09-09T03:49+02:00,A16,R,9.35,1,lane_closed
2026-09-09T03:49+02:00,A20,R,29.8,2,speedlimit
2026-09-09T03:49+02:00,A13,R,15.035,2,lane_closed
2026-09-09T03:49+02:00,A15,L,64.2,1,lane_closed
2026-09-09T03:49+02:00,A20,R,27.235,2,speedlimit
2026-09-09T03:49+02:00,A4,L,43.18,1,speedlimit
2026-09-09T03:49+02:00,A20,L,37.3,1,lane_closed
2026-09-09T03:49+02:00,A13,R,13.7,2,lane_closed
2026-09-09T03:49+02:00,A13,R,18.2,1,speedlimit
2026-09-09T03:49+02:00,A16,m,33.848,1,lane_closed
2026-09-09T03:49+02:00,A16,R,31.25,2,speedlimit
2026-09-09T03:49+02:00,A16,L,10.09,1,lane_closed
2026-09-09T03:49+02:00,A15,L,65.25,1,lane_closed_ahead
2026-09-09T03:49+02:00,A15,e,95.55,1,speedlimit
2026-09-09T03:49+02:00,A13,L,15.55,2,lane_closed_ahead
2026-09-09T03:49+02:00,A13,e,19.1,1,speedlimit
2026-09-09T03:49+02:00,A13,L,15.55,4,speedlimit
2026-09-09T03:49+02:00,A16,L,14.46,1,speedlimit
2026-09-09T03:49+02:00,A16,L,7.9,2,lane_closed
2026-09-09T03:49+02:00,A13,L,17.8,3,speedlimit
2026-09-09T03:49+02:00,A16,R,31.74,1,speedlimit
2026-09-09T03:49+02:00,A4,L,41.6,2,speedlimit
2026-09-09T03:49+02:00,A16,L,12.35,2,speedlimit
2026-09-09T03:49+02:00,A20,R,31.26,1,speedlimit
2026-09-09T03:49+02:00,A16,L,11.7,3,speedlimit
2026-09-09T03:49+02:00,A16,L,14.03,1,speedlimit
2026-09-09T03:49+02:00,A4,L,42.775,1,speedlimit
2026-09-09T03:49+02:00,A16,L,8.65,3,speedlimit
2026-09-09T03:49+02:00,A13,L,15.9,1,speedlimit
2026-09-09T03:49+02:00,A15,L,43.95,1,speedlimit
2026-09-09T03:49+02:00,A15,L,70.95,1,speedlimit
2026-09-09T03:49+02:00,A16,R,30.71,3,speedlimit
2026-09-09T03:49+02:00,A20,L,29.826,3,speedlimit
2026-09-09T03:49+02:00,A16,R,30.71,1,speedlimit
2026-09-09T03:49+02:00,A4,L,42.19,2,speedlimit
2026-09-09T03:49+02:00,A4,h,45.58,3,lane_closed
2026-09-09T03:49+02:00,A20,L,29.5,1,speedlimit
2026-09-09T03:49+02:00,A20,R,28.8,3,speedlimit
2026-09-09T03:49+02:00,A20,R,29.5,1,speedlimit
2026-09-09T03:49+02:00,A16,m,33.609,1,lane_closed
2026-09-09T03:49+02:00,A13,R,15.55,4,speedlimit
2026-09-09T03:49+02:00,A16,L,10.6,1,lane_closed
2026-09-09T03:49+02:00,A13,R,15.55,1,lane_closed
2026-09-09T03:49+02:00,A16,R,33.135,3,lane_closed
2026-09-09T03:49+02:00,A16,m,34.068,2,lane_closed
2026-09-09T03:49+02:00,A16,L,7.15,3,speedlimit
2026-09-09T03:49+02:00,A13,L,11.25,4,lane_closed
2026-09-09T03:49+02:00,A20,L,30.9,1,speedlimit
2026-09-09T03:49+02:00,A13,R,15.55,3,speedlimit
2026-09-09T03:49+02:00,A16,R,8.65,1,lane_closed
2026-09-09T03:49+02:00,A13,L,14.2,2,speedlimit
2026-09-09T03:49+02:00,A4,L,43.18,4,lane_closed_ahead
2026-09-09T03:49+02:00,A16,R,32.518,2,speedlimit
2026-09-09T03:49+02:00,A13,R,18.2,4,speedlimit
2026-09-09T03:49+02:00,A16,R,32.22,4,lane_closed
2026-09-09T03:49+02:00,A16,L,8.65,2,lane_closed
2026-09-09T03:49+02:00,A16,L,12.07,1,speedlimit
2026-09-09T03:49+02:00,A15,L,61.01,1,speedlimit
2026-09-09T03:49+02:00,A13,R,18.7,1,speedlimit
2026-09-09T03:49+02:00,A15,L,64.67,5,speedlimit
2026-09-09T03:49+02:00,A13,R,15.035,3,speedlimit
2026-09-09T03:49+02:00,A16,R,30.05,3,speedlimit
2026-09-09T03:49+02:00,A15,n,95.855,1,speedlimit
2026-09-09T03:49+02:00,A20,c,27.488,1,speedlimit
2026-09-09T03:49+02:00,A20,R,31.9,3,speedlimit
2026-09-09T03:49+02:00,A16,d,10.6,1,speedlimit
2026-09-09T03:49+02:00,A13,R,16.655,3,speedlimit
2026-09-09T03:49+02:00,A15,L,74.275,1,speedlimit
2026-09-09T03:49+02:00,A20,L,29.1,2,speedlimit
2026-09-09T03:49+02:00,A16,R,32.76,1,speedlimit
2026-09-09T03:49+02:00,A15,L,63.56,1,lane_closed
2026-09-09T03:49+02:00,A20,R,29.8,3,speedlimit
2026-09-09T03:49+02:00,A13,L,18.2,2,speedlimit
2026-09-09T03:49+02:00,A20,R,26.4,3,speedlimit
2026-09-09T03:49+02:00,A16,L,12.21,1,speedlimit
2026-09-09T03:49+02:00,A16,m,33.958,1,lane_closed
2026-09-09T03:49+02:00,A16,L,13.33,2,speedlimit
2026-09-09T03:49+02:00,A16,L,12.21,2,speedlimit
2026-09-09T03:49+02:00,A20,R,26.93,1,speedlimit
2026-09-09T03:49+02:00,A15,L,61.39,2,speedlimit
2026-09-09T03:49+02:00,A20,R,26.4,2,speedlimit
2026-09-09T03:49+02:00,A15,L,62.768,2,speedlimit
2026-09-09T03:49+02:00,A15,L,63.56,3,speedlimit
2026-09-09T03:49+02:00,A20,L,27.488,2,speedlimit
2026-09-09T03:49+02:00,A20,L,30.196,3,speedlimit
2026-09-09T03:49+02:00,A4,h,46.06,1,speedlimit
2026-09-09T03:49+02:00,A4,L,42.19,1,speedlimit
2026-09-09T03:49+02:00,A15,L,61.94,1,speedlimit
2026-09-09T03:49+02:00,A20,L,28.41,1,speedlimit
2026-09-09T03:49+02:00,A13,L,13.18,4,lane_closed
2026-09-09T03:49+02:00,A13,L,17.8,2,speedlimit
2026-09-09T03:49+02:00,A16,m,33.778,1,lane_closed
2026-09-09T03:49+02:00,A16,R,30.71,2,speedlimit
2026-09-09T03:49+02:00,A16,R,9.35,3,lane_closed
2026-09-09T03:49+02:00,A15,L,72.96,4,speedlimit
2026-09-09T03:49+02:00,A20,R,28.57,1,speedlimit
2026-09-09T03:49+02:00,A20,R,30.196,4,speedlimit
2026-09-09T03:49+02:00,A13,L,15.035,2,lane_closed
2026-09-09T03:49+02:00,A16,L,11.2,2,speedlimit
2026-09-09T03:49+02:00,A16,R,6.29,1,lane_closed
2026-09-09T03:49+02:00,A16,m,34.178,2,lane_closed
2026-09-09T03:49+02:00,A20,t,29.6,2,speedlimit
2026-09-09T03:49+02:00,A16,m,33.958,2,lane_closed
2026-09-09T03:49+02:00,A20,L,38.3,1,lane_closed_ahead
2026-09-09T03:49+02:00,A16,m,34.44,1,lane_closed
2026-09-09T03:49+02:00,A15,L,73.59,1,speedlimit
2026-09-09T03:49+02:00,A15,L,64.67,4,speedlimit
2026-09-09T03:49+02:00,A16,L,11.7,1,speedlimit
2026-09-09T03:49+02:00,A15,L,71.42,1,speedlimit
2026-09-09T03:49+02:00,A15,L,65.685,1,speedlimit
2026-09-09T03:49+02:00,A16,m,34.068,1,lane_closed
2026-09-09T03:49+02:00,A15,L,64.67,1,lane_closed
2026-09-09T03:49+02:00,A13,R,13.235,3,speedlimit
2026-09-09T03:49+02:00,A16,L,12.77,2,speedlimit
2026-09-09T03:49+02:00,A16,R,31.74,3,lane_closed_ahead
2026-09-09T03:49+02:00,A20,R,26.93,2,speedlimit
2026-09-09T03:49+02:00,A20,L,30.9,3,speedlimit
2026-09-09T03:49+02:00,A13,L,18.8,3,speedlimit
2026-09-09T03:49+02:00,A20,L,37.8,1,lane_closed
2026-09-09T03:49+02:00,A20,R,28.8,1,speedlimit
2026-09-09T03:49+02:00,A16,b,32.5,1,lane_closed
2026-09-09T03:49+02:00,A16,L,6.29,2,speedlimit
2026-09-09T03:49+02:00,A15,L,70.95,4,lane_closed
2026-09-09T03:49+02:00,A4,L,42.19,3,lane_closed
2026-09-09T03:49+02:00,A15,L,61.39,3,speedlimit
2026-09-09T03:49+02:00,A15,L,60.62,2,speedlimit
2026-09-09T03:49+02:00,A13,L,18.8,1,speedlimit
2026-09-09T03:49+02:00,A15,L,72.96,3,lane_closed_ahead
2026-09-09T03:49+02:00,A15,L,71.9,1,speedlimit
2026-09-09T03:49+02:00,A13,L,14.2,1,lane_closed
2026-09-09T03:49+02:00,A4,h,46.4,2,speedlimit
2026-09-09T03:49+02:00,A16,L,11.2,1,lane_closed_ahead
2026-09-09T03:49+02:00,A13,R,16.2,2,speedlimit
2026-09-09T03:49+02:00,A15,L,73.92,1,speedlimit
2026-09-09T03:49+02:00,A16,L,12.77,1,speedlimit
2026-09-09T03:49+02:00,A16,m,34.178,1,lane_closed
2026-09-09T03:49+02:00,A15,L,74.275,2,speedlimit
2026-09-09T03:49+02:00,A20,L,31.4,3,speedlimit
2026-09-09T03:49+02:00,A16,R,31.25,3,speedlimit
2026-09-09T03:49+02:00,A15,L,61.01,2,speedlimit
2026-09-09T03:49+02:00,A15,L,62.43,2,speedlimit
2026-09-09T03:49+02:00,A20,L,30.196,4,speedlimit
2026-09-09T03:49+02:00,A15,L,71.42,2,speedlimit
2026-09-09T03:49+02:00,A16,m,34.304,1,lane_closed
2026-09-09T03:49+02:00,A13,L,14.2,3,speedlimit
2026-09-09T03:49+02:00,A13,R,15.035,4,speedlimit
2026-09-09T03:49+02:00,A13,R,18.2,2,speedlimit
2026-09-09T03:49+02:00,A16,L,13.89,2,speedlimit
2026-09-09T03:49+02:00,A15,L,72.58,3,lane_closed
2026-09-09T03:49+02:00,A13,L,17.8,1,speedlimit
2026-09-09T03:49+02:00,A16,L,13.75,2,speedlimit
2026-09-09T03:49+02:00,A20,R,29.8,1,speedlimit
2026-09-09T03:49+02:00,A16,R,33.135,1,speedlimit
2026-09-09T03:49+02:00,A20,R,31.26,2,speedlimit
2026-09-09T03:49+02:00,A15,L,61.94,3,speedlimit
2026-09-09T03:49+02:00,A16,L,7.9,1,lane_closed
2026-09-09T03:49+02:00,A15,L,43.46,1,speedlimit
2026-09-09T03:49+02:00,A20,R,31.26,3,speedlimit
2026-09-09T03:49+02:00,A4,L,41.6,3,lane_closed
2026-09-09T03:49+02:00,A15,L,70.95,2,speedlimit
2026-09-09T03:49+02:00,A20,R,26.64,3,speedlimit
2026-09-09T03:49+02:00,A16,L,10.6,2,speedlimit
2026-09-09T03:49+02:00,A20,R,26.64,4,speedlimit
2026-09-09T03:49+02:00,A20,R,26.4,1,speedlimit
2026-09-09T03:49+02:00,A13,R,17.1,1,speedlimit
2026-09-09T03:49+02:00,A15,k,70.5,1,lane_closed
2026-09-09T03:49+02:00,A16,R,7.15,2,lane_closed
2026-09-09T03:49+02:00,A13,R,14.38,1,lane_closed
2026-09-09T03:49+02:00,A13,R,13.7,3,speedlimit
2026-09-09T03:49+02:00,A20,R,29.5,3,speedlimit
2026-09-09T03:49+02:00,A16,R,32.76,3,lane_closed
2026-09-09T03:49+02:00,A16,R,30.71,4,lane_closed
2026-09-09T03:49+02:00,A13,L,13.7,4,lane_closed
2026-09-09T03:49+02:00,A15,L,63.56,2,speedlimit
2026-09-09T03:49+02:00,A13,R,14.38,2,lane_closed
2026-09-09T03:49+02:00,A13,L,14.2,4,lane_closed
2026-09-09T03:49+02:00,A4,h,46.4,1,speedlimit
2026-09-09T03:49+02:00,A16,R,31.74,2,speedlimit
2026-09-09T03:49+02:00,A20,t,29.6,1,speedlimit
2026-09-09T03:49+02:00,A16,L,9.75,2,lane_closed
2026-09-09T03:49+02:00,A15,L,65.685,4,speedlimit
2026-09-09T03:49+02:00,A20,R,29.8,4,speedlimit
2026-09-09T03:49+02:00,A13,R,18.7,2,speedlimit
2026-09-09T03:49+02:00,A16,m,33.43,2,lane_closed
2026-09-09T03:49+02:00,A16,m,33.848,2,lane_closed
2026-09-09T03:49+02:00,A16,L,12.63,1,speedlimit
2026-09-09T03:49+02:00,A16,L,13.05,1,speedlimit
2026-09-09T03:49+02:00,A20,R,27.488,1,speedlimit
2026-09-09T03:49+02:00,A15,L,72.58,4,speedlimit
2026-09-09T03:49+02:00,A16,m,34.618,1,lane_closed
2026-09-09T03:49+02:00,A16,L,14.03,2,speedlimit
2026-09-09T03:49+02:00,A16,L,13.75,1,speedlimit
2026-09-09T03:49+02:00,A16,m,33.43,1,lane_closed
2026-09-09T03:49+02:00,A13,R,12.3,2,speedlimit
2026-09-09T03:49+02:00,A16,L,14.46,2,speedlimit
2026-09-09T03:49+02:00,A20,R,29.5,2,speedlimit
2026-09-09T03:49+02:00,A13,R,12.3,4,speedlimit
2026-09-09T03:49+02:00,A20,L,27.2,2,speedlimit
2026-09-09T03:49+02:00,A16,R,32.518,1,speedlimit
2026-09-09T03:49+02:00,A13,R,18.963,1,speedlimit
2026-09-09T03:49+02:00,A13,L,17.1,1,speedlimit
2026-09-09T03:49+02:00,A15,L,61.39,4,lane_closed
2026-09-09T03:49+02:00,A16,R,31.25,1,speedlimit
2026-09-09T03:49+02:00,A20,L,31.88,3,speedlimit
2026-09-09T03:49+02:00,A16,R,7.9,1,lane_closed
2026-09-09T03:49+02:00,A13,L,17.1,4,speedlimit
2026-09-09T03:49+02:00,A4,L,42.775,4,lane_closed
2026-09-09T03:49+02:00,A13,R,16.655,2,speedlimit
2026-09-09T03:49+02:00,A16,R,6.29,2,lane_closed
2026-09-09T03:49+02:00,A16,L,12.49,1,speedlimit
2026-09-09T03:49+02:00,A13,L,15.55,5,lane_closed
2026-09-09T03:49+02:00,A15,L,74.085,1,speedlimit
2026-09-09T03:49+02:00,A15,L,60.62,3,speedlimit
2026-09-09T03:49+02:00,A15,L,43.95,4,speedlimit
2026-09-09T03:49+02:00,A20,L,32.8,3,speedlimit
2026-09-09T03:49+02:00,A16,L,9.35,1,lane_closed
2026-09-09T03:49+02:00,A15,L,73.755,3,speedlimit
2026-09-09T03:49+02:00,A16,R,29.28,1,speedlimit
2026-09-09T03:49+02:00,A15,L,73.755,2,speedlimit
2026-09-09T03:49+02:00,A20,R,30.196,1,speedlimit
2026-09-09T03:49+02:00,A15,L,61.94,4,lane_closed
2026-09-09T03:49+02:00,A16,L,9.75,4,speedlimit
2026-09-09T03:49+02:00,A20,L,29.826,4,speedlimit
2026-09-09T03:49+02:00,A16,R,32.933,4,lane_closed
2026-09-09T03:49+02:00,A13,R,15.035,1,lane_closed
2026-09-09T03:49+02:00,A16,L,13.61,1,speedlimit
2026-09-09T03:49+02:00,A15,L,61.01,4,lane_closed
2026-09-09T03:49+02:00,A16,L,6.29,1,lane_closed
2026-09-09T03:49+02:00,A16,R,29.28,2,speedlimit
2026-09-09T03:49+02:00,A15,L,74.085,2,speedlimit
2026-09-09T03:49+02:00,A20,s,29.6,1,speedlimit
2026-09-09T03:49+02:00,A20,L,28.57,2,speedlimit
2026-09-09T03:49+02:00,A20,R,30.6,2,speedlimit
2026-09-09T03:49+02:00,A16,R,29.28,6,speedlimit
2026-09-09T03:49+02:00,A15,L,65.25,3,speedlimit
2026-09-09T03:49+02:00,A13,L,17.1,2,speedlimit
2026-09-09T03:49+02:00,A20,L,28.57,3,speedlimit
2026-09-09T03:49+02:00,A15,L,64.67,3,speedlimit
2026-09-09T03:49+02:00,A20,R,26.4,4,speedlimit
2026-09-09T03:49+02:00,A20,R,30.196,2,speedlimit
2026-09-09T03:49+02:00,A13,R,17.8,3,speedlimit
2026-09-09T03:49+02:00,A16,R,32.22,1,speedlimit
2026-09-09T03:49+02:00,A4,L,43.18,3,speedlimit
2026-09-09T03:49+02:00,A15,n,95.855,2,speedlimit
2026-09-09T04:50+02:00,A13,L,16.7,1,speedlimit
2026-09-09T04:50+02:00,A20,L,30.196,2,speedlimit
2026-09-09T04:50+02:00,A13,R,16.655,1,speedlimit
2026-09-09T04:50+02:00,A13,R,17.1,2,speedlimit
2026-09-09T04:50+02:00,A4,L,42.19,4,lane_closed
2026-09-09T04:50+02:00,A4,L,43.18,2,speedlimit
2026-09-09T04:50+02:00,A13,R,18.5,1,speedlimit
2026-09-09T04:50+02:00,A20,L,29.5,2,speedlimit
2026-09-09T04:50+02:00,A13,R,18.5,4,speedlimit
2026-09-09T04:50+02:00,A13,R,18.2,3,speedlimit
2026-09-09T04:50+02:00,A20,R,28.1,1,speedlimit
2026-09-09T04:50+02:00,A20,R,30.196,3,speedlimit
2026-09-09T04:50+02:00,A20,L,36.94,1,lane_closed
2026-09-09T04:50+02:00,A4,R,2.367,4,lane_closed
2026-09-09T04:50+02:00,A15,n,95.855,3,speedlimit
2026-09-09T04:50+02:00,A13,R,17.8,2,speedlimit
2026-09-09T04:50+02:00,A20,s,29.6,2,speedlimit
2026-09-09T04:50+02:00,A15,L,65.25,2,speedlimit
2026-09-09T04:50+02:00,A15,L,65.685,3,speedlimit
2026-09-09T04:50+02:00,A20,R,26.93,4,speedlimit
2026-09-09T04:50+02:00,A20,R,28.57,3,speedlimit
2026-09-09T04:50+02:00,A4,L,2.447,4,lane_closed
2026-09-09T04:50+02:00,A13,L,18.8,2,speedlimit
2026-09-09T04:50+02:00,A20,R,27.235,1,speedlimit
2026-09-09T04:50+02:00,A20,L,28.41,2,speedlimit
2026-09-09T04:50+02:00,A20,R,27.79,2,speedlimit
2026-09-09T04:50+02:00,A13,R,18.5,3,speedlimit
2026-09-09T04:50+02:00,A20,R,28.57,4,speedlimit
2026-09-09T04:50+02:00,A20,R,31.26,4,speedlimit
2026-09-09T04:50+02:00,A20,L,29.826,2,speedlimit
2026-09-09T04:50+02:00,A20,L,35.925,1,lane_closed
2026-09-09T04:50+02:00,A20,L,28.57,1,speedlimit
2026-09-09T04:50+02:00,A4,n,43.673,1,speedlimit
2026-09-09T04:50+02:00,A20,R,29.5,4,speedlimit
2026-09-09T04:50+02:00,A20,R,28.1,2,speedlimit
2026-09-09T04:50+02:00,A20,R,26.64,1,speedlimit
2026-09-09T04:50+02:00,A15,L,64.2,2,speedlimit
2026-09-09T04:50+02:00,A4,L,41.6,4,lane_closed
2026-09-09T04:50+02:00,A20,L,32.8,2,speedlimit
2026-09-09T04:50+02:00,A15,L,65.25,4,speedlimit
2026-09-09T04:50+02:00,A13,L,17.1,3,speedlimit
2026-09-09T04:50+02:00,A20,L,36.625,1,lane_closed
2026-09-09T04:50+02:00,A20,L,27.488,1,speedlimit
2026-09-09T04:50+02:00,A20,L,27.2,1,speedlimit
2026-09-09T04:50+02:00,A4,h,46.06,2,speedlimit
2026-09-09T04:50+02:00,A20,L,27.8,2,speedlimit
2026-09-09T04:50+02:00,A13,L,18.2,3,speedlimit
2026-09-09T04:50+02:00,A20,L,31.88,1,speedlimit
2026-09-09T04:50+02:00,A13,L,16.7,2,speedlimit
2026-09-09T04:50+02:00,A20,L,30.9,2,speedlimit
2026-09-09T04:50+02:00,A20,L,28.085,1,speedlimit
2026-09-09T04:50+02:00,A20,R,30.6,1,speedlimit
2026-09-09T04:50+02:00,A13,R,17.1,3,speedlimit
2026-09-09T04:50+02:00,A20,R,26.93,3,speedlimit
2026-09-09T04:50+02:00,A20,L,31.4,1,speedlimit
2026-09-09T04:50+02:00,A4,L,42.775,2,speedlimit
2026-09-09T04:50+02:00,A20,L,31.1,2,speedlimit
2026-09-09T04:50+02:00,A13,g,18.7,2,speedlimit
2026-09-09T04:50+02:00,A15,L,65.685,2,speedlimit
2026-09-09T04:50+02:00,A20,L,31.4,2,speedlimit
2026-09-09T04:50+02:00,A4,n,43.673,2,speedlimit
2026-09-09T04:50+02:00,A13,L,15.9,3,lane_closed
2026-09-09T04:50+02:00,A13,R,16.2,1,speedlimit
2026-09-09T04:50+02:00,A13,R,18.5,2,speedlimit
2026-09-09T04:50+02:00,A20,L,30.196,1,speedlimit
2026-09-09T04:50+02:00,A20,R,27.79,1,speedlimit
2026-09-09T04:50+02:00,A20,L,29.826,1,speedlimit
2026-09-09T04:50+02:00,A20,R,28.41,2,speedlimit
2026-09-09T04:50+02:00,A16,m,38.1,2,speedlimit
2026-09-09T04:50+02:00,A4,L,42.775,3,lane_closed_ahead
2026-09-09T04:50+02:00,A20,R,29.1,1,speedlimit
2026-09-09T04:50+02:00,A13,R,17.8,1,speedlimit
2026-09-09T04:50+02:00,A20,R,28.41,1,speedlimit
2026-09-09T04:50+02:00,A20,R,31.9,2,speedlimit
2026-09-09T04:50+02:00,A20,L,31.1,3,speedlimit
2026-09-09T04:50+02:00,A20,R,27.488,2,speedlimit
2026-09-09T04:50+02:00,A20,t,28.895,1,speedlimit
2026-09-09T04:50+02:00,A20,L,32.8,1,speedlimit
2026-09-09T04:50+02:00,A20,R,28.8,2,speedlimit
2026-09-09T04:50+02:00,A20,L,31.1,1,speedlimit
2026-09-09T04:50+02:00,A13,L,16.19,3,lane_closed
2026-09-09T04:50+02:00,A13,L,15.035,5,lane_closed
2026-09-09T04:50+02:00,A20,L,27.8,1,speedlimit
2026-09-09T04:50+02:00,A20,R,29.1,2,speedlimit
2026-09-09T04:50+02:00,A13,g,18.7,1,speedlimit
2026-09-09T04:50+02:00,A20,R,28.57,2,speedlimit
2026-09-09T04:50+02:00,A20,R,26.64,2,speedlimit
2026-09-09T04:50+02:00,A4,L,41.6,1,speedlimit
2026-09-09T04:50+02:00,A15,L,64.2,3,speedlimit
2026-09-09T04:50+02:00,A20,L,29.1,1,speedlimit
2026-09-09T04:50+02:00,A13,L,18.2,1,speedlimit
2026-09-09T04:50+02:00,A15,L,64.67,2,speedlimit
2026-09-09T04:50+02:00,A13,L,12.7,4,lane_closed
2026-09-09T04:50+02:00,A20,L,31.88,2,speedlimit
2026-09-09T04:50+02:00,A20,L,28.085,2,speedlimit
2026-09-09T04:50+02:00,A20,R,30.6,3,speedlimit
2026-09-09T04:50+02:00,A20,L,35.52,1,lane_closed
2026-09-09T04:50+02:00,A20,R,29.8,2,speedlimit
2026-09-09T04:50+02:00,A15,L,64.2,1,lane_closed
2026-09-09T04:50+02:00,A20,R,27.235,2,speedlimit
2026-09-09T04:50+02:00,A4,L,43.18,1,speedlimit
2026-09-09T04:50+02:00,A20,L,37.3,1,lane_closed
2026-09-09T04:50+02:00,A13,R,18.2,1,speedlimit
2026-09-09T04:50+02:00,A15,L,65.25,1,lane_closed_ahead
2026-09-09T04:50+02:00,A15,e,95.55,1,speedlimit
2026-09-09T04:50+02:00,A13,e,19.1,1,speedlimit
2026-09-09T04:50+02:00,A13,L,17.8,3,speedlimit
2026-09-09T04:50+02:00,A4,L,41.6,2,speedlimit
2026-09-09T04:50+02:00,A20,R,31.26,1,speedlimit
2026-09-09T04:50+02:00,A4,L,42.775,1,speedlimit
2026-09-09T04:50+02:00,A20,L,29.826,3,speedlimit
2026-09-09T04:50+02:00,A4,L,42.19,2,speedlimit
2026-09-09T04:50+02:00,A4,h,45.58,3,lane_closed
2026-09-09T04:50+02:00,A20,L,29.5,1,speedlimit
2026-09-09T04:50+02:00,A20,R,28.8,3,speedlimit
2026-09-09T04:50+02:00,A20,R,29.5,1,speedlimit
2026-09-09T04:50+02:00,A13,L,11.25,4,lane_closed
2026-09-09T04:50+02:00,A20,L,30.9,1,speedlimit
2026-09-09T04:50+02:00,A4,L,43.18,4,lane_closed_ahead
2026-09-09T04:50+02:00,A13,R,18.2,4,speedlimit
2026-09-09T04:50+02:00,A13,R,18.7,1,speedlimit
2026-09-09T04:50+02:00,A15,L,64.67,5,speedlimit
2026-09-09T04:50+02:00,A15,n,95.855,1,speedlimit
2026-09-09T04:50+02:00,A20,c,27.488,1,speedlimit
2026-09-09T04:50+02:00,A20,R,31.9,3,speedlimit
2026-09-09T04:50+02:00,A13,R,16.655,3,speedlimit
2026-09-09T04:50+02:00,A20,L,29.1,2,speedlimit
2026-09-09T04:50+02:00,A15,L,63.56,1,lane_closed
2026-09-09T04:50+02:00,A20,R,29.8,3,speedlimit
2026-09-09T04:50+02:00,A13,L,18.2,2,speedlimit
2026-09-09T04:50+02:00,A20,R,26.4,3,speedlimit
2026-09-09T04:50+02:00,A20,R,26.93,1,speedlimit
2026-09-09T04:50+02:00,A20,R,26.4,2,speedlimit
2026-09-09T04:50+02:00,A15,L,63.56,3,speedlimit
2026-09-09T04:50+02:00,A20,L,27.488,2,speedlimit
2026-09-09T04:50+02:00,A20,L,30.196,3,speedlimit
2026-09-09T04:50+02:00,A4,h,46.06,1,speedlimit
2026-09-09T04:50+02:00,A4,L,42.19,1,speedlimit
2026-09-09T04:50+02:00,A20,L,28.41,1,speedlimit
2026-09-09T04:50+02:00,A13,L,13.18,4,lane_closed
2026-09-09T04:50+02:00,A13,L,17.8,2,speedlimit
2026-09-09T04:50+02:00,A20,R,28.57,1,speedlimit
2026-09-09T04:50+02:00,A20,R,30.196,4,speedlimit
2026-09-09T04:50+02:00,A20,t,29.6,2,speedlimit
2026-09-09T04:50+02:00,A20,L,38.3,1,lane_closed_ahead
2026-09-09T04:50+02:00,A15,L,64.67,4,speedlimit
2026-09-09T04:50+02:00,A15,L,65.685,1,speedlimit
2026-09-09T04:50+02:00,A15,L,64.67,1,lane_closed
2026-09-09T04:50+02:00,A20,R,26.93,2,speedlimit
2026-09-09T04:50+02:00,A20,L,30.9,3,speedlimit
2026-09-09T04:50+02:00,A13,L,18.8,3,speedlimit
2026-09-09T04:50+02:00,A20,L,37.8,1,lane_closed
2026-09-09T04:50+02:00,A20,R,28.8,1,speedlimit
2026-09-09T04:50+02:00,A4,L,42.19,3,lane_closed
2026-09-09T04:50+02:00,A13,L,18.8,1,speedlimit
2026-09-09T04:50+02:00,A4,h,46.4,2,speedlimit
2026-09-09T04:50+02:00,A13,R,16.2,2,speedlimit
2026-09-09T04:50+02:00,A20,L,31.4,3,speedlimit
2026-09-09T04:50+02:00,A20,L,30.196,4,speedlimit
2026-09-09T04:50+02:00,A13,R,18.2,2,speedlimit
2026-09-09T04:50+02:00,A13,L,17.8,1,speedlimit
2026-09-09T04:50+02:00,A20,R,29.8,1,speedlimit
2026-09-09T04:50+02:00,A20,R,31.26,2,speedlimit
2026-09-09T04:50+02:00,A20,R,31.26,3,speedlimit
2026-09-09T04:50+02:00,A4,L,41.6,3,lane_closed
2026-09-09T04:50+02:00,A20,R,26.64,3,speedlimit
2026-09-09T04:50+02:00,A20,R,26.64,4,speedlimit
2026-09-09T04:50+02:00,A20,R,26.4,1,speedlimit
2026-09-09T04:50+02:00,A13,R,17.1,1,speedlimit
2026-09-09T04:50+02:00,A20,R,29.5,3,speedlimit
2026-09-09T04:50+02:00,A13,L,13.7,4,lane_closed
2026-09-09T04:50+02:00,A15,L,63.56,2,speedlimit
2026-09-09T04:50+02:00,A13,L,14.2,4,lane_closed
2026-09-09T04:50+02:00,A4,h,46.4,1,speedlimit
2026-09-09T04:50+02:00,A20,t,29.6,1,speedlimit
2026-09-09T04:50+02:00,A15,L,65.685,4,speedlimit
2026-09-09T04:50+02:00,A20,R,29.8,4,speedlimit
2026-09-09T04:50+02:00,A13,R,18.7,2,speedlimit
2026-09-09T04:50+02:00,A20,R,27.488,1,speedlimit
2026-09-09T04:50+02:00,A20,R,29.5,2,speedlimit
2026-09-09T04:50+02:00,A20,L,27.2,2,speedlimit
2026-09-09T04:50+02:00,A13,R,18.963,1,speedlimit
2026-09-09T04:50+02:00,A13,L,17.1,1,speedlimit
2026-09-09T04:50+02:00,A20,L,31.88,3,speedlimit
2026-09-09T04:50+02:00,A13,L,17.1,4,speedlimit
2026-09-09T04:50+02:00,A4,L,42.775,4,lane_closed
2026-09-09T04:50+02:00,A13,R,16.655,2,speedlimit
2026-09-09T04:50+02:00,A13,L,15.55,5,lane_closed
2026-09-09T04:50+02:00,A20,L,32.8,3,speedlimit
2026-09-09T04:50+02:00,A20,R,30.196,1,speedlimit
2026-09-09T04:50+02:00,A20,L,29.826,4,speedlimit
2026-09-09T04:50+02:00,A20,s,29.6,1,speedlimit
2026-09-09T04:50+02:00,A20,L,28.57,2,speedlimit
2026-09-09T04:50+02:00,A20,R,30.6,2,speedlimit
2026-09-09T04:50+02:00,A15,L,65.25,3,speedlimit
2026-09-09T04:50+02:00,A13,L,17.1,2,speedlimit
2026-09-09T04:50+02:00,A20,L,28.57,3,speedlimit
2026-09-09T04:50+02:00,A15,L,64.67,3,speedlimit
2026-09-09T04:50+02:00,A20,R,26.4,4,speedlimit
2026-09-09T04:50+02:00,A20,R,30.196,2,speedlimit
2026-09-09T04:50+02:00,A13,R,17.8,3,speedlimit
2026-09-09T04:50+02:00,A4,L,43.18,3,speedlimit
2026-09-09T04:50+02:00,A15,n,95.855,2,speedlimit
2026-09-09T06:48+02:00,A16,L,33.125,1,speedlimit
2026-09-09T06:48+02:00,A15,L,38.36,2,speedlimit
2026-09-09T06:48+02:00,A13,L,16.7,1,speedlimit
2026-09-09T06:48+02:00,A4,R,54.927,3,speedlimit
2026-09-09T06:48+02:00,A16,L,51.84,2,speedlimit
2026-09-09T06:48+02:00,A15,L,81.71,1,speedlimit
2026-09-09T06:48+02:00,A20,R,40.2,3,speedlimit
2026-09-09T06:48+02:00,A4,n,73.284,2,speedlimit
2026-09-09T06:48+02:00,A16,R,17.036,4,speedlimit
2026-09-09T06:48+02:00,A15,L,35.19,1,speedlimit
2026-09-09T06:48+02:00,A16,L,53.2,2,speedlimit
2026-09-09T06:48+02:00,A15,L,37.389,1,speedlimit
2026-09-09T06:48+02:00,A16,x,18.9,3,speedlimit
2026-09-09T06:48+02:00,A15,L,79.42,1,speedlimit
2026-09-09T06:48+02:00,A15,L,76.31,1,speedlimit
2026-09-09T06:48+02:00,A15,L,75.375,4,speedlimit
2026-09-09T06:48+02:00,A15,L,36.658,2,speedlimit
2026-09-09T06:48+02:00,A16,R,17.463,4,speedlimit
2026-09-09T06:48+02:00,A4,L,36.73,3,speedlimit
2026-09-09T06:48+02:00,A16,n,34.44,2,speedlimit
2026-09-09T06:48+02:00,A4,n,12.498,2,speedlimit
2026-09-09T06:48+02:00,A4,L,37.53,5,speedlimit
2026-09-09T06:48+02:00,A4,m,7.8,2,speedlimit
2026-09-09T06:48+02:00,A4,L,44.62,1,speedlimit
2026-09-09T06:48+02:00,A20,L,30.196,2,speedlimit
2026-09-09T06:48+02:00,A15,R,86.7,2,speedlimit
2026-09-09T06:48+02:00,A4,n,12.498,1,speedlimit
2026-09-09T06:48+02:00,A13,R,16.655,1,speedlimit
2026-09-09T06:48+02:00,A4,n,73.156,1,speedlimit
2026-09-09T06:48+02:00,A4,L,74.404,5,speedlimit
2026-09-09T06:48+02:00,A13,R,17.1,2,speedlimit
2026-09-09T06:48+02:00,A4,n,34.29,2,speedlimit
2026-09-09T06:48+02:00,A4,L,36.23,2,speedlimit
2026-09-09T06:48+02:00,A4,n,12.975,2,speedlimit
2026-09-09T06:48+02:00,A4,m,7.0,2,speedlimit
2026-09-09T06:48+02:00,A4,R,47.51,4,speedlimit
2026-09-09T06:48+02:00,A16,n,33.784,1,speedlimit
2026-09-09T06:48+02:00,A4,m,7.0,1,speedlimit
2026-09-09T06:48+02:00,A4,R,46.35,1,speedlimit
2026-09-09T06:48+02:00,A4,L,42.19,4,speedlimit
2026-09-09T06:48+02:00,A4,n,73.006,2,speedlimit
2026-09-09T06:48+02:00,A16,x,18.9,1,speedlimit
2026-09-09T06:48+02:00,A15,L,80.6,2,speedlimit
2026-09-09T06:48+02:00,A15,L,43.46,2,speedlimit
2026-09-09T06:48+02:00,A15,L,74.625,2,speedlimit
2026-09-09T06:48+02:00,A15,L,81.27,2,speedlimit
2026-09-09T06:48+02:00,A4,L,74.404,2,speedlimit
2026-09-09T06:48+02:00,A16,L,50.38,1,speedlimit
2026-09-09T06:48+02:00,A15,R,83.55,3,speedlimit
2026-09-09T06:48+02:00,A16,L,53.73,2,speedlimit
2026-09-09T06:48+02:00,A4,m,5.64,3,speedlimit
2026-09-09T06:48+02:00,A15,L,44.56,2,speedlimit
2026-09-09T06:48+02:00,A15,L,77.045,4,speedlimit
2026-09-09T06:48+02:00,A15,L,37.199,3,speedlimit
2026-09-09T06:48+02:00,A4,L,45.75,2,speedlimit
2026-09-09T06:48+02:00,A4,L,36.36,4,speedlimit
2026-09-09T06:48+02:00,A4,n,13.25,3,speedlimit
2026-09-09T06:48+02:00,A4,R,54.487,2,speedlimit
2026-09-09T06:48+02:00,A20,R,34.684,2,speedlimit
2026-09-09T06:48+02:00,A13,R,18.5,1,speedlimit
2026-09-09T06:48+02:00,A16,R,20.5,3,lane_closed
2026-09-09T06:48+02:00,A20,R,34.684,3,speedlimit
2026-09-09T06:48+02:00,A4,L,49.37,1,speedlimit
2026-09-09T06:48+02:00,A16,R,19.862,1,speedlimit
2026-09-09T06:48+02:00,A20,L,29.5,2,speedlimit
2026-09-09T06:48+02:00,A15,L,74.275,3,speedlimit
2026-09-09T06:48+02:00,A4,L,37.53,3,speedlimit
2026-09-09T06:48+02:00,A4,n,73.544,2,speedlimit
2026-09-09T06:48+02:00,A16,R,15.73,2,speedlimit
2026-09-09T06:48+02:00,A16,R,16.3,1,speedlimit
2026-09-09T06:48+02:00,A4,L,46.55,2,speedlimit
2026-09-09T06:48+02:00,A4,n,74.204,2,speedlimit
2026-09-09T06:48+02:00,A15,L,37.199,1,speedlimit
2026-09-09T06:48+02:00,A13,R,18.5,4,speedlimit
2026-09-09T06:48+02:00,A4,R,48.79,1,speedlimit
2026-09-09T06:48+02:00,A16,L,48.875,2,speedlimit
2026-09-09T06:48+02:00,A4,L,46.55,4,speedlimit
2026-09-09T06:48+02:00,A4,m,7.3,1,speedlimit
2026-09-09T06:48+02:00,A20,R,42.485,2,speedlimit
2026-09-09T06:48+02:00,A4,R,48.24,1,speedlimit
2026-09-09T06:48+02:00,A13,R,18.2,3,speedlimit
2026-09-09T06:48+02:00,A20,R,28.1,1,speedlimit
2026-09-09T06:48+02:00,A20,R,30.196,3,speedlimit
2026-09-09T06:48+02:00,A15,L,80.94,1,speedlimit
2026-09-09T06:48+02:00,A15,L,89.53,2,speedlimit
2026-09-09T06:48+02:00,A16,n,33.904,2,speedlimit
2026-09-09T06:48+02:00,A20,L,36.94,1,lane_closed
2026-09-09T06:48+02:00,A16,R,17.463,2,speedlimit
2026-09-09T06:48+02:00,A15,L,36.999,3,speedlimit
2026-09-09T06:48+02:00,A4,L,74.737,3,speedlimit
2026-09-09T06:48+02:00,A15,L,76.745,2,speedlimit
2026-09-09T06:48+02:00,A4,m,8.15,3,speedlimit
2026-09-09T06:48+02:00,A16,L,46.935,2,speedlimit
2026-09-09T06:48+02:00,A15,n,95.855,3,speedlimit
2026-09-09T06:48+02:00,A15,L,75.075,1,speedlimit
2026-09-09T06:48+02:00,A4,L,50.798,3,speedlimit
2026-09-09T06:48+02:00,A13,R,17.8,2,speedlimit
2026-09-09T06:48+02:00,A15,L,79.73,3,speedlimit
2026-09-09T06:48+02:00,A16,R,20.2,1,speedlimit
2026-09-09T06:48+02:00,A20,s,29.6,2,speedlimit
2026-09-09T06:48+02:00,A15,L,65.25,2,speedlimit
2026-09-09T06:48+02:00,A15,L,65.685,3,speedlimit
2026-09-09T06:48+02:00,A4,R,49.33,2,speedlimit
2026-09-09T06:48+02:00,A15,L,80.94,2,speedlimit
2026-09-09T06:48+02:00,A20,R,26.93,4,speedlimit
2026-09-09T06:48+02:00,A20,R,28.57,3,speedlimit
2026-09-09T06:48+02:00,A15,L,70.95,3,speedlimit
2026-09-09T06:48+02:00,A16,x,18.229,1,speedlimit
2026-09-09T06:48+02:00,A4,L,35.06,1,speedlimit
2026-09-09T06:48+02:00,A16,R,20.2,3,lane_closed
2026-09-09T06:48+02:00,A4,m,5.64,2,speedlimit
2026-09-09T06:48+02:00,A13,L,18.8,2,speedlimit
2026-09-09T06:48+02:00,A4,R,54.927,2,speedlimit
2026-09-09T06:48+02:00,A20,R,27.235,1,speedlimit
2026-09-09T06:48+02:00,A20,L,28.41,2,speedlimit
2026-09-09T06:48+02:00,A4,n,13.25,2,speedlimit
2026-09-09T06:48+02:00,A4,R,47.51,3,speedlimit
2026-09-09T06:48+02:00,A4,R,46.65,3,speedlimit
2026-09-09T06:48+02:00,A15,L,82.1,2,speedlimit
2026-09-09T06:48+02:00,A20,R,27.79,2,speedlimit
2026-09-09T06:48+02:00,A15,L,38.71,3,speedlimit
2026-09-09T06:48+02:00,A15,L,89.53,1,speedlimit
2026-09-09T06:48+02:00,A13,R,18.5,3,speedlimit
2026-09-09T06:48+02:00,A20,R,28.57,4,speedlimit
2026-09-09T06:48+02:00,A20,R,31.26,4,speedlimit
2026-09-09T06:48+02:00,A20,L,29.826,2,speedlimit
2026-09-09T06:48+02:00,A4,n,73.746,2,speedlimit
2026-09-09T06:48+02:00,A20,L,35.925,1,lane_closed
2026-09-09T06:48+02:00,A16,L,45.805,1,speedlimit
2026-09-09T06:48+02:00,A16,n,33.61,1,speedlimit
2026-09-09T06:48+02:00,A20,L,28.57,1,speedlimit
2026-09-09T06:48+02:00,A20,R,34.684,1,speedlimit
2026-09-09T06:48+02:00,A4,R,47.822,4,speedlimit
2026-09-09T06:48+02:00,A15,R,83.55,2,speedlimit
2026-09-09T06:48+02:00,A16,n,33.354,2,speedlimit
2026-09-09T06:48+02:00,A4,L,48.79,2,speedlimit
2026-09-09T06:48+02:00,A20,R,29.5,4,speedlimit
2026-09-09T06:48+02:00,A4,L,49.84,1,speedlimit
2026-09-09T06:48+02:00,A4,n,72.881,2,speedlimit
2026-09-09T06:48+02:00,A15,L,73.755,1,speedlimit
2026-09-09T06:48+02:00,A15,L,80.1,3,speedlimit
2026-09-09T06:48+02:00,A4,m,6.901,1,speedlimit
2026-09-09T06:48+02:00,A16,L,48.875,3,speedlimit
2026-09-09T06:48+02:00,A16,R,16.3,3,speedlimit
2026-09-09T06:48+02:00,A20,R,28.1,2,speedlimit
2026-09-09T06:48+02:00,A20,R,26.64,1,speedlimit
2026-09-09T06:48+02:00,A4,n,74.204,1,speedlimit
2026-09-09T06:48+02:00,A15,L,64.2,2,speedlimit
2026-09-09T06:48+02:00,A15,L,38.99,1,speedlimit
2026-09-09T06:48+02:00,A4,L,46.27,2,speedlimit
2026-09-09T06:48+02:00,A4,L,50.798,4,speedlimit
2026-09-09T06:48+02:00,A15,L,87.05,2,speedlimit
2026-09-09T06:48+02:00,A15,L,74.085,3,speedlimit
2026-09-09T06:48+02:00,A4,L,41.6,4,speedlimit
2026-09-09T06:48+02:00,A16,L,53.73,1,speedlimit
2026-09-09T06:48+02:00,A16,x,17.813,1,speedlimit
2026-09-09T06:48+02:00,A20,L,32.8,2,speedlimit
2026-09-09T06:48+02:00,A4,L,36.23,1,speedlimit
2026-09-09T06:48+02:00,A15,L,65.25,4,speedlimit
2026-09-09T06:48+02:00,A4,L,36.73,4,speedlimit
2026-09-09T06:48+02:00,A13,L,17.1,3,speedlimit
2026-09-09T06:48+02:00,A4,R,46.65,2,speedlimit
2026-09-09T06:48+02:00,A15,L,90.05,2,speedlimit
2026-09-09T06:48+02:00,A20,R,42.0,1,speedlimit
2026-09-09T06:48+02:00,A4,L,45.28,1,speedlimit
2026-09-09T06:48+02:00,A15,L,38.71,4,speedlimit
2026-09-09T06:48+02:00,A15,L,90.64,2,speedlimit
2026-09-09T06:48+02:00,A20,L,36.625,1,lane_closed
2026-09-09T06:48+02:00,A4,L,36.73,2,speedlimit
2026-09-09T06:48+02:00,A15,L,43.46,4,speedlimit
2026-09-09T06:48+02:00,A15,R,84.01,3,speedlimit
2026-09-09T06:48+02:00,A4,L,46.55,1,speedlimit
2026-09-09T06:48+02:00,A4,L,46.55,3,speedlimit
2026-09-09T06:48+02:00,A15,L,36.898,3,speedlimit
2026-09-09T06:48+02:00,A20,L,27.488,1,speedlimit
2026-09-09T06:48+02:00,A16,n,34.018,1,speedlimit
2026-09-09T06:48+02:00,A16,L,33.354,2,speedlimit
2026-09-09T06:48+02:00,A4,R,47.822,3,lane_closed_ahead
2026-09-09T06:48+02:00,A15,L,38.01,2,speedlimit
2026-09-09T06:48+02:00,A20,L,27.2,1,speedlimit
2026-09-09T06:48+02:00,A4,h,46.06,2,speedlimit
2026-09-09T06:48+02:00,A20,L,27.8,2,speedlimit
2026-09-09T06:48+02:00,A16,n,33.61,2,speedlimit
2026-09-09T06:48+02:00,A15,L,37.098,2,speedlimit
2026-09-09T06:48+02:00,A16,L,33.125,4,speedlimit
2026-09-09T06:48+02:00,A15,L,71.42,4,speedlimit
2026-09-09T06:48+02:00,A4,R,47.51,1,speedlimit
2026-09-09T06:48+02:00,A13,L,18.2,3,speedlimit
2026-09-09T06:48+02:00,A15,L,37.61,2,speedlimit
2026-09-09T06:48+02:00,A15,L,36.138,3,speedlimit
2026-09-09T06:48+02:00,A16,L,31.425,4,speedlimit
2026-09-09T06:48+02:00,A15,L,79.73,2,speedlimit
2026-09-09T06:48+02:00,A4,L,74.737,2,speedlimit
2026-09-09T06:48+02:00,A4,n,33.79,1,speedlimit
2026-09-09T06:48+02:00,A16,L,54.2,1,speedlimit
2026-09-09T06:48+02:00,A4,n,33.79,2,speedlimit
2026-09-09T06:48+02:00,A15,L,40.65,2,speedlimit
2026-09-09T06:48+02:00,A16,L,48.54,1,speedlimit
2026-09-09T06:48+02:00,A16,L,51.84,1,speedlimit
2026-09-09T06:48+02:00,A20,L,31.88,1,speedlimit
2026-09-09T06:48+02:00,A16,L,51.84,3,speedlimit
2026-09-09T06:48+02:00,A15,L,73.92,2,speedlimit
2026-09-09T06:48+02:00,A4,L,33.79,2,speedlimit
2026-09-09T06:48+02:00,A15,L,35.64,2,speedlimit
2026-09-09T06:48+02:00,A15,f,39.874,1,speedlimit
2026-09-09T06:48+02:00,A15,L,37.5,1,speedlimit
2026-09-09T06:48+02:00,A4,L,34.29,1,speedlimit
2026-09-09T06:48+02:00,A13,L,16.7,2,speedlimit
2026-09-09T06:48+02:00,A4,n,73.284,1,speedlimit
2026-09-09T06:48+02:00,A15,L,38.01,1,speedlimit
2026-09-09T06:48+02:00,A20,L,30.9,2,speedlimit
2026-09-09T06:48+02:00,A16,n,34.225,1,speedlimit
2026-09-09T06:48+02:00,A15,L,73.92,3,speedlimit
2026-09-09T06:48+02:00,A16,L,48.54,3,speedlimit
2026-09-09T06:48+02:00,A4,n,72.881,1,speedlimit
2026-09-09T06:48+02:00,A4,R,48.79,2,speedlimit
2026-09-09T06:48+02:00,A15,R,85.78,2,speedlimit
2026-09-09T06:48+02:00,A20,L,28.085,1,speedlimit
2026-09-09T06:48+02:00,A16,x,18.229,2,speedlimit
2026-09-09T06:48+02:00,A4,m,8.15,1,speedlimit
2026-09-09T06:48+02:00,A20,s,35.6,1,speedlimit
2026-09-09T06:48+02:00,A15,L,71.9,2,speedlimit
2026-09-09T06:48+02:00,A4,m,48.79,2,speedlimit
2026-09-09T06:48+02:00,A4,R,55.935,1,speedlimit
2026-09-09T06:48+02:00,A15,L,37.8,2,speedlimit
2026-09-09T06:48+02:00,A4,R,54.487,3,speedlimit
2026-09-09T06:48+02:00,A15,L,37.098,3,speedlimit
2026-09-09T06:48+02:00,A16,L,33.354,1,speedlimit
2026-09-09T06:48+02:00,A15,L,80.6,1,speedlimit
2026-09-09T06:48+02:00,A20,R,30.6,1,speedlimit
2026-09-09T06:48+02:00,A13,R,17.1,3,speedlimit
2026-09-09T06:48+02:00,A15,L,36.418,3,speedlimit
2026-09-09T06:48+02:00,A4,L,44.01,3,speedlimit
2026-09-09T06:48+02:00,A16,L,51.08,3,speedlimit
2026-09-09T06:48+02:00,A15,L,36.778,2,speedlimit
2026-09-09T06:48+02:00,A20,R,26.93,3,speedlimit
2026-09-09T06:48+02:00,A16,R,17.463,1,speedlimit
2026-09-09T06:48+02:00,A15,L,36.898,2,speedlimit
2026-09-09T06:48+02:00,A20,L,31.4,1,speedlimit
2026-09-09T06:48+02:00,A15,L,90.05,1,speedlimit
2026-09-09T06:48+02:00,A16,R,17.036,5,speedlimit
2026-09-09T06:48+02:00,A16,R,18.924,1,speedlimit
2026-09-09T06:48+02:00,A4,m,6.6,2,speedlimit
2026-09-09T06:48+02:00,A15,L,37.61,1,speedlimit
2026-09-09T06:48+02:00,A4,L,74.404,1,speedlimit
2026-09-09T06:48+02:00,A4,m,7.3,2,speedlimit
2026-09-09T06:48+02:00,A15,L,40.65,1,speedlimit
2026-09-09T06:48+02:00,A4,n,73.414,1,speedlimit
2026-09-09T06:48+02:00,A4,m,7.2,1,speedlimit
2026-09-09T06:48+02:00,A20,L,31.1,2,speedlimit
2026-09-09T06:48+02:00,A16,R,19.3,2,speedlimit
2026-09-09T06:48+02:00,A13,g,18.7,2,speedlimit
2026-09-09T06:48+02:00,A4,L,46.27,1,speedlimit
2026-09-09T06:48+02:00,A15,L,65.685,2,speedlimit
2026-09-09T06:48+02:00,A15,L,88.65,1,speedlimit
2026-09-09T06:48+02:00,A4,L,40.7,4,speedlimit
2026-09-09T06:48+02:00,A20,L,31.4,2,speedlimit
2026-09-09T06:48+02:00,A4,L,49.84,3,speedlimit
2026-09-09T06:48+02:00,A15,L,86.7,2,speedlimit
2026-09-09T06:48+02:00,A4,m,6.37,1,speedlimit
2026-09-09T06:48+02:00,A16,L,14.32,1,speedlimit
2026-09-09T06:48+02:00,A15,L,71.42,3,speedlimit
2026-09-09T06:48+02:00,A15,L,75.375,2,speedlimit
2026-09-09T06:48+02:00,A16,L,48.875,1,speedlimit
2026-09-09T06:48+02:00,A15,L,74.625,1,speedlimit
2026-09-09T06:48+02:00,A4,R,54.927,1,speedlimit
2026-09-09T06:48+02:00,A4,n,12.15,1,speedlimit
2026-09-09T06:48+02:00,A13,L,15.9,3,lane_closed
2026-09-09T06:48+02:00,A15,L,75.375,1,speedlimit
2026-09-09T06:48+02:00,A20,R,43.32,2,speedlimit
2026-09-09T06:48+02:00,A15,L,77.045,1,speedlimit
2026-09-09T06:48+02:00,A16,L,32.843,4,speedlimit
2026-09-09T06:48+02:00,A4,R,47.822,1,speedlimit
2026-09-09T06:48+02:00,A15,L,44.56,3,speedlimit
2026-09-09T06:48+02:00,A13,R,16.2,1,speedlimit
2026-09-09T06:48+02:00,A4,L,34.29,2,speedlimit
2026-09-09T06:48+02:00,A15,L,76.745,3,speedlimit
2026-09-09T06:48+02:00,A15,L,71.9,3,speedlimit
2026-09-09T06:48+02:00,A13,R,18.5,2,speedlimit
2026-09-09T06:48+02:00,A4,L,74.737,4,speedlimit
2026-09-09T06:48+02:00,A15,L,37.8,3,speedlimit
2026-09-09T06:48+02:00,A20,L,30.196,1,speedlimit
2026-09-09T06:48+02:00,A16,R,19.862,2,speedlimit
2026-09-09T06:48+02:00,A15,L,73.59,3,speedlimit
2026-09-09T06:48+02:00,A4,L,44.01,2,speedlimit
2026-09-09T06:48+02:00,A15,L,38.36,3,speedlimit
2026-09-09T06:48+02:00,A20,R,34.684,4,speedlimit
2026-09-09T06:48+02:00,A20,R,27.79,1,speedlimit
2026-09-09T06:48+02:00,A20,r,35.245,1,speedlimit
2026-09-09T06:48+02:00,A16,L,51.08,2,speedlimit
2026-09-09T06:48+02:00,A20,L,29.826,1,speedlimit
2026-09-09T06:48+02:00,A16,L,45.805,2,speedlimit
2026-09-09T06:48+02:00,A16,L,31.425,2,speedlimit
2026-09-09T06:48+02:00,A15,R,84.475,1,speedlimit
2026-09-09T06:48+02:00,A4,m,7.4,1,speedlimit
2026-09-09T06:48+02:00,A4,n,73.414,2,speedlimit
2026-09-09T06:48+02:00,A4,R,55.08,1,speedlimit
2026-09-09T06:48+02:00,A20,u,36.23,2,speedlimit
2026-09-09T06:48+02:00,A15,L,38.36,1,speedlimit
2026-09-09T06:48+02:00,A20,R,28.41,2,speedlimit
2026-09-09T06:48+02:00,A16,m,38.1,2,speedlimit
2026-09-09T06:48+02:00,A20,R,43.9,1,speedlimit
2026-09-09T06:48+02:00,A15,R,84.01,2,speedlimit
2026-09-09T06:48+02:00,A16,L,32.843,2,speedlimit
2026-09-09T06:48+02:00,A16,n,34.13,1,speedlimit
2026-09-09T06:48+02:00,A20,R,29.1,1,speedlimit
2026-09-09T06:48+02:00,A16,L,31.425,1,speedlimit
2026-09-09T06:48+02:00,A16,L,48.54,2,speedlimit
2026-09-09T06:48+02:00,A13,R,17.8,1,speedlimit
2026-09-09T06:48+02:00,A20,R,28.41,1,speedlimit
2026-09-09T06:48+02:00,A4,n,33.18,2,speedlimit
2026-09-09T06:48+02:00,A20,R,31.9,2,speedlimit
2026-09-09T06:48+02:00,A15,L,80.1,2,speedlimit
2026-09-09T06:48+02:00,A15,L,35.19,2,speedlimit
2026-09-09T06:48+02:00,A15,L,75.86,1,speedlimit
2026-09-09T06:48+02:00,A20,L,31.1,3,speedlimit
2026-09-09T06:48+02:00,A15,L,40.22,3,speedlimit
2026-09-09T06:48+02:00,A15,L,43.95,3,speedlimit
2026-09-09T06:48+02:00,A16,L,49.78,1,speedlimit
2026-09-09T06:48+02:00,A15,L,35.89,2,speedlimit
2026-09-09T06:48+02:00,A4,L,36.73,1,speedlimit
2026-09-09T06:48+02:00,A20,R,27.488,2,speedlimit
2026-09-09T06:48+02:00,A20,t,28.895,1,speedlimit
2026-09-09T06:48+02:00,A20,L,32.8,1,speedlimit
2026-09-09T06:48+02:00,A16,R,21.0,1,speedlimit
2026-09-09T06:48+02:00,A4,L,74.737,5,speedlimit
2026-09-09T06:48+02:00,A15,L,37.298,1,speedlimit
2026-09-09T06:48+02:00,A15,L,35.64,1,speedlimit
2026-09-09T06:48+02:00,A4,L,45.75,3,speedlimit
2026-09-09T06:48+02:00,A20,R,28.8,2,speedlimit
2026-09-09T06:48+02:00,A4,n,73.006,1,speedlimit
2026-09-09T06:48+02:00,A16,x,19.3,2,speedlimit
2026-09-09T06:48+02:00,A15,L,35.89,1,speedlimit
2026-09-09T06:48+02:00,A4,L,49.37,3,speedlimit
2026-09-09T06:48+02:00,A15,L,43.95,2,speedlimit
2026-09-09T06:48+02:00,A16,R,16.3,2,speedlimit
2026-09-09T06:48+02:00,A16,R,19.3,3,speedlimit
2026-09-09T06:48+02:00,A15,R,86.3,1,speedlimit
2026-09-09T06:48+02:00,A20,L,31.1,1,speedlimit
2026-09-09T06:48+02:00,A13,L,16.19,3,lane_closed
2026-09-09T06:48+02:00,A13,L,15.035,5,lane_closed
2026-09-09T06:48+02:00,A15,L,79.42,3,speedlimit
2026-09-09T06:48+02:00,A4,R,49.33,3,lane_closed
2026-09-09T06:48+02:00,A4,m,5.64,1,speedlimit
2026-09-09T06:48+02:00,A4,L,45.28,3,speedlimit
2026-09-09T06:48+02:00,A20,L,27.8,1,speedlimit
2026-09-09T06:48+02:00,A16,L,53.73,3,speedlimit
2026-09-09T06:48+02:00,A4,n,12.498,3,speedlimit
2026-09-09T06:48+02:00,A16,L,53.2,1,speedlimit
2026-09-09T06:48+02:00,A16,L,14.32,2,speedlimit
2026-09-09T06:48+02:00,A4,n,12.15,4,speedlimit
2026-09-09T06:48+02:00,A4,R,54.487,1,speedlimit
2026-09-09T06:48+02:00,A15,L,88.02,2,speedlimit
2026-09-09T06:48+02:00,A20,R,29.1,2,speedlimit
2026-09-09T06:48+02:00,A16,L,31.425,5,speedlimit
2026-09-09T06:48+02:00,A13,g,18.7,1,speedlimit
2026-09-09T06:48+02:00,A4,L,46.27,3,speedlimit
2026-09-09T06:48+02:00,A15,L,74.625,3,speedlimit
2026-09-09T06:48+02:00,A20,u,36.23,1,speedlimit
2026-09-09T06:48+02:00,A20,R,28.57,2,speedlimit
2026-09-09T06:48+02:00,A20,R,40.985,2,speedlimit
2026-09-09T06:48+02:00,A4,L,44.62,2,speedlimit
2026-09-09T06:48+02:00,A20,R,26.64,2,speedlimit
2026-09-09T06:48+02:00,A4,L,41.6,1,speedlimit
2026-09-09T06:48+02:00,A15,L,64.2,3,speedlimit
2026-09-09T06:48+02:00,A20,R,43.9,2,speedlimit
2026-09-09T06:48+02:00,A20,L,29.1,1,speedlimit
2026-09-09T06:48+02:00,A16,R,21.0,3,lane_closed
2026-09-09T06:48+02:00,A4,n,12.15,2,speedlimit
2026-09-09T06:48+02:00,A13,L,18.2,1,speedlimit
2026-09-09T06:48+02:00,A15,L,37.098,1,speedlimit
2026-09-09T06:48+02:00,A15,L,87.4,2,speedlimit
2026-09-09T06:48+02:00,A15,L,64.67,2,speedlimit
2026-09-09T06:48+02:00,A13,L,12.7,4,lane_closed
2026-09-09T06:48+02:00,A20,L,31.88,2,speedlimit
2026-09-09T06:48+02:00,A16,L,49.78,3,speedlimit
2026-09-09T06:48+02:00,A16,R,20.5,2,speedlimit
2026-09-09T06:48+02:00,A20,L,28.085,2,speedlimit
2026-09-09T06:48+02:00,A15,L,43.46,3,speedlimit
2026-09-09T06:48+02:00,A15,L,38.71,2,speedlimit
2026-09-09T06:48+02:00,A16,L,15.16,2,speedlimit
2026-09-09T06:48+02:00,A16,R,17.036,1,speedlimit
2026-09-09T06:48+02:00,A20,R,30.6,3,speedlimit
2026-09-09T06:48+02:00,A4,R,55.08,4,speedlimit
2026-09-09T06:48+02:00,A20,L,35.52,1,lane_closed
2026-09-09T06:48+02:00,A15,L,73.59,2,speedlimit
2026-09-09T06:48+02:00,A20,R,43.32,1,speedlimit
2026-09-09T06:48+02:00,A4,R,48.79,3,lane_closed
2026-09-09T06:48+02:00,A4,L,48.79,1,speedlimit
2026-09-09T06:48+02:00,A20,R,29.8,2,speedlimit
2026-09-09T06:48+02:00,A15,L,64.2,1,lane_closed
2026-09-09T06:48+02:00,A20,R,27.235,2,speedlimit
2026-09-09T06:48+02:00,A20,L,37.3,1,lane_closed
2026-09-09T06:48+02:00,A15,L,77.045,3,speedlimit
2026-09-09T06:48+02:00,A13,R,18.2,1,speedlimit
2026-09-09T06:48+02:00,A15,L,80.1,1,speedlimit
2026-09-09T06:48+02:00,A4,n,73.954,2,speedlimit
2026-09-09T06:48+02:00,A15,L,75.86,2,speedlimit
2026-09-09T06:48+02:00,A16,L,32.843,1,speedlimit
2026-09-09T06:48+02:00,A20,R,40.2,1,speedlimit
2026-09-09T06:48+02:00,A15,L,65.25,1,lane_closed_ahead
2026-09-09T06:48+02:00,A4,L,36.36,3,speedlimit
2026-09-09T06:48+02:00,A15,L,76.745,1,speedlimit
2026-09-09T06:48+02:00,A15,e,95.55,1,speedlimit
2026-09-09T06:48+02:00,A15,y,44.56,1,speedlimit
2026-09-09T06:48+02:00,A13,e,19.1,1,speedlimit
2026-09-09T06:48+02:00,A15,L,44.56,1,speedlimit
2026-09-09T06:48+02:00,A4,n,34.6,2,speedlimit
2026-09-09T06:48+02:00,A4,R,47.822,2,speedlimit
2026-09-09T06:48+02:00,A16,L,14.46,1,speedlimit
2026-09-09T06:48+02:00,A16,L,33.125,2,speedlimit
2026-09-09T06:48+02:00,A15,L,75.86,3,speedlimit
2026-09-09T06:48+02:00,A16,n,34.335,2,speedlimit
2026-09-09T06:48+02:00,A4,m,6.901,2,speedlimit
2026-09-09T06:48+02:00,A13,L,17.8,3,speedlimit
2026-09-09T06:48+02:00,A4,L,51.458,2,speedlimit
2026-09-09T06:48+02:00,A4,L,41.6,2,speedlimit
2026-09-09T06:48+02:00,A15,L,88.65,2,speedlimit
2026-09-09T06:48+02:00,A4,m,7.8,1,speedlimit
2026-09-09T06:48+02:00,A20,R,31.26,1,speedlimit
2026-09-09T06:48+02:00,A16,x,18.543,2,speedlimit
2026-09-09T06:48+02:00,A20,u,35.09,1,speedlimit
2026-09-09T06:48+02:00,A16,x,17.813,2,speedlimit
2026-09-09T06:48+02:00,A15,L,36.999,2,speedlimit
2026-09-09T06:48+02:00,A4,n,12.15,3,speedlimit
2026-09-09T06:48+02:00,A15,L,36.418,1,speedlimit
2026-09-09T06:48+02:00,A20,R,42.0,2,speedlimit
2026-09-09T06:48+02:00,A20,R,40.985,3,speedlimit
2026-09-09T06:48+02:00,A16,L,31.425,3,speedlimit
2026-09-09T06:48+02:00,A15,L,36.778,1,speedlimit
2026-09-09T06:48+02:00,A15,L,75.075,3,speedlimit
2026-09-09T06:48+02:00,A15,L,43.95,1,speedlimit
2026-09-09T06:48+02:00,A20,R,41.6,3,speedlimit
2026-09-09T06:48+02:00,A4,m,8.15,2,speedlimit
2026-09-09T06:48+02:00,A15,L,70.95,1,speedlimit
2026-09-09T06:48+02:00,A15,L,36.138,4,speedlimit
2026-09-09T06:48+02:00,A20,L,29.826,3,speedlimit
2026-09-09T06:48+02:00,A4,L,42.19,2,speedlimit
2026-09-09T06:48+02:00,A15,L,89.03,1,speedlimit
2026-09-09T06:48+02:00,A15,L,34.78,2,speedlimit
2026-09-09T06:48+02:00,A4,h,45.58,3,lane_closed
2026-09-09T06:48+02:00,A16,R,19.3,1,speedlimit
2026-09-09T06:48+02:00,A4,L,36.23,3,speedlimit
2026-09-09T06:48+02:00,A16,x,18.9,4,speedlimit
2026-09-09T06:48+02:00,A20,L,29.5,1,speedlimit
2026-09-09T06:48+02:00,A20,R,28.8,3,speedlimit
2026-09-09T06:48+02:00,A20,R,29.5,1,speedlimit
2026-09-09T06:48+02:00,A4,n,13.25,1,speedlimit
2026-09-09T06:48+02:00,A20,R,41.6,1,speedlimit
2026-09-09T06:48+02:00,A15,L,87.4,1,speedlimit
2026-09-09T06:48+02:00,A16,R,20.2,2,speedlimit
2026-09-09T06:48+02:00,A16,R,17.759,1,speedlimit
2026-09-09T06:48+02:00,A15,L,36.778,3,speedlimit
2026-09-09T06:48+02:00,A15,L,81.71,2,speedlimit
2026-09-09T06:48+02:00,A13,L,11.25,4,lane_closed
2026-09-09T06:48+02:00,A20,R,40.985,1,speedlimit
2026-09-09T06:48+02:00,A20,L,30.9,1,speedlimit
2026-09-09T06:48+02:00,A16,L,51.08,1,speedlimit
2026-09-09T06:48+02:00,A4,L,74.737,1,speedlimit
2026-09-09T06:48+02:00,A20,u,35.09,2,speedlimit
2026-09-09T06:48+02:00,A15,L,38.99,2,speedlimit
2026-09-09T06:48+02:00,A15,L,36.658,1,speedlimit
2026-09-09T06:48+02:00,A16,R,16.6,3,speedlimit
2026-09-09T06:48+02:00,A13,R,18.2,4,speedlimit
2026-09-09T06:48+02:00,A16,L,32.843,3,speedlimit
2026-09-09T06:48+02:00,A16,L,33.125,3,speedlimit
2026-09-09T06:48+02:00,A15,L,37.5,3,speedlimit
2026-09-09T06:48+02:00,A4,L,45.75,1,speedlimit
2026-09-09T06:48+02:00,A13,R,18.7,1,speedlimit
2026-09-09T06:48+02:00,A15,L,64.67,5,speedlimit
2026-09-09T06:48+02:00,A16,L,54.2,3,speedlimit
2026-09-09T06:48+02:00,A4,L,50.798,2,speedlimit
2026-09-09T06:48+02:00,A15,n,95.855,1,speedlimit
2026-09-09T06:48+02:00,A15,R,84.01,1,speedlimit
2026-09-09T06:48+02:00,A20,c,27.488,1,speedlimit
2026-09-09T06:48+02:00,A20,R,31.9,3,speedlimit
2026-09-09T06:48+02:00,A15,R,84.475,2,speedlimit
2026-09-09T06:48+02:00,A15,R,83.1,3,speedlimit
2026-09-09T06:48+02:00,A16,x,18.9,2,speedlimit
2026-09-09T06:48+02:00,A13,R,16.655,3,speedlimit
2026-09-09T06:48+02:00,A15,L,37.298,3,speedlimit
2026-09-09T06:48+02:00,A4,m,48.79,1,speedlimit
2026-09-09T06:48+02:00,A16,R,18.229,1,speedlimit
2026-09-09T06:48+02:00,A4,L,50.253,3,speedlimit
2026-09-09T06:48+02:00,A15,L,74.275,1,speedlimit
2026-09-09T06:48+02:00,A15,L,82.1,1,speedlimit
2026-09-09T06:48+02:00,A20,L,29.1,2,speedlimit
2026-09-09T06:48+02:00,A15,L,63.56,1,lane_closed
2026-09-09T06:48+02:00,A4,n,34.6,3,speedlimit
2026-09-09T06:48+02:00,A4,n,13.25,4,speedlimit
2026-09-09T06:48+02:00,A20,R,29.8,3,speedlimit
2026-09-09T06:48+02:00,A13,L,18.2,2,speedlimit
2026-09-09T06:48+02:00,A20,R,26.4,3,speedlimit
2026-09-09T06:48+02:00,A16,L,46.935,1,speedlimit
2026-09-09T06:48+02:00,A20,u,35.71,2,speedlimit
2026-09-09T06:48+02:00,A16,R,16.6,1,speedlimit
2026-09-09T06:48+02:00,A4,L,50.253,2,speedlimit
2026-09-09T06:48+02:00,A20,R,26.93,1,speedlimit
2026-09-09T06:48+02:00,A4,n,34.29,1,speedlimit
2026-09-09T06:48+02:00,A16,R,17.759,3,speedlimit
2026-09-09T06:48+02:00,A16,n,33.784,2,speedlimit
2026-09-09T06:48+02:00,A15,L,80.6,3,speedlimit
2026-09-09T06:48+02:00,A20,R,26.4,2,speedlimit
2026-09-09T06:48+02:00,A4,m,7.2,2,speedlimit
2026-09-09T06:48+02:00,A4,L,33.79,1,speedlimit
2026-09-09T06:48+02:00,A16,n,34.018,2,speedlimit
2026-09-09T06:48+02:00,A16,L,45.805,3,speedlimit
2026-09-09T06:48+02:00,A15,L,63.56,3,speedlimit
2026-09-09T06:48+02:00,A20,L,27.488,2,speedlimit
2026-09-09T06:48+02:00,A20,L,30.196,3,speedlimit
2026-09-09T06:48+02:00,A4,L,50.798,1,speedlimit
2026-09-09T06:48+02:00,A4,h,46.06,1,speedlimit
2026-09-09T06:48+02:00,A4,L,42.19,1,speedlimit
2026-09-09T06:48+02:00,A4,n,73.746,1,speedlimit
2026-09-09T06:48+02:00,A20,L,28.41,1,speedlimit
2026-09-09T06:48+02:00,A13,L,13.18,4,lane_closed
2026-09-09T06:48+02:00,A15,L,38.01,3,speedlimit
2026-09-09T06:48+02:00,A13,L,17.8,2,speedlimit
2026-09-09T06:48+02:00,A16,R,17.036,2,speedlimit
2026-09-09T06:48+02:00,A15,L,36.418,2,speedlimit
2026-09-09T06:48+02:00,A16,L,46.935,3,speedlimit
2026-09-09T06:48+02:00,A20,R,28.57,1,speedlimit
2026-09-09T06:48+02:00,A20,R,30.196,4,speedlimit
2026-09-09T06:48+02:00,A15,L,76.31,3,speedlimit
2026-09-09T06:48+02:00,A4,L,51.458,3,speedlimit
2026-09-09T06:48+02:00,A15,f,39.874,2,speedlimit
2026-09-09T06:48+02:00,A16,L,15.16,1,speedlimit
2026-09-09T06:48+02:00,A16,L,54.2,2,speedlimit
2026-09-09T06:48+02:00,A24,R,5.64,2,speedlimit
2026-09-09T06:48+02:00,A20,R,42.485,3,speedlimit
2026-09-09T06:48+02:00,A15,L,75.075,2,speedlimit
2026-09-09T06:48+02:00,A15,L,37.5,2,speedlimit
2026-09-09T06:48+02:00,A16,R,16.6,2,speedlimit
2026-09-09T06:48+02:00,A16,R,17.463,3,speedlimit
2026-09-09T06:48+02:00,A15,L,77.045,2,speedlimit
2026-09-09T06:48+02:00,A4,L,49.84,2,speedlimit
2026-09-09T06:48+02:00,A20,t,29.6,2,speedlimit
2026-09-09T06:48+02:00,A15,R,86.3,2,speedlimit
2026-09-09T06:48+02:00,A20,L,38.3,1,lane_closed_ahead
2026-09-09T06:48+02:00,A15,L,73.59,1,speedlimit
2026-09-09T06:48+02:00,A15,L,64.67,4,speedlimit
2026-09-09T06:48+02:00,A15,L,71.42,1,speedlimit
2026-09-09T06:48+02:00,A20,R,42.485,1,speedlimit
2026-09-09T06:48+02:00,A15,L,65.685,1,speedlimit
2026-09-09T06:48+02:00,A16,L,50.38,2,speedlimit
2026-09-09T06:48+02:00,A4,n,73.954,1,speedlimit
2026-09-09T06:48+02:00,A15,L,64.67,1,lane_closed
2026-09-09T06:48+02:00,A20,R,26.93,2,speedlimit
2026-09-09T06:48+02:00,A15,R,84.475,3,speedlimit
2026-09-09T06:48+02:00,A4,L,74.404,4,speedlimit
2026-09-09T06:48+02:00,A20,L,30.9,3,speedlimit
2026-09-09T06:48+02:00,A13,L,18.8,3,speedlimit
2026-09-09T06:48+02:00,A4,L,46.27,4,speedlimit
2026-09-09T06:48+02:00,A20,L,37.8,1,lane_closed
2026-09-09T06:48+02:00,A20,R,28.8,1,speedlimit
2026-09-09T06:48+02:00,A16,R,15.73,1,speedlimit
2026-09-09T06:48+02:00,A4,L,36.36,1,speedlimit
2026-09-09T06:48+02:00,A4,n,34.6,1,speedlimit
2026-09-09T06:48+02:00,A15,L,70.95,4,speedlimit
2026-09-09T06:48+02:00,A15,L,36.536,3,speedlimit
2026-09-09T06:48+02:00,A4,L,42.19,3,speedlimit
2026-09-09T06:48+02:00,A4,R,49.33,1,speedlimit
2026-09-09T06:48+02:00,A16,R,16.6,5,speedlimit
2026-09-09T06:48+02:00,A13,L,18.8,1,speedlimit
2026-09-09T06:48+02:00,A15,L,71.9,1,speedlimit
2026-09-09T06:48+02:00,A4,h,46.4,2,speedlimit
2026-09-09T06:48+02:00,A4,R,48.24,3,lane_closed
2026-09-09T06:48+02:00,A15,R,83.55,1,speedlimit
2026-09-09T06:48+02:00,A13,R,16.2,2,speedlimit
2026-09-09T06:48+02:00,A15,L,73.92,1,speedlimit
2026-09-09T06:48+02:00,A4,m,6.37,2,speedlimit
2026-09-09T06:48+02:00,A16,L,14.768,1,speedlimit
2026-09-09T06:48+02:00,A15,L,74.275,2,speedlimit
2026-09-09T06:48+02:00,A16,L,46.935,4,speedlimit
2026-09-09T06:48+02:00,A4,L,45.28,2,speedlimit
2026-09-09T06:48+02:00,A20,L,31.4,3,speedlimit
2026-09-09T06:48+02:00,A15,L,36.138,2,speedlimit
2026-09-09T06:48+02:00,A4,L,40.7,1,speedlimit
2026-09-09T06:48+02:00,A20,R,40.2,2,speedlimit
2026-09-09T06:48+02:00,A16,R,17.036,3,speedlimit
2026-09-09T06:48+02:00,A16,L,14.768,3,speedlimit
2026-09-09T06:48+02:00,A20,L,30.196,4,speedlimit
2026-09-09T06:48+02:00,A4,L,37.53,2,speedlimit
2026-09-09T06:48+02:00,A15,L,37.61,3,speedlimit
2026-09-09T06:48+02:00,A15,L,71.42,2,speedlimit
2026-09-09T06:48+02:00,A4,L,44.01,1,speedlimit
2026-09-09T06:48+02:00,A4,n,33.18,1,speedlimit
2026-09-09T06:48+02:00,A4,m,6.6,1,speedlimit
2026-09-09T06:48+02:00,A16,R,17.759,2,speedlimit
2026-09-09T06:48+02:00,A15,L,89.03,2,speedlimit
2026-09-09T06:48+02:00,A16,n,34.225,2,speedlimit
2026-09-09T06:48+02:00,A4,L,51.458,1,speedlimit
2026-09-09T06:48+02:00,A13,R,18.2,2,speedlimit
2026-09-09T06:48+02:00,A16,x,18.543,3,speedlimit
2026-09-09T06:48+02:00,A13,L,17.8,1,speedlimit
2026-09-09T06:48+02:00,A15,L,34.78,1,speedlimit
2026-09-09T06:48+02:00,A20,R,29.8,1,speedlimit
2026-09-09T06:48+02:00,A4,n,33.79,3,speedlimit
2026-09-09T06:48+02:00,A4,R,48.24,2,speedlimit
2026-09-09T06:48+02:00,A20,R,31.26,2,speedlimit
2026-09-09T06:48+02:00,A20,r,35.245,2,speedlimit
2026-09-09T06:48+02:00,A4,L,50.253,4,speedlimit
2026-09-09T06:48+02:00,A16,R,20.5,1,speedlimit
2026-09-09T06:48+02:00,A15,L,40.22,2,speedlimit
2026-09-09T06:48+02:00,A16,R,19.862,3,lane_closed_ahead
2026-09-09T06:48+02:00,A4,R,55.935,2,speedlimit
2026-09-09T06:48+02:00,A4,m,5.64,4,speedlimit
2026-09-09T06:48+02:00,A15,L,43.46,1,speedlimit
2026-09-09T06:48+02:00,A15,L,79.73,1,speedlimit
2026-09-09T06:48+02:00,A15,L,76.745,4,speedlimit
2026-09-09T06:48+02:00,A4,n,73.544,1,speedlimit
2026-09-09T06:48+02:00,A15,L,37.199,2,speedlimit
2026-09-09T06:48+02:00,A16,L,14.768,2,speedlimit
2026-09-09T06:48+02:00,A4,R,46.65,1,speedlimit
2026-09-09T06:48+02:00,A4,R,48.24,4,speedlimit
2026-09-09T06:48+02:00,A20,R,31.26,3,speedlimit
2026-09-09T06:48+02:00,A4,L,41.6,3,speedlimit
2026-09-09T06:48+02:00,A15,L,70.95,2,speedlimit
2026-09-09T06:48+02:00,A20,R,26.64,3,speedlimit
2026-09-09T06:48+02:00,A20,R,26.64,4,speedlimit
2026-09-09T06:48+02:00,A20,R,26.4,1,speedlimit
2026-09-09T06:48+02:00,A13,R,17.1,1,speedlimit
2026-09-09T06:48+02:00,A4,L,37.53,4,speedlimit
2026-09-09T06:48+02:00,A4,R,47.51,2,speedlimit
2026-09-09T06:48+02:00,A4,L,40.7,2,speedlimit
2026-09-09T06:48+02:00,A16,R,16.3,4,speedlimit
2026-09-09T06:48+02:00,A4,n,34.29,3,speedlimit
2026-09-09T06:48+02:00,A15,L,81.27,1,speedlimit
2026-09-09T06:48+02:00,A20,R,29.5,3,speedlimit
2026-09-09T06:48+02:00,A16,n,34.335,1,speedlimit
2026-09-09T06:48+02:00,A4,R,55.08,3,speedlimit
2026-09-09T06:48+02:00,A13,L,13.7,4,lane_closed
2026-09-09T06:48+02:00,A15,L,63.56,2,speedlimit
2026-09-09T06:48+02:00,A4,L,35.06,2,speedlimit
2026-09-09T06:48+02:00,A24,R,5.64,1,speedlimit
2026-09-09T06:48+02:00,A20,R,41.6,2,speedlimit
2026-09-09T06:48+02:00,A13,L,14.2,4,lane_closed
2026-09-09T06:48+02:00,A16,R,16.3,5,speedlimit
2026-09-09T06:48+02:00,A4,h,46.4,1,speedlimit
2026-09-09T06:48+02:00,A15,R,83.1,1,speedlimit
2026-09-09T06:48+02:00,A4,m,5.93,2,speedlimit
2026-09-09T06:48+02:00,A4,L,44.62,3,speedlimit
2026-09-09T06:48+02:00,A20,t,29.6,1,speedlimit
2026-09-09T06:48+02:00,A4,n,12.975,1,speedlimit
2026-09-09T06:48+02:00,A15,L,65.685,4,speedlimit
2026-09-09T06:48+02:00,A15,L,38.36,4,speedlimit
2026-09-09T06:48+02:00,A20,R,29.8,4,speedlimit
2026-09-09T06:48+02:00,A4,R,46.35,4,speedlimit
2026-09-09T06:48+02:00,A4,L,36.36,2,speedlimit
2026-09-09T06:48+02:00,A13,R,18.7,2,speedlimit
2026-09-09T06:48+02:00,A4,L,49.37,2,speedlimit
2026-09-09T06:48+02:00,A16,L,49.78,2,speedlimit
2026-09-09T06:48+02:00,A15,L,87.05,1,speedlimit
2026-09-09T06:48+02:00,A20,R,27.488,1,speedlimit
2026-09-09T06:48+02:00,A4,R,55.08,2,speedlimit
2026-09-09T06:48+02:00,A15,L,37.8,1,speedlimit
2026-09-09T06:48+02:00,A16,R,21.0,2,speedlimit
2026-09-09T06:48+02:00,A15,L,40.22,1,speedlimit
2026-09-09T06:48+02:00,A16,L,14.46,2,speedlimit
2026-09-09T06:48+02:00,A20,R,29.5,2,speedlimit
2026-09-09T06:48+02:00,A20,L,27.2,2,speedlimit
2026-09-09T06:48+02:00,A16,R,16.6,4,speedlimit
2026-09-09T06:48+02:00,A13,R,18.963,1,speedlimit
2026-09-09T06:48+02:00,A4,n,73.156,2,speedlimit
2026-09-09T06:48+02:00,A13,L,17.1,1,speedlimit
2026-09-09T06:48+02:00,A20,L,31.88,3,speedlimit
2026-09-09T06:48+02:00,A16,L,53.2,3,speedlimit
2026-09-09T06:48+02:00,A15,L,37.389,3,speedlimit
2026-09-09T06:48+02:00,A13,L,17.1,4,speedlimit
2026-09-09T06:48+02:00,A15,L,38.71,1,speedlimit
2026-09-09T06:48+02:00,A16,n,33.904,1,speedlimit
2026-09-09T06:48+02:00,A13,R,16.655,2,speedlimit
2026-09-09T06:48+02:00,A15,L,36.536,1,speedlimit
2026-09-09T06:48+02:00,A13,L,15.55,5,lane_closed
2026-09-09T06:48+02:00,A20,u,35.09,3,speedlimit
2026-09-09T06:48+02:00,A16,n,34.44,1,speedlimit
2026-09-09T06:48+02:00,A15,L,75.375,3,speedlimit
2026-09-09T06:48+02:00,A15,L,74.085,1,speedlimit
2026-09-09T06:48+02:00,A15,R,86.7,1,speedlimit
2026-09-09T06:48+02:00,A15,R,85.78,1,speedlimit
2026-09-09T06:48+02:00,A15,L,37.298,2,speedlimit
2026-09-09T06:48+02:00,A15,L,43.95,4,speedlimit
2026-09-09T06:48+02:00,A16,L,50.38,3,speedlimit
2026-09-09T06:48+02:00,A16,n,33.61,3,speedlimit
2026-09-09T06:48+02:00,A15,L,76.31,2,speedlimit
2026-09-09T06:48+02:00,A16,n,34.13,2,speedlimit
2026-09-09T06:48+02:00,A15,L,86.7,1,speedlimit
2026-09-09T06:48+02:00,A4,L,37.53,1,speedlimit
2026-09-09T06:48+02:00,A4,R,46.35,3,speedlimit
2026-09-09T06:48+02:00,A4,L,50.253,1,speedlimit
2026-09-09T06:48+02:00,A15,L,37.389,2,speedlimit
2026-09-09T06:48+02:00,A4,m,5.93,1,speedlimit
2026-09-09T06:48+02:00,A20,L,32.8,3,speedlimit
2026-09-09T06:48+02:00,A15,L,36.658,3,speedlimit
2026-09-09T06:48+02:00,A15,L,36.999,1,speedlimit
2026-09-09T06:48+02:00,A15,L,73.755,3,speedlimit
2026-09-09T06:48+02:00,A16,R,18.229,3,speedlimit
2026-09-09T06:48+02:00,A15,L,36.898,1,speedlimit
2026-09-09T06:48+02:00,A15,L,36.138,1,speedlimit
2026-09-09T06:48+02:00,A15,L,73.755,2,speedlimit
2026-09-09T06:48+02:00,A15,L,36.536,2,speedlimit
2026-09-09T06:48+02:00,A16,R,18.229,2,speedlimit
2026-09-09T06:48+02:00,A4,R,46.65,4,speedlimit
2026-09-09T06:48+02:00,A4,L,36.23,4,speedlimit
2026-09-09T06:48+02:00,A20,R,30.196,1,speedlimit
2026-09-09T06:48+02:00,A15,L,79.42,2,speedlimit
2026-09-09T06:48+02:00,A16,x,18.543,1,speedlimit
2026-09-09T06:48+02:00,A4,R,46.35,2,speedlimit
2026-09-09T06:48+02:00,A16,x,19.3,1,speedlimit
2026-09-09T06:48+02:00,A20,L,29.826,4,speedlimit
2026-09-09T06:48+02:00,A15,R,83.1,2,speedlimit
2026-09-09T06:48+02:00,A15,L,74.085,2,speedlimit
2026-09-09T06:48+02:00,A20,s,29.6,1,speedlimit
2026-09-09T06:48+02:00,A20,L,28.57,2,speedlimit
2026-09-09T06:48+02:00,A4,L,74.404,3,speedlimit
2026-09-09T06:48+02:00,A4,L,40.7,3,speedlimit
2026-09-09T06:48+02:00,A20,R,30.6,2,speedlimit
2026-09-09T06:48+02:00,A15,L,38.01,4,speedlimit
2026-09-09T06:48+02:00,A15,L,65.25,3,speedlimit
2026-09-09T06:48+02:00,A4,m,7.4,2,speedlimit
2026-09-09T06:48+02:00,A13,L,17.1,2,speedlimit
2026-09-09T06:48+02:00,A4,L,45.75,4,speedlimit
2026-09-09T06:48+02:00,A16,R,17.463,5,speedlimit
2026-09-09T06:48+02:00,A20,L,28.57,3,speedlimit
2026-09-09T06:48+02:00,A15,L,64.67,3,speedlimit
2026-09-09T06:48+02:00,A15,L,88.02,1,speedlimit
2026-09-09T06:48+02:00,A20,R,26.4,4,speedlimit
2026-09-09T06:48+02:00,A20,R,30.196,2,speedlimit
2026-09-09T06:48+02:00,A13,R,17.8,3,speedlimit
2026-09-09T06:48+02:00,A16,n,33.354,1,speedlimit
2026-09-09T06:48+02:00,A15,n,95.855,2,speedlimit
