ts,weg,richting,km,strook,beeld
2026-09-13T01:48+02:00,A15,R,47.07,3,speedlimit
2026-09-13T01:48+02:00,A15,R,49.0,1,lane_closed
2026-09-13T01:48+02:00,A13,L,16.7,1,speedlimit
2026-09-13T01:48+02:00,A15,R,46.769,1,speedlimit
2026-09-13T01:48+02:00,A15,R,59.2,2,speedlimit
2026-09-13T01:48+02:00,A15,R,45.92,4,speedlimit
2026-09-13T01:48+02:00,A20,L,30.196,2,speedlimit
2026-09-13T01:48+02:00,A15,R,45.92,2,speedlimit
2026-09-13T01:48+02:00,A13,R,16.655,1,speedlimit
2026-09-13T01:48+02:00,A13,R,17.1,2,speedlimit
2026-09-13T01:48+02:00,A15,R,61.63,4,lane_closed
2026-09-13T01:48+02:00,A4,L,5.93,1,speedlimit
2026-09-13T01:48+02:00,A4,j,4.65,2,lane_closed
2026-09-13T01:48+02:00,A15,R,61.33,5,lane_closed
2026-09-13T01:48+02:00,A29,v,10.39,1,lane_closed
2026-09-13T01:48+02:00,A15,R,58.05,4,speedlimit
2026-09-13T01:48+02:00,A29,L,11.06,4,speedlimit
2026-09-13T01:48+02:00,A29,L,11.06,2,speedlimit
2026-09-13T01:48+02:00,A15,R,48.69,1,lane_closed
2026-09-13T01:48+02:00,A15,R,47.775,1,lane_closed
2026-09-13T01:48+02:00,A13,R,18.5,1,speedlimit
2026-09-13T01:48+02:00,A4,R,3.27,4,speedlimit
2026-09-13T01:48+02:00,A20,L,29.5,2,speedlimit
2026-09-13T01:48+02:00,A13,R,18.5,4,speedlimit
2026-09-13T01:48+02:00,A15,m,58.46,3,speedlimit
2026-09-13T01:48+02:00,A13,R,18.2,3,speedlimit
2026-09-13T01:48+02:00,A15,R,49.0,3,speedlimit
2026-09-13T01:48+02:00,A20,R,28.1,1,speedlimit
2026-09-13T01:48+02:00,A20,R,30.196,3,speedlimit
2026-09-13T01:48+02:00,A15,R,47.775,5,speedlimit
2026-09-13T01:48+02:00,A15,R,46.468,1,speedlimit
2026-09-13T01:48+02:00,A4,j,4.65,1,lane_closed
2026-09-13T01:48+02:00,A20,L,36.94,1,lane_closed
2026-09-13T01:48+02:00,A15,R,58.05,1,speedlimit
2026-09-13T01:48+02:00,A15,R,58.46,2,speedlimit
2026-09-13T01:48+02:00,A15,R,46.17,3,speedlimit
2026-09-13T01:48+02:00,A15,n,95.855,3,speedlimit
2026-09-13T01:48+02:00,A13,R,17.8,2,speedlimit
2026-09-13T01:48+02:00,A15,R,61.05,6,lane_closed
2026-09-13T01:48+02:00,A4,L,5.225,6,lane_closed
2026-09-13T01:48+02:00,A15,x,56.25,1,lane_closed
2026-09-13T01:48+02:00,A20,s,29.6,2,speedlimit
2026-09-13T01:48+02:00,A15,L,65.25,2,speedlimit
2026-09-13T01:48+02:00,A15,L,65.685,3,speedlimit
2026-09-13T01:48+02:00,A15,R,58.05,2,speedlimit
2026-09-13T01:48+02:00,A20,R,26.93,4,speedlimit
2026-09-13T01:48+02:00,A20,R,28.57,3,speedlimit
2026-09-13T01:48+02:00,A15,R,61.05,1,speedlimit
2026-09-13T01:48+02:00,A29,v,10.8,1,lane_closed
2026-09-13T01:48+02:00,A29,s,9.64,2,lane_closed
2026-09-13T01:48+02:00,A13,L,18.8,2,speedlimit
2026-09-13T01:48+02:00,A15,R,60.49,4,lane_closed
2026-09-13T01:48+02:00,A15,R,62.454,3,lane_closed
2026-09-13T01:48+02:00,A20,R,27.235,1,speedlimit
2026-09-13T01:48+02:00,A20,L,28.41,2,speedlimit
2026-09-13T01:48+02:00,A15,R,47.07,1,lane_closed_ahead
2026-09-13T01:48+02:00,A15,R,48.69,4,speedlimit
2026-09-13T01:48+02:00,A20,R,27.79,2,speedlimit
2026-09-13T01:48+02:00,A13,R,18.5,3,speedlimit
2026-09-13T01:48+02:00,A20,R,28.57,4,speedlimit
2026-09-13T01:48+02:00,A20,R,31.26,4,speedlimit
2026-09-13T01:48+02:00,A20,L,29.826,2,speedlimit
2026-09-13T01:48+02:00,A20,L,35.925,1,lane_closed
2026-09-13T01:48+02:00,A20,L,28.57,1,speedlimit
2026-09-13T01:48+02:00,A20,R,29.5,4,speedlimit
2026-09-13T01:48+02:00,A15,m,60.07,1,lane_closed
2026-09-13T01:48+02:00,A20,R,28.1,2,speedlimit
2026-09-13T01:48+02:00,A20,R,26.64,1,speedlimit
2026-09-13T01:48+02:00,A15,R,61.05,4,lane_closed
2026-09-13T01:48+02:00,A15,L,64.2,2,speedlimit
2026-09-13T01:48+02:00,A15,R,60.49,3,lane_closed
2026-09-13T01:48+02:00,A15,R,48.69,3,speedlimit
2026-09-13T01:48+02:00,A29,R,9.83,1,lane_closed
2026-09-13T01:48+02:00,A20,L,32.8,2,speedlimit
2026-09-13T01:48+02:00,A29,R,9.5,3,speedlimit
2026-09-13T01:48+02:00,A15,L,65.25,4,speedlimit
2026-09-13T01:48+02:00,A15,R,59.2,1,speedlimit
2026-09-13T01:48+02:00,A13,L,17.1,3,speedlimit
2026-09-13T01:48+02:00,A29,L,10.63,1,speedlimit
2026-09-13T01:48+02:00,A20,L,36.625,1,lane_closed
2026-09-13T01:48+02:00,A15,R,62.454,2,lane_closed
2026-09-13T01:48+02:00,A29,L,11.525,1,speedlimit
2026-09-13T01:48+02:00,A4,L,5.549,6,lane_closed_ahead
2026-09-13T01:48+02:00,A29,s,9.64,1,lane_closed
2026-09-13T01:48+02:00,A20,L,27.488,1,speedlimit
2026-09-13T01:48+02:00,A20,L,27.2,1,speedlimit
2026-09-13T01:48+02:00,A4,h,46.06,2,speedlimit
2026-09-13T01:48+02:00,A15,R,59.57,2,lane_closed_ahead
2026-09-13T01:48+02:00,A20,L,27.8,2,speedlimit
2026-09-13T01:48+02:00,A4,k,4.44,3,lane_closed
2026-09-13T01:48+02:00,A15,R,58.05,5,speedlimit
2026-09-13T01:48+02:00,A13,L,18.2,3,speedlimit
2026-09-13T01:48+02:00,A4,m,3.83,3,lane_closed
2026-09-13T01:48+02:00,A29,L,10.63,2,speedlimit
2026-09-13T01:48+02:00,A20,L,31.88,1,speedlimit
2026-09-13T01:48+02:00,A29,L,11.06,1,speedlimit
2026-09-13T01:48+02:00,A4,m,3.83,4,lane_closed
2026-09-13T01:48+02:00,A13,L,16.7,2,speedlimit
2026-09-13T01:48+02:00,A20,L,30.9,2,speedlimit
2026-09-13T01:48+02:00,A15,R,46.859,2,speedlimit
2026-09-13T01:48+02:00,A20,L,28.085,1,speedlimit
2026-09-13T01:48+02:00,A15,R,58.05,3,speedlimit
2026-09-13T01:48+02:00,A15,R,61.33,3,lane_closed
2026-09-13T01:48+02:00,A20,R,30.6,1,speedlimit
2026-09-13T01:48+02:00,A13,R,17.1,3,speedlimit
2026-09-13T01:48+02:00,A20,R,26.93,3,speedlimit
2026-09-13T01:48+02:00,A15,R,62.062,2,lane_closed
2026-09-13T01:48+02:00,A20,L,31.4,1,speedlimit
2026-09-13T01:48+02:00,A29,s,10.4,1,lane_closed
2026-09-13T01:48+02:00,A15,R,61.05,3,lane_closed
2026-09-13T01:48+02:00,A4,L,5.225,3,speedlimit
2026-09-13T01:48+02:00,A15,m,59.11,2,speedlimit
2026-09-13T01:48+02:00,A20,L,31.1,2,speedlimit
2026-09-13T01:48+02:00,A13,g,18.7,2,speedlimit
2026-09-13T01:48+02:00,A15,L,65.685,2,speedlimit
2026-09-13T01:48+02:00,A15,x,55.59,1,lane_closed_ahead
2026-09-13T01:48+02:00,A15,m,61.995,3,lane_closed
2026-09-13T01:48+02:00,A20,L,31.4,2,speedlimit
2026-09-13T01:48+02:00,A4,f,3.96,1,lane_closed
2026-09-13T01:48+02:00,A15,R,61.63,1,speedlimit
2026-09-13T01:48+02:00,A29,R,9.5,1,lane_closed_ahead
2026-09-13T01:48+02:00,A15,R,46.356,2,speedlimit
2026-09-13T01:48+02:00,A15,R,61.33,4,lane_closed
2026-09-13T01:48+02:00,A13,L,15.9,3,lane_closed
2026-09-13T01:48+02:00,A15,x,55.14,1,speedlimit
2026-09-13T01:48+02:00,A4,R,3.27,1,speedlimit
2026-09-13T01:48+02:00,A13,R,16.2,1,speedlimit
2026-09-13T01:48+02:00,A29,s,10.4,2,lane_closed
2026-09-13T01:48+02:00,A13,R,18.5,2,speedlimit
2026-09-13T01:48+02:00,A20,L,30.196,1,speedlimit
2026-09-13T01:48+02:00,A20,R,27.79,1,speedlimit
2026-09-13T01:48+02:00,A15,R,61.33,1,speedlimit
2026-09-13T01:48+02:00,A20,L,29.826,1,speedlimit
2026-09-13T01:48+02:00,A15,m,61.995,1,lane_closed
2026-09-13T01:48+02:00,A20,R,28.41,2,speedlimit
2026-09-13T01:48+02:00,A15,R,48.69,5,speedlimit
2026-09-13T01:48+02:00,A4,L,5.549,1,speedlimit
2026-09-13T01:48+02:00,A15,R,62.062,1,speedlimit
2026-09-13T01:48+02:00,A20,R,29.1,1,speedlimit
2026-09-13T01:48+02:00,A15,R,46.17,2,speedlimit
2026-09-13T01:48+02:00,A13,R,17.8,1,speedlimit
2026-09-13T01:48+02:00,A29,L,11.06,3,speedlimit
2026-09-13T01:48+02:00,A20,R,28.41,1,speedlimit
2026-09-13T01:48+02:00,A20,R,31.9,2,speedlimit
2026-09-13T01:48+02:00,A15,R,61.63,5,lane_closed
2026-09-13T01:48+02:00,A29,L,11.525,3,speedlimit
2026-09-13T01:48+02:00,A4,R,3.27,2,speedlimit
2026-09-13T01:48+02:00,A20,L,31.1,3,speedlimit
2026-09-13T01:48+02:00,A15,x,55.14,3,speedlimit
2026-09-13T01:48+02:00,A15,R,61.33,6,lane_closed
2026-09-13T01:48+02:00,A29,R,9.5,2,speedlimit
2026-09-13T01:48+02:00,A29,R,9.83,3,speedlimit
2026-09-13T01:48+02:00,A15,R,62.454,5,lane_closed
2026-09-13T01:48+02:00,A15,R,49.61,2,lane_closed
2026-09-13T01:48+02:00,A15,R,60.49,2,lane_closed
2026-09-13T01:48+02:00,A20,R,27.488,2,speedlimit
2026-09-13T01:48+02:00,A20,t,28.895,1,speedlimit
2026-09-13T01:48+02:00,A20,L,32.8,1,speedlimit
2026-09-13T01:48+02:00,A20,R,28.8,2,speedlimit
2026-09-13T01:48+02:00,A20,L,31.1,1,speedlimit
2026-09-13T01:48+02:00,A13,L,16.19,3,lane_closed
2026-09-13T01:48+02:00,A13,L,15.035,5,lane_closed
2026-09-13T01:48+02:00,A4,m,3.83,2,speedlimit
2026-09-13T01:48+02:00,A20,L,27.8,1,speedlimit
2026-09-13T01:48+02:00,A20,R,29.1,2,speedlimit
2026-09-13T01:48+02:00,A13,g,18.7,1,speedlimit
2026-09-13T01:48+02:00,A20,R,28.57,2,speedlimit
2026-09-13T01:48+02:00,A20,R,26.64,2,speedlimit
2026-09-13T01:48+02:00,A15,L,64.2,3,speedlimit
2026-09-13T01:48+02:00,A20,L,29.1,1,speedlimit
2026-09-13T01:48+02:00,A13,L,18.2,1,speedlimit
2026-09-13T01:48+02:00,A15,L,64.67,2,speedlimit
2026-09-13T01:48+02:00,A13,L,12.7,4,lane_closed
2026-09-13T01:48+02:00,A20,L,31.88,2,speedlimit
2026-09-13T01:48+02:00,A15,R,62.454,4,lane_closed
2026-09-13T01:48+02:00,A15,R,48.332,2,lane_closed
2026-09-13T01:48+02:00,A20,L,28.085,2,speedlimit
2026-09-13T01:48+02:00,A15,R,62.062,3,lane_closed
2026-09-13T01:48+02:00,A20,R,30.6,3,speedlimit
2026-09-13T01:48+02:00,A15,m,58.65,3,speedlimit
2026-09-13T01:48+02:00,A20,L,35.52,1,lane_closed
2026-09-13T01:48+02:00,A15,R,62.062,4,lane_closed
2026-09-13T01:48+02:00,A29,s,9.91,1,lane_closed
2026-09-13T01:48+02:00,A20,R,29.8,2,speedlimit
2026-09-13T01:48+02:00,A15,L,64.2,1,lane_closed
2026-09-13T01:48+02:00,A20,R,27.235,2,speedlimit
2026-09-13T01:48+02:00,A20,L,37.3,1,lane_closed
2026-09-13T01:48+02:00,A15,R,59.95,1,speedlimit
2026-09-13T01:48+02:00,A13,R,18.2,1,speedlimit
2026-09-13T01:48+02:00,A4,k,4.44,2,lane_closed
2026-09-13T01:48+02:00,A15,x,55.59,3,speedlimit
2026-09-13T01:48+02:00,A15,L,65.25,1,lane_closed_ahead
2026-09-13T01:48+02:00,A15,R,47.775,4,speedlimit
2026-09-13T01:48+02:00,A29,L,10.78,1,speedlimit
2026-09-13T01:48+02:00,A15,e,95.55,1,speedlimit
2026-09-13T01:48+02:00,A13,e,19.1,1,speedlimit
2026-09-13T01:48+02:00,A29,L,10.63,4,lane_closed
2026-09-13T01:48+02:00,A29,R,9.83,2,speedlimit
2026-09-13T01:48+02:00,A15,R,46.356,1,speedlimit
2026-09-13T01:48+02:00,A15,R,60.49,1,speedlimit
2026-09-13T01:48+02:00,A13,L,17.8,3,speedlimit
2026-09-13T01:48+02:00,A15,R,49.61,3,speedlimit
2026-09-13T01:48+02:00,A15,R,48.332,5,speedlimit
2026-09-13T01:48+02:00,A4,R,3.01,5,speedlimit
2026-09-13T01:48+02:00,A4,L,5.93,3,speedlimit
2026-09-13T01:48+02:00,A20,R,31.26,1,speedlimit
2026-09-13T01:48+02:00,A4,L,5.93,5,speedlimit
2026-09-13T01:48+02:00,A15,R,45.92,1,speedlimit
2026-09-13T01:48+02:00,A15,R,61.05,5,lane_closed
2026-09-13T01:48+02:00,A15,R,59.2,4,lane_closed_ahead
2026-09-13T01:48+02:00,A15,R,61.33,2,lane_closed
2026-09-13T01:48+02:00,A15,R,46.468,2,speedlimit
2026-09-13T01:48+02:00,A20,L,29.826,3,speedlimit
2026-09-13T01:48+02:00,A15,m,61.995,2,lane_closed
2026-09-13T01:48+02:00,A4,h,45.58,3,lane_closed
2026-09-13T01:48+02:00,A20,L,29.5,1,speedlimit
2026-09-13T01:48+02:00,A20,R,28.8,3,speedlimit
2026-09-13T01:48+02:00,A20,R,29.5,1,speedlimit
2026-09-13T01:48+02:00,A15,R,60.76,3,lane_closed
2026-09-13T01:48+02:00,A15,R,46.769,2,speedlimit
2026-09-13T01:48+02:00,A15,R,59.95,2,lane_closed
2026-09-13T01:48+02:00,A15,R,46.614,3,speedlimit
2026-09-13T01:48+02:00,A13,L,11.25,4,lane_closed
2026-09-13T01:48+02:00,A20,L,30.9,1,speedlimit
2026-09-13T01:48+02:00,A13,R,18.2,4,speedlimit
2026-09-13T01:48+02:00,A4,L,5.93,4,speedlimit
2026-09-13T01:48+02:00,A15,m,59.58,1,lane_closed
2026-09-13T01:48+02:00,A15,R,47.332,1,lane_closed
2026-09-13T01:48+02:00,A15,x,56.6,3,speedlimit
2026-09-13T01:48+02:00,A13,R,18.7,1,speedlimit
2026-09-13T01:48+02:00,A15,L,64.67,5,speedlimit
2026-09-13T01:48+02:00,A15,n,95.855,1,speedlimit
2026-09-13T01:48+02:00,A4,L,5.93,6,speedlimit
2026-09-13T01:48+02:00,A20,c,27.488,1,speedlimit
2026-09-13T01:48+02:00,A20,R,31.9,3,speedlimit
2026-09-13T01:48+02:00,A13,R,16.655,3,speedlimit
2026-09-13T01:48+02:00,A20,L,29.1,2,speedlimit
2026-09-13T01:48+02:00,A15,L,63.56,1,lane_closed
2026-09-13T01:48+02:00,A15,R,46.859,3,speedlimit
2026-09-13T01:48+02:00,A20,R,29.8,3,speedlimit
2026-09-13T01:48+02:00,A13,L,18.2,2,speedlimit
2026-09-13T01:48+02:00,A20,R,26.4,3,speedlimit
2026-09-13T01:48+02:00,A15,R,60.76,4,lane_closed
2026-09-13T01:48+02:00,A15,m,58.65,1,lane_closed
2026-09-13T01:48+02:00,A29,L,11.525,2,speedlimit
2026-09-13T01:48+02:00,A20,R,26.93,1,speedlimit
2026-09-13T01:48+02:00,A15,R,46.859,1,speedlimit
2026-09-13T01:48+02:00,A15,R,61.63,2,lane_closed
2026-09-13T01:48+02:00,A15,R,48.332,3,speedlimit
2026-09-13T01:48+02:00,A15,R,58.46,3,speedlimit
2026-09-13T01:48+02:00,A15,R,60.76,1,speedlimit
2026-09-13T01:48+02:00,A4,L,5.549,3,speedlimit
2026-09-13T01:48+02:00,A20,R,26.4,2,speedlimit
2026-09-13T01:48+02:00,A15,R,48.332,4,speedlimit
2026-09-13T01:48+02:00,A15,L,63.56,3,speedlimit
2026-09-13T01:48+02:00,A20,L,27.488,2,speedlimit
2026-09-13T01:48+02:00,A20,L,30.196,3,speedlimit
2026-09-13T01:48+02:00,A4,h,46.06,1,speedlimit
2026-09-13T01:48+02:00,A4,R,3.01,2,speedlimit
2026-09-13T01:48+02:00,A4,L,5.549,4,speedlimit
2026-09-13T01:48+02:00,A15,R,49.61,1,lane_closed
2026-09-13T01:48+02:00,A15,m,61.995,4,lane_closed
2026-09-13T01:48+02:00,A20,L,28.41,1,speedlimit
2026-09-13T01:48+02:00,A15,R,45.92,3,speedlimit
2026-09-13T01:48+02:00,A13,L,13.18,4,lane_closed
2026-09-13T01:48+02:00,A13,L,17.8,2,speedlimit
2026-09-13T01:48+02:00,A4,L,5.93,2,speedlimit
2026-09-13T01:48+02:00,A20,R,28.57,1,speedlimit
2026-09-13T01:48+02:00,A4,L,5.549,5,speedlimit
2026-09-13T01:48+02:00,A20,R,30.196,4,speedlimit
2026-09-13T01:48+02:00,A29,L,10.78,2,speedlimit
2026-09-13T01:48+02:00,A4,L,5.225,2,speedlimit
2026-09-13T01:48+02:00,A15,R,47.332,2,lane_closed_ahead
2026-09-13T01:48+02:00,A20,t,29.6,2,speedlimit
2026-09-13T01:48+02:00,A4,L,5.225,4,speedlimit
2026-09-13T01:48+02:00,A20,L,38.3,1,lane_closed_ahead
2026-09-13T01:48+02:00,A15,R,46.769,3,speedlimit
2026-09-13T01:48+02:00,A15,L,64.67,4,speedlimit
2026-09-13T01:48+02:00,A15,R,49.0,2,lane_closed
2026-09-13T01:48+02:00,A15,L,65.685,1,speedlimit
2026-09-13T01:48+02:00,A15,L,64.67,1,lane_closed
2026-09-13T01:48+02:00,A20,R,26.93,2,speedlimit
2026-09-13T01:48+02:00,A4,R,3.27,3,speedlimit
2026-09-13T01:48+02:00,A20,L,30.9,3,speedlimit
2026-09-13T01:48+02:00,A13,L,18.8,3,speedlimit
2026-09-13T01:48+02:00,A15,R,46.614,1,speedlimit
2026-09-13T01:48+02:00,A20,L,37.8,1,lane_closed
2026-09-13T01:48+02:00,A20,R,28.8,1,speedlimit
2026-09-13T01:48+02:00,A15,R,61.05,2,lane_closed
2026-09-13T01:48+02:00,A13,L,18.8,1,speedlimit
2026-09-13T01:48+02:00,A4,h,46.4,2,speedlimit
2026-09-13T01:48+02:00,A15,R,46.614,2,speedlimit
2026-09-13T01:48+02:00,A13,R,16.2,2,speedlimit
2026-09-13T01:48+02:00,A4,m,3.83,1,speedlimit
2026-09-13T01:48+02:00,A4,L,5.549,2,speedlimit
2026-09-13T01:48+02:00,A20,L,31.4,3,speedlimit
2026-09-13T01:48+02:00,A20,L,30.196,4,speedlimit
2026-09-13T01:48+02:00,A4,L,5.225,5,speedlimit
2026-09-13T01:48+02:00,A4,f,3.96,2,lane_closed
2026-09-13T01:48+02:00,A13,R,18.2,2,speedlimit
2026-09-13T01:48+02:00,A4,R,3.01,1,speedlimit
2026-09-13T01:48+02:00,A15,R,48.332,1,lane_closed
2026-09-13T01:48+02:00,A13,L,17.8,1,speedlimit
2026-09-13T01:48+02:00,A20,R,29.8,1,speedlimit
2026-09-13T01:48+02:00,A20,R,31.26,2,speedlimit
2026-09-13T01:48+02:00,A15,m,58.46,1,lane_closed_ahead
2026-09-13T01:48+02:00,A4,R,3.27,5,speedlimit
2026-09-13T01:48+02:00,A15,m,59.11,3,speedlimit
2026-09-13T01:48+02:00,A15,x,56.6,1,lane_closed
2026-09-13T01:48+02:00,A4,R,3.01,3,speedlimit
2026-09-13T01:48+02:00,A20,R,31.26,3,speedlimit
2026-09-13T01:48+02:00,A20,R,26.64,3,speedlimit
2026-09-13T01:48+02:00,A20,R,26.64,4,speedlimit
2026-09-13T01:48+02:00,A20,R,26.4,1,speedlimit
2026-09-13T01:48+02:00,A13,R,17.1,1,speedlimit
2026-09-13T01:48+02:00,A15,R,59.2,3,speedlimit
2026-09-13T01:48+02:00,A20,R,29.5,3,speedlimit
2026-09-13T01:48+02:00,A15,R,58.46,4,speedlimit
2026-09-13T01:48+02:00,A29,L,10.63,3,lane_closed
2026-09-13T01:48+02:00,A13,L,13.7,4,lane_closed
2026-09-13T01:48+02:00,A15,R,47.775,3,speedlimit
2026-09-13T01:48+02:00,A15,L,63.56,2,speedlimit
2026-09-13T01:48+02:00,A13,L,14.2,4,lane_closed
2026-09-13T01:48+02:00,A15,R,60.76,2,lane_closed
2026-09-13T01:48+02:00,A4,h,46.4,1,speedlimit
2026-09-13T01:48+02:00,A15,R,46.17,1,speedlimit
2026-09-13T01:48+02:00,A29,L,11.525,4,speedlimit
2026-09-13T01:48+02:00,A15,x,56.25,2,speedlimit
2026-09-13T01:48+02:00,A15,x,55.14,2,speedlimit
2026-09-13T01:48+02:00,A20,t,29.6,1,speedlimit
2026-09-13T01:48+02:00,A15,R,47.775,2,lane_closed
2026-09-13T01:48+02:00,A15,L,65.685,4,speedlimit
2026-09-13T01:48+02:00,A20,R,29.8,4,speedlimit
2026-09-13T01:48+02:00,A13,R,18.7,2,speedlimit
2026-09-13T01:48+02:00,A20,R,27.488,1,speedlimit
2026-09-13T01:48+02:00,A15,R,48.69,2,lane_closed
2026-09-13T01:48+02:00,A15,R,62.454,1,speedlimit
2026-09-13T01:48+02:00,A15,m,59.11,1,lane_closed
2026-09-13T01:48+02:00,A20,R,29.5,2,speedlimit
2026-09-13T01:48+02:00,A20,L,27.2,2,speedlimit
2026-09-13T01:48+02:00,A13,R,18.963,1,speedlimit
2026-09-13T01:48+02:00,A15,R,46.468,3,speedlimit
2026-09-13T01:48+02:00,A13,L,17.1,1,speedlimit
2026-09-13T01:48+02:00,A15,R,61.63,3,lane_closed
2026-09-13T01:48+02:00,A20,L,31.88,3,speedlimit
2026-09-13T01:48+02:00,A13,L,17.1,4,speedlimit
2026-09-13T01:48+02:00,A13,R,16.655,2,speedlimit
2026-09-13T01:48+02:00,A13,L,15.55,5,lane_closed
2026-09-13T01:48+02:00,A15,x,56.6,2,speedlimit
2026-09-13T01:48+02:00,A4,k,4.44,1,speedlimit
2026-09-13T01:48+02:00,A15,R,47.07,2,speedlimit
2026-09-13T01:48+02:00,A15,m,58.65,2,speedlimit
2026-09-13T01:48+02:00,A15,R,59.95,3,lane_closed
2026-09-13T01:48+02:00,A4,L,5.225,1,speedlimit
2026-09-13T01:48+02:00,A20,L,32.8,3,speedlimit
2026-09-13T01:48+02:00,A15,R,61.63,6,lane_closed
2026-09-13T01:48+02:00,A15,R,58.46,1,speedlimit
2026-09-13T01:48+02:00,A20,R,30.196,1,speedlimit
2026-09-13T01:48+02:00,A20,L,29.826,4,speedlimit
2026-09-13T01:48+02:00,A15,x,55.59,2,speedlimit
2026-09-13T01:48+02:00,A15,R,46.356,3,speedlimit
2026-09-13T01:48+02:00,A20,s,29.6,1,speedlimit
2026-09-13T01:48+02:00,A20,L,28.57,2,speedlimit
2026-09-13T01:48+02:00,A20,R,30.6,2,speedlimit
2026-09-13T01:48+02:00,A15,R,59.57,1,speedlimit
2026-09-13T01:48+02:00,A29,s,9.91,2,lane_closed
2026-09-13T01:48+02:00,A15,L,65.25,3,speedlimit
2026-09-13T01:48+02:00,A13,L,17.1,2,speedlimit
2026-09-13T01:48+02:00,A20,L,28.57,3,speedlimit
2026-09-13T01:48+02:00,A15,R,59.57,3,lane_closed
2026-09-13T01:48+02:00,A15,L,64.67,3,speedlimit
2026-09-13T01:48+02:00,A20,R,26.4,4,speedlimit
2026-09-13T01:48+02:00,A20,R,30.196,2,speedlimit
2026-09-13T01:48+02:00,A13,R,17.8,3,speedlimit
2026-09-13T01:48+02:00,A15,n,95.855,2,speedlimit
2026-09-13T02:49+02:00,A13,L,16.7,1,speedlimit
2026-09-13T02:49+02:00,A15,R,59.2,2,speedlimit
2026-09-13T02:49+02:00,A20,L,30.196,2,speedlimit
2026-09-13T02:49+02:00,A13,R,16.655,1,speedlimit
2026-09-13T02:49+02:00,A13,R,17.1,2,speedlimit
2026-09-13T02:49+02:00,A15,R,61.63,4,lane_closed
2026-09-13T02:49+02:00,A4,L,5.93,1,speedlimit
2026-09-13T02:49+02:00,A4,j,4.65,2,lane_closed
2026-09-13T02:49+02:00,A15,R,61.33,5,lane_closed
2026-09-13T02:49+02:00,A29,v,10.39,1,lane_closed
2026-09-13T02:49+02:00,A15,R,58.05,4,speedlimit
2026-09-13T02:49+02:00,A29,L,11.06,4,speedlimit
2026-09-13T02:49+02:00,A29,L,11.06,2,speedlimit
2026-09-13T02:49+02:00,A13,R,18.5,1,speedlimit
2026-09-13T02:49+02:00,A4,R,3.27,4,speedlimit
2026-09-13T02:49+02:00,A20,L,29.5,2,speedlimit
2026-09-13T02:49+02:00,A13,R,18.5,4,speedlimit
2026-09-13T02:49+02:00,A15,m,58.46,3,speedlimit
2026-09-13T02:49+02:00,A13,R,18.2,3,speedlimit
2026-09-13T02:49+02:00,A20,R,28.1,1,speedlimit
2026-09-13T02:49+02:00,A20,R,30.196,3,speedlimit
2026-09-13T02:49+02:00,A4,j,4.65,1,lane_closed
2026-09-13T02:49+02:00,A20,L,36.94,1,lane_closed
2026-09-13T02:49+02:00,A15,R,58.05,1,speedlimit
2026-09-13T02:49+02:00,A15,R,58.46,2,speedlimit
2026-09-13T02:49+02:00,A15,n,95.855,3,speedlimit
2026-09-13T02:49+02:00,A13,R,17.8,2,speedlimit
2026-09-13T02:49+02:00,A15,R,61.05,6,lane_closed
2026-09-13T02:49+02:00,A4,L,5.225,6,lane_closed
2026-09-13T02:49+02:00,A15,x,56.25,1,lane_closed
2026-09-13T02:49+02:00,A20,s,29.6,2,speedlimit
2026-09-13T02:49+02:00,A15,L,65.25,2,speedlimit
2026-09-13T02:49+02:00,A15,L,65.685,3,speedlimit
2026-09-13T02:49+02:00,A15,R,58.05,2,speedlimit
2026-09-13T02:49+02:00,A20,R,26.93,4,speedlimit
2026-09-13T02:49+02:00,A20,R,28.57,3,speedlimit
2026-09-13T02:49+02:00,A15,R,61.05,1,speedlimit
2026-09-13T02:49+02:00,A29,v,10.8,1,lane_closed
2026-09-13T02:49+02:00,A29,s,9.64,2,lane_closed
2026-09-13T02:49+02:00,A13,L,18.8,2,speedlimit
2026-09-13T02:49+02:00,A15,R,60.49,4,lane_closed
2026-09-13T02:49+02:00,A15,R,62.454,3,lane_closed
2026-09-13T02:49+02:00,A20,R,27.235,1,speedlimit
2026-09-13T02:49+02:00,A20,L,28.41,2,speedlimit
2026-09-13T02:49+02:00,A20,R,27.79,2,speedlimit
2026-09-13T02:49+02:00,A13,R,18.5,3,speedlimit
2026-09-13T02:49+02:00,A20,R,28.57,4,speedlimit
2026-09-13T02:49+02:00,A20,R,31.26,4,speedlimit
2026-09-13T02:49+02:00,A20,L,29.826,2,speedlimit
2026-09-13T02:49+02:00,A20,L,35.925,1,lane_closed
2026-09-13T02:49+02:00,A20,L,28.57,1,speedlimit
2026-09-13T02:49+02:00,A20,R,29.5,4,speedlimit
2026-09-13T02:49+02:00,A15,m,60.07,1,lane_closed
2026-09-13T02:49+02:00,A20,R,28.1,2,speedlimit
2026-09-13T02:49+02:00,A20,R,26.64,1,speedlimit
2026-09-13T02:49+02:00,A15,R,61.05,4,lane_closed
2026-09-13T02:49+02:00,A15,L,64.2,2,speedlimit
2026-09-13T02:49+02:00,A15,R,60.49,3,lane_closed
2026-09-13T02:49+02:00,A29,R,9.83,1,lane_closed
2026-09-13T02:49+02:00,A20,L,32.8,2,speedlimit
2026-09-13T02:49+02:00,A29,R,9.5,3,speedlimit
2026-09-13T02:49+02:00,A15,L,65.25,4,speedlimit
2026-09-13T02:49+02:00,A15,R,59.2,1,speedlimit
2026-09-13T02:49+02:00,A13,L,17.1,3,speedlimit
2026-09-13T02:49+02:00,A29,L,10.63,1,speedlimit
2026-09-13T02:49+02:00,A20,L,36.625,1,lane_closed
2026-09-13T02:49+02:00,A15,R,62.454,2,lane_closed
2026-09-13T02:49+02:00,A29,L,11.525,1,speedlimit
2026-09-13T02:49+02:00,A4,L,5.549,6,lane_closed_ahead
2026-09-13T02:49+02:00,A29,s,9.64,1,lane_closed
2026-09-13T02:49+02:00,A20,L,27.488,1,speedlimit
2026-09-13T02:49+02:00,A20,L,27.2,1,speedlimit
2026-09-13T02:49+02:00,A4,h,46.06,2,speedlimit
2026-09-13T02:49+02:00,A15,R,59.57,2,lane_closed_ahead
2026-09-13T02:49+02:00,A20,L,27.8,2,speedlimit
2026-09-13T02:49+02:00,A4,k,4.44,3,lane_closed
2026-09-13T02:49+02:00,A15,R,58.05,5,speedlimit
2026-09-13T02:49+02:00,A13,L,18.2,3,speedlimit
2026-09-13T02:49+02:00,A4,m,3.83,3,lane_closed
2026-09-13T02:49+02:00,A29,L,10.63,2,speedlimit
2026-09-13T02:49+02:00,A20,L,31.88,1,speedlimit
2026-09-13T02:49+02:00,A29,L,11.06,1,speedlimit
2026-09-13T02:49+02:00,A4,m,3.83,4,lane_closed
2026-09-13T02:49+02:00,A13,L,16.7,2,speedlimit
2026-09-13T02:49+02:00,A20,L,30.9,2,speedlimit
2026-09-13T02:49+02:00,A20,L,28.085,1,speedlimit
2026-09-13T02:49+02:00,A15,R,58.05,3,speedlimit
2026-09-13T02:49+02:00,A15,R,61.33,3,lane_closed
2026-09-13T02:49+02:00,A20,R,30.6,1,speedlimit
2026-09-13T02:49+02:00,A13,R,17.1,3,speedlimit
2026-09-13T02:49+02:00,A20,R,26.93,3,speedlimit
2026-09-13T02:49+02:00,A15,R,62.062,2,lane_closed
2026-09-13T02:49+02:00,A20,L,31.4,1,speedlimit
2026-09-13T02:49+02:00,A29,s,10.4,1,lane_closed
2026-09-13T02:49+02:00,A15,R,61.05,3,lane_closed
2026-09-13T02:49+02:00,A4,L,5.225,3,speedlimit
2026-09-13T02:49+02:00,A15,m,59.11,2,speedlimit
2026-09-13T02:49+02:00,A20,L,31.1,2,speedlimit
2026-09-13T02:49+02:00,A13,g,18.7,2,speedlimit
2026-09-13T02:49+02:00,A15,L,65.685,2,speedlimit
2026-09-13T02:49+02:00,A15,x,55.59,1,lane_closed_ahead
2026-09-13T02:49+02:00,A15,m,61.995,3,lane_closed
2026-09-13T02:49+02:00,A20,L,31.4,2,speedlimit
2026-09-13T02:49+02:00,A4,f,3.96,1,lane_closed
2026-09-13T02:49+02:00,A15,R,61.63,1,speedlimit
2026-09-13T02:49+02:00,A29,R,9.5,1,lane_closed_ahead
2026-09-13T02:49+02:00,A15,R,61.33,4,lane_closed
2026-09-13T02:49+02:00,A13,L,15.9,3,lane_closed
2026-09-13T02:49+02:00,A15,x,55.14,1,speedlimit
2026-09-13T02:49+02:00,A4,R,3.27,1,speedlimit
2026-09-13T02:49+02:00,A13,R,16.2,1,speedlimit
2026-09-13T02:49+02:00,A29,s,10.4,2,lane_closed
2026-09-13T02:49+02:00,A13,R,18.5,2,speedlimit
2026-09-13T02:49+02:00,A20,L,30.196,1,speedlimit
2026-09-13T02:49+02:00,A20,R,27.79,1,speedlimit
2026-09-13T02:49+02:00,A15,R,61.33,1,speedlimit
2026-09-13T02:49+02:00,A20,L,29.826,1,speedlimit
2026-09-13T02:49+02:00,A15,m,61.995,1,lane_closed
2026-09-13T02:49+02:00,A20,R,28.41,2,speedlimit
2026-09-13T02:49+02:00,A4,L,5.549,1,speedlimit
2026-09-13T02:49+02:00,A15,R,62.062,1,speedlimit
2026-09-13T02:49+02:00,A20,R,29.1,1,speedlimit
2026-09-13T02:49+02:00,A13,R,17.8,1,speedlimit
2026-09-13T02:49+02:00,A29,L,11.06,3,speedlimit
2026-09-13T02:49+02:00,A20,R,28.41,1,speedlimit
2026-09-13T02:49+02:00,A20,R,31.9,2,speedlimit
2026-09-13T02:49+02:00,A15,R,61.63,5,lane_closed
2026-09-13T02:49+02:00,A29,L,11.525,3,speedlimit
2026-09-13T02:49+02:00,A4,R,3.27,2,speedlimit
2026-09-13T02:49+02:00,A20,L,31.1,3,speedlimit
2026-09-13T02:49+02:00,A15,x,55.14,3,speedlimit
2026-09-13T02:49+02:00,A15,R,61.33,6,lane_closed
2026-09-13T02:49+02:00,A29,R,9.5,2,speedlimit
2026-09-13T02:49+02:00,A29,R,9.83,3,speedlimit
2026-09-13T02:49+02:00,A15,R,62.454,5,lane_closed
2026-09-13T02:49+02:00,A15,R,60.49,2,lane_closed
2026-09-13T02:49+02:00,A20,R,27.488,2,speedlimit
2026-09-13T02:49+02:00,A20,t,28.895,1,speedlimit
2026-09-13T02:49+02:00,A20,L,32.8,1,speedlimit
2026-09-13T02:49+02:00,A20,R,28.8,2,speedlimit
2026-09-13T02:49+02:00,A20,L,31.1,1,speedlimit
2026-09-13T02:49+02:00,A13,L,16.19,3,lane_closed
2026-09-13T02:49+02:00,A13,L,15.035,5,lane_closed
2026-09-13T02:49+02:00,A4,m,3.83,2,speedlimit
2026-09-13T02:49+02:00,A20,L,27.8,1,speedlimit
2026-09-13T02:49+02:00,A20,R,29.1,2,speedlimit
2026-09-13T02:49+02:00,A13,g,18.7,1,speedlimit
2026-09-13T02:49+02:00,A20,R,28.57,2,speedlimit
2026-09-13T02:49+02:00,A20,R,26.64,2,speedlimit
2026-09-13T02:49+02:00,A15,L,64.2,3,speedlimit
2026-09-13T02:49+02:00,A20,L,29.1,1,speedlimit
2026-09-13T02:49+02:00,A13,L,18.2,1,speedlimit
2026-09-13T02:49+02:00,A15,L,64.67,2,speedlimit
2026-09-13T02:49+02:00,A13,L,12.7,4,lane_closed
2026-09-13T02:49+02:00,A20,L,31.88,2,speedlimit
2026-09-13T02:49+02:00,A15,R,62.454,4,lane_closed
2026-09-13T02:49+02:00,A20,L,28.085,2,speedlimit
2026-09-13T02:49+02:00,A15,R,62.062,3,lane_closed
2026-09-13T02:49+02:00,A20,R,30.6,3,speedlimit
2026-09-13T02:49+02:00,A15,m,58.65,3,speedlimit
2026-09-13T02:49+02:00,A20,L,35.52,1,lane_closed
2026-09-13T02:49+02:00,A15,R,62.062,4,lane_closed
2026-09-13T02:49+02:00,A29,s,9.91,1,lane_closed
2026-09-13T02:49+02:00,A20,R,29.8,2,speedlimit
2026-09-13T02:49+02:00,A15,L,64.2,1,lane_closed
2026-09-13T02:49+02:00,A20,R,27.235,2,speedlimit
2026-09-13T02:49+02:00,A20,L,37.3,1,lane_closed
2026-09-13T02:49+02:00,A15,R,59.95,1,speedlimit
2026-09-13T02:49+02:00,A13,R,18.2,1,speedlimit
2026-09-13T02:49+02:00,A4,k,4.44,2,lane_closed
2026-09-13T02:49+02:00,A15,x,55.59,3,speedlimit
2026-09-13T02:49+02:00,A15,L,65.25,1,lane_closed_ahead
2026-09-13T02:49+02:00,A29,L,10.78,1,speedlimit
2026-09-13T02:49+02:00,A15,e,95.55,1,speedlimit
2026-09-13T02:49+02:00,A13,e,19.1,1,speedlimit
2026-09-13T02:49+02:00,A29,L,10.63,4,lane_closed
2026-09-13T02:49+02:00,A29,R,9.83,2,speedlimit
2026-09-13T02:49+02:00,A15,R,60.49,1,speedlimit
2026-09-13T02:49+02:00,A13,L,17.8,3,speedlimit
2026-09-13T02:49+02:00,A4,R,3.01,5,speedlimit
2026-09-13T02:49+02:00,A4,L,5.93,3,speedlimit
2026-09-13T02:49+02:00,A20,R,31.26,1,speedlimit
2026-09-13T02:49+02:00,A4,L,5.93,5,speedlimit
2026-09-13T02:49+02:00,A15,R,61.05,5,lane_closed
2026-09-13T02:49+02:00,A15,R,59.2,4,lane_closed_ahead
2026-09-13T02:49+02:00,A15,R,61.33,2,lane_closed
2026-09-13T02:49+02:00,A20,L,29.826,3,speedlimit
2026-09-13T02:49+02:00,A15,m,61.995,2,lane_closed
2026-09-13T02:49+02:00,A4,h,45.58,3,lane_closed
2026-09-13T02:49+02:00,A20,L,29.5,1,speedlimit
2026-09-13T02:49+02:00,A20,R,28.8,3,speedlimit
2026-09-13T02:49+02:00,A20,R,29.5,1,speedlimit
2026-09-13T02:49+02:00,A15,R,60.76,3,lane_closed
2026-09-13T02:49+02:00,A15,R,59.95,2,lane_closed
2026-09-13T02:49+02:00,A13,L,11.25,4,lane_closed
2026-09-13T02:49+02:00,A20,L,30.9,1,speedlimit
2026-09-13T02:49+02:00,A13,R,18.2,4,speedlimit
2026-09-13T02:49+02:00,A4,L,5.93,4,speedlimit
2026-09-13T02:49+02:00,A15,m,59.58,1,lane_closed
2026-09-13T02:49+02:00,A15,x,56.6,3,speedlimit
2026-09-13T02:49+02:00,A13,R,18.7,1,speedlimit
2026-09-13T02:49+02:00,A15,L,64.67,5,speedlimit
2026-09-13T02:49+02:00,A15,n,95.855,1,speedlimit
2026-09-13T02:49+02:00,A4,L,5.93,6,speedlimit
2026-09-13T02:49+02:00,A20,c,27.488,1,speedlimit
2026-09-13T02:49+02:00,A20,R,31.9,3,speedlimit
2026-09-13T02:49+02:00,A13,R,16.655,3,speedlimit
2026-09-13T02:49+02:00,A20,L,29.1,2,speedlimit
2026-09-13T02:49+02:00,A15,L,63.56,1,lane_closed
2026-09-13T02:49+02:00,A20,R,29.8,3,speedlimit
2026-09-13T02:49+02:00,A13,L,18.2,2,speedlimit
2026-09-13T02:49+02:00,A20,R,26.4,3,speedlimit
2026-09-13T02:49+02:00,A15,R,60.76,4,lane_closed
2026-09-13T02:49+02:00,A15,m,58.65,1,lane_closed
2026-09-13T02:49+02:00,A29,L,11.525,2,speedlimit
2026-09-13T02:49+02:00,A20,R,26.93,1,speedlimit
2026-09-13T02:49+02:00,A15,R,61.63,2,lane_closed
2026-09-13T02:49+02:00,A15,R,58.46,3,speedlimit
2026-09-13T02:49+02:00,A15,R,60.76,1,speedlimit
2026-09-13T02:49+02:00,A4,L,5.549,3,speedlimit
2026-09-13T02:49+02:00,A20,R,26.4,2,speedlimit
2026-09-13T02:49+02:00,A15,L,63.56,3,speedlimit
2026-09-13T02:49+02:00,A20,L,27.488,2,speedlimit
2026-09-13T02:49+02:00,A20,L,30.196,3,speedlimit
2026-09-13T02:49+02:00,A4,h,46.06,1,speedlimit
2026-09-13T02:49+02:00,A4,R,3.01,2,speedlimit
2026-09-13T02:49+02:00,A4,L,5.549,4,speedlimit
2026-09-13T02:49+02:00,A15,m,61.995,4,lane_closed
2026-09-13T02:49+02:00,A20,L,28.41,1,speedlimit
2026-09-13T02:49+02:00,A13,L,13.18,4,lane_closed
2026-09-13T02:49+02:00,A13,L,17.8,2,speedlimit
2026-09-13T02:49+02:00,A4,L,5.93,2,speedlimit
2026-09-13T02:49+02:00,A20,R,28.57,1,speedlimit
2026-09-13T02:49+02:00,A4,L,5.549,5,speedlimit
2026-09-13T02:49+02:00,A20,R,30.196,4,speedlimit
2026-09-13T02:49+02:00,A29,L,10.78,2,speedlimit
2026-09-13T02:49+02:00,A4,L,5.225,2,speedlimit
2026-09-13T02:49+02:00,A20,t,29.6,2,speedlimit
2026-09-13T02:49+02:00,A4,L,5.225,4,speedlimit
2026-09-13T02:49+02:00,A20,L,38.3,1,lane_closed_ahead
2026-09-13T02:49+02:00,A15,L,64.67,4,speedlimit
2026-09-13T02:49+02:00,A15,L,65.685,1,speedlimit
2026-09-13T02:49+02:00,A15,L,64.67,1,lane_closed
2026-09-13T02:49+02:00,A20,R,26.93,2,speedlimit
2026-09-13T02:49+02:00,A4,R,3.27,3,speedlimit
2026-09-13T02:49+02:00,A20,L,30.9,3,speedlimit
2026-09-13T02:49+02:00,A13,L,18.8,3,speedlimit
2026-09-13T02:49+02:00,A20,L,37.8,1,lane_closed
2026-09-13T02:49+02:00,A20,R,28.8,1,speedlimit
2026-09-13T02:49+02:00,A15,R,61.05,2,lane_closed
2026-09-13T02:49+02:00,A13,L,18.8,1,speedlimit
2026-09-13T02:49+02:00,A4,h,46.4,2,speedlimit
2026-09-13T02:49+02:00,A13,R,16.2,2,speedlimit
2026-09-13T02:49+02:00,A4,m,3.83,1,speedlimit
2026-09-13T02:49+02:00,A4,L,5.549,2,speedlimit
2026-09-13T02:49+02:00,A20,L,31.4,3,speedlimit
2026-09-13T02:49+02:00,A20,L,30.196,4,speedlimit
2026-09-13T02:49+02:00,A4,L,5.225,5,speedlimit
2026-09-13T02:49+02:00,A4,f,3.96,2,lane_closed
2026-09-13T02:49+02:00,A13,R,18.2,2,speedlimit
2026-09-13T02:49+02:00,A4,R,3.01,1,speedlimit
2026-09-13T02:49+02:00,A13,L,17.8,1,speedlimit
2026-09-13T02:49+02:00,A20,R,29.8,1,speedlimit
2026-09-13T02:49+02:00,A20,R,31.26,2,speedlimit
2026-09-13T02:49+02:00,A15,m,58.46,1,lane_closed_ahead
2026-09-13T02:49+02:00,A4,R,3.27,5,speedlimit
2026-09-13T02:49+02:00,A15,m,59.11,3,speedlimit
2026-09-13T02:49+02:00,A15,x,56.6,1,lane_closed
2026-09-13T02:49+02:00,A4,R,3.01,3,speedlimit
2026-09-13T02:49+02:00,A20,R,31.26,3,speedlimit
2026-09-13T02:49+02:00,A20,R,26.64,3,speedlimit
2026-09-13T02:49+02:00,A20,R,26.64,4,speedlimit
2026-09-13T02:49+02:00,A20,R,26.4,1,speedlimit
2026-09-13T02:49+02:00,A13,R,17.1,1,speedlimit
2026-09-13T02:49+02:00,A15,R,59.2,3,speedlimit
2026-09-13T02:49+02:00,A20,R,29.5,3,speedlimit
2026-09-13T02:49+02:00,A15,R,58.46,4,speedlimit
2026-09-13T02:49+02:00,A29,L,10.63,3,lane_closed
2026-09-13T02:49+02:00,A13,L,13.7,4,lane_closed
2026-09-13T02:49+02:00,A15,L,63.56,2,speedlimit
2026-09-13T02:49+02:00,A13,L,14.2,4,lane_closed
2026-09-13T02:49+02:00,A15,R,60.76,2,lane_closed
2026-09-13T02:49+02:00,A4,h,46.4,1,speedlimit
2026-09-13T02:49+02:00,A29,L,11.525,4,speedlimit
2026-09-13T02:49+02:00,A15,x,56.25,2,speedlimit
2026-09-13T02:49+02:00,A15,x,55.14,2,speedlimit
2026-09-13T02:49+02:00,A20,t,29.6,1,speedlimit
2026-09-13T02:49+02:00,A15,L,65.685,4,speedlimit
2026-09-13T02:49+02:00,A20,R,29.8,4,speedlimit
2026-09-13T02:49+02:00,A13,R,18.7,2,speedlimit
2026-09-13T02:49+02:00,A20,R,27.488,1,speedlimit
2026-09-13T02:49+02:00,A15,R,62.454,1,speedlimit
2026-09-13T02:49+02:00,A15,m,59.11,1,lane_closed
2026-09-13T02:49+02:00,A20,R,29.5,2,speedlimit
2026-09-13T02:49+02:00,A20,L,27.2,2,speedlimit
2026-09-13T02:49+02:00,A13,R,18.963,1,speedlimit
2026-09-13T02:49+02:00,A13,L,17.1,1,speedlimit
2026-09-13T02:49+02:00,A15,R,61.63,3,lane_closed
2026-09-13T02:49+02:00,A20,L,31.88,3,speedlimit
2026-09-13T02:49+02:00,A13,L,17.1,4,speedlimit
2026-09-13T02:49+02:00,A13,R,16.655,2,speedlimit
2026-09-13T02:49+02:00,A13,L,15.55,5,lane_closed
2026-09-13T02:49+02:00,A15,x,56.6,2,speedlimit
2026-09-13T02:49+02:00,A4,k,4.44,1,speedlimit
2026-09-13T02:49+02:00,A15,m,58.65,2,speedlimit
2026-09-13T02:49+02:00,A15,R,59.95,3,lane_closed
2026-09-13T02:49+02:00,A4,L,5.225,1,speedlimit
2026-09-13T02:49+02:00,A20,L,32.8,3,speedlimit
2026-09-13T02:49+02:00,A15,R,61.63,6,lane_closed
2026-09-13T02:49+02:00,A15,R,58.46,1,speedlimit
2026-09-13T02:49+02:00,A20,R,30.196,1,speedlimit
2026-09-13T02:49+02:00,A20,L,29.826,4,speedlimit
2026-09-13T02:49+02:00,A15,x,55.59,2,speedlimit
2026-09-13T02:49+02:00,A20,s,29.6,1,speedlimit
2026-09-13T02:49+02:00,A20,L,28.57,2,speedlimit
2026-09-13T02:49+02:00,A20,R,30.6,2,speedlimit
2026-09-13T02:49+02:00,A15,R,59.57,1,speedlimit
2026-09-13T02:49+02:00,A29,s,9.91,2,lane_closed
2026-09-13T02:49+02:00,A15,L,65.25,3,speedlimit
2026-09-13T02:49+02:00,A13,L,17.1,2,speedlimit
2026-09-13T02:49+02:00,A20,L,28.57,3,speedlimit
2026-09-13T02:49+02:00,A15,R,59.57,3,lane_closed
2026-09-13T02:49+02:00,A15,L,64.67,3,speedlimit
2026-09-13T02:49+02:00,A20,R,26.4,4,speedlimit
2026-09-13T02:49+02:00,A20,R,30.196,2,speedlimit
2026-09-13T02:49+02:00,A13,R,17.8,3,speedlimit
2026-09-13T02:49+02:00,A15,n,95.855,2,speedlimit
2026-09-13T03:48+02:00,A13,L,16.7,1,speedlimit
2026-09-13T03:48+02:00,A15,R,59.2,2,speedlimit
2026-09-13T03:48+02:00,A20,L,30.196,2,speedlimit
2026-09-13T03:48+02:00,A13,R,16.655,1,speedlimit
2026-09-13T03:48+02:00,A13,R,17.1,2,speedlimit
2026-09-13T03:48+02:00,A15,R,61.63,4,lane_closed
2026-09-13T03:48+02:00,A4,L,5.93,1,speedlimit
2026-09-13T03:48+02:00,A4,j,4.65,2,lane_closed
2026-09-13T03:48+02:00,A15,R,61.33,5,lane_closed
2026-09-13T03:48+02:00,A29,v,10.39,1,lane_closed
2026-09-13T03:48+02:00,A15,R,58.05,4,speedlimit
2026-09-13T03:48+02:00,A29,L,11.06,4,speedlimit
2026-09-13T03:48+02:00,A29,L,11.06,2,speedlimit
2026-09-13T03:48+02:00,A16,R,24.03,2,speedlimit
2026-09-13T03:48+02:00,A13,R,18.5,1,speedlimit
2026-09-13T03:48+02:00,A4,R,3.27,4,speedlimit
2026-09-13T03:48+02:00,A20,L,29.5,2,speedlimit
2026-09-13T03:48+02:00,A13,R,18.5,4,speedlimit
2026-09-13T03:48+02:00,A15,m,58.46,3,speedlimit
2026-09-13T03:48+02:00,A13,R,18.2,3,speedlimit
2026-09-13T03:48+02:00,A20,R,28.1,1,speedlimit
2026-09-13T03:48+02:00,A16,R,24.03,3,speedlimit
2026-09-13T03:48+02:00,A20,R,30.196,3,speedlimit
2026-09-13T03:48+02:00,A4,j,4.65,1,lane_closed
2026-09-13T03:48+02:00,A20,L,36.94,1,lane_closed
2026-09-13T03:48+02:00,A15,R,58.05,1,speedlimit
2026-09-13T03:48+02:00,A15,R,58.46,2,speedlimit
2026-09-13T03:48+02:00,A15,n,95.855,3,speedlimit
2026-09-13T03:48+02:00,A13,R,17.8,2,speedlimit
2026-09-13T03:48+02:00,A15,R,61.05,6,lane_closed
2026-09-13T03:48+02:00,A4,L,5.225,6,lane_closed
2026-09-13T03:48+02:00,A20,s,29.6,2,speedlimit
2026-09-13T03:48+02:00,A15,L,65.25,2,speedlimit
2026-09-13T03:48+02:00,A15,L,65.685,3,speedlimit
2026-09-13T03:48+02:00,A15,R,58.05,2,speedlimit
2026-09-13T03:48+02:00,A20,R,26.93,4,speedlimit
2026-09-13T03:48+02:00,A20,R,28.57,3,speedlimit
2026-09-13T03:48+02:00,A15,R,61.05,1,speedlimit
2026-09-13T03:48+02:00,A29,v,10.8,1,lane_closed
2026-09-13T03:48+02:00,A29,s,9.64,2,lane_closed
2026-09-13T03:48+02:00,A13,L,18.8,2,speedlimit
2026-09-13T03:48+02:00,A15,R,60.49,4,lane_closed
2026-09-13T03:48+02:00,A15,R,62.454,3,lane_closed
2026-09-13T03:48+02:00,A20,R,27.235,1,speedlimit
2026-09-13T03:48+02:00,A20,L,28.41,2,speedlimit
2026-09-13T03:48+02:00,A20,R,27.79,2,speedlimit
2026-09-13T03:48+02:00,A13,R,18.5,3,speedlimit
2026-09-13T03:48+02:00,A20,R,28.57,4,speedlimit
2026-09-13T03:48+02:00,A20,R,31.26,4,speedlimit
2026-09-13T03:48+02:00,A20,L,29.826,2,speedlimit
2026-09-13T03:48+02:00,A20,L,35.925,1,lane_closed
2026-09-13T03:48+02:00,A20,L,28.57,1,speedlimit
2026-09-13T03:48+02:00,A20,R,29.5,4,speedlimit
2026-09-13T03:48+02:00,A16,R,23.2,2,speedlimit
2026-09-13T03:48+02:00,A15,m,60.07,1,lane_closed
2026-09-13T03:48+02:00,A20,R,28.1,2,speedlimit
2026-09-13T03:48+02:00,A20,R,26.64,1,speedlimit
2026-09-13T03:48+02:00,A15,R,61.05,4,lane_closed
2026-09-13T03:48+02:00,A15,L,64.2,2,speedlimit
2026-09-13T03:48+02:00,A15,R,60.49,3,lane_closed
2026-09-13T03:48+02:00,A29,R,9.83,1,lane_closed
2026-09-13T03:48+02:00,A20,L,32.8,2,speedlimit
2026-09-13T03:48+02:00,A29,R,9.5,3,speedlimit
2026-09-13T03:48+02:00,A15,L,65.25,4,speedlimit
2026-09-13T03:48+02:00,A15,R,59.2,1,speedlimit
2026-09-13T03:48+02:00,A13,L,17.1,3,speedlimit
2026-09-13T03:48+02:00,A29,L,10.63,1,speedlimit
2026-09-13T03:48+02:00,A20,L,36.625,1,lane_closed
2026-09-13T03:48+02:00,A15,R,62.454,2,lane_closed
2026-09-13T03:48+02:00,A29,L,11.525,1,speedlimit
2026-09-13T03:48+02:00,A4,L,5.549,6,lane_closed_ahead
2026-09-13T03:48+02:00,A29,s,9.64,1,lane_closed
2026-09-13T03:48+02:00,A20,L,27.488,1,speedlimit
2026-09-13T03:48+02:00,A20,L,27.2,1,speedlimit
2026-09-13T03:48+02:00,A4,h,46.06,2,speedlimit
2026-09-13T03:48+02:00,A15,R,59.57,2,lane_closed_ahead
2026-09-13T03:48+02:00,A20,L,27.8,2,speedlimit
2026-09-13T03:48+02:00,A4,k,4.44,3,lane_closed
2026-09-13T03:48+02:00,A15,R,58.05,5,speedlimit
2026-09-13T03:48+02:00,A13,L,18.2,3,speedlimit
2026-09-13T03:48+02:00,A4,m,3.83,3,lane_closed
2026-09-13T03:48+02:00,A29,L,10.63,2,speedlimit
2026-09-13T03:48+02:00,A20,L,31.88,1,speedlimit
2026-09-13T03:48+02:00,A29,L,11.06,1,speedlimit
2026-09-13T03:48+02:00,A4,m,3.83,4,lane_closed
2026-09-13T03:48+02:00,A13,L,16.7,2,speedlimit
2026-09-13T03:48+02:00,A20,L,30.9,2,speedlimit
2026-09-13T03:48+02:00,A20,L,28.085,1,speedlimit
2026-09-13T03:48+02:00,A15,R,58.05,3,speedlimit
2026-09-13T03:48+02:00,A15,R,61.33,3,lane_closed
2026-09-13T03:48+02:00,A20,R,30.6,1,speedlimit
2026-09-13T03:48+02:00,A13,R,17.1,3,speedlimit
2026-09-13T03:48+02:00,A20,R,26.93,3,speedlimit
2026-09-13T03:48+02:00,A15,R,62.062,2,lane_closed
2026-09-13T03:48+02:00,A20,L,31.4,1,speedlimit
2026-09-13T03:48+02:00,A29,s,10.4,1,lane_closed
2026-09-13T03:48+02:00,A15,R,61.05,3,lane_closed
2026-09-13T03:48+02:00,A4,L,5.225,3,speedlimit
2026-09-13T03:48+02:00,A16,R,23.5,3,speedlimit
2026-09-13T03:48+02:00,A15,m,59.11,2,speedlimit
2026-09-13T03:48+02:00,A20,L,31.1,2,speedlimit
2026-09-13T03:48+02:00,A13,g,18.7,2,speedlimit
2026-09-13T03:48+02:00,A15,L,65.685,2,speedlimit
2026-09-13T03:48+02:00,A15,m,61.995,3,lane_closed
2026-09-13T03:48+02:00,A20,L,31.4,2,speedlimit
2026-09-13T03:48+02:00,A4,f,3.96,1,lane_closed
2026-09-13T03:48+02:00,A15,R,61.63,1,speedlimit
2026-09-13T03:48+02:00,A29,R,9.5,1,lane_closed_ahead
2026-09-13T03:48+02:00,A15,R,61.33,4,lane_closed
2026-09-13T03:48+02:00,A13,L,15.9,3,lane_closed
2026-09-13T03:48+02:00,A4,R,3.27,1,speedlimit
2026-09-13T03:48+02:00,A13,R,16.2,1,speedlimit
2026-09-13T03:48+02:00,A29,s,10.4,2,lane_closed
2026-09-13T03:48+02:00,A13,R,18.5,2,speedlimit
2026-09-13T03:48+02:00,A20,L,30.196,1,speedlimit
2026-09-13T03:48+02:00,A20,R,27.79,1,speedlimit
2026-09-13T03:48+02:00,A15,R,61.33,1,speedlimit
2026-09-13T03:48+02:00,A20,L,29.826,1,speedlimit
2026-09-13T03:48+02:00,A15,m,61.995,1,lane_closed
2026-09-13T03:48+02:00,A20,R,28.41,2,speedlimit
2026-09-13T03:48+02:00,A4,L,5.549,1,speedlimit
2026-09-13T03:48+02:00,A15,R,62.062,1,speedlimit
2026-09-13T03:48+02:00,A20,R,29.1,1,speedlimit
2026-09-13T03:48+02:00,A13,R,17.8,1,speedlimit
2026-09-13T03:48+02:00,A29,L,11.06,3,speedlimit
2026-09-13T03:48+02:00,A20,R,28.41,1,speedlimit
2026-09-13T03:48+02:00,A20,R,31.9,2,speedlimit
2026-09-13T03:48+02:00,A15,R,61.63,5,lane_closed
2026-09-13T03:48+02:00,A29,L,11.525,3,speedlimit
2026-09-13T03:48+02:00,A4,R,3.27,2,speedlimit
2026-09-13T03:48+02:00,A20,L,31.1,3,speedlimit
2026-09-13T03:48+02:00,A15,R,61.33,6,lane_closed
2026-09-13T03:48+02:00,A16,R,23.2,5,speedlimit
2026-09-13T03:48+02:00,A29,R,9.5,2,speedlimit
2026-09-13T03:48+02:00,A29,R,9.83,3,speedlimit
2026-09-13T03:48+02:00,A15,R,62.454,5,lane_closed
2026-09-13T03:48+02:00,A15,R,60.49,2,lane_closed
2026-09-13T03:48+02:00,A20,R,27.488,2,speedlimit
2026-09-13T03:48+02:00,A20,t,28.895,1,speedlimit
2026-09-13T03:48+02:00,A20,L,32.8,1,speedlimit
2026-09-13T03:48+02:00,A20,R,28.8,2,speedlimit
2026-09-13T03:48+02:00,A20,L,31.1,1,speedlimit
2026-09-13T03:48+02:00,A13,L,16.19,3,lane_closed
2026-09-13T03:48+02:00,A13,L,15.035,5,lane_closed
2026-09-13T03:48+02:00,A4,m,3.83,2,speedlimit
2026-09-13T03:48+02:00,A20,L,27.8,1,speedlimit
2026-09-13T03:48+02:00,A16,R,23.2,1,speedlimit
2026-09-13T03:48+02:00,A20,R,29.1,2,speedlimit
2026-09-13T03:48+02:00,A13,g,18.7,1,speedlimit
2026-09-13T03:48+02:00,A20,R,28.57,2,speedlimit
2026-09-13T03:48+02:00,A20,R,26.64,2,speedlimit
2026-09-13T03:48+02:00,A15,L,64.2,3,speedlimit
2026-09-13T03:48+02:00,A20,L,29.1,1,speedlimit
2026-09-13T03:48+02:00,A13,L,18.2,1,speedlimit
2026-09-13T03:48+02:00,A15,L,64.67,2,speedlimit
2026-09-13T03:48+02:00,A13,L,12.7,4,lane_closed
2026-09-13T03:48+02:00,A20,L,31.88,2,speedlimit
2026-09-13T03:48+02:00,A15,R,62.454,4,lane_closed
2026-09-13T03:48+02:00,A20,L,28.085,2,speedlimit
2026-09-13T03:48+02:00,A15,R,62.062,3,lane_closed
2026-09-13T03:48+02:00,A20,R,30.6,3,speedlimit
2026-09-13T03:48+02:00,A15,m,58.65,3,speedlimit
2026-09-13T03:48+02:00,A20,L,35.52,1,lane_closed
2026-09-13T03:48+02:00,A15,R,62.062,4,lane_closed
2026-09-13T03:48+02:00,A29,s,9.91,1,lane_closed
2026-09-13T03:48+02:00,A20,R,29.8,2,speedlimit
2026-09-13T03:48+02:00,A15,L,64.2,1,lane_closed
2026-09-13T03:48+02:00,A20,R,27.235,2,speedlimit
2026-09-13T03:48+02:00,A20,L,37.3,1,lane_closed
2026-09-13T03:48+02:00,A15,R,59.95,1,speedlimit
2026-09-13T03:48+02:00,A13,R,18.2,1,speedlimit
2026-09-13T03:48+02:00,A4,k,4.44,2,lane_closed
2026-09-13T03:48+02:00,A15,L,65.25,1,lane_closed_ahead
2026-09-13T03:48+02:00,A29,L,10.78,1,speedlimit
2026-09-13T03:48+02:00,A15,e,95.55,1,speedlimit
2026-09-13T03:48+02:00,A13,e,19.1,1,speedlimit
2026-09-13T03:48+02:00,A29,L,10.63,4,lane_closed
2026-09-13T03:48+02:00,A29,R,9.83,2,speedlimit
2026-09-13T03:48+02:00,A15,R,60.49,1,speedlimit
2026-09-13T03:48+02:00,A13,L,17.8,3,speedlimit
2026-09-13T03:48+02:00,A4,R,3.01,5,speedlimit
2026-09-13T03:48+02:00,A4,L,5.93,3,speedlimit
2026-09-13T03:48+02:00,A20,R,31.26,1,speedlimit
2026-09-13T03:48+02:00,A16,R,23.5,1,speedlimit
2026-09-13T03:48+02:00,A4,L,5.93,5,speedlimit
2026-09-13T03:48+02:00,A15,R,61.05,5,lane_closed
2026-09-13T03:48+02:00,A15,R,59.2,4,lane_closed_ahead
2026-09-13T03:48+02:00,A16,R,23.5,2,speedlimit
2026-09-13T03:48+02:00,A15,R,61.33,2,lane_closed
2026-09-13T03:48+02:00,A20,L,29.826,3,speedlimit
2026-09-13T03:48+02:00,A15,m,61.995,2,lane_closed
2026-09-13T03:48+02:00,A4,h,45.58,3,lane_closed
2026-09-13T03:48+02:00,A20,L,29.5,1,speedlimit
2026-09-13T03:48+02:00,A20,R,28.8,3,speedlimit
2026-09-13T03:48+02:00,A20,R,29.5,1,speedlimit
2026-09-13T03:48+02:00,A15,R,60.76,3,lane_closed
2026-09-13T03:48+02:00,A15,R,59.95,2,lane_closed
2026-09-13T03:48+02:00,A13,L,11.25,4,lane_closed
2026-09-13T03:48+02:00,A20,L,30.9,1,speedlimit
2026-09-13T03:48+02:00,A13,R,18.2,4,speedlimit
2026-09-13T03:48+02:00,A4,L,5.93,4,speedlimit
2026-09-13T03:48+02:00,A15,m,59.58,1,lane_closed
2026-09-13T03:48+02:00,A13,R,18.7,1,speedlimit
2026-09-13T03:48+02:00,A15,L,64.67,5,speedlimit
2026-09-13T03:48+02:00,A15,n,95.855,1,speedlimit
2026-09-13T03:48+02:00,A4,L,5.93,6,speedlimit
2026-09-13T03:48+02:00,A20,c,27.488,1,speedlimit
2026-09-13T03:48+02:00,A20,R,31.9,3,speedlimit
2026-09-13T03:48+02:00,A13,R,16.655,3,speedlimit
2026-09-13T03:48+02:00,A20,L,29.1,2,speedlimit
2026-09-13T03:48+02:00,A15,L,63.56,1,lane_closed
2026-09-13T03:48+02:00,A20,R,29.8,3,speedlimit
2026-09-13T03:48+02:00,A13,L,18.2,2,speedlimit
2026-09-13T03:48+02:00,A20,R,26.4,3,speedlimit
2026-09-13T03:48+02:00,A15,R,60.76,4,lane_closed
2026-09-13T03:48+02:00,A15,m,58.65,1,lane_closed
2026-09-13T03:48+02:00,A29,L,11.525,2,speedlimit
2026-09-13T03:48+02:00,A20,R,26.93,1,speedlimit
2026-09-13T03:48+02:00,A15,R,61.63,2,lane_closed
2026-09-13T03:48+02:00,A15,R,58.46,3,speedlimit
2026-09-13T03:48+02:00,A15,R,60.76,1,speedlimit
2026-09-13T03:48+02:00,A4,L,5.549,3,speedlimit
2026-09-13T03:48+02:00,A20,R,26.4,2,speedlimit
2026-09-13T03:48+02:00,A15,L,63.56,3,speedlimit
2026-09-13T03:48+02:00,A20,L,27.488,2,speedlimit
2026-09-13T03:48+02:00,A20,L,30.196,3,speedlimit
2026-09-13T03:48+02:00,A4,h,46.06,1,speedlimit
2026-09-13T03:48+02:00,A4,R,3.01,2,speedlimit
2026-09-13T03:48+02:00,A4,L,5.549,4,speedlimit
2026-09-13T03:48+02:00,A15,m,61.995,4,lane_closed
2026-09-13T03:48+02:00,A20,L,28.41,1,speedlimit
2026-09-13T03:48+02:00,A13,L,13.18,4,lane_closed
2026-09-13T03:48+02:00,A13,L,17.8,2,speedlimit
2026-09-13T03:48+02:00,A4,L,5.93,2,speedlimit
2026-09-13T03:48+02:00,A20,R,28.57,1,speedlimit
2026-09-13T03:48+02:00,A4,L,5.549,5,speedlimit
2026-09-13T03:48+02:00,A20,R,30.196,4,speedlimit
2026-09-13T03:48+02:00,A29,L,10.78,2,speedlimit
2026-09-13T03:48+02:00,A4,L,5.225,2,speedlimit
2026-09-13T03:48+02:00,A20,t,29.6,2,speedlimit
2026-09-13T03:48+02:00,A4,L,5.225,4,speedlimit
2026-09-13T03:48+02:00,A20,L,38.3,1,lane_closed_ahead
2026-09-13T03:48+02:00,A15,L,64.67,4,speedlimit
2026-09-13T03:48+02:00,A15,L,65.685,1,speedlimit
2026-09-13T03:48+02:00,A15,L,64.67,1,lane_closed
2026-09-13T03:48+02:00,A20,R,26.93,2,speedlimit
2026-09-13T03:48+02:00,A4,R,3.27,3,speedlimit
2026-09-13T03:48+02:00,A20,L,30.9,3,speedlimit
2026-09-13T03:48+02:00,A13,L,18.8,3,speedlimit
2026-09-13T03:48+02:00,A20,L,37.8,1,lane_closed
2026-09-13T03:48+02:00,A20,R,28.8,1,speedlimit
2026-09-13T03:48+02:00,A15,R,61.05,2,lane_closed
2026-09-13T03:48+02:00,A13,L,18.8,1,speedlimit
2026-09-13T03:48+02:00,A4,h,46.4,2,speedlimit
2026-09-13T03:48+02:00,A13,R,16.2,2,speedlimit
2026-09-13T03:48+02:00,A4,m,3.83,1,speedlimit
2026-09-13T03:48+02:00,A4,L,5.549,2,speedlimit
2026-09-13T03:48+02:00,A20,L,31.4,3,speedlimit
2026-09-13T03:48+02:00,A20,L,30.196,4,speedlimit
2026-09-13T03:48+02:00,A4,L,5.225,5,speedlimit
2026-09-13T03:48+02:00,A4,f,3.96,2,lane_closed
2026-09-13T03:48+02:00,A13,R,18.2,2,speedlimit
2026-09-13T03:48+02:00,A4,R,3.01,1,speedlimit
2026-09-13T03:48+02:00,A13,L,17.8,1,speedlimit
2026-09-13T03:48+02:00,A20,R,29.8,1,speedlimit
2026-09-13T03:48+02:00,A20,R,31.26,2,speedlimit
2026-09-13T03:48+02:00,A15,m,58.46,1,lane_closed_ahead
2026-09-13T03:48+02:00,A4,R,3.27,5,speedlimit
2026-09-13T03:48+02:00,A15,m,59.11,3,speedlimit
2026-09-13T03:48+02:00,A4,R,3.01,3,speedlimit
2026-09-13T03:48+02:00,A20,R,31.26,3,speedlimit
2026-09-13T03:48+02:00,A20,R,26.64,3,speedlimit
2026-09-13T03:48+02:00,A20,R,26.64,4,speedlimit
2026-09-13T03:48+02:00,A16,R,24.03,1,speedlimit
2026-09-13T03:48+02:00,A20,R,26.4,1,speedlimit
2026-09-13T03:48+02:00,A13,R,17.1,1,speedlimit
2026-09-13T03:48+02:00,A15,R,59.2,3,speedlimit
2026-09-13T03:48+02:00,A20,R,29.5,3,speedlimit
2026-09-13T03:48+02:00,A15,R,58.46,4,speedlimit
2026-09-13T03:48+02:00,A29,L,10.63,3,lane_closed
2026-09-13T03:48+02:00,A13,L,13.7,4,lane_closed
2026-09-13T03:48+02:00,A15,L,63.56,2,speedlimit
2026-09-13T03:48+02:00,A13,L,14.2,4,lane_closed
2026-09-13T03:48+02:00,A15,R,60.76,2,lane_closed
2026-09-13T03:48+02:00,A4,h,46.4,1,speedlimit
2026-09-13T03:48+02:00,A29,L,11.525,4,speedlimit
2026-09-13T03:48+02:00,A20,t,29.6,1,speedlimit
2026-09-13T03:48+02:00,A15,L,65.685,4,speedlimit
2026-09-13T03:48+02:00,A20,R,29.8,4,speedlimit
2026-09-13T03:48+02:00,A13,R,18.7,2,speedlimit
2026-09-13T03:48+02:00,A20,R,27.488,1,speedlimit
2026-09-13T03:48+02:00,A15,R,62.454,1,speedlimit
2026-09-13T03:48+02:00,A16,R,23.2,3,speedlimit
2026-09-13T03:48+02:00,A15,m,59.11,1,lane_closed
2026-09-13T03:48+02:00,A20,R,29.5,2,speedlimit
2026-09-13T03:48+02:00,A20,L,27.2,2,speedlimit
2026-09-13T03:48+02:00,A13,R,18.963,1,speedlimit
2026-09-13T03:48+02:00,A13,L,17.1,1,speedlimit
2026-09-13T03:48+02:00,A15,R,61.63,3,lane_closed
2026-09-13T03:48+02:00,A20,L,31.88,3,speedlimit
2026-09-13T03:48+02:00,A13,L,17.1,4,speedlimit
2026-09-13T03:48+02:00,A13,R,16.655,2,speedlimit
2026-09-13T03:48+02:00,A13,L,15.55,5,lane_closed
2026-09-13T03:48+02:00,A4,k,4.44,1,speedlimit
2026-09-13T03:48+02:00,A15,m,58.65,2,speedlimit
2026-09-13T03:48+02:00,A15,R,59.95,3,lane_closed
2026-09-13T03:48+02:00,A4,L,5.225,1,speedlimit
2026-09-13T03:48+02:00,A20,L,32.8,3,speedlimit
2026-09-13T03:48+02:00,A15,R,61.63,6,lane_closed
2026-09-13T03:48+02:00,A15,R,58.46,1,speedlimit
2026-09-13T03:48+02:00,A16,R,23.2,4,speedlimit
2026-09-13T03:48+02:00,A20,R,30.196,1,speedlimit
2026-09-13T03:48+02:00,A20,L,29.826,4,speedlimit
2026-09-13T03:48+02:00,A20,s,29.6,1,speedlimit
2026-09-13T03:48+02:00,A20,L,28.57,2,speedlimit
2026-09-13T03:48+02:00,A20,R,30.6,2,speedlimit
2026-09-13T03:48+02:00,A15,R,59.57,1,speedlimit
2026-09-13T03:48+02:00,A29,s,9.91,2,lane_closed
2026-09-13T03:48+02:00,A15,L,65.25,3,speedlimit
2026-09-13T03:48+02:00,A13,L,17.1,2,speedlimit
2026-09-13T03:48+02:00,A20,L,28.57,3,speedlimit
2026-09-13T03:48+02:00,A15,R,59.57,3,lane_closed
2026-09-13T03:48+02:00,A15,L,64.67,3,speedlimit
2026-09-13T03:48+02:00,A20,R,26.4,4,speedlimit
2026-09-13T03:48+02:00,A20,R,30.196,2,speedlimit
2026-09-13T03:48+02:00,A13,R,17.8,3,speedlimit
2026-09-13T03:48+02:00,A15,n,95.855,2,speedlimit
2026-09-13T04:48+02:00,A13,L,16.7,1,speedlimit
2026-09-13T04:48+02:00,A15,y,47.092,2,speedlimit
2026-09-13T04:48+02:00,A15,L,37.389,1,lane_closed
2026-09-13T04:48+02:00,A15,R,59.2,2,speedlimit
2026-09-13T04:48+02:00,A15,L,36.658,2,speedlimit
2026-09-13T04:48+02:00,A20,L,30.196,2,speedlimit
2026-09-13T04:48+02:00,A13,R,16.655,1,speedlimit
2026-09-13T04:48+02:00,A13,R,17.1,2,speedlimit
2026-09-13T04:48+02:00,A15,R,61.63,4,lane_closed
2026-09-13T04:48+02:00,A4,L,5.93,1,speedlimit
2026-09-13T04:48+02:00,A4,j,4.65,2,lane_closed
2026-09-13T04:48+02:00,A15,R,61.33,5,lane_closed
2026-09-13T04:48+02:00,A29,v,10.39,1,lane_closed
2026-09-13T04:48+02:00,A15,R,58.05,4,speedlimit
2026-09-13T04:48+02:00,A29,L,11.06,4,speedlimit
2026-09-13T04:48+02:00,A29,L,11.06,2,speedlimit
2026-09-13T04:48+02:00,A15,L,37.199,3,speedlimit
2026-09-13T04:48+02:00,A13,R,18.5,1,speedlimit
2026-09-13T04:48+02:00,A4,R,3.27,4,speedlimit
2026-09-13T04:48+02:00,A20,L,29.5,2,speedlimit
2026-09-13T04:48+02:00,A15,L,37.199,1,lane_closed
2026-09-13T04:48+02:00,A4,R,7.762,3,speedlimit
2026-09-13T04:48+02:00,A13,R,18.5,4,speedlimit
2026-09-13T04:48+02:00,A15,m,58.46,3,speedlimit
2026-09-13T04:48+02:00,A13,R,18.2,3,speedlimit
2026-09-13T04:48+02:00,A20,R,28.1,1,speedlimit
2026-09-13T04:48+02:00,A20,R,30.196,3,speedlimit
2026-09-13T04:48+02:00,A4,j,4.65,1,lane_closed
2026-09-13T04:48+02:00,A4,R,7.762,2,speedlimit
2026-09-13T04:48+02:00,A20,L,36.94,1,lane_closed
2026-09-13T04:48+02:00,A15,R,58.05,1,speedlimit
2026-09-13T04:48+02:00,A15,L,36.999,3,speedlimit
2026-09-13T04:48+02:00,A15,R,58.46,2,speedlimit
2026-09-13T04:48+02:00,A15,n,95.855,3,speedlimit
2026-09-13T04:48+02:00,A13,R,17.8,2,speedlimit
2026-09-13T04:48+02:00,A15,R,61.05,6,lane_closed
2026-09-13T04:48+02:00,A4,L,5.225,6,lane_closed
2026-09-13T04:48+02:00,A20,s,29.6,2,speedlimit
2026-09-13T04:48+02:00,A15,L,65.25,2,speedlimit
2026-09-13T04:48+02:00,A15,L,65.685,3,speedlimit
2026-09-13T04:48+02:00,A15,y,47.43,2,speedlimit
2026-09-13T04:48+02:00,A15,R,58.05,2,speedlimit
2026-09-13T04:48+02:00,A15,x,46.135,3,speedlimit
2026-09-13T04:48+02:00,A20,R,26.93,4,speedlimit
2026-09-13T04:48+02:00,A20,R,28.57,3,speedlimit
2026-09-13T04:48+02:00,A15,R,61.05,1,speedlimit
2026-09-13T04:48+02:00,A29,v,10.8,1,lane_closed
2026-09-13T04:48+02:00,A29,s,9.64,2,lane_closed
2026-09-13T04:48+02:00,A13,L,18.8,2,speedlimit
2026-09-13T04:48+02:00,A15,R,60.49,4,lane_closed
2026-09-13T04:48+02:00,A15,R,62.454,3,lane_closed
2026-09-13T04:48+02:00,A20,R,27.235,1,speedlimit
2026-09-13T04:48+02:00,A20,L,28.41,2,speedlimit
2026-09-13T04:48+02:00,A4,R,6.6,2,speedlimit
2026-09-13T04:48+02:00,A20,R,27.79,2,speedlimit
2026-09-13T04:48+02:00,A13,R,18.5,3,speedlimit
2026-09-13T04:48+02:00,A20,R,28.57,4,speedlimit
2026-09-13T04:48+02:00,A20,R,31.26,4,speedlimit
2026-09-13T04:48+02:00,A20,L,29.826,2,speedlimit
2026-09-13T04:48+02:00,A20,L,35.925,1,lane_closed
2026-09-13T04:48+02:00,A20,L,28.57,1,speedlimit
2026-09-13T04:48+02:00,A20,R,29.5,4,speedlimit
2026-09-13T04:48+02:00,A15,x,46.135,1,speedlimit
2026-09-13T04:48+02:00,A15,m,60.07,1,lane_closed
2026-09-13T04:48+02:00,A20,R,28.1,2,speedlimit
2026-09-13T04:48+02:00,A20,R,26.64,1,speedlimit
2026-09-13T04:48+02:00,A4,R,6.6,3,speedlimit
2026-09-13T04:48+02:00,A15,R,61.05,4,lane_closed
2026-09-13T04:48+02:00,A15,L,64.2,2,speedlimit
2026-09-13T04:48+02:00,A15,R,60.49,3,lane_closed
2026-09-13T04:48+02:00,A29,R,9.83,1,lane_closed
2026-09-13T04:48+02:00,A20,L,32.8,2,speedlimit
2026-09-13T04:48+02:00,A29,R,9.5,3,speedlimit
2026-09-13T04:48+02:00,A15,L,65.25,4,speedlimit
2026-09-13T04:48+02:00,A15,R,59.2,1,speedlimit
2026-09-13T04:48+02:00,A13,L,17.1,3,speedlimit
2026-09-13T04:48+02:00,A29,L,10.63,1,speedlimit
2026-09-13T04:48+02:00,A20,L,36.625,1,lane_closed
2026-09-13T04:48+02:00,A15,R,62.454,2,lane_closed
2026-09-13T04:48+02:00,A29,L,11.525,1,speedlimit
2026-09-13T04:48+02:00,A4,L,5.549,6,lane_closed_ahead
2026-09-13T04:48+02:00,A4,R,7.304,3,speedlimit
2026-09-13T04:48+02:00,A15,L,36.898,3,speedlimit
2026-09-13T04:48+02:00,A29,s,9.64,1,lane_closed
2026-09-13T04:48+02:00,A20,L,27.488,1,speedlimit
2026-09-13T04:48+02:00,A15,L,38.01,2,speedlimit
2026-09-13T04:48+02:00,A20,L,27.2,1,speedlimit
2026-09-13T04:48+02:00,A4,h,46.06,2,speedlimit
2026-09-13T04:48+02:00,A15,R,59.57,2,lane_closed_ahead
2026-09-13T04:48+02:00,A20,L,27.8,2,speedlimit
2026-09-13T04:48+02:00,A15,L,37.098,2,speedlimit
2026-09-13T04:48+02:00,A4,k,4.44,3,lane_closed
2026-09-13T04:48+02:00,A15,R,58.05,5,speedlimit
2026-09-13T04:48+02:00,A13,L,18.2,3,speedlimit
2026-09-13T04:48+02:00,A4,m,3.83,3,lane_closed
2026-09-13T04:48+02:00,A15,L,37.61,2,speedlimit
2026-09-13T04:48+02:00,A29,L,10.63,2,speedlimit
2026-09-13T04:48+02:00,A20,L,31.88,1,speedlimit
2026-09-13T04:48+02:00,A4,R,7.155,1,speedlimit
2026-09-13T04:48+02:00,A29,L,11.06,1,speedlimit
2026-09-13T04:48+02:00,A15,L,37.5,1,lane_closed
2026-09-13T04:48+02:00,A4,m,3.83,4,lane_closed
2026-09-13T04:48+02:00,A13,L,16.7,2,speedlimit
2026-09-13T04:48+02:00,A15,L,38.01,1,speedlimit
2026-09-13T04:48+02:00,A20,L,30.9,2,speedlimit
2026-09-13T04:48+02:00,A20,L,28.085,1,speedlimit
2026-09-13T04:48+02:00,A15,R,58.05,3,speedlimit
2026-09-13T04:48+02:00,A15,R,61.33,3,lane_closed
2026-09-13T04:48+02:00,A15,L,37.8,2,speedlimit
2026-09-13T04:48+02:00,A15,L,37.098,3,speedlimit
2026-09-13T04:48+02:00,A20,R,30.6,1,speedlimit
2026-09-13T04:48+02:00,A13,R,17.1,3,speedlimit
2026-09-13T04:48+02:00,A15,L,36.418,3,speedlimit
2026-09-13T04:48+02:00,A15,L,36.778,2,speedlimit
2026-09-13T04:48+02:00,A20,R,26.93,3,speedlimit
2026-09-13T04:48+02:00,A15,R,62.062,2,lane_closed
2026-09-13T04:48+02:00,A15,L,36.898,2,speedlimit
2026-09-13T04:48+02:00,A20,L,31.4,1,speedlimit
2026-09-13T04:48+02:00,A4,R,7.762,1,speedlimit
2026-09-13T04:48+02:00,A29,s,10.4,1,lane_closed
2026-09-13T04:48+02:00,A15,R,61.05,3,lane_closed
2026-09-13T04:48+02:00,A4,L,5.225,3,speedlimit
2026-09-13T04:48+02:00,A15,m,59.11,2,speedlimit
2026-09-13T04:48+02:00,A15,L,37.61,1,lane_closed
2026-09-13T04:48+02:00,A4,R,7.445,2,speedlimit
2026-09-13T04:48+02:00,A20,L,31.1,2,speedlimit
2026-09-13T04:48+02:00,A13,g,18.7,2,speedlimit
2026-09-13T04:48+02:00,A15,L,65.685,2,speedlimit
2026-09-13T04:48+02:00,A15,m,61.995,3,lane_closed
2026-09-13T04:48+02:00,A20,L,31.4,2,speedlimit
2026-09-13T04:48+02:00,A4,f,3.96,1,lane_closed
2026-09-13T04:48+02:00,A15,R,61.63,1,speedlimit
2026-09-13T04:48+02:00,A29,R,9.5,1,lane_closed_ahead
2026-09-13T04:48+02:00,A15,R,61.33,4,lane_closed
2026-09-13T04:48+02:00,A15,y,47.43,3,speedlimit
2026-09-13T04:48+02:00,A13,L,15.9,3,lane_closed
2026-09-13T04:48+02:00,A4,R,3.27,1,speedlimit
2026-09-13T04:48+02:00,A13,R,16.2,1,speedlimit
2026-09-13T04:48+02:00,A29,s,10.4,2,lane_closed
2026-09-13T04:48+02:00,A13,R,18.5,2,speedlimit
2026-09-13T04:48+02:00,A15,L,37.8,3,speedlimit
2026-09-13T04:48+02:00,A20,L,30.196,1,speedlimit
2026-09-13T04:48+02:00,A20,R,27.79,1,speedlimit
2026-09-13T04:48+02:00,A15,R,61.33,1,speedlimit
2026-09-13T04:48+02:00,A4,R,7.072,3,speedlimit
2026-09-13T04:48+02:00,A20,L,29.826,1,speedlimit
2026-09-13T04:48+02:00,A4,R,7.155,4,speedlimit
2026-09-13T04:48+02:00,A15,m,61.995,1,lane_closed
2026-09-13T04:48+02:00,A20,R,28.41,2,speedlimit
2026-09-13T04:48+02:00,A4,R,7.445,4,speedlimit
2026-09-13T04:48+02:00,A4,L,5.549,1,speedlimit
2026-09-13T04:48+02:00,A15,R,62.062,1,speedlimit
2026-09-13T04:48+02:00,A20,R,29.1,1,speedlimit
2026-09-13T04:48+02:00,A13,R,17.8,1,speedlimit
2026-09-13T04:48+02:00,A29,L,11.06,3,speedlimit
2026-09-13T04:48+02:00,A20,R,28.41,1,speedlimit
2026-09-13T04:48+02:00,A20,R,31.9,2,speedlimit
2026-09-13T04:48+02:00,A4,R,7.155,2,speedlimit
2026-09-13T04:48+02:00,A15,R,61.63,5,lane_closed
2026-09-13T04:48+02:00,A29,L,11.525,3,speedlimit
2026-09-13T04:48+02:00,A4,R,3.27,2,speedlimit
2026-09-13T04:48+02:00,A20,L,31.1,3,speedlimit
2026-09-13T04:48+02:00,A15,R,61.33,6,lane_closed
2026-09-13T04:48+02:00,A29,R,9.5,2,speedlimit
2026-09-13T04:48+02:00,A29,R,9.83,3,speedlimit
2026-09-13T04:48+02:00,A15,R,62.454,5,lane_closed
2026-09-13T04:48+02:00,A15,R,60.49,2,lane_closed
2026-09-13T04:48+02:00,A20,R,27.488,2,speedlimit
2026-09-13T04:48+02:00,A20,t,28.895,1,speedlimit
2026-09-13T04:48+02:00,A20,L,32.8,1,speedlimit
2026-09-13T04:48+02:00,A15,L,37.298,1,lane_closed
2026-09-13T04:48+02:00,A20,R,28.8,2,speedlimit
2026-09-13T04:48+02:00,A20,L,31.1,1,speedlimit
2026-09-13T04:48+02:00,A13,L,16.19,3,lane_closed
2026-09-13T04:48+02:00,A13,L,15.035,5,lane_closed
2026-09-13T04:48+02:00,A4,R,7.445,3,speedlimit
2026-09-13T04:48+02:00,A4,m,3.83,2,speedlimit
2026-09-13T04:48+02:00,A4,R,7.762,4,speedlimit
2026-09-13T04:48+02:00,A20,L,27.8,1,speedlimit
2026-09-13T04:48+02:00,A20,R,29.1,2,speedlimit
2026-09-13T04:48+02:00,A13,g,18.7,1,speedlimit
2026-09-13T04:48+02:00,A20,R,28.57,2,speedlimit
2026-09-13T04:48+02:00,A20,R,26.64,2,speedlimit
2026-09-13T04:48+02:00,A15,L,64.2,3,speedlimit
2026-09-13T04:48+02:00,A20,L,29.1,1,speedlimit
2026-09-13T04:48+02:00,A13,L,18.2,1,speedlimit
2026-09-13T04:48+02:00,A15,L,37.098,1,lane_closed
2026-09-13T04:48+02:00,A15,L,64.67,2,speedlimit
2026-09-13T04:48+02:00,A13,L,12.7,4,lane_closed
2026-09-13T04:48+02:00,A20,L,31.88,2,speedlimit
2026-09-13T04:48+02:00,A15,R,62.454,4,lane_closed
2026-09-13T04:48+02:00,A20,L,28.085,2,speedlimit
2026-09-13T04:48+02:00,A15,R,62.062,3,lane_closed
2026-09-13T04:48+02:00,A15,x,46.135,2,speedlimit
2026-09-13T04:48+02:00,A20,R,30.6,3,speedlimit
2026-09-13T04:48+02:00,A15,m,58.65,3,speedlimit
2026-09-13T04:48+02:00,A20,L,35.52,1,lane_closed
2026-09-13T04:48+02:00,A15,R,62.062,4,lane_closed
2026-09-13T04:48+02:00,A29,s,9.91,1,lane_closed
2026-09-13T04:48+02:00,A20,R,29.8,2,speedlimit
2026-09-13T04:48+02:00,A15,L,64.2,1,lane_closed
2026-09-13T04:48+02:00,A20,R,27.235,2,speedlimit
2026-09-13T04:48+02:00,A20,L,37.3,1,lane_closed
2026-09-13T04:48+02:00,A15,R,59.95,1,speedlimit
2026-09-13T04:48+02:00,A13,R,18.2,1,speedlimit
2026-09-13T04:48+02:00,A4,k,4.44,2,lane_closed
2026-09-13T04:48+02:00,A15,L,65.25,1,lane_closed_ahead
2026-09-13T04:48+02:00,A29,L,10.78,1,speedlimit
2026-09-13T04:48+02:00,A15,e,95.55,1,speedlimit
2026-09-13T04:48+02:00,A4,R,7.304,4,speedlimit
2026-09-13T04:48+02:00,A13,e,19.1,1,speedlimit
2026-09-13T04:48+02:00,A29,L,10.63,4,lane_closed
2026-09-13T04:48+02:00,A29,R,9.83,2,speedlimit
2026-09-13T04:48+02:00,A15,R,60.49,1,speedlimit
2026-09-13T04:48+02:00,A13,L,17.8,3,speedlimit
2026-09-13T04:48+02:00,A4,R,3.01,5,speedlimit
2026-09-13T04:48+02:00,A4,L,5.93,3,speedlimit
2026-09-13T04:48+02:00,A20,R,31.26,1,speedlimit
2026-09-13T04:48+02:00,A4,L,5.93,5,speedlimit
2026-09-13T04:48+02:00,A15,L,36.999,2,speedlimit
2026-09-13T04:48+02:00,A15,R,61.05,5,lane_closed
2026-09-13T04:48+02:00,A15,L,36.418,1,lane_closed
2026-09-13T04:48+02:00,A15,R,59.2,4,lane_closed_ahead
2026-09-13T04:48+02:00,A15,L,36.778,1,lane_closed
2026-09-13T04:48+02:00,A15,R,61.33,2,lane_closed
2026-09-13T04:48+02:00,A15,y,47.092,1,speedlimit
2026-09-13T04:48+02:00,A20,L,29.826,3,speedlimit
2026-09-13T04:48+02:00,A15,m,61.995,2,lane_closed
2026-09-13T04:48+02:00,A4,h,45.58,3,lane_closed
2026-09-13T04:48+02:00,A20,L,29.5,1,speedlimit
2026-09-13T04:48+02:00,A20,R,28.8,3,speedlimit
2026-09-13T04:48+02:00,A20,R,29.5,1,speedlimit
2026-09-13T04:48+02:00,A15,R,60.76,3,lane_closed
2026-09-13T04:48+02:00,A15,L,36.778,3,speedlimit
2026-09-13T04:48+02:00,A15,R,59.95,2,lane_closed
2026-09-13T04:48+02:00,A4,R,6.6,1,speedlimit
2026-09-13T04:48+02:00,A4,R,6.902,2,speedlimit
2026-09-13T04:48+02:00,A13,L,11.25,4,lane_closed
2026-09-13T04:48+02:00,A20,L,30.9,1,speedlimit
2026-09-13T04:48+02:00,A15,L,36.658,1,lane_closed
2026-09-13T04:48+02:00,A13,R,18.2,4,speedlimit
2026-09-13T04:48+02:00,A4,L,5.93,4,speedlimit
2026-09-13T04:48+02:00,A15,m,59.58,1,lane_closed
2026-09-13T04:48+02:00,A15,r,45.853,2,speedlimit
2026-09-13T04:48+02:00,A15,L,37.5,3,speedlimit
2026-09-13T04:48+02:00,A13,R,18.7,1,speedlimit
2026-09-13T04:48+02:00,A15,L,64.67,5,speedlimit
2026-09-13T04:48+02:00,A15,n,95.855,1,speedlimit
2026-09-13T04:48+02:00,A4,L,5.93,6,speedlimit
2026-09-13T04:48+02:00,A20,c,27.488,1,speedlimit
2026-09-13T04:48+02:00,A20,R,31.9,3,speedlimit
2026-09-13T04:48+02:00,A13,R,16.655,3,speedlimit
2026-09-13T04:48+02:00,A15,L,37.298,3,speedlimit
2026-09-13T04:48+02:00,A4,R,6.902,3,speedlimit
2026-09-13T04:48+02:00,A4,R,7.445,1,speedlimit
2026-09-13T04:48+02:00,A20,L,29.1,2,speedlimit
2026-09-13T04:48+02:00,A15,L,63.56,1,lane_closed
2026-09-13T04:48+02:00,A20,R,29.8,3,speedlimit
2026-09-13T04:48+02:00,A13,L,18.2,2,speedlimit
2026-09-13T04:48+02:00,A20,R,26.4,3,speedlimit
2026-09-13T04:48+02:00,A15,R,60.76,4,lane_closed
2026-09-13T04:48+02:00,A4,R,6.902,4,speedlimit
2026-09-13T04:48+02:00,A15,m,58.65,1,lane_closed
2026-09-13T04:48+02:00,A29,L,11.525,2,speedlimit
2026-09-13T04:48+02:00,A4,R,7.072,4,speedlimit
2026-09-13T04:48+02:00,A20,R,26.93,1,speedlimit
2026-09-13T04:48+02:00,A15,R,61.63,2,lane_closed
2026-09-13T04:48+02:00,A15,R,58.46,3,speedlimit
2026-09-13T04:48+02:00,A15,R,60.76,1,speedlimit
2026-09-13T04:48+02:00,A4,L,5.549,3,speedlimit
2026-09-13T04:48+02:00,A20,R,26.4,2,speedlimit
2026-09-13T04:48+02:00,A15,L,63.56,3,speedlimit
2026-09-13T04:48+02:00,A20,L,27.488,2,speedlimit
2026-09-13T04:48+02:00,A20,L,30.196,3,speedlimit
2026-09-13T04:48+02:00,A4,h,46.06,1,speedlimit
2026-09-13T04:48+02:00,A4,R,3.01,2,speedlimit
2026-09-13T04:48+02:00,A4,L,5.549,4,speedlimit
2026-09-13T04:48+02:00,A15,m,61.995,4,lane_closed
2026-09-13T04:48+02:00,A20,L,28.41,1,speedlimit
2026-09-13T04:48+02:00,A13,L,13.18,4,lane_closed
2026-09-13T04:48+02:00,A15,L,38.01,3,speedlimit
2026-09-13T04:48+02:00,A13,L,17.8,2,speedlimit
2026-09-13T04:48+02:00,A15,x,45.853,1,speedlimit
2026-09-13T04:48+02:00,A15,L,36.418,2,speedlimit
2026-09-13T04:48+02:00,A4,L,5.93,2,speedlimit
2026-09-13T04:48+02:00,A20,R,28.57,1,speedlimit
2026-09-13T04:48+02:00,A4,L,5.549,5,speedlimit
2026-09-13T04:48+02:00,A20,R,30.196,4,speedlimit
2026-09-13T04:48+02:00,A29,L,10.78,2,speedlimit
2026-09-13T04:48+02:00,A4,R,6.902,1,speedlimit
2026-09-13T04:48+02:00,A4,L,5.225,2,speedlimit
2026-09-13T04:48+02:00,A4,R,7.072,2,speedlimit
2026-09-13T04:48+02:00,A15,L,37.5,2,speedlimit
2026-09-13T04:48+02:00,A20,t,29.6,2,speedlimit
2026-09-13T04:48+02:00,A4,L,5.225,4,speedlimit
2026-09-13T04:48+02:00,A20,L,38.3,1,lane_closed_ahead
2026-09-13T04:48+02:00,A15,L,64.67,4,speedlimit
2026-09-13T04:48+02:00,A15,L,65.685,1,speedlimit
2026-09-13T04:48+02:00,A15,L,64.67,1,lane_closed
2026-09-13T04:48+02:00,A15,r,45.853,1,speedlimit
2026-09-13T04:48+02:00,A20,R,26.93,2,speedlimit
2026-09-13T04:48+02:00,A4,R,3.27,3,speedlimit
2026-09-13T04:48+02:00,A20,L,30.9,3,speedlimit
2026-09-13T04:48+02:00,A13,L,18.8,3,speedlimit
2026-09-13T04:48+02:00,A20,L,37.8,1,lane_closed
2026-09-13T04:48+02:00,A20,R,28.8,1,speedlimit
2026-09-13T04:48+02:00,A15,L,36.536,3,speedlimit
2026-09-13T04:48+02:00,A15,R,61.05,2,lane_closed
2026-09-13T04:48+02:00,A13,L,18.8,1,speedlimit
2026-09-13T04:48+02:00,A4,h,46.4,2,speedlimit
2026-09-13T04:48+02:00,A13,R,16.2,2,speedlimit
2026-09-13T04:48+02:00,A4,m,3.83,1,speedlimit
2026-09-13T04:48+02:00,A4,R,7.304,2,speedlimit
2026-09-13T04:48+02:00,A4,L,5.549,2,speedlimit
2026-09-13T04:48+02:00,A20,L,31.4,3,speedlimit
2026-09-13T04:48+02:00,A20,L,30.196,4,speedlimit
2026-09-13T04:48+02:00,A15,L,37.61,3,speedlimit
2026-09-13T04:48+02:00,A4,L,5.225,5,speedlimit
2026-09-13T04:48+02:00,A4,f,3.96,2,lane_closed
2026-09-13T04:48+02:00,A13,R,18.2,2,speedlimit
2026-09-13T04:48+02:00,A4,R,7.155,3,speedlimit
2026-09-13T04:48+02:00,A4,R,3.01,1,speedlimit
2026-09-13T04:48+02:00,A13,L,17.8,1,speedlimit
2026-09-13T04:48+02:00,A20,R,29.8,1,speedlimit
2026-09-13T04:48+02:00,A20,R,31.26,2,speedlimit
2026-09-13T04:48+02:00,A15,m,58.46,1,lane_closed_ahead
2026-09-13T04:48+02:00,A4,R,3.27,5,speedlimit
2026-09-13T04:48+02:00,A15,m,59.11,3,speedlimit
2026-09-13T04:48+02:00,A4,R,7.072,1,speedlimit
2026-09-13T04:48+02:00,A15,L,37.199,2,speedlimit
2026-09-13T04:48+02:00,A4,R,3.01,3,speedlimit
2026-09-13T04:48+02:00,A20,R,31.26,3,speedlimit
2026-09-13T04:48+02:00,A20,R,26.64,3,speedlimit
2026-09-13T04:48+02:00,A20,R,26.64,4,speedlimit
2026-09-13T04:48+02:00,A15,y,47.43,1,speedlimit
2026-09-13T04:48+02:00,A20,R,26.4,1,speedlimit
2026-09-13T04:48+02:00,A13,R,17.1,1,speedlimit
2026-09-13T04:48+02:00,A15,R,59.2,3,speedlimit
2026-09-13T04:48+02:00,A20,R,29.5,3,speedlimit
2026-09-13T04:48+02:00,A4,R,6.6,4,speedlimit
2026-09-13T04:48+02:00,A15,R,58.46,4,speedlimit
2026-09-13T04:48+02:00,A29,L,10.63,3,lane_closed
2026-09-13T04:48+02:00,A13,L,13.7,4,lane_closed
2026-09-13T04:48+02:00,A15,L,63.56,2,speedlimit
2026-09-13T04:48+02:00,A13,L,14.2,4,lane_closed
2026-09-13T04:48+02:00,A15,R,60.76,2,lane_closed
2026-09-13T04:48+02:00,A4,h,46.4,1,speedlimit
2026-09-13T04:48+02:00,A29,L,11.525,4,speedlimit
2026-09-13T04:48+02:00,A20,t,29.6,1,speedlimit
2026-09-13T04:48+02:00,A15,L,65.685,4,speedlimit
2026-09-13T04:48+02:00,A20,R,29.8,4,speedlimit
2026-09-13T04:48+02:00,A13,R,18.7,2,speedlimit
2026-09-13T04:48+02:00,A20,R,27.488,1,speedlimit
2026-09-13T04:48+02:00,A15,L,37.8,1,lane_closed_ahead
2026-09-13T04:48+02:00,A15,R,62.454,1,speedlimit
2026-09-13T04:48+02:00,A15,m,59.11,1,lane_closed
2026-09-13T04:48+02:00,A20,R,29.5,2,speedlimit
2026-09-13T04:48+02:00,A20,L,27.2,2,speedlimit
2026-09-13T04:48+02:00,A13,R,18.963,1,speedlimit
2026-09-13T04:48+02:00,A13,L,17.1,1,speedlimit
2026-09-13T04:48+02:00,A15,R,61.63,3,lane_closed
2026-09-13T04:48+02:00,A20,L,31.88,3,speedlimit
2026-09-13T04:48+02:00,A4,R,7.304,1,speedlimit
2026-09-13T04:48+02:00,A15,L,37.389,3,speedlimit
2026-09-13T04:48+02:00,A13,L,17.1,4,speedlimit
2026-09-13T04:48+02:00,A13,R,16.655,2,speedlimit
2026-09-13T04:48+02:00,A15,L,36.536,1,lane_closed
2026-09-13T04:48+02:00,A13,L,15.55,5,lane_closed
2026-09-13T04:48+02:00,A4,k,4.44,1,speedlimit
2026-09-13T04:48+02:00,A15,m,58.65,2,speedlimit
2026-09-13T04:48+02:00,A15,L,37.298,2,speedlimit
2026-09-13T04:48+02:00,A15,R,59.95,3,lane_closed
2026-09-13T04:48+02:00,A15,L,37.389,2,speedlimit
2026-09-13T04:48+02:00,A4,L,5.225,1,speedlimit
2026-09-13T04:48+02:00,A20,L,32.8,3,speedlimit
2026-09-13T04:48+02:00,A15,L,36.658,3,speedlimit
2026-09-13T04:48+02:00,A15,R,61.63,6,lane_closed
2026-09-13T04:48+02:00,A15,L,36.999,1,lane_closed
2026-09-13T04:48+02:00,A15,R,58.46,1,speedlimit
2026-09-13T04:48+02:00,A15,L,36.898,1,lane_closed
2026-09-13T04:48+02:00,A15,L,36.536,2,speedlimit
2026-09-13T04:48+02:00,A20,R,30.196,1,speedlimit
2026-09-13T04:48+02:00,A20,L,29.826,4,speedlimit
2026-09-13T04:48+02:00,A20,s,29.6,1,speedlimit
2026-09-13T04:48+02:00,A20,L,28.57,2,speedlimit
2026-09-13T04:48+02:00,A20,R,30.6,2,speedlimit
2026-09-13T04:48+02:00,A15,R,59.57,1,speedlimit
2026-09-13T04:48+02:00,A15,L,38.01,4,speedlimit
2026-09-13T04:48+02:00,A29,s,9.91,2,lane_closed
2026-09-13T04:48+02:00,A15,L,65.25,3,speedlimit
2026-09-13T04:48+02:00,A13,L,17.1,2,speedlimit
2026-09-13T04:48+02:00,A20,L,28.57,3,speedlimit
2026-09-13T04:48+02:00,A15,R,59.57,3,lane_closed
2026-09-13T04:48+02:00,A15,L,64.67,3,speedlimit
2026-09-13T04:48+02:00,A20,R,26.4,4,speedlimit
2026-09-13T04:48+02:00,A20,R,30.196,2,speedlimit
2026-09-13T04:48+02:00,A13,R,17.8,3,speedlimit
2026-09-13T04:48+02:00,A15,n,95.855,2,speedlimit
2026-09-13T06:48+02:00,A13,L,16.7,1,speedlimit
2026-09-13T06:48+02:00,A15,R,59.2,2,speedlimit
2026-09-13T06:48+02:00,A20,L,30.196,2,speedlimit
2026-09-13T06:48+02:00,A13,R,16.655,1,speedlimit
2026-09-13T06:48+02:00,A13,R,17.1,2,speedlimit
2026-09-13T06:48+02:00,A15,R,61.63,4,lane_closed
2026-09-13T06:48+02:00,A4,L,5.93,1,speedlimit
2026-09-13T06:48+02:00,A4,j,4.65,2,lane_closed
2026-09-13T06:48+02:00,A15,R,61.33,5,lane_closed
2026-09-13T06:48+02:00,A29,v,10.39,1,lane_closed
2026-09-13T06:48+02:00,A15,R,58.05,4,speedlimit
2026-09-13T06:48+02:00,A29,L,11.06,4,speedlimit
2026-09-13T06:48+02:00,A29,L,11.06,2,speedlimit
2026-09-13T06:48+02:00,A13,R,18.5,1,speedlimit
2026-09-13T06:48+02:00,A4,R,3.27,4,speedlimit
2026-09-13T06:48+02:00,A20,L,29.5,2,speedlimit
2026-09-13T06:48+02:00,A13,R,18.5,4,speedlimit
2026-09-13T06:48+02:00,A15,m,58.46,3,speedlimit
2026-09-13T06:48+02:00,A13,R,18.2,3,speedlimit
2026-09-13T06:48+02:00,A20,R,28.1,1,speedlimit
2026-09-13T06:48+02:00,A20,R,30.196,3,speedlimit
2026-09-13T06:48+02:00,A4,j,4.65,1,lane_closed
2026-09-13T06:48+02:00,A20,L,36.94,1,lane_closed
2026-09-13T06:48+02:00,A15,R,58.05,1,speedlimit
2026-09-13T06:48+02:00,A15,R,58.46,2,speedlimit
2026-09-13T06:48+02:00,A15,n,95.855,3,speedlimit
2026-09-13T06:48+02:00,A13,R,17.8,2,speedlimit
2026-09-13T06:48+02:00,A15,R,61.05,6,lane_closed
2026-09-13T06:48+02:00,A4,L,5.225,6,lane_closed
2026-09-13T06:48+02:00,A20,s,29.6,2,speedlimit
2026-09-13T06:48+02:00,A15,L,65.25,2,speedlimit
2026-09-13T06:48+02:00,A15,L,65.685,3,speedlimit
2026-09-13T06:48+02:00,A15,R,58.05,2,speedlimit
2026-09-13T06:48+02:00,A20,R,26.93,4,speedlimit
2026-09-13T06:48+02:00,A20,R,28.57,3,speedlimit
2026-09-13T06:48+02:00,A15,R,61.05,1,speedlimit
2026-09-13T06:48+02:00,A29,v,10.8,1,lane_closed
2026-09-13T06:48+02:00,A4,R,3.01,4,speedlimit
2026-09-13T06:48+02:00,A29,s,9.64,2,lane_closed
2026-09-13T06:48+02:00,A13,L,18.8,2,speedlimit
2026-09-13T06:48+02:00,A15,R,60.49,4,lane_closed
2026-09-13T06:48+02:00,A15,R,62.454,3,lane_closed
2026-09-13T06:48+02:00,A20,R,27.235,1,speedlimit
2026-09-13T06:48+02:00,A20,L,28.41,2,speedlimit
2026-09-13T06:48+02:00,A20,R,27.79,2,speedlimit
2026-09-13T06:48+02:00,A13,R,18.5,3,speedlimit
2026-09-13T06:48+02:00,A20,R,28.57,4,speedlimit
2026-09-13T06:48+02:00,A20,R,31.26,4,speedlimit
2026-09-13T06:48+02:00,A20,L,29.826,2,speedlimit
2026-09-13T06:48+02:00,A20,L,35.925,1,lane_closed
2026-09-13T06:48+02:00,A20,L,28.57,1,speedlimit
2026-09-13T06:48+02:00,A20,R,29.5,4,speedlimit
2026-09-13T06:48+02:00,A15,m,60.07,1,lane_closed
2026-09-13T06:48+02:00,A20,R,28.1,2,speedlimit
2026-09-13T06:48+02:00,A20,R,26.64,1,speedlimit
2026-09-13T06:48+02:00,A15,R,61.05,4,lane_closed
2026-09-13T06:48+02:00,A15,L,64.2,2,speedlimit
2026-09-13T06:48+02:00,A15,R,60.49,3,lane_closed
2026-09-13T06:48+02:00,A29,R,9.83,1,lane_closed
2026-09-13T06:48+02:00,A20,L,32.8,2,speedlimit
2026-09-13T06:48+02:00,A29,R,9.5,3,speedlimit
2026-09-13T06:48+02:00,A15,L,65.25,4,speedlimit
2026-09-13T06:48+02:00,A15,R,59.2,1,speedlimit
2026-09-13T06:48+02:00,A13,L,17.1,3,speedlimit
2026-09-13T06:48+02:00,A29,L,10.63,1,speedlimit
2026-09-13T06:48+02:00,A20,L,36.625,1,lane_closed
2026-09-13T06:48+02:00,A15,R,62.454,2,speedlimit
2026-09-13T06:48+02:00,A29,L,11.525,1,speedlimit
2026-09-13T06:48+02:00,A4,L,5.549,6,lane_closed_ahead
2026-09-13T06:48+02:00,A29,s,9.64,1,lane_closed
2026-09-13T06:48+02:00,A20,L,27.488,1,speedlimit
2026-09-13T06:48+02:00,A20,L,27.2,1,speedlimit
2026-09-13T06:48+02:00,A4,h,46.06,2,speedlimit
2026-09-13T06:48+02:00,A15,R,59.57,2,speedlimit
2026-09-13T06:48+02:00,A20,L,27.8,2,speedlimit
2026-09-13T06:48+02:00,A4,k,4.44,3,lane_closed
2026-09-13T06:48+02:00,A15,R,58.05,5,speedlimit
2026-09-13T06:48+02:00,A13,L,18.2,3,speedlimit
2026-09-13T06:48+02:00,A4,m,3.83,3,lane_closed
2026-09-13T06:48+02:00,A29,L,10.63,2,speedlimit
2026-09-13T06:48+02:00,A20,L,31.88,1,speedlimit
2026-09-13T06:48+02:00,A29,L,11.06,1,speedlimit
2026-09-13T06:48+02:00,A4,m,3.83,4,lane_closed
2026-09-13T06:48+02:00,A13,L,16.7,2,speedlimit
2026-09-13T06:48+02:00,A20,L,30.9,2,speedlimit
2026-09-13T06:48+02:00,A20,L,28.085,1,speedlimit
2026-09-13T06:48+02:00,A15,R,58.05,3,speedlimit
2026-09-13T06:48+02:00,A15,R,61.33,3,lane_closed
2026-09-13T06:48+02:00,A20,R,30.6,1,speedlimit
2026-09-13T06:48+02:00,A13,R,17.1,3,speedlimit
2026-09-13T06:48+02:00,A20,R,26.93,3,speedlimit
2026-09-13T06:48+02:00,A15,R,62.062,2,speedlimit
2026-09-13T06:48+02:00,A20,L,31.4,1,speedlimit
2026-09-13T06:48+02:00,A29,s,10.4,1,lane_closed
2026-09-13T06:48+02:00,A15,R,61.05,3,lane_closed
2026-09-13T06:48+02:00,A4,L,5.225,3,speedlimit
2026-09-13T06:48+02:00,A15,m,59.11,2,speedlimit
2026-09-13T06:48+02:00,A20,L,31.1,2,speedlimit
2026-09-13T06:48+02:00,A13,g,18.7,2,speedlimit
2026-09-13T06:48+02:00,A15,L,65.685,2,speedlimit
2026-09-13T06:48+02:00,A15,m,61.995,3,lane_closed
2026-09-13T06:48+02:00,A20,L,31.4,2,speedlimit
2026-09-13T06:48+02:00,A4,f,3.96,1,lane_closed
2026-09-13T06:48+02:00,A15,R,61.63,1,speedlimit
2026-09-13T06:48+02:00,A29,R,9.5,1,lane_closed_ahead
2026-09-13T06:48+02:00,A15,R,61.33,4,lane_closed
2026-09-13T06:48+02:00,A13,L,15.9,3,lane_closed
2026-09-13T06:48+02:00,A4,R,3.27,1,speedlimit
2026-09-13T06:48+02:00,A13,R,16.2,1,speedlimit
2026-09-13T06:48+02:00,A29,s,10.4,2,lane_closed
2026-09-13T06:48+02:00,A13,R,18.5,2,speedlimit
2026-09-13T06:48+02:00,A20,L,30.196,1,speedlimit
2026-09-13T06:48+02:00,A20,R,27.79,1,speedlimit
2026-09-13T06:48+02:00,A15,R,61.33,1,speedlimit
2026-09-13T06:48+02:00,A20,L,29.826,1,speedlimit
2026-09-13T06:48+02:00,A15,m,61.995,1,lane_closed
2026-09-13T06:48+02:00,A20,R,28.41,2,speedlimit
2026-09-13T06:48+02:00,A4,L,5.549,1,speedlimit
2026-09-13T06:48+02:00,A15,R,62.062,1,speedlimit
2026-09-13T06:48+02:00,A20,R,29.1,1,speedlimit
2026-09-13T06:48+02:00,A13,R,17.8,1,speedlimit
2026-09-13T06:48+02:00,A29,L,11.06,3,speedlimit
2026-09-13T06:48+02:00,A20,R,28.41,1,speedlimit
2026-09-13T06:48+02:00,A20,R,31.9,2,speedlimit
2026-09-13T06:48+02:00,A15,R,61.63,5,lane_closed
2026-09-13T06:48+02:00,A29,L,11.525,3,speedlimit
2026-09-13T06:48+02:00,A4,R,3.27,2,speedlimit
2026-09-13T06:48+02:00,A20,L,31.1,3,speedlimit
2026-09-13T06:48+02:00,A15,R,61.33,6,lane_closed
2026-09-13T06:48+02:00,A29,R,9.5,2,speedlimit
2026-09-13T06:48+02:00,A29,R,9.83,3,speedlimit
2026-09-13T06:48+02:00,A15,R,62.454,5,lane_closed
2026-09-13T06:48+02:00,A15,R,60.49,2,speedlimit
2026-09-13T06:48+02:00,A20,R,27.488,2,speedlimit
2026-09-13T06:48+02:00,A20,t,28.895,1,speedlimit
2026-09-13T06:48+02:00,A20,L,32.8,1,speedlimit
2026-09-13T06:48+02:00,A20,R,28.8,2,speedlimit
2026-09-13T06:48+02:00,A20,L,31.1,1,speedlimit
2026-09-13T06:48+02:00,A13,L,16.19,3,lane_closed
2026-09-13T06:48+02:00,A13,L,15.035,5,lane_closed
2026-09-13T06:48+02:00,A4,m,3.83,2,speedlimit
2026-09-13T06:48+02:00,A20,L,27.8,1,speedlimit
2026-09-13T06:48+02:00,A20,R,29.1,2,speedlimit
2026-09-13T06:48+02:00,A13,g,18.7,1,speedlimit
2026-09-13T06:48+02:00,A20,R,28.57,2,speedlimit
2026-09-13T06:48+02:00,A20,R,26.64,2,speedlimit
2026-09-13T06:48+02:00,A15,L,64.2,3,speedlimit
2026-09-13T06:48+02:00,A20,L,29.1,1,speedlimit
2026-09-13T06:48+02:00,A13,L,18.2,1,speedlimit
2026-09-13T06:48+02:00,A15,L,64.67,2,speedlimit
2026-09-13T06:48+02:00,A13,L,12.7,4,lane_closed
2026-09-13T06:48+02:00,A20,L,31.88,2,speedlimit
2026-09-13T06:48+02:00,A15,R,62.454,4,lane_closed
2026-09-13T06:48+02:00,A20,L,28.085,2,speedlimit
2026-09-13T06:48+02:00,A15,R,62.062,3,lane_closed
2026-09-13T06:48+02:00,A20,R,30.6,3,speedlimit
2026-09-13T06:48+02:00,A15,m,58.65,3,speedlimit
2026-09-13T06:48+02:00,A20,L,35.52,1,lane_closed
2026-09-13T06:48+02:00,A15,R,62.062,4,lane_closed
2026-09-13T06:48+02:00,A29,s,9.91,1,lane_closed
2026-09-13T06:48+02:00,A20,R,29.8,2,speedlimit
2026-09-13T06:48+02:00,A15,L,64.2,1,lane_closed
2026-09-13T06:48+02:00,A20,R,27.235,2,speedlimit
2026-09-13T06:48+02:00,A20,L,37.3,1,lane_closed
2026-09-13T06:48+02:00,A15,R,59.95,1,speedlimit
2026-09-13T06:48+02:00,A13,R,18.2,1,speedlimit
2026-09-13T06:48+02:00,A4,k,4.44,2,lane_closed
2026-09-13T06:48+02:00,A15,L,65.25,1,lane_closed_ahead
2026-09-13T06:48+02:00,A29,L,10.78,1,speedlimit
2026-09-13T06:48+02:00,A15,e,95.55,1,speedlimit
2026-09-13T06:48+02:00,A13,e,19.1,1,speedlimit
2026-09-13T06:48+02:00,A29,L,10.63,4,lane_closed
2026-09-13T06:48+02:00,A29,R,9.83,2,speedlimit
2026-09-13T06:48+02:00,A15,R,60.49,1,speedlimit
2026-09-13T06:48+02:00,A13,L,17.8,3,speedlimit
2026-09-13T06:48+02:00,A4,R,3.01,5,speedlimit
2026-09-13T06:48+02:00,A4,L,5.93,3,speedlimit
2026-09-13T06:48+02:00,A20,R,31.26,1,speedlimit
2026-09-13T06:48+02:00,A4,L,5.93,5,speedlimit
2026-09-13T06:48+02:00,A15,R,61.05,5,lane_closed
2026-09-13T06:48+02:00,A15,R,59.2,4,lane_closed_ahead
2026-09-13T06:48+02:00,A15,R,61.33,2,speedlimit
2026-09-13T06:48+02:00,A20,L,29.826,3,speedlimit
2026-09-13T06:48+02:00,A15,m,61.995,2,lane_closed
2026-09-13T06:48+02:00,A4,h,45.58,3,lane_closed
2026-09-13T06:48+02:00,A20,L,29.5,1,speedlimit
2026-09-13T06:48+02:00,A20,R,28.8,3,speedlimit
2026-09-13T06:48+02:00,A20,R,29.5,1,speedlimit
2026-09-13T06:48+02:00,A15,R,60.76,3,lane_closed
2026-09-13T06:48+02:00,A15,R,59.95,2,speedlimit
2026-09-13T06:48+02:00,A13,L,11.25,4,lane_closed
2026-09-13T06:48+02:00,A20,L,30.9,1,speedlimit
2026-09-13T06:48+02:00,A13,R,18.2,4,speedlimit
2026-09-13T06:48+02:00,A4,L,5.93,4,speedlimit
2026-09-13T06:48+02:00,A15,m,59.58,1,lane_closed
2026-09-13T06:48+02:00,A13,R,18.7,1,speedlimit
2026-09-13T06:48+02:00,A15,L,64.67,5,speedlimit
2026-09-13T06:48+02:00,A15,n,95.855,1,speedlimit
2026-09-13T06:48+02:00,A4,L,5.93,6,speedlimit
2026-09-13T06:48+02:00,A20,c,27.488,1,speedlimit
2026-09-13T06:48+02:00,A20,R,31.9,3,speedlimit
2026-09-13T06:48+02:00,A13,R,16.655,3,speedlimit
2026-09-13T06:48+02:00,A20,L,29.1,2,speedlimit
2026-09-13T06:48+02:00,A15,L,63.56,1,lane_closed
2026-09-13T06:48+02:00,A20,R,29.8,3,speedlimit
2026-09-13T06:48+02:00,A13,L,18.2,2,speedlimit
2026-09-13T06:48+02:00,A20,R,26.4,3,speedlimit
2026-09-13T06:48+02:00,A15,R,60.76,4,lane_closed
2026-09-13T06:48+02:00,A15,m,58.65,1,lane_closed
2026-09-13T06:48+02:00,A29,L,11.525,2,speedlimit
2026-09-13T06:48+02:00,A20,R,26.93,1,speedlimit
2026-09-13T06:48+02:00,A15,R,61.63,2,speedlimit
2026-09-13T06:48+02:00,A15,R,58.46,3,speedlimit
2026-09-13T06:48+02:00,A15,R,60.76,1,speedlimit
2026-09-13T06:48+02:00,A4,L,5.549,3,speedlimit
2026-09-13T06:48+02:00,A20,R,26.4,2,speedlimit
2026-09-13T06:48+02:00,A15,L,63.56,3,speedlimit
2026-09-13T06:48+02:00,A20,L,27.488,2,speedlimit
2026-09-13T06:48+02:00,A20,L,30.196,3,speedlimit
2026-09-13T06:48+02:00,A4,h,46.06,1,speedlimit
2026-09-13T06:48+02:00,A4,R,3.01,2,speedlimit
2026-09-13T06:48+02:00,A4,L,5.549,4,speedlimit
2026-09-13T06:48+02:00,A15,m,61.995,4,lane_closed
2026-09-13T06:48+02:00,A20,L,28.41,1,speedlimit
2026-09-13T06:48+02:00,A13,L,13.18,4,lane_closed
2026-09-13T06:48+02:00,A13,L,17.8,2,speedlimit
2026-09-13T06:48+02:00,A4,L,5.93,2,speedlimit
2026-09-13T06:48+02:00,A20,R,28.57,1,speedlimit
2026-09-13T06:48+02:00,A4,L,5.549,5,speedlimit
2026-09-13T06:48+02:00,A20,R,30.196,4,speedlimit
2026-09-13T06:48+02:00,A29,L,10.78,2,speedlimit
2026-09-13T06:48+02:00,A4,L,5.225,2,speedlimit
2026-09-13T06:48+02:00,A20,t,29.6,2,speedlimit
2026-09-13T06:48+02:00,A4,L,5.225,4,speedlimit
2026-09-13T06:48+02:00,A20,L,38.3,1,lane_closed_ahead
2026-09-13T06:48+02:00,A15,L,64.67,4,speedlimit
2026-09-13T06:48+02:00,A15,L,65.685,1,speedlimit
2026-09-13T06:48+02:00,A15,L,64.67,1,lane_closed
2026-09-13T06:48+02:00,A20,R,26.93,2,speedlimit
2026-09-13T06:48+02:00,A4,R,3.27,3,speedlimit
2026-09-13T06:48+02:00,A20,L,30.9,3,speedlimit
2026-09-13T06:48+02:00,A13,L,18.8,3,speedlimit
2026-09-13T06:48+02:00,A20,L,37.8,1,lane_closed
2026-09-13T06:48+02:00,A20,R,28.8,1,speedlimit
2026-09-13T06:48+02:00,A15,R,61.05,2,speedlimit
2026-09-13T06:48+02:00,A13,L,18.8,1,speedlimit
2026-09-13T06:48+02:00,A4,h,46.4,2,speedlimit
2026-09-13T06:48+02:00,A13,R,16.2,2,speedlimit
2026-09-13T06:48+02:00,A4,m,3.83,1,speedlimit
2026-09-13T06:48+02:00,A4,L,5.549,2,speedlimit
2026-09-13T06:48+02:00,A20,L,31.4,3,speedlimit
2026-09-13T06:48+02:00,A20,L,30.196,4,speedlimit
2026-09-13T06:48+02:00,A4,L,5.225,5,speedlimit
2026-09-13T06:48+02:00,A4,f,3.96,2,lane_closed
2026-09-13T06:48+02:00,A13,R,18.2,2,speedlimit
2026-09-13T06:48+02:00,A4,R,3.01,1,speedlimit
2026-09-13T06:48+02:00,A13,L,17.8,1,speedlimit
2026-09-13T06:48+02:00,A20,R,29.8,1,speedlimit
2026-09-13T06:48+02:00,A20,R,31.26,2,speedlimit
2026-09-13T06:48+02:00,A15,m,58.46,1,lane_closed_ahead
2026-09-13T06:48+02:00,A4,R,3.27,5,speedlimit
2026-09-13T06:48+02:00,A15,m,59.11,3,speedlimit
2026-09-13T06:48+02:00,A4,R,3.01,3,speedlimit
2026-09-13T06:48+02:00,A20,R,31.26,3,speedlimit
2026-09-13T06:48+02:00,A20,R,26.64,3,speedlimit
2026-09-13T06:48+02:00,A20,R,26.64,4,speedlimit
2026-09-13T06:48+02:00,A20,R,26.4,1,speedlimit
2026-09-13T06:48+02:00,A13,R,17.1,1,speedlimit
2026-09-13T06:48+02:00,A15,R,59.2,3,speedlimit
2026-09-13T06:48+02:00,A20,R,29.5,3,speedlimit
2026-09-13T06:48+02:00,A15,R,58.46,4,speedlimit
2026-09-13T06:48+02:00,A29,L,10.63,3,lane_closed
2026-09-13T06:48+02:00,A13,L,13.7,4,lane_closed
2026-09-13T06:48+02:00,A15,L,63.56,2,speedlimit
2026-09-13T06:48+02:00,A13,L,14.2,4,lane_closed
2026-09-13T06:48+02:00,A15,R,60.76,2,speedlimit
2026-09-13T06:48+02:00,A4,h,46.4,1,speedlimit
2026-09-13T06:48+02:00,A29,L,11.525,4,speedlimit
2026-09-13T06:48+02:00,A20,t,29.6,1,speedlimit
2026-09-13T06:48+02:00,A15,L,65.685,4,speedlimit
2026-09-13T06:48+02:00,A20,R,29.8,4,speedlimit
2026-09-13T06:48+02:00,A13,R,18.7,2,speedlimit
2026-09-13T06:48+02:00,A20,R,27.488,1,speedlimit
2026-09-13T06:48+02:00,A15,R,62.454,1,speedlimit
2026-09-13T06:48+02:00,A15,m,59.11,1,lane_closed
2026-09-13T06:48+02:00,A20,R,29.5,2,speedlimit
2026-09-13T06:48+02:00,A20,L,27.2,2,speedlimit
2026-09-13T06:48+02:00,A13,R,18.963,1,speedlimit
2026-09-13T06:48+02:00,A13,L,17.1,1,speedlimit
2026-09-13T06:48+02:00,A15,R,61.63,3,lane_closed
2026-09-13T06:48+02:00,A20,L,31.88,3,speedlimit
2026-09-13T06:48+02:00,A13,L,17.1,4,speedlimit
2026-09-13T06:48+02:00,A13,R,16.655,2,speedlimit
2026-09-13T06:48+02:00,A13,L,15.55,5,lane_closed
2026-09-13T06:48+02:00,A4,k,4.44,1,speedlimit
2026-09-13T06:48+02:00,A15,m,58.65,2,speedlimit
2026-09-13T06:48+02:00,A15,R,59.95,3,lane_closed
2026-09-13T06:48+02:00,A4,L,5.225,1,speedlimit
2026-09-13T06:48+02:00,A20,L,32.8,3,speedlimit
2026-09-13T06:48+02:00,A15,R,61.63,6,lane_closed
2026-09-13T06:48+02:00,A15,R,58.46,1,speedlimit
2026-09-13T06:48+02:00,A20,R,30.196,1,speedlimit
2026-09-13T06:48+02:00,A20,L,29.826,4,speedlimit
2026-09-13T06:48+02:00,A20,s,29.6,1,speedlimit
2026-09-13T06:48+02:00,A20,L,28.57,2,speedlimit
2026-09-13T06:48+02:00,A20,R,30.6,2,speedlimit
2026-09-13T06:48+02:00,A15,R,59.57,1,speedlimit
2026-09-13T06:48+02:00,A29,s,9.91,2,lane_closed
2026-09-13T06:48+02:00,A15,L,65.25,3,speedlimit
2026-09-13T06:48+02:00,A13,L,17.1,2,speedlimit
2026-09-13T06:48+02:00,A20,L,28.57,3,speedlimit
2026-09-13T06:48+02:00,A15,R,59.57,3,lane_closed
2026-09-13T06:48+02:00,A15,L,64.67,3,speedlimit
2026-09-13T06:48+02:00,A20,R,26.4,4,speedlimit
2026-09-13T06:48+02:00,A20,R,30.196,2,speedlimit
2026-09-13T06:48+02:00,A13,R,17.8,3,speedlimit
2026-09-13T06:48+02:00,A15,n,95.855,2,speedlimit
2026-09-13T07:48+02:00,A13,L,16.7,1,speedlimit
2026-09-13T07:48+02:00,A15,R,59.2,2,speedlimit
2026-09-13T07:48+02:00,A4,m,7.8,2,speedlimit
2026-09-13T07:48+02:00,A20,L,30.196,2,speedlimit
2026-09-13T07:48+02:00,A13,R,16.655,1,speedlimit
2026-09-13T07:48+02:00,A13,R,17.1,2,speedlimit
2026-09-13T07:48+02:00,A15,R,61.63,4,lane_closed
2026-09-13T07:48+02:00,A4,m,7.0,2,speedlimit
2026-09-13T07:48+02:00,A4,L,5.93,1,speedlimit
2026-09-13T07:48+02:00,A4,m,7.0,1,speedlimit
2026-09-13T07:48+02:00,A4,j,4.65,2,lane_closed
2026-09-13T07:48+02:00,A15,R,61.33,5,lane_closed
2026-09-13T07:48+02:00,A29,v,10.39,1,lane_closed
2026-09-13T07:48+02:00,A15,R,58.05,4,speedlimit
2026-09-13T07:48+02:00,A29,L,11.06,4,speedlimit
2026-09-13T07:48+02:00,A29,L,11.06,2,speedlimit
2026-09-13T07:48+02:00,A13,R,18.5,1,speedlimit
2026-09-13T07:48+02:00,A4,R,3.27,4,speedlimit
2026-09-13T07:48+02:00,A20,L,29.5,2,speedlimit
2026-09-13T07:48+02:00,A13,R,18.5,4,speedlimit
2026-09-13T07:48+02:00,A15,m,58.46,3,speedlimit
2026-09-13T07:48+02:00,A4,m,7.3,1,speedlimit
2026-09-13T07:48+02:00,A13,R,18.2,3,speedlimit
2026-09-13T07:48+02:00,A20,R,28.1,1,speedlimit
2026-09-13T07:48+02:00,A20,R,30.196,3,speedlimit
2026-09-13T07:48+02:00,A4,j,4.65,1,lane_closed
2026-09-13T07:48+02:00,A20,L,36.94,1,lane_closed
2026-09-13T07:48+02:00,A15,R,58.05,1,speedlimit
2026-09-13T07:48+02:00,A15,R,58.46,2,speedlimit
2026-09-13T07:48+02:00,A4,m,8.15,3,speedlimit
2026-09-13T07:48+02:00,A15,n,95.855,3,speedlimit
2026-09-13T07:48+02:00,A13,R,17.8,2,speedlimit
2026-09-13T07:48+02:00,A15,R,61.05,6,lane_closed
2026-09-13T07:48+02:00,A4,L,5.225,6,lane_closed
2026-09-13T07:48+02:00,A20,s,29.6,2,speedlimit
2026-09-13T07:48+02:00,A15,L,65.25,2,speedlimit
2026-09-13T07:48+02:00,A15,L,65.685,3,speedlimit
2026-09-13T07:48+02:00,A15,R,58.05,2,speedlimit
2026-09-13T07:48+02:00,A20,R,26.93,4,speedlimit
2026-09-13T07:48+02:00,A20,R,28.57,3,speedlimit
2026-09-13T07:48+02:00,A15,R,61.05,1,speedlimit
2026-09-13T07:48+02:00,A29,v,10.8,1,lane_closed
2026-09-13T07:48+02:00,A4,R,3.01,4,speedlimit
2026-09-13T07:48+02:00,A29,s,9.64,2,lane_closed
2026-09-13T07:48+02:00,A13,L,18.8,2,speedlimit
2026-09-13T07:48+02:00,A15,R,60.49,4,lane_closed
2026-09-13T07:48+02:00,A15,R,62.454,3,lane_closed
2026-09-13T07:48+02:00,A20,R,27.235,1,speedlimit
2026-09-13T07:48+02:00,A20,L,28.41,2,speedlimit
2026-09-13T07:48+02:00,A20,R,27.79,2,speedlimit
2026-09-13T07:48+02:00,A13,R,18.5,3,speedlimit
2026-09-13T07:48+02:00,A20,R,28.57,4,speedlimit
2026-09-13T07:48+02:00,A20,R,31.26,4,speedlimit
2026-09-13T07:48+02:00,A20,L,29.826,2,speedlimit
2026-09-13T07:48+02:00,A20,L,35.925,1,lane_closed
2026-09-13T07:48+02:00,A20,L,28.57,1,speedlimit
2026-09-13T07:48+02:00,A20,R,29.5,4,speedlimit
2026-09-13T07:48+02:00,A15,m,60.07,1,lane_closed
2026-09-13T07:48+02:00,A4,m,6.901,1,speedlimit
2026-09-13T07:48+02:00,A20,R,28.1,2,speedlimit
2026-09-13T07:48+02:00,A20,R,26.64,1,speedlimit
2026-09-13T07:48+02:00,A15,R,61.05,4,lane_closed
2026-09-13T07:48+02:00,A15,L,64.2,2,speedlimit
2026-09-13T07:48+02:00,A15,R,60.49,3,lane_closed
2026-09-13T07:48+02:00,A29,R,9.83,1,lane_closed
2026-09-13T07:48+02:00,A20,L,32.8,2,speedlimit
2026-09-13T07:48+02:00,A29,R,9.5,3,speedlimit
2026-09-13T07:48+02:00,A15,L,65.25,4,speedlimit
2026-09-13T07:48+02:00,A15,R,59.2,1,speedlimit
2026-09-13T07:48+02:00,A13,L,17.1,3,speedlimit
2026-09-13T07:48+02:00,A29,L,10.63,1,speedlimit
2026-09-13T07:48+02:00,A20,L,36.625,1,lane_closed
2026-09-13T07:48+02:00,A15,R,62.454,2,speedlimit
2026-09-13T07:48+02:00,A29,L,11.525,1,speedlimit
2026-09-13T07:48+02:00,A4,L,5.549,6,lane_closed_ahead
2026-09-13T07:48+02:00,A29,s,9.64,1,lane_closed
2026-09-13T07:48+02:00,A20,L,27.488,1,speedlimit
2026-09-13T07:48+02:00,A20,L,27.2,1,speedlimit
2026-09-13T07:48+02:00,A4,h,46.06,2,speedlimit
2026-09-13T07:48+02:00,A15,R,59.57,2,speedlimit
2026-09-13T07:48+02:00,A20,L,27.8,2,speedlimit
2026-09-13T07:48+02:00,A4,k,4.44,3,lane_closed
2026-09-13T07:48+02:00,A15,R,58.05,5,speedlimit
2026-09-13T07:48+02:00,A13,L,18.2,3,speedlimit
2026-09-13T07:48+02:00,A4,m,3.83,3,lane_closed
2026-09-13T07:48+02:00,A29,L,10.63,2,speedlimit
2026-09-13T07:48+02:00,A20,L,31.88,1,speedlimit
2026-09-13T07:48+02:00,A29,L,11.06,1,speedlimit
2026-09-13T07:48+02:00,A4,m,3.83,4,lane_closed
2026-09-13T07:48+02:00,A13,L,16.7,2,speedlimit
2026-09-13T07:48+02:00,A20,L,30.9,2,speedlimit
2026-09-13T07:48+02:00,A20,L,28.085,1,speedlimit
2026-09-13T07:48+02:00,A15,R,58.05,3,speedlimit
2026-09-13T07:48+02:00,A15,R,61.33,3,lane_closed
2026-09-13T07:48+02:00,A20,R,30.6,1,speedlimit
2026-09-13T07:48+02:00,A13,R,17.1,3,speedlimit
2026-09-13T07:48+02:00,A20,R,26.93,3,speedlimit
2026-09-13T07:48+02:00,A15,R,62.062,2,speedlimit
2026-09-13T07:48+02:00,A20,L,31.4,1,speedlimit
2026-09-13T07:48+02:00,A29,s,10.4,1,lane_closed
2026-09-13T07:48+02:00,A15,R,61.05,3,lane_closed
2026-09-13T07:48+02:00,A4,L,5.225,3,speedlimit
2026-09-13T07:48+02:00,A4,m,6.6,2,speedlimit
2026-09-13T07:48+02:00,A15,m,59.11,2,speedlimit
2026-09-13T07:48+02:00,A4,m,7.3,2,speedlimit
2026-09-13T07:48+02:00,A4,m,7.2,1,speedlimit
2026-09-13T07:48+02:00,A20,L,31.1,2,speedlimit
2026-09-13T07:48+02:00,A13,g,18.7,2,speedlimit
2026-09-13T07:48+02:00,A15,L,65.685,2,speedlimit
2026-09-13T07:48+02:00,A15,m,61.995,3,lane_closed
2026-09-13T07:48+02:00,A20,L,31.4,2,speedlimit
2026-09-13T07:48+02:00,A4,f,3.96,1,lane_closed
2026-09-13T07:48+02:00,A15,R,61.63,1,speedlimit
2026-09-13T07:48+02:00,A29,R,9.5,1,lane_closed_ahead
2026-09-13T07:48+02:00,A15,R,61.33,4,lane_closed
2026-09-13T07:48+02:00,A13,L,15.9,3,lane_closed
2026-09-13T07:48+02:00,A4,R,3.27,1,speedlimit
2026-09-13T07:48+02:00,A13,R,16.2,1,speedlimit
2026-09-13T07:48+02:00,A29,s,10.4,2,lane_closed
2026-09-13T07:48+02:00,A13,R,18.5,2,speedlimit
2026-09-13T07:48+02:00,A20,L,30.196,1,speedlimit
2026-09-13T07:48+02:00,A20,R,27.79,1,speedlimit
2026-09-13T07:48+02:00,A15,R,61.33,1,speedlimit
2026-09-13T07:48+02:00,A20,L,29.826,1,speedlimit
2026-09-13T07:48+02:00,A4,m,7.4,1,speedlimit
2026-09-13T07:48+02:00,A15,m,61.995,1,lane_closed
2026-09-13T07:48+02:00,A20,R,28.41,2,speedlimit
2026-09-13T07:48+02:00,A4,L,5.549,1,speedlimit
2026-09-13T07:48+02:00,A15,R,62.062,1,speedlimit
2026-09-13T07:48+02:00,A20,R,29.1,1,speedlimit
2026-09-13T07:48+02:00,A13,R,17.8,1,speedlimit
2026-09-13T07:48+02:00,A29,L,11.06,3,speedlimit
2026-09-13T07:48+02:00,A20,R,28.41,1,speedlimit
2026-09-13T07:48+02:00,A20,R,31.9,2,speedlimit
2026-09-13T07:48+02:00,A15,R,61.63,5,lane_closed
2026-09-13T07:48+02:00,A29,L,11.525,3,speedlimit
2026-09-13T07:48+02:00,A4,R,3.27,2,speedlimit
2026-09-13T07:48+02:00,A20,L,31.1,3,speedlimit
2026-09-13T07:48+02:00,A15,R,61.33,6,lane_closed
2026-09-13T07:48+02:00,A29,R,9.5,2,speedlimit
2026-09-13T07:48+02:00,A29,R,9.83,3,speedlimit
2026-09-13T07:48+02:00,A15,R,62.454,5,lane_closed
2026-09-13T07:48+02:00,A15,R,60.49,2,speedlimit
2026-09-13T07:48+02:00,A20,R,27.488,2,speedlimit
2026-09-13T07:48+02:00,A20,t,28.895,1,speedlimit
2026-09-13T07:48+02:00,A20,L,32.8,1,speedlimit
2026-09-13T07:48+02:00,A20,R,28.8,2,speedlimit
2026-09-13T07:48+02:00,A20,L,31.1,1,speedlimit
2026-09-13T07:48+02:00,A13,L,16.19,3,lane_closed
2026-09-13T07:48+02:00,A13,L,15.035,5,lane_closed
2026-09-13T07:48+02:00,A4,m,3.83,2,speedlimit
2026-09-13T07:48+02:00,A20,L,27.8,1,speedlimit
2026-09-13T07:48+02:00,A20,R,29.1,2,speedlimit
2026-09-13T07:48+02:00,A13,g,18.7,1,speedlimit
2026-09-13T07:48+02:00,A20,R,28.57,2,speedlimit
2026-09-13T07:48+02:00,A20,R,26.64,2,speedlimit
2026-09-13T07:48+02:00,A15,L,64.2,3,speedlimit
2026-09-13T07:48+02:00,A20,L,29.1,1,speedlimit
2026-09-13T07:48+02:00,A13,L,18.2,1,speedlimit
2026-09-13T07:48+02:00,A15,L,64.67,2,speedlimit
2026-09-13T07:48+02:00,A13,L,12.7,4,lane_closed
2026-09-13T07:48+02:00,A20,L,31.88,2,speedlimit
2026-09-13T07:48+02:00,A15,R,62.454,4,lane_closed
2026-09-13T07:48+02:00,A20,L,28.085,2,speedlimit
2026-09-13T07:48+02:00,A15,R,62.062,3,lane_closed
2026-09-13T07:48+02:00,A20,R,30.6,3,speedlimit
2026-09-13T07:48+02:00,A15,m,58.65,3,speedlimit
2026-09-13T07:48+02:00,A20,L,35.52,1,lane_closed
2026-09-13T07:48+02:00,A15,R,62.062,4,lane_closed
2026-09-13T07:48+02:00,A29,s,9.91,1,lane_closed
2026-09-13T07:48+02:00,A20,R,29.8,2,speedlimit
2026-09-13T07:48+02:00,A15,L,64.2,1,lane_closed
2026-09-13T07:48+02:00,A20,R,27.235,2,speedlimit
2026-09-13T07:48+02:00,A20,L,37.3,1,lane_closed
2026-09-13T07:48+02:00,A15,R,59.95,1,speedlimit
2026-09-13T07:48+02:00,A13,R,18.2,1,speedlimit
2026-09-13T07:48+02:00,A4,k,4.44,2,lane_closed
2026-09-13T07:48+02:00,A15,L,65.25,1,lane_closed_ahead
2026-09-13T07:48+02:00,A29,L,10.78,1,speedlimit
2026-09-13T07:48+02:00,A15,e,95.55,1,speedlimit
2026-09-13T07:48+02:00,A13,e,19.1,1,speedlimit
2026-09-13T07:48+02:00,A29,L,10.63,4,lane_closed
2026-09-13T07:48+02:00,A29,R,9.83,2,speedlimit
2026-09-13T07:48+02:00,A4,m,6.901,2,speedlimit
2026-09-13T07:48+02:00,A15,R,60.49,1,speedlimit
2026-09-13T07:48+02:00,A13,L,17.8,3,speedlimit
2026-09-13T07:48+02:00,A4,R,3.01,5,speedlimit
2026-09-13T07:48+02:00,A4,L,5.93,3,speedlimit
2026-09-13T07:48+02:00,A4,m,7.8,1,speedlimit
2026-09-13T07:48+02:00,A20,R,31.26,1,speedlimit
2026-09-13T07:48+02:00,A4,L,5.93,5,speedlimit
2026-09-13T07:48+02:00,A15,R,61.05,5,lane_closed
2026-09-13T07:48+02:00,A15,R,59.2,4,lane_closed_ahead
2026-09-13T07:48+02:00,A15,R,61.33,2,speedlimit
2026-09-13T07:48+02:00,A4,m,8.15,2,speedlimit
2026-09-13T07:48+02:00,A20,L,29.826,3,speedlimit
2026-09-13T07:48+02:00,A15,m,61.995,2,lane_closed
2026-09-13T07:48+02:00,A4,h,45.58,3,lane_closed
2026-09-13T07:48+02:00,A20,L,29.5,1,speedlimit
2026-09-13T07:48+02:00,A20,R,28.8,3,speedlimit
2026-09-13T07:48+02:00,A20,R,29.5,1,speedlimit
2026-09-13T07:48+02:00,A15,R,60.76,3,lane_closed
2026-09-13T07:48+02:00,A15,R,59.95,2,speedlimit
2026-09-13T07:48+02:00,A13,L,11.25,4,lane_closed
2026-09-13T07:48+02:00,A20,L,30.9,1,speedlimit
2026-09-13T07:48+02:00,A13,R,18.2,4,speedlimit
2026-09-13T07:48+02:00,A4,L,5.93,4,speedlimit
2026-09-13T07:48+02:00,A15,m,59.58,1,lane_closed
2026-09-13T07:48+02:00,A13,R,18.7,1,speedlimit
2026-09-13T07:48+02:00,A15,L,64.67,5,speedlimit
2026-09-13T07:48+02:00,A15,n,95.855,1,speedlimit
2026-09-13T07:48+02:00,A4,L,5.93,6,speedlimit
2026-09-13T07:48+02:00,A20,c,27.488,1,speedlimit
2026-09-13T07:48+02:00,A20,R,31.9,3,speedlimit
2026-09-13T07:48+02:00,A13,R,16.655,3,speedlimit
2026-09-13T07:48+02:00,A20,L,29.1,2,speedlimit
2026-09-13T07:48+02:00,A15,L,63.56,1,lane_closed
2026-09-13T07:48+02:00,A20,R,29.8,3,speedlimit
2026-09-13T07:48+02:00,A13,L,18.2,2,speedlimit
2026-09-13T07:48+02:00,A20,R,26.4,3,speedlimit
2026-09-13T07:48+02:00,A15,R,60.76,4,lane_closed
2026-09-13T07:48+02:00,A15,m,58.65,1,lane_closed
2026-09-13T07:48+02:00,A29,L,11.525,2,speedlimit
2026-09-13T07:48+02:00,A20,R,26.93,1,speedlimit
2026-09-13T07:48+02:00,A15,R,61.63,2,speedlimit
2026-09-13T07:48+02:00,A15,R,58.46,3,speedlimit
2026-09-13T07:48+02:00,A15,R,60.76,1,speedlimit
2026-09-13T07:48+02:00,A4,L,5.549,3,speedlimit
2026-09-13T07:48+02:00,A20,R,26.4,2,speedlimit
2026-09-13T07:48+02:00,A4,m,7.2,2,speedlimit
2026-09-13T07:48+02:00,A15,L,63.56,3,speedlimit
2026-09-13T07:48+02:00,A20,L,27.488,2,speedlimit
2026-09-13T07:48+02:00,A20,L,30.196,3,speedlimit
2026-09-13T07:48+02:00,A4,h,46.06,1,speedlimit
2026-09-13T07:48+02:00,A4,R,3.01,2,speedlimit
2026-09-13T07:48+02:00,A4,L,5.549,4,speedlimit
2026-09-13T07:48+02:00,A15,m,61.995,4,lane_closed
2026-09-13T07:48+02:00,A20,L,28.41,1,speedlimit
2026-09-13T07:48+02:00,A13,L,13.18,4,lane_closed
2026-09-13T07:48+02:00,A13,L,17.8,2,speedlimit
2026-09-13T07:48+02:00,A4,L,5.93,2,speedlimit
2026-09-13T07:48+02:00,A20,R,28.57,1,speedlimit
2026-09-13T07:48+02:00,A4,L,5.549,5,speedlimit
2026-09-13T07:48+02:00,A20,R,30.196,4,speedlimit
2026-09-13T07:48+02:00,A29,L,10.78,2,speedlimit
2026-09-13T07:48+02:00,A4,L,5.225,2,speedlimit
2026-09-13T07:48+02:00,A20,t,29.6,2,speedlimit
2026-09-13T07:48+02:00,A4,L,5.225,4,speedlimit
2026-09-13T07:48+02:00,A20,L,38.3,1,lane_closed_ahead
2026-09-13T07:48+02:00,A15,L,64.67,4,speedlimit
2026-09-13T07:48+02:00,A15,L,65.685,1,speedlimit
2026-09-13T07:48+02:00,A15,L,64.67,1,lane_closed
2026-09-13T07:48+02:00,A20,R,26.93,2,speedlimit
2026-09-13T07:48+02:00,A4,R,3.27,3,speedlimit
2026-09-13T07:48+02:00,A20,L,30.9,3,speedlimit
2026-09-13T07:48+02:00,A13,L,18.8,3,speedlimit
2026-09-13T07:48+02:00,A20,L,37.8,1,lane_closed
2026-09-13T07:48+02:00,A20,R,28.8,1,speedlimit
2026-09-13T07:48+02:00,A15,R,61.05,2,speedlimit
2026-09-13T07:48+02:00,A13,L,18.8,1,speedlimit
2026-09-13T07:48+02:00,A4,h,46.4,2,speedlimit
2026-09-13T07:48+02:00,A13,R,16.2,2,speedlimit
2026-09-13T07:48+02:00,A4,m,3.83,1,speedlimit
2026-09-13T07:48+02:00,A4,L,5.549,2,speedlimit
2026-09-13T07:48+02:00,A20,L,31.4,3,speedlimit
2026-09-13T07:48+02:00,A20,L,30.196,4,speedlimit
2026-09-13T07:48+02:00,A4,L,5.225,5,speedlimit
2026-09-13T07:48+02:00,A4,m,6.6,1,speedlimit
2026-09-13T07:48+02:00,A4,f,3.96,2,lane_closed
2026-09-13T07:48+02:00,A13,R,18.2,2,speedlimit
2026-09-13T07:48+02:00,A4,R,3.01,1,speedlimit
2026-09-13T07:48+02:00,A13,L,17.8,1,speedlimit
2026-09-13T07:48+02:00,A20,R,29.8,1,speedlimit
2026-09-13T07:48+02:00,A20,R,31.26,2,speedlimit
2026-09-13T07:48+02:00,A15,m,58.46,1,lane_closed_ahead
2026-09-13T07:48+02:00,A4,R,3.27,5,speedlimit
2026-09-13T07:48+02:00,A15,m,59.11,3,speedlimit
2026-09-13T07:48+02:00,A4,R,3.01,3,speedlimit
2026-09-13T07:48+02:00,A20,R,31.26,3,speedlimit
2026-09-13T07:48+02:00,A20,R,26.64,3,speedlimit
2026-09-13T07:48+02:00,A20,R,26.64,4,speedlimit
2026-09-13T07:48+02:00,A20,R,26.4,1,speedlimit
2026-09-13T07:48+02:00,A13,R,17.1,1,speedlimit
2026-09-13T07:48+02:00,A15,R,59.2,3,speedlimit
2026-09-13T07:48+02:00,A20,R,29.5,3,speedlimit
2026-09-13T07:48+02:00,A15,R,58.46,4,speedlimit
2026-09-13T07:48+02:00,A29,L,10.63,3,lane_closed
2026-09-13T07:48+02:00,A13,L,13.7,4,lane_closed
2026-09-13T07:48+02:00,A15,L,63.56,2,speedlimit
2026-09-13T07:48+02:00,A13,L,14.2,4,lane_closed
2026-09-13T07:48+02:00,A15,R,60.76,2,speedlimit
2026-09-13T07:48+02:00,A4,h,46.4,1,speedlimit
2026-09-13T07:48+02:00,A29,L,11.525,4,speedlimit
2026-09-13T07:48+02:00,A20,t,29.6,1,speedlimit
2026-09-13T07:48+02:00,A15,L,65.685,4,speedlimit
2026-09-13T07:48+02:00,A20,R,29.8,4,speedlimit
2026-09-13T07:48+02:00,A13,R,18.7,2,speedlimit
2026-09-13T07:48+02:00,A20,R,27.488,1,speedlimit
2026-09-13T07:48+02:00,A15,R,62.454,1,speedlimit
2026-09-13T07:48+02:00,A15,m,59.11,1,lane_closed
2026-09-13T07:48+02:00,A20,R,29.5,2,speedlimit
2026-09-13T07:48+02:00,A20,L,27.2,2,speedlimit
2026-09-13T07:48+02:00,A13,R,18.963,1,speedlimit
2026-09-13T07:48+02:00,A13,L,17.1,1,speedlimit
2026-09-13T07:48+02:00,A15,R,61.63,3,lane_closed
2026-09-13T07:48+02:00,A20,L,31.88,3,speedlimit
2026-09-13T07:48+02:00,A13,L,17.1,4,speedlimit
2026-09-13T07:48+02:00,A13,R,16.655,2,speedlimit
2026-09-13T07:48+02:00,A13,L,15.55,5,lane_closed
2026-09-13T07:48+02:00,A4,k,4.44,1,speedlimit
2026-09-13T07:48+02:00,A15,m,58.65,2,speedlimit
2026-09-13T07:48+02:00,A15,R,59.95,3,lane_closed
2026-09-13T07:48+02:00,A4,L,5.225,1,speedlimit
2026-09-13T07:48+02:00,A20,L,32.8,3,speedlimit
2026-09-13T07:48+02:00,A15,R,61.63,6,lane_closed
2026-09-13T07:48+02:00,A15,R,58.46,1,speedlimit
2026-09-13T07:48+02:00,A20,R,30.196,1,speedlimit
2026-09-13T07:48+02:00,A20,L,29.826,4,speedlimit
2026-09-13T07:48+02:00,A20,s,29.6,1,speedlimit
2026-09-13T07:48+02:00,A20,L,28.57,2,speedlimit
2026-09-13T07:48+02:00,A20,R,30.6,2,speedlimit
2026-09-13T07:48+02:00,A15,R,59.57,1,speedlimit
2026-09-13T07:48+02:00,A29,s,9.91,2,lane_closed
2026-09-13T07:48+02:00,A15,L,65.25,3,speedlimit
2026-09-13T07:48+02:00,A4,m,7.4,2,speedlimit
2026-09-13T07:48+02:00,A13,L,17.1,2,speedlimit
2026-09-13T07:48+02:00,A20,L,28.57,3,speedlimit
2026-09-13T07:48+02:00,A15,R,59.57,3,lane_closed
2026-09-13T07:48+02:00,A15,L,64.67,3,speedlimit
2026-09-13T07:48+02:00,A20,R,26.4,4,speedlimit
2026-09-13T07:48+02:00,A20,R,30.196,2,speedlimit
2026-09-13T07:48+02:00,A13,R,17.8,3,speedlimit
2026-09-13T07:48+02:00,A15,n,95.855,2,speedlimit
2026-09-13T08:49+02:00,A13,L,16.7,1,speedlimit
2026-09-13T08:49+02:00,A15,R,59.2,2,speedlimit
2026-09-13T08:49+02:00,A4,m,7.8,2,speedlimit
2026-09-13T08:49+02:00,A20,L,30.196,2,speedlimit
2026-09-13T08:49+02:00,A13,R,16.655,1,speedlimit
2026-09-13T08:49+02:00,A13,R,17.1,2,speedlimit
2026-09-13T08:49+02:00,A15,R,61.63,4,lane_closed
2026-09-13T08:49+02:00,A4,m,7.0,2,speedlimit
2026-09-13T08:49+02:00,A4,L,5.93,1,speedlimit
2026-09-13T08:49+02:00,A4,m,7.0,1,speedlimit
2026-09-13T08:49+02:00,A4,j,4.65,2,lane_closed
2026-09-13T08:49+02:00,A15,R,61.33,5,lane_closed
2026-09-13T08:49+02:00,A29,v,10.39,1,lane_closed
2026-09-13T08:49+02:00,A15,R,58.05,4,speedlimit
2026-09-13T08:49+02:00,A29,L,11.06,4,speedlimit
2026-09-13T08:49+02:00,A29,L,11.06,2,speedlimit
2026-09-13T08:49+02:00,A13,R,18.5,1,speedlimit
2026-09-13T08:49+02:00,A4,R,3.27,4,speedlimit
2026-09-13T08:49+02:00,A20,L,29.5,2,speedlimit
2026-09-13T08:49+02:00,A13,R,18.5,4,speedlimit
2026-09-13T08:49+02:00,A15,m,58.46,3,speedlimit
2026-09-13T08:49+02:00,A4,m,7.3,1,speedlimit
2026-09-13T08:49+02:00,A13,R,18.2,3,speedlimit
2026-09-13T08:49+02:00,A20,R,28.1,1,speedlimit
2026-09-13T08:49+02:00,A20,R,30.196,3,speedlimit
2026-09-13T08:49+02:00,A4,j,4.65,1,lane_closed
2026-09-13T08:49+02:00,A20,L,36.94,1,lane_closed
2026-09-13T08:49+02:00,A15,R,58.05,1,speedlimit
2026-09-13T08:49+02:00,A15,R,58.46,2,speedlimit
2026-09-13T08:49+02:00,A4,m,8.15,3,speedlimit
2026-09-13T08:49+02:00,A15,n,95.855,3,speedlimit
2026-09-13T08:49+02:00,A13,R,17.8,2,speedlimit
2026-09-13T08:49+02:00,A15,R,61.05,6,lane_closed
2026-09-13T08:49+02:00,A4,L,5.225,6,lane_closed
2026-09-13T08:49+02:00,A20,s,29.6,2,speedlimit
2026-09-13T08:49+02:00,A15,L,65.25,2,speedlimit
2026-09-13T08:49+02:00,A15,L,65.685,3,speedlimit
2026-09-13T08:49+02:00,A15,R,58.05,2,speedlimit
2026-09-13T08:49+02:00,A20,R,26.93,4,speedlimit
2026-09-13T08:49+02:00,A20,R,28.57,3,speedlimit
2026-09-13T08:49+02:00,A16,L,43.69,1,lane_closed
2026-09-13T08:49+02:00,A15,R,61.05,1,speedlimit
2026-09-13T08:49+02:00,A29,v,10.8,1,lane_closed
2026-09-13T08:49+02:00,A4,R,3.01,4,speedlimit
2026-09-13T08:49+02:00,A29,s,9.64,2,lane_closed
2026-09-13T08:49+02:00,A13,L,18.8,2,speedlimit
2026-09-13T08:49+02:00,A15,R,60.49,4,lane_closed
2026-09-13T08:49+02:00,A15,R,62.454,3,lane_closed
2026-09-13T08:49+02:00,A20,R,27.235,1,speedlimit
2026-09-13T08:49+02:00,A20,L,28.41,2,speedlimit
2026-09-13T08:49+02:00,A15,m,62.454,2,speedlimit
2026-09-13T08:49+02:00,A20,R,27.79,2,speedlimit
2026-09-13T08:49+02:00,A13,R,18.5,3,speedlimit
2026-09-13T08:49+02:00,A20,R,28.57,4,speedlimit
2026-09-13T08:49+02:00,A20,R,31.26,4,speedlimit
2026-09-13T08:49+02:00,A20,L,29.826,2,speedlimit
2026-09-13T08:49+02:00,A20,L,35.925,1,lane_closed
2026-09-13T08:49+02:00,A16,L,45.805,1,lane_closed_ahead
2026-09-13T08:49+02:00,A20,L,28.57,1,speedlimit
2026-09-13T08:49+02:00,A20,R,29.5,4,speedlimit
2026-09-13T08:49+02:00,A15,m,60.07,1,lane_closed
2026-09-13T08:49+02:00,A4,m,6.901,1,speedlimit
2026-09-13T08:49+02:00,A20,R,28.1,2,speedlimit
2026-09-13T08:49+02:00,A20,R,26.64,1,speedlimit
2026-09-13T08:49+02:00,A15,R,61.05,4,lane_closed
2026-09-13T08:49+02:00,A15,L,64.2,2,speedlimit
2026-09-13T08:49+02:00,A15,R,60.49,3,lane_closed
2026-09-13T08:49+02:00,A29,R,9.83,1,lane_closed
2026-09-13T08:49+02:00,A16,L,45.39,1,lane_closed
2026-09-13T08:49+02:00,A20,L,32.8,2,speedlimit
2026-09-13T08:49+02:00,A29,R,9.5,3,speedlimit
2026-09-13T08:49+02:00,A16,L,46.43,1,speedlimit
2026-09-13T08:49+02:00,A15,L,65.25,4,speedlimit
2026-09-13T08:49+02:00,A15,R,59.2,1,speedlimit
2026-09-13T08:49+02:00,A13,L,17.1,3,speedlimit
2026-09-13T08:49+02:00,A29,L,10.63,1,speedlimit
2026-09-13T08:49+02:00,A20,L,36.625,1,lane_closed
2026-09-13T08:49+02:00,A15,R,62.454,2,speedlimit
2026-09-13T08:49+02:00,A29,L,11.525,1,speedlimit
2026-09-13T08:49+02:00,A4,L,5.549,6,lane_closed_ahead
2026-09-13T08:49+02:00,A29,s,9.64,1,lane_closed
2026-09-13T08:49+02:00,A20,L,27.488,1,speedlimit
2026-09-13T08:49+02:00,A20,L,27.2,1,speedlimit
2026-09-13T08:49+02:00,A4,h,46.06,2,speedlimit
2026-09-13T08:49+02:00,A15,R,59.57,2,speedlimit
2026-09-13T08:49+02:00,A20,L,27.8,2,speedlimit
2026-09-13T08:49+02:00,A4,k,4.44,3,lane_closed
2026-09-13T08:49+02:00,A15,R,58.05,5,speedlimit
2026-09-13T08:49+02:00,A13,L,18.2,3,speedlimit
2026-09-13T08:49+02:00,A4,m,3.83,3,lane_closed
2026-09-13T08:49+02:00,A29,L,10.63,2,speedlimit
2026-09-13T08:49+02:00,A20,L,31.88,1,speedlimit
2026-09-13T08:49+02:00,A29,L,11.06,1,speedlimit
2026-09-13T08:49+02:00,A4,m,3.83,4,lane_closed
2026-09-13T08:49+02:00,A13,L,16.7,2,speedlimit
2026-09-13T08:49+02:00,A20,L,30.9,2,speedlimit
2026-09-13T08:49+02:00,A20,L,28.085,1,speedlimit
2026-09-13T08:49+02:00,A15,R,58.05,3,speedlimit
2026-09-13T08:49+02:00,A15,R,61.33,3,lane_closed
2026-09-13T08:49+02:00,A20,R,30.6,1,speedlimit
2026-09-13T08:49+02:00,A13,R,17.1,3,speedlimit
2026-09-13T08:49+02:00,A20,R,26.93,3,speedlimit
2026-09-13T08:49+02:00,A15,R,62.062,2,speedlimit
2026-09-13T08:49+02:00,A20,L,31.4,1,speedlimit
2026-09-13T08:49+02:00,A29,s,10.4,1,lane_closed
2026-09-13T08:49+02:00,A15,R,61.05,3,lane_closed
2026-09-13T08:49+02:00,A4,L,5.225,3,speedlimit
2026-09-13T08:49+02:00,A4,m,6.6,2,speedlimit
2026-09-13T08:49+02:00,A15,m,59.11,2,speedlimit
2026-09-13T08:49+02:00,A4,m,7.3,2,speedlimit
2026-09-13T08:49+02:00,A4,m,7.2,1,speedlimit
2026-09-13T08:49+02:00,A20,L,31.1,2,speedlimit
2026-09-13T08:49+02:00,A13,g,18.7,2,speedlimit
2026-09-13T08:49+02:00,A15,L,65.685,2,speedlimit
2026-09-13T08:49+02:00,A15,m,61.995,3,lane_closed
2026-09-13T08:49+02:00,A20,L,31.4,2,speedlimit
2026-09-13T08:49+02:00,A4,f,3.96,1,lane_closed
2026-09-13T08:49+02:00,A15,R,61.63,1,speedlimit
2026-09-13T08:49+02:00,A29,R,9.5,1,lane_closed_ahead
2026-09-13T08:49+02:00,A15,R,61.33,4,lane_closed
2026-09-13T08:49+02:00,A13,L,15.9,3,lane_closed
2026-09-13T08:49+02:00,A4,R,3.27,1,speedlimit
2026-09-13T08:49+02:00,A13,R,16.2,1,speedlimit
2026-09-13T08:49+02:00,A29,s,10.4,2,lane_closed
2026-09-13T08:49+02:00,A13,R,18.5,2,speedlimit
2026-09-13T08:49+02:00,A20,L,30.196,1,speedlimit
2026-09-13T08:49+02:00,A20,R,27.79,1,speedlimit
2026-09-13T08:49+02:00,A15,R,61.33,1,speedlimit
2026-09-13T08:49+02:00,A20,L,29.826,1,speedlimit
2026-09-13T08:49+02:00,A16,L,45.805,2,speedlimit
2026-09-13T08:49+02:00,A4,m,7.4,1,speedlimit
2026-09-13T08:49+02:00,A15,m,62.454,1,speedlimit
2026-09-13T08:49+02:00,A15,m,61.995,1,lane_closed
2026-09-13T08:49+02:00,A20,R,28.41,2,speedlimit
2026-09-13T08:49+02:00,A4,L,5.549,1,speedlimit
2026-09-13T08:49+02:00,A15,R,62.062,1,speedlimit
2026-09-13T08:49+02:00,A20,R,29.1,1,speedlimit
2026-09-13T08:49+02:00,A13,R,17.8,1,speedlimit
2026-09-13T08:49+02:00,A29,L,11.06,3,speedlimit
2026-09-13T08:49+02:00,A20,R,28.41,1,speedlimit
2026-09-13T08:49+02:00,A20,R,31.9,2,speedlimit
2026-09-13T08:49+02:00,A15,R,61.63,5,lane_closed
2026-09-13T08:49+02:00,A29,L,11.525,3,speedlimit
2026-09-13T08:49+02:00,A4,R,3.27,2,speedlimit
2026-09-13T08:49+02:00,A20,L,31.1,3,speedlimit
2026-09-13T08:49+02:00,A15,R,61.33,6,lane_closed
2026-09-13T08:49+02:00,A29,R,9.5,2,speedlimit
2026-09-13T08:49+02:00,A29,R,9.83,3,speedlimit
2026-09-13T08:49+02:00,A15,R,62.454,5,lane_closed
2026-09-13T08:49+02:00,A15,R,60.49,2,speedlimit
2026-09-13T08:49+02:00,A20,R,27.488,2,speedlimit
2026-09-13T08:49+02:00,A20,t,28.895,1,speedlimit
2026-09-13T08:49+02:00,A20,L,32.8,1,speedlimit
2026-09-13T08:49+02:00,A16,L,43.69,3,speedlimit
2026-09-13T08:49+02:00,A20,R,28.8,2,speedlimit
2026-09-13T08:49+02:00,A20,L,31.1,1,speedlimit
2026-09-13T08:49+02:00,A13,L,16.19,3,lane_closed
2026-09-13T08:49+02:00,A13,L,15.035,5,lane_closed
2026-09-13T08:49+02:00,A4,m,3.83,2,speedlimit
2026-09-13T08:49+02:00,A20,L,27.8,1,speedlimit
2026-09-13T08:49+02:00,A20,R,29.1,2,speedlimit
2026-09-13T08:49+02:00,A13,g,18.7,1,speedlimit
2026-09-13T08:49+02:00,A20,R,28.57,2,speedlimit
2026-09-13T08:49+02:00,A20,R,26.64,2,speedlimit
2026-09-13T08:49+02:00,A15,L,64.2,3,speedlimit
2026-09-13T08:49+02:00,A20,L,29.1,1,speedlimit
2026-09-13T08:49+02:00,A13,L,18.2,1,speedlimit
2026-09-13T08:49+02:00,A15,L,64.67,2,speedlimit
2026-09-13T08:49+02:00,A13,L,12.7,4,lane_closed
2026-09-13T08:49+02:00,A20,L,31.88,2,speedlimit
2026-09-13T08:49+02:00,A15,R,62.454,4,lane_closed
2026-09-13T08:49+02:00,A20,L,28.085,2,speedlimit
2026-09-13T08:49+02:00,A15,R,62.062,3,lane_closed
2026-09-13T08:49+02:00,A20,R,30.6,3,speedlimit
2026-09-13T08:49+02:00,A15,m,58.65,3,speedlimit
2026-09-13T08:49+02:00,A20,L,35.52,1,lane_closed
2026-09-13T08:49+02:00,A15,R,62.062,4,lane_closed
2026-09-13T08:49+02:00,A29,s,9.91,1,lane_closed
2026-09-13T08:49+02:00,A20,R,29.8,2,speedlimit
2026-09-13T08:49+02:00,A15,L,64.2,1,lane_closed
2026-09-13T08:49+02:00,A20,R,27.235,2,speedlimit
2026-09-13T08:49+02:00,A20,L,37.3,1,lane_closed
2026-09-13T08:49+02:00,A15,R,59.95,1,speedlimit
2026-09-13T08:49+02:00,A13,R,18.2,1,speedlimit
2026-09-13T08:49+02:00,A4,k,4.44,2,lane_closed
2026-09-13T08:49+02:00,A15,L,65.25,1,lane_closed_ahead
2026-09-13T08:49+02:00,A29,L,10.78,1,speedlimit
2026-09-13T08:49+02:00,A15,e,95.55,1,speedlimit
2026-09-13T08:49+02:00,A13,e,19.1,1,speedlimit
2026-09-13T08:49+02:00,A29,L,10.63,4,lane_closed
2026-09-13T08:49+02:00,A29,R,9.83,2,speedlimit
2026-09-13T08:49+02:00,A4,m,6.901,2,speedlimit
2026-09-13T08:49+02:00,A15,R,60.49,1,speedlimit
2026-09-13T08:49+02:00,A13,L,17.8,3,speedlimit
2026-09-13T08:49+02:00,A4,R,3.01,5,speedlimit
2026-09-13T08:49+02:00,A4,L,5.93,3,speedlimit
2026-09-13T08:49+02:00,A4,m,7.8,1,speedlimit
2026-09-13T08:49+02:00,A20,R,31.26,1,speedlimit
2026-09-13T08:49+02:00,A4,L,5.93,5,speedlimit
2026-09-13T08:49+02:00,A15,R,61.05,5,lane_closed
2026-09-13T08:49+02:00,A15,R,59.2,4,lane_closed_ahead
2026-09-13T08:49+02:00,A15,R,61.33,2,speedlimit
2026-09-13T08:49+02:00,A4,m,8.15,2,speedlimit
2026-09-13T08:49+02:00,A20,L,29.826,3,speedlimit
2026-09-13T08:49+02:00,A16,L,46.43,3,speedlimit
2026-09-13T08:49+02:00,A15,m,61.995,2,lane_closed
2026-09-13T08:49+02:00,A4,h,45.58,3,lane_closed
2026-09-13T08:49+02:00,A16,L,44.26,2,speedlimit
2026-09-13T08:49+02:00,A20,L,29.5,1,speedlimit
2026-09-13T08:49+02:00,A20,R,28.8,3,speedlimit
2026-09-13T08:49+02:00,A20,R,29.5,1,speedlimit
2026-09-13T08:49+02:00,A15,R,60.76,3,lane_closed
2026-09-13T08:49+02:00,A15,R,59.95,2,speedlimit
2026-09-13T08:49+02:00,A13,L,11.25,4,lane_closed
2026-09-13T08:49+02:00,A20,L,30.9,1,speedlimit
2026-09-13T08:49+02:00,A13,R,18.2,4,speedlimit
2026-09-13T08:49+02:00,A4,L,5.93,4,speedlimit
2026-09-13T08:49+02:00,A15,m,59.58,1,lane_closed
2026-09-13T08:49+02:00,A13,R,18.7,1,speedlimit
2026-09-13T08:49+02:00,A15,L,64.67,5,speedlimit
2026-09-13T08:49+02:00,A15,n,95.855,1,speedlimit
2026-09-13T08:49+02:00,A4,L,5.93,6,speedlimit
2026-09-13T08:49+02:00,A20,c,27.488,1,speedlimit
2026-09-13T08:49+02:00,A20,R,31.9,3,speedlimit
2026-09-13T08:49+02:00,A13,R,16.655,3,speedlimit
2026-09-13T08:49+02:00,A20,L,29.1,2,speedlimit
2026-09-13T08:49+02:00,A15,L,63.56,1,lane_closed
2026-09-13T08:49+02:00,A20,R,29.8,3,speedlimit
2026-09-13T08:49+02:00,A13,L,18.2,2,speedlimit
2026-09-13T08:49+02:00,A20,R,26.4,3,speedlimit
2026-09-13T08:49+02:00,A15,R,60.76,4,lane_closed
2026-09-13T08:49+02:00,A15,m,58.65,1,lane_closed
2026-09-13T08:49+02:00,A29,L,11.525,2,speedlimit
2026-09-13T08:49+02:00,A20,R,26.93,1,speedlimit
2026-09-13T08:49+02:00,A15,R,61.63,2,speedlimit
2026-09-13T08:49+02:00,A15,R,58.46,3,speedlimit
2026-09-13T08:49+02:00,A15,R,60.76,1,speedlimit
2026-09-13T08:49+02:00,A4,L,5.549,3,speedlimit
2026-09-13T08:49+02:00,A20,R,26.4,2,speedlimit
2026-09-13T08:49+02:00,A4,m,7.2,2,speedlimit
2026-09-13T08:49+02:00,A16,L,45.805,3,speedlimit
2026-09-13T08:49+02:00,A15,L,63.56,3,speedlimit
2026-09-13T08:49+02:00,A20,L,27.488,2,speedlimit
2026-09-13T08:49+02:00,A20,L,30.196,3,speedlimit
2026-09-13T08:49+02:00,A4,h,46.06,1,speedlimit
2026-09-13T08:49+02:00,A4,R,3.01,2,speedlimit
2026-09-13T08:49+02:00,A4,L,5.549,4,speedlimit
2026-09-13T08:49+02:00,A15,m,61.995,4,lane_closed
2026-09-13T08:49+02:00,A20,L,28.41,1,speedlimit
2026-09-13T08:49+02:00,A13,L,13.18,4,lane_closed
2026-09-13T08:49+02:00,A13,L,17.8,2,speedlimit
2026-09-13T08:49+02:00,A4,L,5.93,2,speedlimit
2026-09-13T08:49+02:00,A20,R,28.57,1,speedlimit
2026-09-13T08:49+02:00,A4,L,5.549,5,speedlimit
2026-09-13T08:49+02:00,A20,R,30.196,4,speedlimit
2026-09-13T08:49+02:00,A29,L,10.78,2,speedlimit
2026-09-13T08:49+02:00,A4,L,5.225,2,speedlimit
2026-09-13T08:49+02:00,A20,t,29.6,2,speedlimit
2026-09-13T08:49+02:00,A4,L,5.225,4,speedlimit
2026-09-13T08:49+02:00,A20,L,38.3,1,lane_closed_ahead
2026-09-13T08:49+02:00,A15,L,64.67,4,speedlimit
2026-09-13T08:49+02:00,A15,L,65.685,1,speedlimit
2026-09-13T08:49+02:00,A15,L,64.67,1,lane_closed
2026-09-13T08:49+02:00,A16,L,44.26,1,lane_closed
2026-09-13T08:49+02:00,A20,R,26.93,2,speedlimit
2026-09-13T08:49+02:00,A4,R,3.27,3,speedlimit
2026-09-13T08:49+02:00,A20,L,30.9,3,speedlimit
2026-09-13T08:49+02:00,A13,L,18.8,3,speedlimit
2026-09-13T08:49+02:00,A20,L,37.8,1,lane_closed
2026-09-13T08:49+02:00,A20,R,28.8,1,speedlimit
2026-09-13T08:49+02:00,A15,R,61.05,2,speedlimit
2026-09-13T08:49+02:00,A13,L,18.8,1,speedlimit
2026-09-13T08:49+02:00,A4,h,46.4,2,speedlimit
2026-09-13T08:49+02:00,A13,R,16.2,2,speedlimit
2026-09-13T08:49+02:00,A4,m,3.83,1,speedlimit
2026-09-13T08:49+02:00,A4,L,5.549,2,speedlimit
2026-09-13T08:49+02:00,A20,L,31.4,3,speedlimit
2026-09-13T08:49+02:00,A20,L,30.196,4,speedlimit
2026-09-13T08:49+02:00,A4,L,5.225,5,speedlimit
2026-09-13T08:49+02:00,A4,m,6.6,1,speedlimit
2026-09-13T08:49+02:00,A4,f,3.96,2,lane_closed
2026-09-13T08:49+02:00,A13,R,18.2,2,speedlimit
2026-09-13T08:49+02:00,A4,R,3.01,1,speedlimit
2026-09-13T08:49+02:00,A13,L,17.8,1,speedlimit
2026-09-13T08:49+02:00,A20,R,29.8,1,speedlimit
2026-09-13T08:49+02:00,A20,R,31.26,2,speedlimit
2026-09-13T08:49+02:00,A15,m,58.46,1,lane_closed_ahead
2026-09-13T08:49+02:00,A16,L,45.39,3,speedlimit
2026-09-13T08:49+02:00,A4,R,3.27,5,speedlimit
2026-09-13T08:49+02:00,A15,m,59.11,3,speedlimit
2026-09-13T08:49+02:00,A16,L,44.26,3,speedlimit
2026-09-13T08:49+02:00,A4,R,3.01,3,speedlimit
2026-09-13T08:49+02:00,A20,R,31.26,3,speedlimit
2026-09-13T08:49+02:00,A20,R,26.64,3,speedlimit
2026-09-13T08:49+02:00,A20,R,26.64,4,speedlimit
2026-09-13T08:49+02:00,A16,L,43.69,2,speedlimit
2026-09-13T08:49+02:00,A20,R,26.4,1,speedlimit
2026-09-13T08:49+02:00,A13,R,17.1,1,speedlimit
2026-09-13T08:49+02:00,A15,R,59.2,3,speedlimit
2026-09-13T08:49+02:00,A20,R,29.5,3,speedlimit
2026-09-13T08:49+02:00,A15,R,58.46,4,speedlimit
2026-09-13T08:49+02:00,A29,L,10.63,3,lane_closed
2026-09-13T08:49+02:00,A13,L,13.7,4,lane_closed
2026-09-13T08:49+02:00,A16,L,45.39,2,speedlimit
2026-09-13T08:49+02:00,A15,L,63.56,2,speedlimit
2026-09-13T08:49+02:00,A13,L,14.2,4,lane_closed
2026-09-13T08:49+02:00,A15,R,60.76,2,speedlimit
2026-09-13T08:49+02:00,A4,h,46.4,1,speedlimit
2026-09-13T08:49+02:00,A29,L,11.525,4,speedlimit
2026-09-13T08:49+02:00,A20,t,29.6,1,speedlimit
2026-09-13T08:49+02:00,A15,L,65.685,4,speedlimit
2026-09-13T08:49+02:00,A20,R,29.8,4,speedlimit
2026-09-13T08:49+02:00,A13,R,18.7,2,speedlimit
2026-09-13T08:49+02:00,A20,R,27.488,1,speedlimit
2026-09-13T08:49+02:00,A15,R,62.454,1,speedlimit
2026-09-13T08:49+02:00,A15,m,59.11,1,lane_closed
2026-09-13T08:49+02:00,A20,R,29.5,2,speedlimit
2026-09-13T08:49+02:00,A20,L,27.2,2,speedlimit
2026-09-13T08:49+02:00,A13,R,18.963,1,speedlimit
2026-09-13T08:49+02:00,A13,L,17.1,1,speedlimit
2026-09-13T08:49+02:00,A15,R,61.63,3,lane_closed
2026-09-13T08:49+02:00,A20,L,31.88,3,speedlimit
2026-09-13T08:49+02:00,A13,L,17.1,4,speedlimit
2026-09-13T08:49+02:00,A13,R,16.655,2,speedlimit
2026-09-13T08:49+02:00,A13,L,15.55,5,lane_closed
2026-09-13T08:49+02:00,A4,k,4.44,1,speedlimit
2026-09-13T08:49+02:00,A15,m,58.65,2,speedlimit
2026-09-13T08:49+02:00,A15,R,59.95,3,lane_closed
2026-09-13T08:49+02:00,A4,L,5.225,1,speedlimit
2026-09-13T08:49+02:00,A20,L,32.8,3,speedlimit
2026-09-13T08:49+02:00,A15,R,61.63,6,lane_closed
2026-09-13T08:49+02:00,A15,R,58.46,1,speedlimit
2026-09-13T08:49+02:00,A20,R,30.196,1,speedlimit
2026-09-13T08:49+02:00,A20,L,29.826,4,speedlimit
2026-09-13T08:49+02:00,A20,s,29.6,1,speedlimit
2026-09-13T08:49+02:00,A20,L,28.57,2,speedlimit
2026-09-13T08:49+02:00,A20,R,30.6,2,speedlimit
2026-09-13T08:49+02:00,A15,R,59.57,1,speedlimit
2026-09-13T08:49+02:00,A29,s,9.91,2,lane_closed
2026-09-13T08:49+02:00,A15,L,65.25,3,speedlimit
2026-09-13T08:49+02:00,A4,m,7.4,2,speedlimit
2026-09-13T08:49+02:00,A13,L,17.1,2,speedlimit
2026-09-13T08:49+02:00,A20,L,28.57,3,speedlimit
2026-09-13T08:49+02:00,A15,R,59.57,3,lane_closed
2026-09-13T08:49+02:00,A15,L,64.67,3,speedlimit
2026-09-13T08:49+02:00,A20,R,26.4,4,speedlimit
2026-09-13T08:49+02:00,A20,R,30.196,2,speedlimit
2026-09-13T08:49+02:00,A13,R,17.8,3,speedlimit
2026-09-13T08:49+02:00,A15,n,95.855,2,speedlimit
2026-09-13T09:49+02:00,A13,L,16.7,1,speedlimit
2026-09-13T09:49+02:00,A15,y,47.092,2,speedlimit
2026-09-13T09:49+02:00,A15,R,59.2,2,speedlimit
2026-09-13T09:49+02:00,A4,m,7.8,2,speedlimit
2026-09-13T09:49+02:00,A20,L,30.196,2,speedlimit
2026-09-13T09:49+02:00,A13,R,16.655,1,speedlimit
2026-09-13T09:49+02:00,A13,R,17.1,2,speedlimit
2026-09-13T09:49+02:00,A15,R,61.63,4,lane_closed
2026-09-13T09:49+02:00,A4,m,7.0,2,speedlimit
2026-09-13T09:49+02:00,A4,L,5.93,1,speedlimit
2026-09-13T09:49+02:00,A4,m,7.0,1,speedlimit
2026-09-13T09:49+02:00,A4,j,4.65,2,lane_closed
2026-09-13T09:49+02:00,A15,R,61.33,5,lane_closed
2026-09-13T09:49+02:00,A29,v,10.39,1,lane_closed
2026-09-13T09:49+02:00,A15,R,58.05,4,speedlimit
2026-09-13T09:49+02:00,A29,L,11.06,4,speedlimit
2026-09-13T09:49+02:00,A29,L,11.06,2,speedlimit
2026-09-13T09:49+02:00,A13,R,18.5,1,speedlimit
2026-09-13T09:49+02:00,A4,R,3.27,4,speedlimit
2026-09-13T09:49+02:00,A20,L,29.5,2,speedlimit
2026-09-13T09:49+02:00,A13,R,18.5,4,speedlimit
2026-09-13T09:49+02:00,A15,m,58.46,3,speedlimit
2026-09-13T09:49+02:00,A4,m,7.3,1,speedlimit
2026-09-13T09:49+02:00,A13,R,18.2,3,speedlimit
2026-09-13T09:49+02:00,A20,R,28.1,1,speedlimit
2026-09-13T09:49+02:00,A20,R,30.196,3,speedlimit
2026-09-13T09:49+02:00,A4,j,4.65,1,lane_closed
2026-09-13T09:49+02:00,A20,L,36.94,1,lane_closed
2026-09-13T09:49+02:00,A15,R,58.05,1,speedlimit
2026-09-13T09:49+02:00,A15,R,58.46,2,speedlimit
2026-09-13T09:49+02:00,A4,m,8.15,3,speedlimit
2026-09-13T09:49+02:00,A15,n,95.855,3,speedlimit
2026-09-13T09:49+02:00,A13,R,17.8,2,speedlimit
2026-09-13T09:49+02:00,A15,R,61.05,6,lane_closed
2026-09-13T09:49+02:00,A4,L,5.225,6,lane_closed
2026-09-13T09:49+02:00,A20,s,29.6,2,speedlimit
2026-09-13T09:49+02:00,A15,L,65.25,2,speedlimit
2026-09-13T09:49+02:00,A15,L,65.685,3,speedlimit
2026-09-13T09:49+02:00,A15,y,47.43,2,speedlimit
2026-09-13T09:49+02:00,A15,R,58.05,2,speedlimit
2026-09-13T09:49+02:00,A15,x,46.135,3,speedlimit
2026-09-13T09:49+02:00,A20,R,26.93,4,speedlimit
2026-09-13T09:49+02:00,A20,R,28.57,3,speedlimit
2026-09-13T09:49+02:00,A15,R,61.05,1,speedlimit
2026-09-13T09:49+02:00,A29,v,10.8,1,lane_closed
2026-09-13T09:49+02:00,A29,s,9.64,2,lane_closed
2026-09-13T09:49+02:00,A13,L,18.8,2,speedlimit
2026-09-13T09:49+02:00,A15,R,60.49,4,lane_closed
2026-09-13T09:49+02:00,A15,R,62.454,3,lane_closed
2026-09-13T09:49+02:00,A20,R,27.235,1,speedlimit
2026-09-13T09:49+02:00,A20,L,28.41,2,speedlimit
2026-09-13T09:49+02:00,A15,m,62.454,2,speedlimit
2026-09-13T09:49+02:00,A20,R,27.79,2,speedlimit
2026-09-13T09:49+02:00,A13,R,18.5,3,speedlimit
2026-09-13T09:49+02:00,A20,R,28.57,4,speedlimit
2026-09-13T09:49+02:00,A20,R,31.26,4,speedlimit
2026-09-13T09:49+02:00,A20,L,29.826,2,speedlimit
2026-09-13T09:49+02:00,A20,L,35.925,1,lane_closed
2026-09-13T09:49+02:00,A20,L,28.57,1,speedlimit
2026-09-13T09:49+02:00,A20,R,29.5,4,speedlimit
2026-09-13T09:49+02:00,A15,x,46.135,1,speedlimit
2026-09-13T09:49+02:00,A15,m,60.07,1,lane_closed
2026-09-13T09:49+02:00,A4,m,6.901,1,speedlimit
2026-09-13T09:49+02:00,A20,R,28.1,2,speedlimit
2026-09-13T09:49+02:00,A20,R,26.64,1,speedlimit
2026-09-13T09:49+02:00,A15,R,61.05,4,lane_closed
2026-09-13T09:49+02:00,A15,L,64.2,2,speedlimit
2026-09-13T09:49+02:00,A15,R,60.49,3,lane_closed
2026-09-13T09:49+02:00,A29,R,9.83,1,lane_closed
2026-09-13T09:49+02:00,A20,L,32.8,2,speedlimit
2026-09-13T09:49+02:00,A29,R,9.5,3,speedlimit
2026-09-13T09:49+02:00,A15,L,65.25,4,speedlimit
2026-09-13T09:49+02:00,A15,R,59.2,1,speedlimit
2026-09-13T09:49+02:00,A13,L,17.1,3,speedlimit
2026-09-13T09:49+02:00,A29,L,10.63,1,speedlimit
2026-09-13T09:49+02:00,A20,L,36.625,1,lane_closed
2026-09-13T09:49+02:00,A15,R,62.454,2,speedlimit
2026-09-13T09:49+02:00,A29,L,11.525,1,speedlimit
2026-09-13T09:49+02:00,A4,L,5.549,6,lane_closed_ahead
2026-09-13T09:49+02:00,A29,s,9.64,1,lane_closed
2026-09-13T09:49+02:00,A20,L,27.488,1,speedlimit
2026-09-13T09:49+02:00,A20,L,27.2,1,speedlimit
2026-09-13T09:49+02:00,A4,h,46.06,2,speedlimit
2026-09-13T09:49+02:00,A15,R,59.57,2,speedlimit
2026-09-13T09:49+02:00,A20,L,27.8,2,speedlimit
2026-09-13T09:49+02:00,A4,k,4.44,3,lane_closed
2026-09-13T09:49+02:00,A15,R,58.05,5,speedlimit
2026-09-13T09:49+02:00,A13,L,18.2,3,speedlimit
2026-09-13T09:49+02:00,A4,m,3.83,3,lane_closed
2026-09-13T09:49+02:00,A29,L,10.63,2,speedlimit
2026-09-13T09:49+02:00,A20,L,31.88,1,speedlimit
2026-09-13T09:49+02:00,A29,L,11.06,1,speedlimit
2026-09-13T09:49+02:00,A4,m,3.83,4,lane_closed
2026-09-13T09:49+02:00,A13,L,16.7,2,speedlimit
2026-09-13T09:49+02:00,A20,L,30.9,2,speedlimit
2026-09-13T09:49+02:00,A20,L,28.085,1,speedlimit
2026-09-13T09:49+02:00,A15,R,58.05,3,speedlimit
2026-09-13T09:49+02:00,A15,R,61.33,3,lane_closed
2026-09-13T09:49+02:00,A20,R,30.6,1,speedlimit
2026-09-13T09:49+02:00,A13,R,17.1,3,speedlimit
2026-09-13T09:49+02:00,A20,R,26.93,3,speedlimit
2026-09-13T09:49+02:00,A15,R,62.062,2,speedlimit
2026-09-13T09:49+02:00,A20,L,31.4,1,speedlimit
2026-09-13T09:49+02:00,A29,s,10.4,1,lane_closed
2026-09-13T09:49+02:00,A15,R,61.05,3,lane_closed
2026-09-13T09:49+02:00,A4,L,5.225,3,speedlimit
2026-09-13T09:49+02:00,A15,m,59.11,2,speedlimit
2026-09-13T09:49+02:00,A4,m,7.3,2,speedlimit
2026-09-13T09:49+02:00,A4,m,7.2,1,speedlimit
2026-09-13T09:49+02:00,A20,L,31.1,2,speedlimit
2026-09-13T09:49+02:00,A13,g,18.7,2,speedlimit
2026-09-13T09:49+02:00,A15,L,65.685,2,speedlimit
2026-09-13T09:49+02:00,A15,m,61.995,3,lane_closed
2026-09-13T09:49+02:00,A20,L,31.4,2,speedlimit
2026-09-13T09:49+02:00,A4,f,3.96,1,lane_closed
2026-09-13T09:49+02:00,A15,R,61.63,1,speedlimit
2026-09-13T09:49+02:00,A29,R,9.5,1,lane_closed_ahead
2026-09-13T09:49+02:00,A15,R,61.33,4,lane_closed
2026-09-13T09:49+02:00,A15,y,47.43,3,speedlimit
2026-09-13T09:49+02:00,A13,L,15.9,3,lane_closed
2026-09-13T09:49+02:00,A4,R,3.27,1,speedlimit
2026-09-13T09:49+02:00,A13,R,16.2,1,speedlimit
2026-09-13T09:49+02:00,A29,s,10.4,2,lane_closed
2026-09-13T09:49+02:00,A13,R,18.5,2,speedlimit
2026-09-13T09:49+02:00,A20,L,30.196,1,speedlimit
2026-09-13T09:49+02:00,A20,R,27.79,1,speedlimit
2026-09-13T09:49+02:00,A15,R,61.33,1,speedlimit
2026-09-13T09:49+02:00,A20,L,29.826,1,speedlimit
2026-09-13T09:49+02:00,A4,m,7.4,1,speedlimit
2026-09-13T09:49+02:00,A15,m,62.454,1,speedlimit
2026-09-13T09:49+02:00,A15,m,61.995,1,lane_closed
2026-09-13T09:49+02:00,A20,R,28.41,2,speedlimit
2026-09-13T09:49+02:00,A4,L,5.549,1,speedlimit
2026-09-13T09:49+02:00,A15,R,62.062,1,speedlimit
2026-09-13T09:49+02:00,A20,R,29.1,1,speedlimit
2026-09-13T09:49+02:00,A13,R,17.8,1,speedlimit
2026-09-13T09:49+02:00,A29,L,11.06,3,speedlimit
2026-09-13T09:49+02:00,A20,R,28.41,1,speedlimit
2026-09-13T09:49+02:00,A20,R,31.9,2,speedlimit
2026-09-13T09:49+02:00,A15,R,61.63,5,lane_closed
2026-09-13T09:49+02:00,A29,L,11.525,3,speedlimit
2026-09-13T09:49+02:00,A4,R,3.27,2,speedlimit
2026-09-13T09:49+02:00,A20,L,31.1,3,speedlimit
2026-09-13T09:49+02:00,A15,R,61.33,6,lane_closed
2026-09-13T09:49+02:00,A29,R,9.5,2,speedlimit
2026-09-13T09:49+02:00,A29,R,9.83,3,speedlimit
2026-09-13T09:49+02:00,A15,R,62.454,5,lane_closed
2026-09-13T09:49+02:00,A15,R,60.49,2,speedlimit
2026-09-13T09:49+02:00,A20,R,27.488,2,speedlimit
2026-09-13T09:49+02:00,A20,t,28.895,1,speedlimit
2026-09-13T09:49+02:00,A20,L,32.8,1,speedlimit
2026-09-13T09:49+02:00,A20,R,28.8,2,speedlimit
2026-09-13T09:49+02:00,A20,L,31.1,1,speedlimit
2026-09-13T09:49+02:00,A13,L,16.19,3,lane_closed
2026-09-13T09:49+02:00,A13,L,15.035,5,lane_closed
2026-09-13T09:49+02:00,A4,m,3.83,2,speedlimit
2026-09-13T09:49+02:00,A20,L,27.8,1,speedlimit
2026-09-13T09:49+02:00,A20,R,29.1,2,speedlimit
2026-09-13T09:49+02:00,A13,g,18.7,1,speedlimit
2026-09-13T09:49+02:00,A20,R,28.57,2,speedlimit
2026-09-13T09:49+02:00,A20,R,26.64,2,speedlimit
2026-09-13T09:49+02:00,A15,L,64.2,3,speedlimit
2026-09-13T09:49+02:00,A20,L,29.1,1,speedlimit
2026-09-13T09:49+02:00,A13,L,18.2,1,speedlimit
2026-09-13T09:49+02:00,A15,L,64.67,2,speedlimit
2026-09-13T09:49+02:00,A13,L,12.7,4,lane_closed
2026-09-13T09:49+02:00,A20,L,31.88,2,speedlimit
2026-09-13T09:49+02:00,A15,R,62.454,4,lane_closed
2026-09-13T09:49+02:00,A20,L,28.085,2,speedlimit
2026-09-13T09:49+02:00,A15,R,62.062,3,lane_closed
2026-09-13T09:49+02:00,A15,x,46.135,2,speedlimit
2026-09-13T09:49+02:00,A20,R,30.6,3,speedlimit
2026-09-13T09:49+02:00,A15,m,58.65,3,speedlimit
2026-09-13T09:49+02:00,A20,L,35.52,1,lane_closed
2026-09-13T09:49+02:00,A15,R,62.062,4,lane_closed
2026-09-13T09:49+02:00,A29,s,9.91,1,lane_closed
2026-09-13T09:49+02:00,A20,R,29.8,2,speedlimit
2026-09-13T09:49+02:00,A15,L,64.2,1,lane_closed
2026-09-13T09:49+02:00,A20,R,27.235,2,speedlimit
2026-09-13T09:49+02:00,A20,L,37.3,1,lane_closed
2026-09-13T09:49+02:00,A15,R,59.95,1,speedlimit
2026-09-13T09:49+02:00,A13,R,18.2,1,speedlimit
2026-09-13T09:49+02:00,A4,k,4.44,2,lane_closed
2026-09-13T09:49+02:00,A15,L,65.25,1,lane_closed_ahead
2026-09-13T09:49+02:00,A29,L,10.78,1,speedlimit
2026-09-13T09:49+02:00,A15,e,95.55,1,speedlimit
2026-09-13T09:49+02:00,A13,e,19.1,1,speedlimit
2026-09-13T09:49+02:00,A29,L,10.63,4,lane_closed
2026-09-13T09:49+02:00,A29,R,9.83,2,speedlimit
2026-09-13T09:49+02:00,A4,m,6.901,2,speedlimit
2026-09-13T09:49+02:00,A15,R,60.49,1,speedlimit
2026-09-13T09:49+02:00,A13,L,17.8,3,speedlimit
2026-09-13T09:49+02:00,A4,R,3.01,5,speedlimit
2026-09-13T09:49+02:00,A4,L,5.93,3,speedlimit
2026-09-13T09:49+02:00,A4,m,7.8,1,speedlimit
2026-09-13T09:49+02:00,A20,R,31.26,1,speedlimit
2026-09-13T09:49+02:00,A4,L,5.93,5,speedlimit
2026-09-13T09:49+02:00,A15,R,61.05,5,lane_closed
2026-09-13T09:49+02:00,A15,R,59.2,4,lane_closed_ahead
2026-09-13T09:49+02:00,A15,R,61.33,2,speedlimit
2026-09-13T09:49+02:00,A4,m,8.15,2,speedlimit
2026-09-13T09:49+02:00,A15,y,47.092,1,speedlimit
2026-09-13T09:49+02:00,A20,L,29.826,3,speedlimit
2026-09-13T09:49+02:00,A15,m,61.995,2,lane_closed
2026-09-13T09:49+02:00,A4,h,45.58,3,lane_closed
2026-09-13T09:49+02:00,A20,L,29.5,1,speedlimit
2026-09-13T09:49+02:00,A20,R,28.8,3,speedlimit
2026-09-13T09:49+02:00,A20,R,29.5,1,speedlimit
2026-09-13T09:49+02:00,A15,R,60.76,3,lane_closed
2026-09-13T09:49+02:00,A15,R,59.95,2,speedlimit
2026-09-13T09:49+02:00,A13,L,11.25,4,lane_closed
2026-09-13T09:49+02:00,A20,L,30.9,1,speedlimit
2026-09-13T09:49+02:00,A13,R,18.2,4,speedlimit
2026-09-13T09:49+02:00,A4,L,5.93,4,speedlimit
2026-09-13T09:49+02:00,A15,m,59.58,1,lane_closed
2026-09-13T09:49+02:00,A15,r,45.853,2,speedlimit
2026-09-13T09:49+02:00,A13,R,18.7,1,speedlimit
2026-09-13T09:49+02:00,A15,L,64.67,5,speedlimit
2026-09-13T09:49+02:00,A15,n,95.855,1,speedlimit
2026-09-13T09:49+02:00,A4,L,5.93,6,speedlimit
2026-09-13T09:49+02:00,A20,c,27.488,1,speedlimit
2026-09-13T09:49+02:00,A20,R,31.9,3,speedlimit
2026-09-13T09:49+02:00,A13,R,16.655,3,speedlimit
2026-09-13T09:49+02:00,A20,L,29.1,2,speedlimit
2026-09-13T09:49+02:00,A15,L,63.56,1,lane_closed
2026-09-13T09:49+02:00,A20,R,29.8,3,speedlimit
2026-09-13T09:49+02:00,A13,L,18.2,2,speedlimit
2026-09-13T09:49+02:00,A20,R,26.4,3,speedlimit
2026-09-13T09:49+02:00,A15,R,60.76,4,lane_closed
2026-09-13T09:49+02:00,A15,m,58.65,1,lane_closed
2026-09-13T09:49+02:00,A29,L,11.525,2,speedlimit
2026-09-13T09:49+02:00,A20,R,26.93,1,speedlimit
2026-09-13T09:49+02:00,A15,R,61.63,2,speedlimit
2026-09-13T09:49+02:00,A15,R,58.46,3,speedlimit
2026-09-13T09:49+02:00,A15,R,60.76,1,speedlimit
2026-09-13T09:49+02:00,A4,L,5.549,3,speedlimit
2026-09-13T09:49+02:00,A20,R,26.4,2,speedlimit
2026-09-13T09:49+02:00,A4,m,7.2,2,speedlimit
2026-09-13T09:49+02:00,A15,L,63.56,3,speedlimit
2026-09-13T09:49+02:00,A20,L,27.488,2,speedlimit
2026-09-13T09:49+02:00,A20,L,30.196,3,speedlimit
2026-09-13T09:49+02:00,A4,h,46.06,1,speedlimit
2026-09-13T09:49+02:00,A4,R,3.01,2,speedlimit
2026-09-13T09:49+02:00,A4,L,5.549,4,speedlimit
2026-09-13T09:49+02:00,A15,m,61.995,4,lane_closed
2026-09-13T09:49+02:00,A20,L,28.41,1,speedlimit
2026-09-13T09:49+02:00,A13,L,13.18,4,lane_closed
2026-09-13T09:49+02:00,A13,L,17.8,2,speedlimit
2026-09-13T09:49+02:00,A15,x,45.853,1,speedlimit
2026-09-13T09:49+02:00,A4,L,5.93,2,speedlimit
2026-09-13T09:49+02:00,A20,R,28.57,1,speedlimit
2026-09-13T09:49+02:00,A4,L,5.549,5,speedlimit
2026-09-13T09:49+02:00,A20,R,30.196,4,speedlimit
2026-09-13T09:49+02:00,A29,L,10.78,2,speedlimit
2026-09-13T09:49+02:00,A4,L,5.225,2,speedlimit
2026-09-13T09:49+02:00,A20,t,29.6,2,speedlimit
2026-09-13T09:49+02:00,A4,L,5.225,4,speedlimit
2026-09-13T09:49+02:00,A20,L,38.3,1,lane_closed_ahead
2026-09-13T09:49+02:00,A15,L,64.67,4,speedlimit
2026-09-13T09:49+02:00,A15,L,65.685,1,speedlimit
2026-09-13T09:49+02:00,A15,L,64.67,1,lane_closed
2026-09-13T09:49+02:00,A15,r,45.853,1,speedlimit
2026-09-13T09:49+02:00,A20,R,26.93,2,speedlimit
2026-09-13T09:49+02:00,A4,R,3.27,3,speedlimit
2026-09-13T09:49+02:00,A20,L,30.9,3,speedlimit
2026-09-13T09:49+02:00,A13,L,18.8,3,speedlimit
2026-09-13T09:49+02:00,A20,L,37.8,1,lane_closed
2026-09-13T09:49+02:00,A20,R,28.8,1,speedlimit
2026-09-13T09:49+02:00,A15,R,61.05,2,speedlimit
2026-09-13T09:49+02:00,A13,L,18.8,1,speedlimit
2026-09-13T09:49+02:00,A4,h,46.4,2,speedlimit
2026-09-13T09:49+02:00,A13,R,16.2,2,speedlimit
2026-09-13T09:49+02:00,A4,m,3.83,1,speedlimit
2026-09-13T09:49+02:00,A4,L,5.549,2,speedlimit
2026-09-13T09:49+02:00,A20,L,31.4,3,speedlimit
2026-09-13T09:49+02:00,A20,L,30.196,4,speedlimit
2026-09-13T09:49+02:00,A4,L,5.225,5,speedlimit
2026-09-13T09:49+02:00,A4,f,3.96,2,lane_closed
2026-09-13T09:49+02:00,A13,R,18.2,2,speedlimit
2026-09-13T09:49+02:00,A4,R,3.01,1,speedlimit
2026-09-13T09:49+02:00,A13,L,17.8,1,speedlimit
2026-09-13T09:49+02:00,A20,R,29.8,1,speedlimit
2026-09-13T09:49+02:00,A20,R,31.26,2,speedlimit
2026-09-13T09:49+02:00,A15,m,58.46,1,lane_closed_ahead
2026-09-13T09:49+02:00,A4,R,3.27,5,speedlimit
2026-09-13T09:49+02:00,A15,m,59.11,3,speedlimit
2026-09-13T09:49+02:00,A4,R,3.01,3,speedlimit
2026-09-13T09:49+02:00,A20,R,31.26,3,speedlimit
2026-09-13T09:49+02:00,A20,R,26.64,3,speedlimit
2026-09-13T09:49+02:00,A20,R,26.64,4,speedlimit
2026-09-13T09:49+02:00,A15,y,47.43,1,speedlimit
2026-09-13T09:49+02:00,A20,R,26.4,1,speedlimit
2026-09-13T09:49+02:00,A13,R,17.1,1,speedlimit
2026-09-13T09:49+02:00,A15,R,59.2,3,speedlimit
2026-09-13T09:49+02:00,A20,R,29.5,3,speedlimit
2026-09-13T09:49+02:00,A15,R,58.46,4,speedlimit
2026-09-13T09:49+02:00,A29,L,10.63,3,lane_closed
2026-09-13T09:49+02:00,A13,L,13.7,4,lane_closed
2026-09-13T09:49+02:00,A15,L,63.56,2,speedlimit
2026-09-13T09:49+02:00,A13,L,14.2,4,lane_closed
2026-09-13T09:49+02:00,A15,R,60.76,2,speedlimit
2026-09-13T09:49+02:00,A4,h,46.4,1,speedlimit
2026-09-13T09:49+02:00,A29,L,11.525,4,speedlimit
2026-09-13T09:49+02:00,A20,t,29.6,1,speedlimit
2026-09-13T09:49+02:00,A15,L,65.685,4,speedlimit
2026-09-13T09:49+02:00,A20,R,29.8,4,speedlimit
2026-09-13T09:49+02:00,A13,R,18.7,2,speedlimit
2026-09-13T09:49+02:00,A20,R,27.488,1,speedlimit
2026-09-13T09:49+02:00,A15,R,62.454,1,speedlimit
2026-09-13T09:49+02:00,A15,m,59.11,1,lane_closed
2026-09-13T09:49+02:00,A20,R,29.5,2,speedlimit
2026-09-13T09:49+02:00,A20,L,27.2,2,speedlimit
2026-09-13T09:49+02:00,A13,R,18.963,1,speedlimit
2026-09-13T09:49+02:00,A13,L,17.1,1,speedlimit
2026-09-13T09:49+02:00,A15,R,61.63,3,lane_closed
2026-09-13T09:49+02:00,A20,L,31.88,3,speedlimit
2026-09-13T09:49+02:00,A13,L,17.1,4,speedlimit
2026-09-13T09:49+02:00,A13,R,16.655,2,speedlimit
2026-09-13T09:49+02:00,A13,L,15.55,5,lane_closed
2026-09-13T09:49+02:00,A4,k,4.44,1,speedlimit
2026-09-13T09:49+02:00,A15,m,58.65,2,speedlimit
2026-09-13T09:49+02:00,A15,R,59.95,3,lane_closed
2026-09-13T09:49+02:00,A4,L,5.225,1,speedlimit
2026-09-13T09:49+02:00,A20,L,32.8,3,speedlimit
2026-09-13T09:49+02:00,A15,R,61.63,6,lane_closed
2026-09-13T09:49+02:00,A15,R,58.46,1,speedlimit
2026-09-13T09:49+02:00,A20,R,30.196,1,speedlimit
2026-09-13T09:49+02:00,A20,L,29.826,4,speedlimit
2026-09-13T09:49+02:00,A20,s,29.6,1,speedlimit
2026-09-13T09:49+02:00,A20,L,28.57,2,speedlimit
2026-09-13T09:49+02:00,A20,R,30.6,2,speedlimit
2026-09-13T09:49+02:00,A15,R,59.57,1,speedlimit
2026-09-13T09:49+02:00,A29,s,9.91,2,lane_closed
2026-09-13T09:49+02:00,A15,L,65.25,3,speedlimit
2026-09-13T09:49+02:00,A4,m,7.4,2,speedlimit
2026-09-13T09:49+02:00,A13,L,17.1,2,speedlimit
2026-09-13T09:49+02:00,A20,L,28.57,3,speedlimit
2026-09-13T09:49+02:00,A15,R,59.57,3,lane_closed
2026-09-13T09:49+02:00,A15,L,64.67,3,speedlimit
2026-09-13T09:49+02:00,A20,R,26.4,4,speedlimit
2026-09-13T09:49+02:00,A20,R,30.196,2,speedlimit
2026-09-13T09:49+02:00,A13,R,17.8,3,speedlimit
2026-09-13T09:49+02:00,A15,n,95.855,2,speedlimit
2026-09-13T10:49+02:00,A13,L,16.7,1,speedlimit
2026-09-13T10:49+02:00,A15,R,59.2,2,speedlimit
2026-09-13T10:49+02:00,A4,m,7.8,2,speedlimit
2026-09-13T10:49+02:00,A20,L,30.196,2,speedlimit
2026-09-13T10:49+02:00,A13,R,16.655,1,speedlimit
2026-09-13T10:49+02:00,A13,R,17.1,2,speedlimit
2026-09-13T10:49+02:00,A15,R,61.63,4,lane_closed
2026-09-13T10:49+02:00,A4,m,7.0,2,speedlimit
2026-09-13T10:49+02:00,A4,L,5.93,1,speedlimit
2026-09-13T10:49+02:00,A4,m,7.0,1,speedlimit
2026-09-13T10:49+02:00,A4,j,4.65,2,lane_closed
2026-09-13T10:49+02:00,A15,R,61.33,5,lane_closed
2026-09-13T10:49+02:00,A29,v,10.39,1,lane_closed
2026-09-13T10:49+02:00,A15,R,58.05,4,speedlimit
2026-09-13T10:49+02:00,A29,L,11.06,4,speedlimit
2026-09-13T10:49+02:00,A29,L,11.06,2,speedlimit
2026-09-13T10:49+02:00,A13,R,18.5,1,speedlimit
2026-09-13T10:49+02:00,A16,L,20.6,1,speedlimit
2026-09-13T10:49+02:00,A4,R,3.27,4,speedlimit
2026-09-13T10:49+02:00,A20,L,29.5,2,speedlimit
2026-09-13T10:49+02:00,A16,L,19.5,3,speedlimit
2026-09-13T10:49+02:00,A13,R,18.5,4,speedlimit
2026-09-13T10:49+02:00,A15,m,58.46,3,speedlimit
2026-09-13T10:49+02:00,A4,m,7.3,1,speedlimit
2026-09-13T10:49+02:00,A13,R,18.2,3,speedlimit
2026-09-13T10:49+02:00,A20,R,28.1,1,speedlimit
2026-09-13T10:49+02:00,A20,R,30.196,3,speedlimit
2026-09-13T10:49+02:00,A4,j,4.65,1,lane_closed
2026-09-13T10:49+02:00,A20,L,36.94,1,lane_closed
2026-09-13T10:49+02:00,A15,R,58.05,1,speedlimit
2026-09-13T10:49+02:00,A15,R,58.46,2,speedlimit
2026-09-13T10:49+02:00,A4,m,8.15,3,speedlimit
2026-09-13T10:49+02:00,A15,n,95.855,3,speedlimit
2026-09-13T10:49+02:00,A13,R,17.8,2,speedlimit
2026-09-13T10:49+02:00,A15,R,61.05,6,lane_closed
2026-09-13T10:49+02:00,A4,L,5.225,6,lane_closed
2026-09-13T10:49+02:00,A20,s,29.6,2,speedlimit
2026-09-13T10:49+02:00,A15,L,65.25,2,speedlimit
2026-09-13T10:49+02:00,A15,L,65.685,3,speedlimit
2026-09-13T10:49+02:00,A15,R,58.05,2,speedlimit
2026-09-13T10:49+02:00,A20,R,26.93,4,speedlimit
2026-09-13T10:49+02:00,A20,R,28.57,3,speedlimit
2026-09-13T10:49+02:00,A15,R,61.05,1,speedlimit
2026-09-13T10:49+02:00,A29,v,10.8,1,lane_closed
2026-09-13T10:49+02:00,A29,s,9.64,2,lane_closed
2026-09-13T10:49+02:00,A13,L,18.8,2,speedlimit
2026-09-13T10:49+02:00,A15,R,60.49,4,lane_closed
2026-09-13T10:49+02:00,A15,R,62.454,3,lane_closed
2026-09-13T10:49+02:00,A20,R,27.235,1,speedlimit
2026-09-13T10:49+02:00,A20,L,28.41,2,speedlimit
2026-09-13T10:49+02:00,A15,m,62.454,2,speedlimit
2026-09-13T10:49+02:00,A20,R,27.79,2,speedlimit
2026-09-13T10:49+02:00,A13,R,18.5,3,speedlimit
2026-09-13T10:49+02:00,A20,R,28.57,4,speedlimit
2026-09-13T10:49+02:00,A20,R,31.26,4,speedlimit
2026-09-13T10:49+02:00,A20,L,29.826,2,speedlimit
2026-09-13T10:49+02:00,A20,L,35.925,1,lane_closed
2026-09-13T10:49+02:00,A20,L,28.57,1,speedlimit
2026-09-13T10:49+02:00,A20,R,29.5,4,speedlimit
2026-09-13T10:49+02:00,A15,m,60.07,1,lane_closed
2026-09-13T10:49+02:00,A4,m,6.901,1,speedlimit
2026-09-13T10:49+02:00,A16,L,20.3,3,speedlimit
2026-09-13T10:49+02:00,A20,R,28.1,2,speedlimit
2026-09-13T10:49+02:00,A20,R,26.64,1,speedlimit
2026-09-13T10:49+02:00,A15,R,61.05,4,lane_closed
2026-09-13T10:49+02:00,A15,L,64.2,2,speedlimit
2026-09-13T10:49+02:00,A15,R,60.49,3,lane_closed
2026-09-13T10:49+02:00,A29,R,9.83,1,lane_closed
2026-09-13T10:49+02:00,A20,L,32.8,2,speedlimit
2026-09-13T10:49+02:00,A29,R,9.5,3,speedlimit
2026-09-13T10:49+02:00,A15,L,65.25,4,speedlimit
2026-09-13T10:49+02:00,A15,R,59.2,1,speedlimit
2026-09-13T10:49+02:00,A13,L,17.1,3,speedlimit
2026-09-13T10:49+02:00,A29,L,10.63,1,speedlimit
2026-09-13T10:49+02:00,A20,L,36.625,1,lane_closed
2026-09-13T10:49+02:00,A15,R,62.454,2,speedlimit
2026-09-13T10:49+02:00,A29,L,11.525,1,speedlimit
2026-09-13T10:49+02:00,A4,L,5.549,6,lane_closed_ahead
2026-09-13T10:49+02:00,A29,s,9.64,1,lane_closed
2026-09-13T10:49+02:00,A20,L,27.488,1,speedlimit
2026-09-13T10:49+02:00,A20,L,27.2,1,speedlimit
2026-09-13T10:49+02:00,A4,h,46.06,2,speedlimit
2026-09-13T10:49+02:00,A15,R,59.57,2,speedlimit
2026-09-13T10:49+02:00,A20,L,27.8,2,speedlimit
2026-09-13T10:49+02:00,A4,k,4.44,3,lane_closed
2026-09-13T10:49+02:00,A16,L,20.6,2,speedlimit
2026-09-13T10:49+02:00,A15,R,58.05,5,speedlimit
2026-09-13T10:49+02:00,A13,L,18.2,3,speedlimit
2026-09-13T10:49+02:00,A4,m,3.83,3,lane_closed
2026-09-13T10:49+02:00,A29,L,10.63,2,speedlimit
2026-09-13T10:49+02:00,A20,L,31.88,1,speedlimit
2026-09-13T10:49+02:00,A29,L,11.06,1,speedlimit
2026-09-13T10:49+02:00,A4,m,3.83,4,lane_closed
2026-09-13T10:49+02:00,A13,L,16.7,2,speedlimit
2026-09-13T10:49+02:00,A20,L,30.9,2,speedlimit
2026-09-13T10:49+02:00,A20,L,28.085,1,speedlimit
2026-09-13T10:49+02:00,A15,R,58.05,3,speedlimit
2026-09-13T10:49+02:00,A15,R,61.33,3,lane_closed
2026-09-13T10:49+02:00,A20,R,30.6,1,speedlimit
2026-09-13T10:49+02:00,A13,R,17.1,3,speedlimit
2026-09-13T10:49+02:00,A20,R,26.93,3,speedlimit
2026-09-13T10:49+02:00,A15,R,62.062,2,speedlimit
2026-09-13T10:49+02:00,A20,L,31.4,1,speedlimit
2026-09-13T10:49+02:00,A29,s,10.4,1,lane_closed
2026-09-13T10:49+02:00,A15,R,61.05,3,lane_closed
2026-09-13T10:49+02:00,A4,L,5.225,3,speedlimit
2026-09-13T10:49+02:00,A15,m,59.11,2,speedlimit
2026-09-13T10:49+02:00,A4,m,7.3,2,speedlimit
2026-09-13T10:49+02:00,A4,m,7.2,1,speedlimit
2026-09-13T10:49+02:00,A20,L,31.1,2,speedlimit
2026-09-13T10:49+02:00,A13,g,18.7,2,speedlimit
2026-09-13T10:49+02:00,A15,L,65.685,2,speedlimit
2026-09-13T10:49+02:00,A15,m,61.995,3,lane_closed
2026-09-13T10:49+02:00,A20,L,31.4,2,speedlimit
2026-09-13T10:49+02:00,A4,f,3.96,1,lane_closed
2026-09-13T10:49+02:00,A15,R,61.63,1,speedlimit
2026-09-13T10:49+02:00,A29,R,9.5,1,lane_closed_ahead
2026-09-13T10:49+02:00,A15,R,61.33,4,lane_closed
2026-09-13T10:49+02:00,A13,L,15.9,3,lane_closed
2026-09-13T10:49+02:00,A4,R,3.27,1,speedlimit
2026-09-13T10:49+02:00,A13,R,16.2,1,speedlimit
2026-09-13T10:49+02:00,A29,s,10.4,2,lane_closed
2026-09-13T10:49+02:00,A13,R,18.5,2,speedlimit
2026-09-13T10:49+02:00,A20,L,30.196,1,speedlimit
2026-09-13T10:49+02:00,A20,R,27.79,1,speedlimit
2026-09-13T10:49+02:00,A15,R,61.33,1,speedlimit
2026-09-13T10:49+02:00,A20,L,29.826,1,speedlimit
2026-09-13T10:49+02:00,A4,m,7.4,1,speedlimit
2026-09-13T10:49+02:00,A15,m,62.454,1,speedlimit
2026-09-13T10:49+02:00,A15,m,61.995,1,lane_closed
2026-09-13T10:49+02:00,A20,R,28.41,2,speedlimit
2026-09-13T10:49+02:00,A4,L,5.549,1,speedlimit
2026-09-13T10:49+02:00,A15,R,62.062,1,speedlimit
2026-09-13T10:49+02:00,A20,R,29.1,1,speedlimit
2026-09-13T10:49+02:00,A13,R,17.8,1,speedlimit
2026-09-13T10:49+02:00,A29,L,11.06,3,speedlimit
2026-09-13T10:49+02:00,A20,R,28.41,1,speedlimit
2026-09-13T10:49+02:00,A20,R,31.9,2,speedlimit
2026-09-13T10:49+02:00,A16,L,19.5,1,speedlimit
2026-09-13T10:49+02:00,A15,R,61.63,5,lane_closed
2026-09-13T10:49+02:00,A29,L,11.525,3,speedlimit
2026-09-13T10:49+02:00,A4,R,3.27,2,speedlimit
2026-09-13T10:49+02:00,A20,L,31.1,3,speedlimit
2026-09-13T10:49+02:00,A15,R,61.33,6,lane_closed
2026-09-13T10:49+02:00,A29,R,9.5,2,speedlimit
2026-09-13T10:49+02:00,A29,R,9.83,3,speedlimit
2026-09-13T10:49+02:00,A15,R,62.454,5,lane_closed
2026-09-13T10:49+02:00,A15,R,60.49,2,speedlimit
2026-09-13T10:49+02:00,A20,R,27.488,2,speedlimit
2026-09-13T10:49+02:00,A20,t,28.895,1,speedlimit
2026-09-13T10:49+02:00,A20,L,32.8,1,speedlimit
2026-09-13T10:49+02:00,A20,R,28.8,2,speedlimit
2026-09-13T10:49+02:00,A20,L,31.1,1,speedlimit
2026-09-13T10:49+02:00,A13,L,16.19,3,lane_closed
2026-09-13T10:49+02:00,A13,L,15.035,5,lane_closed
2026-09-13T10:49+02:00,A4,m,3.83,2,speedlimit
2026-09-13T10:49+02:00,A20,L,27.8,1,speedlimit
2026-09-13T10:49+02:00,A20,R,29.1,2,speedlimit
2026-09-13T10:49+02:00,A13,g,18.7,1,speedlimit
2026-09-13T10:49+02:00,A20,R,28.57,2,speedlimit
2026-09-13T10:49+02:00,A20,R,26.64,2,speedlimit
2026-09-13T10:49+02:00,A15,L,64.2,3,speedlimit
2026-09-13T10:49+02:00,A20,L,29.1,1,speedlimit
2026-09-13T10:49+02:00,A13,L,18.2,1,speedlimit
2026-09-13T10:49+02:00,A16,L,20.6,3,speedlimit
2026-09-13T10:49+02:00,A15,L,64.67,2,speedlimit
2026-09-13T10:49+02:00,A13,L,12.7,4,lane_closed
2026-09-13T10:49+02:00,A20,L,31.88,2,speedlimit
2026-09-13T10:49+02:00,A15,R,62.454,4,lane_closed
2026-09-13T10:49+02:00,A20,L,28.085,2,speedlimit
2026-09-13T10:49+02:00,A15,R,62.062,3,lane_closed
2026-09-13T10:49+02:00,A20,R,30.6,3,speedlimit
2026-09-13T10:49+02:00,A15,m,58.65,3,speedlimit
2026-09-13T10:49+02:00,A20,L,35.52,1,lane_closed
2026-09-13T10:49+02:00,A15,R,62.062,4,lane_closed
2026-09-13T10:49+02:00,A29,s,9.91,1,lane_closed
2026-09-13T10:49+02:00,A20,R,29.8,2,speedlimit
2026-09-13T10:49+02:00,A15,L,64.2,1,lane_closed
2026-09-13T10:49+02:00,A20,R,27.235,2,speedlimit
2026-09-13T10:49+02:00,A20,L,37.3,1,lane_closed
2026-09-13T10:49+02:00,A15,R,59.95,1,speedlimit
2026-09-13T10:49+02:00,A13,R,18.2,1,speedlimit
2026-09-13T10:49+02:00,A4,k,4.44,2,lane_closed
2026-09-13T10:49+02:00,A15,L,65.25,1,lane_closed_ahead
2026-09-13T10:49+02:00,A29,L,10.78,1,speedlimit
2026-09-13T10:49+02:00,A15,e,95.55,1,speedlimit
2026-09-13T10:49+02:00,A13,e,19.1,1,speedlimit
2026-09-13T10:49+02:00,A29,L,10.63,4,lane_closed
2026-09-13T10:49+02:00,A29,R,9.83,2,speedlimit
2026-09-13T10:49+02:00,A4,m,6.901,2,speedlimit
2026-09-13T10:49+02:00,A15,R,60.49,1,speedlimit
2026-09-13T10:49+02:00,A13,L,17.8,3,speedlimit
2026-09-13T10:49+02:00,A4,R,3.01,5,speedlimit
2026-09-13T10:49+02:00,A4,L,5.93,3,speedlimit
2026-09-13T10:49+02:00,A4,m,7.8,1,speedlimit
2026-09-13T10:49+02:00,A20,R,31.26,1,speedlimit
2026-09-13T10:49+02:00,A4,L,5.93,5,speedlimit
2026-09-13T10:49+02:00,A15,R,61.05,5,lane_closed
2026-09-13T10:49+02:00,A15,R,59.2,4,lane_closed_ahead
2026-09-13T10:49+02:00,A15,R,61.33,2,speedlimit
2026-09-13T10:49+02:00,A4,m,8.15,2,speedlimit
2026-09-13T10:49+02:00,A20,L,29.826,3,speedlimit
2026-09-13T10:49+02:00,A15,m,61.995,2,lane_closed
2026-09-13T10:49+02:00,A4,h,45.58,3,lane_closed
2026-09-13T10:49+02:00,A20,L,29.5,1,speedlimit
2026-09-13T10:49+02:00,A20,R,28.8,3,speedlimit
2026-09-13T10:49+02:00,A20,R,29.5,1,speedlimit
2026-09-13T10:49+02:00,A15,R,60.76,3,lane_closed
2026-09-13T10:49+02:00,A15,R,59.95,2,speedlimit
2026-09-13T10:49+02:00,A13,L,11.25,4,lane_closed
2026-09-13T10:49+02:00,A20,L,30.9,1,speedlimit
2026-09-13T10:49+02:00,A13,R,18.2,4,speedlimit
2026-09-13T10:49+02:00,A4,L,5.93,4,speedlimit
2026-09-13T10:49+02:00,A15,m,59.58,1,lane_closed
2026-09-13T10:49+02:00,A13,R,18.7,1,speedlimit
2026-09-13T10:49+02:00,A15,L,64.67,5,speedlimit
2026-09-13T10:49+02:00,A15,n,95.855,1,speedlimit
2026-09-13T10:49+02:00,A4,L,5.93,6,speedlimit
2026-09-13T10:49+02:00,A20,c,27.488,1,speedlimit
2026-09-13T10:49+02:00,A20,R,31.9,3,speedlimit
2026-09-13T10:49+02:00,A13,R,16.655,3,speedlimit
2026-09-13T10:49+02:00,A20,L,29.1,2,speedlimit
2026-09-13T10:49+02:00,A16,L,20.3,2,speedlimit
2026-09-13T10:49+02:00,A15,L,63.56,1,lane_closed
2026-09-13T10:49+02:00,A20,R,29.8,3,speedlimit
2026-09-13T10:49+02:00,A13,L,18.2,2,speedlimit
2026-09-13T10:49+02:00,A20,R,26.4,3,speedlimit
2026-09-13T10:49+02:00,A15,R,60.76,4,lane_closed
2026-09-13T10:49+02:00,A15,m,58.65,1,lane_closed
2026-09-13T10:49+02:00,A29,L,11.525,2,speedlimit
2026-09-13T10:49+02:00,A20,R,26.93,1,speedlimit
2026-09-13T10:49+02:00,A15,R,61.63,2,speedlimit
2026-09-13T10:49+02:00,A15,R,58.46,3,speedlimit
2026-09-13T10:49+02:00,A15,R,60.76,1,speedlimit
2026-09-13T10:49+02:00,A4,L,5.549,3,speedlimit
2026-09-13T10:49+02:00,A20,R,26.4,2,speedlimit
2026-09-13T10:49+02:00,A4,m,7.2,2,speedlimit
2026-09-13T10:49+02:00,A15,L,63.56,3,speedlimit
2026-09-13T10:49+02:00,A20,L,27.488,2,speedlimit
2026-09-13T10:49+02:00,A20,L,30.196,3,speedlimit
2026-09-13T10:49+02:00,A4,h,46.06,1,speedlimit
2026-09-13T10:49+02:00,A4,R,3.01,2,speedlimit
2026-09-13T10:49+02:00,A4,L,5.549,4,speedlimit
2026-09-13T10:49+02:00,A15,m,61.995,4,lane_closed
2026-09-13T10:49+02:00,A20,L,28.41,1,speedlimit
2026-09-13T10:49+02:00,A13,L,13.18,4,lane_closed
2026-09-13T10:49+02:00,A13,L,17.8,2,speedlimit
2026-09-13T10:49+02:00,A16,L,19.5,2,speedlimit
2026-09-13T10:49+02:00,A4,L,5.93,2,speedlimit
2026-09-13T10:49+02:00,A20,R,28.57,1,speedlimit
2026-09-13T10:49+02:00,A4,L,5.549,5,speedlimit
2026-09-13T10:49+02:00,A20,R,30.196,4,speedlimit
2026-09-13T10:49+02:00,A29,L,10.78,2,speedlimit
2026-09-13T10:49+02:00,A4,L,5.225,2,speedlimit
2026-09-13T10:49+02:00,A20,t,29.6,2,speedlimit
2026-09-13T10:49+02:00,A4,L,5.225,4,speedlimit
2026-09-13T10:49+02:00,A20,L,38.3,1,lane_closed_ahead
2026-09-13T10:49+02:00,A15,L,64.67,4,speedlimit
2026-09-13T10:49+02:00,A15,L,65.685,1,speedlimit
2026-09-13T10:49+02:00,A15,L,64.67,1,lane_closed
2026-09-13T10:49+02:00,A20,R,26.93,2,speedlimit
2026-09-13T10:49+02:00,A4,R,3.27,3,speedlimit
2026-09-13T10:49+02:00,A20,L,30.9,3,speedlimit
2026-09-13T10:49+02:00,A13,L,18.8,3,speedlimit
2026-09-13T10:49+02:00,A20,L,37.8,1,lane_closed
2026-09-13T10:49+02:00,A20,R,28.8,1,speedlimit
2026-09-13T10:49+02:00,A15,R,61.05,2,speedlimit
2026-09-13T10:49+02:00,A13,L,18.8,1,speedlimit
2026-09-13T10:49+02:00,A4,h,46.4,2,speedlimit
2026-09-13T10:49+02:00,A13,R,16.2,2,speedlimit
2026-09-13T10:49+02:00,A4,m,3.83,1,speedlimit
2026-09-13T10:49+02:00,A4,L,5.549,2,speedlimit
2026-09-13T10:49+02:00,A20,L,31.4,3,speedlimit
2026-09-13T10:49+02:00,A20,L,30.196,4,speedlimit
2026-09-13T10:49+02:00,A4,L,5.225,5,speedlimit
2026-09-13T10:49+02:00,A4,f,3.96,2,lane_closed
2026-09-13T10:49+02:00,A13,R,18.2,2,speedlimit
2026-09-13T10:49+02:00,A4,R,3.01,1,speedlimit
2026-09-13T10:49+02:00,A13,L,17.8,1,speedlimit
2026-09-13T10:49+02:00,A20,R,29.8,1,speedlimit
2026-09-13T10:49+02:00,A20,R,31.26,2,speedlimit
2026-09-13T10:49+02:00,A15,m,58.46,1,lane_closed_ahead
2026-09-13T10:49+02:00,A4,R,3.27,5,speedlimit
2026-09-13T10:49+02:00,A15,m,59.11,3,speedlimit
2026-09-13T10:49+02:00,A4,R,3.01,3,speedlimit
2026-09-13T10:49+02:00,A20,R,31.26,3,speedlimit
2026-09-13T10:49+02:00,A20,R,26.64,3,speedlimit
2026-09-13T10:49+02:00,A20,R,26.64,4,speedlimit
2026-09-13T10:49+02:00,A20,R,26.4,1,speedlimit
2026-09-13T10:49+02:00,A13,R,17.1,1,speedlimit
2026-09-13T10:49+02:00,A15,R,59.2,3,speedlimit
2026-09-13T10:49+02:00,A20,R,29.5,3,speedlimit
2026-09-13T10:49+02:00,A15,R,58.46,4,speedlimit
2026-09-13T10:49+02:00,A29,L,10.63,3,lane_closed
2026-09-13T10:49+02:00,A13,L,13.7,4,lane_closed
2026-09-13T10:49+02:00,A15,L,63.56,2,speedlimit
2026-09-13T10:49+02:00,A13,L,14.2,4,lane_closed
2026-09-13T10:49+02:00,A15,R,60.76,2,speedlimit
2026-09-13T10:49+02:00,A4,h,46.4,1,speedlimit
2026-09-13T10:49+02:00,A29,L,11.525,4,speedlimit
2026-09-13T10:49+02:00,A20,t,29.6,1,speedlimit
2026-09-13T10:49+02:00,A15,L,65.685,4,speedlimit
2026-09-13T10:49+02:00,A20,R,29.8,4,speedlimit
2026-09-13T10:49+02:00,A13,R,18.7,2,speedlimit
2026-09-13T10:49+02:00,A16,L,20.3,1,speedlimit
2026-09-13T10:49+02:00,A20,R,27.488,1,speedlimit
2026-09-13T10:49+02:00,A15,R,62.454,1,speedlimit
2026-09-13T10:49+02:00,A15,m,59.11,1,lane_closed
2026-09-13T10:49+02:00,A20,R,29.5,2,speedlimit
2026-09-13T10:49+02:00,A20,L,27.2,2,speedlimit
2026-09-13T10:49+02:00,A13,R,18.963,1,speedlimit
2026-09-13T10:49+02:00,A13,L,17.1,1,speedlimit
2026-09-13T10:49+02:00,A15,R,61.63,3,lane_closed
2026-09-13T10:49+02:00,A20,L,31.88,3,speedlimit
2026-09-13T10:49+02:00,A13,L,17.1,4,speedlimit
2026-09-13T10:49+02:00,A13,R,16.655,2,speedlimit
2026-09-13T10:49+02:00,A13,L,15.55,5,lane_closed
2026-09-13T10:49+02:00,A4,k,4.44,1,speedlimit
2026-09-13T10:49+02:00,A15,m,58.65,2,speedlimit
2026-09-13T10:49+02:00,A15,R,59.95,3,lane_closed
2026-09-13T10:49+02:00,A4,L,5.225,1,speedlimit
2026-09-13T10:49+02:00,A20,L,32.8,3,speedlimit
2026-09-13T10:49+02:00,A15,R,61.63,6,lane_closed
2026-09-13T10:49+02:00,A15,R,58.46,1,speedlimit
2026-09-13T10:49+02:00,A20,R,30.196,1,speedlimit
2026-09-13T10:49+02:00,A20,L,29.826,4,speedlimit
2026-09-13T10:49+02:00,A20,s,29.6,1,speedlimit
2026-09-13T10:49+02:00,A20,L,28.57,2,speedlimit
2026-09-13T10:49+02:00,A20,R,30.6,2,speedlimit
2026-09-13T10:49+02:00,A15,R,59.57,1,speedlimit
2026-09-13T10:49+02:00,A29,s,9.91,2,lane_closed
2026-09-13T10:49+02:00,A15,L,65.25,3,speedlimit
2026-09-13T10:49+02:00,A4,m,7.4,2,speedlimit
2026-09-13T10:49+02:00,A13,L,17.1,2,speedlimit
2026-09-13T10:49+02:00,A20,L,28.57,3,speedlimit
2026-09-13T10:49+02:00,A15,R,59.57,3,lane_closed
2026-09-13T10:49+02:00,A15,L,64.67,3,speedlimit
2026-09-13T10:49+02:00,A20,R,26.4,4,speedlimit
2026-09-13T10:49+02:00,A20,R,30.196,2,speedlimit
2026-09-13T10:49+02:00,A13,R,17.8,3,speedlimit
2026-09-13T10:49+02:00,A15,n,95.855,2,speedlimit
2026-09-13T11:49+02:00,A13,L,16.7,1,speedlimit
2026-09-13T11:49+02:00,A15,y,47.092,2,speedlimit
2026-09-13T11:49+02:00,A4,R,22.1,3,speedlimit
2026-09-13T11:49+02:00,A4,L,3.062,4,speedlimit
2026-09-13T11:49+02:00,A15,R,59.2,2,speedlimit
2026-09-13T11:49+02:00,A4,m,7.8,2,speedlimit
2026-09-13T11:49+02:00,A20,L,30.196,2,speedlimit
2026-09-13T11:49+02:00,A13,R,16.655,1,speedlimit
2026-09-13T11:49+02:00,A13,R,17.1,2,speedlimit
2026-09-13T11:49+02:00,A15,R,61.63,4,lane_closed
2026-09-13T11:49+02:00,A4,m,7.0,2,speedlimit
2026-09-13T11:49+02:00,A4,L,5.93,1,speedlimit
2026-09-13T11:49+02:00,A4,m,7.0,1,speedlimit
2026-09-13T11:49+02:00,A4,j,4.65,2,lane_closed
2026-09-13T11:49+02:00,A15,R,61.33,5,lane_closed
2026-09-13T11:49+02:00,A29,v,10.39,1,lane_closed
2026-09-13T11:49+02:00,A15,R,58.05,4,speedlimit
2026-09-13T11:49+02:00,A4,R,1.76,1,speedlimit
2026-09-13T11:49+02:00,A29,L,11.06,4,speedlimit
2026-09-13T11:49+02:00,A29,L,11.06,2,speedlimit
2026-09-13T11:49+02:00,A4,R,21.7,3,speedlimit
2026-09-13T11:49+02:00,A4,L,2.447,2,speedlimit
2026-09-13T11:49+02:00,A13,R,18.5,1,speedlimit
2026-09-13T11:49+02:00,A4,R,21.7,2,speedlimit
2026-09-13T11:49+02:00,A4,R,3.27,4,speedlimit
2026-09-13T11:49+02:00,A20,L,29.5,2,speedlimit
2026-09-13T11:49+02:00,A4,L,1.555,5,speedlimit
2026-09-13T11:49+02:00,A13,R,18.5,4,speedlimit
2026-09-13T11:49+02:00,A15,m,58.46,3,speedlimit
2026-09-13T11:49+02:00,A4,m,7.3,1,speedlimit
2026-09-13T11:49+02:00,A13,R,18.2,3,speedlimit
2026-09-13T11:49+02:00,A20,R,28.1,1,speedlimit
2026-09-13T11:49+02:00,A20,R,30.196,3,speedlimit
2026-09-13T11:49+02:00,A4,L,4.44,3,speedlimit
2026-09-13T11:49+02:00,A4,j,4.65,1,lane_closed
2026-09-13T11:49+02:00,A4,L,3.65,2,speedlimit
2026-09-13T11:49+02:00,A20,L,36.94,1,lane_closed
2026-09-13T11:49+02:00,A4,R,2.367,4,speedlimit
2026-09-13T11:49+02:00,A15,R,58.05,1,speedlimit
2026-09-13T11:49+02:00,A15,R,58.46,2,speedlimit
2026-09-13T11:49+02:00,A4,m,8.15,3,speedlimit
2026-09-13T11:49+02:00,A15,n,95.855,3,speedlimit
2026-09-13T11:49+02:00,A13,R,17.8,2,speedlimit
2026-09-13T11:49+02:00,A15,R,61.05,6,lane_closed
2026-09-13T11:49+02:00,A4,L,5.225,6,lane_closed
2026-09-13T11:49+02:00,A20,s,29.6,2,speedlimit
2026-09-13T11:49+02:00,A15,L,65.25,2,speedlimit
2026-09-13T11:49+02:00,A15,L,65.685,3,speedlimit
2026-09-13T11:49+02:00,A15,y,47.43,2,speedlimit
2026-09-13T11:49+02:00,A15,R,58.05,2,speedlimit
2026-09-13T11:49+02:00,A15,x,46.135,3,speedlimit
2026-09-13T11:49+02:00,A4,L,0.86,1,speedlimit
2026-09-13T11:49+02:00,A20,R,26.93,4,speedlimit
2026-09-13T11:49+02:00,A20,R,28.57,3,speedlimit
2026-09-13T11:49+02:00,A4,R,20.95,3,speedlimit
2026-09-13T11:49+02:00,A4,R,1.76,5,speedlimit
2026-09-13T11:49+02:00,A15,R,61.05,1,speedlimit
2026-09-13T11:49+02:00,A29,v,10.8,1,lane_closed
2026-09-13T11:49+02:00,A4,L,2.447,4,speedlimit
2026-09-13T11:49+02:00,A29,s,9.64,2,lane_closed
2026-09-13T11:49+02:00,A13,L,18.8,2,speedlimit
2026-09-13T11:49+02:00,A15,R,60.49,4,lane_closed
2026-09-13T11:49+02:00,A15,R,62.454,3,lane_closed
2026-09-13T11:49+02:00,A20,R,27.235,1,speedlimit
2026-09-13T11:49+02:00,A20,L,28.41,2,speedlimit
2026-09-13T11:49+02:00,A15,m,62.454,2,speedlimit
2026-09-13T11:49+02:00,A4,L,3.65,4,speedlimit
2026-09-13T11:49+02:00,A20,R,27.79,2,speedlimit
2026-09-13T11:49+02:00,A13,R,18.5,3,speedlimit
2026-09-13T11:49+02:00,A20,R,28.57,4,speedlimit
2026-09-13T11:49+02:00,A20,R,31.26,4,speedlimit
2026-09-13T11:49+02:00,A20,L,29.826,2,speedlimit
2026-09-13T11:49+02:00,A20,L,35.925,1,lane_closed
2026-09-13T11:49+02:00,A20,L,28.57,1,speedlimit
2026-09-13T11:49+02:00,A20,R,29.5,4,speedlimit
2026-09-13T11:49+02:00,A15,x,46.135,1,speedlimit
2026-09-13T11:49+02:00,A15,m,60.07,1,lane_closed
2026-09-13T11:49+02:00,A4,m,6.901,1,speedlimit
2026-09-13T11:49+02:00,A20,R,28.1,2,speedlimit
2026-09-13T11:49+02:00,A20,R,26.64,1,speedlimit
2026-09-13T11:49+02:00,A15,R,61.05,4,lane_closed
2026-09-13T11:49+02:00,A15,L,64.2,2,speedlimit
2026-09-13T11:49+02:00,A15,R,60.49,3,lane_closed
2026-09-13T11:49+02:00,A29,R,9.83,1,lane_closed
2026-09-13T11:49+02:00,A20,L,32.8,2,speedlimit
2026-09-13T11:49+02:00,A4,L,0.86,3,speedlimit
2026-09-13T11:49+02:00,A29,R,9.5,3,speedlimit
2026-09-13T11:49+02:00,A15,L,65.25,4,speedlimit
2026-09-13T11:49+02:00,A15,R,59.2,1,speedlimit
2026-09-13T11:49+02:00,A13,L,17.1,3,speedlimit
2026-09-13T11:49+02:00,A29,L,10.63,1,speedlimit
2026-09-13T11:49+02:00,A4,R,2.367,3,speedlimit
2026-09-13T11:49+02:00,A20,L,36.625,1,lane_closed
2026-09-13T11:49+02:00,A15,R,62.454,2,speedlimit
2026-09-13T11:49+02:00,A29,L,11.525,1,speedlimit
2026-09-13T11:49+02:00,A4,L,5.549,6,lane_closed_ahead
2026-09-13T11:49+02:00,A29,s,9.64,1,lane_closed
2026-09-13T11:49+02:00,A20,L,27.488,1,speedlimit
2026-09-13T11:49+02:00,A20,L,27.2,1,speedlimit
2026-09-13T11:49+02:00,A4,h,46.06,2,speedlimit
2026-09-13T11:49+02:00,A15,R,59.57,2,speedlimit
2026-09-13T11:49+02:00,A20,L,27.8,2,speedlimit
2026-09-13T11:49+02:00,A4,k,4.44,3,lane_closed
2026-09-13T11:49+02:00,A15,R,58.05,5,speedlimit
2026-09-13T11:49+02:00,A13,L,18.2,3,speedlimit
2026-09-13T11:49+02:00,A4,m,3.83,3,lane_closed
2026-09-13T11:49+02:00,A4,L,1.156,2,speedlimit
2026-09-13T11:49+02:00,A29,L,10.63,2,speedlimit
2026-09-13T11:49+02:00,A20,L,31.88,1,speedlimit
2026-09-13T11:49+02:00,A29,L,11.06,1,speedlimit
2026-09-13T11:49+02:00,A4,m,3.83,4,lane_closed
2026-09-13T11:49+02:00,A13,L,16.7,2,speedlimit
2026-09-13T11:49+02:00,A20,L,30.9,2,speedlimit
2026-09-13T11:49+02:00,A20,L,28.085,1,speedlimit
2026-09-13T11:49+02:00,A15,R,58.05,3,speedlimit
2026-09-13T11:49+02:00,A15,R,61.33,3,lane_closed
2026-09-13T11:49+02:00,A20,R,30.6,1,speedlimit
2026-09-13T11:49+02:00,A13,R,17.1,3,speedlimit
2026-09-13T11:49+02:00,A20,R,26.93,3,speedlimit
2026-09-13T11:49+02:00,A15,R,62.062,2,speedlimit
2026-09-13T11:49+02:00,A20,L,31.4,1,speedlimit
2026-09-13T11:49+02:00,A29,s,10.4,1,lane_closed
2026-09-13T11:49+02:00,A15,R,61.05,3,lane_closed
2026-09-13T11:49+02:00,A4,L,5.225,3,speedlimit
2026-09-13T11:49+02:00,A4,m,6.6,2,speedlimit
2026-09-13T11:49+02:00,A15,m,59.11,2,speedlimit
2026-09-13T11:49+02:00,A4,m,7.3,2,speedlimit
2026-09-13T11:49+02:00,A4,m,7.2,1,speedlimit
2026-09-13T11:49+02:00,A20,L,31.1,2,speedlimit
2026-09-13T11:49+02:00,A13,g,18.7,2,speedlimit
2026-09-13T11:49+02:00,A15,L,65.685,2,speedlimit
2026-09-13T11:49+02:00,A15,m,61.995,3,lane_closed
2026-09-13T11:49+02:00,A20,L,31.4,2,speedlimit
2026-09-13T11:49+02:00,A4,L,1.555,2,speedlimit
2026-09-13T11:49+02:00,A4,f,3.96,1,lane_closed
2026-09-13T11:49+02:00,A15,R,61.63,1,speedlimit
2026-09-13T11:49+02:00,A29,R,9.5,1,lane_closed_ahead
2026-09-13T11:49+02:00,A15,R,61.33,4,lane_closed
2026-09-13T11:49+02:00,A15,y,47.43,3,speedlimit
2026-09-13T11:49+02:00,A4,R,2.367,2,speedlimit
2026-09-13T11:49+02:00,A13,L,15.9,3,lane_closed
2026-09-13T11:49+02:00,A4,L,3.062,3,speedlimit
2026-09-13T11:49+02:00,A4,R,3.27,1,speedlimit
2026-09-13T11:49+02:00,A13,R,16.2,1,speedlimit
2026-09-13T11:49+02:00,A4,R,1.76,3,speedlimit
2026-09-13T11:49+02:00,A4,R,0.77,3,speedlimit
2026-09-13T11:49+02:00,A29,s,10.4,2,lane_closed
2026-09-13T11:49+02:00,A13,R,18.5,2,speedlimit
2026-09-13T11:49+02:00,A20,L,30.196,1,speedlimit
2026-09-13T11:49+02:00,A4,R,20.95,2,speedlimit
2026-09-13T11:49+02:00,A4,L,2.792,1,speedlimit
2026-09-13T11:49+02:00,A4,R,21.35,1,speedlimit
2026-09-13T11:49+02:00,A20,R,27.79,1,speedlimit
2026-09-13T11:49+02:00,A4,L,2.447,1,speedlimit
2026-09-13T11:49+02:00,A15,R,61.33,1,speedlimit
2026-09-13T11:49+02:00,A20,L,29.826,1,speedlimit
2026-09-13T11:49+02:00,A4,m,7.4,1,speedlimit
2026-09-13T11:49+02:00,A15,m,62.454,1,speedlimit
2026-09-13T11:49+02:00,A15,m,61.995,1,lane_closed
2026-09-13T11:49+02:00,A20,R,28.41,2,speedlimit
2026-09-13T11:49+02:00,A4,L,5.549,1,speedlimit
2026-09-13T11:49+02:00,A15,R,62.062,1,speedlimit
2026-09-13T11:49+02:00,A4,R,21.35,3,speedlimit
2026-09-13T11:49+02:00,A20,R,29.1,1,speedlimit
2026-09-13T11:49+02:00,A4,L,0.86,2,speedlimit
2026-09-13T11:49+02:00,A13,R,17.8,1,speedlimit
2026-09-13T11:49+02:00,A29,L,11.06,3,speedlimit
2026-09-13T11:49+02:00,A20,R,28.41,1,speedlimit
2026-09-13T11:49+02:00,A20,R,31.9,2,speedlimit
2026-09-13T11:49+02:00,A15,R,61.63,5,lane_closed
2026-09-13T11:49+02:00,A29,L,11.525,3,speedlimit
2026-09-13T11:49+02:00,A4,R,3.27,2,speedlimit
2026-09-13T11:49+02:00,A4,L,3.062,5,speedlimit
2026-09-13T11:49+02:00,A20,L,31.1,3,speedlimit
2026-09-13T11:49+02:00,A4,R,22.1,1,speedlimit
2026-09-13T11:49+02:00,A15,R,61.33,6,lane_closed
2026-09-13T11:49+02:00,A29,R,9.5,2,speedlimit
2026-09-13T11:49+02:00,A29,R,9.83,3,speedlimit
2026-09-13T11:49+02:00,A15,R,62.454,5,lane_closed
2026-09-13T11:49+02:00,A15,R,60.49,2,speedlimit
2026-09-13T11:49+02:00,A20,R,27.488,2,speedlimit
2026-09-13T11:49+02:00,A20,t,28.895,1,speedlimit
2026-09-13T11:49+02:00,A20,L,32.8,1,speedlimit
2026-09-13T11:49+02:00,A20,R,28.8,2,speedlimit
2026-09-13T11:49+02:00,A20,L,31.1,1,speedlimit
2026-09-13T11:49+02:00,A13,L,16.19,3,lane_closed
2026-09-13T11:49+02:00,A13,L,15.035,5,lane_closed
2026-09-13T11:49+02:00,A4,m,3.83,2,speedlimit
2026-09-13T11:49+02:00,A20,L,27.8,1,speedlimit
2026-09-13T11:49+02:00,A20,R,29.1,2,speedlimit
2026-09-13T11:49+02:00,A13,g,18.7,1,speedlimit
2026-09-13T11:49+02:00,A20,R,28.57,2,speedlimit
2026-09-13T11:49+02:00,A20,R,26.64,2,speedlimit
2026-09-13T11:49+02:00,A4,L,0.493,3,speedlimit
2026-09-13T11:49+02:00,A15,L,64.2,3,speedlimit
2026-09-13T11:49+02:00,A20,L,29.1,1,speedlimit
2026-09-13T11:49+02:00,A13,L,18.2,1,speedlimit
2026-09-13T11:49+02:00,A4,L,1.156,5,speedlimit
2026-09-13T11:49+02:00,A15,L,64.67,2,speedlimit
2026-09-13T11:49+02:00,A13,L,12.7,4,lane_closed
2026-09-13T11:49+02:00,A20,L,31.88,2,speedlimit
2026-09-13T11:49+02:00,A15,R,62.454,4,lane_closed
2026-09-13T11:49+02:00,A4,R,1.76,2,speedlimit
2026-09-13T11:49+02:00,A20,L,28.085,2,speedlimit
2026-09-13T11:49+02:00,A15,R,62.062,3,lane_closed
2026-09-13T11:49+02:00,A15,x,46.135,2,speedlimit
2026-09-13T11:49+02:00,A20,R,30.6,3,speedlimit
2026-09-13T11:49+02:00,A15,m,58.65,3,speedlimit
2026-09-13T11:49+02:00,A20,L,35.52,1,lane_closed
2026-09-13T11:49+02:00,A15,R,62.062,4,lane_closed
2026-09-13T11:49+02:00,A29,s,9.91,1,lane_closed
2026-09-13T11:49+02:00,A20,R,29.8,2,speedlimit
2026-09-13T11:49+02:00,A15,L,64.2,1,lane_closed
2026-09-13T11:49+02:00,A20,R,27.235,2,speedlimit
2026-09-13T11:49+02:00,A20,L,37.3,1,lane_closed
2026-09-13T11:49+02:00,A4,L,2.792,2,speedlimit
2026-09-13T11:49+02:00,A15,R,59.95,1,speedlimit
2026-09-13T11:49+02:00,A13,R,18.2,1,speedlimit
2026-09-13T11:49+02:00,A4,k,4.44,2,lane_closed
2026-09-13T11:49+02:00,A4,L,4.44,2,speedlimit
2026-09-13T11:49+02:00,A15,L,65.25,1,lane_closed_ahead
2026-09-13T11:49+02:00,A29,L,10.78,1,speedlimit
2026-09-13T11:49+02:00,A15,e,95.55,1,speedlimit
2026-09-13T11:49+02:00,A13,e,19.1,1,speedlimit
2026-09-13T11:49+02:00,A29,L,10.63,4,lane_closed
2026-09-13T11:49+02:00,A4,L,3.65,1,speedlimit
2026-09-13T11:49+02:00,A29,R,9.83,2,speedlimit
2026-09-13T11:49+02:00,A4,L,2.792,4,speedlimit
2026-09-13T11:49+02:00,A4,R,20.95,1,speedlimit
2026-09-13T11:49+02:00,A4,m,6.901,2,speedlimit
2026-09-13T11:49+02:00,A15,R,60.49,1,speedlimit
2026-09-13T11:49+02:00,A13,L,17.8,3,speedlimit
2026-09-13T11:49+02:00,A4,R,3.01,5,speedlimit
2026-09-13T11:49+02:00,A4,L,5.93,3,speedlimit
2026-09-13T11:49+02:00,A4,m,7.8,1,speedlimit
2026-09-13T11:49+02:00,A20,R,31.26,1,speedlimit
2026-09-13T11:49+02:00,A4,L,5.93,5,speedlimit
2026-09-13T11:49+02:00,A15,R,61.05,5,lane_closed
2026-09-13T11:49+02:00,A15,R,59.2,4,lane_closed_ahead
2026-09-13T11:49+02:00,A15,R,61.33,2,speedlimit
2026-09-13T11:49+02:00,A4,L,2.792,3,speedlimit
2026-09-13T11:49+02:00,A4,m,8.15,2,speedlimit
2026-09-13T11:49+02:00,A15,y,47.092,1,speedlimit
2026-09-13T11:49+02:00,A20,L,29.826,3,speedlimit
2026-09-13T11:49+02:00,A15,m,61.995,2,lane_closed
2026-09-13T11:49+02:00,A4,h,45.58,3,lane_closed
2026-09-13T11:49+02:00,A20,L,29.5,1,speedlimit
2026-09-13T11:49+02:00,A20,R,28.8,3,speedlimit
2026-09-13T11:49+02:00,A20,R,29.5,1,speedlimit
2026-09-13T11:49+02:00,A4,R,2.367,1,speedlimit
2026-09-13T11:49+02:00,A15,R,60.76,3,lane_closed
2026-09-13T11:49+02:00,A4,L,1.156,1,speedlimit
2026-09-13T11:49+02:00,A15,R,59.95,2,speedlimit
2026-09-13T11:49+02:00,A13,L,11.25,4,lane_closed
2026-09-13T11:49+02:00,A20,L,30.9,1,speedlimit
2026-09-13T11:49+02:00,A13,R,18.2,4,speedlimit
2026-09-13T11:49+02:00,A4,L,5.93,4,speedlimit
2026-09-13T11:49+02:00,A15,m,59.58,1,lane_closed
2026-09-13T11:49+02:00,A15,r,45.853,2,speedlimit
2026-09-13T11:49+02:00,A4,L,4.44,1,speedlimit
2026-09-13T11:49+02:00,A13,R,18.7,1,speedlimit
2026-09-13T11:49+02:00,A15,L,64.67,5,speedlimit
2026-09-13T11:49+02:00,A15,n,95.855,1,speedlimit
2026-09-13T11:49+02:00,A4,L,5.93,6,speedlimit
2026-09-13T11:49+02:00,A20,c,27.488,1,speedlimit
2026-09-13T11:49+02:00,A20,R,31.9,3,speedlimit
2026-09-13T11:49+02:00,A13,R,16.655,3,speedlimit
2026-09-13T11:49+02:00,A20,L,29.1,2,speedlimit
2026-09-13T11:49+02:00,A4,L,1.156,3,speedlimit
2026-09-13T11:49+02:00,A15,L,63.56,1,lane_closed
2026-09-13T11:49+02:00,A20,R,29.8,3,speedlimit
2026-09-13T11:49+02:00,A13,L,18.2,2,speedlimit
2026-09-13T11:49+02:00,A20,R,26.4,3,speedlimit
2026-09-13T11:49+02:00,A15,R,60.76,4,lane_closed
2026-09-13T11:49+02:00,A15,m,58.65,1,lane_closed
2026-09-13T11:49+02:00,A29,L,11.525,2,speedlimit
2026-09-13T11:49+02:00,A20,R,26.93,1,speedlimit
2026-09-13T11:49+02:00,A15,R,61.63,2,speedlimit
2026-09-13T11:49+02:00,A15,R,58.46,3,speedlimit
2026-09-13T11:49+02:00,A15,R,60.76,1,speedlimit
2026-09-13T11:49+02:00,A4,L,5.549,3,speedlimit
2026-09-13T11:49+02:00,A20,R,26.4,2,speedlimit
2026-09-13T11:49+02:00,A4,m,7.2,2,speedlimit
2026-09-13T11:49+02:00,A4,L,0.493,2,speedlimit
2026-09-13T11:49+02:00,A15,L,63.56,3,speedlimit
2026-09-13T11:49+02:00,A20,L,27.488,2,speedlimit
2026-09-13T11:49+02:00,A20,L,30.196,3,speedlimit
2026-09-13T11:49+02:00,A4,h,46.06,1,speedlimit
2026-09-13T11:49+02:00,A4,R,3.01,2,speedlimit
2026-09-13T11:49+02:00,A4,L,5.549,4,speedlimit
2026-09-13T11:49+02:00,A15,m,61.995,4,lane_closed
2026-09-13T11:49+02:00,A20,L,28.41,1,speedlimit
2026-09-13T11:49+02:00,A13,L,13.18,4,lane_closed
2026-09-13T11:49+02:00,A4,L,1.555,1,speedlimit
2026-09-13T11:49+02:00,A13,L,17.8,2,speedlimit
2026-09-13T11:49+02:00,A4,L,2.792,5,speedlimit
2026-09-13T11:49+02:00,A15,x,45.853,1,speedlimit
2026-09-13T11:49+02:00,A4,L,5.93,2,speedlimit
2026-09-13T11:49+02:00,A20,R,28.57,1,speedlimit
2026-09-13T11:49+02:00,A4,L,5.549,5,speedlimit
2026-09-13T11:49+02:00,A20,R,30.196,4,speedlimit
2026-09-13T11:49+02:00,A29,L,10.78,2,speedlimit
2026-09-13T11:49+02:00,A4,L,3.65,3,speedlimit
2026-09-13T11:49+02:00,A4,L,5.225,2,speedlimit
2026-09-13T11:49+02:00,A20,t,29.6,2,speedlimit
2026-09-13T11:49+02:00,A4,L,5.225,4,speedlimit
2026-09-13T11:49+02:00,A4,R,0.27,2,speedlimit
2026-09-13T11:49+02:00,A20,L,38.3,1,lane_closed_ahead
2026-09-13T11:49+02:00,A15,L,64.67,4,speedlimit
2026-09-13T11:49+02:00,A15,L,65.685,1,speedlimit
2026-09-13T11:49+02:00,A15,L,64.67,1,lane_closed
2026-09-13T11:49+02:00,A15,r,45.853,1,speedlimit
2026-09-13T11:49+02:00,A20,R,26.93,2,speedlimit
2026-09-13T11:49+02:00,A4,R,3.27,3,speedlimit
2026-09-13T11:49+02:00,A20,L,30.9,3,speedlimit
2026-09-13T11:49+02:00,A13,L,18.8,3,speedlimit
2026-09-13T11:49+02:00,A20,L,37.8,1,lane_closed
2026-09-13T11:49+02:00,A20,R,28.8,1,speedlimit
2026-09-13T11:49+02:00,A15,R,61.05,2,speedlimit
2026-09-13T11:49+02:00,A13,L,18.8,1,speedlimit
2026-09-13T11:49+02:00,A4,h,46.4,2,speedlimit
2026-09-13T11:49+02:00,A4,R,0.77,2,speedlimit
2026-09-13T11:49+02:00,A13,R,16.2,2,speedlimit
2026-09-13T11:49+02:00,A4,L,2.447,3,speedlimit
2026-09-13T11:49+02:00,A4,L,3.062,1,speedlimit
2026-09-13T11:49+02:00,A4,m,3.83,1,speedlimit
2026-09-13T11:49+02:00,A4,L,5.549,2,speedlimit
2026-09-13T11:49+02:00,A20,L,31.4,3,speedlimit
2026-09-13T11:49+02:00,A4,L,1.555,4,speedlimit
2026-09-13T11:49+02:00,A20,L,30.196,4,speedlimit
2026-09-13T11:49+02:00,A4,L,5.225,5,speedlimit
2026-09-13T11:49+02:00,A4,m,6.6,1,speedlimit
2026-09-13T11:49+02:00,A4,f,3.96,2,lane_closed
2026-09-13T11:49+02:00,A13,R,18.2,2,speedlimit
2026-09-13T11:49+02:00,A4,R,3.01,1,speedlimit
2026-09-13T11:49+02:00,A13,L,17.8,1,speedlimit
2026-09-13T11:49+02:00,A20,R,29.8,1,speedlimit
2026-09-13T11:49+02:00,A4,L,3.062,2,speedlimit
2026-09-13T11:49+02:00,A20,R,31.26,2,speedlimit
2026-09-13T11:49+02:00,A15,m,58.46,1,lane_closed_ahead
2026-09-13T11:49+02:00,A4,R,3.27,5,speedlimit
2026-09-13T11:49+02:00,A15,m,59.11,3,speedlimit
2026-09-13T11:49+02:00,A4,R,1.76,4,speedlimit
2026-09-13T11:49+02:00,A4,R,3.01,3,speedlimit
2026-09-13T11:49+02:00,A20,R,31.26,3,speedlimit
2026-09-13T11:49+02:00,A20,R,26.64,3,speedlimit
2026-09-13T11:49+02:00,A20,R,26.64,4,speedlimit
2026-09-13T11:49+02:00,A15,y,47.43,1,speedlimit
2026-09-13T11:49+02:00,A20,R,26.4,1,speedlimit
2026-09-13T11:49+02:00,A13,R,17.1,1,speedlimit
2026-09-13T11:49+02:00,A15,R,59.2,3,speedlimit
2026-09-13T11:49+02:00,A4,R,21.7,1,speedlimit
2026-09-13T11:49+02:00,A20,R,29.5,3,speedlimit
2026-09-13T11:49+02:00,A15,R,58.46,4,speedlimit
2026-09-13T11:49+02:00,A29,L,10.63,3,lane_closed
2026-09-13T11:49+02:00,A13,L,13.7,4,lane_closed
2026-09-13T11:49+02:00,A15,L,63.56,2,speedlimit
2026-09-13T11:49+02:00,A4,R,0.27,1,speedlimit
2026-09-13T11:49+02:00,A13,L,14.2,4,lane_closed
2026-09-13T11:49+02:00,A4,L,0.493,1,speedlimit
2026-09-13T11:49+02:00,A15,R,60.76,2,speedlimit
2026-09-13T11:49+02:00,A4,h,46.4,1,speedlimit
2026-09-13T11:49+02:00,A29,L,11.525,4,speedlimit
2026-09-13T11:49+02:00,A20,t,29.6,1,speedlimit
2026-09-13T11:49+02:00,A15,L,65.685,4,speedlimit
2026-09-13T11:49+02:00,A20,R,29.8,4,speedlimit
2026-09-13T11:49+02:00,A13,R,18.7,2,speedlimit
2026-09-13T11:49+02:00,A4,R,0.27,3,speedlimit
2026-09-13T11:49+02:00,A20,R,27.488,1,speedlimit
2026-09-13T11:49+02:00,A15,R,62.454,1,speedlimit
2026-09-13T11:49+02:00,A15,m,59.11,1,lane_closed
2026-09-13T11:49+02:00,A20,R,29.5,2,speedlimit
2026-09-13T11:49+02:00,A20,L,27.2,2,speedlimit
2026-09-13T11:49+02:00,A13,R,18.963,1,speedlimit
2026-09-13T11:49+02:00,A13,L,17.1,1,speedlimit
2026-09-13T11:49+02:00,A15,R,61.63,3,lane_closed
2026-09-13T11:49+02:00,A20,L,31.88,3,speedlimit
2026-09-13T11:49+02:00,A13,L,17.1,4,speedlimit
2026-09-13T11:49+02:00,A13,R,16.655,2,speedlimit
2026-09-13T11:49+02:00,A13,L,15.55,5,lane_closed
2026-09-13T11:49+02:00,A4,k,4.44,1,speedlimit
2026-09-13T11:49+02:00,A15,m,58.65,2,speedlimit
2026-09-13T11:49+02:00,A15,R,59.95,3,lane_closed
2026-09-13T11:49+02:00,A4,L,5.225,1,speedlimit
2026-09-13T11:49+02:00,A4,R,21.35,2,speedlimit
2026-09-13T11:49+02:00,A20,L,32.8,3,speedlimit
2026-09-13T11:49+02:00,A15,R,61.63,6,lane_closed
2026-09-13T11:49+02:00,A15,R,58.46,1,speedlimit
2026-09-13T11:49+02:00,A20,R,30.196,1,speedlimit
2026-09-13T11:49+02:00,A20,L,29.826,4,speedlimit
2026-09-13T11:49+02:00,A4,L,1.555,3,speedlimit
2026-09-13T11:49+02:00,A20,s,29.6,1,speedlimit
2026-09-13T11:49+02:00,A20,L,28.57,2,speedlimit
2026-09-13T11:49+02:00,A20,R,30.6,2,speedlimit
2026-09-13T11:49+02:00,A15,R,59.57,1,speedlimit
2026-09-13T11:49+02:00,A4,L,1.156,4,speedlimit
2026-09-13T11:49+02:00,A29,s,9.91,2,lane_closed
2026-09-13T11:49+02:00,A15,L,65.25,3,speedlimit
2026-09-13T11:49+02:00,A4,m,7.4,2,speedlimit
2026-09-13T11:49+02:00,A13,L,17.1,2,speedlimit
2026-09-13T11:49+02:00,A4,R,0.77,1,speedlimit
2026-09-13T11:49+02:00,A20,L,28.57,3,speedlimit
2026-09-13T11:49+02:00,A15,R,59.57,3,lane_closed
2026-09-13T11:49+02:00,A15,L,64.67,3,speedlimit
2026-09-13T11:49+02:00,A20,R,26.4,4,speedlimit
2026-09-13T11:49+02:00,A20,R,30.196,2,speedlimit
2026-09-13T11:49+02:00,A13,R,17.8,3,speedlimit
2026-09-13T11:49+02:00,A15,n,95.855,2,speedlimit
2026-09-13T12:49+02:00,A29,L,101.1,2,speedlimit
2026-09-13T12:49+02:00,A13,L,16.7,1,speedlimit
2026-09-13T12:49+02:00,A4,L,3.062,4,speedlimit
2026-09-13T12:49+02:00,A15,R,59.2,2,speedlimit
2026-09-13T12:49+02:00,A4,L,36.73,3,speedlimit
2026-09-13T12:49+02:00,A15,R,38.73,1,speedlimit
2026-09-13T12:49+02:00,A29,L,100.8,1,speedlimit
2026-09-13T12:49+02:00,A4,m,7.8,2,speedlimit
2026-09-13T12:49+02:00,A20,L,30.196,2,speedlimit
2026-09-13T12:49+02:00,A15,f,39.45,1,speedlimit
2026-09-13T12:49+02:00,A13,R,16.655,1,speedlimit
2026-09-13T12:49+02:00,A13,R,17.1,2,speedlimit
2026-09-13T12:49+02:00,A15,R,61.63,4,lane_closed
2026-09-13T12:49+02:00,A4,L,36.23,2,speedlimit
2026-09-13T12:49+02:00,A4,m,7.0,2,speedlimit
2026-09-13T12:49+02:00,A4,L,5.93,1,speedlimit
2026-09-13T12:49+02:00,A4,m,7.0,1,speedlimit
2026-09-13T12:49+02:00,A4,j,4.65,2,lane_closed
2026-09-13T12:49+02:00,A15,R,61.33,5,lane_closed
2026-09-13T12:49+02:00,A13,R,8.1,2,speedlimit
2026-09-13T12:49+02:00,A29,v,10.39,1,lane_closed
2026-09-13T12:49+02:00,A13,R,8.1,3,speedlimit
2026-09-13T12:49+02:00,A15,R,58.05,4,speedlimit
2026-09-13T12:49+02:00,A29,L,11.06,4,speedlimit
2026-09-13T12:49+02:00,A29,L,11.06,2,speedlimit
2026-09-13T12:49+02:00,A4,L,36.36,4,speedlimit
2026-09-13T12:49+02:00,A4,L,2.447,2,speedlimit
2026-09-13T12:49+02:00,A13,R,18.5,1,speedlimit
2026-09-13T12:49+02:00,A15,R,38.22,4,speedlimit
2026-09-13T12:49+02:00,A4,R,3.27,4,speedlimit
2026-09-13T12:49+02:00,A20,L,29.5,2,speedlimit
2026-09-13T12:49+02:00,A4,L,1.555,5,speedlimit
2026-09-13T12:49+02:00,A13,R,18.5,4,speedlimit
2026-09-13T12:49+02:00,A15,m,58.46,3,speedlimit
2026-09-13T12:49+02:00,A4,m,7.3,1,speedlimit
2026-09-13T12:49+02:00,A13,R,18.2,3,speedlimit
2026-09-13T12:49+02:00,A20,R,28.1,1,speedlimit
2026-09-13T12:49+02:00,A15,R,38.22,3,speedlimit
2026-09-13T12:49+02:00,A20,R,30.196,3,speedlimit
2026-09-13T12:49+02:00,A4,L,4.44,3,speedlimit
2026-09-13T12:49+02:00,A4,j,4.65,1,lane_closed
2026-09-13T12:49+02:00,A4,L,3.65,2,speedlimit
2026-09-13T12:49+02:00,A20,L,36.94,1,lane_closed
2026-09-13T12:49+02:00,A15,R,58.05,1,speedlimit
2026-09-13T12:49+02:00,A15,R,58.46,2,speedlimit
2026-09-13T12:49+02:00,A4,m,8.15,3,speedlimit
2026-09-13T12:49+02:00,A15,n,95.855,3,speedlimit
2026-09-13T12:49+02:00,A13,R,17.8,2,speedlimit
2026-09-13T12:49+02:00,A15,R,61.05,6,lane_closed
2026-09-13T12:49+02:00,A4,L,5.225,6,lane_closed
2026-09-13T12:49+02:00,A20,s,29.6,2,speedlimit
2026-09-13T12:49+02:00,A15,L,65.25,2,speedlimit
2026-09-13T12:49+02:00,A15,L,65.685,3,speedlimit
2026-09-13T12:49+02:00,A15,R,58.05,2,speedlimit
2026-09-13T12:49+02:00,A4,L,0.86,1,speedlimit
2026-09-13T12:49+02:00,A20,R,26.93,4,speedlimit
2026-09-13T12:49+02:00,A20,R,28.57,3,speedlimit
2026-09-13T12:49+02:00,A4,L,35.06,1,speedlimit
2026-09-13T12:49+02:00,A15,R,61.05,1,speedlimit
2026-09-13T12:49+02:00,A15,g,38.977,1,speedlimit
2026-09-13T12:49+02:00,A29,v,10.8,1,lane_closed
2026-09-13T12:49+02:00,A4,L,2.447,4,speedlimit
2026-09-13T12:49+02:00,A29,s,9.64,2,lane_closed
2026-09-13T12:49+02:00,A13,R,8.6,3,speedlimit
2026-09-13T12:49+02:00,A13,L,18.8,2,speedlimit
2026-09-13T12:49+02:00,A15,R,60.49,4,lane_closed
2026-09-13T12:49+02:00,A15,R,62.454,3,lane_closed
2026-09-13T12:49+02:00,A20,R,27.235,1,speedlimit
2026-09-13T12:49+02:00,A20,L,28.41,2,speedlimit
2026-09-13T12:49+02:00,A13,R,8.6,1,speedlimit
2026-09-13T12:49+02:00,A15,m,62.454,2,speedlimit
2026-09-13T12:49+02:00,A15,g,38.977,2,lane_closed
2026-09-13T12:49+02:00,A4,L,3.65,4,speedlimit
2026-09-13T12:49+02:00,A20,R,27.79,2,speedlimit
2026-09-13T12:49+02:00,A13,R,18.5,3,speedlimit
2026-09-13T12:49+02:00,A20,R,28.57,4,speedlimit
2026-09-13T12:49+02:00,A20,R,31.26,4,speedlimit
2026-09-13T12:49+02:00,A20,L,29.826,2,speedlimit
2026-09-13T12:49+02:00,A20,L,35.925,1,lane_closed
2026-09-13T12:49+02:00,A20,L,28.57,1,speedlimit
2026-09-13T12:49+02:00,A15,R,38.73,4,lane_closed
2026-09-13T12:49+02:00,A20,R,29.5,4,speedlimit
2026-09-13T12:49+02:00,A15,m,60.07,1,lane_closed
2026-09-13T12:49+02:00,A4,m,6.901,1,speedlimit
2026-09-13T12:49+02:00,A20,R,28.1,2,speedlimit
2026-09-13T12:49+02:00,A20,R,26.64,1,speedlimit
2026-09-13T12:49+02:00,A15,R,38.51,3,speedlimit
2026-09-13T12:49+02:00,A15,R,61.05,4,lane_closed
2026-09-13T12:49+02:00,A15,L,64.2,2,speedlimit
2026-09-13T12:49+02:00,A15,R,60.49,3,lane_closed
2026-09-13T12:49+02:00,A29,R,9.83,1,lane_closed
2026-09-13T12:49+02:00,A20,L,32.8,2,speedlimit
2026-09-13T12:49+02:00,A4,L,0.86,3,speedlimit
2026-09-13T12:49+02:00,A15,g,39.42,1,speedlimit
2026-09-13T12:49+02:00,A29,R,9.5,3,speedlimit
2026-09-13T12:49+02:00,A4,L,36.23,1,speedlimit
2026-09-13T12:49+02:00,A15,L,65.25,4,speedlimit
2026-09-13T12:49+02:00,A15,R,59.2,1,speedlimit
2026-09-13T12:49+02:00,A4,L,36.73,4,speedlimit
2026-09-13T12:49+02:00,A13,L,17.1,3,speedlimit
2026-09-13T12:49+02:00,A29,L,10.63,1,speedlimit
2026-09-13T12:49+02:00,A16,f,67.9,1,speedlimit
2026-09-13T12:49+02:00,A20,L,36.625,1,lane_closed
2026-09-13T12:49+02:00,A15,R,62.454,2,speedlimit
2026-09-13T12:49+02:00,A29,L,11.525,1,speedlimit
2026-09-13T12:49+02:00,A29,R,99.38,2,speedlimit
2026-09-13T12:49+02:00,A4,L,5.549,6,lane_closed_ahead
2026-09-13T12:49+02:00,A4,L,36.73,2,speedlimit
2026-09-13T12:49+02:00,A29,s,9.64,1,lane_closed
2026-09-13T12:49+02:00,A20,L,27.488,1,speedlimit
2026-09-13T12:49+02:00,A20,L,27.2,1,speedlimit
2026-09-13T12:49+02:00,A29,L,100.8,2,speedlimit
2026-09-13T12:49+02:00,A4,h,46.06,2,speedlimit
2026-09-13T12:49+02:00,A15,R,59.57,2,speedlimit
2026-09-13T12:49+02:00,A20,L,27.8,2,speedlimit
2026-09-13T12:49+02:00,A4,k,4.44,3,lane_closed
2026-09-13T12:49+02:00,A15,R,58.05,5,speedlimit
2026-09-13T12:49+02:00,A13,L,18.2,3,speedlimit
2026-09-13T12:49+02:00,A4,m,3.83,3,lane_closed
2026-09-13T12:49+02:00,A4,L,1.156,2,speedlimit
2026-09-13T12:49+02:00,A29,L,10.63,2,speedlimit
2026-09-13T12:49+02:00,A20,L,31.88,1,speedlimit
2026-09-13T12:49+02:00,A15,d,39.45,1,speedlimit
2026-09-13T12:49+02:00,A29,L,11.06,1,speedlimit
2026-09-13T12:49+02:00,A4,m,3.83,4,lane_closed
2026-09-13T12:49+02:00,A4,L,34.29,1,speedlimit
2026-09-13T12:49+02:00,A13,L,16.7,2,speedlimit
2026-09-13T12:49+02:00,A20,L,30.9,2,speedlimit
2026-09-13T12:49+02:00,A4,L,35.46,1,speedlimit
2026-09-13T12:49+02:00,A29,R,99.1,2,speedlimit
2026-09-13T12:49+02:00,A20,L,28.085,1,speedlimit
2026-09-13T12:49+02:00,A15,R,58.05,3,speedlimit
2026-09-13T12:49+02:00,A29,R,98.33,2,speedlimit
2026-09-13T12:49+02:00,A15,R,61.33,3,lane_closed
2026-09-13T12:49+02:00,A20,R,30.6,1,speedlimit
2026-09-13T12:49+02:00,A13,R,17.1,3,speedlimit
2026-09-13T12:49+02:00,A20,R,26.93,3,speedlimit
2026-09-13T12:49+02:00,A15,R,62.062,2,speedlimit
2026-09-13T12:49+02:00,A20,L,31.4,1,speedlimit
2026-09-13T12:49+02:00,A29,s,10.4,1,lane_closed
2026-09-13T12:49+02:00,A15,R,61.05,3,lane_closed
2026-09-13T12:49+02:00,A4,L,5.225,3,speedlimit
2026-09-13T12:49+02:00,A4,m,6.6,2,speedlimit
2026-09-13T12:49+02:00,A15,m,59.11,2,speedlimit
2026-09-13T12:49+02:00,A4,m,7.3,2,speedlimit
2026-09-13T12:49+02:00,A4,m,7.2,1,speedlimit
2026-09-13T12:49+02:00,A20,L,31.1,2,speedlimit
2026-09-13T12:49+02:00,A13,g,18.7,2,speedlimit
2026-09-13T12:49+02:00,A15,L,65.685,2,speedlimit
2026-09-13T12:49+02:00,A15,m,61.995,3,lane_closed
2026-09-13T12:49+02:00,A20,L,31.4,2,speedlimit
2026-09-13T12:49+02:00,A4,L,1.555,2,speedlimit
2026-09-13T12:49+02:00,A4,f,3.96,1,lane_closed
2026-09-13T12:49+02:00,A15,R,61.63,1,speedlimit
2026-09-13T12:49+02:00,A29,R,99.1,1,speedlimit
2026-09-13T12:49+02:00,A29,R,9.5,1,lane_closed_ahead
2026-09-13T12:49+02:00,A16,L,68.535,2,speedlimit
2026-09-13T12:49+02:00,A15,R,61.33,4,lane_closed
2026-09-13T12:49+02:00,A13,L,15.9,3,lane_closed
2026-09-13T12:49+02:00,A29,R,98.69,1,speedlimit
2026-09-13T12:49+02:00,A4,L,3.062,3,speedlimit
2026-09-13T12:49+02:00,A4,R,3.27,1,speedlimit
2026-09-13T12:49+02:00,A13,R,16.2,1,speedlimit
2026-09-13T12:49+02:00,A4,L,34.29,2,lane_closed
2026-09-13T12:49+02:00,A29,s,10.4,2,lane_closed
2026-09-13T12:49+02:00,A13,R,18.5,2,speedlimit
2026-09-13T12:49+02:00,A20,L,30.196,1,speedlimit
2026-09-13T12:49+02:00,A4,L,2.792,1,speedlimit
2026-09-13T12:49+02:00,A15,R,38.51,4,lane_closed_ahead
2026-09-13T12:49+02:00,A20,R,27.79,1,speedlimit
2026-09-13T12:49+02:00,A4,L,2.447,1,speedlimit
2026-09-13T12:49+02:00,A15,R,61.33,1,speedlimit
2026-09-13T12:49+02:00,A20,L,29.826,1,speedlimit
2026-09-13T12:49+02:00,A4,m,7.4,1,speedlimit
2026-09-13T12:49+02:00,A15,m,62.454,1,speedlimit
2026-09-13T12:49+02:00,A15,m,61.995,1,lane_closed
2026-09-13T12:49+02:00,A20,R,28.41,2,speedlimit
2026-09-13T12:49+02:00,A4,L,5.549,1,speedlimit
2026-09-13T12:49+02:00,A15,R,62.062,1,speedlimit
2026-09-13T12:49+02:00,A20,R,29.1,1,speedlimit
2026-09-13T12:49+02:00,A4,L,0.86,2,speedlimit
2026-09-13T12:49+02:00,A13,R,17.8,1,speedlimit
2026-09-13T12:49+02:00,A29,L,11.06,3,speedlimit
2026-09-13T12:49+02:00,A20,R,28.41,1,speedlimit
2026-09-13T12:49+02:00,A20,R,31.9,2,speedlimit
2026-09-13T12:49+02:00,A15,R,61.63,5,lane_closed
2026-09-13T12:49+02:00,A29,L,11.525,3,speedlimit
2026-09-13T12:49+02:00,A4,R,3.27,2,speedlimit
2026-09-13T12:49+02:00,A4,L,3.062,5,speedlimit
2026-09-13T12:49+02:00,A20,L,31.1,3,speedlimit
2026-09-13T12:49+02:00,A15,R,61.33,6,lane_closed
2026-09-13T12:49+02:00,A29,R,9.5,2,speedlimit
2026-09-13T12:49+02:00,A29,R,9.83,3,speedlimit
2026-09-13T12:49+02:00,A15,R,62.454,5,lane_closed
2026-09-13T12:49+02:00,A15,R,60.49,2,speedlimit
2026-09-13T12:49+02:00,A4,L,36.73,1,speedlimit
2026-09-13T12:49+02:00,A20,R,27.488,2,speedlimit
2026-09-13T12:49+02:00,A20,t,28.895,1,speedlimit
2026-09-13T12:49+02:00,A20,L,32.8,1,speedlimit
2026-09-13T12:49+02:00,A15,R,38.22,2,speedlimit
2026-09-13T12:49+02:00,A20,R,28.8,2,speedlimit
2026-09-13T12:49+02:00,A20,L,31.1,1,speedlimit
2026-09-13T12:49+02:00,A13,L,16.19,3,lane_closed
2026-09-13T12:49+02:00,A13,L,15.035,5,lane_closed
2026-09-13T12:49+02:00,A4,m,3.83,2,speedlimit
2026-09-13T12:49+02:00,A20,L,27.8,1,speedlimit
2026-09-13T12:49+02:00,A13,R,8.1,1,speedlimit
2026-09-13T12:49+02:00,A20,R,29.1,2,speedlimit
2026-09-13T12:49+02:00,A13,g,18.7,1,speedlimit
2026-09-13T12:49+02:00,A20,R,28.57,2,speedlimit
2026-09-13T12:49+02:00,A20,R,26.64,2,speedlimit
2026-09-13T12:49+02:00,A4,L,0.493,3,speedlimit
2026-09-13T12:49+02:00,A15,L,64.2,3,speedlimit
2026-09-13T12:49+02:00,A20,L,29.1,1,speedlimit
2026-09-13T12:49+02:00,A13,L,18.2,1,speedlimit
2026-09-13T12:49+02:00,A4,L,1.156,5,speedlimit
2026-09-13T12:49+02:00,A15,L,64.67,2,speedlimit
2026-09-13T12:49+02:00,A13,L,12.7,4,lane_closed
2026-09-13T12:49+02:00,A20,L,31.88,2,speedlimit
2026-09-13T12:49+02:00,A29,R,99.38,1,speedlimit
2026-09-13T12:49+02:00,A15,R,62.454,4,lane_closed
2026-09-13T12:49+02:00,A20,L,28.085,2,speedlimit
2026-09-13T12:49+02:00,A15,R,62.062,3,lane_closed
2026-09-13T12:49+02:00,A20,R,30.6,3,speedlimit
2026-09-13T12:49+02:00,A15,m,58.65,3,speedlimit
2026-09-13T12:49+02:00,A20,L,35.52,1,lane_closed
2026-09-13T12:49+02:00,A15,R,62.062,4,lane_closed
2026-09-13T12:49+02:00,A29,s,9.91,1,lane_closed
2026-09-13T12:49+02:00,A20,R,29.8,2,speedlimit
2026-09-13T12:49+02:00,A15,L,64.2,1,lane_closed
2026-09-13T12:49+02:00,A20,R,27.235,2,speedlimit
2026-09-13T12:49+02:00,A20,L,37.3,1,lane_closed
2026-09-13T12:49+02:00,A4,L,2.792,2,speedlimit
2026-09-13T12:49+02:00,A15,R,59.95,1,speedlimit
2026-09-13T12:49+02:00,A13,R,18.2,1,speedlimit
2026-09-13T12:49+02:00,A4,k,4.44,2,lane_closed
2026-09-13T12:49+02:00,A13,R,8.6,2,speedlimit
2026-09-13T12:49+02:00,A4,L,4.44,2,speedlimit
2026-09-13T12:49+02:00,A15,L,65.25,1,lane_closed_ahead
2026-09-13T12:49+02:00,A4,L,36.36,3,speedlimit
2026-09-13T12:49+02:00,A29,L,10.78,1,speedlimit
2026-09-13T12:49+02:00,A15,e,95.55,1,speedlimit
2026-09-13T12:49+02:00,A13,e,19.1,1,speedlimit
2026-09-13T12:49+02:00,A29,L,10.63,4,lane_closed
2026-09-13T12:49+02:00,A4,L,3.65,1,speedlimit
2026-09-13T12:49+02:00,A29,R,9.83,2,speedlimit
2026-09-13T12:49+02:00,A4,L,2.792,4,speedlimit
2026-09-13T12:49+02:00,A4,m,6.901,2,speedlimit
2026-09-13T12:49+02:00,A15,R,60.49,1,speedlimit
2026-09-13T12:49+02:00,A13,L,17.8,3,speedlimit
2026-09-13T12:49+02:00,A4,R,3.01,5,speedlimit
2026-09-13T12:49+02:00,A4,L,5.93,3,speedlimit
2026-09-13T12:49+02:00,A15,R,38.73,3,speedlimit
2026-09-13T12:49+02:00,A4,m,7.8,1,speedlimit
2026-09-13T12:49+02:00,A20,R,31.26,1,speedlimit
2026-09-13T12:49+02:00,A4,L,5.93,5,speedlimit
2026-09-13T12:49+02:00,A15,R,61.05,5,lane_closed
2026-09-13T12:49+02:00,A15,R,59.2,4,lane_closed_ahead
2026-09-13T12:49+02:00,A15,R,61.33,2,speedlimit
2026-09-13T12:49+02:00,A4,L,2.792,3,speedlimit
2026-09-13T12:49+02:00,A4,m,8.15,2,speedlimit
2026-09-13T12:49+02:00,A20,L,29.826,3,speedlimit
2026-09-13T12:49+02:00,A15,m,61.995,2,lane_closed
2026-09-13T12:49+02:00,A4,h,45.58,3,lane_closed
2026-09-13T12:49+02:00,A4,L,36.23,3,speedlimit
2026-09-13T12:49+02:00,A20,L,29.5,1,speedlimit
2026-09-13T12:49+02:00,A20,R,28.8,3,speedlimit
2026-09-13T12:49+02:00,A20,R,29.5,1,speedlimit
2026-09-13T12:49+02:00,A15,R,60.76,3,lane_closed
2026-09-13T12:49+02:00,A4,L,1.156,1,speedlimit
2026-09-13T12:49+02:00,A15,R,59.95,2,speedlimit
2026-09-13T12:49+02:00,A13,L,11.25,4,lane_closed
2026-09-13T12:49+02:00,A20,L,30.9,1,speedlimit
2026-09-13T12:49+02:00,A13,R,18.2,4,speedlimit
2026-09-13T12:49+02:00,A4,L,5.93,4,speedlimit
2026-09-13T12:49+02:00,A15,m,59.58,1,lane_closed
2026-09-13T12:49+02:00,A4,L,4.44,1,speedlimit
2026-09-13T12:49+02:00,A13,R,18.7,1,speedlimit
2026-09-13T12:49+02:00,A15,L,64.67,5,speedlimit
2026-09-13T12:49+02:00,A4,s,9.085,1,speedlimit
2026-09-13T12:49+02:00,A15,n,95.855,1,speedlimit
2026-09-13T12:49+02:00,A4,L,5.93,6,speedlimit
2026-09-13T12:49+02:00,A20,c,27.488,1,speedlimit
2026-09-13T12:49+02:00,A20,R,31.9,3,speedlimit
2026-09-13T12:49+02:00,A13,R,16.655,3,speedlimit
2026-09-13T12:49+02:00,A20,L,29.1,2,speedlimit
2026-09-13T12:49+02:00,A4,L,1.156,3,speedlimit
2026-09-13T12:49+02:00,A15,L,63.56,1,lane_closed
2026-09-13T12:49+02:00,A20,R,29.8,3,speedlimit
2026-09-13T12:49+02:00,A13,L,18.2,2,speedlimit
2026-09-13T12:49+02:00,A20,R,26.4,3,speedlimit
2026-09-13T12:49+02:00,A15,R,60.76,4,lane_closed
2026-09-13T12:49+02:00,A15,m,58.65,1,lane_closed
2026-09-13T12:49+02:00,A29,R,98.69,2,speedlimit
2026-09-13T12:49+02:00,A29,L,11.525,2,speedlimit
2026-09-13T12:49+02:00,A20,R,26.93,1,speedlimit
2026-09-13T12:49+02:00,A15,R,61.63,2,speedlimit
2026-09-13T12:49+02:00,A15,R,58.46,3,speedlimit
2026-09-13T12:49+02:00,A15,R,60.76,1,speedlimit
2026-09-13T12:49+02:00,A4,L,5.549,3,speedlimit
2026-09-13T12:49+02:00,A20,R,26.4,2,speedlimit
2026-09-13T12:49+02:00,A4,m,7.2,2,speedlimit
2026-09-13T12:49+02:00,A4,L,0.493,2,speedlimit
2026-09-13T12:49+02:00,A15,L,63.56,3,speedlimit
2026-09-13T12:49+02:00,A20,L,27.488,2,speedlimit
2026-09-13T12:49+02:00,A20,L,30.196,3,speedlimit
2026-09-13T12:49+02:00,A4,h,46.06,1,speedlimit
2026-09-13T12:49+02:00,A16,g,67.5,2,speedlimit
2026-09-13T12:49+02:00,A4,R,3.01,2,speedlimit
2026-09-13T12:49+02:00,A4,L,5.549,4,speedlimit
2026-09-13T12:49+02:00,A15,m,61.995,4,lane_closed
2026-09-13T12:49+02:00,A20,L,28.41,1,speedlimit
2026-09-13T12:49+02:00,A13,L,13.18,4,lane_closed
2026-09-13T12:49+02:00,A4,L,1.555,1,speedlimit
2026-09-13T12:49+02:00,A13,L,17.8,2,speedlimit
2026-09-13T12:49+02:00,A4,L,2.792,5,speedlimit
2026-09-13T12:49+02:00,A4,L,5.93,2,speedlimit
2026-09-13T12:49+02:00,A4,L,35.46,2,lane_closed_ahead
2026-09-13T12:49+02:00,A20,R,28.57,1,speedlimit
2026-09-13T12:49+02:00,A4,L,5.549,5,speedlimit
2026-09-13T12:49+02:00,A20,R,30.196,4,speedlimit
2026-09-13T12:49+02:00,A29,L,10.78,2,speedlimit
2026-09-13T12:49+02:00,A4,L,3.65,3,speedlimit
2026-09-13T12:49+02:00,A15,R,38.22,1,speedlimit
2026-09-13T12:49+02:00,A4,L,5.225,2,speedlimit
2026-09-13T12:49+02:00,A20,t,29.6,2,speedlimit
2026-09-13T12:49+02:00,A4,L,5.225,4,speedlimit
2026-09-13T12:49+02:00,A20,L,38.3,1,lane_closed_ahead
2026-09-13T12:49+02:00,A15,L,64.67,4,speedlimit
2026-09-13T12:49+02:00,A15,L,65.685,1,speedlimit
2026-09-13T12:49+02:00,A15,L,64.67,1,lane_closed
2026-09-13T12:49+02:00,A29,R,98.33,1,speedlimit
2026-09-13T12:49+02:00,A16,L,68.535,1,speedlimit
2026-09-13T12:49+02:00,A20,R,26.93,2,speedlimit
2026-09-13T12:49+02:00,A4,R,3.27,3,speedlimit
2026-09-13T12:49+02:00,A20,L,30.9,3,speedlimit
2026-09-13T12:49+02:00,A13,L,18.8,3,speedlimit
2026-09-13T12:49+02:00,A20,L,37.8,1,lane_closed
2026-09-13T12:49+02:00,A20,R,28.8,1,speedlimit
2026-09-13T12:49+02:00,A4,L,36.36,1,speedlimit
2026-09-13T12:49+02:00,A16,L,68.535,3,speedlimit
2026-09-13T12:49+02:00,A15,R,61.05,2,speedlimit
2026-09-13T12:49+02:00,A24,L,4.84,3,speedlimit
2026-09-13T12:49+02:00,A13,L,18.8,1,speedlimit
2026-09-13T12:49+02:00,A4,h,46.4,2,speedlimit
2026-09-13T12:49+02:00,A13,R,16.2,2,speedlimit
2026-09-13T12:49+02:00,A4,L,2.447,3,speedlimit
2026-09-13T12:49+02:00,A4,L,3.062,1,speedlimit
2026-09-13T12:49+02:00,A4,m,3.83,1,speedlimit
2026-09-13T12:49+02:00,A4,L,5.549,2,speedlimit
2026-09-13T12:49+02:00,A20,L,31.4,3,speedlimit
2026-09-13T12:49+02:00,A4,L,1.555,4,speedlimit
2026-09-13T12:49+02:00,A20,L,30.196,4,speedlimit
2026-09-13T12:49+02:00,A4,L,5.225,5,speedlimit
2026-09-13T12:49+02:00,A4,m,6.6,1,speedlimit
2026-09-13T12:49+02:00,A4,f,3.96,2,lane_closed
2026-09-13T12:49+02:00,A15,R,38.51,1,speedlimit
2026-09-13T12:49+02:00,A13,R,18.2,2,speedlimit
2026-09-13T12:49+02:00,A4,R,3.01,1,speedlimit
2026-09-13T12:49+02:00,A24,L,4.84,2,lane_closed
2026-09-13T12:49+02:00,A13,L,17.8,1,speedlimit
2026-09-13T12:49+02:00,A20,R,29.8,1,speedlimit
2026-09-13T12:49+02:00,A4,L,3.062,2,speedlimit
2026-09-13T12:49+02:00,A20,R,31.26,2,speedlimit
2026-09-13T12:49+02:00,A15,m,58.46,1,lane_closed_ahead
2026-09-13T12:49+02:00,A4,R,3.27,5,speedlimit
2026-09-13T12:49+02:00,A15,m,59.11,3,speedlimit
2026-09-13T12:49+02:00,A4,R,3.01,3,speedlimit
2026-09-13T12:49+02:00,A20,R,31.26,3,speedlimit
2026-09-13T12:49+02:00,A20,R,26.64,3,speedlimit
2026-09-13T12:49+02:00,A20,R,26.64,4,speedlimit
2026-09-13T12:49+02:00,A4,s,8.6,2,speedlimit
2026-09-13T12:49+02:00,A20,R,26.4,1,speedlimit
2026-09-13T12:49+02:00,A13,R,17.1,1,speedlimit
2026-09-13T12:49+02:00,A29,L,101.1,3,speedlimit
2026-09-13T12:49+02:00,A15,R,59.2,3,speedlimit
2026-09-13T12:49+02:00,A20,R,29.5,3,speedlimit
2026-09-13T12:49+02:00,A15,R,58.46,4,speedlimit
2026-09-13T12:49+02:00,A29,L,10.63,3,lane_closed
2026-09-13T12:49+02:00,A13,L,13.7,4,lane_closed
2026-09-13T12:49+02:00,A15,L,63.56,2,speedlimit
2026-09-13T12:49+02:00,A4,L,35.06,2,lane_closed
2026-09-13T12:49+02:00,A13,L,14.2,4,lane_closed
2026-09-13T12:49+02:00,A4,L,0.493,1,speedlimit
2026-09-13T12:49+02:00,A15,R,60.76,2,speedlimit
2026-09-13T12:49+02:00,A4,h,46.4,1,speedlimit
2026-09-13T12:49+02:00,A24,L,4.84,1,speedlimit
2026-09-13T12:49+02:00,A29,L,11.525,4,speedlimit
2026-09-13T12:49+02:00,A20,t,29.6,1,speedlimit
2026-09-13T12:49+02:00,A15,L,65.685,4,speedlimit
2026-09-13T12:49+02:00,A20,R,29.8,4,speedlimit
2026-09-13T12:49+02:00,A4,L,36.36,2,speedlimit
2026-09-13T12:49+02:00,A13,R,18.7,2,speedlimit
2026-09-13T12:49+02:00,A20,R,27.488,1,speedlimit
2026-09-13T12:49+02:00,A15,R,62.454,1,speedlimit
2026-09-13T12:49+02:00,A15,R,38.73,2,speedlimit
2026-09-13T12:49+02:00,A15,m,59.11,1,lane_closed
2026-09-13T12:49+02:00,A20,R,29.5,2,speedlimit
2026-09-13T12:49+02:00,A20,L,27.2,2,speedlimit
2026-09-13T12:49+02:00,A13,R,18.963,1,speedlimit
2026-09-13T12:49+02:00,A13,L,17.1,1,speedlimit
2026-09-13T12:49+02:00,A15,R,61.63,3,lane_closed
2026-09-13T12:49+02:00,A20,L,31.88,3,speedlimit
2026-09-13T12:49+02:00,A15,R,38.51,2,speedlimit
2026-09-13T12:49+02:00,A13,L,17.1,4,speedlimit
2026-09-13T12:49+02:00,A13,R,16.655,2,speedlimit
2026-09-13T12:49+02:00,A13,L,15.55,5,lane_closed
2026-09-13T12:49+02:00,A4,k,4.44,1,speedlimit
2026-09-13T12:49+02:00,A15,m,58.65,2,speedlimit
2026-09-13T12:49+02:00,A15,R,59.95,3,lane_closed
2026-09-13T12:49+02:00,A4,L,5.225,1,speedlimit
2026-09-13T12:49+02:00,A20,L,32.8,3,speedlimit
2026-09-13T12:49+02:00,A29,L,101.1,1,speedlimit
2026-09-13T12:49+02:00,A15,R,61.63,6,lane_closed
2026-09-13T12:49+02:00,A15,R,58.46,1,speedlimit
2026-09-13T12:49+02:00,A4,L,36.23,4,speedlimit
2026-09-13T12:49+02:00,A20,R,30.196,1,speedlimit
2026-09-13T12:49+02:00,A20,L,29.826,4,speedlimit
2026-09-13T12:49+02:00,A4,L,1.555,3,speedlimit
2026-09-13T12:49+02:00,A20,s,29.6,1,speedlimit
2026-09-13T12:49+02:00,A20,L,28.57,2,speedlimit
2026-09-13T12:49+02:00,A20,R,30.6,2,speedlimit
2026-09-13T12:49+02:00,A15,R,59.57,1,speedlimit
2026-09-13T12:49+02:00,A4,L,1.156,4,speedlimit
2026-09-13T12:49+02:00,A4,s,8.6,1,speedlimit
2026-09-13T12:49+02:00,A29,s,9.91,2,lane_closed
2026-09-13T12:49+02:00,A15,L,65.25,3,speedlimit
2026-09-13T12:49+02:00,A4,m,7.4,2,speedlimit
2026-09-13T12:49+02:00,A13,L,17.1,2,speedlimit
2026-09-13T12:49+02:00,A16,g,67.5,1,speedlimit
2026-09-13T12:49+02:00,A20,L,28.57,3,speedlimit
2026-09-13T12:49+02:00,A15,R,59.57,3,lane_closed
2026-09-13T12:49+02:00,A15,L,64.67,3,speedlimit
2026-09-13T12:49+02:00,A20,R,26.4,4,speedlimit
2026-09-13T12:49+02:00,A20,R,30.196,2,speedlimit
2026-09-13T12:49+02:00,A15,g,39.42,2,lane_closed
2026-09-13T12:49+02:00,A13,R,17.8,3,speedlimit
2026-09-13T12:49+02:00,A15,n,95.855,2,speedlimit
2026-09-13T13:48+02:00,A13,R,6.725,4,speedlimit
2026-09-13T13:48+02:00,A29,L,101.1,2,speedlimit
2026-09-13T13:48+02:00,A13,L,16.7,1,speedlimit
2026-09-13T13:48+02:00,A13,R,5.481,2,speedlimit
2026-09-13T13:48+02:00,A15,g,59.55,2,speedlimit
2026-09-13T13:48+02:00,A4,L,3.062,4,speedlimit
2026-09-13T13:48+02:00,A15,R,59.2,2,speedlimit
2026-09-13T13:48+02:00,A13,R,5.91,1,speedlimit
2026-09-13T13:48+02:00,A29,L,100.8,1,speedlimit
2026-09-13T13:48+02:00,A20,L,30.196,2,speedlimit
2026-09-13T13:48+02:00,A13,R,16.655,1,speedlimit
2026-09-13T13:48+02:00,A13,R,17.1,2,speedlimit
2026-09-13T13:48+02:00,A15,R,61.63,4,lane_closed
2026-09-13T13:48+02:00,A4,g,45.69,1,speedlimit
2026-09-13T13:48+02:00,A4,L,5.93,1,speedlimit
2026-09-13T13:48+02:00,A4,j,4.65,2,lane_closed
2026-09-13T13:48+02:00,A15,R,61.33,5,lane_closed
2026-09-13T13:48+02:00,A13,R,8.1,2,speedlimit
2026-09-13T13:48+02:00,A29,v,10.39,1,lane_closed
2026-09-13T13:48+02:00,A13,R,8.1,3,lane_closed
2026-09-13T13:48+02:00,A15,R,58.05,4,speedlimit
2026-09-13T13:48+02:00,A29,L,11.06,4,speedlimit
2026-09-13T13:48+02:00,A29,L,11.06,2,speedlimit
2026-09-13T13:48+02:00,A4,L,2.447,2,speedlimit
2026-09-13T13:48+02:00,A4,R,54.487,2,speedlimit
2026-09-13T13:48+02:00,A13,R,18.5,1,speedlimit
2026-09-13T13:48+02:00,A13,b,5.91,1,speedlimit
2026-09-13T13:48+02:00,A4,R,3.27,4,speedlimit
2026-09-13T13:48+02:00,A20,L,29.5,2,speedlimit
2026-09-13T13:48+02:00,A4,L,1.555,5,speedlimit
2026-09-13T13:48+02:00,A13,R,18.5,4,speedlimit
2026-09-13T13:48+02:00,A29,R,11.625,1,speedlimit
2026-09-13T13:48+02:00,A29,L,9.83,2,speedlimit
2026-09-13T13:48+02:00,A15,m,58.46,3,speedlimit
2026-09-13T13:48+02:00,A13,R,18.2,3,speedlimit
2026-09-13T13:48+02:00,A20,R,28.1,1,speedlimit
2026-09-13T13:48+02:00,A20,R,30.196,3,speedlimit
2026-09-13T13:48+02:00,A4,L,4.44,3,speedlimit
2026-09-13T13:48+02:00,A4,j,4.65,1,lane_closed
2026-09-13T13:48+02:00,A4,L,3.65,2,speedlimit
2026-09-13T13:48+02:00,A20,L,36.94,1,lane_closed
2026-09-13T13:48+02:00,A15,R,58.05,1,speedlimit
2026-09-13T13:48+02:00,A15,R,58.46,2,speedlimit
2026-09-13T13:48+02:00,A15,n,95.855,3,speedlimit
2026-09-13T13:48+02:00,A13,R,17.8,2,speedlimit
2026-09-13T13:48+02:00,A15,R,61.05,6,lane_closed
2026-09-13T13:48+02:00,A4,R,53.944,2,speedlimit
2026-09-13T13:48+02:00,A4,L,5.225,6,lane_closed
2026-09-13T13:48+02:00,A20,s,29.6,2,speedlimit
2026-09-13T13:48+02:00,A16,L,14.17,2,speedlimit
2026-09-13T13:48+02:00,A15,L,65.25,2,speedlimit
2026-09-13T13:48+02:00,A15,L,65.685,3,speedlimit
2026-09-13T13:48+02:00,A15,R,58.05,2,speedlimit
2026-09-13T13:48+02:00,A20,R,26.93,4,speedlimit
2026-09-13T13:48+02:00,A20,R,28.57,3,speedlimit
2026-09-13T13:48+02:00,A15,R,61.05,1,speedlimit
2026-09-13T13:48+02:00,A29,v,10.8,1,lane_closed
2026-09-13T13:48+02:00,A4,R,3.01,4,speedlimit
2026-09-13T13:48+02:00,A4,L,2.447,4,speedlimit
2026-09-13T13:48+02:00,A29,s,9.64,2,lane_closed
2026-09-13T13:48+02:00,A13,R,8.6,3,lane_closed
2026-09-13T13:48+02:00,A13,L,18.8,2,speedlimit
2026-09-13T13:48+02:00,A15,R,60.49,4,lane_closed
2026-09-13T13:48+02:00,A15,R,62.454,3,lane_closed
2026-09-13T13:48+02:00,A20,R,27.235,1,speedlimit
2026-09-13T13:48+02:00,A20,L,28.41,2,speedlimit
2026-09-13T13:48+02:00,A13,R,8.6,1,speedlimit
2026-09-13T13:48+02:00,A15,m,62.454,2,speedlimit
2026-09-13T13:48+02:00,A4,h,45.58,1,speedlimit
2026-09-13T13:48+02:00,A4,L,3.65,4,speedlimit
2026-09-13T13:48+02:00,A20,R,27.79,2,speedlimit
2026-09-13T13:48+02:00,A13,R,18.5,3,speedlimit
2026-09-13T13:48+02:00,A20,R,28.57,4,speedlimit
2026-09-13T13:48+02:00,A20,R,31.26,4,speedlimit
2026-09-13T13:48+02:00,A20,L,29.826,2,speedlimit
2026-09-13T13:48+02:00,A20,L,35.925,1,lane_closed
2026-09-13T13:48+02:00,A20,L,28.57,1,speedlimit
2026-09-13T13:48+02:00,A20,R,29.5,4,speedlimit
2026-09-13T13:48+02:00,A13,R,6.4,2,speedlimit
2026-09-13T13:48+02:00,A15,m,60.07,1,lane_closed
2026-09-13T13:48+02:00,A20,R,28.1,2,speedlimit
2026-09-13T13:48+02:00,A20,R,26.64,1,speedlimit
2026-09-13T13:48+02:00,A15,R,61.05,4,lane_closed
2026-09-13T13:48+02:00,A15,L,64.2,2,speedlimit
2026-09-13T13:48+02:00,A15,R,60.49,3,lane_closed
2026-09-13T13:48+02:00,A29,R,9.83,1,lane_closed
2026-09-13T13:48+02:00,A20,L,32.8,2,speedlimit
2026-09-13T13:48+02:00,A29,R,9.5,3,speedlimit
2026-09-13T13:48+02:00,A15,L,65.25,4,speedlimit
2026-09-13T13:48+02:00,A15,R,59.2,1,speedlimit
2026-09-13T13:48+02:00,A13,L,17.1,3,speedlimit
2026-09-13T13:48+02:00,A29,L,10.63,1,speedlimit
2026-09-13T13:48+02:00,A20,L,36.625,1,lane_closed
2026-09-13T13:48+02:00,A15,R,62.454,2,speedlimit
2026-09-13T13:48+02:00,A29,L,11.525,1,speedlimit
2026-09-13T13:48+02:00,A29,R,99.38,2,speedlimit
2026-09-13T13:48+02:00,A4,L,5.549,6,lane_closed_ahead
2026-09-13T13:48+02:00,A29,s,9.64,1,lane_closed
2026-09-13T13:48+02:00,A20,L,27.488,1,speedlimit
2026-09-13T13:48+02:00,A20,L,27.2,1,speedlimit
2026-09-13T13:48+02:00,A29,L,100.8,2,speedlimit
2026-09-13T13:48+02:00,A4,h,46.06,2,speedlimit
2026-09-13T13:48+02:00,A15,R,59.57,2,speedlimit
2026-09-13T13:48+02:00,A20,L,27.8,2,speedlimit
2026-09-13T13:48+02:00,A4,k,4.44,3,lane_closed
2026-09-13T13:48+02:00,A15,R,58.05,5,speedlimit
2026-09-13T13:48+02:00,A13,L,18.2,3,speedlimit
2026-09-13T13:48+02:00,A4,m,3.83,3,lane_closed
2026-09-13T13:48+02:00,A29,L,10.63,2,speedlimit
2026-09-13T13:48+02:00,A20,L,31.88,1,speedlimit
2026-09-13T13:48+02:00,A29,L,11.06,1,speedlimit
2026-09-13T13:48+02:00,A4,m,3.83,4,lane_closed
2026-09-13T13:48+02:00,A13,L,16.7,2,speedlimit
2026-09-13T13:48+02:00,A20,L,30.9,2,speedlimit
2026-09-13T13:48+02:00,A29,R,99.1,2,speedlimit
2026-09-13T13:48+02:00,A20,L,28.085,1,speedlimit
2026-09-13T13:48+02:00,A13,R,6.4,1,speedlimit
2026-09-13T13:48+02:00,A20,s,35.6,1,speedlimit
2026-09-13T13:48+02:00,A15,R,58.05,3,speedlimit
2026-09-13T13:48+02:00,A29,R,98.33,2,speedlimit
2026-09-13T13:48+02:00,A15,R,61.33,3,lane_closed
2026-09-13T13:48+02:00,A4,R,54.487,3,speedlimit
2026-09-13T13:48+02:00,A20,R,30.6,1,speedlimit
2026-09-13T13:48+02:00,A13,R,17.1,3,speedlimit
2026-09-13T13:48+02:00,A29,L,10.39,1,speedlimit
2026-09-13T13:48+02:00,A20,R,26.93,3,speedlimit
2026-09-13T13:48+02:00,A15,R,62.062,2,speedlimit
2026-09-13T13:48+02:00,A20,L,31.4,1,speedlimit
2026-09-13T13:48+02:00,A29,s,10.4,1,lane_closed
2026-09-13T13:48+02:00,A29,R,11.625,3,speedlimit
2026-09-13T13:48+02:00,A15,R,61.05,3,lane_closed
2026-09-13T13:48+02:00,A4,L,5.225,3,speedlimit
2026-09-13T13:48+02:00,A15,m,59.11,2,speedlimit
2026-09-13T13:48+02:00,A20,L,31.1,2,speedlimit
2026-09-13T13:48+02:00,A29,R,11.95,2,speedlimit
2026-09-13T13:48+02:00,A13,g,18.7,2,speedlimit
2026-09-13T13:48+02:00,A13,R,6.725,2,speedlimit
2026-09-13T13:48+02:00,A15,L,65.685,2,speedlimit
2026-09-13T13:48+02:00,A15,m,61.995,3,lane_closed
2026-09-13T13:48+02:00,A20,L,31.4,2,speedlimit
2026-09-13T13:48+02:00,A4,L,1.555,2,speedlimit
2026-09-13T13:48+02:00,A4,f,3.96,1,lane_closed
2026-09-13T13:48+02:00,A29,R,11.95,4,speedlimit
2026-09-13T13:48+02:00,A15,R,61.63,1,speedlimit
2026-09-13T13:48+02:00,A16,L,14.32,1,speedlimit
2026-09-13T13:48+02:00,A29,R,99.1,1,speedlimit
2026-09-13T13:48+02:00,A29,R,9.5,1,lane_closed_ahead
2026-09-13T13:48+02:00,A15,R,61.33,4,lane_closed
2026-09-13T13:48+02:00,A13,L,15.9,3,lane_closed
2026-09-13T13:48+02:00,A29,R,98.69,1,speedlimit
2026-09-13T13:48+02:00,A4,L,3.062,3,speedlimit
2026-09-13T13:48+02:00,A4,R,3.27,1,speedlimit
2026-09-13T13:48+02:00,A13,R,16.2,1,speedlimit
2026-09-13T13:48+02:00,A29,s,10.4,2,lane_closed
2026-09-13T13:48+02:00,A13,R,18.5,2,speedlimit
2026-09-13T13:48+02:00,A20,L,30.196,1,speedlimit
2026-09-13T13:48+02:00,A4,L,2.792,1,speedlimit
2026-09-13T13:48+02:00,A20,R,27.79,1,speedlimit
2026-09-13T13:48+02:00,A4,L,2.447,1,speedlimit
2026-09-13T13:48+02:00,A15,R,61.33,1,speedlimit
2026-09-13T13:48+02:00,A20,L,29.826,1,speedlimit
2026-09-13T13:48+02:00,A15,f,59.49,1,speedlimit
2026-09-13T13:48+02:00,A15,m,62.454,1,speedlimit
2026-09-13T13:48+02:00,A15,m,61.995,1,lane_closed
2026-09-13T13:48+02:00,A20,R,28.41,2,speedlimit
2026-09-13T13:48+02:00,A16,L,14.17,1,speedlimit
2026-09-13T13:48+02:00,A4,L,5.549,1,speedlimit
2026-09-13T13:48+02:00,A15,R,62.062,1,speedlimit
2026-09-13T13:48+02:00,A20,R,29.1,1,speedlimit
2026-09-13T13:48+02:00,A13,R,17.8,1,speedlimit
2026-09-13T13:48+02:00,A29,L,11.06,3,speedlimit
2026-09-13T13:48+02:00,A20,R,28.41,1,speedlimit
2026-09-13T13:48+02:00,A20,R,31.9,2,speedlimit
2026-09-13T13:48+02:00,A29,R,11.625,2,speedlimit
2026-09-13T13:48+02:00,A29,R,11.625,4,speedlimit
2026-09-13T13:48+02:00,A15,R,61.63,5,lane_closed
2026-09-13T13:48+02:00,A29,L,11.525,3,speedlimit
2026-09-13T13:48+02:00,A4,g,45.69,2,speedlimit
2026-09-13T13:48+02:00,A4,R,3.27,2,speedlimit
2026-09-13T13:48+02:00,A4,L,3.062,5,speedlimit
2026-09-13T13:48+02:00,A20,L,31.1,3,speedlimit
2026-09-13T13:48+02:00,A15,R,61.33,6,lane_closed
2026-09-13T13:48+02:00,A29,R,9.5,2,speedlimit
2026-09-13T13:48+02:00,A29,R,9.83,3,speedlimit
2026-09-13T13:48+02:00,A15,R,62.454,5,lane_closed
2026-09-13T13:48+02:00,A15,R,60.49,2,speedlimit
2026-09-13T13:48+02:00,A20,R,27.488,2,speedlimit
2026-09-13T13:48+02:00,A4,R,53.944,1,speedlimit
2026-09-13T13:48+02:00,A20,t,28.895,1,speedlimit
2026-09-13T13:48+02:00,A20,L,32.8,1,speedlimit
2026-09-13T13:48+02:00,A29,L,9.83,1,speedlimit
2026-09-13T13:48+02:00,A20,R,28.8,2,speedlimit
2026-09-13T13:48+02:00,A13,R,5.91,3,speedlimit
2026-09-13T13:48+02:00,A20,L,31.1,1,speedlimit
2026-09-13T13:48+02:00,A13,L,16.19,3,lane_closed
2026-09-13T13:48+02:00,A13,L,15.035,5,lane_closed
2026-09-13T13:48+02:00,A4,m,3.83,2,speedlimit
2026-09-13T13:48+02:00,A4,R,53.111,2,speedlimit
2026-09-13T13:48+02:00,A20,L,27.8,1,speedlimit
2026-09-13T13:48+02:00,A16,L,14.32,2,speedlimit
2026-09-13T13:48+02:00,A13,R,8.1,1,speedlimit
2026-09-13T13:48+02:00,A4,R,54.487,1,speedlimit
2026-09-13T13:48+02:00,A20,R,29.1,2,speedlimit
2026-09-13T13:48+02:00,A13,g,18.7,1,speedlimit
2026-09-13T13:48+02:00,A20,R,28.57,2,speedlimit
2026-09-13T13:48+02:00,A20,R,26.64,2,speedlimit
2026-09-13T13:48+02:00,A15,L,64.2,3,speedlimit
2026-09-13T13:48+02:00,A20,L,29.1,1,speedlimit
2026-09-13T13:48+02:00,A13,L,18.2,1,speedlimit
2026-09-13T13:48+02:00,A15,L,64.67,2,speedlimit
2026-09-13T13:48+02:00,A13,L,12.7,4,lane_closed
2026-09-13T13:48+02:00,A20,L,31.88,2,speedlimit
2026-09-13T13:48+02:00,A13,R,6.725,3,speedlimit
2026-09-13T13:48+02:00,A29,R,99.38,1,speedlimit
2026-09-13T13:48+02:00,A15,R,62.454,4,lane_closed
2026-09-13T13:48+02:00,A20,L,28.085,2,speedlimit
2026-09-13T13:48+02:00,A29,L,100.5,2,speedlimit
2026-09-13T13:48+02:00,A15,R,62.062,3,lane_closed
2026-09-13T13:48+02:00,A16,L,15.16,2,speedlimit
2026-09-13T13:48+02:00,A20,R,30.6,3,speedlimit
2026-09-13T13:48+02:00,A15,m,58.65,3,speedlimit
2026-09-13T13:48+02:00,A20,L,35.52,1,lane_closed
2026-09-13T13:48+02:00,A15,R,62.062,4,lane_closed
2026-09-13T13:48+02:00,A29,s,9.91,1,lane_closed
2026-09-13T13:48+02:00,A20,R,29.8,2,speedlimit
2026-09-13T13:48+02:00,A15,L,64.2,1,lane_closed
2026-09-13T13:48+02:00,A20,R,27.235,2,speedlimit
2026-09-13T13:48+02:00,A29,R,11.3,3,speedlimit
2026-09-13T13:48+02:00,A20,L,37.3,1,lane_closed
2026-09-13T13:48+02:00,A4,L,2.792,2,speedlimit
2026-09-13T13:48+02:00,A15,R,59.95,1,speedlimit
2026-09-13T13:48+02:00,A13,R,18.2,1,speedlimit
2026-09-13T13:48+02:00,A4,k,4.44,2,lane_closed
2026-09-13T13:48+02:00,A13,R,8.6,2,speedlimit
2026-09-13T13:48+02:00,A4,L,4.44,2,speedlimit
2026-09-13T13:48+02:00,A15,L,65.25,1,lane_closed_ahead
2026-09-13T13:48+02:00,A13,R,6.4,3,speedlimit
2026-09-13T13:48+02:00,A29,L,10.78,1,speedlimit
2026-09-13T13:48+02:00,A15,e,95.55,1,speedlimit
2026-09-13T13:48+02:00,A13,e,19.1,1,speedlimit
2026-09-13T13:48+02:00,A29,L,10.63,4,lane_closed
2026-09-13T13:48+02:00,A4,L,3.65,1,speedlimit
2026-09-13T13:48+02:00,A16,L,14.46,1,speedlimit
2026-09-13T13:48+02:00,A29,R,9.83,2,speedlimit
2026-09-13T13:48+02:00,A4,L,2.792,4,speedlimit
2026-09-13T13:48+02:00,A15,R,60.49,1,speedlimit
2026-09-13T13:48+02:00,A13,L,17.8,3,speedlimit
2026-09-13T13:48+02:00,A4,R,3.01,5,speedlimit
2026-09-13T13:48+02:00,A4,L,5.93,3,speedlimit
2026-09-13T13:48+02:00,A29,R,99.905,2,speedlimit
2026-09-13T13:48+02:00,A20,R,31.26,1,speedlimit
2026-09-13T13:48+02:00,A4,L,5.93,5,speedlimit
2026-09-13T13:48+02:00,A15,R,61.05,5,lane_closed
2026-09-13T13:48+02:00,A15,R,59.2,4,lane_closed_ahead
2026-09-13T13:48+02:00,A15,R,61.33,2,speedlimit
2026-09-13T13:48+02:00,A4,L,2.792,3,speedlimit
2026-09-13T13:48+02:00,A20,L,29.826,3,speedlimit
2026-09-13T13:48+02:00,A15,m,61.995,2,lane_closed
2026-09-13T13:48+02:00,A13,R,5.91,2,speedlimit
2026-09-13T13:48+02:00,A4,h,45.58,3,lane_closed
2026-09-13T13:48+02:00,A20,L,29.5,1,speedlimit
2026-09-13T13:48+02:00,A20,R,28.8,3,speedlimit
2026-09-13T13:48+02:00,A20,R,29.5,1,speedlimit
2026-09-13T13:48+02:00,A15,R,60.76,3,lane_closed
2026-09-13T13:48+02:00,A15,R,59.95,2,speedlimit
2026-09-13T13:48+02:00,A13,L,11.25,4,lane_closed
2026-09-13T13:48+02:00,A20,L,30.9,1,speedlimit
2026-09-13T13:48+02:00,A15,g,59.55,3,speedlimit
2026-09-13T13:48+02:00,A13,R,18.2,4,speedlimit
2026-09-13T13:48+02:00,A29,R,99.905,1,speedlimit
2026-09-13T13:48+02:00,A4,L,5.93,4,speedlimit
2026-09-13T13:48+02:00,A15,m,59.58,1,lane_closed
2026-09-13T13:48+02:00,A4,L,4.44,1,speedlimit
2026-09-13T13:48+02:00,A13,R,18.7,1,speedlimit
2026-09-13T13:48+02:00,A15,L,64.67,5,speedlimit
2026-09-13T13:48+02:00,A15,n,95.855,1,speedlimit
2026-09-13T13:48+02:00,A15,g,60.02,1,speedlimit
2026-09-13T13:48+02:00,A4,L,5.93,6,speedlimit
2026-09-13T13:48+02:00,A20,c,27.488,1,speedlimit
2026-09-13T13:48+02:00,A20,R,31.9,3,speedlimit
2026-09-13T13:48+02:00,A13,R,16.655,3,speedlimit
2026-09-13T13:48+02:00,A20,L,29.1,2,speedlimit
2026-09-13T13:48+02:00,A15,L,63.56,1,lane_closed
2026-09-13T13:48+02:00,A20,R,29.8,3,speedlimit
2026-09-13T13:48+02:00,A13,L,18.2,2,speedlimit
2026-09-13T13:48+02:00,A20,R,26.4,3,speedlimit
2026-09-13T13:48+02:00,A29,L,100.5,1,speedlimit
2026-09-13T13:48+02:00,A15,R,60.76,4,lane_closed
2026-09-13T13:48+02:00,A15,m,58.65,1,lane_closed
2026-09-13T13:48+02:00,A29,R,98.69,2,speedlimit
2026-09-13T13:48+02:00,A29,L,11.525,2,speedlimit
2026-09-13T13:48+02:00,A20,R,26.93,1,speedlimit
2026-09-13T13:48+02:00,A15,R,61.63,2,speedlimit
2026-09-13T13:48+02:00,A15,R,58.46,3,speedlimit
2026-09-13T13:48+02:00,A15,R,60.76,1,speedlimit
2026-09-13T13:48+02:00,A4,L,5.549,3,speedlimit
2026-09-13T13:48+02:00,A20,R,26.4,2,speedlimit
2026-09-13T13:48+02:00,A29,R,11.95,3,speedlimit
2026-09-13T13:48+02:00,A15,L,63.56,3,speedlimit
2026-09-13T13:48+02:00,A20,L,27.488,2,speedlimit
2026-09-13T13:48+02:00,A20,L,30.196,3,speedlimit
2026-09-13T13:48+02:00,A4,h,46.06,1,speedlimit
2026-09-13T13:48+02:00,A4,R,3.01,2,speedlimit
2026-09-13T13:48+02:00,A4,L,5.549,4,speedlimit
2026-09-13T13:48+02:00,A15,m,61.995,4,lane_closed
2026-09-13T13:48+02:00,A20,L,28.41,1,speedlimit
2026-09-13T13:48+02:00,A13,R,5.481,1,speedlimit
2026-09-13T13:48+02:00,A13,L,13.18,4,lane_closed
2026-09-13T13:48+02:00,A4,L,1.555,1,speedlimit
2026-09-13T13:48+02:00,A13,R,6.725,1,speedlimit
2026-09-13T13:48+02:00,A13,L,17.8,2,speedlimit
2026-09-13T13:48+02:00,A4,L,2.792,5,speedlimit
2026-09-13T13:48+02:00,A4,L,5.93,2,speedlimit
2026-09-13T13:48+02:00,A20,R,28.57,1,speedlimit
2026-09-13T13:48+02:00,A4,L,5.549,5,speedlimit
2026-09-13T13:48+02:00,A20,R,30.196,4,speedlimit
2026-09-13T13:48+02:00,A16,L,15.16,1,speedlimit
2026-09-13T13:48+02:00,A29,L,10.78,2,speedlimit
2026-09-13T13:48+02:00,A4,L,3.65,3,speedlimit
2026-09-13T13:48+02:00,A4,L,5.225,2,speedlimit
2026-09-13T13:48+02:00,A4,R,53.111,1,speedlimit
2026-09-13T13:48+02:00,A20,t,29.6,2,speedlimit
2026-09-13T13:48+02:00,A29,L,10.39,2,speedlimit
2026-09-13T13:48+02:00,A4,L,5.225,4,speedlimit
2026-09-13T13:48+02:00,A20,L,38.3,1,lane_closed_ahead
2026-09-13T13:48+02:00,A29,R,11.3,4,speedlimit
2026-09-13T13:48+02:00,A15,L,64.67,4,speedlimit
2026-09-13T13:48+02:00,A15,L,65.685,1,speedlimit
2026-09-13T13:48+02:00,A15,L,64.67,1,lane_closed
2026-09-13T13:48+02:00,A29,R,98.33,1,speedlimit
2026-09-13T13:48+02:00,A20,R,26.93,2,speedlimit
2026-09-13T13:48+02:00,A4,R,3.27,3,speedlimit
2026-09-13T13:48+02:00,A20,L,30.9,3,speedlimit
2026-09-13T13:48+02:00,A13,L,18.8,3,speedlimit
2026-09-13T13:48+02:00,A20,L,37.8,1,lane_closed
2026-09-13T13:48+02:00,A20,R,28.8,1,speedlimit
2026-09-13T13:48+02:00,A15,R,61.05,2,speedlimit
2026-09-13T13:48+02:00,A13,L,18.8,1,speedlimit
2026-09-13T13:48+02:00,A4,h,46.4,2,speedlimit
2026-09-13T13:48+02:00,A13,R,16.2,2,speedlimit
2026-09-13T13:48+02:00,A4,L,2.447,3,speedlimit
2026-09-13T13:48+02:00,A4,L,3.062,1,speedlimit
2026-09-13T13:48+02:00,A29,R,11.95,1,speedlimit
2026-09-13T13:48+02:00,A4,m,3.83,1,speedlimit
2026-09-13T13:48+02:00,A16,L,14.768,1,speedlimit
2026-09-13T13:48+02:00,A4,L,5.549,2,speedlimit
2026-09-13T13:48+02:00,A20,L,31.4,3,speedlimit
2026-09-13T13:48+02:00,A4,L,1.555,4,speedlimit
2026-09-13T13:48+02:00,A16,L,14.768,3,speedlimit
2026-09-13T13:48+02:00,A20,L,30.196,4,speedlimit
2026-09-13T13:48+02:00,A4,L,5.225,5,speedlimit
2026-09-13T13:48+02:00,A4,f,3.96,2,lane_closed
2026-09-13T13:48+02:00,A13,R,18.2,2,speedlimit
2026-09-13T13:48+02:00,A4,R,3.01,1,speedlimit
2026-09-13T13:48+02:00,A13,L,17.8,1,speedlimit
2026-09-13T13:48+02:00,A13,R,7.2,3,lane_closed_ahead
2026-09-13T13:48+02:00,A20,R,29.8,1,speedlimit
2026-09-13T13:48+02:00,A4,L,3.062,2,speedlimit
2026-09-13T13:48+02:00,A20,R,31.26,2,speedlimit
2026-09-13T13:48+02:00,A15,m,58.46,1,lane_closed_ahead
2026-09-13T13:48+02:00,A4,R,3.27,5,speedlimit
2026-09-13T13:48+02:00,A15,m,59.11,3,speedlimit
2026-09-13T13:48+02:00,A16,L,14.768,2,speedlimit
2026-09-13T13:48+02:00,A4,R,3.01,3,speedlimit
2026-09-13T13:48+02:00,A20,R,31.26,3,speedlimit
2026-09-13T13:48+02:00,A20,R,26.64,3,speedlimit
2026-09-13T13:48+02:00,A20,R,26.64,4,speedlimit
2026-09-13T13:48+02:00,A20,R,26.4,1,speedlimit
2026-09-13T13:48+02:00,A13,R,17.1,1,speedlimit
2026-09-13T13:48+02:00,A29,L,101.1,3,speedlimit
2026-09-13T13:48+02:00,A15,R,59.2,3,speedlimit
2026-09-13T13:48+02:00,A20,R,29.5,3,speedlimit
2026-09-13T13:48+02:00,A15,R,58.46,4,speedlimit
2026-09-13T13:48+02:00,A29,L,10.63,3,lane_closed
2026-09-13T13:48+02:00,A13,L,13.7,4,lane_closed
2026-09-13T13:48+02:00,A15,L,63.56,2,speedlimit
2026-09-13T13:48+02:00,A13,L,14.2,4,lane_closed
2026-09-13T13:48+02:00,A15,R,60.76,2,speedlimit
2026-09-13T13:48+02:00,A4,h,46.4,1,speedlimit
2026-09-13T13:48+02:00,A13,R,7.2,1,speedlimit
2026-09-13T13:48+02:00,A29,L,11.525,4,speedlimit
2026-09-13T13:48+02:00,A20,t,29.6,1,speedlimit
2026-09-13T13:48+02:00,A15,L,65.685,4,speedlimit
2026-09-13T13:48+02:00,A20,R,29.8,4,speedlimit
2026-09-13T13:48+02:00,A15,g,59.55,1,speedlimit
2026-09-13T13:48+02:00,A13,R,18.7,2,speedlimit
2026-09-13T13:48+02:00,A13,R,9.1,2,speedlimit
2026-09-13T13:48+02:00,A20,R,27.488,1,speedlimit
2026-09-13T13:48+02:00,A15,R,62.454,1,speedlimit
2026-09-13T13:48+02:00,A15,m,59.11,1,lane_closed
2026-09-13T13:48+02:00,A16,L,14.46,2,speedlimit
2026-09-13T13:48+02:00,A20,R,29.5,2,speedlimit
2026-09-13T13:48+02:00,A20,L,27.2,2,speedlimit
2026-09-13T13:48+02:00,A13,R,18.963,1,speedlimit
2026-09-13T13:48+02:00,A29,R,11.3,1,speedlimit
2026-09-13T13:48+02:00,A13,L,17.1,1,speedlimit
2026-09-13T13:48+02:00,A15,R,61.63,3,lane_closed
2026-09-13T13:48+02:00,A20,L,31.88,3,speedlimit
2026-09-13T13:48+02:00,A13,L,17.1,4,speedlimit
2026-09-13T13:48+02:00,A13,R,16.655,2,speedlimit
2026-09-13T13:48+02:00,A13,L,15.55,5,lane_closed
2026-09-13T13:48+02:00,A15,f,59.84,1,speedlimit
2026-09-13T13:48+02:00,A4,h,45.58,2,speedlimit
2026-09-13T13:48+02:00,A4,k,4.44,1,speedlimit
2026-09-13T13:48+02:00,A15,m,58.65,2,speedlimit
2026-09-13T13:48+02:00,A13,R,6.4,4,speedlimit
2026-09-13T13:48+02:00,A15,R,59.95,3,lane_closed
2026-09-13T13:48+02:00,A4,L,5.225,1,speedlimit
2026-09-13T13:48+02:00,A20,L,32.8,3,speedlimit
2026-09-13T13:48+02:00,A29,L,101.1,1,speedlimit
2026-09-13T13:48+02:00,A15,R,61.63,6,lane_closed
2026-09-13T13:48+02:00,A15,R,58.46,1,speedlimit
2026-09-13T13:48+02:00,A13,R,5.481,3,speedlimit
2026-09-13T13:48+02:00,A20,R,30.196,1,speedlimit
2026-09-13T13:48+02:00,A20,L,29.826,4,speedlimit
2026-09-13T13:48+02:00,A4,L,1.555,3,speedlimit
2026-09-13T13:48+02:00,A20,s,29.6,1,speedlimit
2026-09-13T13:48+02:00,A13,R,9.1,3,lane_closed
2026-09-13T13:48+02:00,A20,L,28.57,2,speedlimit
2026-09-13T13:48+02:00,A20,R,30.6,2,speedlimit
2026-09-13T13:48+02:00,A15,R,59.57,1,speedlimit
2026-09-13T13:48+02:00,A29,s,9.91,2,lane_closed
2026-09-13T13:48+02:00,A15,L,65.25,3,speedlimit
2026-09-13T13:48+02:00,A13,L,17.1,2,speedlimit
2026-09-13T13:48+02:00,A20,L,28.57,3,speedlimit
2026-09-13T13:48+02:00,A15,R,59.57,3,lane_closed
2026-09-13T13:48+02:00,A15,L,64.67,3,speedlimit
2026-09-13T13:48+02:00,A20,R,26.4,4,speedlimit
2026-09-13T13:48+02:00,A20,R,30.196,2,speedlimit
2026-09-13T13:48+02:00,A13,R,17.8,3,speedlimit
2026-09-13T13:48+02:00,A29,R,11.3,2,speedlimit
2026-09-13T13:48+02:00,A15,n,95.855,2,speedlimit
2026-09-13T14:49+02:00,A13,R,6.725,4,speedlimit
2026-09-13T14:49+02:00,A13,L,16.7,1,speedlimit
2026-09-13T14:49+02:00,A15,g,59.55,2,speedlimit
2026-09-13T14:49+02:00,A16,x,18.9,3,speedlimit
2026-09-13T14:49+02:00,A4,L,3.062,4,speedlimit
2026-09-13T14:49+02:00,A15,R,59.2,2,speedlimit
2026-09-13T14:49+02:00,A13,R,5.91,1,speedlimit
2026-09-13T14:49+02:00,A20,L,30.196,2,speedlimit
2026-09-13T14:49+02:00,A13,R,16.655,1,speedlimit
2026-09-13T14:49+02:00,A13,R,17.1,2,speedlimit
2026-09-13T14:49+02:00,A15,R,61.63,4,lane_closed
2026-09-13T14:49+02:00,A4,L,5.93,1,speedlimit
2026-09-13T14:49+02:00,A4,j,4.65,2,lane_closed
2026-09-13T14:49+02:00,A15,R,61.33,5,lane_closed
2026-09-13T14:49+02:00,A16,x,18.9,1,speedlimit
2026-09-13T14:49+02:00,A13,R,8.1,2,speedlimit
2026-09-13T14:49+02:00,A29,v,10.39,1,lane_closed
2026-09-13T14:49+02:00,A13,R,8.1,3,speedlimit
2026-09-13T14:49+02:00,A15,R,58.05,4,speedlimit
2026-09-13T14:49+02:00,A29,L,11.06,4,speedlimit
2026-09-13T14:49+02:00,A29,L,11.06,2,speedlimit
2026-09-13T14:49+02:00,A15,e,60.14,1,speedlimit
2026-09-13T14:49+02:00,A4,L,2.447,2,speedlimit
2026-09-13T14:49+02:00,A13,R,18.5,1,speedlimit
2026-09-13T14:49+02:00,A13,b,5.91,1,speedlimit
2026-09-13T14:49+02:00,A4,R,3.27,4,speedlimit
2026-09-13T14:49+02:00,A20,L,29.5,2,speedlimit
2026-09-13T14:49+02:00,A4,L,1.555,5,speedlimit
2026-09-13T14:49+02:00,A13,R,18.5,4,speedlimit
2026-09-13T14:49+02:00,A29,R,11.625,1,speedlimit
2026-09-13T14:49+02:00,A15,m,58.46,3,speedlimit
2026-09-13T14:49+02:00,A13,R,18.2,3,speedlimit
2026-09-13T14:49+02:00,A20,R,28.1,1,speedlimit
2026-09-13T14:49+02:00,A20,R,30.196,3,speedlimit
2026-09-13T14:49+02:00,A4,L,4.44,3,speedlimit
2026-09-13T14:49+02:00,A4,j,4.65,1,lane_closed
2026-09-13T14:49+02:00,A4,L,3.65,2,speedlimit
2026-09-13T14:49+02:00,A20,L,36.94,1,lane_closed
2026-09-13T14:49+02:00,A15,R,58.05,1,speedlimit
2026-09-13T14:49+02:00,A15,R,58.46,2,speedlimit
2026-09-13T14:49+02:00,A13,L,9.2,2,speedlimit
2026-09-13T14:49+02:00,A15,n,95.855,3,speedlimit
2026-09-13T14:49+02:00,A13,R,17.8,2,speedlimit
2026-09-13T14:49+02:00,A15,R,61.05,6,lane_closed
2026-09-13T14:49+02:00,A4,L,5.225,6,lane_closed
2026-09-13T14:49+02:00,A20,s,29.6,2,speedlimit
2026-09-13T14:49+02:00,A16,L,14.17,2,speedlimit
2026-09-13T14:49+02:00,A15,L,65.25,2,speedlimit
2026-09-13T14:49+02:00,A15,L,65.685,3,speedlimit
2026-09-13T14:49+02:00,A29,R,10.45,1,speedlimit
2026-09-13T14:49+02:00,A15,R,58.05,2,speedlimit
2026-09-13T14:49+02:00,A4,L,0.86,1,speedlimit
2026-09-13T14:49+02:00,A20,R,26.93,4,speedlimit
2026-09-13T14:49+02:00,A20,R,28.57,3,speedlimit
2026-09-13T14:49+02:00,A16,x,18.229,1,speedlimit
2026-09-13T14:49+02:00,A15,R,61.05,1,speedlimit
2026-09-13T14:49+02:00,A29,v,10.8,1,lane_closed
2026-09-13T14:49+02:00,A4,R,3.01,4,speedlimit
2026-09-13T14:49+02:00,A4,L,2.447,4,speedlimit
2026-09-13T14:49+02:00,A29,s,9.64,2,lane_closed
2026-09-13T14:49+02:00,A13,R,8.6,3,speedlimit
2026-09-13T14:49+02:00,A13,L,18.8,2,speedlimit
2026-09-13T14:49+02:00,A15,R,60.49,4,lane_closed
2026-09-13T14:49+02:00,A15,R,62.454,3,lane_closed
2026-09-13T14:49+02:00,A20,R,27.235,1,speedlimit
2026-09-13T14:49+02:00,A13,L,10.7,3,speedlimit
2026-09-13T14:49+02:00,A20,L,28.41,2,speedlimit
2026-09-13T14:49+02:00,A13,R,8.6,1,speedlimit
2026-09-13T14:49+02:00,A15,m,62.454,2,speedlimit
2026-09-13T14:49+02:00,A4,L,3.65,4,speedlimit
2026-09-13T14:49+02:00,A20,R,27.79,2,speedlimit
2026-09-13T14:49+02:00,A13,R,18.5,3,speedlimit
2026-09-13T14:49+02:00,A20,R,28.57,4,speedlimit
2026-09-13T14:49+02:00,A20,R,31.26,4,speedlimit
2026-09-13T14:49+02:00,A20,L,29.826,2,speedlimit
2026-09-13T14:49+02:00,A20,L,35.925,1,lane_closed
2026-09-13T14:49+02:00,A20,L,28.57,1,speedlimit
2026-09-13T14:49+02:00,A15,h,59.91,1,speedlimit
2026-09-13T14:49+02:00,A15,h,59.91,2,speedlimit
2026-09-13T14:49+02:00,A20,R,29.5,4,speedlimit
2026-09-13T14:49+02:00,A13,R,6.4,2,speedlimit
2026-09-13T14:49+02:00,A15,m,60.07,1,lane_closed
2026-09-13T14:49+02:00,A13,L,11.25,1,speedlimit
2026-09-13T14:49+02:00,A20,R,28.1,2,speedlimit
2026-09-13T14:49+02:00,A20,R,26.64,1,speedlimit
2026-09-13T14:49+02:00,A15,R,61.05,4,lane_closed
2026-09-13T14:49+02:00,A15,L,64.2,2,speedlimit
2026-09-13T14:49+02:00,A15,R,60.49,3,lane_closed
2026-09-13T14:49+02:00,A13,L,9.2,1,speedlimit
2026-09-13T14:49+02:00,A29,R,9.83,1,lane_closed
2026-09-13T14:49+02:00,A20,L,32.8,2,speedlimit
2026-09-13T14:49+02:00,A4,L,0.86,3,speedlimit
2026-09-13T14:49+02:00,A29,R,9.5,3,speedlimit
2026-09-13T14:49+02:00,A15,L,65.25,4,speedlimit
2026-09-13T14:49+02:00,A15,R,59.2,1,speedlimit
2026-09-13T14:49+02:00,A13,L,17.1,3,speedlimit
2026-09-13T14:49+02:00,A29,L,10.63,1,speedlimit
2026-09-13T14:49+02:00,A16,f,67.9,1,speedlimit
2026-09-13T14:49+02:00,A20,L,36.625,1,lane_closed
2026-09-13T14:49+02:00,A15,R,62.454,2,speedlimit
2026-09-13T14:49+02:00,A29,L,11.525,1,speedlimit
2026-09-13T14:49+02:00,A4,L,5.549,6,lane_closed_ahead
2026-09-13T14:49+02:00,A29,s,9.64,1,lane_closed
2026-09-13T14:49+02:00,A20,L,27.488,1,speedlimit
2026-09-13T14:49+02:00,A20,L,27.2,1,speedlimit
2026-09-13T14:49+02:00,A4,h,46.06,2,speedlimit
2026-09-13T14:49+02:00,A15,R,59.57,2,speedlimit
2026-09-13T14:49+02:00,A20,L,27.8,2,speedlimit
2026-09-13T14:49+02:00,A4,k,4.44,3,lane_closed
2026-09-13T14:49+02:00,A15,R,58.05,5,speedlimit
2026-09-13T14:49+02:00,A13,L,18.2,3,speedlimit
2026-09-13T14:49+02:00,A4,m,3.83,3,lane_closed
2026-09-13T14:49+02:00,A4,L,1.156,2,speedlimit
2026-09-13T14:49+02:00,A29,L,10.63,2,speedlimit
2026-09-13T14:49+02:00,A20,L,31.88,1,speedlimit
2026-09-13T14:49+02:00,A29,L,11.06,1,speedlimit
2026-09-13T14:49+02:00,A4,m,3.83,4,lane_closed
2026-09-13T14:49+02:00,A13,L,16.7,2,speedlimit
2026-09-13T14:49+02:00,A20,L,30.9,2,speedlimit
2026-09-13T14:49+02:00,A20,L,28.085,1,speedlimit
2026-09-13T14:49+02:00,A16,x,18.229,2,speedlimit
2026-09-13T14:49+02:00,A13,R,6.4,1,speedlimit
2026-09-13T14:49+02:00,A20,s,35.6,1,speedlimit
2026-09-13T14:49+02:00,A15,R,58.05,3,speedlimit
2026-09-13T14:49+02:00,A15,R,61.33,3,lane_closed
2026-09-13T14:49+02:00,A20,R,30.6,1,speedlimit
2026-09-13T14:49+02:00,A13,R,17.1,3,speedlimit
2026-09-13T14:49+02:00,A13,L,9.9,1,speedlimit
2026-09-13T14:49+02:00,A20,R,26.93,3,speedlimit
2026-09-13T14:49+02:00,A15,R,62.062,2,speedlimit
2026-09-13T14:49+02:00,A20,L,31.4,1,speedlimit
2026-09-13T14:49+02:00,A29,s,10.4,1,lane_closed
2026-09-13T14:49+02:00,A29,R,11.625,3,speedlimit
2026-09-13T14:49+02:00,A15,R,61.05,3,lane_closed
2026-09-13T14:49+02:00,A4,L,5.225,3,speedlimit
2026-09-13T14:49+02:00,A15,m,59.11,2,speedlimit
2026-09-13T14:49+02:00,A20,L,31.1,2,speedlimit
2026-09-13T14:49+02:00,A29,R,11.95,2,speedlimit
2026-09-13T14:49+02:00,A13,g,18.7,2,speedlimit
2026-09-13T14:49+02:00,A13,R,6.725,2,speedlimit
2026-09-13T14:49+02:00,A15,L,65.685,2,speedlimit
2026-09-13T14:49+02:00,A15,m,61.995,3,lane_closed
2026-09-13T14:49+02:00,A20,L,31.4,2,speedlimit
2026-09-13T14:49+02:00,A4,L,1.555,2,speedlimit
2026-09-13T14:49+02:00,A4,f,3.96,1,lane_closed
2026-09-13T14:49+02:00,A15,h,59.61,2,speedlimit
2026-09-13T14:49+02:00,A29,R,11.95,4,speedlimit
2026-09-13T14:49+02:00,A13,L,9.9,3,speedlimit
2026-09-13T14:49+02:00,A15,R,61.63,1,speedlimit
2026-09-13T14:49+02:00,A16,L,14.32,1,speedlimit
2026-09-13T14:49+02:00,A29,R,9.5,1,lane_closed_ahead
2026-09-13T14:49+02:00,A15,R,61.33,4,lane_closed
2026-09-13T14:49+02:00,A13,L,15.9,3,lane_closed
2026-09-13T14:49+02:00,A4,L,3.062,3,speedlimit
2026-09-13T14:49+02:00,A4,R,3.27,1,speedlimit
2026-09-13T14:49+02:00,A13,R,16.2,1,speedlimit
2026-09-13T14:49+02:00,A29,s,10.4,2,lane_closed
2026-09-13T14:49+02:00,A13,R,18.5,2,speedlimit
2026-09-13T14:49+02:00,A20,L,30.196,1,speedlimit
2026-09-13T14:49+02:00,A4,L,2.792,1,speedlimit
2026-09-13T14:49+02:00,A20,R,27.79,1,speedlimit
2026-09-13T14:49+02:00,A4,L,2.447,1,speedlimit
2026-09-13T14:49+02:00,A15,R,61.33,1,speedlimit
2026-09-13T14:49+02:00,A20,L,29.826,1,speedlimit
2026-09-13T14:49+02:00,A15,m,62.454,1,speedlimit
2026-09-13T14:49+02:00,A15,m,61.995,1,lane_closed
2026-09-13T14:49+02:00,A13,L,11.25,2,speedlimit
2026-09-13T14:49+02:00,A20,R,28.41,2,speedlimit
2026-09-13T14:49+02:00,A16,L,14.17,1,speedlimit
2026-09-13T14:49+02:00,A4,L,5.549,1,speedlimit
2026-09-13T14:49+02:00,A15,R,62.062,1,speedlimit
2026-09-13T14:49+02:00,A20,R,29.1,1,speedlimit
2026-09-13T14:49+02:00,A4,L,0.86,2,speedlimit
2026-09-13T14:49+02:00,A13,R,17.8,1,speedlimit
2026-09-13T14:49+02:00,A29,L,11.06,3,speedlimit
2026-09-13T14:49+02:00,A20,R,28.41,1,speedlimit
2026-09-13T14:49+02:00,A20,R,31.9,2,speedlimit
2026-09-13T14:49+02:00,A29,R,11.625,2,speedlimit
2026-09-13T14:49+02:00,A29,R,11.625,4,speedlimit
2026-09-13T14:49+02:00,A15,R,61.63,5,lane_closed
2026-09-13T14:49+02:00,A29,L,11.525,3,speedlimit
2026-09-13T14:49+02:00,A4,R,3.27,2,speedlimit
2026-09-13T14:49+02:00,A4,L,3.062,5,speedlimit
2026-09-13T14:49+02:00,A20,L,31.1,3,speedlimit
2026-09-13T14:49+02:00,A15,R,61.33,6,lane_closed
2026-09-13T14:49+02:00,A29,R,9.5,2,speedlimit
2026-09-13T14:49+02:00,A29,R,9.83,3,speedlimit
2026-09-13T14:49+02:00,A15,R,62.454,5,lane_closed
2026-09-13T14:49+02:00,A16,L,15.73,2,speedlimit
2026-09-13T14:49+02:00,A15,R,60.49,2,speedlimit
2026-09-13T14:49+02:00,A20,R,27.488,2,speedlimit
2026-09-13T14:49+02:00,A20,t,28.895,1,speedlimit
2026-09-13T14:49+02:00,A20,L,32.8,1,speedlimit
2026-09-13T14:49+02:00,A15,e,60.14,2,speedlimit
2026-09-13T14:49+02:00,A20,R,28.8,2,speedlimit
2026-09-13T14:49+02:00,A16,x,19.3,2,speedlimit
2026-09-13T14:49+02:00,A13,R,5.91,3,speedlimit
2026-09-13T14:49+02:00,A20,L,31.1,1,speedlimit
2026-09-13T14:49+02:00,A13,L,16.19,3,lane_closed
2026-09-13T14:49+02:00,A13,L,15.035,5,lane_closed
2026-09-13T14:49+02:00,A4,m,3.83,2,speedlimit
2026-09-13T14:49+02:00,A20,L,27.8,1,speedlimit
2026-09-13T14:49+02:00,A16,L,14.32,2,speedlimit
2026-09-13T14:49+02:00,A13,R,8.1,1,speedlimit
2026-09-13T14:49+02:00,A20,R,29.1,2,speedlimit
2026-09-13T14:49+02:00,A13,g,18.7,1,speedlimit
2026-09-13T14:49+02:00,A20,R,28.57,2,speedlimit
2026-09-13T14:49+02:00,A20,R,26.64,2,speedlimit
2026-09-13T14:49+02:00,A4,L,0.493,3,speedlimit
2026-09-13T14:49+02:00,A15,L,64.2,3,speedlimit
2026-09-13T14:49+02:00,A20,L,29.1,1,speedlimit
2026-09-13T14:49+02:00,A13,L,18.2,1,speedlimit
2026-09-13T14:49+02:00,A13,L,11.77,5,speedlimit
2026-09-13T14:49+02:00,A4,L,1.156,5,speedlimit
2026-09-13T14:49+02:00,A15,L,64.67,2,speedlimit
2026-09-13T14:49+02:00,A13,L,11.77,1,speedlimit
2026-09-13T14:49+02:00,A13,L,12.7,4,lane_closed
2026-09-13T14:49+02:00,A20,L,31.88,2,speedlimit
2026-09-13T14:49+02:00,A13,R,6.725,3,speedlimit
2026-09-13T14:49+02:00,A15,R,62.454,4,lane_closed
2026-09-13T14:49+02:00,A20,L,28.085,2,speedlimit
2026-09-13T14:49+02:00,A15,R,62.062,3,lane_closed
2026-09-13T14:49+02:00,A16,L,15.16,2,speedlimit
2026-09-13T14:49+02:00,A20,R,30.6,3,speedlimit
2026-09-13T14:49+02:00,A15,m,58.65,3,speedlimit
2026-09-13T14:49+02:00,A20,L,35.52,1,lane_closed
2026-09-13T14:49+02:00,A15,R,62.062,4,lane_closed
2026-09-13T14:49+02:00,A29,s,9.91,1,lane_closed
2026-09-13T14:49+02:00,A20,R,29.8,2,speedlimit
2026-09-13T14:49+02:00,A15,L,64.2,1,lane_closed
2026-09-13T14:49+02:00,A20,R,27.235,2,speedlimit
2026-09-13T14:49+02:00,A29,R,11.3,3,speedlimit
2026-09-13T14:49+02:00,A13,L,10.7,2,speedlimit
2026-09-13T14:49+02:00,A20,L,37.3,1,lane_closed
2026-09-13T14:49+02:00,A4,L,2.792,2,speedlimit
2026-09-13T14:49+02:00,A15,R,59.95,1,speedlimit
2026-09-13T14:49+02:00,A13,R,18.2,1,speedlimit
2026-09-13T14:49+02:00,A4,k,4.44,2,lane_closed
2026-09-13T14:49+02:00,A13,R,8.6,2,speedlimit
2026-09-13T14:49+02:00,A4,L,4.44,2,speedlimit
2026-09-13T14:49+02:00,A15,L,65.25,1,lane_closed_ahead
2026-09-13T14:49+02:00,A13,R,6.4,3,speedlimit
2026-09-13T14:49+02:00,A29,L,10.78,1,speedlimit
2026-09-13T14:49+02:00,A15,e,95.55,1,speedlimit
2026-09-13T14:49+02:00,A13,e,19.1,1,speedlimit
2026-09-13T14:49+02:00,A29,L,10.63,4,lane_closed
2026-09-13T14:49+02:00,A4,L,3.65,1,speedlimit
2026-09-13T14:49+02:00,A16,L,14.46,1,speedlimit
2026-09-13T14:49+02:00,A29,R,9.83,2,speedlimit
2026-09-13T14:49+02:00,A4,L,2.792,4,speedlimit
2026-09-13T14:49+02:00,A13,L,10.7,1,speedlimit
2026-09-13T14:49+02:00,A15,R,60.49,1,speedlimit
2026-09-13T14:49+02:00,A13,L,17.8,3,speedlimit
2026-09-13T14:49+02:00,A4,R,3.01,5,speedlimit
2026-09-13T14:49+02:00,A4,L,5.93,3,speedlimit
2026-09-13T14:49+02:00,A13,L,9.9,4,speedlimit
2026-09-13T14:49+02:00,A20,R,31.26,1,speedlimit
2026-09-13T14:49+02:00,A16,x,18.543,2,speedlimit
2026-09-13T14:49+02:00,A4,L,5.93,5,speedlimit
2026-09-13T14:49+02:00,A20,L,45.61,1,speedlimit
2026-09-13T14:49+02:00,A15,R,61.05,5,lane_closed
2026-09-13T14:49+02:00,A13,L,9.2,3,speedlimit
2026-09-13T14:49+02:00,A13,L,9.9,2,speedlimit
2026-09-13T14:49+02:00,A15,R,59.2,4,lane_closed_ahead
2026-09-13T14:49+02:00,A15,R,61.33,2,speedlimit
2026-09-13T14:49+02:00,A4,L,2.792,3,speedlimit
2026-09-13T14:49+02:00,A13,L,11.25,3,speedlimit
2026-09-13T14:49+02:00,A20,L,29.826,3,speedlimit
2026-09-13T14:49+02:00,A15,m,61.995,2,lane_closed
2026-09-13T14:49+02:00,A13,R,5.91,2,speedlimit
2026-09-13T14:49+02:00,A16,x,18.9,4,speedlimit
2026-09-13T14:49+02:00,A20,L,29.5,1,speedlimit
2026-09-13T14:49+02:00,A20,R,28.8,3,speedlimit
2026-09-13T14:49+02:00,A20,R,29.5,1,speedlimit
2026-09-13T14:49+02:00,A15,R,60.76,3,lane_closed
2026-09-13T14:49+02:00,A4,L,1.156,1,speedlimit
2026-09-13T14:49+02:00,A15,R,59.95,2,speedlimit
2026-09-13T14:49+02:00,A13,L,11.25,4,lane_closed
2026-09-13T14:49+02:00,A20,L,30.9,1,speedlimit
2026-09-13T14:49+02:00,A15,g,59.55,3,speedlimit
2026-09-13T14:49+02:00,A13,R,18.2,4,speedlimit
2026-09-13T14:49+02:00,A4,L,5.93,4,speedlimit
2026-09-13T14:49+02:00,A15,m,59.58,1,lane_closed
2026-09-13T14:49+02:00,A13,L,10.3,1,speedlimit
2026-09-13T14:49+02:00,A4,L,4.44,1,speedlimit
2026-09-13T14:49+02:00,A13,R,18.7,1,speedlimit
2026-09-13T14:49+02:00,A15,L,64.67,5,speedlimit
2026-09-13T14:49+02:00,A15,n,95.855,1,speedlimit
2026-09-13T14:49+02:00,A4,L,5.93,6,speedlimit
2026-09-13T14:49+02:00,A20,c,27.488,1,speedlimit
2026-09-13T14:49+02:00,A20,R,31.9,3,speedlimit
2026-09-13T14:49+02:00,A16,x,18.9,2,speedlimit
2026-09-13T14:49+02:00,A13,R,16.655,3,speedlimit
2026-09-13T14:49+02:00,A15,h,59.61,1,speedlimit
2026-09-13T14:49+02:00,A20,L,29.1,2,speedlimit
2026-09-13T14:49+02:00,A4,L,1.156,3,speedlimit
2026-09-13T14:49+02:00,A15,L,63.56,1,lane_closed
2026-09-13T14:49+02:00,A20,R,29.8,3,speedlimit
2026-09-13T14:49+02:00,A13,L,18.2,2,speedlimit
2026-09-13T14:49+02:00,A20,R,26.4,3,speedlimit
2026-09-13T14:49+02:00,A15,R,60.76,4,lane_closed
2026-09-13T14:49+02:00,A15,m,58.65,1,lane_closed
2026-09-13T14:49+02:00,A29,L,11.525,2,speedlimit
2026-09-13T14:49+02:00,A20,R,26.93,1,speedlimit
2026-09-13T14:49+02:00,A15,R,61.63,2,speedlimit
2026-09-13T14:49+02:00,A15,R,58.46,3,speedlimit
2026-09-13T14:49+02:00,A15,R,60.76,1,speedlimit
2026-09-13T14:49+02:00,A4,L,5.549,3,speedlimit
2026-09-13T14:49+02:00,A20,R,26.4,2,speedlimit
2026-09-13T14:49+02:00,A29,R,11.95,3,speedlimit
2026-09-13T14:49+02:00,A4,L,0.493,2,speedlimit
2026-09-13T14:49+02:00,A15,L,63.56,3,speedlimit
2026-09-13T14:49+02:00,A20,L,27.488,2,speedlimit
2026-09-13T14:49+02:00,A20,L,30.196,3,speedlimit
2026-09-13T14:49+02:00,A4,h,46.06,1,speedlimit
2026-09-13T14:49+02:00,A4,R,3.01,2,speedlimit
2026-09-13T14:49+02:00,A4,L,5.549,4,speedlimit
2026-09-13T14:49+02:00,A15,m,61.995,4,lane_closed
2026-09-13T14:49+02:00,A20,L,28.41,1,speedlimit
2026-09-13T14:49+02:00,A13,L,13.18,4,lane_closed
2026-09-13T14:49+02:00,A4,L,1.555,1,speedlimit
2026-09-13T14:49+02:00,A13,R,6.725,1,speedlimit
2026-09-13T14:49+02:00,A13,L,17.8,2,speedlimit
2026-09-13T14:49+02:00,A4,L,2.792,5,speedlimit
2026-09-13T14:49+02:00,A20,L,46.045,2,speedlimit
2026-09-13T14:49+02:00,A29,R,10.1,1,speedlimit
2026-09-13T14:49+02:00,A13,L,11.77,4,speedlimit
2026-09-13T14:49+02:00,A4,L,5.93,2,speedlimit
2026-09-13T14:49+02:00,A20,R,28.57,1,speedlimit
2026-09-13T14:49+02:00,A4,L,5.549,5,speedlimit
2026-09-13T14:49+02:00,A13,L,11.77,3,speedlimit
2026-09-13T14:49+02:00,A20,R,30.196,4,speedlimit
2026-09-13T14:49+02:00,A16,L,15.16,1,speedlimit
2026-09-13T14:49+02:00,A29,L,10.78,2,speedlimit
2026-09-13T14:49+02:00,A4,L,3.65,3,speedlimit
2026-09-13T14:49+02:00,A4,L,5.225,2,speedlimit
2026-09-13T14:49+02:00,A20,t,29.6,2,speedlimit
2026-09-13T14:49+02:00,A4,L,5.225,4,speedlimit
2026-09-13T14:49+02:00,A4,R,0.27,2,speedlimit
2026-09-13T14:49+02:00,A20,L,38.3,1,lane_closed_ahead
2026-09-13T14:49+02:00,A29,R,11.3,4,speedlimit
2026-09-13T14:49+02:00,A15,L,64.67,4,speedlimit
2026-09-13T14:49+02:00,A15,L,65.685,1,speedlimit
2026-09-13T14:49+02:00,A15,L,64.67,1,lane_closed
2026-09-13T14:49+02:00,A13,L,10.3,2,speedlimit
2026-09-13T14:49+02:00,A20,R,26.93,2,speedlimit
2026-09-13T14:49+02:00,A4,R,3.27,3,speedlimit
2026-09-13T14:49+02:00,A20,L,30.9,3,speedlimit
2026-09-13T14:49+02:00,A13,L,18.8,3,speedlimit
2026-09-13T14:49+02:00,A20,L,46.045,1,speedlimit
2026-09-13T14:49+02:00,A13,L,10.3,4,speedlimit
2026-09-13T14:49+02:00,A20,L,37.8,1,lane_closed
2026-09-13T14:49+02:00,A20,R,28.8,1,speedlimit
2026-09-13T14:49+02:00,A15,R,61.05,2,speedlimit
2026-09-13T14:49+02:00,A13,L,18.8,1,speedlimit
2026-09-13T14:49+02:00,A4,h,46.4,2,speedlimit
2026-09-13T14:49+02:00,A13,R,16.2,2,speedlimit
2026-09-13T14:49+02:00,A16,L,15.73,1,speedlimit
2026-09-13T14:49+02:00,A4,L,2.447,3,speedlimit
2026-09-13T14:49+02:00,A4,L,3.062,1,speedlimit
2026-09-13T14:49+02:00,A29,R,11.95,1,speedlimit
2026-09-13T14:49+02:00,A4,m,3.83,1,speedlimit
2026-09-13T14:49+02:00,A16,L,14.768,1,speedlimit
2026-09-13T14:49+02:00,A4,L,5.549,2,speedlimit
2026-09-13T14:49+02:00,A20,L,31.4,3,speedlimit
2026-09-13T14:49+02:00,A4,L,1.555,4,speedlimit
2026-09-13T14:49+02:00,A16,L,14.768,3,speedlimit
2026-09-13T14:49+02:00,A20,L,30.196,4,speedlimit
2026-09-13T14:49+02:00,A4,L,5.225,5,speedlimit
2026-09-13T14:49+02:00,A4,f,3.96,2,lane_closed
2026-09-13T14:49+02:00,A13,R,18.2,2,speedlimit
2026-09-13T14:49+02:00,A13,L,10.3,3,speedlimit
2026-09-13T14:49+02:00,A16,x,18.543,3,speedlimit
2026-09-13T14:49+02:00,A4,R,3.01,1,speedlimit
2026-09-13T14:49+02:00,A13,L,17.8,1,speedlimit
2026-09-13T14:49+02:00,A13,R,7.2,3,speedlimit
2026-09-13T14:49+02:00,A20,R,29.8,1,speedlimit
2026-09-13T14:49+02:00,A4,L,3.062,2,speedlimit
2026-09-13T14:49+02:00,A20,R,31.26,2,speedlimit
2026-09-13T14:49+02:00,A15,m,58.46,1,lane_closed_ahead
2026-09-13T14:49+02:00,A4,R,3.27,5,speedlimit
2026-09-13T14:49+02:00,A15,m,59.11,3,speedlimit
2026-09-13T14:49+02:00,A16,L,14.768,2,speedlimit
2026-09-13T14:49+02:00,A4,R,3.01,3,speedlimit
2026-09-13T14:49+02:00,A20,R,31.26,3,speedlimit
2026-09-13T14:49+02:00,A20,L,46.4,2,speedlimit
2026-09-13T14:49+02:00,A20,R,26.64,3,speedlimit
2026-09-13T14:49+02:00,A20,R,26.64,4,speedlimit
2026-09-13T14:49+02:00,A20,R,26.4,1,speedlimit
2026-09-13T14:49+02:00,A13,R,17.1,1,speedlimit
2026-09-13T14:49+02:00,A15,R,59.2,3,speedlimit
2026-09-13T14:49+02:00,A20,R,29.5,3,speedlimit
2026-09-13T14:49+02:00,A15,R,58.46,4,speedlimit
2026-09-13T14:49+02:00,A29,L,10.63,3,lane_closed
2026-09-13T14:49+02:00,A13,L,13.7,4,lane_closed
2026-09-13T14:49+02:00,A15,L,63.56,2,speedlimit
2026-09-13T14:49+02:00,A4,R,0.27,1,speedlimit
2026-09-13T14:49+02:00,A13,L,14.2,4,lane_closed
2026-09-13T14:49+02:00,A4,L,0.493,1,speedlimit
2026-09-13T14:49+02:00,A15,R,60.76,2,speedlimit
2026-09-13T14:49+02:00,A4,h,46.4,1,speedlimit
2026-09-13T14:49+02:00,A13,R,7.2,1,speedlimit
2026-09-13T14:49+02:00,A29,L,11.525,4,speedlimit
2026-09-13T14:49+02:00,A20,t,29.6,1,speedlimit
2026-09-13T14:49+02:00,A15,L,65.685,4,speedlimit
2026-09-13T14:49+02:00,A20,R,29.8,4,speedlimit
2026-09-13T14:49+02:00,A15,g,59.55,1,speedlimit
2026-09-13T14:49+02:00,A20,L,46.4,1,speedlimit
2026-09-13T14:49+02:00,A13,R,18.7,2,speedlimit
2026-09-13T14:49+02:00,A4,R,0.27,3,speedlimit
2026-09-13T14:49+02:00,A13,R,9.1,2,speedlimit
2026-09-13T14:49+02:00,A20,R,27.488,1,speedlimit
2026-09-13T14:49+02:00,A29,R,10.94,1,speedlimit
2026-09-13T14:49+02:00,A15,R,62.454,1,speedlimit
2026-09-13T14:49+02:00,A15,m,59.11,1,lane_closed
2026-09-13T14:49+02:00,A16,L,14.46,2,speedlimit
2026-09-13T14:49+02:00,A20,R,29.5,2,speedlimit
2026-09-13T14:49+02:00,A29,R,10.94,2,speedlimit
2026-09-13T14:49+02:00,A20,L,27.2,2,speedlimit
2026-09-13T14:49+02:00,A13,R,18.963,1,speedlimit
2026-09-13T14:49+02:00,A29,R,11.3,1,speedlimit
2026-09-13T14:49+02:00,A13,L,17.1,1,speedlimit
2026-09-13T14:49+02:00,A15,R,61.63,3,lane_closed
2026-09-13T14:49+02:00,A20,L,31.88,3,speedlimit
2026-09-13T14:49+02:00,A20,L,45.61,2,speedlimit
2026-09-13T14:49+02:00,A13,L,11.77,2,speedlimit
2026-09-13T14:49+02:00,A13,L,17.1,4,speedlimit
2026-09-13T14:49+02:00,A13,R,16.655,2,speedlimit
2026-09-13T14:49+02:00,A13,L,15.55,5,lane_closed
2026-09-13T14:49+02:00,A4,k,4.44,1,speedlimit
2026-09-13T14:49+02:00,A15,m,58.65,2,speedlimit
2026-09-13T14:49+02:00,A16,d,15.73,1,speedlimit
2026-09-13T14:49+02:00,A13,R,6.4,4,speedlimit
2026-09-13T14:49+02:00,A15,R,59.95,3,lane_closed
2026-09-13T14:49+02:00,A4,L,5.225,1,speedlimit
2026-09-13T14:49+02:00,A20,L,32.8,3,speedlimit
2026-09-13T14:49+02:00,A15,R,61.63,6,lane_closed
2026-09-13T14:49+02:00,A15,R,58.46,1,speedlimit
2026-09-13T14:49+02:00,A20,R,30.196,1,speedlimit
2026-09-13T14:49+02:00,A16,x,18.543,1,speedlimit
2026-09-13T14:49+02:00,A16,x,19.3,1,speedlimit
2026-09-13T14:49+02:00,A20,L,29.826,4,speedlimit
2026-09-13T14:49+02:00,A4,L,1.555,3,speedlimit
2026-09-13T14:49+02:00,A20,s,29.6,1,speedlimit
2026-09-13T14:49+02:00,A13,R,9.1,3,speedlimit
2026-09-13T14:49+02:00,A20,L,28.57,2,speedlimit
2026-09-13T14:49+02:00,A20,R,30.6,2,speedlimit
2026-09-13T14:49+02:00,A15,R,59.57,1,speedlimit
2026-09-13T14:49+02:00,A4,L,1.156,4,speedlimit
2026-09-13T14:49+02:00,A29,s,9.91,2,lane_closed
2026-09-13T14:49+02:00,A15,L,65.25,3,speedlimit
2026-09-13T14:49+02:00,A13,L,17.1,2,speedlimit
2026-09-13T14:49+02:00,A20,L,28.57,3,speedlimit
2026-09-13T14:49+02:00,A15,R,59.57,3,lane_closed
2026-09-13T14:49+02:00,A15,L,64.67,3,speedlimit
2026-09-13T14:49+02:00,A20,R,26.4,4,speedlimit
2026-09-13T14:49+02:00,A20,R,30.196,2,speedlimit
2026-09-13T14:49+02:00,A13,R,17.8,3,speedlimit
2026-09-13T14:49+02:00,A29,R,11.3,2,speedlimit
2026-09-13T14:49+02:00,A15,n,95.855,2,speedlimit
2026-09-13T15:49+02:00,A13,L,16.7,1,speedlimit
2026-09-13T15:49+02:00,A4,L,3.062,4,speedlimit
2026-09-13T15:49+02:00,A15,R,59.2,2,speedlimit
2026-09-13T15:49+02:00,A20,L,30.196,2,speedlimit
2026-09-13T15:49+02:00,A13,R,16.655,1,speedlimit
2026-09-13T15:49+02:00,A13,R,17.1,2,speedlimit
2026-09-13T15:49+02:00,A15,R,61.63,4,lane_closed
2026-09-13T15:49+02:00,A4,L,5.93,1,speedlimit
2026-09-13T15:49+02:00,A4,j,4.65,2,lane_closed
2026-09-13T15:49+02:00,A15,R,61.33,5,lane_closed
2026-09-13T15:49+02:00,A13,R,8.1,2,speedlimit
2026-09-13T15:49+02:00,A29,v,10.39,1,lane_closed
2026-09-13T15:49+02:00,A13,R,8.1,3,speedlimit
2026-09-13T15:49+02:00,A15,R,58.05,4,speedlimit
2026-09-13T15:49+02:00,A29,L,11.06,4,speedlimit
2026-09-13T15:49+02:00,A29,L,11.06,2,speedlimit
2026-09-13T15:49+02:00,A4,L,2.447,2,speedlimit
2026-09-13T15:49+02:00,A13,R,18.5,1,speedlimit
2026-09-13T15:49+02:00,A4,R,3.27,4,speedlimit
2026-09-13T15:49+02:00,A20,L,29.5,2,speedlimit
2026-09-13T15:49+02:00,A4,L,1.555,5,speedlimit
2026-09-13T15:49+02:00,A13,R,18.5,4,speedlimit
2026-09-13T15:49+02:00,A15,m,58.46,3,speedlimit
2026-09-13T15:49+02:00,A13,R,18.2,3,speedlimit
2026-09-13T15:49+02:00,A20,R,28.1,1,speedlimit
2026-09-13T15:49+02:00,A20,R,30.196,3,speedlimit
2026-09-13T15:49+02:00,A4,j,4.65,1,lane_closed
2026-09-13T15:49+02:00,A20,L,36.94,1,lane_closed
2026-09-13T15:49+02:00,A15,R,58.05,1,speedlimit
2026-09-13T15:49+02:00,A15,R,58.46,2,speedlimit
2026-09-13T15:49+02:00,A15,n,95.855,3,speedlimit
2026-09-13T15:49+02:00,A13,R,17.8,2,speedlimit
2026-09-13T15:49+02:00,A15,R,61.05,6,lane_closed
2026-09-13T15:49+02:00,A4,L,5.225,6,lane_closed
2026-09-13T15:49+02:00,A20,s,29.6,2,speedlimit
2026-09-13T15:49+02:00,A15,L,65.25,2,speedlimit
2026-09-13T15:49+02:00,A15,L,65.685,3,speedlimit
2026-09-13T15:49+02:00,A15,R,58.05,2,speedlimit
2026-09-13T15:49+02:00,A20,R,26.93,4,speedlimit
2026-09-13T15:49+02:00,A20,R,28.57,3,speedlimit
2026-09-13T15:49+02:00,A15,R,61.05,1,speedlimit
2026-09-13T15:49+02:00,A29,v,10.8,1,lane_closed
2026-09-13T15:49+02:00,A4,R,3.01,4,speedlimit
2026-09-13T15:49+02:00,A4,L,2.447,4,speedlimit
2026-09-13T15:49+02:00,A29,s,9.64,2,lane_closed
2026-09-13T15:49+02:00,A13,R,8.6,3,speedlimit
2026-09-13T15:49+02:00,A13,L,18.8,2,speedlimit
2026-09-13T15:49+02:00,A15,R,60.49,4,lane_closed
2026-09-13T15:49+02:00,A15,R,62.454,3,lane_closed
2026-09-13T15:49+02:00,A20,R,27.235,1,speedlimit
2026-09-13T15:49+02:00,A20,L,28.41,2,speedlimit
2026-09-13T15:49+02:00,A13,R,8.6,1,speedlimit
2026-09-13T15:49+02:00,A20,R,27.79,2,speedlimit
2026-09-13T15:49+02:00,A13,R,18.5,3,speedlimit
2026-09-13T15:49+02:00,A20,R,28.57,4,speedlimit
2026-09-13T15:49+02:00,A20,R,31.26,4,speedlimit
2026-09-13T15:49+02:00,A20,L,29.826,2,speedlimit
2026-09-13T15:49+02:00,A20,L,35.925,1,lane_closed
2026-09-13T15:49+02:00,A20,L,28.57,1,speedlimit
2026-09-13T15:49+02:00,A20,R,29.5,4,speedlimit
2026-09-13T15:49+02:00,A15,m,60.07,1,lane_closed
2026-09-13T15:49+02:00,A13,L,11.25,1,speedlimit
2026-09-13T15:49+02:00,A20,R,28.1,2,speedlimit
2026-09-13T15:49+02:00,A20,R,26.64,1,speedlimit
2026-09-13T15:49+02:00,A15,R,61.05,4,lane_closed
2026-09-13T15:49+02:00,A15,L,64.2,2,speedlimit
2026-09-13T15:49+02:00,A15,R,60.49,3,lane_closed
2026-09-13T15:49+02:00,A29,R,9.83,1,lane_closed
2026-09-13T15:49+02:00,A20,L,32.8,2,speedlimit
2026-09-13T15:49+02:00,A29,R,9.5,3,speedlimit
2026-09-13T15:49+02:00,A15,L,65.25,4,speedlimit
2026-09-13T15:49+02:00,A15,R,59.2,1,speedlimit
2026-09-13T15:49+02:00,A13,L,17.1,3,speedlimit
2026-09-13T15:49+02:00,A29,L,10.63,1,speedlimit
2026-09-13T15:49+02:00,A20,L,36.625,1,lane_closed
2026-09-13T15:49+02:00,A15,R,62.454,2,speedlimit
2026-09-13T15:49+02:00,A29,L,11.525,1,speedlimit
2026-09-13T15:49+02:00,A4,L,5.549,6,lane_closed_ahead
2026-09-13T15:49+02:00,A29,s,9.64,1,lane_closed
2026-09-13T15:49+02:00,A20,L,27.488,1,speedlimit
2026-09-13T15:49+02:00,A20,L,27.2,1,speedlimit
2026-09-13T15:49+02:00,A4,h,46.06,2,speedlimit
2026-09-13T15:49+02:00,A15,R,59.57,2,speedlimit
2026-09-13T15:49+02:00,A20,L,27.8,2,speedlimit
2026-09-13T15:49+02:00,A4,k,4.44,3,lane_closed
2026-09-13T15:49+02:00,A15,R,58.05,5,speedlimit
2026-09-13T15:49+02:00,A13,L,18.2,3,speedlimit
2026-09-13T15:49+02:00,A4,m,3.83,3,lane_closed
2026-09-13T15:49+02:00,A29,L,10.63,2,speedlimit
2026-09-13T15:49+02:00,A20,L,31.88,1,speedlimit
2026-09-13T15:49+02:00,A29,L,11.06,1,speedlimit
2026-09-13T15:49+02:00,A4,m,3.83,4,lane_closed
2026-09-13T15:49+02:00,A13,L,16.7,2,speedlimit
2026-09-13T15:49+02:00,A20,L,30.9,2,speedlimit
2026-09-13T15:49+02:00,A20,L,28.085,1,speedlimit
2026-09-13T15:49+02:00,A15,R,58.05,3,speedlimit
2026-09-13T15:49+02:00,A15,R,61.33,3,lane_closed
2026-09-13T15:49+02:00,A20,R,30.6,1,speedlimit
2026-09-13T15:49+02:00,A13,R,17.1,3,speedlimit
2026-09-13T15:49+02:00,A20,R,26.93,3,speedlimit
2026-09-13T15:49+02:00,A15,R,62.062,2,speedlimit
2026-09-13T15:49+02:00,A20,L,31.4,1,speedlimit
2026-09-13T15:49+02:00,A29,s,10.4,1,lane_closed
2026-09-13T15:49+02:00,A15,R,61.05,3,lane_closed
2026-09-13T15:49+02:00,A4,L,5.225,3,speedlimit
2026-09-13T15:49+02:00,A15,m,59.11,2,speedlimit
2026-09-13T15:49+02:00,A13,L,12.0,1,speedlimit
2026-09-13T15:49+02:00,A20,L,31.1,2,speedlimit
2026-09-13T15:49+02:00,A13,g,18.7,2,speedlimit
2026-09-13T15:49+02:00,A15,L,65.685,2,speedlimit
2026-09-13T15:49+02:00,A15,m,61.995,3,lane_closed
2026-09-13T15:49+02:00,A20,L,31.4,2,speedlimit
2026-09-13T15:49+02:00,A4,L,1.555,2,speedlimit
2026-09-13T15:49+02:00,A4,f,3.96,1,lane_closed
2026-09-13T15:49+02:00,A15,R,61.63,1,speedlimit
2026-09-13T15:49+02:00,A29,R,9.5,1,lane_closed_ahead
2026-09-13T15:49+02:00,A15,R,61.33,4,lane_closed
2026-09-13T15:49+02:00,A13,L,15.9,3,lane_closed
2026-09-13T15:49+02:00,A4,L,3.062,3,speedlimit
2026-09-13T15:49+02:00,A4,R,3.27,1,speedlimit
2026-09-13T15:49+02:00,A13,R,16.2,1,speedlimit
2026-09-13T15:49+02:00,A29,s,10.4,2,lane_closed
2026-09-13T15:49+02:00,A13,R,18.5,2,speedlimit
2026-09-13T15:49+02:00,A20,L,30.196,1,speedlimit
2026-09-13T15:49+02:00,A4,L,2.792,1,speedlimit
2026-09-13T15:49+02:00,A13,L,12.0,3,speedlimit
2026-09-13T15:49+02:00,A20,R,27.79,1,speedlimit
2026-09-13T15:49+02:00,A4,L,2.447,1,speedlimit
2026-09-13T15:49+02:00,A15,R,61.33,1,speedlimit
2026-09-13T15:49+02:00,A20,L,29.826,1,speedlimit
2026-09-13T15:49+02:00,A15,m,61.995,1,lane_closed
2026-09-13T15:49+02:00,A13,L,11.25,2,speedlimit
2026-09-13T15:49+02:00,A20,R,28.41,2,speedlimit
2026-09-13T15:49+02:00,A4,L,5.549,1,speedlimit
2026-09-13T15:49+02:00,A15,R,62.062,1,speedlimit
2026-09-13T15:49+02:00,A20,R,29.1,1,speedlimit
2026-09-13T15:49+02:00,A13,R,17.8,1,speedlimit
2026-09-13T15:49+02:00,A29,L,11.06,3,speedlimit
2026-09-13T15:49+02:00,A20,R,28.41,1,speedlimit
2026-09-13T15:49+02:00,A20,R,31.9,2,speedlimit
2026-09-13T15:49+02:00,A15,R,61.63,5,lane_closed
2026-09-13T15:49+02:00,A29,L,11.525,3,speedlimit
2026-09-13T15:49+02:00,A4,R,3.27,2,speedlimit
2026-09-13T15:49+02:00,A4,L,3.062,5,speedlimit
2026-09-13T15:49+02:00,A20,L,31.1,3,speedlimit
2026-09-13T15:49+02:00,A15,R,61.33,6,lane_closed
2026-09-13T15:49+02:00,A29,R,9.5,2,speedlimit
2026-09-13T15:49+02:00,A29,R,9.83,3,speedlimit
2026-09-13T15:49+02:00,A15,R,62.454,5,lane_closed
2026-09-13T15:49+02:00,A13,L,12.0,2,speedlimit
2026-09-13T15:49+02:00,A15,R,60.49,2,speedlimit
2026-09-13T15:49+02:00,A20,R,27.488,2,speedlimit
2026-09-13T15:49+02:00,A20,t,28.895,1,speedlimit
2026-09-13T15:49+02:00,A20,L,32.8,1,speedlimit
2026-09-13T15:49+02:00,A20,R,28.8,2,speedlimit
2026-09-13T15:49+02:00,A20,L,31.1,1,speedlimit
2026-09-13T15:49+02:00,A13,L,16.19,3,lane_closed
2026-09-13T15:49+02:00,A13,L,15.035,5,lane_closed
2026-09-13T15:49+02:00,A4,m,3.83,2,speedlimit
2026-09-13T15:49+02:00,A20,L,27.8,1,speedlimit
2026-09-13T15:49+02:00,A13,R,8.1,1,speedlimit
2026-09-13T15:49+02:00,A20,R,29.1,2,speedlimit
2026-09-13T15:49+02:00,A13,g,18.7,1,speedlimit
2026-09-13T15:49+02:00,A20,R,28.57,2,speedlimit
2026-09-13T15:49+02:00,A20,R,26.64,2,speedlimit
2026-09-13T15:49+02:00,A15,L,64.2,3,speedlimit
2026-09-13T15:49+02:00,A20,L,29.1,1,speedlimit
2026-09-13T15:49+02:00,A13,L,18.2,1,speedlimit
2026-09-13T15:49+02:00,A13,L,11.77,5,speedlimit
2026-09-13T15:49+02:00,A15,L,64.67,2,speedlimit
2026-09-13T15:49+02:00,A13,L,11.77,1,speedlimit
2026-09-13T15:49+02:00,A13,L,12.7,4,lane_closed
2026-09-13T15:49+02:00,A20,L,31.88,2,speedlimit
2026-09-13T15:49+02:00,A15,R,62.454,4,lane_closed
2026-09-13T15:49+02:00,A20,L,28.085,2,speedlimit
2026-09-13T15:49+02:00,A15,R,62.062,3,lane_closed
2026-09-13T15:49+02:00,A20,R,30.6,3,speedlimit
2026-09-13T15:49+02:00,A15,m,58.65,3,speedlimit
2026-09-13T15:49+02:00,A20,L,35.52,1,lane_closed
2026-09-13T15:49+02:00,A15,R,62.062,4,lane_closed
2026-09-13T15:49+02:00,A29,s,9.91,1,lane_closed
2026-09-13T15:49+02:00,A20,R,29.8,2,speedlimit
2026-09-13T15:49+02:00,A15,L,64.2,1,lane_closed
2026-09-13T15:49+02:00,A20,R,27.235,2,speedlimit
2026-09-13T15:49+02:00,A20,L,37.3,1,lane_closed
2026-09-13T15:49+02:00,A4,L,2.792,2,speedlimit
2026-09-13T15:49+02:00,A15,R,59.95,1,speedlimit
2026-09-13T15:49+02:00,A13,R,18.2,1,speedlimit
2026-09-13T15:49+02:00,A4,k,4.44,2,lane_closed
2026-09-13T15:49+02:00,A13,R,8.6,2,speedlimit
2026-09-13T15:49+02:00,A15,L,65.25,1,lane_closed_ahead
2026-09-13T15:49+02:00,A29,L,10.78,1,speedlimit
2026-09-13T15:49+02:00,A15,e,95.55,1,speedlimit
2026-09-13T15:49+02:00,A13,e,19.1,1,speedlimit
2026-09-13T15:49+02:00,A29,L,10.63,4,lane_closed
2026-09-13T15:49+02:00,A13,L,12.0,4,speedlimit
2026-09-13T15:49+02:00,A29,R,9.83,2,speedlimit
2026-09-13T15:49+02:00,A4,L,2.792,4,speedlimit
2026-09-13T15:49+02:00,A15,R,60.49,1,speedlimit
2026-09-13T15:49+02:00,A13,L,17.8,3,speedlimit
2026-09-13T15:49+02:00,A4,R,3.01,5,speedlimit
2026-09-13T15:49+02:00,A4,L,5.93,3,speedlimit
2026-09-13T15:49+02:00,A20,R,31.26,1,speedlimit
2026-09-13T15:49+02:00,A4,L,5.93,5,speedlimit
2026-09-13T15:49+02:00,A15,R,61.05,5,lane_closed
2026-09-13T15:49+02:00,A15,R,59.2,4,lane_closed_ahead
2026-09-13T15:49+02:00,A15,R,61.33,2,speedlimit
2026-09-13T15:49+02:00,A4,L,2.792,3,speedlimit
2026-09-13T15:49+02:00,A13,L,11.25,3,speedlimit
2026-09-13T15:49+02:00,A20,L,29.826,3,speedlimit
2026-09-13T15:49+02:00,A15,m,61.995,2,lane_closed
2026-09-13T15:49+02:00,A4,h,45.58,3,lane_closed
2026-09-13T15:49+02:00,A20,L,29.5,1,speedlimit
2026-09-13T15:49+02:00,A20,R,28.8,3,speedlimit
2026-09-13T15:49+02:00,A20,R,29.5,1,speedlimit
2026-09-13T15:49+02:00,A15,R,60.76,3,lane_closed
2026-09-13T15:49+02:00,A15,R,59.95,2,speedlimit
2026-09-13T15:49+02:00,A13,L,11.25,4,lane_closed
2026-09-13T15:49+02:00,A20,L,30.9,1,speedlimit
2026-09-13T15:49+02:00,A13,R,18.2,4,speedlimit
2026-09-13T15:49+02:00,A4,L,5.93,4,speedlimit
2026-09-13T15:49+02:00,A15,m,59.58,1,lane_closed
2026-09-13T15:49+02:00,A13,R,18.7,1,speedlimit
2026-09-13T15:49+02:00,A15,L,64.67,5,speedlimit
2026-09-13T15:49+02:00,A15,n,95.855,1,speedlimit
2026-09-13T15:49+02:00,A4,L,5.93,6,speedlimit
2026-09-13T15:49+02:00,A20,c,27.488,1,speedlimit
2026-09-13T15:49+02:00,A20,R,31.9,3,speedlimit
2026-09-13T15:49+02:00,A13,R,16.655,3,speedlimit
2026-09-13T15:49+02:00,A20,L,29.1,2,speedlimit
2026-09-13T15:49+02:00,A15,L,63.56,1,lane_closed
2026-09-13T15:49+02:00,A20,R,29.8,3,speedlimit
2026-09-13T15:49+02:00,A13,L,18.2,2,speedlimit
2026-09-13T15:49+02:00,A20,R,26.4,3,speedlimit
2026-09-13T15:49+02:00,A15,R,60.76,4,lane_closed
2026-09-13T15:49+02:00,A15,m,58.65,1,lane_closed
2026-09-13T15:49+02:00,A29,L,11.525,2,speedlimit
2026-09-13T15:49+02:00,A20,R,26.93,1,speedlimit
2026-09-13T15:49+02:00,A15,R,61.63,2,speedlimit
2026-09-13T15:49+02:00,A15,R,58.46,3,speedlimit
2026-09-13T15:49+02:00,A15,R,60.76,1,speedlimit
2026-09-13T15:49+02:00,A4,L,5.549,3,speedlimit
2026-09-13T15:49+02:00,A20,R,26.4,2,speedlimit
2026-09-13T15:49+02:00,A15,L,63.56,3,speedlimit
2026-09-13T15:49+02:00,A20,L,27.488,2,speedlimit
2026-09-13T15:49+02:00,A20,L,30.196,3,speedlimit
2026-09-13T15:49+02:00,A4,h,46.06,1,speedlimit
2026-09-13T15:49+02:00,A4,R,3.01,2,speedlimit
2026-09-13T15:49+02:00,A4,L,5.549,4,speedlimit
2026-09-13T15:49+02:00,A15,m,61.995,4,lane_closed
2026-09-13T15:49+02:00,A20,L,28.41,1,speedlimit
2026-09-13T15:49+02:00,A13,L,13.18,4,lane_closed
2026-09-13T15:49+02:00,A4,L,1.555,1,speedlimit
2026-09-13T15:49+02:00,A13,L,17.8,2,speedlimit
2026-09-13T15:49+02:00,A4,L,2.792,5,speedlimit
2026-09-13T15:49+02:00,A13,L,11.77,4,speedlimit
2026-09-13T15:49+02:00,A4,L,5.93,2,speedlimit
2026-09-13T15:49+02:00,A20,R,28.57,1,speedlimit
2026-09-13T15:49+02:00,A4,L,5.549,5,speedlimit
2026-09-13T15:49+02:00,A13,L,11.77,3,speedlimit
2026-09-13T15:49+02:00,A20,R,30.196,4,speedlimit
2026-09-13T15:49+02:00,A29,L,10.78,2,speedlimit
2026-09-13T15:49+02:00,A4,L,5.225,2,speedlimit
2026-09-13T15:49+02:00,A20,t,29.6,2,speedlimit
2026-09-13T15:49+02:00,A4,L,5.225,4,speedlimit
2026-09-13T15:49+02:00,A20,L,38.3,1,lane_closed_ahead
2026-09-13T15:49+02:00,A15,L,64.67,4,speedlimit
2026-09-13T15:49+02:00,A15,L,65.685,1,speedlimit
2026-09-13T15:49+02:00,A15,L,64.67,1,lane_closed
2026-09-13T15:49+02:00,A20,R,26.93,2,speedlimit
2026-09-13T15:49+02:00,A4,R,3.27,3,speedlimit
2026-09-13T15:49+02:00,A20,L,30.9,3,speedlimit
2026-09-13T15:49+02:00,A13,L,18.8,3,speedlimit
2026-09-13T15:49+02:00,A20,L,37.8,1,lane_closed
2026-09-13T15:49+02:00,A20,R,28.8,1,speedlimit
2026-09-13T15:49+02:00,A15,R,61.05,2,speedlimit
2026-09-13T15:49+02:00,A13,L,18.8,1,speedlimit
2026-09-13T15:49+02:00,A4,h,46.4,2,speedlimit
2026-09-13T15:49+02:00,A13,R,16.2,2,speedlimit
2026-09-13T15:49+02:00,A4,L,2.447,3,speedlimit
2026-09-13T15:49+02:00,A4,L,3.062,1,speedlimit
2026-09-13T15:49+02:00,A4,m,3.83,1,speedlimit
2026-09-13T15:49+02:00,A4,L,5.549,2,speedlimit
2026-09-13T15:49+02:00,A20,L,31.4,3,speedlimit
2026-09-13T15:49+02:00,A4,L,1.555,4,speedlimit
2026-09-13T15:49+02:00,A20,L,30.196,4,speedlimit
2026-09-13T15:49+02:00,A4,L,5.225,5,speedlimit
2026-09-13T15:49+02:00,A4,f,3.96,2,lane_closed
2026-09-13T15:49+02:00,A13,R,18.2,2,speedlimit
2026-09-13T15:49+02:00,A13,L,12.0,5,speedlimit
2026-09-13T15:49+02:00,A4,R,3.01,1,speedlimit
2026-09-13T15:49+02:00,A13,L,17.8,1,speedlimit
2026-09-13T15:49+02:00,A20,R,29.8,1,speedlimit
2026-09-13T15:49+02:00,A4,L,3.062,2,speedlimit
2026-09-13T15:49+02:00,A20,R,31.26,2,speedlimit
2026-09-13T15:49+02:00,A15,m,58.46,1,lane_closed_ahead
2026-09-13T15:49+02:00,A4,R,3.27,5,speedlimit
2026-09-13T15:49+02:00,A15,m,59.11,3,speedlimit
2026-09-13T15:49+02:00,A4,R,3.01,3,speedlimit
2026-09-13T15:49+02:00,A20,R,31.26,3,speedlimit
2026-09-13T15:49+02:00,A20,R,26.64,3,speedlimit
2026-09-13T15:49+02:00,A20,R,26.64,4,speedlimit
2026-09-13T15:49+02:00,A20,R,26.4,1,speedlimit
2026-09-13T15:49+02:00,A13,R,17.1,1,speedlimit
2026-09-13T15:49+02:00,A15,R,59.2,3,speedlimit
2026-09-13T15:49+02:00,A20,R,29.5,3,speedlimit
2026-09-13T15:49+02:00,A15,R,58.46,4,speedlimit
2026-09-13T15:49+02:00,A29,L,10.63,3,lane_closed
2026-09-13T15:49+02:00,A13,L,13.7,4,lane_closed
2026-09-13T15:49+02:00,A15,L,63.56,2,speedlimit
2026-09-13T15:49+02:00,A13,L,14.2,4,lane_closed
2026-09-13T15:49+02:00,A15,R,60.76,2,speedlimit
2026-09-13T15:49+02:00,A4,h,46.4,1,speedlimit
2026-09-13T15:49+02:00,A29,L,11.525,4,speedlimit
2026-09-13T15:49+02:00,A20,t,29.6,1,speedlimit
2026-09-13T15:49+02:00,A15,L,65.685,4,speedlimit
2026-09-13T15:49+02:00,A20,R,29.8,4,speedlimit
2026-09-13T15:49+02:00,A13,R,18.7,2,speedlimit
2026-09-13T15:49+02:00,A20,R,27.488,1,speedlimit
2026-09-13T15:49+02:00,A15,R,62.454,1,speedlimit
2026-09-13T15:49+02:00,A15,m,59.11,1,lane_closed
2026-09-13T15:49+02:00,A20,R,29.5,2,speedlimit
2026-09-13T15:49+02:00,A20,L,27.2,2,speedlimit
2026-09-13T15:49+02:00,A13,R,18.963,1,speedlimit
2026-09-13T15:49+02:00,A13,L,17.1,1,speedlimit
2026-09-13T15:49+02:00,A15,R,61.63,3,lane_closed
2026-09-13T15:49+02:00,A20,L,31.88,3,speedlimit
2026-09-13T15:49+02:00,A13,L,11.77,2,speedlimit
2026-09-13T15:49+02:00,A13,L,17.1,4,speedlimit
2026-09-13T15:49+02:00,A13,R,16.655,2,speedlimit
2026-09-13T15:49+02:00,A13,L,15.55,5,lane_closed
2026-09-13T15:49+02:00,A4,k,4.44,1,speedlimit
2026-09-13T15:49+02:00,A15,m,58.65,2,speedlimit
2026-09-13T15:49+02:00,A4,m,44.85,1,speedlimit
2026-09-13T15:49+02:00,A4,m,44.85,2,speedlimit
2026-09-13T15:49+02:00,A15,R,59.95,3,lane_closed
2026-09-13T15:49+02:00,A4,L,5.225,1,speedlimit
2026-09-13T15:49+02:00,A20,L,32.8,3,speedlimit
2026-09-13T15:49+02:00,A15,R,61.63,6,lane_closed
2026-09-13T15:49+02:00,A15,R,58.46,1,speedlimit
2026-09-13T15:49+02:00,A20,R,30.196,1,speedlimit
2026-09-13T15:49+02:00,A20,L,29.826,4,speedlimit
2026-09-13T15:49+02:00,A4,L,1.555,3,speedlimit
2026-09-13T15:49+02:00,A20,s,29.6,1,speedlimit
2026-09-13T15:49+02:00,A20,L,28.57,2,speedlimit
2026-09-13T15:49+02:00,A20,R,30.6,2,speedlimit
2026-09-13T15:49+02:00,A15,R,59.57,1,speedlimit
2026-09-13T15:49+02:00,A29,s,9.91,2,lane_closed
2026-09-13T15:49+02:00,A15,L,65.25,3,speedlimit
2026-09-13T15:49+02:00,A13,L,17.1,2,speedlimit
2026-09-13T15:49+02:00,A20,L,28.57,3,speedlimit
2026-09-13T15:49+02:00,A4,m,44.85,3,speedlimit
2026-09-13T15:49+02:00,A15,R,59.57,3,lane_closed
2026-09-13T15:49+02:00,A15,L,64.67,3,speedlimit
2026-09-13T15:49+02:00,A20,R,26.4,4,speedlimit
2026-09-13T15:49+02:00,A20,R,30.196,2,speedlimit
2026-09-13T15:49+02:00,A13,R,17.8,3,speedlimit
2026-09-13T15:49+02:00,A15,n,95.855,2,speedlimit
2026-09-13T16:49+02:00,A13,R,6.725,4,speedlimit
2026-09-13T16:49+02:00,A13,L,16.7,1,speedlimit
2026-09-13T16:49+02:00,A4,R,40.7,4,speedlimit
2026-09-13T16:49+02:00,A16,x,18.9,3,speedlimit
2026-09-13T16:49+02:00,A4,L,3.062,4,speedlimit
2026-09-13T16:49+02:00,A15,R,59.2,2,speedlimit
2026-09-13T16:49+02:00,A4,R,42.19,3,speedlimit
2026-09-13T16:49+02:00,A20,L,30.196,2,speedlimit
2026-09-13T16:49+02:00,A13,R,16.655,1,speedlimit
2026-09-13T16:49+02:00,A13,R,17.1,2,speedlimit
2026-09-13T16:49+02:00,A15,R,61.63,4,lane_closed
2026-09-13T16:49+02:00,A4,L,5.93,1,speedlimit
2026-09-13T16:49+02:00,A4,j,4.65,2,lane_closed
2026-09-13T16:49+02:00,A15,R,61.33,5,lane_closed
2026-09-13T16:49+02:00,A16,x,18.9,1,speedlimit
2026-09-13T16:49+02:00,A13,R,8.1,2,speedlimit
2026-09-13T16:49+02:00,A29,v,10.39,1,lane_closed
2026-09-13T16:49+02:00,A13,R,8.1,3,speedlimit
2026-09-13T16:49+02:00,A15,R,58.05,4,speedlimit
2026-09-13T16:49+02:00,A29,L,11.06,4,speedlimit
2026-09-13T16:49+02:00,A29,L,11.06,2,speedlimit
2026-09-13T16:49+02:00,A4,L,2.447,2,speedlimit
2026-09-13T16:49+02:00,A13,R,18.5,1,speedlimit
2026-09-13T16:49+02:00,A4,R,3.27,4,speedlimit
2026-09-13T16:49+02:00,A4,R,41.6,4,speedlimit
2026-09-13T16:49+02:00,A20,L,29.5,2,speedlimit
2026-09-13T16:49+02:00,A4,L,1.555,5,speedlimit
2026-09-13T16:49+02:00,A13,R,18.5,4,speedlimit
2026-09-13T16:49+02:00,A15,m,58.46,3,speedlimit
2026-09-13T16:49+02:00,A13,R,18.2,3,speedlimit
2026-09-13T16:49+02:00,A20,R,28.1,1,speedlimit
2026-09-13T16:49+02:00,A20,R,30.196,3,speedlimit
2026-09-13T16:49+02:00,A4,R,42.19,2,speedlimit
2026-09-13T16:49+02:00,A4,L,4.44,3,speedlimit
2026-09-13T16:49+02:00,A4,j,4.65,1,lane_closed
2026-09-13T16:49+02:00,A4,L,3.65,2,speedlimit
2026-09-13T16:49+02:00,A20,L,36.94,1,lane_closed
2026-09-13T16:49+02:00,A15,R,58.05,1,speedlimit
2026-09-13T16:49+02:00,A15,R,58.46,2,speedlimit
2026-09-13T16:49+02:00,A15,n,95.855,3,speedlimit
2026-09-13T16:49+02:00,A4,R,41.6,1,speedlimit
2026-09-13T16:49+02:00,A13,R,17.8,2,speedlimit
2026-09-13T16:49+02:00,A15,R,61.05,6,lane_closed
2026-09-13T16:49+02:00,A4,L,5.225,6,lane_closed
2026-09-13T16:49+02:00,A20,s,29.6,2,speedlimit
2026-09-13T16:49+02:00,A15,L,65.25,2,speedlimit
2026-09-13T16:49+02:00,A15,L,65.685,3,speedlimit
2026-09-13T16:49+02:00,A15,R,58.05,2,speedlimit
2026-09-13T16:49+02:00,A20,R,26.93,4,speedlimit
2026-09-13T16:49+02:00,A20,R,28.57,3,speedlimit
2026-09-13T16:49+02:00,A15,R,61.05,1,speedlimit
2026-09-13T16:49+02:00,A29,v,10.8,1,lane_closed
2026-09-13T16:49+02:00,A4,R,3.01,4,speedlimit
2026-09-13T16:49+02:00,A4,L,2.447,4,speedlimit
2026-09-13T16:49+02:00,A29,s,9.64,2,lane_closed
2026-09-13T16:49+02:00,A13,L,18.8,2,speedlimit
2026-09-13T16:49+02:00,A15,R,60.49,4,lane_closed
2026-09-13T16:49+02:00,A15,R,62.454,3,lane_closed
2026-09-13T16:49+02:00,A20,R,27.235,1,speedlimit
2026-09-13T16:49+02:00,A20,L,28.41,2,speedlimit
2026-09-13T16:49+02:00,A4,R,41.6,2,speedlimit
2026-09-13T16:49+02:00,A4,L,3.65,4,speedlimit
2026-09-13T16:49+02:00,A20,R,27.79,2,speedlimit
2026-09-13T16:49+02:00,A13,R,18.5,3,speedlimit
2026-09-13T16:49+02:00,A20,R,28.57,4,speedlimit
2026-09-13T16:49+02:00,A20,R,31.26,4,speedlimit
2026-09-13T16:49+02:00,A20,L,29.826,2,speedlimit
2026-09-13T16:49+02:00,A20,L,35.925,1,lane_closed
2026-09-13T16:49+02:00,A20,L,28.57,1,speedlimit
2026-09-13T16:49+02:00,A20,R,29.5,4,speedlimit
2026-09-13T16:49+02:00,A15,m,60.07,1,lane_closed
2026-09-13T16:49+02:00,A20,R,28.1,2,speedlimit
2026-09-13T16:49+02:00,A20,R,26.64,1,speedlimit
2026-09-13T16:49+02:00,A15,R,61.05,4,lane_closed
2026-09-13T16:49+02:00,A15,L,64.2,2,speedlimit
2026-09-13T16:49+02:00,A15,R,60.49,3,lane_closed
2026-09-13T16:49+02:00,A29,R,9.83,1,lane_closed
2026-09-13T16:49+02:00,A20,L,32.8,2,speedlimit
2026-09-13T16:49+02:00,A29,R,9.5,3,speedlimit
2026-09-13T16:49+02:00,A15,L,65.25,4,speedlimit
2026-09-13T16:49+02:00,A15,R,59.2,1,speedlimit
2026-09-13T16:49+02:00,A13,L,17.1,3,speedlimit
2026-09-13T16:49+02:00,A29,L,10.63,1,speedlimit
2026-09-13T16:49+02:00,A20,L,36.625,1,lane_closed
2026-09-13T16:49+02:00,A15,R,62.454,2,speedlimit
2026-09-13T16:49+02:00,A29,L,11.525,1,speedlimit
2026-09-13T16:49+02:00,A4,L,5.549,6,lane_closed_ahead
2026-09-13T16:49+02:00,A29,s,9.64,1,lane_closed
2026-09-13T16:49+02:00,A20,L,27.488,1,speedlimit
2026-09-13T16:49+02:00,A20,L,27.2,1,speedlimit
2026-09-13T16:49+02:00,A4,h,46.06,2,speedlimit
2026-09-13T16:49+02:00,A4,R,40.7,3,speedlimit
2026-09-13T16:49+02:00,A15,R,59.57,2,speedlimit
2026-09-13T16:49+02:00,A20,L,27.8,2,speedlimit
2026-09-13T16:49+02:00,A4,k,4.44,3,lane_closed
2026-09-13T16:49+02:00,A15,R,58.05,5,speedlimit
2026-09-13T16:49+02:00,A13,L,18.2,3,speedlimit
2026-09-13T16:49+02:00,A4,m,3.83,3,lane_closed
2026-09-13T16:49+02:00,A29,L,10.63,2,speedlimit
2026-09-13T16:49+02:00,A20,L,31.88,1,speedlimit
2026-09-13T16:49+02:00,A29,L,11.06,1,speedlimit
2026-09-13T16:49+02:00,A4,m,3.83,4,lane_closed
2026-09-13T16:49+02:00,A13,L,16.7,2,speedlimit
2026-09-13T16:49+02:00,A20,L,30.9,2,speedlimit
2026-09-13T16:49+02:00,A20,L,28.085,1,speedlimit
2026-09-13T16:49+02:00,A15,R,58.05,3,speedlimit
2026-09-13T16:49+02:00,A4,R,40.7,2,speedlimit
2026-09-13T16:49+02:00,A15,R,61.33,3,lane_closed
2026-09-13T16:49+02:00,A20,R,30.6,1,speedlimit
2026-09-13T16:49+02:00,A13,R,17.1,3,speedlimit
2026-09-13T16:49+02:00,A20,R,26.93,3,speedlimit
2026-09-13T16:49+02:00,A15,R,62.062,2,speedlimit
2026-09-13T16:49+02:00,A20,L,31.4,1,speedlimit
2026-09-13T16:49+02:00,A29,s,10.4,1,lane_closed
2026-09-13T16:49+02:00,A15,R,61.05,3,lane_closed
2026-09-13T16:49+02:00,A4,L,5.225,3,speedlimit
2026-09-13T16:49+02:00,A15,m,59.11,2,speedlimit
2026-09-13T16:49+02:00,A20,L,31.1,2,speedlimit
2026-09-13T16:49+02:00,A13,g,18.7,2,speedlimit
2026-09-13T16:49+02:00,A13,R,6.725,2,speedlimit
2026-09-13T16:49+02:00,A15,L,65.685,2,speedlimit
2026-09-13T16:49+02:00,A15,m,61.995,3,lane_closed
2026-09-13T16:49+02:00,A20,L,31.4,2,speedlimit
2026-09-13T16:49+02:00,A4,L,1.555,2,speedlimit
2026-09-13T16:49+02:00,A4,f,3.96,1,lane_closed
2026-09-13T16:49+02:00,A15,R,61.63,1,speedlimit
2026-09-13T16:49+02:00,A29,R,9.5,1,lane_closed_ahead
2026-09-13T16:49+02:00,A15,R,61.33,4,lane_closed
2026-09-13T16:49+02:00,A13,L,15.9,3,lane_closed
2026-09-13T16:49+02:00,A4,L,3.062,3,speedlimit
2026-09-13T16:49+02:00,A4,R,3.27,1,speedlimit
2026-09-13T16:49+02:00,A13,R,16.2,1,speedlimit
2026-09-13T16:49+02:00,A4,R,42.19,4,speedlimit
2026-09-13T16:49+02:00,A29,s,10.4,2,lane_closed
2026-09-13T16:49+02:00,A13,R,18.5,2,speedlimit
2026-09-13T16:49+02:00,A20,L,30.196,1,speedlimit
2026-09-13T16:49+02:00,A4,L,2.792,1,speedlimit
2026-09-13T16:49+02:00,A20,R,27.79,1,speedlimit
2026-09-13T16:49+02:00,A4,L,2.447,1,speedlimit
2026-09-13T16:49+02:00,A15,R,61.33,1,speedlimit
2026-09-13T16:49+02:00,A20,L,29.826,1,speedlimit
2026-09-13T16:49+02:00,A15,m,61.995,1,lane_closed
2026-09-13T16:49+02:00,A20,R,28.41,2,speedlimit
2026-09-13T16:49+02:00,A4,L,5.549,1,speedlimit
2026-09-13T16:49+02:00,A15,R,62.062,1,speedlimit
2026-09-13T16:49+02:00,A20,R,29.1,1,speedlimit
2026-09-13T16:49+02:00,A13,R,17.8,1,speedlimit
2026-09-13T16:49+02:00,A29,L,11.06,3,speedlimit
2026-09-13T16:49+02:00,A20,R,28.41,1,speedlimit
2026-09-13T16:49+02:00,A20,R,31.9,2,speedlimit
2026-09-13T16:49+02:00,A15,R,61.63,5,lane_closed
2026-09-13T16:49+02:00,A29,L,11.525,3,speedlimit
2026-09-13T16:49+02:00,A4,R,3.27,2,speedlimit
2026-09-13T16:49+02:00,A4,L,3.062,5,speedlimit
2026-09-13T16:49+02:00,A20,L,31.1,3,speedlimit
2026-09-13T16:49+02:00,A15,R,61.33,6,lane_closed
2026-09-13T16:49+02:00,A29,R,9.5,2,speedlimit
2026-09-13T16:49+02:00,A29,R,9.83,3,speedlimit
2026-09-13T16:49+02:00,A15,R,62.454,5,lane_closed
2026-09-13T16:49+02:00,A15,R,60.49,2,speedlimit
2026-09-13T16:49+02:00,A20,R,27.488,2,speedlimit
2026-09-13T16:49+02:00,A20,t,28.895,1,speedlimit
2026-09-13T16:49+02:00,A20,L,32.8,1,speedlimit
2026-09-13T16:49+02:00,A20,R,28.8,2,speedlimit
2026-09-13T16:49+02:00,A16,x,19.3,2,speedlimit
2026-09-13T16:49+02:00,A20,L,31.1,1,speedlimit
2026-09-13T16:49+02:00,A13,L,16.19,3,lane_closed
2026-09-13T16:49+02:00,A13,L,15.035,5,lane_closed
2026-09-13T16:49+02:00,A4,m,3.83,2,speedlimit
2026-09-13T16:49+02:00,A20,L,27.8,1,speedlimit
2026-09-13T16:49+02:00,A13,R,8.1,1,speedlimit
2026-09-13T16:49+02:00,A20,R,29.1,2,speedlimit
2026-09-13T16:49+02:00,A13,g,18.7,1,speedlimit
2026-09-13T16:49+02:00,A20,R,28.57,2,speedlimit
2026-09-13T16:49+02:00,A20,R,26.64,2,speedlimit
2026-09-13T16:49+02:00,A15,L,64.2,3,speedlimit
2026-09-13T16:49+02:00,A20,L,29.1,1,speedlimit
2026-09-13T16:49+02:00,A13,L,18.2,1,speedlimit
2026-09-13T16:49+02:00,A15,L,64.67,2,speedlimit
2026-09-13T16:49+02:00,A13,L,12.7,4,lane_closed
2026-09-13T16:49+02:00,A20,L,31.88,2,speedlimit
2026-09-13T16:49+02:00,A13,R,6.725,3,speedlimit
2026-09-13T16:49+02:00,A15,R,62.454,4,lane_closed
2026-09-13T16:49+02:00,A20,L,28.085,2,speedlimit
2026-09-13T16:49+02:00,A15,R,62.062,3,lane_closed
2026-09-13T16:49+02:00,A20,R,30.6,3,speedlimit
2026-09-13T16:49+02:00,A15,m,58.65,3,speedlimit
2026-09-13T16:49+02:00,A20,L,35.52,1,lane_closed
2026-09-13T16:49+02:00,A15,R,62.062,4,lane_closed
2026-09-13T16:49+02:00,A29,s,9.91,1,lane_closed
2026-09-13T16:49+02:00,A20,R,29.8,2,speedlimit
2026-09-13T16:49+02:00,A15,L,64.2,1,lane_closed
2026-09-13T16:49+02:00,A20,R,27.235,2,speedlimit
2026-09-13T16:49+02:00,A20,L,37.3,1,lane_closed
2026-09-13T16:49+02:00,A4,L,2.792,2,speedlimit
2026-09-13T16:49+02:00,A15,R,59.95,1,speedlimit
2026-09-13T16:49+02:00,A13,R,18.2,1,speedlimit
2026-09-13T16:49+02:00,A4,k,4.44,2,lane_closed
2026-09-13T16:49+02:00,A4,L,4.44,2,speedlimit
2026-09-13T16:49+02:00,A15,L,65.25,1,lane_closed_ahead
2026-09-13T16:49+02:00,A29,L,10.78,1,speedlimit
2026-09-13T16:49+02:00,A15,e,95.55,1,speedlimit
2026-09-13T16:49+02:00,A13,e,19.1,1,speedlimit
2026-09-13T16:49+02:00,A29,L,10.63,4,lane_closed
2026-09-13T16:49+02:00,A4,L,3.65,1,speedlimit
2026-09-13T16:49+02:00,A29,R,9.83,2,speedlimit
2026-09-13T16:49+02:00,A4,L,2.792,4,speedlimit
2026-09-13T16:49+02:00,A15,R,60.49,1,speedlimit
2026-09-13T16:49+02:00,A13,L,17.8,3,speedlimit
2026-09-13T16:49+02:00,A4,R,3.01,5,speedlimit
2026-09-13T16:49+02:00,A4,L,5.93,3,speedlimit
2026-09-13T16:49+02:00,A4,R,41.6,3,speedlimit
2026-09-13T16:49+02:00,A4,R,40.7,1,speedlimit
2026-09-13T16:49+02:00,A20,R,31.26,1,speedlimit
2026-09-13T16:49+02:00,A16,x,18.543,2,speedlimit
2026-09-13T16:49+02:00,A4,L,5.93,5,speedlimit
2026-09-13T16:49+02:00,A15,R,61.05,5,lane_closed
2026-09-13T16:49+02:00,A15,R,59.2,4,lane_closed_ahead
2026-09-13T16:49+02:00,A15,R,61.33,2,speedlimit
2026-09-13T16:49+02:00,A4,L,2.792,3,speedlimit
2026-09-13T16:49+02:00,A20,L,29.826,3,speedlimit
2026-09-13T16:49+02:00,A15,m,61.995,2,lane_closed
2026-09-13T16:49+02:00,A4,h,45.58,3,lane_closed
2026-09-13T16:49+02:00,A16,x,18.9,4,speedlimit
2026-09-13T16:49+02:00,A20,L,29.5,1,speedlimit
2026-09-13T16:49+02:00,A20,R,28.8,3,speedlimit
2026-09-13T16:49+02:00,A20,R,29.5,1,speedlimit
2026-09-13T16:49+02:00,A15,R,60.76,3,lane_closed
2026-09-13T16:49+02:00,A15,R,59.95,2,speedlimit
2026-09-13T16:49+02:00,A13,L,11.25,4,lane_closed
2026-09-13T16:49+02:00,A20,L,30.9,1,speedlimit
2026-09-13T16:49+02:00,A13,R,18.2,4,speedlimit
2026-09-13T16:49+02:00,A4,L,5.93,4,speedlimit
2026-09-13T16:49+02:00,A15,m,59.58,1,lane_closed
2026-09-13T16:49+02:00,A4,L,4.44,1,speedlimit
2026-09-13T16:49+02:00,A13,R,18.7,1,speedlimit
2026-09-13T16:49+02:00,A15,L,64.67,5,speedlimit
2026-09-13T16:49+02:00,A15,n,95.855,1,speedlimit
2026-09-13T16:49+02:00,A4,L,5.93,6,speedlimit
2026-09-13T16:49+02:00,A20,c,27.488,1,speedlimit
2026-09-13T16:49+02:00,A20,R,31.9,3,speedlimit
2026-09-13T16:49+02:00,A16,x,18.9,2,speedlimit
2026-09-13T16:49+02:00,A13,R,16.655,3,speedlimit
2026-09-13T16:49+02:00,A20,L,29.1,2,speedlimit
2026-09-13T16:49+02:00,A15,L,63.56,1,lane_closed
2026-09-13T16:49+02:00,A20,R,29.8,3,speedlimit
2026-09-13T16:49+02:00,A13,L,18.2,2,speedlimit
2026-09-13T16:49+02:00,A20,R,26.4,3,speedlimit
2026-09-13T16:49+02:00,A15,R,60.76,4,lane_closed
2026-09-13T16:49+02:00,A15,m,58.65,1,lane_closed
2026-09-13T16:49+02:00,A29,L,11.525,2,speedlimit
2026-09-13T16:49+02:00,A20,R,26.93,1,speedlimit
2026-09-13T16:49+02:00,A15,R,61.63,2,speedlimit
2026-09-13T16:49+02:00,A15,R,58.46,3,speedlimit
2026-09-13T16:49+02:00,A15,R,60.76,1,speedlimit
2026-09-13T16:49+02:00,A4,L,5.549,3,speedlimit
2026-09-13T16:49+02:00,A20,R,26.4,2,speedlimit
2026-09-13T16:49+02:00,A15,L,63.56,3,speedlimit
2026-09-13T16:49+02:00,A20,L,27.488,2,speedlimit
2026-09-13T16:49+02:00,A20,L,30.196,3,speedlimit
2026-09-13T16:49+02:00,A4,h,46.06,1,speedlimit
2026-09-13T16:49+02:00,A4,R,3.01,2,speedlimit
2026-09-13T16:49+02:00,A4,L,5.549,4,speedlimit
2026-09-13T16:49+02:00,A15,m,61.995,4,lane_closed
2026-09-13T16:49+02:00,A20,L,28.41,1,speedlimit
2026-09-13T16:49+02:00,A13,L,13.18,4,lane_closed
2026-09-13T16:49+02:00,A4,L,1.555,1,speedlimit
2026-09-13T16:49+02:00,A13,R,6.725,1,speedlimit
2026-09-13T16:49+02:00,A13,L,17.8,2,speedlimit
2026-09-13T16:49+02:00,A4,L,2.792,5,speedlimit
2026-09-13T16:49+02:00,A4,R,42.19,1,speedlimit
2026-09-13T16:49+02:00,A4,L,5.93,2,speedlimit
2026-09-13T16:49+02:00,A20,R,28.57,1,speedlimit
2026-09-13T16:49+02:00,A4,L,5.549,5,speedlimit
2026-09-13T16:49+02:00,A20,R,30.196,4,speedlimit
2026-09-13T16:49+02:00,A4,L,56.43,1,speedlimit
2026-09-13T16:49+02:00,A29,L,10.78,2,speedlimit
2026-09-13T16:49+02:00,A4,L,3.65,3,speedlimit
2026-09-13T16:49+02:00,A4,L,5.225,2,speedlimit
2026-09-13T16:49+02:00,A20,t,29.6,2,speedlimit
2026-09-13T16:49+02:00,A4,L,5.225,4,speedlimit
2026-09-13T16:49+02:00,A20,L,38.3,1,lane_closed_ahead
2026-09-13T16:49+02:00,A4,L,55.985,2,speedlimit
2026-09-13T16:49+02:00,A15,L,64.67,4,speedlimit
2026-09-13T16:49+02:00,A15,L,65.685,1,speedlimit
2026-09-13T16:49+02:00,A15,L,64.67,1,lane_closed
2026-09-13T16:49+02:00,A20,R,26.93,2,speedlimit
2026-09-13T16:49+02:00,A4,R,3.27,3,speedlimit
2026-09-13T16:49+02:00,A20,L,30.9,3,speedlimit
2026-09-13T16:49+02:00,A13,L,18.8,3,speedlimit
2026-09-13T16:49+02:00,A20,L,37.8,1,lane_closed
2026-09-13T16:49+02:00,A20,R,28.8,1,speedlimit
2026-09-13T16:49+02:00,A4,L,57.05,2,speedlimit
2026-09-13T16:49+02:00,A15,R,61.05,2,speedlimit
2026-09-13T16:49+02:00,A13,L,18.8,1,speedlimit
2026-09-13T16:49+02:00,A4,h,46.4,2,speedlimit
2026-09-13T16:49+02:00,A13,R,16.2,2,speedlimit
2026-09-13T16:49+02:00,A4,L,2.447,3,speedlimit
2026-09-13T16:49+02:00,A4,L,3.062,1,speedlimit
2026-09-13T16:49+02:00,A4,m,3.83,1,speedlimit
2026-09-13T16:49+02:00,A4,L,5.549,2,speedlimit
2026-09-13T16:49+02:00,A20,L,31.4,3,speedlimit
2026-09-13T16:49+02:00,A4,L,1.555,4,speedlimit
2026-09-13T16:49+02:00,A4,L,57.05,1,speedlimit
2026-09-13T16:49+02:00,A20,L,30.196,4,speedlimit
2026-09-13T16:49+02:00,A4,L,56.43,2,speedlimit
2026-09-13T16:49+02:00,A4,L,5.225,5,speedlimit
2026-09-13T16:49+02:00,A4,f,3.96,2,lane_closed
2026-09-13T16:49+02:00,A13,R,18.2,2,speedlimit
2026-09-13T16:49+02:00,A16,x,18.543,3,speedlimit
2026-09-13T16:49+02:00,A4,R,3.01,1,speedlimit
2026-09-13T16:49+02:00,A13,L,17.8,1,speedlimit
2026-09-13T16:49+02:00,A13,R,7.2,3,speedlimit
2026-09-13T16:49+02:00,A20,R,29.8,1,speedlimit
2026-09-13T16:49+02:00,A4,L,3.062,2,speedlimit
2026-09-13T16:49+02:00,A20,R,31.26,2,speedlimit
2026-09-13T16:49+02:00,A15,m,58.46,1,lane_closed_ahead
2026-09-13T16:49+02:00,A4,R,3.27,5,speedlimit
2026-09-13T16:49+02:00,A15,m,59.11,3,speedlimit
2026-09-13T16:49+02:00,A4,R,3.01,3,speedlimit
2026-09-13T16:49+02:00,A20,R,31.26,3,speedlimit
2026-09-13T16:49+02:00,A20,R,26.64,3,speedlimit
2026-09-13T16:49+02:00,A20,R,26.64,4,speedlimit
2026-09-13T16:49+02:00,A20,R,26.4,1,speedlimit
2026-09-13T16:49+02:00,A13,R,17.1,1,speedlimit
2026-09-13T16:49+02:00,A15,R,59.2,3,speedlimit
2026-09-13T16:49+02:00,A20,R,29.5,3,speedlimit
2026-09-13T16:49+02:00,A15,R,58.46,4,speedlimit
2026-09-13T16:49+02:00,A29,L,10.63,3,lane_closed
2026-09-13T16:49+02:00,A13,L,13.7,4,lane_closed
2026-09-13T16:49+02:00,A15,L,63.56,2,speedlimit
2026-09-13T16:49+02:00,A4,L,55.985,1,speedlimit
2026-09-13T16:49+02:00,A13,L,14.2,4,lane_closed
2026-09-13T16:49+02:00,A15,R,60.76,2,speedlimit
2026-09-13T16:49+02:00,A4,h,46.4,1,speedlimit
2026-09-13T16:49+02:00,A13,R,7.2,1,speedlimit
2026-09-13T16:49+02:00,A29,L,11.525,4,speedlimit
2026-09-13T16:49+02:00,A20,t,29.6,1,speedlimit
2026-09-13T16:49+02:00,A15,L,65.685,4,speedlimit
2026-09-13T16:49+02:00,A20,R,29.8,4,speedlimit
2026-09-13T16:49+02:00,A13,R,18.7,2,speedlimit
2026-09-13T16:49+02:00,A20,R,27.488,1,speedlimit
2026-09-13T16:49+02:00,A15,R,62.454,1,speedlimit
2026-09-13T16:49+02:00,A15,m,59.11,1,lane_closed
2026-09-13T16:49+02:00,A20,R,29.5,2,speedlimit
2026-09-13T16:49+02:00,A20,L,27.2,2,speedlimit
2026-09-13T16:49+02:00,A13,R,18.963,1,speedlimit
2026-09-13T16:49+02:00,A13,L,17.1,1,speedlimit
2026-09-13T16:49+02:00,A15,R,61.63,3,lane_closed
2026-09-13T16:49+02:00,A20,L,31.88,3,speedlimit
2026-09-13T16:49+02:00,A13,L,17.1,4,speedlimit
2026-09-13T16:49+02:00,A13,R,16.655,2,speedlimit
2026-09-13T16:49+02:00,A13,L,15.55,5,lane_closed
2026-09-13T16:49+02:00,A4,k,4.44,1,speedlimit
2026-09-13T16:49+02:00,A15,m,58.65,2,speedlimit
2026-09-13T16:49+02:00,A15,R,59.95,3,lane_closed
2026-09-13T16:49+02:00,A4,L,5.225,1,speedlimit
2026-09-13T16:49+02:00,A20,L,32.8,3,speedlimit
2026-09-13T16:49+02:00,A15,R,61.63,6,lane_closed
2026-09-13T16:49+02:00,A15,R,58.46,1,speedlimit
2026-09-13T16:49+02:00,A20,R,30.196,1,speedlimit
2026-09-13T16:49+02:00,A16,x,18.543,1,speedlimit
2026-09-13T16:49+02:00,A16,x,19.3,1,speedlimit
2026-09-13T16:49+02:00,A20,L,29.826,4,speedlimit
2026-09-13T16:49+02:00,A4,L,1.555,3,speedlimit
2026-09-13T16:49+02:00,A20,s,29.6,1,speedlimit
2026-09-13T16:49+02:00,A20,L,28.57,2,speedlimit
2026-09-13T16:49+02:00,A20,R,30.6,2,speedlimit
2026-09-13T16:49+02:00,A15,R,59.57,1,speedlimit
2026-09-13T16:49+02:00,A29,s,9.91,2,lane_closed
2026-09-13T16:49+02:00,A15,L,65.25,3,speedlimit
2026-09-13T16:49+02:00,A13,L,17.1,2,speedlimit
2026-09-13T16:49+02:00,A20,L,28.57,3,speedlimit
2026-09-13T16:49+02:00,A15,R,59.57,3,lane_closed
2026-09-13T16:49+02:00,A15,L,64.67,3,speedlimit
2026-09-13T16:49+02:00,A20,R,26.4,4,speedlimit
2026-09-13T16:49+02:00,A20,R,30.196,2,speedlimit
2026-09-13T16:49+02:00,A13,R,17.8,3,speedlimit
2026-09-13T16:49+02:00,A15,n,95.855,2,speedlimit
2026-09-13T17:49+02:00,A13,L,16.7,1,speedlimit
2026-09-13T17:49+02:00,A15,y,47.092,2,speedlimit
2026-09-13T17:49+02:00,A4,R,61.555,3,speedlimit
2026-09-13T17:49+02:00,A15,R,59.2,2,speedlimit
2026-09-13T17:49+02:00,A20,L,30.196,2,speedlimit
2026-09-13T17:49+02:00,A4,R,61.825,2,speedlimit
2026-09-13T17:49+02:00,A13,R,16.655,1,speedlimit
2026-09-13T17:49+02:00,A13,R,17.1,2,speedlimit
2026-09-13T17:49+02:00,A15,R,61.63,4,lane_closed
2026-09-13T17:49+02:00,A29,R,15.18,4,lane_closed
2026-09-13T17:49+02:00,A4,L,5.93,1,speedlimit
2026-09-13T17:49+02:00,A4,j,4.65,2,lane_closed
2026-09-13T17:49+02:00,A15,R,61.33,5,lane_closed
2026-09-13T17:49+02:00,A29,v,10.39,1,lane_closed
2026-09-13T17:49+02:00,A15,R,58.05,4,speedlimit
2026-09-13T17:49+02:00,A29,L,11.06,4,speedlimit
2026-09-13T17:49+02:00,A29,L,11.06,2,speedlimit
2026-09-13T17:49+02:00,A4,R,62.135,1,lane_closed
2026-09-13T17:49+02:00,A4,R,61.98,3,speedlimit
2026-09-13T17:49+02:00,A13,R,18.5,1,speedlimit
2026-09-13T17:49+02:00,A4,R,63.075,3,speedlimit
2026-09-13T17:49+02:00,A4,R,3.27,4,speedlimit
2026-09-13T17:49+02:00,A29,R,14.35,1,speedlimit
2026-09-13T17:49+02:00,A20,L,29.5,2,speedlimit
2026-09-13T17:49+02:00,A4,R,7.762,3,speedlimit
2026-09-13T17:49+02:00,A13,R,18.5,4,speedlimit
2026-09-13T17:49+02:00,A15,m,58.46,3,speedlimit
2026-09-13T17:49+02:00,A13,R,18.2,3,speedlimit
2026-09-13T17:49+02:00,A20,R,28.1,1,speedlimit
2026-09-13T17:49+02:00,A20,R,30.196,3,speedlimit
2026-09-13T17:49+02:00,A4,L,4.44,3,speedlimit
2026-09-13T17:49+02:00,A29,R,13.605,1,speedlimit
2026-09-13T17:49+02:00,A4,R,62.135,2,speedlimit
2026-09-13T17:49+02:00,A4,j,4.65,1,lane_closed
2026-09-13T17:49+02:00,A4,R,7.762,2,speedlimit
2026-09-13T17:49+02:00,A4,R,6.37,2,speedlimit
2026-09-13T17:49+02:00,A20,L,36.94,1,lane_closed
2026-09-13T17:49+02:00,A15,R,58.05,1,speedlimit
2026-09-13T17:49+02:00,A4,R,61.98,1,lane_closed
2026-09-13T17:49+02:00,A15,R,58.46,2,speedlimit
2026-09-13T17:49+02:00,A4,R,61.155,2,speedlimit
2026-09-13T17:49+02:00,A15,n,95.855,3,speedlimit
2026-09-13T17:49+02:00,A4,R,60.95,1,lane_closed_ahead
2026-09-13T17:49+02:00,A13,R,17.8,2,speedlimit
2026-09-13T17:49+02:00,A15,R,61.05,6,lane_closed
2026-09-13T17:49+02:00,A4,L,5.225,6,lane_closed
2026-09-13T17:49+02:00,A20,s,29.6,2,speedlimit
2026-09-13T17:49+02:00,A15,L,65.25,2,speedlimit
2026-09-13T17:49+02:00,A15,L,65.685,3,speedlimit
2026-09-13T17:49+02:00,A15,y,47.43,2,speedlimit
2026-09-13T17:49+02:00,A15,R,58.05,2,speedlimit
2026-09-13T17:49+02:00,A15,x,46.135,3,speedlimit
2026-09-13T17:49+02:00,A20,R,26.93,4,speedlimit
2026-09-13T17:49+02:00,A20,R,28.57,3,speedlimit
2026-09-13T17:49+02:00,A15,R,61.05,1,speedlimit
2026-09-13T17:49+02:00,A29,v,10.8,1,lane_closed
2026-09-13T17:49+02:00,A4,R,3.01,4,speedlimit
2026-09-13T17:49+02:00,A29,s,9.64,2,lane_closed
2026-09-13T17:49+02:00,A13,L,18.8,2,speedlimit
2026-09-13T17:49+02:00,A15,R,60.49,4,lane_closed
2026-09-13T17:49+02:00,A15,R,62.454,3,lane_closed
2026-09-13T17:49+02:00,A20,R,27.235,1,speedlimit
2026-09-13T17:49+02:00,A20,L,28.41,2,speedlimit
2026-09-13T17:49+02:00,A15,m,62.454,2,speedlimit
2026-09-13T17:49+02:00,A29,R,13.75,3,speedlimit
2026-09-13T17:49+02:00,A4,R,60.6,2,speedlimit
2026-09-13T17:49+02:00,A4,R,6.6,2,speedlimit
2026-09-13T17:49+02:00,A20,R,27.79,2,speedlimit
2026-09-13T17:49+02:00,A13,R,18.5,3,speedlimit
2026-09-13T17:49+02:00,A20,R,28.57,4,speedlimit
2026-09-13T17:49+02:00,A20,R,31.26,4,speedlimit
2026-09-13T17:49+02:00,A20,L,29.826,2,speedlimit
2026-09-13T17:49+02:00,A20,L,35.925,1,lane_closed
2026-09-13T17:49+02:00,A20,L,28.57,1,speedlimit
2026-09-13T17:49+02:00,A29,R,14.05,3,speedlimit
2026-09-13T17:49+02:00,A20,R,29.5,4,speedlimit
2026-09-13T17:49+02:00,A15,x,46.135,1,speedlimit
2026-09-13T17:49+02:00,A15,m,60.07,1,lane_closed
2026-09-13T17:49+02:00,A29,R,13.18,3,speedlimit
2026-09-13T17:49+02:00,A20,R,28.1,2,speedlimit
2026-09-13T17:49+02:00,A20,R,26.64,1,speedlimit
2026-09-13T17:49+02:00,A4,R,6.6,3,speedlimit
2026-09-13T17:49+02:00,A15,R,61.05,4,lane_closed
2026-09-13T17:49+02:00,A15,L,64.2,2,speedlimit
2026-09-13T17:49+02:00,A15,R,60.49,3,lane_closed
2026-09-13T17:49+02:00,A4,R,62.3,2,speedlimit
2026-09-13T17:49+02:00,A29,R,13.9,1,speedlimit
2026-09-13T17:49+02:00,A29,R,9.83,1,lane_closed
2026-09-13T17:49+02:00,A20,L,32.8,2,speedlimit
2026-09-13T17:49+02:00,A29,R,9.5,3,speedlimit
2026-09-13T17:49+02:00,A15,L,65.25,4,speedlimit
2026-09-13T17:49+02:00,A15,R,59.2,1,speedlimit
2026-09-13T17:49+02:00,A13,L,17.1,3,speedlimit
2026-09-13T17:49+02:00,A4,R,61.98,2,speedlimit
2026-09-13T17:49+02:00,A4,R,62.755,3,speedlimit
2026-09-13T17:49+02:00,A29,L,10.63,1,speedlimit
2026-09-13T17:49+02:00,A20,L,36.625,1,lane_closed
2026-09-13T17:49+02:00,A15,R,62.454,2,speedlimit
2026-09-13T17:49+02:00,A29,L,11.525,1,speedlimit
2026-09-13T17:49+02:00,A4,L,5.549,6,lane_closed_ahead
2026-09-13T17:49+02:00,A4,R,7.304,3,speedlimit
2026-09-13T17:49+02:00,A29,s,9.64,1,lane_closed
2026-09-13T17:49+02:00,A20,L,27.488,1,speedlimit
2026-09-13T17:49+02:00,A20,L,27.2,1,speedlimit
2026-09-13T17:49+02:00,A4,h,46.06,2,speedlimit
2026-09-13T17:49+02:00,A15,R,59.57,2,speedlimit
2026-09-13T17:49+02:00,A20,L,27.8,2,speedlimit
2026-09-13T17:49+02:00,A4,k,4.44,3,lane_closed
2026-09-13T17:49+02:00,A15,R,58.05,5,speedlimit
2026-09-13T17:49+02:00,A13,L,18.2,3,speedlimit
2026-09-13T17:49+02:00,A4,m,3.83,3,lane_closed
2026-09-13T17:49+02:00,A29,L,10.63,2,speedlimit
2026-09-13T17:49+02:00,A20,L,31.88,1,speedlimit
2026-09-13T17:49+02:00,A4,R,7.155,1,speedlimit
2026-09-13T17:49+02:00,A29,L,11.06,1,speedlimit
2026-09-13T17:49+02:00,A4,m,3.83,4,lane_closed
2026-09-13T17:49+02:00,A13,L,16.7,2,speedlimit
2026-09-13T17:49+02:00,A20,L,30.9,2,speedlimit
2026-09-13T17:49+02:00,A20,L,28.085,1,speedlimit
2026-09-13T17:49+02:00,A15,R,58.05,3,speedlimit
2026-09-13T17:49+02:00,A15,R,61.33,3,lane_closed
2026-09-13T17:49+02:00,A20,R,30.6,1,speedlimit
2026-09-13T17:49+02:00,A4,p,5.97,2,speedlimit
2026-09-13T17:49+02:00,A13,R,17.1,3,speedlimit
2026-09-13T17:49+02:00,A20,R,26.93,3,speedlimit
2026-09-13T17:49+02:00,A15,R,62.062,2,speedlimit
2026-09-13T17:49+02:00,A20,L,31.4,1,speedlimit
2026-09-13T17:49+02:00,A4,R,7.762,1,speedlimit
2026-09-13T17:49+02:00,A29,s,10.4,1,lane_closed
2026-09-13T17:49+02:00,A15,R,61.05,3,lane_closed
2026-09-13T17:49+02:00,A4,L,5.225,3,speedlimit
2026-09-13T17:49+02:00,A15,m,59.11,2,speedlimit
2026-09-13T17:49+02:00,A4,R,7.445,2,speedlimit
2026-09-13T17:49+02:00,A20,L,31.1,2,speedlimit
2026-09-13T17:49+02:00,A4,R,61.555,2,speedlimit
2026-09-13T17:49+02:00,A13,g,18.7,2,speedlimit
2026-09-13T17:49+02:00,A15,L,65.685,2,speedlimit
2026-09-13T17:49+02:00,A15,m,61.995,3,lane_closed
2026-09-13T17:49+02:00,A20,L,31.4,2,speedlimit
2026-09-13T17:49+02:00,A4,R,60.95,3,speedlimit
2026-09-13T17:49+02:00,A4,f,3.96,1,lane_closed
2026-09-13T17:49+02:00,A15,R,61.63,1,speedlimit
2026-09-13T17:49+02:00,A29,R,9.5,1,lane_closed_ahead
2026-09-13T17:49+02:00,A15,R,61.33,4,lane_closed
2026-09-13T17:49+02:00,A15,y,47.43,3,speedlimit
2026-09-13T17:49+02:00,A13,L,15.9,3,lane_closed
2026-09-13T17:49+02:00,A4,R,3.27,1,speedlimit
2026-09-13T17:49+02:00,A13,R,16.2,1,speedlimit
2026-09-13T17:49+02:00,A4,R,61.36,2,speedlimit
2026-09-13T17:49+02:00,A29,R,14.35,3,speedlimit
2026-09-13T17:49+02:00,A29,s,10.4,2,lane_closed
2026-09-13T17:49+02:00,A13,R,18.5,2,speedlimit
2026-09-13T17:49+02:00,A20,L,30.196,1,speedlimit
2026-09-13T17:49+02:00,A29,R,15.18,2,speedlimit
2026-09-13T17:49+02:00,A20,R,27.79,1,speedlimit
2026-09-13T17:49+02:00,A15,R,61.33,1,speedlimit
2026-09-13T17:49+02:00,A4,R,63.075,2,speedlimit
2026-09-13T17:49+02:00,A4,R,7.072,3,speedlimit
2026-09-13T17:49+02:00,A20,L,29.826,1,speedlimit
2026-09-13T17:49+02:00,A4,R,8.14,4,lane_closed
2026-09-13T17:49+02:00,A15,m,62.454,1,speedlimit
2026-09-13T17:49+02:00,A4,R,61.825,1,lane_closed
2026-09-13T17:49+02:00,A4,R,7.155,4,lane_closed
2026-09-13T17:49+02:00,A15,m,61.995,1,lane_closed
2026-09-13T17:49+02:00,A29,R,14.8,3,speedlimit
2026-09-13T17:49+02:00,A29,R,13.605,2,speedlimit
2026-09-13T17:49+02:00,A20,R,28.41,2,speedlimit
2026-09-13T17:49+02:00,A4,R,7.445,4,lane_closed
2026-09-13T17:49+02:00,A4,L,5.549,1,speedlimit
2026-09-13T17:49+02:00,A15,R,62.062,1,speedlimit
2026-09-13T17:49+02:00,A29,R,15.47,4,lane_closed
2026-09-13T17:49+02:00,A29,R,14.8,4,lane_closed
2026-09-13T17:49+02:00,A20,R,29.1,1,speedlimit
2026-09-13T17:49+02:00,A4,R,63.234,2,speedlimit
2026-09-13T17:49+02:00,A29,R,13.44,1,speedlimit
2026-09-13T17:49+02:00,A13,R,17.8,1,speedlimit
2026-09-13T17:49+02:00,A29,L,11.06,3,speedlimit
2026-09-13T17:49+02:00,A20,R,28.41,1,speedlimit
2026-09-13T17:49+02:00,A29,R,13.9,2,speedlimit
2026-09-13T17:49+02:00,A20,R,31.9,2,speedlimit
2026-09-13T17:49+02:00,A4,R,7.155,2,speedlimit
2026-09-13T17:49+02:00,A15,R,61.63,5,lane_closed
2026-09-13T17:49+02:00,A29,L,11.525,3,speedlimit
2026-09-13T17:49+02:00,A4,R,3.27,2,speedlimit
2026-09-13T17:49+02:00,A20,L,31.1,3,speedlimit
2026-09-13T17:49+02:00,A15,R,61.33,6,lane_closed
2026-09-13T17:49+02:00,A29,R,9.5,2,speedlimit
2026-09-13T17:49+02:00,A29,R,9.83,3,speedlimit
2026-09-13T17:49+02:00,A15,R,62.454,5,lane_closed
2026-09-13T17:49+02:00,A29,R,15.47,2,speedlimit
2026-09-13T17:49+02:00,A15,R,60.49,2,speedlimit
2026-09-13T17:49+02:00,A20,R,27.488,2,speedlimit
2026-09-13T17:49+02:00,A20,t,28.895,1,speedlimit
2026-09-13T17:49+02:00,A20,L,32.8,1,speedlimit
2026-09-13T17:49+02:00,A20,R,28.8,2,speedlimit
2026-09-13T17:49+02:00,A29,R,14.8,1,speedlimit
2026-09-13T17:49+02:00,A20,L,31.1,1,speedlimit
2026-09-13T17:49+02:00,A29,R,14.35,2,speedlimit
2026-09-13T17:49+02:00,A13,L,16.19,3,lane_closed
2026-09-13T17:49+02:00,A13,L,15.035,5,lane_closed
2026-09-13T17:49+02:00,A4,R,7.445,3,speedlimit
2026-09-13T17:49+02:00,A4,m,3.83,2,speedlimit
2026-09-13T17:49+02:00,A29,R,15.47,1,speedlimit
2026-09-13T17:49+02:00,A29,R,14.8,2,speedlimit
2026-09-13T17:49+02:00,A4,R,7.762,4,lane_closed
2026-09-13T17:49+02:00,A20,L,27.8,1,speedlimit
2026-09-13T17:49+02:00,A20,R,29.1,2,speedlimit
2026-09-13T17:49+02:00,A13,g,18.7,1,speedlimit
2026-09-13T17:49+02:00,A20,R,28.57,2,speedlimit
2026-09-13T17:49+02:00,A29,R,15.18,3,speedlimit
2026-09-13T17:49+02:00,A20,R,26.64,2,speedlimit
2026-09-13T17:49+02:00,A15,L,64.2,3,speedlimit
2026-09-13T17:49+02:00,A20,L,29.1,1,speedlimit
2026-09-13T17:49+02:00,A4,R,62.3,1,lane_closed
2026-09-13T17:49+02:00,A13,L,18.2,1,speedlimit
2026-09-13T17:49+02:00,A15,L,64.67,2,speedlimit
2026-09-13T17:49+02:00,A13,L,12.7,4,lane_closed
2026-09-13T17:49+02:00,A20,L,31.88,2,speedlimit
2026-09-13T17:49+02:00,A4,R,62.6,3,speedlimit
2026-09-13T17:49+02:00,A15,R,62.454,4,lane_closed
2026-09-13T17:49+02:00,A20,L,28.085,2,speedlimit
2026-09-13T17:49+02:00,A15,R,62.062,3,lane_closed
2026-09-13T17:49+02:00,A15,x,46.135,2,speedlimit
2026-09-13T17:49+02:00,A20,R,30.6,3,speedlimit
2026-09-13T17:49+02:00,A15,m,58.65,3,speedlimit
2026-09-13T17:49+02:00,A20,L,35.52,1,lane_closed
2026-09-13T17:49+02:00,A15,R,62.062,4,lane_closed
2026-09-13T17:49+02:00,A29,s,9.91,1,lane_closed
2026-09-13T17:49+02:00,A4,R,62.407,2,speedlimit
2026-09-13T17:49+02:00,A20,R,29.8,2,speedlimit
2026-09-13T17:49+02:00,A4,R,61.36,3,speedlimit
2026-09-13T17:49+02:00,A15,L,64.2,1,lane_closed
2026-09-13T17:49+02:00,A20,R,27.235,2,speedlimit
2026-09-13T17:49+02:00,A20,L,37.3,1,lane_closed
2026-09-13T17:49+02:00,A15,R,59.95,1,speedlimit
2026-09-13T17:49+02:00,A13,R,18.2,1,speedlimit
2026-09-13T17:49+02:00,A4,k,4.44,2,lane_closed
2026-09-13T17:49+02:00,A29,R,13.44,2,speedlimit
2026-09-13T17:49+02:00,A4,L,4.44,2,speedlimit
2026-09-13T17:49+02:00,A15,L,65.25,1,lane_closed_ahead
2026-09-13T17:49+02:00,A4,R,6.37,3,speedlimit
2026-09-13T17:49+02:00,A29,R,13.9,3,speedlimit
2026-09-13T17:49+02:00,A29,R,13.75,2,speedlimit
2026-09-13T17:49+02:00,A29,L,10.78,1,speedlimit
2026-09-13T17:49+02:00,A15,e,95.55,1,speedlimit
2026-09-13T17:49+02:00,A4,R,7.304,4,lane_closed
2026-09-13T17:49+02:00,A13,e,19.1,1,speedlimit
2026-09-13T17:49+02:00,A29,R,14.2,3,speedlimit
2026-09-13T17:49+02:00,A29,L,10.63,4,lane_closed
2026-09-13T17:49+02:00,A4,R,62.6,1,lane_closed
2026-09-13T17:49+02:00,A29,R,9.83,2,speedlimit
2026-09-13T17:49+02:00,A15,R,60.49,1,speedlimit
2026-09-13T17:49+02:00,A13,L,17.8,3,speedlimit
2026-09-13T17:49+02:00,A4,R,61.155,1,lane_closed
2026-09-13T17:49+02:00,A4,R,3.01,5,speedlimit
2026-09-13T17:49+02:00,A4,L,5.93,3,speedlimit
2026-09-13T17:49+02:00,A29,R,14.05,2,speedlimit
2026-09-13T17:49+02:00,A20,R,31.26,1,speedlimit
2026-09-13T17:49+02:00,A4,L,5.93,5,speedlimit
2026-09-13T17:49+02:00,A15,R,61.05,5,lane_closed
2026-09-13T17:49+02:00,A4,p,5.97,1,speedlimit
2026-09-13T17:49+02:00,A15,R,59.2,4,lane_closed_ahead
2026-09-13T17:49+02:00,A4,R,62.91,1,lane_closed
2026-09-13T17:49+02:00,A15,R,61.33,2,speedlimit
2026-09-13T17:49+02:00,A15,y,47.092,1,speedlimit
2026-09-13T17:49+02:00,A20,L,29.826,3,speedlimit
2026-09-13T17:49+02:00,A15,m,61.995,2,lane_closed
2026-09-13T17:49+02:00,A4,h,45.58,3,lane_closed
2026-09-13T17:49+02:00,A20,L,29.5,1,speedlimit
2026-09-13T17:49+02:00,A20,R,28.8,3,speedlimit
2026-09-13T17:49+02:00,A20,R,29.5,1,speedlimit
2026-09-13T17:49+02:00,A15,R,60.76,3,lane_closed
2026-09-13T17:49+02:00,A15,R,59.95,2,speedlimit
2026-09-13T17:49+02:00,A4,R,6.6,1,speedlimit
2026-09-13T17:49+02:00,A29,R,13.18,1,speedlimit
2026-09-13T17:49+02:00,A4,R,6.902,2,speedlimit
2026-09-13T17:49+02:00,A13,L,11.25,4,lane_closed
2026-09-13T17:49+02:00,A20,L,30.9,1,speedlimit
2026-09-13T17:49+02:00,A13,R,18.2,4,speedlimit
2026-09-13T17:49+02:00,A4,L,5.93,4,speedlimit
2026-09-13T17:49+02:00,A15,m,59.58,1,lane_closed
2026-09-13T17:49+02:00,A4,R,63.234,4,speedlimit
2026-09-13T17:49+02:00,A15,r,45.853,2,speedlimit
2026-09-13T17:49+02:00,A29,R,13.75,1,speedlimit
2026-09-13T17:49+02:00,A4,L,4.44,1,speedlimit
2026-09-13T17:49+02:00,A13,R,18.7,1,speedlimit
2026-09-13T17:49+02:00,A15,L,64.67,5,speedlimit
2026-09-13T17:49+02:00,A29,R,14.05,1,speedlimit
2026-09-13T17:49+02:00,A15,n,95.855,1,speedlimit
2026-09-13T17:49+02:00,A4,L,5.93,6,speedlimit
2026-09-13T17:49+02:00,A20,c,27.488,1,speedlimit
2026-09-13T17:49+02:00,A20,R,31.9,3,speedlimit
2026-09-13T17:49+02:00,A4,R,62.755,2,speedlimit
2026-09-13T17:49+02:00,A13,R,16.655,3,speedlimit
2026-09-13T17:49+02:00,A4,R,6.902,3,speedlimit
2026-09-13T17:49+02:00,A4,R,8.14,3,speedlimit
2026-09-13T17:49+02:00,A4,R,63.234,1,lane_closed
2026-09-13T17:49+02:00,A4,R,7.445,1,speedlimit
2026-09-13T17:49+02:00,A20,L,29.1,2,speedlimit
2026-09-13T17:49+02:00,A15,L,63.56,1,lane_closed
2026-09-13T17:49+02:00,A20,R,29.8,3,speedlimit
2026-09-13T17:49+02:00,A13,L,18.2,2,speedlimit
2026-09-13T17:49+02:00,A20,R,26.4,3,speedlimit
2026-09-13T17:49+02:00,A15,R,60.76,4,lane_closed
2026-09-13T17:49+02:00,A4,R,6.902,4,lane_closed
2026-09-13T17:49+02:00,A4,R,8.14,1,speedlimit
2026-09-13T17:49+02:00,A15,m,58.65,1,lane_closed
2026-09-13T17:49+02:00,A29,L,11.525,2,speedlimit
2026-09-13T17:49+02:00,A4,R,7.072,4,lane_closed
2026-09-13T17:49+02:00,A20,R,26.93,1,speedlimit
2026-09-13T17:49+02:00,A4,R,62.135,3,speedlimit
2026-09-13T17:49+02:00,A15,R,61.63,2,speedlimit
2026-09-13T17:49+02:00,A15,R,58.46,3,speedlimit
2026-09-13T17:49+02:00,A15,R,60.76,1,speedlimit
2026-09-13T17:49+02:00,A4,L,5.549,3,speedlimit
2026-09-13T17:49+02:00,A20,R,26.4,2,speedlimit
2026-09-13T17:49+02:00,A15,L,63.56,3,speedlimit
2026-09-13T17:49+02:00,A20,L,27.488,2,speedlimit
2026-09-13T17:49+02:00,A20,L,30.196,3,speedlimit
2026-09-13T17:49+02:00,A4,h,46.06,1,speedlimit
2026-09-13T17:49+02:00,A4,R,3.01,2,speedlimit
2026-09-13T17:49+02:00,A4,L,5.549,4,speedlimit
2026-09-13T17:49+02:00,A15,m,61.995,4,lane_closed
2026-09-13T17:49+02:00,A20,L,28.41,1,speedlimit
2026-09-13T17:49+02:00,A13,L,13.18,4,lane_closed
2026-09-13T17:49+02:00,A13,L,17.8,2,speedlimit
2026-09-13T17:49+02:00,A15,x,45.853,1,speedlimit
2026-09-13T17:49+02:00,A4,L,5.93,2,speedlimit
2026-09-13T17:49+02:00,A20,R,28.57,1,speedlimit
2026-09-13T17:49+02:00,A4,L,5.549,5,speedlimit
2026-09-13T17:49+02:00,A20,R,30.196,4,speedlimit
2026-09-13T17:49+02:00,A29,L,10.78,2,speedlimit
2026-09-13T17:49+02:00,A4,R,62.755,1,lane_closed
2026-09-13T17:49+02:00,A4,R,6.902,1,speedlimit
2026-09-13T17:49+02:00,A4,L,5.225,2,speedlimit
2026-09-13T17:49+02:00,A4,R,61.69,3,speedlimit
2026-09-13T17:49+02:00,A4,R,7.072,2,speedlimit
2026-09-13T17:49+02:00,A20,t,29.6,2,speedlimit
2026-09-13T17:49+02:00,A4,R,62.6,2,speedlimit
2026-09-13T17:49+02:00,A4,L,5.225,4,speedlimit
2026-09-13T17:49+02:00,A20,L,38.3,1,lane_closed_ahead
2026-09-13T17:49+02:00,A15,L,64.67,4,speedlimit
2026-09-13T17:49+02:00,A15,L,65.685,1,speedlimit
2026-09-13T17:49+02:00,A29,R,13.44,3,speedlimit
2026-09-13T17:49+02:00,A4,R,62.91,3,speedlimit
2026-09-13T17:49+02:00,A15,L,64.67,1,lane_closed
2026-09-13T17:49+02:00,A15,r,45.853,1,speedlimit
2026-09-13T17:49+02:00,A4,R,62.3,3,speedlimit
2026-09-13T17:49+02:00,A4,R,61.825,3,speedlimit
2026-09-13T17:49+02:00,A20,R,26.93,2,speedlimit
2026-09-13T17:49+02:00,A4,R,3.27,3,speedlimit
2026-09-13T17:49+02:00,A20,L,30.9,3,speedlimit
2026-09-13T17:49+02:00,A13,L,18.8,3,speedlimit
2026-09-13T17:49+02:00,A20,L,37.8,1,lane_closed
2026-09-13T17:49+02:00,A20,R,28.8,1,speedlimit
2026-09-13T17:49+02:00,A4,R,61.36,1,lane_closed
2026-09-13T17:49+02:00,A4,R,61.555,1,lane_closed
2026-09-13T17:49+02:00,A15,R,61.05,2,speedlimit
2026-09-13T17:49+02:00,A13,L,18.8,1,speedlimit
2026-09-13T17:49+02:00,A4,h,46.4,2,speedlimit
2026-09-13T17:49+02:00,A13,R,16.2,2,speedlimit
2026-09-13T17:49+02:00,A4,m,3.83,1,speedlimit
2026-09-13T17:49+02:00,A4,R,7.304,2,speedlimit
2026-09-13T17:49+02:00,A4,L,5.549,2,speedlimit
2026-09-13T17:49+02:00,A20,L,31.4,3,speedlimit
2026-09-13T17:49+02:00,A20,L,30.196,4,speedlimit
2026-09-13T17:49+02:00,A4,L,5.225,5,speedlimit
2026-09-13T17:49+02:00,A4,f,3.96,2,lane_closed
2026-09-13T17:49+02:00,A4,R,6.37,4,lane_closed_ahead
2026-09-13T17:49+02:00,A13,R,18.2,2,speedlimit
2026-09-13T17:49+02:00,A4,R,7.155,3,speedlimit
2026-09-13T17:49+02:00,A4,R,3.01,1,speedlimit
2026-09-13T17:49+02:00,A4,R,61.69,1,lane_closed
2026-09-13T17:49+02:00,A13,L,17.8,1,speedlimit
2026-09-13T17:49+02:00,A20,R,29.8,1,speedlimit
2026-09-13T17:49+02:00,A20,R,31.26,2,speedlimit
2026-09-13T17:49+02:00,A15,m,58.46,1,lane_closed_ahead
2026-09-13T17:49+02:00,A29,R,15.18,1,speedlimit
2026-09-13T17:49+02:00,A4,R,3.27,5,speedlimit
2026-09-13T17:49+02:00,A15,m,59.11,3,speedlimit
2026-09-13T17:49+02:00,A4,R,7.072,1,speedlimit
2026-09-13T17:49+02:00,A4,R,3.01,3,speedlimit
2026-09-13T17:49+02:00,A20,R,31.26,3,speedlimit
2026-09-13T17:49+02:00,A20,R,26.64,3,speedlimit
2026-09-13T17:49+02:00,A20,R,26.64,4,speedlimit
2026-09-13T17:49+02:00,A15,y,47.43,1,speedlimit
2026-09-13T17:49+02:00,A20,R,26.4,1,speedlimit
2026-09-13T17:49+02:00,A13,R,17.1,1,speedlimit
2026-09-13T17:49+02:00,A15,R,59.2,3,speedlimit
2026-09-13T17:49+02:00,A20,R,29.5,3,speedlimit
2026-09-13T17:49+02:00,A4,R,6.6,4,lane_closed
2026-09-13T17:49+02:00,A15,R,58.46,4,speedlimit
2026-09-13T17:49+02:00,A4,R,63.234,3,speedlimit
2026-09-13T17:49+02:00,A29,L,10.63,3,lane_closed
2026-09-13T17:49+02:00,A13,L,13.7,4,lane_closed
2026-09-13T17:49+02:00,A4,R,63.075,1,lane_closed
2026-09-13T17:49+02:00,A15,L,63.56,2,speedlimit
2026-09-13T17:49+02:00,A13,L,14.2,4,lane_closed
2026-09-13T17:49+02:00,A15,R,60.76,2,speedlimit
2026-09-13T17:49+02:00,A4,h,46.4,1,speedlimit
2026-09-13T17:49+02:00,A29,L,11.525,4,speedlimit
2026-09-13T17:49+02:00,A4,R,6.37,1,speedlimit
2026-09-13T17:49+02:00,A20,t,29.6,1,speedlimit
2026-09-13T17:49+02:00,A4,R,60.95,2,speedlimit
2026-09-13T17:49+02:00,A4,R,8.14,2,speedlimit
2026-09-13T17:49+02:00,A15,L,65.685,4,speedlimit
2026-09-13T17:49+02:00,A20,R,29.8,4,speedlimit
2026-09-13T17:49+02:00,A29,R,14.2,2,speedlimit
2026-09-13T17:49+02:00,A13,R,18.7,2,speedlimit
2026-09-13T17:49+02:00,A20,R,27.488,1,speedlimit
2026-09-13T17:49+02:00,A15,R,62.454,1,speedlimit
2026-09-13T17:49+02:00,A15,m,59.11,1,lane_closed
2026-09-13T17:49+02:00,A20,R,29.5,2,speedlimit
2026-09-13T17:49+02:00,A20,L,27.2,2,speedlimit
2026-09-13T17:49+02:00,A13,R,18.963,1,speedlimit
2026-09-13T17:49+02:00,A13,L,17.1,1,speedlimit
2026-09-13T17:49+02:00,A15,R,61.63,3,lane_closed
2026-09-13T17:49+02:00,A20,L,31.88,3,speedlimit
2026-09-13T17:49+02:00,A4,R,7.304,1,speedlimit
2026-09-13T17:49+02:00,A4,R,60.6,1,speedlimit
2026-09-13T17:49+02:00,A4,R,62.407,1,lane_closed
2026-09-13T17:49+02:00,A13,L,17.1,4,speedlimit
2026-09-13T17:49+02:00,A13,R,16.655,2,speedlimit
2026-09-13T17:49+02:00,A13,L,15.55,5,lane_closed
2026-09-13T17:49+02:00,A4,R,62.407,3,speedlimit
2026-09-13T17:49+02:00,A4,R,62.91,2,speedlimit
2026-09-13T17:49+02:00,A4,k,4.44,1,speedlimit
2026-09-13T17:49+02:00,A15,m,58.65,2,speedlimit
2026-09-13T17:49+02:00,A29,R,13.605,3,speedlimit
2026-09-13T17:49+02:00,A15,R,59.95,3,lane_closed
2026-09-13T17:49+02:00,A29,R,13.18,2,speedlimit
2026-09-13T17:49+02:00,A29,R,14.2,1,speedlimit
2026-09-13T17:49+02:00,A4,L,5.225,1,speedlimit
2026-09-13T17:49+02:00,A20,L,32.8,3,speedlimit
2026-09-13T17:49+02:00,A15,R,61.63,6,lane_closed
2026-09-13T17:49+02:00,A15,R,58.46,1,speedlimit
2026-09-13T17:49+02:00,A20,R,30.196,1,speedlimit
2026-09-13T17:49+02:00,A20,L,29.826,4,speedlimit
2026-09-13T17:49+02:00,A4,R,61.155,3,speedlimit
2026-09-13T17:49+02:00,A20,s,29.6,1,speedlimit
2026-09-13T17:49+02:00,A20,L,28.57,2,speedlimit
2026-09-13T17:49+02:00,A20,R,30.6,2,speedlimit
2026-09-13T17:49+02:00,A15,R,59.57,1,speedlimit
2026-09-13T17:49+02:00,A29,s,9.91,2,lane_closed
2026-09-13T17:49+02:00,A15,L,65.25,3,speedlimit
2026-09-13T17:49+02:00,A13,L,17.1,2,speedlimit
2026-09-13T17:49+02:00,A4,R,61.69,2,speedlimit
2026-09-13T17:49+02:00,A20,L,28.57,3,speedlimit
2026-09-13T17:49+02:00,A15,R,59.57,3,lane_closed
2026-09-13T17:49+02:00,A15,L,64.67,3,speedlimit
2026-09-13T17:49+02:00,A20,R,26.4,4,speedlimit
2026-09-13T17:49+02:00,A20,R,30.196,2,speedlimit
2026-09-13T17:49+02:00,A29,R,15.47,3,speedlimit
2026-09-13T17:49+02:00,A13,R,17.8,3,speedlimit
2026-09-13T17:49+02:00,A15,n,95.855,2,speedlimit
2026-09-13T18:49+02:00,A13,L,16.7,1,speedlimit
2026-09-13T18:49+02:00,A4,L,9.085,3,speedlimit
2026-09-13T18:49+02:00,A15,R,59.2,2,speedlimit
2026-09-13T18:49+02:00,A20,L,30.196,2,speedlimit
2026-09-13T18:49+02:00,A13,R,16.655,1,speedlimit
2026-09-13T18:49+02:00,A13,R,17.1,2,speedlimit
2026-09-13T18:49+02:00,A15,R,61.63,4,lane_closed
2026-09-13T18:49+02:00,A4,L,5.93,1,speedlimit
2026-09-13T18:49+02:00,A4,j,4.65,2,lane_closed
2026-09-13T18:49+02:00,A15,R,61.33,5,lane_closed
2026-09-13T18:49+02:00,A29,v,10.39,1,lane_closed
2026-09-13T18:49+02:00,A15,R,58.05,4,speedlimit
2026-09-13T18:49+02:00,A29,L,11.06,4,speedlimit
2026-09-13T18:49+02:00,A4,L,9.355,1,speedlimit
2026-09-13T18:49+02:00,A29,L,11.06,2,speedlimit
2026-09-13T18:49+02:00,A4,L,9.355,4,speedlimit
2026-09-13T18:49+02:00,A15,y,64.33,2,lane_closed
2026-09-13T18:49+02:00,A13,R,18.5,1,speedlimit
2026-09-13T18:49+02:00,A4,L,8.635,1,speedlimit
2026-09-13T18:49+02:00,A4,R,3.27,4,speedlimit
2026-09-13T18:49+02:00,A20,L,29.5,2,speedlimit
2026-09-13T18:49+02:00,A13,R,18.5,4,speedlimit
2026-09-13T18:49+02:00,A15,m,58.46,3,speedlimit
2026-09-13T18:49+02:00,A13,R,18.2,3,speedlimit
2026-09-13T18:49+02:00,A20,R,28.1,1,speedlimit
2026-09-13T18:49+02:00,A20,R,30.196,3,speedlimit
2026-09-13T18:49+02:00,A38,R,21.058,1,speedlimit
2026-09-13T18:49+02:00,A4,j,4.65,1,lane_closed
2026-09-13T18:49+02:00,A20,L,36.94,1,lane_closed
2026-09-13T18:49+02:00,A15,R,58.05,1,speedlimit
2026-09-13T18:49+02:00,A15,R,58.46,2,speedlimit
2026-09-13T18:49+02:00,A15,n,95.855,3,speedlimit
2026-09-13T18:49+02:00,A13,R,17.8,2,speedlimit
2026-09-13T18:49+02:00,A15,R,61.05,6,lane_closed
2026-09-13T18:49+02:00,A4,L,5.225,6,lane_closed
2026-09-13T18:49+02:00,A20,s,29.6,2,speedlimit
2026-09-13T18:49+02:00,A15,L,65.25,2,speedlimit
2026-09-13T18:49+02:00,A15,L,65.685,3,speedlimit
2026-09-13T18:49+02:00,A15,R,58.05,2,speedlimit
2026-09-13T18:49+02:00,A4,L,9.355,6,speedlimit
2026-09-13T18:49+02:00,A20,R,26.93,4,speedlimit
2026-09-13T18:49+02:00,A20,R,28.57,3,speedlimit
2026-09-13T18:49+02:00,A15,R,61.05,1,speedlimit
2026-09-13T18:49+02:00,A29,v,10.8,1,lane_closed
2026-09-13T18:49+02:00,A4,R,3.01,4,speedlimit
2026-09-13T18:49+02:00,A4,L,9.085,2,speedlimit
2026-09-13T18:49+02:00,A29,s,9.64,2,lane_closed
2026-09-13T18:49+02:00,A13,L,18.8,2,speedlimit
2026-09-13T18:49+02:00,A15,R,60.49,4,lane_closed
2026-09-13T18:49+02:00,A15,R,62.454,3,lane_closed
2026-09-13T18:49+02:00,A20,R,27.235,1,speedlimit
2026-09-13T18:49+02:00,A20,L,28.41,2,speedlimit
2026-09-13T18:49+02:00,A15,m,62.454,2,speedlimit
2026-09-13T18:49+02:00,A20,R,27.79,2,speedlimit
2026-09-13T18:49+02:00,A13,R,18.5,3,speedlimit
2026-09-13T18:49+02:00,A38,R,20.55,1,speedlimit
2026-09-13T18:49+02:00,A20,R,28.57,4,speedlimit
2026-09-13T18:49+02:00,A20,R,31.26,4,speedlimit
2026-09-13T18:49+02:00,A20,L,29.826,2,speedlimit
2026-09-13T18:49+02:00,A20,L,35.925,1,lane_closed
2026-09-13T18:49+02:00,A20,L,28.57,1,speedlimit
2026-09-13T18:49+02:00,A20,R,29.5,4,speedlimit
2026-09-13T18:49+02:00,A15,m,60.07,1,lane_closed
2026-09-13T18:49+02:00,A20,R,28.1,2,speedlimit
2026-09-13T18:49+02:00,A20,R,26.64,1,speedlimit
2026-09-13T18:49+02:00,A15,R,61.05,4,lane_closed
2026-09-13T18:49+02:00,A15,L,64.2,2,speedlimit
2026-09-13T18:49+02:00,A15,R,60.49,3,lane_closed
2026-09-13T18:49+02:00,A29,R,9.83,1,lane_closed
2026-09-13T18:49+02:00,A20,L,32.8,2,speedlimit
2026-09-13T18:49+02:00,A29,R,9.5,3,speedlimit
2026-09-13T18:49+02:00,A4,L,8.14,2,speedlimit
2026-09-13T18:49+02:00,A15,L,65.25,4,speedlimit
2026-09-13T18:49+02:00,A15,R,59.2,1,speedlimit
2026-09-13T18:49+02:00,A13,L,17.1,3,speedlimit
2026-09-13T18:49+02:00,A29,L,10.63,1,speedlimit
2026-09-13T18:49+02:00,A20,L,36.625,1,lane_closed
2026-09-13T18:49+02:00,A15,R,62.454,2,speedlimit
2026-09-13T18:49+02:00,A4,L,9.355,3,speedlimit
2026-09-13T18:49+02:00,A29,L,11.525,1,speedlimit
2026-09-13T18:49+02:00,A4,L,5.549,6,lane_closed_ahead
2026-09-13T18:49+02:00,A29,s,9.64,1,lane_closed
2026-09-13T18:49+02:00,A20,L,27.488,1,speedlimit
2026-09-13T18:49+02:00,A20,L,27.2,1,speedlimit
2026-09-13T18:49+02:00,A4,h,46.06,2,speedlimit
2026-09-13T18:49+02:00,A15,R,59.57,2,speedlimit
2026-09-13T18:49+02:00,A20,L,27.8,2,speedlimit
2026-09-13T18:49+02:00,A4,k,4.44,3,lane_closed
2026-09-13T18:49+02:00,A15,R,58.05,5,speedlimit
2026-09-13T18:49+02:00,A13,L,18.2,3,speedlimit
2026-09-13T18:49+02:00,A4,m,3.83,3,lane_closed
2026-09-13T18:49+02:00,A29,L,10.63,2,speedlimit
2026-09-13T18:49+02:00,A20,L,31.88,1,speedlimit
2026-09-13T18:49+02:00,A38,R,21.058,3,speedlimit
2026-09-13T18:49+02:00,A29,L,11.06,1,speedlimit
2026-09-13T18:49+02:00,A4,m,3.83,4,lane_closed
2026-09-13T18:49+02:00,A13,L,16.7,2,speedlimit
2026-09-13T18:49+02:00,A20,L,30.9,2,speedlimit
2026-09-13T18:49+02:00,A4,L,9.355,2,speedlimit
2026-09-13T18:49+02:00,A20,L,28.085,1,speedlimit
2026-09-13T18:49+02:00,A15,R,58.05,3,speedlimit
2026-09-13T18:49+02:00,A15,y,64.33,1,speedlimit
2026-09-13T18:49+02:00,A15,R,61.33,3,lane_closed
2026-09-13T18:49+02:00,A20,R,30.6,1,speedlimit
2026-09-13T18:49+02:00,A13,R,17.1,3,speedlimit
2026-09-13T18:49+02:00,A20,R,26.93,3,speedlimit
2026-09-13T18:49+02:00,A15,R,62.062,2,speedlimit
2026-09-13T18:49+02:00,A20,L,31.4,1,speedlimit
2026-09-13T18:49+02:00,A29,s,10.4,1,lane_closed
2026-09-13T18:49+02:00,A15,R,61.05,3,lane_closed
2026-09-13T18:49+02:00,A4,L,5.225,3,speedlimit
2026-09-13T18:49+02:00,A15,m,59.11,2,speedlimit
2026-09-13T18:49+02:00,A4,L,8.14,4,lane_closed
2026-09-13T18:49+02:00,A20,L,31.1,2,speedlimit
2026-09-13T18:49+02:00,A13,g,18.7,2,speedlimit
2026-09-13T18:49+02:00,A15,L,65.685,2,speedlimit
2026-09-13T18:49+02:00,A15,m,61.995,3,lane_closed
2026-09-13T18:49+02:00,A20,L,31.4,2,speedlimit
2026-09-13T18:49+02:00,A4,f,3.96,1,lane_closed
2026-09-13T18:49+02:00,A15,R,61.63,1,speedlimit
2026-09-13T18:49+02:00,A29,R,9.5,1,lane_closed_ahead
2026-09-13T18:49+02:00,A15,R,61.33,4,lane_closed
2026-09-13T18:49+02:00,A13,L,15.9,3,lane_closed
2026-09-13T18:49+02:00,A4,R,3.27,1,speedlimit
2026-09-13T18:49+02:00,A13,R,16.2,1,speedlimit
2026-09-13T18:49+02:00,A29,s,10.4,2,lane_closed
2026-09-13T18:49+02:00,A13,R,18.5,2,speedlimit
2026-09-13T18:49+02:00,A20,L,30.196,1,speedlimit
2026-09-13T18:49+02:00,A20,R,27.79,1,speedlimit
2026-09-13T18:49+02:00,A15,R,61.33,1,speedlimit
2026-09-13T18:49+02:00,A20,L,29.826,1,speedlimit
2026-09-13T18:49+02:00,A15,m,62.454,1,speedlimit
2026-09-13T18:49+02:00,A15,m,61.995,1,lane_closed
2026-09-13T18:49+02:00,A4,L,8.635,2,speedlimit
2026-09-13T18:49+02:00,A20,R,28.41,2,speedlimit
2026-09-13T18:49+02:00,A4,L,5.549,1,speedlimit
2026-09-13T18:49+02:00,A15,R,62.062,1,speedlimit
2026-09-13T18:49+02:00,A38,R,20.55,2,speedlimit
2026-09-13T18:49+02:00,A20,R,29.1,1,speedlimit
2026-09-13T18:49+02:00,A13,R,17.8,1,speedlimit
2026-09-13T18:49+02:00,A29,L,11.06,3,speedlimit
2026-09-13T18:49+02:00,A20,R,28.41,1,speedlimit
2026-09-13T18:49+02:00,A20,R,31.9,2,speedlimit
2026-09-13T18:49+02:00,A15,R,61.63,5,lane_closed
2026-09-13T18:49+02:00,A29,L,11.525,3,speedlimit
2026-09-13T18:49+02:00,A4,R,3.27,2,speedlimit
2026-09-13T18:49+02:00,A20,L,31.1,3,speedlimit
2026-09-13T18:49+02:00,A15,R,61.33,6,lane_closed
2026-09-13T18:49+02:00,A29,R,9.5,2,speedlimit
2026-09-13T18:49+02:00,A29,R,9.83,3,speedlimit
2026-09-13T18:49+02:00,A15,R,62.454,5,lane_closed
2026-09-13T18:49+02:00,A15,R,60.49,2,speedlimit
2026-09-13T18:49+02:00,A20,R,27.488,2,speedlimit
2026-09-13T18:49+02:00,A20,t,28.895,1,speedlimit
2026-09-13T18:49+02:00,A20,L,32.8,1,speedlimit
2026-09-13T18:49+02:00,A20,R,28.8,2,speedlimit
2026-09-13T18:49+02:00,A20,L,31.1,1,speedlimit
2026-09-13T18:49+02:00,A13,L,16.19,3,lane_closed
2026-09-13T18:49+02:00,A13,L,15.035,5,lane_closed
2026-09-13T18:49+02:00,A4,m,3.83,2,speedlimit
2026-09-13T18:49+02:00,A20,L,27.8,1,speedlimit
2026-09-13T18:49+02:00,A20,R,29.1,2,speedlimit
2026-09-13T18:49+02:00,A13,g,18.7,1,speedlimit
2026-09-13T18:49+02:00,A20,R,28.57,2,speedlimit
2026-09-13T18:49+02:00,A20,R,26.64,2,speedlimit
2026-09-13T18:49+02:00,A15,L,64.2,3,speedlimit
2026-09-13T18:49+02:00,A20,L,29.1,1,speedlimit
2026-09-13T18:49+02:00,A13,L,18.2,1,speedlimit
2026-09-13T18:49+02:00,A15,L,64.67,2,speedlimit
2026-09-13T18:49+02:00,A13,L,12.7,4,lane_closed
2026-09-13T18:49+02:00,A20,L,31.88,2,speedlimit
2026-09-13T18:49+02:00,A15,R,62.454,4,lane_closed
2026-09-13T18:49+02:00,A20,L,28.085,2,speedlimit
2026-09-13T18:49+02:00,A15,R,62.062,3,lane_closed
2026-09-13T18:49+02:00,A20,R,30.6,3,speedlimit
2026-09-13T18:49+02:00,A15,m,58.65,3,speedlimit
2026-09-13T18:49+02:00,A20,L,35.52,1,lane_closed
2026-09-13T18:49+02:00,A15,R,62.062,4,lane_closed
2026-09-13T18:49+02:00,A29,s,9.91,1,lane_closed
2026-09-13T18:49+02:00,A20,R,29.8,2,speedlimit
2026-09-13T18:49+02:00,A15,L,64.2,1,lane_closed
2026-09-13T18:49+02:00,A20,R,27.235,2,speedlimit
2026-09-13T18:49+02:00,A20,L,37.3,1,lane_closed
2026-09-13T18:49+02:00,A15,R,59.95,1,speedlimit
2026-09-13T18:49+02:00,A13,R,18.2,1,speedlimit
2026-09-13T18:49+02:00,A4,k,4.44,2,lane_closed
2026-09-13T18:49+02:00,A15,L,65.25,1,lane_closed_ahead
2026-09-13T18:49+02:00,A29,L,10.78,1,speedlimit
2026-09-13T18:49+02:00,A15,e,95.55,1,speedlimit
2026-09-13T18:49+02:00,A13,e,19.1,1,speedlimit
2026-09-13T18:49+02:00,A29,L,10.63,4,lane_closed
2026-09-13T18:49+02:00,A29,R,9.83,2,speedlimit
2026-09-13T18:49+02:00,A4,L,8.14,1,speedlimit
2026-09-13T18:49+02:00,A15,R,60.49,1,speedlimit
2026-09-13T18:49+02:00,A13,L,17.8,3,speedlimit
2026-09-13T18:49+02:00,A4,R,3.01,5,speedlimit
2026-09-13T18:49+02:00,A4,L,5.93,3,speedlimit
2026-09-13T18:49+02:00,A20,R,31.26,1,speedlimit
2026-09-13T18:49+02:00,A4,L,5.93,5,speedlimit
2026-09-13T18:49+02:00,A15,R,61.05,5,lane_closed
2026-09-13T18:49+02:00,A15,R,59.2,4,lane_closed_ahead
2026-09-13T18:49+02:00,A15,R,61.33,2,speedlimit
2026-09-13T18:49+02:00,A20,L,29.826,3,speedlimit
2026-09-13T18:49+02:00,A15,m,61.995,2,lane_closed
2026-09-13T18:49+02:00,A4,h,45.58,3,lane_closed
2026-09-13T18:49+02:00,A20,L,29.5,1,speedlimit
2026-09-13T18:49+02:00,A20,R,28.8,3,speedlimit
2026-09-13T18:49+02:00,A20,R,29.5,1,speedlimit
2026-09-13T18:49+02:00,A15,R,60.76,3,lane_closed
2026-09-13T18:49+02:00,A15,R,59.95,2,speedlimit
2026-09-13T18:49+02:00,A13,L,11.25,4,lane_closed
2026-09-13T18:49+02:00,A20,L,30.9,1,speedlimit
2026-09-13T18:49+02:00,A13,R,18.2,4,speedlimit
2026-09-13T18:49+02:00,A4,L,5.93,4,speedlimit
2026-09-13T18:49+02:00,A15,m,59.58,1,lane_closed
2026-09-13T18:49+02:00,A13,R,18.7,1,speedlimit
2026-09-13T18:49+02:00,A15,L,64.67,5,lane_closed_ahead
2026-09-13T18:49+02:00,A15,n,95.855,1,speedlimit
2026-09-13T18:49+02:00,A4,L,5.93,6,speedlimit
2026-09-13T18:49+02:00,A20,c,27.488,1,speedlimit
2026-09-13T18:49+02:00,A20,R,31.9,3,speedlimit
2026-09-13T18:49+02:00,A13,R,16.655,3,speedlimit
2026-09-13T18:49+02:00,A15,y,64.01,1,speedlimit
2026-09-13T18:49+02:00,A20,L,29.1,2,speedlimit
2026-09-13T18:49+02:00,A15,L,63.56,1,lane_closed
2026-09-13T18:49+02:00,A20,R,29.8,3,speedlimit
2026-09-13T18:49+02:00,A13,L,18.2,2,speedlimit
2026-09-13T18:49+02:00,A20,R,26.4,3,speedlimit
2026-09-13T18:49+02:00,A15,R,60.76,4,lane_closed
2026-09-13T18:49+02:00,A4,L,9.085,4,lane_closed_ahead
2026-09-13T18:49+02:00,A15,m,58.65,1,lane_closed
2026-09-13T18:49+02:00,A29,L,11.525,2,speedlimit
2026-09-13T18:49+02:00,A20,R,26.93,1,speedlimit
2026-09-13T18:49+02:00,A15,R,61.63,2,speedlimit
2026-09-13T18:49+02:00,A15,R,58.46,3,speedlimit
2026-09-13T18:49+02:00,A15,R,60.76,1,speedlimit
2026-09-13T18:49+02:00,A4,L,5.549,3,speedlimit
2026-09-13T18:49+02:00,A20,R,26.4,2,speedlimit
2026-09-13T18:49+02:00,A15,L,63.56,3,speedlimit
2026-09-13T18:49+02:00,A20,L,27.488,2,speedlimit
2026-09-13T18:49+02:00,A20,L,30.196,3,speedlimit
2026-09-13T18:49+02:00,A4,h,46.06,1,speedlimit
2026-09-13T18:49+02:00,A4,R,3.01,2,speedlimit
2026-09-13T18:49+02:00,A4,L,5.549,4,speedlimit
2026-09-13T18:49+02:00,A15,m,61.995,4,lane_closed
2026-09-13T18:49+02:00,A20,L,28.41,1,speedlimit
2026-09-13T18:49+02:00,A13,L,13.18,4,lane_closed
2026-09-13T18:49+02:00,A13,L,17.8,2,speedlimit
2026-09-13T18:49+02:00,A4,L,5.93,2,speedlimit
2026-09-13T18:49+02:00,A20,R,28.57,1,speedlimit
2026-09-13T18:49+02:00,A4,L,5.549,5,speedlimit
2026-09-13T18:49+02:00,A4,L,8.635,4,lane_closed
2026-09-13T18:49+02:00,A20,R,30.196,4,speedlimit
2026-09-13T18:49+02:00,A29,L,10.78,2,speedlimit
2026-09-13T18:49+02:00,A4,L,5.225,2,speedlimit
2026-09-13T18:49+02:00,A20,t,29.6,2,speedlimit
2026-09-13T18:49+02:00,A4,L,5.225,4,speedlimit
2026-09-13T18:49+02:00,A20,L,38.3,1,lane_closed_ahead
2026-09-13T18:49+02:00,A15,L,64.67,4,speedlimit
2026-09-13T18:49+02:00,A4,L,8.635,3,speedlimit
2026-09-13T18:49+02:00,A15,L,65.685,1,speedlimit
2026-09-13T18:49+02:00,A15,L,64.67,1,lane_closed
2026-09-13T18:49+02:00,A20,R,26.93,2,speedlimit
2026-09-13T18:49+02:00,A4,R,3.27,3,speedlimit
2026-09-13T18:49+02:00,A20,L,30.9,3,speedlimit
2026-09-13T18:49+02:00,A13,L,18.8,3,speedlimit
2026-09-13T18:49+02:00,A20,L,37.8,1,lane_closed
2026-09-13T18:49+02:00,A20,R,28.8,1,speedlimit
2026-09-13T18:49+02:00,A15,R,61.05,2,speedlimit
2026-09-13T18:49+02:00,A13,L,18.8,1,speedlimit
2026-09-13T18:49+02:00,A4,h,46.4,2,speedlimit
2026-09-13T18:49+02:00,A13,R,16.2,2,speedlimit
2026-09-13T18:49+02:00,A4,m,3.83,1,speedlimit
2026-09-13T18:49+02:00,A4,L,5.549,2,speedlimit
2026-09-13T18:49+02:00,A20,L,31.4,3,speedlimit
2026-09-13T18:49+02:00,A20,L,30.196,4,speedlimit
2026-09-13T18:49+02:00,A4,L,5.225,5,speedlimit
2026-09-13T18:49+02:00,A4,f,3.96,2,lane_closed
2026-09-13T18:49+02:00,A13,R,18.2,2,speedlimit
2026-09-13T18:49+02:00,A4,R,3.01,1,speedlimit
2026-09-13T18:49+02:00,A13,L,17.8,1,speedlimit
2026-09-13T18:49+02:00,A20,R,29.8,1,speedlimit
2026-09-13T18:49+02:00,A20,R,31.26,2,speedlimit
2026-09-13T18:49+02:00,A15,m,58.46,1,lane_closed_ahead
2026-09-13T18:49+02:00,A4,R,3.27,5,speedlimit
2026-09-13T18:49+02:00,A15,m,59.11,3,speedlimit
2026-09-13T18:49+02:00,A4,R,3.01,3,speedlimit
2026-09-13T18:49+02:00,A20,R,31.26,3,speedlimit
2026-09-13T18:49+02:00,A20,R,26.64,3,speedlimit
2026-09-13T18:49+02:00,A20,R,26.64,4,speedlimit
2026-09-13T18:49+02:00,A20,R,26.4,1,speedlimit
2026-09-13T18:49+02:00,A13,R,17.1,1,speedlimit
2026-09-13T18:49+02:00,A15,R,59.2,3,speedlimit
2026-09-13T18:49+02:00,A4,L,9.085,1,speedlimit
2026-09-13T18:49+02:00,A20,R,29.5,3,speedlimit
2026-09-13T18:49+02:00,A15,R,58.46,4,speedlimit
2026-09-13T18:49+02:00,A29,L,10.63,3,lane_closed
2026-09-13T18:49+02:00,A13,L,13.7,4,lane_closed
2026-09-13T18:49+02:00,A15,y,64.01,2,lane_closed
2026-09-13T18:49+02:00,A15,L,63.56,2,speedlimit
2026-09-13T18:49+02:00,A13,L,14.2,4,lane_closed
2026-09-13T18:49+02:00,A15,R,60.76,2,speedlimit
2026-09-13T18:49+02:00,A4,h,46.4,1,speedlimit
2026-09-13T18:49+02:00,A29,L,11.525,4,speedlimit
2026-09-13T18:49+02:00,A20,t,29.6,1,speedlimit
2026-09-13T18:49+02:00,A15,L,65.685,4,speedlimit
2026-09-13T18:49+02:00,A20,R,29.8,4,speedlimit
2026-09-13T18:49+02:00,A4,L,8.14,3,speedlimit
2026-09-13T18:49+02:00,A13,R,18.7,2,speedlimit
2026-09-13T18:49+02:00,A20,R,27.488,1,speedlimit
2026-09-13T18:49+02:00,A15,R,62.454,1,speedlimit
2026-09-13T18:49+02:00,A15,m,59.11,1,lane_closed
2026-09-13T18:49+02:00,A20,R,29.5,2,speedlimit
2026-09-13T18:49+02:00,A20,L,27.2,2,speedlimit
2026-09-13T18:49+02:00,A13,R,18.963,1,speedlimit
2026-09-13T18:49+02:00,A13,L,17.1,1,speedlimit
2026-09-13T18:49+02:00,A15,R,61.63,3,lane_closed
2026-09-13T18:49+02:00,A20,L,31.88,3,speedlimit
2026-09-13T18:49+02:00,A13,L,17.1,4,speedlimit
2026-09-13T18:49+02:00,A15,y,64.33,3,lane_closed
2026-09-13T18:49+02:00,A13,R,16.655,2,speedlimit
2026-09-13T18:49+02:00,A13,L,15.55,5,lane_closed
2026-09-13T18:49+02:00,A4,k,4.44,1,speedlimit
2026-09-13T18:49+02:00,A15,m,58.65,2,speedlimit
2026-09-13T18:49+02:00,A15,R,59.95,3,lane_closed
2026-09-13T18:49+02:00,A4,L,5.225,1,speedlimit
2026-09-13T18:49+02:00,A20,L,32.8,3,speedlimit
2026-09-13T18:49+02:00,A15,R,61.63,6,lane_closed
2026-09-13T18:49+02:00,A15,R,58.46,1,speedlimit
2026-09-13T18:49+02:00,A20,R,30.196,1,speedlimit
2026-09-13T18:49+02:00,A20,L,29.826,4,speedlimit
2026-09-13T18:49+02:00,A20,s,29.6,1,speedlimit
2026-09-13T18:49+02:00,A20,L,28.57,2,speedlimit
2026-09-13T18:49+02:00,A20,R,30.6,2,speedlimit
2026-09-13T18:49+02:00,A15,R,59.57,1,speedlimit
2026-09-13T18:49+02:00,A29,s,9.91,2,lane_closed
2026-09-13T18:49+02:00,A38,R,21.058,2,lane_closed
2026-09-13T18:49+02:00,A15,L,65.25,3,speedlimit
2026-09-13T18:49+02:00,A13,L,17.1,2,speedlimit
2026-09-13T18:49+02:00,A4,L,9.355,5,speedlimit
2026-09-13T18:49+02:00,A20,L,28.57,3,speedlimit
2026-09-13T18:49+02:00,A15,R,59.57,3,lane_closed
2026-09-13T18:49+02:00,A15,L,64.67,3,speedlimit
2026-09-13T18:49+02:00,A20,R,26.4,4,speedlimit
2026-09-13T18:49+02:00,A20,R,30.196,2,speedlimit
2026-09-13T18:49+02:00,A13,R,17.8,3,speedlimit
2026-09-13T18:49+02:00,A15,n,95.855,2,speedlimit
2026-09-13T19:48+02:00,A13,L,16.7,1,speedlimit
2026-09-13T19:48+02:00,A15,y,47.092,2,speedlimit
2026-09-13T19:48+02:00,A20,L,34.28,1,speedlimit
2026-09-13T19:48+02:00,A15,R,59.2,2,speedlimit
2026-09-13T19:48+02:00,A20,L,30.196,2,speedlimit
2026-09-13T19:48+02:00,A13,R,16.655,1,speedlimit
2026-09-13T19:48+02:00,A13,R,17.1,2,speedlimit
2026-09-13T19:48+02:00,A15,R,61.63,4,lane_closed
2026-09-13T19:48+02:00,A4,L,5.93,1,speedlimit
2026-09-13T19:48+02:00,A4,j,4.65,2,lane_closed
2026-09-13T19:48+02:00,A4,m,35.48,2,speedlimit
2026-09-13T19:48+02:00,A15,R,61.33,5,lane_closed
2026-09-13T19:48+02:00,A29,v,10.39,1,lane_closed
2026-09-13T19:48+02:00,A15,R,58.05,4,speedlimit
2026-09-13T19:48+02:00,A29,L,11.06,4,speedlimit
2026-09-13T19:48+02:00,A29,L,11.06,2,speedlimit
2026-09-13T19:48+02:00,A20,L,34.695,4,speedlimit
2026-09-13T19:48+02:00,A13,R,18.5,1,speedlimit
2026-09-13T19:48+02:00,A4,R,3.27,4,speedlimit
2026-09-13T19:48+02:00,A20,L,29.5,2,speedlimit
2026-09-13T19:48+02:00,A13,R,18.5,4,speedlimit
2026-09-13T19:48+02:00,A15,m,58.46,3,speedlimit
2026-09-13T19:48+02:00,A13,R,18.2,3,speedlimit
2026-09-13T19:48+02:00,A20,R,28.1,1,speedlimit
2026-09-13T19:48+02:00,A20,R,30.196,3,speedlimit
2026-09-13T19:48+02:00,A4,j,4.65,1,lane_closed
2026-09-13T19:48+02:00,A20,L,36.94,1,lane_closed
2026-09-13T19:48+02:00,A15,R,58.05,1,speedlimit
2026-09-13T19:48+02:00,A15,R,58.46,2,speedlimit
2026-09-13T19:48+02:00,A15,n,95.855,3,speedlimit
2026-09-13T19:48+02:00,A13,R,17.8,2,speedlimit
2026-09-13T19:48+02:00,A15,R,61.05,6,lane_closed
2026-09-13T19:48+02:00,A4,L,5.225,6,lane_closed
2026-09-13T19:48+02:00,A20,s,29.6,2,speedlimit
2026-09-13T19:48+02:00,A15,L,65.25,2,speedlimit
2026-09-13T19:48+02:00,A15,L,65.685,3,speedlimit
2026-09-13T19:48+02:00,A15,y,47.43,2,speedlimit
2026-09-13T19:48+02:00,A15,R,58.05,2,speedlimit
2026-09-13T19:48+02:00,A15,x,46.135,3,speedlimit
2026-09-13T19:48+02:00,A4,m,35.13,1,speedlimit
2026-09-13T19:48+02:00,A20,R,26.93,4,speedlimit
2026-09-13T19:48+02:00,A20,R,28.57,3,speedlimit
2026-09-13T19:48+02:00,A15,R,61.05,1,speedlimit
2026-09-13T19:48+02:00,A29,v,10.8,1,lane_closed
2026-09-13T19:48+02:00,A4,R,3.01,4,speedlimit
2026-09-13T19:48+02:00,A29,s,9.64,2,lane_closed
2026-09-13T19:48+02:00,A13,L,18.8,2,speedlimit
2026-09-13T19:48+02:00,A15,R,60.49,4,lane_closed
2026-09-13T19:48+02:00,A15,R,62.454,3,lane_closed
2026-09-13T19:48+02:00,A20,R,27.235,1,speedlimit
2026-09-13T19:48+02:00,A20,L,28.41,2,speedlimit
2026-09-13T19:48+02:00,A20,R,27.79,2,speedlimit
2026-09-13T19:48+02:00,A13,R,18.5,3,speedlimit
2026-09-13T19:48+02:00,A20,R,28.57,4,speedlimit
2026-09-13T19:48+02:00,A20,R,31.26,4,speedlimit
2026-09-13T19:48+02:00,A20,L,29.826,2,speedlimit
2026-09-13T19:48+02:00,A20,L,35.925,1,lane_closed
2026-09-13T19:48+02:00,A20,L,28.57,1,speedlimit
2026-09-13T19:48+02:00,A20,L,33.36,2,speedlimit
2026-09-13T19:48+02:00,A20,R,29.5,4,speedlimit
2026-09-13T19:48+02:00,A15,x,46.135,1,speedlimit
2026-09-13T19:48+02:00,A15,m,60.07,1,lane_closed
2026-09-13T19:48+02:00,A20,R,28.1,2,speedlimit
2026-09-13T19:48+02:00,A20,R,26.64,1,speedlimit
2026-09-13T19:48+02:00,A15,R,61.05,4,lane_closed
2026-09-13T19:48+02:00,A15,L,64.2,2,speedlimit
2026-09-13T19:48+02:00,A15,R,60.49,3,lane_closed
2026-09-13T19:48+02:00,A29,R,9.83,1,lane_closed
2026-09-13T19:48+02:00,A20,L,32.8,2,speedlimit
2026-09-13T19:48+02:00,A29,R,9.5,3,speedlimit
2026-09-13T19:48+02:00,A15,L,65.25,4,speedlimit
2026-09-13T19:48+02:00,A15,R,59.2,1,speedlimit
2026-09-13T19:48+02:00,A13,L,17.1,3,speedlimit
2026-09-13T19:48+02:00,A20,L,34.28,4,lane_closed_ahead
2026-09-13T19:48+02:00,A29,L,10.63,1,speedlimit
2026-09-13T19:48+02:00,A20,L,36.625,1,lane_closed
2026-09-13T19:48+02:00,A15,R,62.454,2,speedlimit
2026-09-13T19:48+02:00,A29,L,11.525,1,speedlimit
2026-09-13T19:48+02:00,A4,L,5.549,6,lane_closed_ahead
2026-09-13T19:48+02:00,A29,s,9.64,1,lane_closed
2026-09-13T19:48+02:00,A20,L,27.488,1,speedlimit
2026-09-13T19:48+02:00,A20,L,27.2,1,speedlimit
2026-09-13T19:48+02:00,A4,h,46.06,2,speedlimit
2026-09-13T19:48+02:00,A15,R,59.57,2,speedlimit
2026-09-13T19:48+02:00,A20,L,27.8,2,speedlimit
2026-09-13T19:48+02:00,A4,k,4.44,3,lane_closed
2026-09-13T19:48+02:00,A15,R,58.05,5,speedlimit
2026-09-13T19:48+02:00,A13,L,18.2,3,speedlimit
2026-09-13T19:48+02:00,A4,m,3.83,3,lane_closed
2026-09-13T19:48+02:00,A29,L,10.63,2,speedlimit
2026-09-13T19:48+02:00,A20,L,31.88,1,speedlimit
2026-09-13T19:48+02:00,A29,L,11.06,1,speedlimit
2026-09-13T19:48+02:00,A4,m,3.83,4,lane_closed
2026-09-13T19:48+02:00,A13,L,16.7,2,speedlimit
2026-09-13T19:48+02:00,A20,L,30.9,2,speedlimit
2026-09-13T19:48+02:00,A20,L,28.085,1,speedlimit
2026-09-13T19:48+02:00,A15,R,58.05,3,speedlimit
2026-09-13T19:48+02:00,A15,R,61.33,3,lane_closed
2026-09-13T19:48+02:00,A20,R,30.6,1,speedlimit
2026-09-13T19:48+02:00,A13,R,17.1,3,speedlimit
2026-09-13T19:48+02:00,A20,R,26.93,3,speedlimit
2026-09-13T19:48+02:00,A15,R,62.062,2,speedlimit
2026-09-13T19:48+02:00,A20,L,31.4,1,speedlimit
2026-09-13T19:48+02:00,A29,s,10.4,1,lane_closed
2026-09-13T19:48+02:00,A15,R,61.05,3,lane_closed
2026-09-13T19:48+02:00,A4,L,5.225,3,speedlimit
2026-09-13T19:48+02:00,A15,m,59.11,2,speedlimit
2026-09-13T19:48+02:00,A20,L,31.1,2,speedlimit
2026-09-13T19:48+02:00,A13,g,18.7,2,speedlimit
2026-09-13T19:48+02:00,A15,L,65.685,2,speedlimit
2026-09-13T19:48+02:00,A15,m,61.995,3,lane_closed
2026-09-13T19:48+02:00,A20,L,31.4,2,speedlimit
2026-09-13T19:48+02:00,A4,f,3.96,1,lane_closed
2026-09-13T19:48+02:00,A15,R,61.63,1,speedlimit
2026-09-13T19:48+02:00,A4,m,35.13,2,speedlimit
2026-09-13T19:48+02:00,A29,R,9.5,1,lane_closed_ahead
2026-09-13T19:48+02:00,A15,R,61.33,4,lane_closed
2026-09-13T19:48+02:00,A15,y,47.43,3,speedlimit
2026-09-13T19:48+02:00,A13,L,15.9,3,lane_closed
2026-09-13T19:48+02:00,A4,R,3.27,1,speedlimit
2026-09-13T19:48+02:00,A13,R,16.2,1,speedlimit
2026-09-13T19:48+02:00,A29,s,10.4,2,lane_closed
2026-09-13T19:48+02:00,A13,R,18.5,2,speedlimit
2026-09-13T19:48+02:00,A20,L,30.196,1,speedlimit
2026-09-13T19:48+02:00,A20,R,27.79,1,speedlimit
2026-09-13T19:48+02:00,A15,R,61.33,1,speedlimit
2026-09-13T19:48+02:00,A20,L,29.826,1,speedlimit
2026-09-13T19:48+02:00,A15,m,61.995,1,lane_closed
2026-09-13T19:48+02:00,A20,R,28.41,2,speedlimit
2026-09-13T19:48+02:00,A20,L,33.85,2,speedlimit
2026-09-13T19:48+02:00,A4,L,5.549,1,speedlimit
2026-09-13T19:48+02:00,A15,R,62.062,1,speedlimit
2026-09-13T19:48+02:00,A20,R,29.1,1,speedlimit
2026-09-13T19:48+02:00,A13,R,17.8,1,speedlimit
2026-09-13T19:48+02:00,A29,L,11.06,3,speedlimit
2026-09-13T19:48+02:00,A20,R,28.41,1,speedlimit
2026-09-13T19:48+02:00,A20,L,33.36,1,speedlimit
2026-09-13T19:48+02:00,A20,R,31.9,2,speedlimit
2026-09-13T19:48+02:00,A15,R,61.63,5,lane_closed
2026-09-13T19:48+02:00,A29,L,11.525,3,speedlimit
2026-09-13T19:48+02:00,A4,R,3.27,2,speedlimit
2026-09-13T19:48+02:00,A20,L,31.1,3,speedlimit
2026-09-13T19:48+02:00,A15,R,61.33,6,lane_closed
2026-09-13T19:48+02:00,A29,R,9.5,2,speedlimit
2026-09-13T19:48+02:00,A29,R,9.83,3,speedlimit
2026-09-13T19:48+02:00,A15,R,62.454,5,lane_closed
2026-09-13T19:48+02:00,A15,R,60.49,2,speedlimit
2026-09-13T19:48+02:00,A20,R,27.488,2,speedlimit
2026-09-13T19:48+02:00,A20,t,28.895,1,speedlimit
2026-09-13T19:48+02:00,A20,L,32.8,1,speedlimit
2026-09-13T19:48+02:00,A20,R,28.8,2,speedlimit
2026-09-13T19:48+02:00,A20,L,31.1,1,speedlimit
2026-09-13T19:48+02:00,A13,L,16.19,3,lane_closed
2026-09-13T19:48+02:00,A20,L,33.85,3,lane_closed
2026-09-13T19:48+02:00,A13,L,15.035,5,lane_closed
2026-09-13T19:48+02:00,A4,m,3.83,2,speedlimit
2026-09-13T19:48+02:00,A20,L,27.8,1,speedlimit
2026-09-13T19:48+02:00,A20,R,29.1,2,speedlimit
2026-09-13T19:48+02:00,A13,g,18.7,1,speedlimit
2026-09-13T19:48+02:00,A20,R,28.57,2,speedlimit
2026-09-13T19:48+02:00,A20,R,26.64,2,speedlimit
2026-09-13T19:48+02:00,A15,L,64.2,3,speedlimit
2026-09-13T19:48+02:00,A20,L,29.1,1,speedlimit
2026-09-13T19:48+02:00,A13,L,18.2,1,speedlimit
2026-09-13T19:48+02:00,A15,L,64.67,2,speedlimit
2026-09-13T19:48+02:00,A13,L,12.7,4,lane_closed
2026-09-13T19:48+02:00,A20,L,31.88,2,speedlimit
2026-09-13T19:48+02:00,A15,R,62.454,4,lane_closed
2026-09-13T19:48+02:00,A20,L,28.085,2,speedlimit
2026-09-13T19:48+02:00,A15,R,62.062,3,lane_closed
2026-09-13T19:48+02:00,A15,x,46.135,2,speedlimit
2026-09-13T19:48+02:00,A4,m,35.8,2,speedlimit
2026-09-13T19:48+02:00,A20,R,30.6,3,speedlimit
2026-09-13T19:48+02:00,A15,m,58.65,3,speedlimit
2026-09-13T19:48+02:00,A20,L,35.52,1,lane_closed
2026-09-13T19:48+02:00,A15,R,62.062,4,lane_closed
2026-09-13T19:48+02:00,A29,s,9.91,1,lane_closed
2026-09-13T19:48+02:00,A20,R,29.8,2,speedlimit
2026-09-13T19:48+02:00,A15,L,64.2,1,lane_closed
2026-09-13T19:48+02:00,A20,R,27.235,2,speedlimit
2026-09-13T19:48+02:00,A20,L,37.3,1,lane_closed
2026-09-13T19:48+02:00,A15,R,59.95,1,speedlimit
2026-09-13T19:48+02:00,A13,R,18.2,1,speedlimit
2026-09-13T19:48+02:00,A4,k,4.44,2,lane_closed
2026-09-13T19:48+02:00,A20,L,34.28,2,speedlimit
2026-09-13T19:48+02:00,A15,L,65.25,1,lane_closed_ahead
2026-09-13T19:48+02:00,A29,L,10.78,1,speedlimit
2026-09-13T19:48+02:00,A15,e,95.55,1,speedlimit
2026-09-13T19:48+02:00,A13,e,19.1,1,speedlimit
2026-09-13T19:48+02:00,A29,L,10.63,4,lane_closed
2026-09-13T19:48+02:00,A29,R,9.83,2,speedlimit
2026-09-13T19:48+02:00,A20,L,34.695,1,speedlimit
2026-09-13T19:48+02:00,A15,R,60.49,1,speedlimit
2026-09-13T19:48+02:00,A13,L,17.8,3,speedlimit
2026-09-13T19:48+02:00,A4,m,35.8,3,lane_closed
2026-09-13T19:48+02:00,A4,R,3.01,5,speedlimit
2026-09-13T19:48+02:00,A4,L,5.93,3,speedlimit
2026-09-13T19:48+02:00,A20,R,31.26,1,speedlimit
2026-09-13T19:48+02:00,A4,L,5.93,5,speedlimit
2026-09-13T19:48+02:00,A15,R,61.05,5,lane_closed
2026-09-13T19:48+02:00,A15,R,59.2,4,lane_closed_ahead
2026-09-13T19:48+02:00,A15,R,61.33,2,speedlimit
2026-09-13T19:48+02:00,A15,y,47.092,1,speedlimit
2026-09-13T19:48+02:00,A20,L,29.826,3,speedlimit
2026-09-13T19:48+02:00,A15,m,61.995,2,lane_closed
2026-09-13T19:48+02:00,A4,h,45.58,3,lane_closed
2026-09-13T19:48+02:00,A20,L,29.5,1,speedlimit
2026-09-13T19:48+02:00,A20,R,28.8,3,speedlimit
2026-09-13T19:48+02:00,A20,R,29.5,1,speedlimit
2026-09-13T19:48+02:00,A20,L,33.36,3,lane_closed
2026-09-13T19:48+02:00,A20,L,34.28,3,speedlimit
2026-09-13T19:48+02:00,A15,R,60.76,3,lane_closed
2026-09-13T19:48+02:00,A15,R,59.95,2,speedlimit
2026-09-13T19:48+02:00,A13,L,11.25,4,lane_closed
2026-09-13T19:48+02:00,A20,L,30.9,1,speedlimit
2026-09-13T19:48+02:00,A13,R,18.2,4,speedlimit
2026-09-13T19:48+02:00,A4,L,5.93,4,speedlimit
2026-09-13T19:48+02:00,A15,m,59.58,1,lane_closed
2026-09-13T19:48+02:00,A15,r,45.853,2,speedlimit
2026-09-13T19:48+02:00,A13,R,18.7,1,speedlimit
2026-09-13T19:48+02:00,A15,L,64.67,5,speedlimit
2026-09-13T19:48+02:00,A4,m,35.8,1,speedlimit
2026-09-13T19:48+02:00,A15,n,95.855,1,speedlimit
2026-09-13T19:48+02:00,A4,L,5.93,6,speedlimit
2026-09-13T19:48+02:00,A20,c,27.488,1,speedlimit
2026-09-13T19:48+02:00,A20,R,31.9,3,speedlimit
2026-09-13T19:48+02:00,A13,R,16.655,3,speedlimit
2026-09-13T19:48+02:00,A20,L,29.1,2,speedlimit
2026-09-13T19:48+02:00,A15,L,63.56,1,lane_closed
2026-09-13T19:48+02:00,A20,R,29.8,3,speedlimit
2026-09-13T19:48+02:00,A13,L,18.2,2,speedlimit
2026-09-13T19:48+02:00,A20,R,26.4,3,speedlimit
2026-09-13T19:48+02:00,A15,R,60.76,4,lane_closed
2026-09-13T19:48+02:00,A15,m,58.65,1,lane_closed
2026-09-13T19:48+02:00,A29,L,11.525,2,speedlimit
2026-09-13T19:48+02:00,A20,R,26.93,1,speedlimit
2026-09-13T19:48+02:00,A15,R,61.63,2,speedlimit
2026-09-13T19:48+02:00,A15,R,58.46,3,speedlimit
2026-09-13T19:48+02:00,A15,R,60.76,1,speedlimit
2026-09-13T19:48+02:00,A4,L,5.549,3,speedlimit
2026-09-13T19:48+02:00,A20,R,26.4,2,speedlimit
2026-09-13T19:48+02:00,A15,L,63.56,3,speedlimit
2026-09-13T19:48+02:00,A20,L,27.488,2,speedlimit
2026-09-13T19:48+02:00,A20,L,30.196,3,speedlimit
2026-09-13T19:48+02:00,A4,h,46.06,1,speedlimit
2026-09-13T19:48+02:00,A4,R,3.01,2,speedlimit
2026-09-13T19:48+02:00,A4,L,5.549,4,speedlimit
2026-09-13T19:48+02:00,A15,m,61.995,4,lane_closed
2026-09-13T19:48+02:00,A20,L,28.41,1,speedlimit
2026-09-13T19:48+02:00,A13,L,13.18,4,lane_closed
2026-09-13T19:48+02:00,A13,L,17.8,2,speedlimit
2026-09-13T19:48+02:00,A15,x,45.853,1,speedlimit
2026-09-13T19:48+02:00,A20,L,33.85,1,speedlimit
2026-09-13T19:48+02:00,A4,L,5.93,2,speedlimit
2026-09-13T19:48+02:00,A20,R,28.57,1,speedlimit
2026-09-13T19:48+02:00,A4,L,5.549,5,speedlimit
2026-09-13T19:48+02:00,A20,R,30.196,4,speedlimit
2026-09-13T19:48+02:00,A4,m,35.48,1,speedlimit
2026-09-13T19:48+02:00,A4,m,35.48,3,lane_closed_ahead
2026-09-13T19:48+02:00,A29,L,10.78,2,speedlimit
2026-09-13T19:48+02:00,A20,L,34.695,3,speedlimit
2026-09-13T19:48+02:00,A4,L,5.225,2,speedlimit
2026-09-13T19:48+02:00,A20,t,29.6,2,speedlimit
2026-09-13T19:48+02:00,A4,L,5.225,4,speedlimit
2026-09-13T19:48+02:00,A20,L,38.3,1,lane_closed_ahead
2026-09-13T19:48+02:00,A15,L,64.67,4,speedlimit
2026-09-13T19:48+02:00,A15,L,65.685,1,speedlimit
2026-09-13T19:48+02:00,A15,L,64.67,1,lane_closed
2026-09-13T19:48+02:00,A15,r,45.853,1,speedlimit
2026-09-13T19:48+02:00,A20,R,26.93,2,speedlimit
2026-09-13T19:48+02:00,A4,R,3.27,3,speedlimit
2026-09-13T19:48+02:00,A20,L,30.9,3,speedlimit
2026-09-13T19:48+02:00,A13,L,18.8,3,speedlimit
2026-09-13T19:48+02:00,A20,L,37.8,1,lane_closed
2026-09-13T19:48+02:00,A20,R,28.8,1,speedlimit
2026-09-13T19:48+02:00,A15,R,61.05,2,speedlimit
2026-09-13T19:48+02:00,A13,L,18.8,1,speedlimit
2026-09-13T19:48+02:00,A4,h,46.4,2,speedlimit
2026-09-13T19:48+02:00,A13,R,16.2,2,speedlimit
2026-09-13T19:48+02:00,A4,m,3.83,1,speedlimit
2026-09-13T19:48+02:00,A4,L,5.549,2,speedlimit
2026-09-13T19:48+02:00,A20,L,34.695,2,speedlimit
2026-09-13T19:48+02:00,A20,L,31.4,3,speedlimit
2026-09-13T19:48+02:00,A20,L,30.196,4,speedlimit
2026-09-13T19:48+02:00,A4,L,5.225,5,speedlimit
2026-09-13T19:48+02:00,A4,f,3.96,2,lane_closed
2026-09-13T19:48+02:00,A13,R,18.2,2,speedlimit
2026-09-13T19:48+02:00,A4,R,3.01,1,speedlimit
2026-09-13T19:48+02:00,A13,L,17.8,1,speedlimit
2026-09-13T19:48+02:00,A20,R,29.8,1,speedlimit
2026-09-13T19:48+02:00,A20,R,31.26,2,speedlimit
2026-09-13T19:48+02:00,A15,m,58.46,1,lane_closed_ahead
2026-09-13T19:48+02:00,A4,R,3.27,5,speedlimit
2026-09-13T19:48+02:00,A15,m,59.11,3,speedlimit
2026-09-13T19:48+02:00,A4,R,3.01,3,speedlimit
2026-09-13T19:48+02:00,A20,R,31.26,3,speedlimit
2026-09-13T19:48+02:00,A20,R,26.64,3,speedlimit
2026-09-13T19:48+02:00,A20,R,26.64,4,speedlimit
2026-09-13T19:48+02:00,A15,y,47.43,1,speedlimit
2026-09-13T19:48+02:00,A20,R,26.4,1,speedlimit
2026-09-13T19:48+02:00,A13,R,17.1,1,speedlimit
2026-09-13T19:48+02:00,A15,R,59.2,3,speedlimit
2026-09-13T19:48+02:00,A20,R,29.5,3,speedlimit
2026-09-13T19:48+02:00,A15,R,58.46,4,speedlimit
2026-09-13T19:48+02:00,A29,L,10.63,3,lane_closed
2026-09-13T19:48+02:00,A13,L,13.7,4,lane_closed
2026-09-13T19:48+02:00,A15,L,63.56,2,speedlimit
2026-09-13T19:48+02:00,A13,L,14.2,4,lane_closed
2026-09-13T19:48+02:00,A15,R,60.76,2,speedlimit
2026-09-13T19:48+02:00,A4,h,46.4,1,speedlimit
2026-09-13T19:48+02:00,A29,L,11.525,4,speedlimit
2026-09-13T19:48+02:00,A20,t,29.6,1,speedlimit
2026-09-13T19:48+02:00,A15,L,65.685,4,speedlimit
2026-09-13T19:48+02:00,A20,R,29.8,4,speedlimit
2026-09-13T19:48+02:00,A13,R,18.7,2,speedlimit
2026-09-13T19:48+02:00,A20,R,27.488,1,speedlimit
2026-09-13T19:48+02:00,A15,R,62.454,1,speedlimit
2026-09-13T19:48+02:00,A15,m,59.11,1,lane_closed
2026-09-13T19:48+02:00,A20,R,29.5,2,speedlimit
2026-09-13T19:48+02:00,A20,L,27.2,2,speedlimit
2026-09-13T19:48+02:00,A13,R,18.963,1,speedlimit
2026-09-13T19:48+02:00,A13,L,17.1,1,speedlimit
2026-09-13T19:48+02:00,A15,R,61.63,3,lane_closed
2026-09-13T19:48+02:00,A20,L,31.88,3,speedlimit
2026-09-13T19:48+02:00,A13,L,17.1,4,speedlimit
2026-09-13T19:48+02:00,A13,R,16.655,2,speedlimit
2026-09-13T19:48+02:00,A13,L,15.55,5,lane_closed
2026-09-13T19:48+02:00,A4,k,4.44,1,speedlimit
2026-09-13T19:48+02:00,A15,m,58.65,2,speedlimit
2026-09-13T19:48+02:00,A15,R,59.95,3,lane_closed
2026-09-13T19:48+02:00,A4,L,5.225,1,speedlimit
2026-09-13T19:48+02:00,A20,L,32.8,3,speedlimit
2026-09-13T19:48+02:00,A15,R,61.63,6,lane_closed
2026-09-13T19:48+02:00,A15,R,58.46,1,speedlimit
2026-09-13T19:48+02:00,A20,R,30.196,1,speedlimit
2026-09-13T19:48+02:00,A20,L,29.826,4,speedlimit
2026-09-13T19:48+02:00,A20,s,29.6,1,speedlimit
2026-09-13T19:48+02:00,A20,L,28.57,2,speedlimit
2026-09-13T19:48+02:00,A20,R,30.6,2,speedlimit
2026-09-13T19:48+02:00,A15,R,59.57,1,speedlimit
2026-09-13T19:48+02:00,A29,s,9.91,2,lane_closed
2026-09-13T19:48+02:00,A15,L,65.25,3,speedlimit
2026-09-13T19:48+02:00,A13,L,17.1,2,speedlimit
2026-09-13T19:48+02:00,A20,L,28.57,3,speedlimit
2026-09-13T19:48+02:00,A15,R,59.57,3,lane_closed
2026-09-13T19:48+02:00,A15,L,64.67,3,speedlimit
2026-09-13T19:48+02:00,A20,R,26.4,4,speedlimit
2026-09-13T19:48+02:00,A20,R,30.196,2,speedlimit
2026-09-13T19:48+02:00,A13,R,17.8,3,speedlimit
2026-09-13T19:48+02:00,A15,n,95.855,2,speedlimit
2026-09-13T20:49+02:00,A13,L,16.7,1,speedlimit
2026-09-13T20:49+02:00,A15,R,59.2,2,speedlimit
2026-09-13T20:49+02:00,A20,L,30.196,2,speedlimit
2026-09-13T20:49+02:00,A13,R,16.655,1,speedlimit
2026-09-13T20:49+02:00,A13,R,17.1,2,speedlimit
2026-09-13T20:49+02:00,A15,R,61.63,4,lane_closed
2026-09-13T20:49+02:00,A4,L,5.93,1,speedlimit
2026-09-13T20:49+02:00,A4,j,4.65,2,lane_closed
2026-09-13T20:49+02:00,A15,R,61.33,5,lane_closed
2026-09-13T20:49+02:00,A29,v,10.39,1,lane_closed
2026-09-13T20:49+02:00,A15,R,58.05,4,speedlimit
2026-09-13T20:49+02:00,A29,L,11.06,4,speedlimit
2026-09-13T20:49+02:00,A29,L,11.06,2,speedlimit
2026-09-13T20:49+02:00,A13,R,18.5,1,speedlimit
2026-09-13T20:49+02:00,A4,R,3.27,4,speedlimit
2026-09-13T20:49+02:00,A20,L,29.5,2,speedlimit
2026-09-13T20:49+02:00,A13,R,18.5,4,speedlimit
2026-09-13T20:49+02:00,A15,m,58.46,3,speedlimit
2026-09-13T20:49+02:00,A13,R,18.2,3,speedlimit
2026-09-13T20:49+02:00,A20,R,28.1,1,speedlimit
2026-09-13T20:49+02:00,A20,R,30.196,3,speedlimit
2026-09-13T20:49+02:00,A4,j,4.65,1,lane_closed
2026-09-13T20:49+02:00,A20,L,36.94,1,lane_closed
2026-09-13T20:49+02:00,A15,R,58.05,1,speedlimit
2026-09-13T20:49+02:00,A15,R,58.46,2,speedlimit
2026-09-13T20:49+02:00,A15,n,95.855,3,speedlimit
2026-09-13T20:49+02:00,A13,R,17.8,2,speedlimit
2026-09-13T20:49+02:00,A15,R,61.05,6,lane_closed
2026-09-13T20:49+02:00,A4,L,5.225,6,lane_closed
2026-09-13T20:49+02:00,A20,s,29.6,2,speedlimit
2026-09-13T20:49+02:00,A15,L,65.25,2,speedlimit
2026-09-13T20:49+02:00,A15,L,65.685,3,speedlimit
2026-09-13T20:49+02:00,A29,R,96.443,2,lane_closed
2026-09-13T20:49+02:00,A15,R,58.05,2,speedlimit
2026-09-13T20:49+02:00,A20,R,26.93,4,speedlimit
2026-09-13T20:49+02:00,A20,R,28.57,3,speedlimit
2026-09-13T20:49+02:00,A15,R,61.05,1,speedlimit
2026-09-13T20:49+02:00,A29,v,10.8,1,lane_closed
2026-09-13T20:49+02:00,A4,R,3.01,4,speedlimit
2026-09-13T20:49+02:00,A29,s,9.64,2,lane_closed
2026-09-13T20:49+02:00,A13,L,18.8,2,speedlimit
2026-09-13T20:49+02:00,A15,R,60.49,4,lane_closed
2026-09-13T20:49+02:00,A15,R,62.454,3,lane_closed
2026-09-13T20:49+02:00,A20,R,27.235,1,speedlimit
2026-09-13T20:49+02:00,A20,L,28.41,2,speedlimit
2026-09-13T20:49+02:00,A20,R,27.79,2,speedlimit
2026-09-13T20:49+02:00,A13,R,18.5,3,speedlimit
2026-09-13T20:49+02:00,A20,R,28.57,4,speedlimit
2026-09-13T20:49+02:00,A20,R,31.26,4,speedlimit
2026-09-13T20:49+02:00,A20,L,29.826,2,speedlimit
2026-09-13T20:49+02:00,A20,L,35.925,1,lane_closed
2026-09-13T20:49+02:00,A20,L,28.57,1,speedlimit
2026-09-13T20:49+02:00,A20,R,29.5,4,speedlimit
2026-09-13T20:49+02:00,A15,m,60.07,1,lane_closed
2026-09-13T20:49+02:00,A20,R,28.1,2,speedlimit
2026-09-13T20:49+02:00,A20,R,26.64,1,speedlimit
2026-09-13T20:49+02:00,A15,R,61.05,4,lane_closed
2026-09-13T20:49+02:00,A15,L,64.2,2,speedlimit
2026-09-13T20:49+02:00,A15,R,60.49,3,lane_closed
2026-09-13T20:49+02:00,A29,R,9.83,1,lane_closed
2026-09-13T20:49+02:00,A20,L,32.8,2,speedlimit
2026-09-13T20:49+02:00,A29,R,9.5,3,speedlimit
2026-09-13T20:49+02:00,A15,L,65.25,4,speedlimit
2026-09-13T20:49+02:00,A15,R,59.2,1,speedlimit
2026-09-13T20:49+02:00,A13,L,17.1,3,speedlimit
2026-09-13T20:49+02:00,A29,L,10.63,1,speedlimit
2026-09-13T20:49+02:00,A20,L,36.625,1,lane_closed
2026-09-13T20:49+02:00,A15,R,62.454,2,speedlimit
2026-09-13T20:49+02:00,A29,L,11.525,1,speedlimit
2026-09-13T20:49+02:00,A4,L,5.549,6,lane_closed_ahead
2026-09-13T20:49+02:00,A29,s,9.64,1,lane_closed
2026-09-13T20:49+02:00,A20,L,27.488,1,speedlimit
2026-09-13T20:49+02:00,A20,L,27.2,1,speedlimit
2026-09-13T20:49+02:00,A4,h,46.06,2,speedlimit
2026-09-13T20:49+02:00,A15,R,59.57,2,speedlimit
2026-09-13T20:49+02:00,A20,L,27.8,2,speedlimit
2026-09-13T20:49+02:00,A4,k,4.44,3,lane_closed
2026-09-13T20:49+02:00,A15,R,58.05,5,speedlimit
2026-09-13T20:49+02:00,A13,L,18.2,3,speedlimit
2026-09-13T20:49+02:00,A4,m,3.83,3,lane_closed
2026-09-13T20:49+02:00,A29,L,10.63,2,speedlimit
2026-09-13T20:49+02:00,A20,L,31.88,1,speedlimit
2026-09-13T20:49+02:00,A29,L,11.06,1,speedlimit
2026-09-13T20:49+02:00,A4,m,3.83,4,lane_closed
2026-09-13T20:49+02:00,A13,L,16.7,2,speedlimit
2026-09-13T20:49+02:00,A20,L,30.9,2,speedlimit
2026-09-13T20:49+02:00,A20,L,28.085,1,speedlimit
2026-09-13T20:49+02:00,A15,R,58.05,3,speedlimit
2026-09-13T20:49+02:00,A15,R,61.33,3,lane_closed
2026-09-13T20:49+02:00,A20,R,30.6,1,speedlimit
2026-09-13T20:49+02:00,A13,R,17.1,3,speedlimit
2026-09-13T20:49+02:00,A20,R,26.93,3,speedlimit
2026-09-13T20:49+02:00,A15,R,62.062,2,speedlimit
2026-09-13T20:49+02:00,A20,L,31.4,1,speedlimit
2026-09-13T20:49+02:00,A29,R,95.98,2,lane_closed
2026-09-13T20:49+02:00,A29,s,10.4,1,lane_closed
2026-09-13T20:49+02:00,A15,R,61.05,3,lane_closed
2026-09-13T20:49+02:00,A4,L,5.225,3,speedlimit
2026-09-13T20:49+02:00,A15,m,59.11,2,speedlimit
2026-09-13T20:49+02:00,A20,L,31.1,2,speedlimit
2026-09-13T20:49+02:00,A13,g,18.7,2,speedlimit
2026-09-13T20:49+02:00,A15,L,65.685,2,speedlimit
2026-09-13T20:49+02:00,A15,m,61.995,3,lane_closed
2026-09-13T20:49+02:00,A20,L,31.4,2,speedlimit
2026-09-13T20:49+02:00,A4,f,3.96,1,lane_closed
2026-09-13T20:49+02:00,A15,R,61.63,1,speedlimit
2026-09-13T20:49+02:00,A29,R,9.5,1,lane_closed_ahead
2026-09-13T20:49+02:00,A15,R,61.33,4,lane_closed
2026-09-13T20:49+02:00,A13,L,15.9,3,lane_closed
2026-09-13T20:49+02:00,A4,R,3.27,1,speedlimit
2026-09-13T20:49+02:00,A13,R,16.2,1,speedlimit
2026-09-13T20:49+02:00,A29,s,10.4,2,lane_closed
2026-09-13T20:49+02:00,A13,R,18.5,2,speedlimit
2026-09-13T20:49+02:00,A20,L,30.196,1,speedlimit
2026-09-13T20:49+02:00,A29,R,95.386,2,lane_closed_ahead
2026-09-13T20:49+02:00,A20,R,27.79,1,speedlimit
2026-09-13T20:49+02:00,A15,R,61.33,1,speedlimit
2026-09-13T20:49+02:00,A20,L,29.826,1,speedlimit
2026-09-13T20:49+02:00,A15,m,61.995,1,lane_closed
2026-09-13T20:49+02:00,A20,R,28.41,2,speedlimit
2026-09-13T20:49+02:00,A4,L,5.549,1,speedlimit
2026-09-13T20:49+02:00,A15,R,62.062,1,speedlimit
2026-09-13T20:49+02:00,A20,R,29.1,1,speedlimit
2026-09-13T20:49+02:00,A13,R,17.8,1,speedlimit
2026-09-13T20:49+02:00,A29,L,11.06,3,speedlimit
2026-09-13T20:49+02:00,A20,R,28.41,1,speedlimit
2026-09-13T20:49+02:00,A20,R,31.9,2,speedlimit
2026-09-13T20:49+02:00,A15,R,61.63,5,lane_closed
2026-09-13T20:49+02:00,A29,L,11.525,3,speedlimit
2026-09-13T20:49+02:00,A4,R,3.27,2,speedlimit
2026-09-13T20:49+02:00,A20,L,31.1,3,speedlimit
2026-09-13T20:49+02:00,A15,R,61.33,6,lane_closed
2026-09-13T20:49+02:00,A29,R,9.5,2,speedlimit
2026-09-13T20:49+02:00,A29,R,9.83,3,speedlimit
2026-09-13T20:49+02:00,A15,R,62.454,5,lane_closed
2026-09-13T20:49+02:00,A15,R,60.49,2,speedlimit
2026-09-13T20:49+02:00,A20,R,27.488,2,speedlimit
2026-09-13T20:49+02:00,A20,t,28.895,1,speedlimit
2026-09-13T20:49+02:00,A20,L,32.8,1,speedlimit
2026-09-13T20:49+02:00,A20,R,28.8,2,speedlimit
2026-09-13T20:49+02:00,A20,L,31.1,1,speedlimit
2026-09-13T20:49+02:00,A13,L,16.19,3,lane_closed
2026-09-13T20:49+02:00,A13,L,15.035,5,lane_closed
2026-09-13T20:49+02:00,A4,m,3.83,2,speedlimit
2026-09-13T20:49+02:00,A20,L,27.8,1,speedlimit
2026-09-13T20:49+02:00,A20,R,29.1,2,speedlimit
2026-09-13T20:49+02:00,A13,g,18.7,1,speedlimit
2026-09-13T20:49+02:00,A20,R,28.57,2,speedlimit
2026-09-13T20:49+02:00,A20,R,26.64,2,speedlimit
2026-09-13T20:49+02:00,A15,L,64.2,3,speedlimit
2026-09-13T20:49+02:00,A20,L,29.1,1,speedlimit
2026-09-13T20:49+02:00,A13,L,18.2,1,speedlimit
2026-09-13T20:49+02:00,A15,L,64.67,2,speedlimit
2026-09-13T20:49+02:00,A13,L,12.7,4,lane_closed
2026-09-13T20:49+02:00,A20,L,31.88,2,speedlimit
2026-09-13T20:49+02:00,A15,R,62.454,4,lane_closed
2026-09-13T20:49+02:00,A20,L,28.085,2,speedlimit
2026-09-13T20:49+02:00,A29,R,95.675,2,lane_closed
2026-09-13T20:49+02:00,A15,R,62.062,3,lane_closed
2026-09-13T20:49+02:00,A20,R,30.6,3,speedlimit
2026-09-13T20:49+02:00,A15,m,58.65,3,speedlimit
2026-09-13T20:49+02:00,A20,L,35.52,1,lane_closed
2026-09-13T20:49+02:00,A15,R,62.062,4,lane_closed
2026-09-13T20:49+02:00,A29,s,9.91,1,lane_closed
2026-09-13T20:49+02:00,A20,R,29.8,2,speedlimit
2026-09-13T20:49+02:00,A29,R,95.98,1,speedlimit
2026-09-13T20:49+02:00,A15,L,64.2,1,lane_closed
2026-09-13T20:49+02:00,A20,R,27.235,2,speedlimit
2026-09-13T20:49+02:00,A20,L,37.3,1,lane_closed
2026-09-13T20:49+02:00,A15,R,59.95,1,speedlimit
2026-09-13T20:49+02:00,A13,R,18.2,1,speedlimit
2026-09-13T20:49+02:00,A4,k,4.44,2,lane_closed
2026-09-13T20:49+02:00,A15,L,65.25,1,lane_closed_ahead
2026-09-13T20:49+02:00,A29,R,94.77,2,speedlimit
2026-09-13T20:49+02:00,A29,L,10.78,1,speedlimit
2026-09-13T20:49+02:00,A15,e,95.55,1,speedlimit
2026-09-13T20:49+02:00,A13,e,19.1,1,speedlimit
2026-09-13T20:49+02:00,A29,L,10.63,4,lane_closed
2026-09-13T20:49+02:00,A29,R,96.443,1,speedlimit
2026-09-13T20:49+02:00,A29,R,9.83,2,speedlimit
2026-09-13T20:49+02:00,A15,R,60.49,1,speedlimit
2026-09-13T20:49+02:00,A13,L,17.8,3,speedlimit
2026-09-13T20:49+02:00,A4,R,3.01,5,speedlimit
2026-09-13T20:49+02:00,A4,L,5.93,3,speedlimit
2026-09-13T20:49+02:00,A20,R,31.26,1,speedlimit
2026-09-13T20:49+02:00,A4,L,5.93,5,speedlimit
2026-09-13T20:49+02:00,A15,R,61.05,5,lane_closed
2026-09-13T20:49+02:00,A15,R,59.2,4,lane_closed_ahead
2026-09-13T20:49+02:00,A15,R,61.33,2,speedlimit
2026-09-13T20:49+02:00,A20,L,29.826,3,speedlimit
2026-09-13T20:49+02:00,A15,m,61.995,2,lane_closed
2026-09-13T20:49+02:00,A4,h,45.58,3,lane_closed
2026-09-13T20:49+02:00,A20,L,29.5,1,speedlimit
2026-09-13T20:49+02:00,A20,R,28.8,3,speedlimit
2026-09-13T20:49+02:00,A20,R,29.5,1,speedlimit
2026-09-13T20:49+02:00,A15,R,60.76,3,lane_closed
2026-09-13T20:49+02:00,A15,R,59.95,2,speedlimit
2026-09-13T20:49+02:00,A13,L,11.25,4,lane_closed
2026-09-13T20:49+02:00,A20,L,30.9,1,speedlimit
2026-09-13T20:49+02:00,A13,R,18.2,4,speedlimit
2026-09-13T20:49+02:00,A4,L,5.93,4,speedlimit
2026-09-13T20:49+02:00,A15,m,59.58,1,lane_closed
2026-09-13T20:49+02:00,A13,R,18.7,1,speedlimit
2026-09-13T20:49+02:00,A15,L,64.67,5,speedlimit
2026-09-13T20:49+02:00,A15,n,95.855,1,speedlimit
2026-09-13T20:49+02:00,A4,L,5.93,6,speedlimit
2026-09-13T20:49+02:00,A20,c,27.488,1,speedlimit
2026-09-13T20:49+02:00,A20,R,31.9,3,speedlimit
2026-09-13T20:49+02:00,A13,R,16.655,3,speedlimit
2026-09-13T20:49+02:00,A20,L,29.1,2,speedlimit
2026-09-13T20:49+02:00,A15,L,63.56,1,lane_closed
2026-09-13T20:49+02:00,A20,R,29.8,3,speedlimit
2026-09-13T20:49+02:00,A13,L,18.2,2,speedlimit
2026-09-13T20:49+02:00,A20,R,26.4,3,speedlimit
2026-09-13T20:49+02:00,A15,R,60.76,4,lane_closed
2026-09-13T20:49+02:00,A15,m,58.65,1,lane_closed
2026-09-13T20:49+02:00,A29,L,11.525,2,speedlimit
2026-09-13T20:49+02:00,A20,R,26.93,1,speedlimit
2026-09-13T20:49+02:00,A15,R,61.63,2,speedlimit
2026-09-13T20:49+02:00,A15,R,58.46,3,speedlimit
2026-09-13T20:49+02:00,A15,R,60.76,1,speedlimit
2026-09-13T20:49+02:00,A4,L,5.549,3,speedlimit
2026-09-13T20:49+02:00,A20,R,26.4,2,speedlimit
2026-09-13T20:49+02:00,A15,L,63.56,3,speedlimit
2026-09-13T20:49+02:00,A20,L,27.488,2,speedlimit
2026-09-13T20:49+02:00,A20,L,30.196,3,speedlimit
2026-09-13T20:49+02:00,A4,h,46.06,1,speedlimit
2026-09-13T20:49+02:00,A4,R,3.01,2,speedlimit
2026-09-13T20:49+02:00,A4,L,5.549,4,speedlimit
2026-09-13T20:49+02:00,A15,m,61.995,4,lane_closed
2026-09-13T20:49+02:00,A20,L,28.41,1,speedlimit
2026-09-13T20:49+02:00,A13,L,13.18,4,lane_closed
2026-09-13T20:49+02:00,A13,L,17.8,2,speedlimit
2026-09-13T20:49+02:00,A29,R,95.675,1,speedlimit
2026-09-13T20:49+02:00,A4,L,5.93,2,speedlimit
2026-09-13T20:49+02:00,A20,R,28.57,1,speedlimit
2026-09-13T20:49+02:00,A4,L,5.549,5,speedlimit
2026-09-13T20:49+02:00,A20,R,30.196,4,speedlimit
2026-09-13T20:49+02:00,A29,L,10.78,2,speedlimit
2026-09-13T20:49+02:00,A4,L,5.225,2,speedlimit
2026-09-13T20:49+02:00,A20,t,29.6,2,speedlimit
2026-09-13T20:49+02:00,A4,L,5.225,4,speedlimit
2026-09-13T20:49+02:00,A20,L,38.3,1,lane_closed_ahead
2026-09-13T20:49+02:00,A15,L,64.67,4,speedlimit
2026-09-13T20:49+02:00,A15,L,65.685,1,speedlimit
2026-09-13T20:49+02:00,A15,L,64.67,1,lane_closed
2026-09-13T20:49+02:00,A20,R,26.93,2,speedlimit
2026-09-13T20:49+02:00,A4,R,3.27,3,speedlimit
2026-09-13T20:49+02:00,A20,L,30.9,3,speedlimit
2026-09-13T20:49+02:00,A13,L,18.8,3,speedlimit
2026-09-13T20:49+02:00,A20,L,37.8,1,lane_closed
2026-09-13T20:49+02:00,A20,R,28.8,1,speedlimit
2026-09-13T20:49+02:00,A15,R,61.05,2,speedlimit
2026-09-13T20:49+02:00,A13,L,18.8,1,speedlimit
2026-09-13T20:49+02:00,A4,h,46.4,2,speedlimit
2026-09-13T20:49+02:00,A13,R,16.2,2,speedlimit
2026-09-13T20:49+02:00,A4,m,3.83,1,speedlimit
2026-09-13T20:49+02:00,A4,L,5.549,2,speedlimit
2026-09-13T20:49+02:00,A20,L,31.4,3,speedlimit
2026-09-13T20:49+02:00,A20,L,30.196,4,speedlimit
2026-09-13T20:49+02:00,A4,L,5.225,5,speedlimit
2026-09-13T20:49+02:00,A4,f,3.96,2,lane_closed
2026-09-13T20:49+02:00,A13,R,18.2,2,speedlimit
2026-09-13T20:49+02:00,A4,R,3.01,1,speedlimit
2026-09-13T20:49+02:00,A13,L,17.8,1,speedlimit
2026-09-13T20:49+02:00,A20,R,29.8,1,speedlimit
2026-09-13T20:49+02:00,A20,R,31.26,2,speedlimit
2026-09-13T20:49+02:00,A15,m,58.46,1,lane_closed_ahead
2026-09-13T20:49+02:00,A4,R,3.27,5,speedlimit
2026-09-13T20:49+02:00,A15,m,59.11,3,speedlimit
2026-09-13T20:49+02:00,A4,R,3.01,3,speedlimit
2026-09-13T20:49+02:00,A20,R,31.26,3,speedlimit
2026-09-13T20:49+02:00,A20,R,26.64,3,speedlimit
2026-09-13T20:49+02:00,A20,R,26.64,4,speedlimit
2026-09-13T20:49+02:00,A20,R,26.4,1,speedlimit
2026-09-13T20:49+02:00,A13,R,17.1,1,speedlimit
2026-09-13T20:49+02:00,A15,R,59.2,3,speedlimit
2026-09-13T20:49+02:00,A20,R,29.5,3,speedlimit
2026-09-13T20:49+02:00,A15,R,58.46,4,speedlimit
2026-09-13T20:49+02:00,A29,L,10.63,3,lane_closed
2026-09-13T20:49+02:00,A13,L,13.7,4,lane_closed
2026-09-13T20:49+02:00,A15,L,63.56,2,speedlimit
2026-09-13T20:49+02:00,A13,L,14.2,4,lane_closed
2026-09-13T20:49+02:00,A15,R,60.76,2,speedlimit
2026-09-13T20:49+02:00,A4,h,46.4,1,speedlimit
2026-09-13T20:49+02:00,A29,L,11.525,4,speedlimit
2026-09-13T20:49+02:00,A20,t,29.6,1,speedlimit
2026-09-13T20:49+02:00,A15,L,65.685,4,speedlimit
2026-09-13T20:49+02:00,A20,R,29.8,4,speedlimit
2026-09-13T20:49+02:00,A13,R,18.7,2,speedlimit
2026-09-13T20:49+02:00,A20,R,27.488,1,speedlimit
2026-09-13T20:49+02:00,A15,R,62.454,1,speedlimit
2026-09-13T20:49+02:00,A15,m,59.11,1,lane_closed
2026-09-13T20:49+02:00,A20,R,29.5,2,speedlimit
2026-09-13T20:49+02:00,A20,L,27.2,2,speedlimit
2026-09-13T20:49+02:00,A13,R,18.963,1,speedlimit
2026-09-13T20:49+02:00,A13,L,17.1,1,speedlimit
2026-09-13T20:49+02:00,A15,R,61.63,3,lane_closed
2026-09-13T20:49+02:00,A20,L,31.88,3,speedlimit
2026-09-13T20:49+02:00,A13,L,17.1,4,speedlimit
2026-09-13T20:49+02:00,A13,R,16.655,2,speedlimit
2026-09-13T20:49+02:00,A13,L,15.55,5,lane_closed
2026-09-13T20:49+02:00,A29,R,95.386,1,speedlimit
2026-09-13T20:49+02:00,A4,k,4.44,1,speedlimit
2026-09-13T20:49+02:00,A15,m,58.65,2,speedlimit
2026-09-13T20:49+02:00,A15,R,59.95,3,lane_closed
2026-09-13T20:49+02:00,A4,L,5.225,1,speedlimit
2026-09-13T20:49+02:00,A20,L,32.8,3,speedlimit
2026-09-13T20:49+02:00,A15,R,61.63,6,lane_closed
2026-09-13T20:49+02:00,A15,R,58.46,1,speedlimit
2026-09-13T20:49+02:00,A20,R,30.196,1,speedlimit
2026-09-13T20:49+02:00,A20,L,29.826,4,speedlimit
2026-09-13T20:49+02:00,A20,s,29.6,1,speedlimit
2026-09-13T20:49+02:00,A20,L,28.57,2,speedlimit
2026-09-13T20:49+02:00,A20,R,30.6,2,speedlimit
2026-09-13T20:49+02:00,A15,R,59.57,1,speedlimit
2026-09-13T20:49+02:00,A29,s,9.91,2,lane_closed
2026-09-13T20:49+02:00,A15,L,65.25,3,speedlimit
2026-09-13T20:49+02:00,A13,L,17.1,2,speedlimit
2026-09-13T20:49+02:00,A20,L,28.57,3,speedlimit
2026-09-13T20:49+02:00,A15,R,59.57,3,lane_closed
2026-09-13T20:49+02:00,A15,L,64.67,3,speedlimit
2026-09-13T20:49+02:00,A20,R,26.4,4,speedlimit
2026-09-13T20:49+02:00,A20,R,30.196,2,speedlimit
2026-09-13T20:49+02:00,A13,R,17.8,3,speedlimit
2026-09-13T20:49+02:00,A15,n,95.855,2,speedlimit
2026-09-13T21:48+02:00,A13,L,16.7,1,speedlimit
2026-09-13T21:48+02:00,A15,R,59.2,2,speedlimit
2026-09-13T21:48+02:00,A20,L,30.196,2,speedlimit
2026-09-13T21:48+02:00,A13,R,16.655,1,speedlimit
2026-09-13T21:48+02:00,A13,R,17.1,2,speedlimit
2026-09-13T21:48+02:00,A15,R,61.63,4,lane_closed
2026-09-13T21:48+02:00,A4,L,5.93,1,speedlimit
2026-09-13T21:48+02:00,A4,j,4.65,2,lane_closed
2026-09-13T21:48+02:00,A15,R,61.33,5,lane_closed
2026-09-13T21:48+02:00,A29,v,10.39,1,lane_closed
2026-09-13T21:48+02:00,A15,R,58.05,4,speedlimit
2026-09-13T21:48+02:00,A29,L,11.06,4,speedlimit
2026-09-13T21:48+02:00,A29,L,11.06,2,speedlimit
2026-09-13T21:48+02:00,A13,R,18.5,1,speedlimit
2026-09-13T21:48+02:00,A4,R,3.27,4,speedlimit
2026-09-13T21:48+02:00,A20,L,29.5,2,speedlimit
2026-09-13T21:48+02:00,A13,R,18.5,4,speedlimit
2026-09-13T21:48+02:00,A15,m,58.46,3,speedlimit
2026-09-13T21:48+02:00,A13,R,18.2,3,speedlimit
2026-09-13T21:48+02:00,A20,R,28.1,1,speedlimit
2026-09-13T21:48+02:00,A20,R,30.196,3,speedlimit
2026-09-13T21:48+02:00,A4,j,4.65,1,lane_closed
2026-09-13T21:48+02:00,A20,L,36.94,1,lane_closed
2026-09-13T21:48+02:00,A4,R,2.367,4,lane_closed
2026-09-13T21:48+02:00,A15,R,58.05,1,speedlimit
2026-09-13T21:48+02:00,A15,R,58.46,2,speedlimit
2026-09-13T21:48+02:00,A15,n,95.855,3,speedlimit
2026-09-13T21:48+02:00,A13,R,17.8,2,speedlimit
2026-09-13T21:48+02:00,A15,R,61.05,6,lane_closed
2026-09-13T21:48+02:00,A4,L,5.225,6,lane_closed
2026-09-13T21:48+02:00,A20,s,29.6,2,speedlimit
2026-09-13T21:48+02:00,A15,L,65.25,2,speedlimit
2026-09-13T21:48+02:00,A15,L,65.685,3,speedlimit
2026-09-13T21:48+02:00,A15,R,58.05,2,speedlimit
2026-09-13T21:48+02:00,A20,R,26.93,4,speedlimit
2026-09-13T21:48+02:00,A20,R,28.57,3,speedlimit
2026-09-13T21:48+02:00,A15,R,61.05,1,speedlimit
2026-09-13T21:48+02:00,A29,v,10.8,1,lane_closed
2026-09-13T21:48+02:00,A4,R,3.01,4,speedlimit
2026-09-13T21:48+02:00,A29,s,9.64,2,lane_closed
2026-09-13T21:48+02:00,A13,L,18.8,2,speedlimit
2026-09-13T21:48+02:00,A15,R,60.49,4,lane_closed
2026-09-13T21:48+02:00,A15,R,62.454,3,lane_closed
2026-09-13T21:48+02:00,A20,R,27.235,1,speedlimit
2026-09-13T21:48+02:00,A20,L,28.41,2,speedlimit
2026-09-13T21:48+02:00,A20,R,27.79,2,speedlimit
2026-09-13T21:48+02:00,A13,R,18.5,3,speedlimit
2026-09-13T21:48+02:00,A20,R,28.57,4,speedlimit
2026-09-13T21:48+02:00,A20,R,31.26,4,speedlimit
2026-09-13T21:48+02:00,A20,L,29.826,2,speedlimit
2026-09-13T21:48+02:00,A20,L,35.925,1,lane_closed
2026-09-13T21:48+02:00,A20,L,28.57,1,speedlimit
2026-09-13T21:48+02:00,A20,R,29.5,4,speedlimit
2026-09-13T21:48+02:00,A15,m,60.07,1,lane_closed
2026-09-13T21:48+02:00,A20,R,28.1,2,speedlimit
2026-09-13T21:48+02:00,A20,R,26.64,1,speedlimit
2026-09-13T21:48+02:00,A15,R,61.05,4,lane_closed
2026-09-13T21:48+02:00,A15,L,64.2,2,speedlimit
2026-09-13T21:48+02:00,A15,R,60.49,3,lane_closed
2026-09-13T21:48+02:00,A29,R,9.83,1,lane_closed
2026-09-13T21:48+02:00,A20,L,32.8,2,speedlimit
2026-09-13T21:48+02:00,A29,R,9.5,3,speedlimit
2026-09-13T21:48+02:00,A15,L,65.25,4,speedlimit
2026-09-13T21:48+02:00,A15,R,59.2,1,speedlimit
2026-09-13T21:48+02:00,A13,L,17.1,3,speedlimit
2026-09-13T21:48+02:00,A29,L,10.63,1,speedlimit
2026-09-13T21:48+02:00,A20,L,36.625,1,lane_closed
2026-09-13T21:48+02:00,A15,R,62.454,2,lane_closed
2026-09-13T21:48+02:00,A29,L,11.525,1,speedlimit
2026-09-13T21:48+02:00,A4,L,5.549,6,lane_closed_ahead
2026-09-13T21:48+02:00,A29,s,9.64,1,lane_closed
2026-09-13T21:48+02:00,A20,L,27.488,1,speedlimit
2026-09-13T21:48+02:00,A20,L,27.2,1,speedlimit
2026-09-13T21:48+02:00,A4,h,46.06,2,speedlimit
2026-09-13T21:48+02:00,A15,R,59.57,2,lane_closed_ahead
2026-09-13T21:48+02:00,A20,L,27.8,2,speedlimit
2026-09-13T21:48+02:00,A4,k,4.44,3,lane_closed
2026-09-13T21:48+02:00,A15,R,58.05,5,speedlimit
2026-09-13T21:48+02:00,A13,L,18.2,3,speedlimit
2026-09-13T21:48+02:00,A4,m,3.83,3,lane_closed
2026-09-13T21:48+02:00,A29,L,10.63,2,speedlimit
2026-09-13T21:48+02:00,A20,L,31.88,1,speedlimit
2026-09-13T21:48+02:00,A29,L,11.06,1,speedlimit
2026-09-13T21:48+02:00,A4,m,3.83,4,lane_closed
2026-09-13T21:48+02:00,A13,L,16.7,2,speedlimit
2026-09-13T21:48+02:00,A20,L,30.9,2,speedlimit
2026-09-13T21:48+02:00,A20,L,28.085,1,speedlimit
2026-09-13T21:48+02:00,A15,R,58.05,3,speedlimit
2026-09-13T21:48+02:00,A15,R,61.33,3,lane_closed
2026-09-13T21:48+02:00,A20,R,30.6,1,speedlimit
2026-09-13T21:48+02:00,A13,R,17.1,3,speedlimit
2026-09-13T21:48+02:00,A20,R,26.93,3,speedlimit
2026-09-13T21:48+02:00,A15,R,62.062,2,lane_closed
2026-09-13T21:48+02:00,A20,L,31.4,1,speedlimit
2026-09-13T21:48+02:00,A29,s,10.4,1,lane_closed
2026-09-13T21:48+02:00,A15,R,61.05,3,lane_closed
2026-09-13T21:48+02:00,A4,L,5.225,3,speedlimit
2026-09-13T21:48+02:00,A15,m,59.11,2,speedlimit
2026-09-13T21:48+02:00,A20,L,31.1,2,speedlimit
2026-09-13T21:48+02:00,A13,g,18.7,2,speedlimit
2026-09-13T21:48+02:00,A15,L,65.685,2,speedlimit
2026-09-13T21:48+02:00,A15,m,61.995,3,lane_closed
2026-09-13T21:48+02:00,A20,L,31.4,2,speedlimit
2026-09-13T21:48+02:00,A4,f,3.96,1,lane_closed
2026-09-13T21:48+02:00,A15,R,61.63,1,speedlimit
2026-09-13T21:48+02:00,A29,R,9.5,1,lane_closed_ahead
2026-09-13T21:48+02:00,A15,R,61.33,4,lane_closed
2026-09-13T21:48+02:00,A13,L,15.9,3,lane_closed
2026-09-13T21:48+02:00,A4,R,3.27,1,speedlimit
2026-09-13T21:48+02:00,A13,R,16.2,1,speedlimit
2026-09-13T21:48+02:00,A29,s,10.4,2,lane_closed
2026-09-13T21:48+02:00,A13,R,18.5,2,speedlimit
2026-09-13T21:48+02:00,A20,L,30.196,1,speedlimit
2026-09-13T21:48+02:00,A20,R,27.79,1,speedlimit
2026-09-13T21:48+02:00,A15,R,61.33,1,speedlimit
2026-09-13T21:48+02:00,A20,L,29.826,1,speedlimit
2026-09-13T21:48+02:00,A15,m,61.995,1,lane_closed
2026-09-13T21:48+02:00,A20,R,28.41,2,speedlimit
2026-09-13T21:48+02:00,A4,L,5.549,1,speedlimit
2026-09-13T21:48+02:00,A15,R,62.062,1,speedlimit
2026-09-13T21:48+02:00,A20,R,29.1,1,speedlimit
2026-09-13T21:48+02:00,A13,R,17.8,1,speedlimit
2026-09-13T21:48+02:00,A29,L,11.06,3,speedlimit
2026-09-13T21:48+02:00,A20,R,28.41,1,speedlimit
2026-09-13T21:48+02:00,A20,R,31.9,2,speedlimit
2026-09-13T21:48+02:00,A15,R,61.63,5,lane_closed
2026-09-13T21:48+02:00,A29,L,11.525,3,speedlimit
2026-09-13T21:48+02:00,A4,R,3.27,2,speedlimit
2026-09-13T21:48+02:00,A20,L,31.1,3,speedlimit
2026-09-13T21:48+02:00,A15,R,61.33,6,lane_closed
2026-09-13T21:48+02:00,A29,R,9.5,2,speedlimit
2026-09-13T21:48+02:00,A29,R,9.83,3,speedlimit
2026-09-13T21:48+02:00,A15,R,62.454,5,lane_closed
2026-09-13T21:48+02:00,A15,R,60.49,2,lane_closed
2026-09-13T21:48+02:00,A20,R,27.488,2,speedlimit
2026-09-13T21:48+02:00,A20,t,28.895,1,speedlimit
2026-09-13T21:48+02:00,A20,L,32.8,1,speedlimit
2026-09-13T21:48+02:00,A20,R,28.8,2,speedlimit
2026-09-13T21:48+02:00,A20,L,31.1,1,speedlimit
2026-09-13T21:48+02:00,A13,L,16.19,3,lane_closed
2026-09-13T21:48+02:00,A13,L,15.035,5,lane_closed
2026-09-13T21:48+02:00,A4,m,3.83,2,speedlimit
2026-09-13T21:48+02:00,A20,L,27.8,1,speedlimit
2026-09-13T21:48+02:00,A20,R,29.1,2,speedlimit
2026-09-13T21:48+02:00,A13,g,18.7,1,speedlimit
2026-09-13T21:48+02:00,A20,R,28.57,2,speedlimit
2026-09-13T21:48+02:00,A20,R,26.64,2,speedlimit
2026-09-13T21:48+02:00,A15,L,64.2,3,speedlimit
2026-09-13T21:48+02:00,A20,L,29.1,1,speedlimit
2026-09-13T21:48+02:00,A13,L,18.2,1,speedlimit
2026-09-13T21:48+02:00,A15,L,64.67,2,speedlimit
2026-09-13T21:48+02:00,A13,L,12.7,4,lane_closed
2026-09-13T21:48+02:00,A20,L,31.88,2,speedlimit
2026-09-13T21:48+02:00,A15,R,62.454,4,lane_closed
2026-09-13T21:48+02:00,A20,L,28.085,2,speedlimit
2026-09-13T21:48+02:00,A15,R,62.062,3,lane_closed
2026-09-13T21:48+02:00,A20,R,30.6,3,speedlimit
2026-09-13T21:48+02:00,A15,m,58.65,3,speedlimit
2026-09-13T21:48+02:00,A20,L,35.52,1,lane_closed
2026-09-13T21:48+02:00,A15,R,62.062,4,lane_closed
2026-09-13T21:48+02:00,A29,s,9.91,1,lane_closed
2026-09-13T21:48+02:00,A20,R,29.8,2,speedlimit
2026-09-13T21:48+02:00,A15,L,64.2,1,lane_closed
2026-09-13T21:48+02:00,A20,R,27.235,2,speedlimit
2026-09-13T21:48+02:00,A20,L,37.3,1,lane_closed
2026-09-13T21:48+02:00,A15,R,59.95,1,speedlimit
2026-09-13T21:48+02:00,A13,R,18.2,1,speedlimit
2026-09-13T21:48+02:00,A4,k,4.44,2,lane_closed
2026-09-13T21:48+02:00,A15,L,65.25,1,lane_closed_ahead
2026-09-13T21:48+02:00,A29,L,10.78,1,speedlimit
2026-09-13T21:48+02:00,A15,e,95.55,1,speedlimit
2026-09-13T21:48+02:00,A13,e,19.1,1,speedlimit
2026-09-13T21:48+02:00,A29,L,10.63,4,lane_closed
2026-09-13T21:48+02:00,A29,R,9.83,2,speedlimit
2026-09-13T21:48+02:00,A15,R,60.49,1,speedlimit
2026-09-13T21:48+02:00,A13,L,17.8,3,speedlimit
2026-09-13T21:48+02:00,A4,R,3.01,5,speedlimit
2026-09-13T21:48+02:00,A4,L,5.93,3,speedlimit
2026-09-13T21:48+02:00,A20,R,31.26,1,speedlimit
2026-09-13T21:48+02:00,A4,L,5.93,5,speedlimit
2026-09-13T21:48+02:00,A15,R,61.05,5,lane_closed
2026-09-13T21:48+02:00,A15,R,59.2,4,lane_closed_ahead
2026-09-13T21:48+02:00,A15,R,61.33,2,lane_closed
2026-09-13T21:48+02:00,A20,L,29.826,3,speedlimit
2026-09-13T21:48+02:00,A15,m,61.995,2,lane_closed
2026-09-13T21:48+02:00,A4,h,45.58,3,lane_closed
2026-09-13T21:48+02:00,A20,L,29.5,1,speedlimit
2026-09-13T21:48+02:00,A20,R,28.8,3,speedlimit
2026-09-13T21:48+02:00,A20,R,29.5,1,speedlimit
2026-09-13T21:48+02:00,A15,R,60.76,3,lane_closed
2026-09-13T21:48+02:00,A15,R,59.95,2,lane_closed
2026-09-13T21:48+02:00,A13,L,11.25,4,lane_closed
2026-09-13T21:48+02:00,A20,L,30.9,1,speedlimit
2026-09-13T21:48+02:00,A13,R,18.2,4,speedlimit
2026-09-13T21:48+02:00,A4,L,5.93,4,speedlimit
2026-09-13T21:48+02:00,A15,m,59.58,1,lane_closed
2026-09-13T21:48+02:00,A13,R,18.7,1,speedlimit
2026-09-13T21:48+02:00,A15,L,64.67,5,speedlimit
2026-09-13T21:48+02:00,A15,n,95.855,1,speedlimit
2026-09-13T21:48+02:00,A4,L,5.93,6,speedlimit
2026-09-13T21:48+02:00,A20,c,27.488,1,speedlimit
2026-09-13T21:48+02:00,A20,R,31.9,3,speedlimit
2026-09-13T21:48+02:00,A13,R,16.655,3,speedlimit
2026-09-13T21:48+02:00,A20,L,29.1,2,speedlimit
2026-09-13T21:48+02:00,A15,L,63.56,1,lane_closed
2026-09-13T21:48+02:00,A20,R,29.8,3,speedlimit
2026-09-13T21:48+02:00,A13,L,18.2,2,speedlimit
2026-09-13T21:48+02:00,A20,R,26.4,3,speedlimit
2026-09-13T21:48+02:00,A15,R,60.76,4,lane_closed
2026-09-13T21:48+02:00,A15,m,58.65,1,lane_closed
2026-09-13T21:48+02:00,A29,L,11.525,2,speedlimit
2026-09-13T21:48+02:00,A20,R,26.93,1,speedlimit
2026-09-13T21:48+02:00,A15,R,61.63,2,lane_closed
2026-09-13T21:48+02:00,A15,R,58.46,3,speedlimit
2026-09-13T21:48+02:00,A15,R,60.76,1,speedlimit
2026-09-13T21:48+02:00,A4,L,5.549,3,speedlimit
2026-09-13T21:48+02:00,A20,R,26.4,2,speedlimit
2026-09-13T21:48+02:00,A15,L,63.56,3,speedlimit
2026-09-13T21:48+02:00,A20,L,27.488,2,speedlimit
2026-09-13T21:48+02:00,A20,L,30.196,3,speedlimit
2026-09-13T21:48+02:00,A4,h,46.06,1,speedlimit
2026-09-13T21:48+02:00,A4,R,3.01,2,speedlimit
2026-09-13T21:48+02:00,A4,L,5.549,4,speedlimit
2026-09-13T21:48+02:00,A15,m,61.995,4,lane_closed
2026-09-13T21:48+02:00,A20,L,28.41,1,speedlimit
2026-09-13T21:48+02:00,A13,L,13.18,4,lane_closed
2026-09-13T21:48+02:00,A13,L,17.8,2,speedlimit
2026-09-13T21:48+02:00,A4,L,5.93,2,speedlimit
2026-09-13T21:48+02:00,A20,R,28.57,1,speedlimit
2026-09-13T21:48+02:00,A4,L,5.549,5,speedlimit
2026-09-13T21:48+02:00,A20,R,30.196,4,speedlimit
2026-09-13T21:48+02:00,A29,L,10.78,2,speedlimit
2026-09-13T21:48+02:00,A4,L,5.225,2,speedlimit
2026-09-13T21:48+02:00,A20,t,29.6,2,speedlimit
2026-09-13T21:48+02:00,A4,L,5.225,4,speedlimit
2026-09-13T21:48+02:00,A20,L,38.3,1,lane_closed_ahead
2026-09-13T21:48+02:00,A15,L,64.67,4,speedlimit
2026-09-13T21:48+02:00,A15,L,65.685,1,speedlimit
2026-09-13T21:48+02:00,A15,L,64.67,1,lane_closed
2026-09-13T21:48+02:00,A20,R,26.93,2,speedlimit
2026-09-13T21:48+02:00,A4,R,3.27,3,speedlimit
2026-09-13T21:48+02:00,A20,L,30.9,3,speedlimit
2026-09-13T21:48+02:00,A13,L,18.8,3,speedlimit
2026-09-13T21:48+02:00,A20,L,37.8,1,lane_closed
2026-09-13T21:48+02:00,A20,R,28.8,1,speedlimit
2026-09-13T21:48+02:00,A15,R,61.05,2,lane_closed
2026-09-13T21:48+02:00,A13,L,18.8,1,speedlimit
2026-09-13T21:48+02:00,A4,h,46.4,2,speedlimit
2026-09-13T21:48+02:00,A13,R,16.2,2,speedlimit
2026-09-13T21:48+02:00,A4,m,3.83,1,speedlimit
2026-09-13T21:48+02:00,A4,L,5.549,2,speedlimit
2026-09-13T21:48+02:00,A20,L,31.4,3,speedlimit
2026-09-13T21:48+02:00,A20,L,30.196,4,speedlimit
2026-09-13T21:48+02:00,A4,L,5.225,5,speedlimit
2026-09-13T21:48+02:00,A4,f,3.96,2,lane_closed
2026-09-13T21:48+02:00,A13,R,18.2,2,speedlimit
2026-09-13T21:48+02:00,A4,R,3.01,1,speedlimit
2026-09-13T21:48+02:00,A13,L,17.8,1,speedlimit
2026-09-13T21:48+02:00,A20,R,29.8,1,speedlimit
2026-09-13T21:48+02:00,A20,R,31.26,2,speedlimit
2026-09-13T21:48+02:00,A15,m,58.46,1,lane_closed_ahead
2026-09-13T21:48+02:00,A4,R,3.27,5,speedlimit
2026-09-13T21:48+02:00,A15,m,59.11,3,speedlimit
2026-09-13T21:48+02:00,A4,R,3.01,3,speedlimit
2026-09-13T21:48+02:00,A20,R,31.26,3,speedlimit
2026-09-13T21:48+02:00,A20,R,26.64,3,speedlimit
2026-09-13T21:48+02:00,A20,R,26.64,4,speedlimit
2026-09-13T21:48+02:00,A20,R,26.4,1,speedlimit
2026-09-13T21:48+02:00,A13,R,17.1,1,speedlimit
2026-09-13T21:48+02:00,A15,R,59.2,3,speedlimit
2026-09-13T21:48+02:00,A20,R,29.5,3,speedlimit
2026-09-13T21:48+02:00,A15,R,58.46,4,speedlimit
2026-09-13T21:48+02:00,A29,L,10.63,3,lane_closed
2026-09-13T21:48+02:00,A13,L,13.7,4,lane_closed
2026-09-13T21:48+02:00,A15,L,63.56,2,speedlimit
2026-09-13T21:48+02:00,A13,L,14.2,4,lane_closed
2026-09-13T21:48+02:00,A15,R,60.76,2,lane_closed
2026-09-13T21:48+02:00,A4,h,46.4,1,speedlimit
2026-09-13T21:48+02:00,A29,L,11.525,4,speedlimit
2026-09-13T21:48+02:00,A20,t,29.6,1,speedlimit
2026-09-13T21:48+02:00,A15,L,65.685,4,speedlimit
2026-09-13T21:48+02:00,A20,R,29.8,4,speedlimit
2026-09-13T21:48+02:00,A13,R,18.7,2,speedlimit
2026-09-13T21:48+02:00,A20,R,27.488,1,speedlimit
2026-09-13T21:48+02:00,A15,R,62.454,1,speedlimit
2026-09-13T21:48+02:00,A15,m,59.11,1,lane_closed
2026-09-13T21:48+02:00,A20,R,29.5,2,speedlimit
2026-09-13T21:48+02:00,A20,L,27.2,2,speedlimit
2026-09-13T21:48+02:00,A13,R,18.963,1,speedlimit
2026-09-13T21:48+02:00,A13,L,17.1,1,speedlimit
2026-09-13T21:48+02:00,A15,R,61.63,3,lane_closed
2026-09-13T21:48+02:00,A20,L,31.88,3,speedlimit
2026-09-13T21:48+02:00,A13,L,17.1,4,speedlimit
2026-09-13T21:48+02:00,A13,R,16.655,2,speedlimit
2026-09-13T21:48+02:00,A13,L,15.55,5,lane_closed
2026-09-13T21:48+02:00,A4,k,4.44,1,speedlimit
2026-09-13T21:48+02:00,A15,m,58.65,2,speedlimit
2026-09-13T21:48+02:00,A15,R,59.95,3,lane_closed
2026-09-13T21:48+02:00,A4,L,5.225,1,speedlimit
2026-09-13T21:48+02:00,A20,L,32.8,3,speedlimit
2026-09-13T21:48+02:00,A15,R,61.63,6,lane_closed
2026-09-13T21:48+02:00,A15,R,58.46,1,speedlimit
2026-09-13T21:48+02:00,A20,R,30.196,1,speedlimit
2026-09-13T21:48+02:00,A20,L,29.826,4,speedlimit
2026-09-13T21:48+02:00,A20,s,29.6,1,speedlimit
2026-09-13T21:48+02:00,A20,L,28.57,2,speedlimit
2026-09-13T21:48+02:00,A20,R,30.6,2,speedlimit
2026-09-13T21:48+02:00,A15,R,59.57,1,speedlimit
2026-09-13T21:48+02:00,A29,s,9.91,2,lane_closed
2026-09-13T21:48+02:00,A15,L,65.25,3,speedlimit
2026-09-13T21:48+02:00,A13,L,17.1,2,speedlimit
2026-09-13T21:48+02:00,A20,L,28.57,3,speedlimit
2026-09-13T21:48+02:00,A15,R,59.57,3,lane_closed
2026-09-13T21:48+02:00,A15,L,64.67,3,speedlimit
2026-09-13T21:48+02:00,A20,R,26.4,4,speedlimit
2026-09-13T21:48+02:00,A20,R,30.196,2,speedlimit
2026-09-13T21:48+02:00,A13,R,17.8,3,speedlimit
2026-09-13T21:48+02:00,A15,n,95.855,2,speedlimit
2026-09-13T22:49+02:00,A13,R,6.725,4,speedlimit
2026-09-13T22:49+02:00,A13,L,16.7,1,speedlimit
2026-09-13T22:49+02:00,A15,R,59.2,2,speedlimit
2026-09-13T22:49+02:00,A20,L,30.196,2,speedlimit
2026-09-13T22:49+02:00,A13,R,16.655,1,speedlimit
2026-09-13T22:49+02:00,A13,R,17.1,2,speedlimit
2026-09-13T22:49+02:00,A15,R,61.63,4,lane_closed
2026-09-13T22:49+02:00,A4,L,5.93,1,speedlimit
2026-09-13T22:49+02:00,A4,j,4.65,2,lane_closed
2026-09-13T22:49+02:00,A15,R,61.33,5,lane_closed
2026-09-13T22:49+02:00,A13,R,8.1,2,speedlimit
2026-09-13T22:49+02:00,A29,v,10.39,1,lane_closed
2026-09-13T22:49+02:00,A13,R,8.1,3,lane_closed
2026-09-13T22:49+02:00,A15,R,58.05,4,speedlimit
2026-09-13T22:49+02:00,A29,L,11.06,4,speedlimit
2026-09-13T22:49+02:00,A29,L,11.06,2,speedlimit
2026-09-13T22:49+02:00,A13,R,18.5,1,speedlimit
2026-09-13T22:49+02:00,A4,R,3.27,4,speedlimit
2026-09-13T22:49+02:00,A20,L,29.5,2,speedlimit
2026-09-13T22:49+02:00,A13,R,18.5,4,speedlimit
2026-09-13T22:49+02:00,A15,m,58.46,3,speedlimit
2026-09-13T22:49+02:00,A13,R,18.2,3,speedlimit
2026-09-13T22:49+02:00,A20,R,28.1,1,speedlimit
2026-09-13T22:49+02:00,A20,R,30.196,3,speedlimit
2026-09-13T22:49+02:00,A4,j,4.65,1,lane_closed
2026-09-13T22:49+02:00,A20,L,36.94,1,lane_closed
2026-09-13T22:49+02:00,A4,R,2.367,4,lane_closed
2026-09-13T22:49+02:00,A15,R,58.05,1,speedlimit
2026-09-13T22:49+02:00,A15,R,58.46,2,speedlimit
2026-09-13T22:49+02:00,A15,n,95.855,3,speedlimit
2026-09-13T22:49+02:00,A13,R,17.8,2,speedlimit
2026-09-13T22:49+02:00,A15,R,61.05,6,lane_closed
2026-09-13T22:49+02:00,A4,L,5.225,6,lane_closed
2026-09-13T22:49+02:00,A20,s,29.6,2,speedlimit
2026-09-13T22:49+02:00,A15,L,65.25,2,speedlimit
2026-09-13T22:49+02:00,A15,L,65.685,3,speedlimit
2026-09-13T22:49+02:00,A15,R,58.05,2,speedlimit
2026-09-13T22:49+02:00,A20,R,26.93,4,speedlimit
2026-09-13T22:49+02:00,A20,R,28.57,3,speedlimit
2026-09-13T22:49+02:00,A15,R,61.05,1,speedlimit
2026-09-13T22:49+02:00,A29,v,10.8,1,lane_closed
2026-09-13T22:49+02:00,A4,R,3.01,4,speedlimit
2026-09-13T22:49+02:00,A29,s,9.64,2,lane_closed
2026-09-13T22:49+02:00,A13,R,8.6,3,lane_closed
2026-09-13T22:49+02:00,A13,L,18.8,2,speedlimit
2026-09-13T22:49+02:00,A15,R,60.49,4,lane_closed
2026-09-13T22:49+02:00,A15,R,62.454,3,lane_closed
2026-09-13T22:49+02:00,A20,R,27.235,1,speedlimit
2026-09-13T22:49+02:00,A20,L,28.41,2,speedlimit
2026-09-13T22:49+02:00,A13,R,8.6,1,speedlimit
2026-09-13T22:49+02:00,A20,R,27.79,2,speedlimit
2026-09-13T22:49+02:00,A13,R,18.5,3,speedlimit
2026-09-13T22:49+02:00,A20,R,28.57,4,speedlimit
2026-09-13T22:49+02:00,A20,R,31.26,4,speedlimit
2026-09-13T22:49+02:00,A20,L,29.826,2,speedlimit
2026-09-13T22:49+02:00,A20,L,35.925,1,lane_closed
2026-09-13T22:49+02:00,A20,L,28.57,1,speedlimit
2026-09-13T22:49+02:00,A20,R,29.5,4,speedlimit
2026-09-13T22:49+02:00,A15,m,60.07,1,lane_closed
2026-09-13T22:49+02:00,A20,R,28.1,2,speedlimit
2026-09-13T22:49+02:00,A20,R,26.64,1,speedlimit
2026-09-13T22:49+02:00,A15,R,61.05,4,lane_closed
2026-09-13T22:49+02:00,A15,L,64.2,2,speedlimit
2026-09-13T22:49+02:00,A15,R,60.49,3,lane_closed
2026-09-13T22:49+02:00,A29,R,9.83,1,lane_closed
2026-09-13T22:49+02:00,A20,L,32.8,2,speedlimit
2026-09-13T22:49+02:00,A29,R,9.5,3,speedlimit
2026-09-13T22:49+02:00,A15,L,65.25,4,speedlimit
2026-09-13T22:49+02:00,A15,R,59.2,1,speedlimit
2026-09-13T22:49+02:00,A13,L,17.1,3,speedlimit
2026-09-13T22:49+02:00,A29,L,10.63,1,speedlimit
2026-09-13T22:49+02:00,A20,L,36.625,1,lane_closed
2026-09-13T22:49+02:00,A15,R,62.454,2,lane_closed
2026-09-13T22:49+02:00,A29,L,11.525,1,speedlimit
2026-09-13T22:49+02:00,A4,L,5.549,6,lane_closed_ahead
2026-09-13T22:49+02:00,A29,s,9.64,1,lane_closed
2026-09-13T22:49+02:00,A20,L,27.488,1,speedlimit
2026-09-13T22:49+02:00,A20,L,27.2,1,speedlimit
2026-09-13T22:49+02:00,A4,h,46.06,2,speedlimit
2026-09-13T22:49+02:00,A15,R,59.57,2,lane_closed_ahead
2026-09-13T22:49+02:00,A20,L,27.8,2,speedlimit
2026-09-13T22:49+02:00,A4,k,4.44,3,lane_closed
2026-09-13T22:49+02:00,A15,R,58.05,5,speedlimit
2026-09-13T22:49+02:00,A13,L,18.2,3,speedlimit
2026-09-13T22:49+02:00,A4,m,3.83,3,lane_closed
2026-09-13T22:49+02:00,A29,L,10.63,2,speedlimit
2026-09-13T22:49+02:00,A20,L,31.88,1,speedlimit
2026-09-13T22:49+02:00,A29,L,11.06,1,speedlimit
2026-09-13T22:49+02:00,A4,m,3.83,4,lane_closed
2026-09-13T22:49+02:00,A13,L,16.7,2,speedlimit
2026-09-13T22:49+02:00,A20,L,30.9,2,speedlimit
2026-09-13T22:49+02:00,A20,L,28.085,1,speedlimit
2026-09-13T22:49+02:00,A15,R,58.05,3,speedlimit
2026-09-13T22:49+02:00,A15,R,61.33,3,lane_closed
2026-09-13T22:49+02:00,A20,R,30.6,1,speedlimit
2026-09-13T22:49+02:00,A13,R,17.1,3,speedlimit
2026-09-13T22:49+02:00,A20,R,26.93,3,speedlimit
2026-09-13T22:49+02:00,A15,R,62.062,2,lane_closed
2026-09-13T22:49+02:00,A20,L,31.4,1,speedlimit
2026-09-13T22:49+02:00,A29,s,10.4,1,lane_closed
2026-09-13T22:49+02:00,A15,R,61.05,3,lane_closed
2026-09-13T22:49+02:00,A4,L,5.225,3,speedlimit
2026-09-13T22:49+02:00,A15,m,59.11,2,speedlimit
2026-09-13T22:49+02:00,A20,L,31.1,2,speedlimit
2026-09-13T22:49+02:00,A13,g,18.7,2,speedlimit
2026-09-13T22:49+02:00,A13,R,6.725,2,speedlimit
2026-09-13T22:49+02:00,A15,L,65.685,2,speedlimit
2026-09-13T22:49+02:00,A15,m,61.995,3,lane_closed
2026-09-13T22:49+02:00,A20,L,31.4,2,speedlimit
2026-09-13T22:49+02:00,A4,f,3.96,1,lane_closed
2026-09-13T22:49+02:00,A15,R,61.63,1,speedlimit
2026-09-13T22:49+02:00,A29,R,9.5,1,lane_closed_ahead
2026-09-13T22:49+02:00,A15,R,61.33,4,lane_closed
2026-09-13T22:49+02:00,A13,L,15.9,3,lane_closed
2026-09-13T22:49+02:00,A4,R,3.27,1,speedlimit
2026-09-13T22:49+02:00,A13,R,16.2,1,speedlimit
2026-09-13T22:49+02:00,A29,s,10.4,2,lane_closed
2026-09-13T22:49+02:00,A13,R,18.5,2,speedlimit
2026-09-13T22:49+02:00,A20,L,30.196,1,speedlimit
2026-09-13T22:49+02:00,A20,R,27.79,1,speedlimit
2026-09-13T22:49+02:00,A15,R,61.33,1,speedlimit
2026-09-13T22:49+02:00,A20,L,29.826,1,speedlimit
2026-09-13T22:49+02:00,A15,m,61.995,1,lane_closed
2026-09-13T22:49+02:00,A20,R,28.41,2,speedlimit
2026-09-13T22:49+02:00,A4,L,5.549,1,speedlimit
2026-09-13T22:49+02:00,A15,R,62.062,1,speedlimit
2026-09-13T22:49+02:00,A20,R,29.1,1,speedlimit
2026-09-13T22:49+02:00,A13,R,17.8,1,speedlimit
2026-09-13T22:49+02:00,A29,L,11.06,3,speedlimit
2026-09-13T22:49+02:00,A20,R,28.41,1,speedlimit
2026-09-13T22:49+02:00,A20,R,31.9,2,speedlimit
2026-09-13T22:49+02:00,A15,R,61.63,5,lane_closed
2026-09-13T22:49+02:00,A29,L,11.525,3,speedlimit
2026-09-13T22:49+02:00,A4,R,3.27,2,speedlimit
2026-09-13T22:49+02:00,A20,L,31.1,3,speedlimit
2026-09-13T22:49+02:00,A15,R,61.33,6,lane_closed
2026-09-13T22:49+02:00,A29,R,9.5,2,speedlimit
2026-09-13T22:49+02:00,A29,R,9.83,3,speedlimit
2026-09-13T22:49+02:00,A15,R,62.454,5,lane_closed
2026-09-13T22:49+02:00,A15,R,60.49,2,lane_closed
2026-09-13T22:49+02:00,A20,R,27.488,2,speedlimit
2026-09-13T22:49+02:00,A20,t,28.895,1,speedlimit
2026-09-13T22:49+02:00,A20,L,32.8,1,speedlimit
2026-09-13T22:49+02:00,A20,R,28.8,2,speedlimit
2026-09-13T22:49+02:00,A20,L,31.1,1,speedlimit
2026-09-13T22:49+02:00,A13,L,16.19,3,lane_closed
2026-09-13T22:49+02:00,A13,L,15.035,5,lane_closed
2026-09-13T22:49+02:00,A4,m,3.83,2,speedlimit
2026-09-13T22:49+02:00,A20,L,27.8,1,speedlimit
2026-09-13T22:49+02:00,A13,R,8.1,1,speedlimit
2026-09-13T22:49+02:00,A20,R,29.1,2,speedlimit
2026-09-13T22:49+02:00,A13,g,18.7,1,speedlimit
2026-09-13T22:49+02:00,A20,R,28.57,2,speedlimit
2026-09-13T22:49+02:00,A20,R,26.64,2,speedlimit
2026-09-13T22:49+02:00,A15,L,64.2,3,speedlimit
2026-09-13T22:49+02:00,A20,L,29.1,1,speedlimit
2026-09-13T22:49+02:00,A13,L,18.2,1,speedlimit
2026-09-13T22:49+02:00,A15,L,64.67,2,speedlimit
2026-09-13T22:49+02:00,A13,L,12.7,4,lane_closed
2026-09-13T22:49+02:00,A20,L,31.88,2,speedlimit
2026-09-13T22:49+02:00,A13,R,6.725,3,speedlimit
2026-09-13T22:49+02:00,A15,R,62.454,4,lane_closed
2026-09-13T22:49+02:00,A20,L,28.085,2,speedlimit
2026-09-13T22:49+02:00,A15,R,62.062,3,lane_closed
2026-09-13T22:49+02:00,A20,R,30.6,3,speedlimit
2026-09-13T22:49+02:00,A15,m,58.65,3,speedlimit
2026-09-13T22:49+02:00,A20,L,35.52,1,lane_closed
2026-09-13T22:49+02:00,A15,R,62.062,4,lane_closed
2026-09-13T22:49+02:00,A29,s,9.91,1,lane_closed
2026-09-13T22:49+02:00,A20,R,29.8,2,speedlimit
2026-09-13T22:49+02:00,A15,L,64.2,1,lane_closed
2026-09-13T22:49+02:00,A20,R,27.235,2,speedlimit
2026-09-13T22:49+02:00,A20,L,37.3,1,lane_closed
2026-09-13T22:49+02:00,A15,R,59.95,1,speedlimit
2026-09-13T22:49+02:00,A13,R,18.2,1,speedlimit
2026-09-13T22:49+02:00,A4,k,4.44,2,lane_closed
2026-09-13T22:49+02:00,A13,R,8.6,2,speedlimit
2026-09-13T22:49+02:00,A15,L,65.25,1,lane_closed_ahead
2026-09-13T22:49+02:00,A29,L,10.78,1,speedlimit
2026-09-13T22:49+02:00,A15,e,95.55,1,speedlimit
2026-09-13T22:49+02:00,A13,e,19.1,1,speedlimit
2026-09-13T22:49+02:00,A29,L,10.63,4,lane_closed
2026-09-13T22:49+02:00,A29,R,9.83,2,speedlimit
2026-09-13T22:49+02:00,A15,R,60.49,1,speedlimit
2026-09-13T22:49+02:00,A13,L,17.8,3,speedlimit
2026-09-13T22:49+02:00,A4,R,3.01,5,speedlimit
2026-09-13T22:49+02:00,A4,L,5.93,3,speedlimit
2026-09-13T22:49+02:00,A20,R,31.26,1,speedlimit
2026-09-13T22:49+02:00,A4,L,5.93,5,speedlimit
2026-09-13T22:49+02:00,A15,R,61.05,5,lane_closed
2026-09-13T22:49+02:00,A15,R,59.2,4,lane_closed_ahead
2026-09-13T22:49+02:00,A15,R,61.33,2,lane_closed
2026-09-13T22:49+02:00,A20,L,29.826,3,speedlimit
2026-09-13T22:49+02:00,A15,m,61.995,2,lane_closed
2026-09-13T22:49+02:00,A4,h,45.58,3,lane_closed
2026-09-13T22:49+02:00,A20,L,29.5,1,speedlimit
2026-09-13T22:49+02:00,A20,R,28.8,3,speedlimit
2026-09-13T22:49+02:00,A20,R,29.5,1,speedlimit
2026-09-13T22:49+02:00,A15,R,60.76,3,lane_closed
2026-09-13T22:49+02:00,A15,R,59.95,2,lane_closed
2026-09-13T22:49+02:00,A13,L,11.25,4,lane_closed
2026-09-13T22:49+02:00,A20,L,30.9,1,speedlimit
2026-09-13T22:49+02:00,A13,R,18.2,4,speedlimit
2026-09-13T22:49+02:00,A4,L,5.93,4,speedlimit
2026-09-13T22:49+02:00,A15,m,59.58,1,lane_closed
2026-09-13T22:49+02:00,A13,R,18.7,1,speedlimit
2026-09-13T22:49+02:00,A15,L,64.67,5,speedlimit
2026-09-13T22:49+02:00,A15,n,95.855,1,speedlimit
2026-09-13T22:49+02:00,A4,L,5.93,6,speedlimit
2026-09-13T22:49+02:00,A20,c,27.488,1,speedlimit
2026-09-13T22:49+02:00,A20,R,31.9,3,speedlimit
2026-09-13T22:49+02:00,A13,R,16.655,3,speedlimit
2026-09-13T22:49+02:00,A20,L,29.1,2,speedlimit
2026-09-13T22:49+02:00,A15,L,63.56,1,lane_closed
2026-09-13T22:49+02:00,A20,R,29.8,3,speedlimit
2026-09-13T22:49+02:00,A13,L,18.2,2,speedlimit
2026-09-13T22:49+02:00,A20,R,26.4,3,speedlimit
2026-09-13T22:49+02:00,A15,R,60.76,4,lane_closed
2026-09-13T22:49+02:00,A15,m,58.65,1,lane_closed
2026-09-13T22:49+02:00,A29,L,11.525,2,speedlimit
2026-09-13T22:49+02:00,A20,R,26.93,1,speedlimit
2026-09-13T22:49+02:00,A15,R,61.63,2,lane_closed
2026-09-13T22:49+02:00,A15,R,58.46,3,speedlimit
2026-09-13T22:49+02:00,A15,R,60.76,1,speedlimit
2026-09-13T22:49+02:00,A4,L,5.549,3,speedlimit
2026-09-13T22:49+02:00,A20,R,26.4,2,speedlimit
2026-09-13T22:49+02:00,A15,L,63.56,3,speedlimit
2026-09-13T22:49+02:00,A20,L,27.488,2,speedlimit
2026-09-13T22:49+02:00,A20,L,30.196,3,speedlimit
2026-09-13T22:49+02:00,A4,h,46.06,1,speedlimit
2026-09-13T22:49+02:00,A4,R,3.01,2,speedlimit
2026-09-13T22:49+02:00,A4,L,5.549,4,speedlimit
2026-09-13T22:49+02:00,A15,m,61.995,4,lane_closed
2026-09-13T22:49+02:00,A20,L,28.41,1,speedlimit
2026-09-13T22:49+02:00,A13,L,13.18,4,lane_closed
2026-09-13T22:49+02:00,A13,R,6.725,1,speedlimit
2026-09-13T22:49+02:00,A13,L,17.8,2,speedlimit
2026-09-13T22:49+02:00,A4,L,5.93,2,speedlimit
2026-09-13T22:49+02:00,A20,R,28.57,1,speedlimit
2026-09-13T22:49+02:00,A4,L,5.549,5,speedlimit
2026-09-13T22:49+02:00,A20,R,30.196,4,speedlimit
2026-09-13T22:49+02:00,A29,L,10.78,2,speedlimit
2026-09-13T22:49+02:00,A4,L,5.225,2,speedlimit
2026-09-13T22:49+02:00,A20,t,29.6,2,speedlimit
2026-09-13T22:49+02:00,A4,L,5.225,4,speedlimit
2026-09-13T22:49+02:00,A20,L,38.3,1,lane_closed_ahead
2026-09-13T22:49+02:00,A15,L,64.67,4,speedlimit
2026-09-13T22:49+02:00,A15,L,65.685,1,speedlimit
2026-09-13T22:49+02:00,A15,L,64.67,1,lane_closed
2026-09-13T22:49+02:00,A20,R,26.93,2,speedlimit
2026-09-13T22:49+02:00,A4,R,3.27,3,speedlimit
2026-09-13T22:49+02:00,A20,L,30.9,3,speedlimit
2026-09-13T22:49+02:00,A13,L,18.8,3,speedlimit
2026-09-13T22:49+02:00,A20,L,37.8,1,lane_closed
2026-09-13T22:49+02:00,A20,R,28.8,1,speedlimit
2026-09-13T22:49+02:00,A15,R,61.05,2,lane_closed
2026-09-13T22:49+02:00,A13,L,18.8,1,speedlimit
2026-09-13T22:49+02:00,A4,h,46.4,2,speedlimit
2026-09-13T22:49+02:00,A13,R,16.2,2,speedlimit
2026-09-13T22:49+02:00,A4,m,3.83,1,speedlimit
2026-09-13T22:49+02:00,A4,L,5.549,2,speedlimit
2026-09-13T22:49+02:00,A20,L,31.4,3,speedlimit
2026-09-13T22:49+02:00,A20,L,30.196,4,speedlimit
2026-09-13T22:49+02:00,A4,L,5.225,5,speedlimit
2026-09-13T22:49+02:00,A4,f,3.96,2,lane_closed
2026-09-13T22:49+02:00,A13,R,18.2,2,speedlimit
2026-09-13T22:49+02:00,A4,R,3.01,1,speedlimit
2026-09-13T22:49+02:00,A13,L,17.8,1,speedlimit
2026-09-13T22:49+02:00,A13,R,7.2,3,lane_closed_ahead
2026-09-13T22:49+02:00,A20,R,29.8,1,speedlimit
2026-09-13T22:49+02:00,A20,R,31.26,2,speedlimit
2026-09-13T22:49+02:00,A15,m,58.46,1,lane_closed_ahead
2026-09-13T22:49+02:00,A4,R,3.27,5,speedlimit
2026-09-13T22:49+02:00,A15,m,59.11,3,speedlimit
2026-09-13T22:49+02:00,A4,R,3.01,3,speedlimit
2026-09-13T22:49+02:00,A20,R,31.26,3,speedlimit
2026-09-13T22:49+02:00,A20,R,26.64,3,speedlimit
2026-09-13T22:49+02:00,A20,R,26.64,4,speedlimit
2026-09-13T22:49+02:00,A20,R,26.4,1,speedlimit
2026-09-13T22:49+02:00,A13,R,17.1,1,speedlimit
2026-09-13T22:49+02:00,A15,R,59.2,3,speedlimit
2026-09-13T22:49+02:00,A20,R,29.5,3,speedlimit
2026-09-13T22:49+02:00,A15,R,58.46,4,speedlimit
2026-09-13T22:49+02:00,A29,L,10.63,3,lane_closed
2026-09-13T22:49+02:00,A13,L,13.7,4,lane_closed
2026-09-13T22:49+02:00,A15,L,63.56,2,speedlimit
2026-09-13T22:49+02:00,A13,L,14.2,4,lane_closed
2026-09-13T22:49+02:00,A15,R,60.76,2,lane_closed
2026-09-13T22:49+02:00,A4,h,46.4,1,speedlimit
2026-09-13T22:49+02:00,A13,R,7.2,1,speedlimit
2026-09-13T22:49+02:00,A29,L,11.525,4,speedlimit
2026-09-13T22:49+02:00,A20,t,29.6,1,speedlimit
2026-09-13T22:49+02:00,A15,L,65.685,4,speedlimit
2026-09-13T22:49+02:00,A20,R,29.8,4,speedlimit
2026-09-13T22:49+02:00,A13,R,18.7,2,speedlimit
2026-09-13T22:49+02:00,A13,R,9.1,2,speedlimit
2026-09-13T22:49+02:00,A20,R,27.488,1,speedlimit
2026-09-13T22:49+02:00,A15,R,62.454,1,speedlimit
2026-09-13T22:49+02:00,A15,m,59.11,1,lane_closed
2026-09-13T22:49+02:00,A20,R,29.5,2,speedlimit
2026-09-13T22:49+02:00,A20,L,27.2,2,speedlimit
2026-09-13T22:49+02:00,A13,R,18.963,1,speedlimit
2026-09-13T22:49+02:00,A13,L,17.1,1,speedlimit
2026-09-13T22:49+02:00,A15,R,61.63,3,lane_closed
2026-09-13T22:49+02:00,A20,L,31.88,3,speedlimit
2026-09-13T22:49+02:00,A13,L,17.1,4,speedlimit
2026-09-13T22:49+02:00,A13,R,16.655,2,speedlimit
2026-09-13T22:49+02:00,A13,L,15.55,5,lane_closed
2026-09-13T22:49+02:00,A4,k,4.44,1,speedlimit
2026-09-13T22:49+02:00,A15,m,58.65,2,speedlimit
2026-09-13T22:49+02:00,A15,R,59.95,3,lane_closed
2026-09-13T22:49+02:00,A4,L,5.225,1,speedlimit
2026-09-13T22:49+02:00,A20,L,32.8,3,speedlimit
2026-09-13T22:49+02:00,A15,R,61.63,6,lane_closed
2026-09-13T22:49+02:00,A15,R,58.46,1,speedlimit
2026-09-13T22:49+02:00,A20,R,30.196,1,speedlimit
2026-09-13T22:49+02:00,A20,L,29.826,4,speedlimit
2026-09-13T22:49+02:00,A20,s,29.6,1,speedlimit
2026-09-13T22:49+02:00,A13,R,9.1,3,lane_closed
2026-09-13T22:49+02:00,A20,L,28.57,2,speedlimit
2026-09-13T22:49+02:00,A20,R,30.6,2,speedlimit
2026-09-13T22:49+02:00,A15,R,59.57,1,speedlimit
2026-09-13T22:49+02:00,A29,s,9.91,2,lane_closed
2026-09-13T22:49+02:00,A15,L,65.25,3,speedlimit
2026-09-13T22:49+02:00,A13,L,17.1,2,speedlimit
2026-09-13T22:49+02:00,A20,L,28.57,3,speedlimit
2026-09-13T22:49+02:00,A15,R,59.57,3,lane_closed
2026-09-13T22:49+02:00,A15,L,64.67,3,speedlimit
2026-09-13T22:49+02:00,A20,R,26.4,4,speedlimit
2026-09-13T22:49+02:00,A20,R,30.196,2,speedlimit
2026-09-13T22:49+02:00,A13,R,17.8,3,speedlimit
2026-09-13T22:49+02:00,A15,n,95.855,2,speedlimit
