ts,weg,richting,km,strook,beeld
2026-09-08T01:49+02:00,A13,L,16.7,1,speedlimit
2026-09-08T01:49+02:00,A15,L,60.62,4,lane_closed
2026-09-08T01:49+02:00,A15,y,47.092,2,speedlimit
2026-09-08T01:49+02:00,A16,R,35.325,1,lane_closed
2026-09-08T01:49+02:00,A16,L,9.75,3,lane_closed
2026-09-08T01:49+02:00,A15,h,60.62,1,lane_closed
2026-09-08T01:49+02:00,A16,L,7.15,1,lane_closed
2026-09-08T01:49+02:00,A16,R,28.78,5,speedlimit
2026-09-08T01:49+02:00,A16,R,33.848,1,lane_closed
2026-09-08T01:49+02:00,A16,R,30.05,1,lane_closed
2026-09-08T01:49+02:00,A16,n,34.44,2,speedlimit
2026-09-08T01:49+02:00,A20,L,30.196,2,speedlimit
2026-09-08T01:49+02:00,A16,R,10.5,4,speedlimit
2026-09-08T01:49+02:00,A16,R,32.22,3,speedlimit
2026-09-08T01:49+02:00,A13,R,16.655,1,speedlimit
2026-09-08T01:49+02:00,A15,L,61.39,1,speedlimit
2026-09-08T01:49+02:00,A13,R,17.1,2,speedlimit
2026-09-08T01:49+02:00,A16,R,35.325,2,lane_closed
2026-09-08T01:49+02:00,A16,R,34.304,2,lane_closed
2026-09-08T01:49+02:00,A16,R,34.44,1,lane_closed
2026-09-08T01:49+02:00,A16,n,33.784,1,speedlimit
2026-09-08T01:49+02:00,A16,L,13.47,2,speedlimit
2026-09-08T01:49+02:00,A16,L,7.9,3,lane_closed
2026-09-08T01:49+02:00,A4,L,42.19,4,lane_closed
2026-09-08T01:49+02:00,A15,n,61.78,3,speedlimit
2026-09-08T01:49+02:00,A16,n,34.6,2,speedlimit
2026-09-08T01:49+02:00,A16,L,50.38,1,speedlimit
2026-09-08T01:49+02:00,A16,R,7.15,3,speedlimit
2026-09-08T01:49+02:00,A16,R,34.618,2,lane_closed
2026-09-08T01:49+02:00,A16,L,9.35,2,lane_closed
2026-09-08T01:49+02:00,A4,L,43.18,2,speedlimit
2026-09-08T01:49+02:00,A15,L,62.768,3,speedlimit
2026-09-08T01:49+02:00,A15,h,61.01,1,lane_closed
2026-09-08T01:49+02:00,A16,R,34.178,1,lane_closed
2026-09-08T01:49+02:00,A13,L,15.035,3,speedlimit
2026-09-08T01:49+02:00,A15,y,62.635,3,speedlimit
2026-09-08T01:49+02:00,A13,R,18.5,1,speedlimit
2026-09-08T01:49+02:00,A16,R,9.95,1,lane_closed
2026-09-08T01:49+02:00,A20,L,29.5,2,speedlimit
2026-09-08T01:49+02:00,A13,R,18.5,4,speedlimit
2026-09-08T01:49+02:00,A16,L,48.875,2,speedlimit
2026-09-08T01:49+02:00,A13,R,18.2,3,speedlimit
2026-09-08T01:49+02:00,A16,R,10.5,3,speedlimit
2026-09-08T01:49+02:00,A15,h,60.62,2,speedlimit
2026-09-08T01:49+02:00,A20,R,28.1,1,speedlimit
2026-09-08T01:49+02:00,A20,R,30.196,3,speedlimit
2026-09-08T01:49+02:00,A16,L,12.49,2,speedlimit
2026-09-08T01:49+02:00,A16,n,33.904,2,speedlimit
2026-09-08T01:49+02:00,A20,L,36.94,1,lane_closed
2026-09-08T01:49+02:00,A4,R,2.367,4,lane_closed
2026-09-08T01:49+02:00,A16,L,12.35,1,speedlimit
2026-09-08T01:49+02:00,A13,R,13.235,1,lane_closed_ahead
2026-09-08T01:49+02:00,A16,L,46.935,2,speedlimit
2026-09-08T01:49+02:00,A16,L,10.09,2,lane_closed
2026-09-08T01:49+02:00,A15,n,95.855,3,speedlimit
2026-09-08T01:49+02:00,A13,R,17.8,2,speedlimit
2026-09-08T01:49+02:00,A15,L,62.43,4,lane_closed
2026-09-08T01:49+02:00,A20,s,29.6,2,speedlimit
2026-09-08T01:49+02:00,A16,L,14.17,2,speedlimit
2026-09-08T01:49+02:00,A15,L,65.25,2,speedlimit
2026-09-08T01:49+02:00,A16,L,13.19,2,speedlimit
2026-09-08T01:49+02:00,A15,L,65.685,3,speedlimit
2026-09-08T01:49+02:00,A16,R,34.618,1,lane_closed
2026-09-08T01:49+02:00,A16,R,33.135,4,speedlimit
2026-09-08T01:49+02:00,A15,y,47.43,2,speedlimit
2026-09-08T01:49+02:00,A13,L,15.035,1,lane_closed
2026-09-08T01:49+02:00,A15,x,46.135,3,speedlimit
2026-09-08T01:49+02:00,A15,y,63.3,1,speedlimit
2026-09-08T01:49+02:00,A20,R,26.93,4,speedlimit
2026-09-08T01:49+02:00,A20,R,28.57,3,speedlimit
2026-09-08T01:49+02:00,A4,g,46.485,2,speedlimit
2026-09-08T01:49+02:00,A13,R,14.38,3,speedlimit
2026-09-08T01:49+02:00,A16,R,31.74,5,speedlimit
2026-09-08T01:49+02:00,A4,L,2.447,4,lane_closed
2026-09-08T01:49+02:00,A13,L,18.8,2,speedlimit
2026-09-08T01:49+02:00,A20,R,27.235,1,speedlimit
2026-09-08T01:49+02:00,A15,L,62.768,4,lane_closed_ahead
2026-09-08T01:49+02:00,A20,L,28.41,2,speedlimit
2026-09-08T01:49+02:00,A16,R,31.25,4,speedlimit
2026-09-08T01:49+02:00,A15,n,62.25,2,speedlimit
2026-09-08T01:49+02:00,A16,L,13.89,1,speedlimit
2026-09-08T01:49+02:00,A16,R,34.44,2,lane_closed
2026-09-08T01:49+02:00,A20,R,27.79,2,speedlimit
2026-09-08T01:49+02:00,A16,R,45.39,2,speedlimit
2026-09-08T01:49+02:00,A13,R,18.5,3,speedlimit
2026-09-08T01:49+02:00,A20,R,28.57,4,speedlimit
2026-09-08T01:49+02:00,A20,R,31.26,4,speedlimit
2026-09-08T01:49+02:00,A20,L,29.826,2,speedlimit
2026-09-08T01:49+02:00,A20,L,35.925,1,lane_closed
2026-09-08T01:49+02:00,A16,n,33.61,1,speedlimit
2026-09-08T01:49+02:00,A20,L,28.57,1,speedlimit
2026-09-08T01:49+02:00,A4,n,43.673,1,speedlimit
2026-09-08T01:49+02:00,A16,R,32.22,5,speedlimit
2026-09-08T01:49+02:00,A16,R,33.958,1,lane_closed
2026-09-08T01:49+02:00,A20,R,29.5,4,speedlimit
2026-09-08T01:49+02:00,A15,L,62.768,1,speedlimit
2026-09-08T01:49+02:00,A15,x,46.135,1,speedlimit
2026-09-08T01:49+02:00,A16,L,10.09,3,lane_closed_ahead
2026-09-08T01:49+02:00,A16,R,7.9,2,speedlimit
2026-09-08T01:49+02:00,A16,R,32.76,5,speedlimit
2026-09-08T01:49+02:00,A16,L,48.875,3,speedlimit
2026-09-08T01:49+02:00,A16,R,33.43,2,lane_closed
2026-09-08T01:49+02:00,A16,R,31.74,4,speedlimit
2026-09-08T01:49+02:00,A4,g,46.485,3,speedlimit
2026-09-08T01:49+02:00,A20,R,28.1,2,speedlimit
2026-09-08T01:49+02:00,A20,R,26.64,1,speedlimit
2026-09-08T01:49+02:00,A15,L,64.2,2,speedlimit
2026-09-08T01:49+02:00,A16,R,28.78,2,speedlimit
2026-09-08T01:49+02:00,A4,L,41.6,4,lane_closed
2026-09-08T01:49+02:00,A20,L,32.8,2,speedlimit
2026-09-08T01:49+02:00,A16,L,48.03,1,speedlimit
2026-09-08T01:49+02:00,A15,L,65.25,4,speedlimit
2026-09-08T01:49+02:00,A13,L,17.1,3,speedlimit
2026-09-08T01:49+02:00,A13,L,15.55,1,lane_closed
2026-09-08T01:49+02:00,A16,R,46.13,1,speedlimit
2026-09-08T01:49+02:00,A20,L,36.625,1,lane_closed
2026-09-08T01:49+02:00,A16,R,33.135,2,lane_closed
2026-09-08T01:49+02:00,A16,L,12.07,2,speedlimit
2026-09-08T01:49+02:00,A20,L,27.488,1,speedlimit
2026-09-08T01:49+02:00,A16,n,34.018,1,speedlimit
2026-09-08T01:49+02:00,A20,L,27.2,1,speedlimit
2026-09-08T01:49+02:00,A16,L,13.47,1,speedlimit
2026-09-08T01:49+02:00,A4,h,46.06,2,speedlimit
2026-09-08T01:49+02:00,A15,L,62.43,1,speedlimit
2026-09-08T01:49+02:00,A20,L,27.8,2,speedlimit
2026-09-08T01:49+02:00,A16,n,33.61,2,speedlimit
2026-09-08T01:49+02:00,A13,L,18.2,3,speedlimit
2026-09-08T01:49+02:00,A16,R,29.28,5,speedlimit
2026-09-08T01:49+02:00,A16,R,32.933,1,lane_closed
2026-09-08T01:49+02:00,A16,R,32.518,4,speedlimit
2026-09-08T01:49+02:00,A16,L,48.54,1,speedlimit
2026-09-08T01:49+02:00,A20,L,31.88,1,speedlimit
2026-09-08T01:49+02:00,A13,L,16.7,2,speedlimit
2026-09-08T01:49+02:00,A16,R,33.958,2,lane_closed
2026-09-08T01:49+02:00,A20,L,30.9,2,speedlimit
2026-09-08T01:49+02:00,A16,n,34.225,1,speedlimit
2026-09-08T01:49+02:00,A16,R,31.25,5,speedlimit
2026-09-08T01:49+02:00,A16,L,48.54,3,speedlimit
2026-09-08T01:49+02:00,A16,R,5.6,2,speedlimit
2026-09-08T01:49+02:00,A20,L,28.085,1,speedlimit
2026-09-08T01:49+02:00,A16,R,32.76,4,speedlimit
2026-09-08T01:49+02:00,A16,R,33.609,2,lane_closed
2026-09-08T01:49+02:00,A16,R,32.22,2,lane_closed
2026-09-08T01:49+02:00,A13,R,13.7,1,lane_closed
2026-09-08T01:49+02:00,A20,R,30.6,1,speedlimit
2026-09-08T01:49+02:00,A13,R,17.1,3,speedlimit
2026-09-08T01:49+02:00,A16,L,13.05,2,speedlimit
2026-09-08T01:49+02:00,A20,R,26.93,3,speedlimit
2026-09-08T01:49+02:00,A16,L,12.91,1,speedlimit
2026-09-08T01:49+02:00,A16,R,28.78,6,speedlimit
2026-09-08T01:49+02:00,A15,n,61.39,3,speedlimit
2026-09-08T01:49+02:00,A20,L,31.4,1,speedlimit
2026-09-08T01:49+02:00,A4,L,42.775,2,speedlimit
2026-09-08T01:49+02:00,A16,L,9.35,3,lane_closed
2026-09-08T01:49+02:00,A16,L,7.15,2,lane_closed
2026-09-08T01:49+02:00,A20,L,31.1,2,speedlimit
2026-09-08T01:49+02:00,A16,R,34.832,1,lane_closed
2026-09-08T01:49+02:00,A16,L,11.7,2,speedlimit
2026-09-08T01:49+02:00,A16,R,9.35,2,speedlimit
2026-09-08T01:49+02:00,A16,R,33.778,1,lane_closed
2026-09-08T01:49+02:00,A13,g,18.7,2,speedlimit
2026-09-08T01:49+02:00,A15,L,65.685,2,speedlimit
2026-09-08T01:49+02:00,A15,L,61.01,3,speedlimit
2026-09-08T01:49+02:00,A20,L,31.4,2,speedlimit
2026-09-08T01:49+02:00,A4,g,46.485,1,speedlimit
2026-09-08T01:49+02:00,A16,R,30.05,2,lane_closed_ahead
2026-09-08T01:49+02:00,A16,L,14.32,1,speedlimit
2026-09-08T01:49+02:00,A16,R,8.65,3,speedlimit
2026-09-08T01:49+02:00,A4,n,43.673,2,speedlimit
2026-09-08T01:49+02:00,A16,L,48.875,1,speedlimit
2026-09-08T01:49+02:00,A15,L,62.43,3,speedlimit
2026-09-08T01:49+02:00,A15,y,47.43,3,speedlimit
2026-09-08T01:49+02:00,A13,L,13.7,3,speedlimit
2026-09-08T01:49+02:00,A16,R,34.068,2,lane_closed
2026-09-08T01:49+02:00,A13,L,15.9,3,lane_closed
2026-09-08T01:49+02:00,A13,R,12.7,2,speedlimit
2026-09-08T01:49+02:00,A15,h,61.01,2,speedlimit
2026-09-08T01:49+02:00,A15,n,61.39,1,lane_closed
2026-09-08T01:49+02:00,A15,y,62.82,2,speedlimit
2026-09-08T01:49+02:00,A13,R,16.2,1,speedlimit
2026-09-08T01:49+02:00,A15,y,63.3,2,speedlimit
2026-09-08T01:49+02:00,A16,L,12.63,2,speedlimit
2026-09-08T01:49+02:00,A16,L,47.41,1,speedlimit
2026-09-08T01:49+02:00,A13,R,12.7,1,speedlimit
2026-09-08T01:49+02:00,A13,R,18.5,2,speedlimit
2026-09-08T01:49+02:00,A20,L,30.196,1,speedlimit
2026-09-08T01:49+02:00,A16,R,33.778,2,lane_closed
2026-09-08T01:49+02:00,A16,L,13.19,1,speedlimit
2026-09-08T01:49+02:00,A16,d,10.6,2,speedlimit
2026-09-08T01:49+02:00,A13,R,12.7,3,speedlimit
2026-09-08T01:49+02:00,A20,R,27.79,1,speedlimit
2026-09-08T01:49+02:00,A20,L,29.826,1,speedlimit
2026-09-08T01:49+02:00,A16,R,7.15,1,lane_closed
2026-09-08T01:49+02:00,A16,L,12.91,2,speedlimit
2026-09-08T01:49+02:00,A16,R,30.05,4,speedlimit
2026-09-08T01:49+02:00,A20,R,28.41,2,speedlimit
2026-09-08T01:49+02:00,A13,L,15.9,2,speedlimit
2026-09-08T01:49+02:00,A16,L,14.17,1,speedlimit
2026-09-08T01:49+02:00,A16,R,29.28,4,speedlimit
2026-09-08T01:49+02:00,A4,L,42.775,3,lane_closed_ahead
2026-09-08T01:49+02:00,A15,y,62.82,3,speedlimit
2026-09-08T01:49+02:00,A16,n,34.13,1,speedlimit
2026-09-08T01:49+02:00,A13,L,13.7,1,lane_closed
2026-09-08T01:49+02:00,A20,R,29.1,1,speedlimit
2026-09-08T01:49+02:00,A15,L,60.62,1,speedlimit
2026-09-08T01:49+02:00,A16,L,48.54,2,speedlimit
2026-09-08T01:49+02:00,A16,m,33.778,2,speedlimit
2026-09-08T01:49+02:00,A13,R,17.8,1,speedlimit
2026-09-08T01:49+02:00,A20,R,28.41,1,speedlimit
2026-09-08T01:49+02:00,A13,L,15.55,3,speedlimit
2026-09-08T01:49+02:00,A20,R,31.9,2,speedlimit
2026-09-08T01:49+02:00,A16,L,10.09,4,speedlimit
2026-09-08T01:49+02:00,A13,R,13.235,2,speedlimit
2026-09-08T01:49+02:00,A20,L,31.1,3,speedlimit
2026-09-08T01:49+02:00,A16,L,8.65,1,lane_closed
2026-09-08T01:49+02:00,A16,L,49.78,1,speedlimit
2026-09-08T01:49+02:00,A16,R,7.9,3,speedlimit
2026-09-08T01:49+02:00,A20,R,27.488,2,speedlimit
2026-09-08T01:49+02:00,A20,t,28.895,1,speedlimit
2026-09-08T01:49+02:00,A20,L,32.8,1,speedlimit
2026-09-08T01:49+02:00,A20,R,28.8,2,speedlimit
2026-09-08T01:49+02:00,A16,R,35.325,4,lane_closed
2026-09-08T01:49+02:00,A16,L,5.6,1,lane_closed
2026-09-08T01:49+02:00,A20,L,31.1,1,speedlimit
2026-09-08T01:49+02:00,A13,L,16.19,3,lane_closed
2026-09-08T01:49+02:00,A13,L,15.035,5,lane_closed
2026-09-08T01:49+02:00,A16,R,32.76,2,lane_closed
2026-09-08T01:49+02:00,A16,R,34.178,2,lane_closed
2026-09-08T01:49+02:00,A15,L,61.94,2,speedlimit
2026-09-08T01:49+02:00,A16,R,32.518,3,speedlimit
2026-09-08T01:49+02:00,A20,L,27.8,1,speedlimit
2026-09-08T01:49+02:00,A16,R,35.325,3,lane_closed
2026-09-08T01:49+02:00,A16,R,29.28,3,speedlimit
2026-09-08T01:49+02:00,A16,L,14.32,2,speedlimit
2026-09-08T01:49+02:00,A16,R,32.933,2,lane_closed
2026-09-08T01:49+02:00,A20,R,29.1,2,speedlimit
2026-09-08T01:49+02:00,A16,L,13.61,2,speedlimit
2026-09-08T01:49+02:00,A16,R,28.78,1,speedlimit
2026-09-08T01:49+02:00,A16,R,45.39,3,speedlimit
2026-09-08T01:49+02:00,A13,g,18.7,1,speedlimit
2026-09-08T01:49+02:00,A16,L,13.33,1,speedlimit
2026-09-08T01:49+02:00,A16,L,8.65,4,lane_closed
2026-09-08T01:49+02:00,A20,R,28.57,2,speedlimit
2026-09-08T01:49+02:00,A16,L,9.75,1,lane_closed
2026-09-08T01:49+02:00,A20,R,26.64,2,speedlimit
2026-09-08T01:49+02:00,A4,L,41.6,1,speedlimit
2026-09-08T01:49+02:00,A15,L,64.2,3,speedlimit
2026-09-08T01:49+02:00,A16,L,5.6,2,lane_closed
2026-09-08T01:49+02:00,A20,L,29.1,1,speedlimit
2026-09-08T01:49+02:00,A13,L,18.2,1,speedlimit
2026-09-08T01:49+02:00,A15,L,64.67,2,speedlimit
2026-09-08T01:49+02:00,A13,L,12.7,4,lane_closed
2026-09-08T01:49+02:00,A20,L,31.88,2,speedlimit
2026-09-08T01:49+02:00,A13,L,19.7,2,speedlimit
2026-09-08T01:49+02:00,A16,L,49.78,3,speedlimit
2026-09-08T01:49+02:00,A4,g,47.0,2,lane_closed_ahead
2026-09-08T01:49+02:00,A16,R,32.933,3,speedlimit
2026-09-08T01:49+02:00,A20,L,28.085,2,speedlimit
2026-09-08T01:49+02:00,A16,m,33.609,2,speedlimit
2026-09-08T01:49+02:00,A13,L,15.035,4,speedlimit
2026-09-08T01:49+02:00,A15,x,46.135,2,speedlimit
2026-09-08T01:49+02:00,A20,R,30.6,3,speedlimit
2026-09-08T01:49+02:00,A20,L,35.52,1,lane_closed
2026-09-08T01:49+02:00,A16,R,8.65,2,speedlimit
2026-09-08T01:49+02:00,A16,R,9.35,1,lane_closed
2026-09-08T01:49+02:00,A20,R,29.8,2,speedlimit
2026-09-08T01:49+02:00,A13,R,15.035,2,speedlimit
2026-09-08T01:49+02:00,A16,R,35.66,1,lane_closed
2026-09-08T01:49+02:00,A15,L,64.2,1,lane_closed
2026-09-08T01:49+02:00,A20,R,27.235,2,speedlimit
2026-09-08T01:49+02:00,A4,L,43.18,1,speedlimit
2026-09-08T01:49+02:00,A20,L,37.3,1,lane_closed
2026-09-08T01:49+02:00,A13,R,13.7,2,speedlimit
2026-09-08T01:49+02:00,A13,R,18.2,1,speedlimit
2026-09-08T01:49+02:00,A16,R,31.25,2,lane_closed
2026-09-08T01:49+02:00,A16,L,10.09,1,lane_closed
2026-09-08T01:49+02:00,A15,L,65.25,1,lane_closed_ahead
2026-09-08T01:49+02:00,A15,e,95.55,1,speedlimit
2026-09-08T01:49+02:00,A13,L,15.55,2,lane_closed
2026-09-08T01:49+02:00,A13,e,19.1,1,speedlimit
2026-09-08T01:49+02:00,A13,L,15.55,4,speedlimit
2026-09-08T01:49+02:00,A16,R,28.78,4,speedlimit
2026-09-08T01:49+02:00,A16,L,14.46,1,speedlimit
2026-09-08T01:49+02:00,A16,n,34.335,2,speedlimit
2026-09-08T01:49+02:00,A16,L,7.9,2,lane_closed
2026-09-08T01:49+02:00,A13,L,17.8,3,speedlimit
2026-09-08T01:49+02:00,A16,R,31.74,1,lane_closed
2026-09-08T01:49+02:00,A4,L,41.6,2,speedlimit
2026-09-08T01:49+02:00,A16,L,12.35,2,speedlimit
2026-09-08T01:49+02:00,A20,R,31.26,1,speedlimit
2026-09-08T01:49+02:00,A16,L,11.7,3,speedlimit
2026-09-08T01:49+02:00,A16,L,14.03,1,speedlimit
2026-09-08T01:49+02:00,A16,R,45.39,1,speedlimit
2026-09-08T01:49+02:00,A4,L,42.775,1,speedlimit
2026-09-08T01:49+02:00,A16,L,8.65,3,lane_closed
2026-09-08T01:49+02:00,A13,L,13.7,2,speedlimit
2026-09-08T01:49+02:00,A13,L,15.9,1,speedlimit
2026-09-08T01:49+02:00,A16,R,30.71,3,speedlimit
2026-09-08T01:49+02:00,A15,y,47.092,1,speedlimit
2026-09-08T01:49+02:00,A20,L,29.826,3,speedlimit
2026-09-08T01:49+02:00,A16,R,30.71,1,lane_closed
2026-09-08T01:49+02:00,A4,L,42.19,2,speedlimit
2026-09-08T01:49+02:00,A4,h,45.58,3,lane_closed
2026-09-08T01:49+02:00,A20,L,29.5,1,speedlimit
2026-09-08T01:49+02:00,A16,R,44.26,2,speedlimit
2026-09-08T01:49+02:00,A20,R,28.8,3,speedlimit
2026-09-08T01:49+02:00,A20,R,29.5,1,speedlimit
2026-09-08T01:49+02:00,A16,m,33.609,1,speedlimit
2026-09-08T01:49+02:00,A13,R,15.55,4,speedlimit
2026-09-08T01:49+02:00,A16,L,10.6,1,lane_closed
2026-09-08T01:49+02:00,A13,R,15.55,1,lane_closed
2026-09-08T01:49+02:00,A16,R,33.135,3,speedlimit
2026-09-08T01:49+02:00,A16,L,7.15,3,lane_closed
2026-09-08T01:49+02:00,A13,L,11.25,4,lane_closed
2026-09-08T01:49+02:00,A20,L,30.9,1,speedlimit
2026-09-08T01:49+02:00,A16,R,46.43,1,speedlimit
2026-09-08T01:49+02:00,A13,R,15.55,3,speedlimit
2026-09-08T01:49+02:00,A16,R,8.65,1,lane_closed
2026-09-08T01:49+02:00,A13,L,14.2,2,speedlimit
2026-09-08T01:49+02:00,A4,L,43.18,4,lane_closed_ahead
2026-09-08T01:49+02:00,A16,R,32.518,2,lane_closed
2026-09-08T01:49+02:00,A13,R,18.2,4,speedlimit
2026-09-08T01:49+02:00,A16,R,32.22,4,speedlimit
2026-09-08T01:49+02:00,A16,R,9.95,2,speedlimit
2026-09-08T01:49+02:00,A16,L,8.65,2,lane_closed
2026-09-08T01:49+02:00,A15,r,45.853,2,speedlimit
2026-09-08T01:49+02:00,A16,L,12.07,1,speedlimit
2026-09-08T01:49+02:00,A16,R,33.609,1,lane_closed
2026-09-08T01:49+02:00,A15,L,61.01,1,speedlimit
2026-09-08T01:49+02:00,A13,R,18.7,1,speedlimit
2026-09-08T01:49+02:00,A15,L,64.67,5,speedlimit
2026-09-08T01:49+02:00,A13,R,15.035,3,speedlimit
2026-09-08T01:49+02:00,A16,R,30.05,3,speedlimit
2026-09-08T01:49+02:00,A15,n,95.855,1,speedlimit
2026-09-08T01:49+02:00,A16,n,34.6,1,speedlimit
2026-09-08T01:49+02:00,A20,c,27.488,1,speedlimit
2026-09-08T01:49+02:00,A20,R,31.9,3,speedlimit
2026-09-08T01:49+02:00,A16,d,10.6,1,speedlimit
2026-09-08T01:49+02:00,A13,R,16.655,3,speedlimit
2026-09-08T01:49+02:00,A15,y,62.82,1,lane_closed_ahead
2026-09-08T01:49+02:00,A20,L,29.1,2,speedlimit
2026-09-08T01:49+02:00,A16,R,32.76,1,lane_closed
2026-09-08T01:49+02:00,A15,L,63.56,1,lane_closed
2026-09-08T01:49+02:00,A16,R,44.26,1,speedlimit
2026-09-08T01:49+02:00,A20,R,29.8,3,speedlimit
2026-09-08T01:49+02:00,A13,L,18.2,2,speedlimit
2026-09-08T01:49+02:00,A20,R,26.4,3,speedlimit
2026-09-08T01:49+02:00,A16,L,12.21,1,speedlimit
2026-09-08T01:49+02:00,A16,L,46.935,1,speedlimit
2026-09-08T01:49+02:00,A16,L,13.33,2,speedlimit
2026-09-08T01:49+02:00,A16,L,47.41,4,lane_closed
2026-09-08T01:49+02:00,A16,L,12.21,2,speedlimit
2026-09-08T01:49+02:00,A20,R,26.93,1,speedlimit
2026-09-08T01:49+02:00,A15,R,37.8,2,speedlimit
2026-09-08T01:49+02:00,A16,n,33.784,2,speedlimit
2026-09-08T01:49+02:00,A15,y,62.635,1,lane_closed
2026-09-08T01:49+02:00,A15,L,61.39,2,speedlimit
2026-09-08T01:49+02:00,A20,R,26.4,2,speedlimit
2026-09-08T01:49+02:00,A15,L,62.768,2,speedlimit
2026-09-08T01:49+02:00,A16,n,34.018,2,speedlimit
2026-09-08T01:49+02:00,A15,L,63.56,3,speedlimit
2026-09-08T01:49+02:00,A20,L,27.488,2,speedlimit
2026-09-08T01:49+02:00,A15,n,61.78,1,lane_closed
2026-09-08T01:49+02:00,A20,L,30.196,3,speedlimit
2026-09-08T01:49+02:00,A4,h,46.06,1,speedlimit
2026-09-08T01:49+02:00,A4,L,42.19,1,speedlimit
2026-09-08T01:49+02:00,A15,L,61.94,1,speedlimit
2026-09-08T01:49+02:00,A20,L,28.41,1,speedlimit
2026-09-08T01:49+02:00,A13,L,13.18,4,lane_closed
2026-09-08T01:49+02:00,A16,L,47.41,3,speedlimit
2026-09-08T01:49+02:00,A13,L,17.8,2,speedlimit
2026-09-08T01:49+02:00,A16,R,9.95,4,speedlimit
2026-09-08T01:49+02:00,A16,m,33.778,1,speedlimit
2026-09-08T01:49+02:00,A16,R,28.78,3,speedlimit
2026-09-08T01:49+02:00,A16,R,30.71,2,lane_closed
2026-09-08T01:49+02:00,A15,x,45.853,1,speedlimit
2026-09-08T01:49+02:00,A16,R,9.35,3,speedlimit
2026-09-08T01:49+02:00,A16,R,44.26,3,speedlimit
2026-09-08T01:49+02:00,A16,L,46.935,3,speedlimit
2026-09-08T01:49+02:00,A20,R,28.57,1,speedlimit
2026-09-08T01:49+02:00,A20,R,30.196,4,speedlimit
2026-09-08T01:49+02:00,A13,L,15.035,2,lane_closed
2026-09-08T01:49+02:00,A16,L,11.2,2,speedlimit
2026-09-08T01:49+02:00,A16,R,6.29,1,lane_closed
2026-09-08T01:49+02:00,A20,t,29.6,2,speedlimit
2026-09-08T01:49+02:00,A20,L,38.3,1,lane_closed_ahead
2026-09-08T01:49+02:00,A15,L,64.67,4,speedlimit
2026-09-08T01:49+02:00,A16,L,11.7,1,lane_closed_ahead
2026-09-08T01:49+02:00,A15,L,65.685,1,speedlimit
2026-09-08T01:49+02:00,A16,L,50.38,2,speedlimit
2026-09-08T01:49+02:00,A15,L,64.67,1,lane_closed
2026-09-08T01:49+02:00,A15,r,45.853,1,speedlimit
2026-09-08T01:49+02:00,A16,L,48.03,2,speedlimit
2026-09-08T01:49+02:00,A13,R,13.235,3,speedlimit
2026-09-08T01:49+02:00,A16,L,12.77,2,speedlimit
2026-09-08T01:49+02:00,A16,R,31.74,3,speedlimit
2026-09-08T01:49+02:00,A20,R,26.93,2,speedlimit
2026-09-08T01:49+02:00,A20,L,30.9,3,speedlimit
2026-09-08T01:49+02:00,A13,L,18.8,3,speedlimit
2026-09-08T01:49+02:00,A15,R,37.8,1,speedlimit
2026-09-08T01:49+02:00,A20,L,37.8,1,lane_closed
2026-09-08T01:49+02:00,A20,R,28.8,1,speedlimit
2026-09-08T01:49+02:00,A16,b,32.5,1,speedlimit
2026-09-08T01:49+02:00,A16,L,6.29,2,lane_closed
2026-09-08T01:49+02:00,A4,L,42.19,3,lane_closed
2026-09-08T01:49+02:00,A15,L,61.39,3,speedlimit
2026-09-08T01:49+02:00,A16,R,35.66,2,lane_closed
2026-09-08T01:49+02:00,A16,R,9.95,3,speedlimit
2026-09-08T01:49+02:00,A15,L,60.62,2,speedlimit
2026-09-08T01:49+02:00,A16,r,25.0,1,speedlimit
2026-09-08T01:49+02:00,A13,L,18.8,1,speedlimit
2026-09-08T01:49+02:00,A13,L,14.2,1,lane_closed
2026-09-08T01:49+02:00,A4,h,46.4,2,speedlimit
2026-09-08T01:49+02:00,A16,L,11.2,1,lane_closed
2026-09-08T01:49+02:00,A16,R,34.832,3,lane_closed
2026-09-08T01:49+02:00,A13,R,16.2,2,speedlimit
2026-09-08T01:49+02:00,A16,R,33.848,2,lane_closed
2026-09-08T01:49+02:00,A16,L,12.77,1,speedlimit
2026-09-08T01:49+02:00,A16,L,46.935,4,lane_closed
2026-09-08T01:49+02:00,A16,R,46.13,3,speedlimit
2026-09-08T01:49+02:00,A20,L,31.4,3,speedlimit
2026-09-08T01:49+02:00,A16,R,31.25,3,speedlimit
2026-09-08T01:49+02:00,A15,L,61.01,2,speedlimit
2026-09-08T01:49+02:00,A16,R,10.5,1,lane_closed
2026-09-08T01:49+02:00,A15,L,62.43,2,speedlimit
2026-09-08T01:49+02:00,A4,g,47.0,3,speedlimit
2026-09-08T01:49+02:00,A20,L,30.196,4,speedlimit
2026-09-08T01:49+02:00,A13,L,14.2,3,speedlimit
2026-09-08T01:49+02:00,A13,R,15.035,4,speedlimit
2026-09-08T01:49+02:00,A16,R,46.13,2,speedlimit
2026-09-08T01:49+02:00,A16,n,34.225,2,speedlimit
2026-09-08T01:49+02:00,A13,R,18.2,2,speedlimit
2026-09-08T01:49+02:00,A15,n,61.78,2,speedlimit
2026-09-08T01:49+02:00,A16,L,13.89,2,speedlimit
2026-09-08T01:49+02:00,A16,L,47.41,2,speedlimit
2026-09-08T01:49+02:00,A13,L,17.8,1,speedlimit
2026-09-08T01:49+02:00,A16,L,13.75,2,speedlimit
2026-09-08T01:49+02:00,A16,R,10.5,2,speedlimit
2026-09-08T01:49+02:00,A16,R,46.43,3,speedlimit
2026-09-08T01:49+02:00,A20,R,29.8,1,speedlimit
2026-09-08T01:49+02:00,A16,R,33.135,1,lane_closed
2026-09-08T01:49+02:00,A20,R,31.26,2,speedlimit
2026-09-08T01:49+02:00,A15,L,61.94,3,speedlimit
2026-09-08T01:49+02:00,A16,L,7.9,1,lane_closed
2026-09-08T01:49+02:00,A15,R,37.8,3,speedlimit
2026-09-08T01:49+02:00,A15,y,62.635,2,speedlimit
2026-09-08T01:49+02:00,A20,R,31.26,3,speedlimit
2026-09-08T01:49+02:00,A4,L,41.6,3,lane_closed
2026-09-08T01:49+02:00,A20,R,26.64,3,speedlimit
2026-09-08T01:49+02:00,A16,L,10.6,2,speedlimit
2026-09-08T01:49+02:00,A20,R,26.64,4,speedlimit
2026-09-08T01:49+02:00,A15,y,47.43,1,speedlimit
2026-09-08T01:49+02:00,A20,R,26.4,1,speedlimit
2026-09-08T01:49+02:00,A13,R,17.1,1,speedlimit
2026-09-08T01:49+02:00,A16,R,7.15,2,speedlimit
2026-09-08T01:49+02:00,A13,R,14.38,1,lane_closed
2026-09-08T01:49+02:00,A13,R,13.7,3,speedlimit
2026-09-08T01:49+02:00,A20,R,29.5,3,speedlimit
2026-09-08T01:49+02:00,A16,n,34.335,1,speedlimit
2026-09-08T01:49+02:00,A16,R,46.43,2,speedlimit
2026-09-08T01:49+02:00,A16,R,32.76,3,speedlimit
2026-09-08T01:49+02:00,A16,R,30.71,4,speedlimit
2026-09-08T01:49+02:00,A13,L,13.7,4,lane_closed
2026-09-08T01:49+02:00,A15,L,63.56,2,speedlimit
2026-09-08T01:49+02:00,A13,R,14.38,2,speedlimit
2026-09-08T01:49+02:00,A13,L,14.2,4,lane_closed
2026-09-08T01:49+02:00,A4,h,46.4,1,speedlimit
2026-09-08T01:49+02:00,A16,R,31.74,2,lane_closed
2026-09-08T01:49+02:00,A20,t,29.6,1,speedlimit
2026-09-08T01:49+02:00,A16,R,33.43,1,lane_closed
2026-09-08T01:49+02:00,A16,L,9.75,2,lane_closed
2026-09-08T01:49+02:00,A15,L,65.685,4,speedlimit
2026-09-08T01:49+02:00,A20,R,29.8,4,speedlimit
2026-09-08T01:49+02:00,A16,R,34.068,1,lane_closed
2026-09-08T01:49+02:00,A13,R,18.7,2,speedlimit
2026-09-08T01:49+02:00,A16,m,33.43,2,speedlimit
2026-09-08T01:49+02:00,A16,L,49.78,2,speedlimit
2026-09-08T01:49+02:00,A16,L,12.63,1,speedlimit
2026-09-08T01:49+02:00,A16,L,13.05,1,speedlimit
2026-09-08T01:49+02:00,A20,R,27.488,1,speedlimit
2026-09-08T01:49+02:00,A16,L,48.03,3,speedlimit
2026-09-08T01:49+02:00,A4,g,47.0,1,speedlimit
2026-09-08T01:49+02:00,A16,L,14.03,2,speedlimit
2026-09-08T01:49+02:00,A15,n,61.39,2,speedlimit
2026-09-08T01:49+02:00,A16,L,13.75,1,speedlimit
2026-09-08T01:49+02:00,A16,m,33.43,1,speedlimit
2026-09-08T01:49+02:00,A16,L,14.46,2,speedlimit
2026-09-08T01:49+02:00,A20,R,29.5,2,speedlimit
2026-09-08T01:49+02:00,A20,L,27.2,2,speedlimit
2026-09-08T01:49+02:00,A16,R,32.518,1,lane_closed
2026-09-08T01:49+02:00,A13,R,18.963,1,speedlimit
2026-09-08T01:49+02:00,A15,n,62.25,1,lane_closed
2026-09-08T01:49+02:00,A13,L,17.1,1,speedlimit
2026-09-08T01:49+02:00,A15,L,61.39,4,lane_closed
2026-09-08T01:49+02:00,A16,R,31.25,1,lane_closed
2026-09-08T01:49+02:00,A20,L,31.88,3,speedlimit
2026-09-08T01:49+02:00,A13,L,19.7,1,speedlimit
2026-09-08T01:49+02:00,A16,R,7.9,1,lane_closed
2026-09-08T01:49+02:00,A16,R,34.832,2,lane_closed
2026-09-08T01:49+02:00,A13,L,17.1,4,speedlimit
2026-09-08T01:49+02:00,A4,L,42.775,4,lane_closed
2026-09-08T01:49+02:00,A16,n,33.904,1,speedlimit
2026-09-08T01:49+02:00,A13,R,16.655,2,speedlimit
2026-09-08T01:49+02:00,A16,R,6.29,2,speedlimit
2026-09-08T01:49+02:00,A16,L,12.49,1,speedlimit
2026-09-08T01:49+02:00,A13,L,15.55,5,lane_closed
2026-09-08T01:49+02:00,A16,n,34.44,1,speedlimit
2026-09-08T01:49+02:00,A15,L,60.62,3,speedlimit
2026-09-08T01:49+02:00,A16,L,50.38,3,speedlimit
2026-09-08T01:49+02:00,A16,n,33.61,3,lane_closed
2026-09-08T01:49+02:00,A16,n,34.13,2,speedlimit
2026-09-08T01:49+02:00,A20,L,32.8,3,speedlimit
2026-09-08T01:49+02:00,A16,L,9.35,1,lane_closed
2026-09-08T01:49+02:00,A16,R,29.28,1,lane_closed_ahead
2026-09-08T01:49+02:00,A20,R,30.196,1,speedlimit
2026-09-08T01:49+02:00,A15,L,61.94,4,lane_closed
2026-09-08T01:49+02:00,A16,L,9.75,4,speedlimit
2026-09-08T01:49+02:00,A20,L,29.826,4,speedlimit
2026-09-08T01:49+02:00,A16,R,32.933,4,speedlimit
2026-09-08T01:49+02:00,A13,R,15.035,1,lane_closed
2026-09-08T01:49+02:00,A16,L,13.61,1,speedlimit
2026-09-08T01:49+02:00,A15,L,61.01,4,lane_closed
2026-09-08T01:49+02:00,A16,L,6.29,1,lane_closed
2026-09-08T01:49+02:00,A16,R,29.28,2,speedlimit
2026-09-08T01:49+02:00,A20,s,29.6,1,speedlimit
2026-09-08T01:49+02:00,A20,L,28.57,2,speedlimit
2026-09-08T01:49+02:00,A20,R,30.6,2,speedlimit
2026-09-08T01:49+02:00,A16,R,29.28,6,speedlimit
2026-09-08T01:49+02:00,A15,L,65.25,3,speedlimit
2026-09-08T01:49+02:00,A13,L,17.1,2,speedlimit
2026-09-08T01:49+02:00,A20,L,28.57,3,speedlimit
2026-09-08T01:49+02:00,A16,R,34.304,1,lane_closed
2026-09-08T01:49+02:00,A15,L,64.67,3,speedlimit
2026-09-08T01:49+02:00,A20,R,26.4,4,speedlimit
2026-09-08T01:49+02:00,A20,R,30.196,2,speedlimit
2026-09-08T01:49+02:00,A13,R,17.8,3,speedlimit
2026-09-08T01:49+02:00,A16,R,32.22,1,lane_closed
2026-09-08T01:49+02:00,A4,L,43.18,3,speedlimit
2026-09-08T01:49+02:00,A15,n,95.855,2,speedlimit
2026-09-08T02:49+02:00,A13,L,16.7,1,speedlimit
2026-09-08T02:49+02:00,A15,L,60.62,4,lane_closed
2026-09-08T02:49+02:00,A16,R,35.325,1,lane_closed
2026-09-08T02:49+02:00,A16,L,9.75,3,lane_closed
2026-09-08T02:49+02:00,A15,h,60.62,1,lane_closed
2026-09-08T02:49+02:00,A16,L,7.15,1,lane_closed
2026-09-08T02:49+02:00,A16,R,28.78,5,speedlimit
2026-09-08T02:49+02:00,A16,R,33.848,1,lane_closed
2026-09-08T02:49+02:00,A16,R,30.05,1,lane_closed
2026-09-08T02:49+02:00,A16,n,34.44,2,speedlimit
2026-09-08T02:49+02:00,A20,L,30.196,2,speedlimit
2026-09-08T02:49+02:00,A16,R,32.22,3,speedlimit
2026-09-08T02:49+02:00,A13,R,16.655,1,speedlimit
2026-09-08T02:49+02:00,A15,L,61.39,1,speedlimit
2026-09-08T02:49+02:00,A13,R,17.1,2,speedlimit
2026-09-08T02:49+02:00,A16,R,35.325,2,lane_closed
2026-09-08T02:49+02:00,A16,R,34.304,2,lane_closed
2026-09-08T02:49+02:00,A16,R,34.44,1,lane_closed
2026-09-08T02:49+02:00,A16,n,33.784,1,speedlimit
2026-09-08T02:49+02:00,A16,L,13.47,2,speedlimit
2026-09-08T02:49+02:00,A16,L,7.9,3,lane_closed
2026-09-08T02:49+02:00,A4,L,42.19,4,lane_closed
2026-09-08T02:49+02:00,A15,n,61.78,3,speedlimit
2026-09-08T02:49+02:00,A16,n,34.6,2,speedlimit
2026-09-08T02:49+02:00,A16,L,50.38,1,speedlimit
2026-09-08T02:49+02:00,A16,R,34.618,2,lane_closed
2026-09-08T02:49+02:00,A16,L,9.35,2,lane_closed
2026-09-08T02:49+02:00,A4,L,43.18,2,speedlimit
2026-09-08T02:49+02:00,A15,L,62.768,3,speedlimit
2026-09-08T02:49+02:00,A15,h,61.01,1,lane_closed
2026-09-08T02:49+02:00,A16,R,34.178,1,lane_closed
2026-09-08T02:49+02:00,A13,L,15.035,3,speedlimit
2026-09-08T02:49+02:00,A15,y,62.635,3,speedlimit
2026-09-08T02:49+02:00,A13,R,18.5,1,speedlimit
2026-09-08T02:49+02:00,A20,L,29.5,2,speedlimit
2026-09-08T02:49+02:00,A13,R,18.5,4,speedlimit
2026-09-08T02:49+02:00,A16,L,48.875,2,speedlimit
2026-09-08T02:49+02:00,A13,R,18.2,3,speedlimit
2026-09-08T02:49+02:00,A15,h,60.62,2,speedlimit
2026-09-08T02:49+02:00,A20,R,28.1,1,speedlimit
2026-09-08T02:49+02:00,A20,R,30.196,3,speedlimit
2026-09-08T02:49+02:00,A16,L,12.49,2,speedlimit
2026-09-08T02:49+02:00,A16,n,33.904,2,speedlimit
2026-09-08T02:49+02:00,A20,L,36.94,1,lane_closed
2026-09-08T02:49+02:00,A4,R,2.367,4,lane_closed
2026-09-08T02:49+02:00,A16,L,12.35,1,speedlimit
2026-09-08T02:49+02:00,A16,L,46.935,2,speedlimit
2026-09-08T02:49+02:00,A16,L,10.09,2,lane_closed
2026-09-08T02:49+02:00,A15,n,95.855,3,speedlimit
2026-09-08T02:49+02:00,A13,R,17.8,2,speedlimit
2026-09-08T02:49+02:00,A15,L,62.43,4,lane_closed
2026-09-08T02:49+02:00,A20,s,29.6,2,speedlimit
2026-09-08T02:49+02:00,A16,L,14.17,2,speedlimit
2026-09-08T02:49+02:00,A15,L,65.25,2,speedlimit
2026-09-08T02:49+02:00,A16,L,13.19,2,speedlimit
2026-09-08T02:49+02:00,A15,L,65.685,3,speedlimit
2026-09-08T02:49+02:00,A16,R,34.618,1,lane_closed
2026-09-08T02:49+02:00,A16,R,33.135,4,speedlimit
2026-09-08T02:49+02:00,A13,L,15.035,1,lane_closed
2026-09-08T02:49+02:00,A15,y,63.3,1,speedlimit
2026-09-08T02:49+02:00,A20,R,26.93,4,speedlimit
2026-09-08T02:49+02:00,A20,R,28.57,3,speedlimit
2026-09-08T02:49+02:00,A4,g,46.485,2,speedlimit
2026-09-08T02:49+02:00,A16,R,31.74,5,speedlimit
2026-09-08T02:49+02:00,A4,L,2.447,4,lane_closed
2026-09-08T02:49+02:00,A13,L,18.8,2,speedlimit
2026-09-08T02:49+02:00,A20,R,27.235,1,speedlimit
2026-09-08T02:49+02:00,A15,L,62.768,4,lane_closed_ahead
2026-09-08T02:49+02:00,A20,L,28.41,2,speedlimit
2026-09-08T02:49+02:00,A16,R,31.25,4,speedlimit
2026-09-08T02:49+02:00,A15,n,62.25,2,speedlimit
2026-09-08T02:49+02:00,A16,L,13.89,1,speedlimit
2026-09-08T02:49+02:00,A16,R,34.44,2,lane_closed
2026-09-08T02:49+02:00,A20,R,27.79,2,speedlimit
2026-09-08T02:49+02:00,A16,R,45.39,2,speedlimit
2026-09-08T02:49+02:00,A13,R,18.5,3,speedlimit
2026-09-08T02:49+02:00,A20,R,28.57,4,speedlimit
2026-09-08T02:49+02:00,A20,R,31.26,4,speedlimit
2026-09-08T02:49+02:00,A20,L,29.826,2,speedlimit
2026-09-08T02:49+02:00,A20,L,35.925,1,lane_closed
2026-09-08T02:49+02:00,A16,n,33.61,1,speedlimit
2026-09-08T02:49+02:00,A20,L,28.57,1,speedlimit
2026-09-08T02:49+02:00,A4,n,43.673,1,speedlimit
2026-09-08T02:49+02:00,A16,R,32.22,5,speedlimit
2026-09-08T02:49+02:00,A16,R,33.958,1,lane_closed
2026-09-08T02:49+02:00,A20,R,29.5,4,speedlimit
2026-09-08T02:49+02:00,A15,L,62.768,1,speedlimit
2026-09-08T02:49+02:00,A16,L,10.09,3,lane_closed_ahead
2026-09-08T02:49+02:00,A16,R,32.76,5,speedlimit
2026-09-08T02:49+02:00,A16,L,48.875,3,speedlimit
2026-09-08T02:49+02:00,A16,R,33.43,2,lane_closed
2026-09-08T02:49+02:00,A16,R,31.74,4,speedlimit
2026-09-08T02:49+02:00,A4,g,46.485,3,speedlimit
2026-09-08T02:49+02:00,A20,R,28.1,2,speedlimit
2026-09-08T02:49+02:00,A20,R,26.64,1,speedlimit
2026-09-08T02:49+02:00,A15,L,64.2,2,speedlimit
2026-09-08T02:49+02:00,A16,R,28.78,2,speedlimit
2026-09-08T02:49+02:00,A4,L,41.6,4,lane_closed
2026-09-08T02:49+02:00,A20,L,32.8,2,speedlimit
2026-09-08T02:49+02:00,A16,L,48.03,1,speedlimit
2026-09-08T02:49+02:00,A15,L,65.25,4,speedlimit
2026-09-08T02:49+02:00,A13,L,17.1,3,speedlimit
2026-09-08T02:49+02:00,A13,L,15.55,1,lane_closed
2026-09-08T02:49+02:00,A16,R,46.13,1,speedlimit
2026-09-08T02:49+02:00,A20,L,36.625,1,lane_closed
2026-09-08T02:49+02:00,A16,R,33.135,2,lane_closed
2026-09-08T02:49+02:00,A16,L,12.07,2,speedlimit
2026-09-08T02:49+02:00,A20,L,27.488,1,speedlimit
2026-09-08T02:49+02:00,A16,n,34.018,1,speedlimit
2026-09-08T02:49+02:00,A20,L,27.2,1,speedlimit
2026-09-08T02:49+02:00,A16,L,13.47,1,speedlimit
2026-09-08T02:49+02:00,A4,h,46.06,2,speedlimit
2026-09-08T02:49+02:00,A15,L,62.43,1,speedlimit
2026-09-08T02:49+02:00,A20,L,27.8,2,speedlimit
2026-09-08T02:49+02:00,A16,n,33.61,2,speedlimit
2026-09-08T02:49+02:00,A13,L,18.2,3,speedlimit
2026-09-08T02:49+02:00,A16,R,29.28,5,speedlimit
2026-09-08T02:49+02:00,A16,R,32.933,1,lane_closed
2026-09-08T02:49+02:00,A16,R,32.518,4,speedlimit
2026-09-08T02:49+02:00,A16,L,48.54,1,speedlimit
2026-09-08T02:49+02:00,A20,L,31.88,1,speedlimit
2026-09-08T02:49+02:00,A13,L,16.7,2,speedlimit
2026-09-08T02:49+02:00,A16,R,33.958,2,lane_closed
2026-09-08T02:49+02:00,A20,L,30.9,2,speedlimit
2026-09-08T02:49+02:00,A16,n,34.225,1,speedlimit
2026-09-08T02:49+02:00,A16,R,31.25,5,speedlimit
2026-09-08T02:49+02:00,A16,L,48.54,3,speedlimit
2026-09-08T02:49+02:00,A20,L,28.085,1,speedlimit
2026-09-08T02:49+02:00,A16,R,32.76,4,speedlimit
2026-09-08T02:49+02:00,A16,R,33.609,2,lane_closed
2026-09-08T02:49+02:00,A16,R,32.22,2,lane_closed
2026-09-08T02:49+02:00,A20,R,30.6,1,speedlimit
2026-09-08T02:49+02:00,A13,R,17.1,3,speedlimit
2026-09-08T02:49+02:00,A16,L,13.05,2,speedlimit
2026-09-08T02:49+02:00,A20,R,26.93,3,speedlimit
2026-09-08T02:49+02:00,A16,L,12.91,1,speedlimit
2026-09-08T02:49+02:00,A16,R,28.78,6,speedlimit
2026-09-08T02:49+02:00,A15,n,61.39,3,speedlimit
2026-09-08T02:49+02:00,A20,L,31.4,1,speedlimit
2026-09-08T02:49+02:00,A4,L,42.775,2,speedlimit
2026-09-08T02:49+02:00,A16,L,9.35,3,lane_closed
2026-09-08T02:49+02:00,A16,L,7.15,2,lane_closed
2026-09-08T02:49+02:00,A20,L,31.1,2,speedlimit
2026-09-08T02:49+02:00,A16,R,34.832,1,lane_closed
2026-09-08T02:49+02:00,A16,L,11.7,2,speedlimit
2026-09-08T02:49+02:00,A16,R,33.778,1,lane_closed
2026-09-08T02:49+02:00,A13,g,18.7,2,speedlimit
2026-09-08T02:49+02:00,A15,L,65.685,2,speedlimit
2026-09-08T02:49+02:00,A15,L,61.01,3,speedlimit
2026-09-08T02:49+02:00,A20,L,31.4,2,speedlimit
2026-09-08T02:49+02:00,A4,g,46.485,1,speedlimit
2026-09-08T02:49+02:00,A16,R,30.05,2,lane_closed_ahead
2026-09-08T02:49+02:00,A16,L,14.32,1,speedlimit
2026-09-08T02:49+02:00,A4,n,43.673,2,speedlimit
2026-09-08T02:49+02:00,A16,L,48.875,1,speedlimit
2026-09-08T02:49+02:00,A15,L,62.43,3,speedlimit
2026-09-08T02:49+02:00,A13,L,13.7,3,speedlimit
2026-09-08T02:49+02:00,A16,R,34.068,2,lane_closed
2026-09-08T02:49+02:00,A13,L,15.9,3,lane_closed
2026-09-08T02:49+02:00,A15,h,61.01,2,speedlimit
2026-09-08T02:49+02:00,A15,n,61.39,1,lane_closed
2026-09-08T02:49+02:00,A15,y,62.82,2,speedlimit
2026-09-08T02:49+02:00,A13,R,16.2,1,speedlimit
2026-09-08T02:49+02:00,A15,y,63.3,2,speedlimit
2026-09-08T02:49+02:00,A16,L,12.63,2,speedlimit
2026-09-08T02:49+02:00,A16,L,47.41,1,speedlimit
2026-09-08T02:49+02:00,A13,R,18.5,2,speedlimit
2026-09-08T02:49+02:00,A20,L,30.196,1,speedlimit
2026-09-08T02:49+02:00,A16,R,33.778,2,lane_closed
2026-09-08T02:49+02:00,A16,L,13.19,1,speedlimit
2026-09-08T02:49+02:00,A16,d,10.6,2,speedlimit
2026-09-08T02:49+02:00,A20,R,27.79,1,speedlimit
2026-09-08T02:49+02:00,A20,L,29.826,1,speedlimit
2026-09-08T02:49+02:00,A16,L,12.91,2,speedlimit
2026-09-08T02:49+02:00,A16,R,30.05,4,speedlimit
2026-09-08T02:49+02:00,A20,R,28.41,2,speedlimit
2026-09-08T02:49+02:00,A13,L,15.9,2,speedlimit
2026-09-08T02:49+02:00,A16,L,14.17,1,speedlimit
2026-09-08T02:49+02:00,A16,R,29.28,4,speedlimit
2026-09-08T02:49+02:00,A4,L,42.775,3,lane_closed_ahead
2026-09-08T02:49+02:00,A15,y,62.82,3,speedlimit
2026-09-08T02:49+02:00,A16,n,34.13,1,speedlimit
2026-09-08T02:49+02:00,A13,L,13.7,1,lane_closed
2026-09-08T02:49+02:00,A20,R,29.1,1,speedlimit
2026-09-08T02:49+02:00,A15,L,60.62,1,speedlimit
2026-09-08T02:49+02:00,A16,L,48.54,2,speedlimit
2026-09-08T02:49+02:00,A16,m,33.778,2,speedlimit
2026-09-08T02:49+02:00,A13,R,17.8,1,speedlimit
2026-09-08T02:49+02:00,A20,R,28.41,1,speedlimit
2026-09-08T02:49+02:00,A13,L,15.55,3,speedlimit
2026-09-08T02:49+02:00,A20,R,31.9,2,speedlimit
2026-09-08T02:49+02:00,A16,L,10.09,4,speedlimit
2026-09-08T02:49+02:00,A20,L,31.1,3,speedlimit
2026-09-08T02:49+02:00,A16,L,8.65,1,lane_closed
2026-09-08T02:49+02:00,A16,L,49.78,1,speedlimit
2026-09-08T02:49+02:00,A20,R,27.488,2,speedlimit
2026-09-08T02:49+02:00,A20,t,28.895,1,speedlimit
2026-09-08T02:49+02:00,A20,L,32.8,1,speedlimit
2026-09-08T02:49+02:00,A20,R,28.8,2,speedlimit
2026-09-08T02:49+02:00,A16,R,35.325,4,lane_closed
2026-09-08T02:49+02:00,A16,L,5.6,1,lane_closed
2026-09-08T02:49+02:00,A20,L,31.1,1,speedlimit
2026-09-08T02:49+02:00,A13,L,16.19,3,lane_closed
2026-09-08T02:49+02:00,A13,L,15.035,5,lane_closed
2026-09-08T02:49+02:00,A16,R,32.76,2,lane_closed
2026-09-08T02:49+02:00,A16,R,34.178,2,lane_closed
2026-09-08T02:49+02:00,A15,L,61.94,2,speedlimit
2026-09-08T02:49+02:00,A16,R,32.518,3,speedlimit
2026-09-08T02:49+02:00,A20,L,27.8,1,speedlimit
2026-09-08T02:49+02:00,A16,R,35.325,3,lane_closed
2026-09-08T02:49+02:00,A16,R,29.28,3,speedlimit
2026-09-08T02:49+02:00,A16,L,14.32,2,speedlimit
2026-09-08T02:49+02:00,A16,R,32.933,2,lane_closed
2026-09-08T02:49+02:00,A20,R,29.1,2,speedlimit
2026-09-08T02:49+02:00,A16,L,13.61,2,speedlimit
2026-09-08T02:49+02:00,A16,R,28.78,1,speedlimit
2026-09-08T02:49+02:00,A16,R,45.39,3,speedlimit
2026-09-08T02:49+02:00,A13,g,18.7,1,speedlimit
2026-09-08T02:49+02:00,A16,L,13.33,1,speedlimit
2026-09-08T02:49+02:00,A16,L,8.65,4,lane_closed
2026-09-08T02:49+02:00,A20,R,28.57,2,speedlimit
2026-09-08T02:49+02:00,A16,L,9.75,1,lane_closed
2026-09-08T02:49+02:00,A20,R,26.64,2,speedlimit
2026-09-08T02:49+02:00,A4,L,41.6,1,speedlimit
2026-09-08T02:49+02:00,A15,L,64.2,3,speedlimit
2026-09-08T02:49+02:00,A16,L,5.6,2,lane_closed
2026-09-08T02:49+02:00,A20,L,29.1,1,speedlimit
2026-09-08T02:49+02:00,A13,L,18.2,1,speedlimit
2026-09-08T02:49+02:00,A15,L,64.67,2,speedlimit
2026-09-08T02:49+02:00,A13,L,12.7,4,lane_closed
2026-09-08T02:49+02:00,A20,L,31.88,2,speedlimit
2026-09-08T02:49+02:00,A13,L,19.7,2,speedlimit
2026-09-08T02:49+02:00,A16,L,49.78,3,speedlimit
2026-09-08T02:49+02:00,A4,g,47.0,2,lane_closed_ahead
2026-09-08T02:49+02:00,A16,R,32.933,3,speedlimit
2026-09-08T02:49+02:00,A20,L,28.085,2,speedlimit
2026-09-08T02:49+02:00,A16,m,33.609,2,speedlimit
2026-09-08T02:49+02:00,A13,L,15.035,4,speedlimit
2026-09-08T02:49+02:00,A20,R,30.6,3,speedlimit
2026-09-08T02:49+02:00,A20,L,35.52,1,lane_closed
2026-09-08T02:49+02:00,A20,R,29.8,2,speedlimit
2026-09-08T02:49+02:00,A16,R,35.66,1,lane_closed
2026-09-08T02:49+02:00,A15,L,64.2,1,lane_closed
2026-09-08T02:49+02:00,A20,R,27.235,2,speedlimit
2026-09-08T02:49+02:00,A4,L,43.18,1,speedlimit
2026-09-08T02:49+02:00,A20,L,37.3,1,lane_closed
2026-09-08T02:49+02:00,A13,R,18.2,1,speedlimit
2026-09-08T02:49+02:00,A16,R,31.25,2,lane_closed
2026-09-08T02:49+02:00,A16,L,10.09,1,lane_closed
2026-09-08T02:49+02:00,A15,L,65.25,1,lane_closed_ahead
2026-09-08T02:49+02:00,A15,e,95.55,1,speedlimit
2026-09-08T02:49+02:00,A13,L,15.55,2,lane_closed
2026-09-08T02:49+02:00,A13,e,19.1,1,speedlimit
2026-09-08T02:49+02:00,A13,L,15.55,4,speedlimit
2026-09-08T02:49+02:00,A16,R,28.78,4,speedlimit
2026-09-08T02:49+02:00,A16,L,14.46,1,speedlimit
2026-09-08T02:49+02:00,A16,n,34.335,2,speedlimit
2026-09-08T02:49+02:00,A16,L,7.9,2,lane_closed
2026-09-08T02:49+02:00,A13,L,17.8,3,speedlimit
2026-09-08T02:49+02:00,A16,R,31.74,1,lane_closed
2026-09-08T02:49+02:00,A4,L,41.6,2,speedlimit
2026-09-08T02:49+02:00,A16,L,12.35,2,speedlimit
2026-09-08T02:49+02:00,A20,R,31.26,1,speedlimit
2026-09-08T02:49+02:00,A16,L,11.7,3,speedlimit
2026-09-08T02:49+02:00,A16,L,14.03,1,speedlimit
2026-09-08T02:49+02:00,A16,R,45.39,1,speedlimit
2026-09-08T02:49+02:00,A4,L,42.775,1,speedlimit
2026-09-08T02:49+02:00,A16,L,8.65,3,lane_closed
2026-09-08T02:49+02:00,A13,L,13.7,2,speedlimit
2026-09-08T02:49+02:00,A13,L,15.9,1,speedlimit
2026-09-08T02:49+02:00,A16,R,30.71,3,speedlimit
2026-09-08T02:49+02:00,A20,L,29.826,3,speedlimit
2026-09-08T02:49+02:00,A16,R,30.71,1,lane_closed
2026-09-08T02:49+02:00,A4,L,42.19,2,speedlimit
2026-09-08T02:49+02:00,A4,h,45.58,3,lane_closed
2026-09-08T02:49+02:00,A20,L,29.5,1,speedlimit
2026-09-08T02:49+02:00,A16,R,44.26,2,speedlimit
2026-09-08T02:49+02:00,A20,R,28.8,3,speedlimit
2026-09-08T02:49+02:00,A20,R,29.5,1,speedlimit
2026-09-08T02:49+02:00,A16,m,33.609,1,speedlimit
2026-09-08T02:49+02:00,A16,L,10.6,1,lane_closed
2026-09-08T02:49+02:00,A16,R,33.135,3,speedlimit
2026-09-08T02:49+02:00,A16,L,7.15,3,lane_closed
2026-09-08T02:49+02:00,A13,L,11.25,4,lane_closed
2026-09-08T02:49+02:00,A20,L,30.9,1,speedlimit
2026-09-08T02:49+02:00,A16,R,46.43,1,speedlimit
2026-09-08T02:49+02:00,A13,L,14.2,2,speedlimit
2026-09-08T02:49+02:00,A4,L,43.18,4,lane_closed_ahead
2026-09-08T02:49+02:00,A16,R,32.518,2,lane_closed
2026-09-08T02:49+02:00,A13,R,18.2,4,speedlimit
2026-09-08T02:49+02:00,A16,R,32.22,4,speedlimit
2026-09-08T02:49+02:00,A16,L,8.65,2,lane_closed
2026-09-08T02:49+02:00,A16,L,12.07,1,speedlimit
2026-09-08T02:49+02:00,A16,R,33.609,1,lane_closed
2026-09-08T02:49+02:00,A15,L,61.01,1,speedlimit
2026-09-08T02:49+02:00,A13,R,18.7,1,speedlimit
2026-09-08T02:49+02:00,A15,L,64.67,5,speedlimit
2026-09-08T02:49+02:00,A16,R,30.05,3,speedlimit
2026-09-08T02:49+02:00,A15,n,95.855,1,speedlimit
2026-09-08T02:49+02:00,A16,n,34.6,1,speedlimit
2026-09-08T02:49+02:00,A20,c,27.488,1,speedlimit
2026-09-08T02:49+02:00,A20,R,31.9,3,speedlimit
2026-09-08T02:49+02:00,A16,d,10.6,1,speedlimit
2026-09-08T02:49+02:00,A13,R,16.655,3,speedlimit
2026-09-08T02:49+02:00,A15,y,62.82,1,lane_closed_ahead
2026-09-08T02:49+02:00,A20,L,29.1,2,speedlimit
2026-09-08T02:49+02:00,A16,R,32.76,1,lane_closed
2026-09-08T02:49+02:00,A15,L,63.56,1,lane_closed
2026-09-08T02:49+02:00,A16,R,44.26,1,speedlimit
2026-09-08T02:49+02:00,A20,R,29.8,3,speedlimit
2026-09-08T02:49+02:00,A13,L,18.2,2,speedlimit
2026-09-08T02:49+02:00,A20,R,26.4,3,speedlimit
2026-09-08T02:49+02:00,A16,L,12.21,1,speedlimit
2026-09-08T02:49+02:00,A16,L,46.935,1,speedlimit
2026-09-08T02:49+02:00,A16,L,13.33,2,speedlimit
2026-09-08T02:49+02:00,A16,L,47.41,4,lane_closed
2026-09-08T02:49+02:00,A16,L,12.21,2,speedlimit
2026-09-08T02:49+02:00,A20,R,26.93,1,speedlimit
2026-09-08T02:49+02:00,A15,R,37.8,2,speedlimit
2026-09-08T02:49+02:00,A16,n,33.784,2,speedlimit
2026-09-08T02:49+02:00,A15,y,62.635,1,lane_closed
2026-09-08T02:49+02:00,A15,L,61.39,2,speedlimit
2026-09-08T02:49+02:00,A20,R,26.4,2,speedlimit
2026-09-08T02:49+02:00,A15,L,62.768,2,speedlimit
2026-09-08T02:49+02:00,A16,n,34.018,2,speedlimit
2026-09-08T02:49+02:00,A15,L,63.56,3,speedlimit
2026-09-08T02:49+02:00,A20,L,27.488,2,speedlimit
2026-09-08T02:49+02:00,A15,n,61.78,1,lane_closed
2026-09-08T02:49+02:00,A20,L,30.196,3,speedlimit
2026-09-08T02:49+02:00,A4,h,46.06,1,speedlimit
2026-09-08T02:49+02:00,A4,L,42.19,1,speedlimit
2026-09-08T02:49+02:00,A15,L,61.94,1,speedlimit
2026-09-08T02:49+02:00,A20,L,28.41,1,speedlimit
2026-09-08T02:49+02:00,A13,L,13.18,4,lane_closed
2026-09-08T02:49+02:00,A16,L,47.41,3,speedlimit
2026-09-08T02:49+02:00,A13,L,17.8,2,speedlimit
2026-09-08T02:49+02:00,A16,m,33.778,1,speedlimit
2026-09-08T02:49+02:00,A16,R,28.78,3,speedlimit
2026-09-08T02:49+02:00,A16,R,30.71,2,lane_closed
2026-09-08T02:49+02:00,A16,R,44.26,3,speedlimit
2026-09-08T02:49+02:00,A16,L,46.935,3,speedlimit
2026-09-08T02:49+02:00,A20,R,28.57,1,speedlimit
2026-09-08T02:49+02:00,A20,R,30.196,4,speedlimit
2026-09-08T02:49+02:00,A13,L,15.035,2,lane_closed
2026-09-08T02:49+02:00,A16,L,11.2,2,speedlimit
2026-09-08T02:49+02:00,A20,t,29.6,2,speedlimit
2026-09-08T02:49+02:00,A20,L,38.3,1,lane_closed_ahead
2026-09-08T02:49+02:00,A15,L,64.67,4,speedlimit
2026-09-08T02:49+02:00,A16,L,11.7,1,lane_closed_ahead
2026-09-08T02:49+02:00,A15,L,65.685,1,speedlimit
2026-09-08T02:49+02:00,A16,L,50.38,2,speedlimit
2026-09-08T02:49+02:00,A15,L,64.67,1,lane_closed
2026-09-08T02:49+02:00,A16,L,48.03,2,speedlimit
2026-09-08T02:49+02:00,A16,L,12.77,2,speedlimit
2026-09-08T02:49+02:00,A16,R,31.74,3,speedlimit
2026-09-08T02:49+02:00,A20,R,26.93,2,speedlimit
2026-09-08T02:49+02:00,A20,L,30.9,3,speedlimit
2026-09-08T02:49+02:00,A13,L,18.8,3,speedlimit
2026-09-08T02:49+02:00,A15,R,37.8,1,speedlimit
2026-09-08T02:49+02:00,A20,L,37.8,1,lane_closed
2026-09-08T02:49+02:00,A20,R,28.8,1,speedlimit
2026-09-08T02:49+02:00,A16,b,32.5,1,speedlimit
2026-09-08T02:49+02:00,A16,L,6.29,2,lane_closed
2026-09-08T02:49+02:00,A4,L,42.19,3,lane_closed
2026-09-08T02:49+02:00,A15,L,61.39,3,speedlimit
2026-09-08T02:49+02:00,A16,R,35.66,2,lane_closed
2026-09-08T02:49+02:00,A15,L,60.62,2,speedlimit
2026-09-08T02:49+02:00,A16,r,25.0,1,speedlimit
2026-09-08T02:49+02:00,A13,L,18.8,1,speedlimit
2026-09-08T02:49+02:00,A13,L,14.2,1,lane_closed
2026-09-08T02:49+02:00,A4,h,46.4,2,speedlimit
2026-09-08T02:49+02:00,A16,L,11.2,1,lane_closed
2026-09-08T02:49+02:00,A16,R,34.832,3,lane_closed
2026-09-08T02:49+02:00,A13,R,16.2,2,speedlimit
2026-09-08T02:49+02:00,A16,R,33.848,2,lane_closed
2026-09-08T02:49+02:00,A16,L,12.77,1,speedlimit
2026-09-08T02:49+02:00,A16,L,46.935,4,lane_closed
2026-09-08T02:49+02:00,A16,R,46.13,3,speedlimit
2026-09-08T02:49+02:00,A20,L,31.4,3,speedlimit
2026-09-08T02:49+02:00,A16,R,31.25,3,speedlimit
2026-09-08T02:49+02:00,A15,L,61.01,2,speedlimit
2026-09-08T02:49+02:00,A15,L,62.43,2,speedlimit
2026-09-08T02:49+02:00,A4,g,47.0,3,speedlimit
2026-09-08T02:49+02:00,A20,L,30.196,4,speedlimit
2026-09-08T02:49+02:00,A13,L,14.2,3,speedlimit
2026-09-08T02:49+02:00,A16,R,46.13,2,speedlimit
2026-09-08T02:49+02:00,A16,n,34.225,2,speedlimit
2026-09-08T02:49+02:00,A13,R,18.2,2,speedlimit
2026-09-08T02:49+02:00,A15,n,61.78,2,speedlimit
2026-09-08T02:49+02:00,A16,L,13.89,2,speedlimit
2026-09-08T02:49+02:00,A16,L,47.41,2,speedlimit
2026-09-08T02:49+02:00,A13,L,17.8,1,speedlimit
2026-09-08T02:49+02:00,A16,L,13.75,2,speedlimit
2026-09-08T02:49+02:00,A16,R,46.43,3,speedlimit
2026-09-08T02:49+02:00,A20,R,29.8,1,speedlimit
2026-09-08T02:49+02:00,A16,R,33.135,1,lane_closed
2026-09-08T02:49+02:00,A20,R,31.26,2,speedlimit
2026-09-08T02:49+02:00,A15,L,61.94,3,speedlimit
2026-09-08T02:49+02:00,A16,L,7.9,1,lane_closed
2026-09-08T02:49+02:00,A15,R,37.8,3,speedlimit
2026-09-08T02:49+02:00,A15,y,62.635,2,speedlimit
2026-09-08T02:49+02:00,A20,R,31.26,3,speedlimit
2026-09-08T02:49+02:00,A4,L,41.6,3,lane_closed
2026-09-08T02:49+02:00,A20,R,26.64,3,speedlimit
2026-09-08T02:49+02:00,A16,L,10.6,2,speedlimit
2026-09-08T02:49+02:00,A20,R,26.64,4,speedlimit
2026-09-08T02:49+02:00,A20,R,26.4,1,speedlimit
2026-09-08T02:49+02:00,A13,R,17.1,1,speedlimit
2026-09-08T02:49+02:00,A20,R,29.5,3,speedlimit
2026-09-08T02:49+02:00,A16,n,34.335,1,speedlimit
2026-09-08T02:49+02:00,A16,R,46.43,2,speedlimit
2026-09-08T02:49+02:00,A16,R,32.76,3,speedlimit
2026-09-08T02:49+02:00,A16,R,30.71,4,speedlimit
2026-09-08T02:49+02:00,A13,L,13.7,4,lane_closed
2026-09-08T02:49+02:00,A15,L,63.56,2,speedlimit
2026-09-08T02:49+02:00,A13,L,14.2,4,lane_closed
2026-09-08T02:49+02:00,A4,h,46.4,1,speedlimit
2026-09-08T02:49+02:00,A16,R,31.74,2,lane_closed
2026-09-08T02:49+02:00,A20,t,29.6,1,speedlimit
2026-09-08T02:49+02:00,A16,R,33.43,1,lane_closed
2026-09-08T02:49+02:00,A16,L,9.75,2,lane_closed
2026-09-08T02:49+02:00,A15,L,65.685,4,speedlimit
2026-09-08T02:49+02:00,A20,R,29.8,4,speedlimit
2026-09-08T02:49+02:00,A16,R,34.068,1,lane_closed
2026-09-08T02:49+02:00,A13,R,18.7,2,speedlimit
2026-09-08T02:49+02:00,A16,m,33.43,2,speedlimit
2026-09-08T02:49+02:00,A16,L,49.78,2,speedlimit
2026-09-08T02:49+02:00,A16,L,12.63,1,speedlimit
2026-09-08T02:49+02:00,A16,L,13.05,1,speedlimit
2026-09-08T02:49+02:00,A20,R,27.488,1,speedlimit
2026-09-08T02:49+02:00,A16,L,48.03,3,speedlimit
2026-09-08T02:49+02:00,A4,g,47.0,1,speedlimit
2026-09-08T02:49+02:00,A16,L,14.03,2,speedlimit
2026-09-08T02:49+02:00,A15,n,61.39,2,speedlimit
2026-09-08T02:49+02:00,A16,L,13.75,1,speedlimit
2026-09-08T02:49+02:00,A16,m,33.43,1,speedlimit
2026-09-08T02:49+02:00,A16,L,14.46,2,speedlimit
2026-09-08T02:49+02:00,A20,R,29.5,2,speedlimit
2026-09-08T02:49+02:00,A20,L,27.2,2,speedlimit
2026-09-08T02:49+02:00,A16,R,32.518,1,lane_closed
2026-09-08T02:49+02:00,A13,R,18.963,1,speedlimit
2026-09-08T02:49+02:00,A15,n,62.25,1,lane_closed
2026-09-08T02:49+02:00,A13,L,17.1,1,speedlimit
2026-09-08T02:49+02:00,A15,L,61.39,4,lane_closed
2026-09-08T02:49+02:00,A16,R,31.25,1,lane_closed
2026-09-08T02:49+02:00,A20,L,31.88,3,speedlimit
2026-09-08T02:49+02:00,A13,L,19.7,1,speedlimit
2026-09-08T02:49+02:00,A16,R,34.832,2,lane_closed
2026-09-08T02:49+02:00,A13,L,17.1,4,speedlimit
2026-09-08T02:49+02:00,A4,L,42.775,4,lane_closed
2026-09-08T02:49+02:00,A16,n,33.904,1,speedlimit
2026-09-08T02:49+02:00,A13,R,16.655,2,speedlimit
2026-09-08T02:49+02:00,A16,L,12.49,1,speedlimit
2026-09-08T02:49+02:00,A13,L,15.55,5,lane_closed
2026-09-08T02:49+02:00,A16,n,34.44,1,speedlimit
2026-09-08T02:49+02:00,A15,L,60.62,3,speedlimit
2026-09-08T02:49+02:00,A16,L,50.38,3,speedlimit
2026-09-08T02:49+02:00,A16,n,33.61,3,lane_closed
2026-09-08T02:49+02:00,A16,n,34.13,2,speedlimit
2026-09-08T02:49+02:00,A20,L,32.8,3,speedlimit
2026-09-08T02:49+02:00,A16,L,9.35,1,lane_closed
2026-09-08T02:49+02:00,A16,R,29.28,1,lane_closed_ahead
2026-09-08T02:49+02:00,A20,R,30.196,1,speedlimit
2026-09-08T02:49+02:00,A15,L,61.94,4,lane_closed
2026-09-08T02:49+02:00,A16,L,9.75,4,speedlimit
2026-09-08T02:49+02:00,A20,L,29.826,4,speedlimit
2026-09-08T02:49+02:00,A16,R,32.933,4,speedlimit
2026-09-08T02:49+02:00,A16,L,13.61,1,speedlimit
2026-09-08T02:49+02:00,A15,L,61.01,4,lane_closed
2026-09-08T02:49+02:00,A16,L,6.29,1,lane_closed
2026-09-08T02:49+02:00,A16,R,29.28,2,speedlimit
2026-09-08T02:49+02:00,A20,s,29.6,1,speedlimit
2026-09-08T02:49+02:00,A20,L,28.57,2,speedlimit
2026-09-08T02:49+02:00,A20,R,30.6,2,speedlimit
2026-09-08T02:49+02:00,A16,R,29.28,6,speedlimit
2026-09-08T02:49+02:00,A15,L,65.25,3,speedlimit
2026-09-08T02:49+02:00,A13,L,17.1,2,speedlimit
2026-09-08T02:49+02:00,A20,L,28.57,3,speedlimit
2026-09-08T02:49+02:00,A16,R,34.304,1,lane_closed
2026-09-08T02:49+02:00,A15,L,64.67,3,speedlimit
2026-09-08T02:49+02:00,A20,R,26.4,4,speedlimit
2026-09-08T02:49+02:00,A20,R,30.196,2,speedlimit
2026-09-08T02:49+02:00,A13,R,17.8,3,speedlimit
2026-09-08T02:49+02:00,A16,R,32.22,1,lane_closed
2026-09-08T02:49+02:00,A4,L,43.18,3,speedlimit
2026-09-08T02:49+02:00,A15,n,95.855,2,speedlimit
2026-09-08T03:48+02:00,A13,L,16.7,1,speedlimit
2026-09-08T03:48+02:00,A15,L,60.62,4,lane_closed
2026-09-08T03:48+02:00,A16,R,35.325,1,lane_closed
2026-09-08T03:48+02:00,A16,L,9.75,3,lane_closed
2026-09-08T03:48+02:00,A15,h,60.62,1,lane_closed
2026-09-08T03:48+02:00,A16,L,7.15,1,lane_closed
2026-09-08T03:48+02:00,A16,R,28.78,5,speedlimit
2026-09-08T03:48+02:00,A16,R,33.848,1,lane_closed
2026-09-08T03:48+02:00,A16,R,30.05,1,lane_closed
2026-09-08T03:48+02:00,A16,n,34.44,2,speedlimit
2026-09-08T03:48+02:00,A20,L,30.196,2,speedlimit
2026-09-08T03:48+02:00,A16,R,32.22,3,speedlimit
2026-09-08T03:48+02:00,A13,R,16.655,1,speedlimit
2026-09-08T03:48+02:00,A15,L,61.39,1,speedlimit
2026-09-08T03:48+02:00,A13,R,17.1,2,speedlimit
2026-09-08T03:48+02:00,A16,R,35.325,2,lane_closed
2026-09-08T03:48+02:00,A16,R,34.304,2,lane_closed
2026-09-08T03:48+02:00,A16,R,34.44,1,lane_closed
2026-09-08T03:48+02:00,A16,n,33.784,1,speedlimit
2026-09-08T03:48+02:00,A16,L,13.47,2,speedlimit
2026-09-08T03:48+02:00,A16,L,7.9,3,lane_closed
2026-09-08T03:48+02:00,A4,L,42.19,4,lane_closed
2026-09-08T03:48+02:00,A15,n,61.78,3,speedlimit
2026-09-08T03:48+02:00,A16,n,34.6,2,speedlimit
2026-09-08T03:48+02:00,A16,L,50.38,1,speedlimit
2026-09-08T03:48+02:00,A16,R,34.618,2,lane_closed
2026-09-08T03:48+02:00,A16,L,9.35,2,lane_closed
2026-09-08T03:48+02:00,A4,L,43.18,2,speedlimit
2026-09-08T03:48+02:00,A15,L,62.768,3,speedlimit
2026-09-08T03:48+02:00,A15,h,61.01,1,lane_closed
2026-09-08T03:48+02:00,A16,R,34.178,1,lane_closed
2026-09-08T03:48+02:00,A13,L,15.035,3,speedlimit
2026-09-08T03:48+02:00,A15,y,62.635,3,speedlimit
2026-09-08T03:48+02:00,A13,R,18.5,1,speedlimit
2026-09-08T03:48+02:00,A20,L,29.5,2,speedlimit
2026-09-08T03:48+02:00,A13,R,18.5,4,speedlimit
2026-09-08T03:48+02:00,A16,L,48.875,2,speedlimit
2026-09-08T03:48+02:00,A13,R,18.2,3,speedlimit
2026-09-08T03:48+02:00,A15,h,60.62,2,speedlimit
2026-09-08T03:48+02:00,A20,R,28.1,1,speedlimit
2026-09-08T03:48+02:00,A20,R,30.196,3,speedlimit
2026-09-08T03:48+02:00,A16,L,12.49,2,speedlimit
2026-09-08T03:48+02:00,A16,n,33.904,2,speedlimit
2026-09-08T03:48+02:00,A20,L,36.94,1,lane_closed
2026-09-08T03:48+02:00,A4,R,2.367,4,lane_closed
2026-09-08T03:48+02:00,A16,L,12.35,1,speedlimit
2026-09-08T03:48+02:00,A16,L,46.935,2,speedlimit
2026-09-08T03:48+02:00,A16,L,10.09,2,lane_closed
2026-09-08T03:48+02:00,A15,n,95.855,3,speedlimit
2026-09-08T03:48+02:00,A13,R,17.8,2,speedlimit
2026-09-08T03:48+02:00,A15,L,62.43,4,lane_closed
2026-09-08T03:48+02:00,A20,s,29.6,2,speedlimit
2026-09-08T03:48+02:00,A16,L,14.17,2,speedlimit
2026-09-08T03:48+02:00,A15,L,65.25,2,speedlimit
2026-09-08T03:48+02:00,A16,L,13.19,2,speedlimit
2026-09-08T03:48+02:00,A15,L,65.685,3,speedlimit
2026-09-08T03:48+02:00,A16,R,34.618,1,lane_closed
2026-09-08T03:48+02:00,A16,R,33.135,4,speedlimit
2026-09-08T03:48+02:00,A13,L,15.035,1,lane_closed
2026-09-08T03:48+02:00,A15,y,63.3,1,speedlimit
2026-09-08T03:48+02:00,A20,R,26.93,4,speedlimit
2026-09-08T03:48+02:00,A20,R,28.57,3,speedlimit
2026-09-08T03:48+02:00,A4,g,46.485,2,speedlimit
2026-09-08T03:48+02:00,A16,R,31.74,5,speedlimit
2026-09-08T03:48+02:00,A4,L,2.447,4,lane_closed
2026-09-08T03:48+02:00,A13,L,18.8,2,speedlimit
2026-09-08T03:48+02:00,A20,R,27.235,1,speedlimit
2026-09-08T03:48+02:00,A15,L,62.768,4,lane_closed_ahead
2026-09-08T03:48+02:00,A20,L,28.41,2,speedlimit
2026-09-08T03:48+02:00,A16,R,31.25,4,speedlimit
2026-09-08T03:48+02:00,A15,n,62.25,2,speedlimit
2026-09-08T03:48+02:00,A16,L,13.89,1,speedlimit
2026-09-08T03:48+02:00,A16,R,34.44,2,lane_closed
2026-09-08T03:48+02:00,A20,R,27.79,2,speedlimit
2026-09-08T03:48+02:00,A16,R,45.39,2,speedlimit
2026-09-08T03:48+02:00,A13,R,18.5,3,speedlimit
2026-09-08T03:48+02:00,A20,R,28.57,4,speedlimit
2026-09-08T03:48+02:00,A20,R,31.26,4,speedlimit
2026-09-08T03:48+02:00,A20,L,29.826,2,speedlimit
2026-09-08T03:48+02:00,A20,L,35.925,1,lane_closed
2026-09-08T03:48+02:00,A16,n,33.61,1,speedlimit
2026-09-08T03:48+02:00,A20,L,28.57,1,speedlimit
2026-09-08T03:48+02:00,A4,n,43.673,1,speedlimit
2026-09-08T03:48+02:00,A16,R,32.22,5,speedlimit
2026-09-08T03:48+02:00,A16,R,33.958,1,lane_closed
2026-09-08T03:48+02:00,A20,R,29.5,4,speedlimit
2026-09-08T03:48+02:00,A15,L,62.768,1,speedlimit
2026-09-08T03:48+02:00,A16,L,10.09,3,lane_closed_ahead
2026-09-08T03:48+02:00,A16,R,32.76,5,speedlimit
2026-09-08T03:48+02:00,A16,L,48.875,3,speedlimit
2026-09-08T03:48+02:00,A16,R,33.43,2,lane_closed
2026-09-08T03:48+02:00,A16,R,31.74,4,speedlimit
2026-09-08T03:48+02:00,A4,g,46.485,3,speedlimit
2026-09-08T03:48+02:00,A20,R,28.1,2,speedlimit
2026-09-08T03:48+02:00,A20,R,26.64,1,speedlimit
2026-09-08T03:48+02:00,A15,L,64.2,2,speedlimit
2026-09-08T03:48+02:00,A16,R,28.78,2,speedlimit
2026-09-08T03:48+02:00,A4,L,41.6,4,lane_closed
2026-09-08T03:48+02:00,A20,L,32.8,2,speedlimit
2026-09-08T03:48+02:00,A16,L,48.03,1,speedlimit
2026-09-08T03:48+02:00,A15,L,65.25,4,speedlimit
2026-09-08T03:48+02:00,A13,L,17.1,3,speedlimit
2026-09-08T03:48+02:00,A13,L,15.55,1,lane_closed
2026-09-08T03:48+02:00,A16,R,46.13,1,speedlimit
2026-09-08T03:48+02:00,A20,L,36.625,1,lane_closed
2026-09-08T03:48+02:00,A16,R,33.135,2,lane_closed
2026-09-08T03:48+02:00,A16,L,12.07,2,speedlimit
2026-09-08T03:48+02:00,A20,L,27.488,1,speedlimit
2026-09-08T03:48+02:00,A16,n,34.018,1,speedlimit
2026-09-08T03:48+02:00,A20,L,27.2,1,speedlimit
2026-09-08T03:48+02:00,A16,L,13.47,1,speedlimit
2026-09-08T03:48+02:00,A4,h,46.06,2,speedlimit
2026-09-08T03:48+02:00,A15,L,62.43,1,speedlimit
2026-09-08T03:48+02:00,A20,L,27.8,2,speedlimit
2026-09-08T03:48+02:00,A16,n,33.61,2,speedlimit
2026-09-08T03:48+02:00,A13,L,18.2,3,speedlimit
2026-09-08T03:48+02:00,A16,R,29.28,5,speedlimit
2026-09-08T03:48+02:00,A16,R,32.933,1,lane_closed
2026-09-08T03:48+02:00,A16,R,32.518,4,speedlimit
2026-09-08T03:48+02:00,A16,L,48.54,1,speedlimit
2026-09-08T03:48+02:00,A20,L,31.88,1,speedlimit
2026-09-08T03:48+02:00,A13,L,16.7,2,speedlimit
2026-09-08T03:48+02:00,A16,R,33.958,2,lane_closed
2026-09-08T03:48+02:00,A20,L,30.9,2,speedlimit
2026-09-08T03:48+02:00,A16,n,34.225,1,speedlimit
2026-09-08T03:48+02:00,A16,R,31.25,5,speedlimit
2026-09-08T03:48+02:00,A16,L,48.54,3,speedlimit
2026-09-08T03:48+02:00,A20,L,28.085,1,speedlimit
2026-09-08T03:48+02:00,A16,R,32.76,4,speedlimit
2026-09-08T03:48+02:00,A16,R,33.609,2,lane_closed
2026-09-08T03:48+02:00,A16,R,32.22,2,lane_closed
2026-09-08T03:48+02:00,A20,R,30.6,1,speedlimit
2026-09-08T03:48+02:00,A13,R,17.1,3,speedlimit
2026-09-08T03:48+02:00,A16,L,13.05,2,speedlimit
2026-09-08T03:48+02:00,A20,R,26.93,3,speedlimit
2026-09-08T03:48+02:00,A16,L,12.91,1,speedlimit
2026-09-08T03:48+02:00,A16,R,28.78,6,speedlimit
2026-09-08T03:48+02:00,A15,n,61.39,3,speedlimit
2026-09-08T03:48+02:00,A20,L,31.4,1,speedlimit
2026-09-08T03:48+02:00,A4,L,42.775,2,speedlimit
2026-09-08T03:48+02:00,A16,L,9.35,3,lane_closed
2026-09-08T03:48+02:00,A16,L,7.15,2,lane_closed
2026-09-08T03:48+02:00,A20,L,31.1,2,speedlimit
2026-09-08T03:48+02:00,A16,R,34.832,1,lane_closed
2026-09-08T03:48+02:00,A16,L,11.7,2,speedlimit
2026-09-08T03:48+02:00,A16,R,33.778,1,lane_closed
2026-09-08T03:48+02:00,A13,g,18.7,2,speedlimit
2026-09-08T03:48+02:00,A15,L,65.685,2,speedlimit
2026-09-08T03:48+02:00,A15,L,61.01,3,speedlimit
2026-09-08T03:48+02:00,A20,L,31.4,2,speedlimit
2026-09-08T03:48+02:00,A4,g,46.485,1,speedlimit
2026-09-08T03:48+02:00,A16,R,30.05,2,lane_closed_ahead
2026-09-08T03:48+02:00,A16,L,14.32,1,speedlimit
2026-09-08T03:48+02:00,A4,n,43.673,2,speedlimit
2026-09-08T03:48+02:00,A16,L,48.875,1,speedlimit
2026-09-08T03:48+02:00,A15,L,62.43,3,speedlimit
2026-09-08T03:48+02:00,A13,L,13.7,3,speedlimit
2026-09-08T03:48+02:00,A16,R,34.068,2,lane_closed
2026-09-08T03:48+02:00,A13,L,15.9,3,lane_closed
2026-09-08T03:48+02:00,A15,h,61.01,2,speedlimit
2026-09-08T03:48+02:00,A15,n,61.39,1,lane_closed
2026-09-08T03:48+02:00,A15,y,62.82,2,speedlimit
2026-09-08T03:48+02:00,A13,R,16.2,1,speedlimit
2026-09-08T03:48+02:00,A15,y,63.3,2,speedlimit
2026-09-08T03:48+02:00,A16,L,12.63,2,speedlimit
2026-09-08T03:48+02:00,A16,L,47.41,1,speedlimit
2026-09-08T03:48+02:00,A13,R,18.5,2,speedlimit
2026-09-08T03:48+02:00,A20,L,30.196,1,speedlimit
2026-09-08T03:48+02:00,A16,R,33.778,2,lane_closed
2026-09-08T03:48+02:00,A16,L,13.19,1,speedlimit
2026-09-08T03:48+02:00,A16,d,10.6,2,speedlimit
2026-09-08T03:48+02:00,A20,R,27.79,1,speedlimit
2026-09-08T03:48+02:00,A20,L,29.826,1,speedlimit
2026-09-08T03:48+02:00,A16,L,12.91,2,speedlimit
2026-09-08T03:48+02:00,A16,R,30.05,4,speedlimit
2026-09-08T03:48+02:00,A20,R,28.41,2,speedlimit
2026-09-08T03:48+02:00,A13,L,15.9,2,speedlimit
2026-09-08T03:48+02:00,A16,L,14.17,1,speedlimit
2026-09-08T03:48+02:00,A16,R,29.28,4,speedlimit
2026-09-08T03:48+02:00,A4,L,42.775,3,lane_closed_ahead
2026-09-08T03:48+02:00,A15,y,62.82,3,speedlimit
2026-09-08T03:48+02:00,A16,n,34.13,1,speedlimit
2026-09-08T03:48+02:00,A13,L,13.7,1,lane_closed
2026-09-08T03:48+02:00,A20,R,29.1,1,speedlimit
2026-09-08T03:48+02:00,A15,L,60.62,1,speedlimit
2026-09-08T03:48+02:00,A16,L,48.54,2,speedlimit
2026-09-08T03:48+02:00,A16,m,33.778,2,speedlimit
2026-09-08T03:48+02:00,A13,R,17.8,1,speedlimit
2026-09-08T03:48+02:00,A20,R,28.41,1,speedlimit
2026-09-08T03:48+02:00,A13,L,15.55,3,speedlimit
2026-09-08T03:48+02:00,A20,R,31.9,2,speedlimit
2026-09-08T03:48+02:00,A16,L,10.09,4,speedlimit
2026-09-08T03:48+02:00,A20,L,31.1,3,speedlimit
2026-09-08T03:48+02:00,A16,L,8.65,1,lane_closed
2026-09-08T03:48+02:00,A16,L,49.78,1,speedlimit
2026-09-08T03:48+02:00,A20,R,27.488,2,speedlimit
2026-09-08T03:48+02:00,A20,t,28.895,1,speedlimit
2026-09-08T03:48+02:00,A20,L,32.8,1,speedlimit
2026-09-08T03:48+02:00,A20,R,28.8,2,speedlimit
2026-09-08T03:48+02:00,A16,R,35.325,4,lane_closed
2026-09-08T03:48+02:00,A16,L,5.6,1,lane_closed
2026-09-08T03:48+02:00,A20,L,31.1,1,speedlimit
2026-09-08T03:48+02:00,A13,L,16.19,3,lane_closed
2026-09-08T03:48+02:00,A13,L,15.035,5,lane_closed
2026-09-08T03:48+02:00,A16,R,32.76,2,lane_closed
2026-09-08T03:48+02:00,A16,R,34.178,2,lane_closed
2026-09-08T03:48+02:00,A15,L,61.94,2,speedlimit
2026-09-08T03:48+02:00,A16,R,32.518,3,speedlimit
2026-09-08T03:48+02:00,A20,L,27.8,1,speedlimit
2026-09-08T03:48+02:00,A16,R,35.325,3,lane_closed
2026-09-08T03:48+02:00,A16,R,29.28,3,speedlimit
2026-09-08T03:48+02:00,A16,L,14.32,2,speedlimit
2026-09-08T03:48+02:00,A16,R,32.933,2,lane_closed
2026-09-08T03:48+02:00,A20,R,29.1,2,speedlimit
2026-09-08T03:48+02:00,A16,L,13.61,2,speedlimit
2026-09-08T03:48+02:00,A16,R,28.78,1,speedlimit
2026-09-08T03:48+02:00,A16,R,45.39,3,speedlimit
2026-09-08T03:48+02:00,A13,g,18.7,1,speedlimit
2026-09-08T03:48+02:00,A16,L,13.33,1,speedlimit
2026-09-08T03:48+02:00,A16,L,8.65,4,lane_closed
2026-09-08T03:48+02:00,A20,R,28.57,2,speedlimit
2026-09-08T03:48+02:00,A16,L,9.75,1,lane_closed
2026-09-08T03:48+02:00,A20,R,26.64,2,speedlimit
2026-09-08T03:48+02:00,A4,L,41.6,1,speedlimit
2026-09-08T03:48+02:00,A15,L,64.2,3,speedlimit
2026-09-08T03:48+02:00,A16,L,5.6,2,lane_closed
2026-09-08T03:48+02:00,A20,L,29.1,1,speedlimit
2026-09-08T03:48+02:00,A13,L,18.2,1,speedlimit
2026-09-08T03:48+02:00,A15,L,64.67,2,speedlimit
2026-09-08T03:48+02:00,A13,L,12.7,4,lane_closed
2026-09-08T03:48+02:00,A20,L,31.88,2,speedlimit
2026-09-08T03:48+02:00,A13,L,19.7,2,speedlimit
2026-09-08T03:48+02:00,A16,L,49.78,3,speedlimit
2026-09-08T03:48+02:00,A4,g,47.0,2,lane_closed_ahead
2026-09-08T03:48+02:00,A16,R,32.933,3,speedlimit
2026-09-08T03:48+02:00,A20,L,28.085,2,speedlimit
2026-09-08T03:48+02:00,A16,m,33.609,2,speedlimit
2026-09-08T03:48+02:00,A13,L,15.035,4,speedlimit
2026-09-08T03:48+02:00,A20,R,30.6,3,speedlimit
2026-09-08T03:48+02:00,A20,L,35.52,1,lane_closed
2026-09-08T03:48+02:00,A20,R,29.8,2,speedlimit
2026-09-08T03:48+02:00,A16,R,35.66,1,lane_closed
2026-09-08T03:48+02:00,A15,L,64.2,1,lane_closed
2026-09-08T03:48+02:00,A20,R,27.235,2,speedlimit
2026-09-08T03:48+02:00,A4,L,43.18,1,speedlimit
2026-09-08T03:48+02:00,A20,L,37.3,1,lane_closed
2026-09-08T03:48+02:00,A13,R,18.2,1,speedlimit
2026-09-08T03:48+02:00,A16,R,31.25,2,lane_closed
2026-09-08T03:48+02:00,A16,L,10.09,1,lane_closed
2026-09-08T03:48+02:00,A15,L,65.25,1,lane_closed_ahead
2026-09-08T03:48+02:00,A15,e,95.55,1,speedlimit
2026-09-08T03:48+02:00,A13,L,15.55,2,lane_closed
2026-09-08T03:48+02:00,A13,e,19.1,1,speedlimit
2026-09-08T03:48+02:00,A13,L,15.55,4,speedlimit
2026-09-08T03:48+02:00,A16,R,28.78,4,speedlimit
2026-09-08T03:48+02:00,A16,L,14.46,1,speedlimit
2026-09-08T03:48+02:00,A16,n,34.335,2,speedlimit
2026-09-08T03:48+02:00,A16,L,7.9,2,lane_closed
2026-09-08T03:48+02:00,A13,L,17.8,3,speedlimit
2026-09-08T03:48+02:00,A16,R,31.74,1,lane_closed
2026-09-08T03:48+02:00,A4,L,41.6,2,speedlimit
2026-09-08T03:48+02:00,A16,L,12.35,2,speedlimit
2026-09-08T03:48+02:00,A20,R,31.26,1,speedlimit
2026-09-08T03:48+02:00,A16,L,11.7,3,speedlimit
2026-09-08T03:48+02:00,A16,L,14.03,1,speedlimit
2026-09-08T03:48+02:00,A16,R,45.39,1,speedlimit
2026-09-08T03:48+02:00,A4,L,42.775,1,speedlimit
2026-09-08T03:48+02:00,A16,L,8.65,3,lane_closed
2026-09-08T03:48+02:00,A13,L,13.7,2,speedlimit
2026-09-08T03:48+02:00,A13,L,15.9,1,speedlimit
2026-09-08T03:48+02:00,A16,R,30.71,3,speedlimit
2026-09-08T03:48+02:00,A20,L,29.826,3,speedlimit
2026-09-08T03:48+02:00,A16,R,30.71,1,lane_closed
2026-09-08T03:48+02:00,A4,L,42.19,2,speedlimit
2026-09-08T03:48+02:00,A4,h,45.58,3,lane_closed
2026-09-08T03:48+02:00,A20,L,29.5,1,speedlimit
2026-09-08T03:48+02:00,A16,R,44.26,2,speedlimit
2026-09-08T03:48+02:00,A20,R,28.8,3,speedlimit
2026-09-08T03:48+02:00,A20,R,29.5,1,speedlimit
2026-09-08T03:48+02:00,A16,m,33.609,1,speedlimit
2026-09-08T03:48+02:00,A16,L,10.6,1,lane_closed
2026-09-08T03:48+02:00,A16,R,33.135,3,speedlimit
2026-09-08T03:48+02:00,A16,L,7.15,3,lane_closed
2026-09-08T03:48+02:00,A13,L,11.25,4,lane_closed
2026-09-08T03:48+02:00,A20,L,30.9,1,speedlimit
2026-09-08T03:48+02:00,A16,R,46.43,1,speedlimit
2026-09-08T03:48+02:00,A13,L,14.2,2,speedlimit
2026-09-08T03:48+02:00,A4,L,43.18,4,lane_closed_ahead
2026-09-08T03:48+02:00,A16,R,32.518,2,lane_closed
2026-09-08T03:48+02:00,A13,R,18.2,4,speedlimit
2026-09-08T03:48+02:00,A16,R,32.22,4,speedlimit
2026-09-08T03:48+02:00,A16,L,8.65,2,lane_closed
2026-09-08T03:48+02:00,A16,L,12.07,1,speedlimit
2026-09-08T03:48+02:00,A16,R,33.609,1,lane_closed
2026-09-08T03:48+02:00,A15,L,61.01,1,speedlimit
2026-09-08T03:48+02:00,A13,R,18.7,1,speedlimit
2026-09-08T03:48+02:00,A15,L,64.67,5,speedlimit
2026-09-08T03:48+02:00,A16,R,30.05,3,speedlimit
2026-09-08T03:48+02:00,A15,n,95.855,1,speedlimit
2026-09-08T03:48+02:00,A16,n,34.6,1,speedlimit
2026-09-08T03:48+02:00,A20,c,27.488,1,speedlimit
2026-09-08T03:48+02:00,A20,R,31.9,3,speedlimit
2026-09-08T03:48+02:00,A16,d,10.6,1,speedlimit
2026-09-08T03:48+02:00,A13,R,16.655,3,speedlimit
2026-09-08T03:48+02:00,A15,y,62.82,1,lane_closed_ahead
2026-09-08T03:48+02:00,A20,L,29.1,2,speedlimit
2026-09-08T03:48+02:00,A16,R,32.76,1,lane_closed
2026-09-08T03:48+02:00,A15,L,63.56,1,lane_closed
2026-09-08T03:48+02:00,A16,R,44.26,1,speedlimit
2026-09-08T03:48+02:00,A20,R,29.8,3,speedlimit
2026-09-08T03:48+02:00,A13,L,18.2,2,speedlimit
2026-09-08T03:48+02:00,A20,R,26.4,3,speedlimit
2026-09-08T03:48+02:00,A16,L,12.21,1,speedlimit
2026-09-08T03:48+02:00,A16,L,46.935,1,speedlimit
2026-09-08T03:48+02:00,A16,L,13.33,2,speedlimit
2026-09-08T03:48+02:00,A16,L,47.41,4,lane_closed
2026-09-08T03:48+02:00,A16,L,12.21,2,speedlimit
2026-09-08T03:48+02:00,A20,R,26.93,1,speedlimit
2026-09-08T03:48+02:00,A15,R,37.8,2,speedlimit
2026-09-08T03:48+02:00,A16,n,33.784,2,speedlimit
2026-09-08T03:48+02:00,A15,y,62.635,1,lane_closed
2026-09-08T03:48+02:00,A15,L,61.39,2,speedlimit
2026-09-08T03:48+02:00,A20,R,26.4,2,speedlimit
2026-09-08T03:48+02:00,A15,L,62.768,2,speedlimit
2026-09-08T03:48+02:00,A16,n,34.018,2,speedlimit
2026-09-08T03:48+02:00,A15,L,63.56,3,speedlimit
2026-09-08T03:48+02:00,A20,L,27.488,2,speedlimit
2026-09-08T03:48+02:00,A15,n,61.78,1,lane_closed
2026-09-08T03:48+02:00,A20,L,30.196,3,speedlimit
2026-09-08T03:48+02:00,A4,h,46.06,1,speedlimit
2026-09-08T03:48+02:00,A4,L,42.19,1,speedlimit
2026-09-08T03:48+02:00,A15,L,61.94,1,speedlimit
2026-09-08T03:48+02:00,A20,L,28.41,1,speedlimit
2026-09-08T03:48+02:00,A13,L,13.18,4,lane_closed
2026-09-08T03:48+02:00,A16,L,47.41,3,speedlimit
2026-09-08T03:48+02:00,A13,L,17.8,2,speedlimit
2026-09-08T03:48+02:00,A16,m,33.778,1,speedlimit
2026-09-08T03:48+02:00,A16,R,28.78,3,speedlimit
2026-09-08T03:48+02:00,A16,R,30.71,2,lane_closed
2026-09-08T03:48+02:00,A16,R,44.26,3,speedlimit
2026-09-08T03:48+02:00,A16,L,46.935,3,speedlimit
2026-09-08T03:48+02:00,A20,R,28.57,1,speedlimit
2026-09-08T03:48+02:00,A20,R,30.196,4,speedlimit
2026-09-08T03:48+02:00,A13,L,15.035,2,lane_closed
2026-09-08T03:48+02:00,A16,L,11.2,2,speedlimit
2026-09-08T03:48+02:00,A20,t,29.6,2,speedlimit
2026-09-08T03:48+02:00,A20,L,38.3,1,lane_closed_ahead
2026-09-08T03:48+02:00,A15,L,64.67,4,speedlimit
2026-09-08T03:48+02:00,A16,L,11.7,1,lane_closed_ahead
2026-09-08T03:48+02:00,A15,L,65.685,1,speedlimit
2026-09-08T03:48+02:00,A16,L,50.38,2,speedlimit
2026-09-08T03:48+02:00,A15,L,64.67,1,lane_closed
2026-09-08T03:48+02:00,A16,L,48.03,2,speedlimit
2026-09-08T03:48+02:00,A16,L,12.77,2,speedlimit
2026-09-08T03:48+02:00,A16,R,31.74,3,speedlimit
2026-09-08T03:48+02:00,A20,R,26.93,2,speedlimit
2026-09-08T03:48+02:00,A20,L,30.9,3,speedlimit
2026-09-08T03:48+02:00,A13,L,18.8,3,speedlimit
2026-09-08T03:48+02:00,A15,R,37.8,1,speedlimit
2026-09-08T03:48+02:00,A20,L,37.8,1,lane_closed
2026-09-08T03:48+02:00,A20,R,28.8,1,speedlimit
2026-09-08T03:48+02:00,A16,b,32.5,1,speedlimit
2026-09-08T03:48+02:00,A16,L,6.29,2,lane_closed
2026-09-08T03:48+02:00,A4,L,42.19,3,lane_closed
2026-09-08T03:48+02:00,A15,L,61.39,3,speedlimit
2026-09-08T03:48+02:00,A16,R,35.66,2,lane_closed
2026-09-08T03:48+02:00,A15,L,60.62,2,speedlimit
2026-09-08T03:48+02:00,A16,r,25.0,1,speedlimit
2026-09-08T03:48+02:00,A13,L,18.8,1,speedlimit
2026-09-08T03:48+02:00,A13,L,14.2,1,lane_closed
2026-09-08T03:48+02:00,A4,h,46.4,2,speedlimit
2026-09-08T03:48+02:00,A16,L,11.2,1,lane_closed
2026-09-08T03:48+02:00,A16,R,34.832,3,lane_closed
2026-09-08T03:48+02:00,A13,R,16.2,2,speedlimit
2026-09-08T03:48+02:00,A16,R,33.848,2,lane_closed
2026-09-08T03:48+02:00,A16,L,12.77,1,speedlimit
2026-09-08T03:48+02:00,A16,L,46.935,4,lane_closed
2026-09-08T03:48+02:00,A16,R,46.13,3,speedlimit
2026-09-08T03:48+02:00,A20,L,31.4,3,speedlimit
2026-09-08T03:48+02:00,A16,R,31.25,3,speedlimit
2026-09-08T03:48+02:00,A15,L,61.01,2,speedlimit
2026-09-08T03:48+02:00,A15,L,62.43,2,speedlimit
2026-09-08T03:48+02:00,A4,g,47.0,3,speedlimit
2026-09-08T03:48+02:00,A20,L,30.196,4,speedlimit
2026-09-08T03:48+02:00,A13,L,14.2,3,speedlimit
2026-09-08T03:48+02:00,A16,R,46.13,2,speedlimit
2026-09-08T03:48+02:00,A16,n,34.225,2,speedlimit
2026-09-08T03:48+02:00,A13,R,18.2,2,speedlimit
2026-09-08T03:48+02:00,A15,n,61.78,2,speedlimit
2026-09-08T03:48+02:00,A16,L,13.89,2,speedlimit
2026-09-08T03:48+02:00,A16,L,47.41,2,speedlimit
2026-09-08T03:48+02:00,A13,L,17.8,1,speedlimit
2026-09-08T03:48+02:00,A16,L,13.75,2,speedlimit
2026-09-08T03:48+02:00,A16,R,46.43,3,speedlimit
2026-09-08T03:48+02:00,A20,R,29.8,1,speedlimit
2026-09-08T03:48+02:00,A16,R,33.135,1,lane_closed
2026-09-08T03:48+02:00,A20,R,31.26,2,speedlimit
2026-09-08T03:48+02:00,A15,L,61.94,3,speedlimit
2026-09-08T03:48+02:00,A16,L,7.9,1,lane_closed
2026-09-08T03:48+02:00,A15,R,37.8,3,speedlimit
2026-09-08T03:48+02:00,A15,y,62.635,2,speedlimit
2026-09-08T03:48+02:00,A20,R,31.26,3,speedlimit
2026-09-08T03:48+02:00,A4,L,41.6,3,lane_closed
2026-09-08T03:48+02:00,A20,R,26.64,3,speedlimit
2026-09-08T03:48+02:00,A16,L,10.6,2,speedlimit
2026-09-08T03:48+02:00,A20,R,26.64,4,speedlimit
2026-09-08T03:48+02:00,A20,R,26.4,1,speedlimit
2026-09-08T03:48+02:00,A13,R,17.1,1,speedlimit
2026-09-08T03:48+02:00,A20,R,29.5,3,speedlimit
2026-09-08T03:48+02:00,A16,n,34.335,1,speedlimit
2026-09-08T03:48+02:00,A16,R,46.43,2,speedlimit
2026-09-08T03:48+02:00,A16,R,32.76,3,speedlimit
2026-09-08T03:48+02:00,A16,R,30.71,4,speedlimit
2026-09-08T03:48+02:00,A13,L,13.7,4,lane_closed
2026-09-08T03:48+02:00,A15,L,63.56,2,speedlimit
2026-09-08T03:48+02:00,A13,L,14.2,4,lane_closed
2026-09-08T03:48+02:00,A4,h,46.4,1,speedlimit
2026-09-08T03:48+02:00,A16,R,31.74,2,lane_closed
2026-09-08T03:48+02:00,A20,t,29.6,1,speedlimit
2026-09-08T03:48+02:00,A16,R,33.43,1,lane_closed
2026-09-08T03:48+02:00,A16,L,9.75,2,lane_closed
2026-09-08T03:48+02:00,A15,L,65.685,4,speedlimit
2026-09-08T03:48+02:00,A20,R,29.8,4,speedlimit
2026-09-08T03:48+02:00,A16,R,34.068,1,lane_closed
2026-09-08T03:48+02:00,A13,R,18.7,2,speedlimit
2026-09-08T03:48+02:00,A16,m,33.43,2,speedlimit
2026-09-08T03:48+02:00,A16,L,49.78,2,speedlimit
2026-09-08T03:48+02:00,A16,L,12.63,1,speedlimit
2026-09-08T03:48+02:00,A16,L,13.05,1,speedlimit
2026-09-08T03:48+02:00,A20,R,27.488,1,speedlimit
2026-09-08T03:48+02:00,A16,L,48.03,3,speedlimit
2026-09-08T03:48+02:00,A4,g,47.0,1,speedlimit
2026-09-08T03:48+02:00,A16,L,14.03,2,speedlimit
2026-09-08T03:48+02:00,A15,n,61.39,2,speedlimit
2026-09-08T03:48+02:00,A16,L,13.75,1,speedlimit
2026-09-08T03:48+02:00,A16,m,33.43,1,speedlimit
2026-09-08T03:48+02:00,A16,L,14.46,2,speedlimit
2026-09-08T03:48+02:00,A20,R,29.5,2,speedlimit
2026-09-08T03:48+02:00,A20,L,27.2,2,speedlimit
2026-09-08T03:48+02:00,A16,R,32.518,1,lane_closed
2026-09-08T03:48+02:00,A13,R,18.963,1,speedlimit
2026-09-08T03:48+02:00,A15,n,62.25,1,lane_closed
2026-09-08T03:48+02:00,A13,L,17.1,1,speedlimit
2026-09-08T03:48+02:00,A15,L,61.39,4,lane_closed
2026-09-08T03:48+02:00,A16,R,31.25,1,lane_closed
2026-09-08T03:48+02:00,A20,L,31.88,3,speedlimit
2026-09-08T03:48+02:00,A13,L,19.7,1,speedlimit
2026-09-08T03:48+02:00,A16,R,34.832,2,lane_closed
2026-09-08T03:48+02:00,A13,L,17.1,4,speedlimit
2026-09-08T03:48+02:00,A4,L,42.775,4,lane_closed
2026-09-08T03:48+02:00,A16,n,33.904,1,speedlimit
2026-09-08T03:48+02:00,A13,R,16.655,2,speedlimit
2026-09-08T03:48+02:00,A16,L,12.49,1,speedlimit
2026-09-08T03:48+02:00,A13,L,15.55,5,lane_closed
2026-09-08T03:48+02:00,A16,n,34.44,1,speedlimit
2026-09-08T03:48+02:00,A15,L,60.62,3,speedlimit
2026-09-08T03:48+02:00,A16,L,50.38,3,speedlimit
2026-09-08T03:48+02:00,A16,n,33.61,3,lane_closed
2026-09-08T03:48+02:00,A16,n,34.13,2,speedlimit
2026-09-08T03:48+02:00,A20,L,32.8,3,speedlimit
2026-09-08T03:48+02:00,A16,L,9.35,1,lane_closed
2026-09-08T03:48+02:00,A16,R,29.28,1,lane_closed_ahead
2026-09-08T03:48+02:00,A20,R,30.196,1,speedlimit
2026-09-08T03:48+02:00,A15,L,61.94,4,lane_closed
2026-09-08T03:48+02:00,A16,L,9.75,4,speedlimit
2026-09-08T03:48+02:00,A20,L,29.826,4,speedlimit
2026-09-08T03:48+02:00,A16,R,32.933,4,speedlimit
2026-09-08T03:48+02:00,A16,L,13.61,1,speedlimit
2026-09-08T03:48+02:00,A15,L,61.01,4,lane_closed
2026-09-08T03:48+02:00,A16,L,6.29,1,lane_closed
2026-09-08T03:48+02:00,A16,R,29.28,2,speedlimit
2026-09-08T03:48+02:00,A20,s,29.6,1,speedlimit
2026-09-08T03:48+02:00,A20,L,28.57,2,speedlimit
2026-09-08T03:48+02:00,A20,R,30.6,2,speedlimit
2026-09-08T03:48+02:00,A16,R,29.28,6,speedlimit
2026-09-08T03:48+02:00,A15,L,65.25,3,speedlimit
2026-09-08T03:48+02:00,A13,L,17.1,2,speedlimit
2026-09-08T03:48+02:00,A20,L,28.57,3,speedlimit
2026-09-08T03:48+02:00,A16,R,34.304,1,lane_closed
2026-09-08T03:48+02:00,A15,L,64.67,3,speedlimit
2026-09-08T03:48+02:00,A20,R,26.4,4,speedlimit
2026-09-08T03:48+02:00,A20,R,30.196,2,speedlimit
2026-09-08T03:48+02:00,A13,R,17.8,3,speedlimit
2026-09-08T03:48+02:00,A16,R,32.22,1,lane_closed
2026-09-08T03:48+02:00,A4,L,43.18,3,speedlimit
2026-09-08T03:48+02:00,A15,n,95.855,2,speedlimit
2026-09-08T04:49+02:00,A13,L,16.7,1,speedlimit
2026-09-08T04:49+02:00,A15,y,47.092,2,speedlimit
2026-09-08T04:49+02:00,A16,n,34.44,2,speedlimit
2026-09-08T04:49+02:00,A20,L,30.196,2,speedlimit
2026-09-08T04:49+02:00,A13,R,16.655,1,speedlimit
2026-09-08T04:49+02:00,A13,R,17.1,2,speedlimit
2026-09-08T04:49+02:00,A16,n,33.784,1,speedlimit
2026-09-08T04:49+02:00,A4,L,42.19,4,lane_closed
2026-09-08T04:49+02:00,A16,n,34.6,2,speedlimit
2026-09-08T04:49+02:00,A16,L,50.38,1,speedlimit
2026-09-08T04:49+02:00,A4,L,43.18,2,speedlimit
2026-09-08T04:49+02:00,A13,R,18.5,1,speedlimit
2026-09-08T04:49+02:00,A20,L,29.5,2,speedlimit
2026-09-08T04:49+02:00,A13,R,18.5,4,speedlimit
2026-09-08T04:49+02:00,A16,L,48.875,2,speedlimit
2026-09-08T04:49+02:00,A13,R,18.2,3,speedlimit
2026-09-08T04:49+02:00,A20,R,28.1,1,speedlimit
2026-09-08T04:49+02:00,A20,R,30.196,3,speedlimit
2026-09-08T04:49+02:00,A16,n,33.904,2,speedlimit
2026-09-08T04:49+02:00,A20,L,36.94,1,lane_closed
2026-09-08T04:49+02:00,A4,R,2.367,4,lane_closed
2026-09-08T04:49+02:00,A16,L,46.935,2,speedlimit
2026-09-08T04:49+02:00,A15,n,95.855,3,speedlimit
2026-09-08T04:49+02:00,A13,R,17.8,2,speedlimit
2026-09-08T04:49+02:00,A20,s,29.6,2,speedlimit
2026-09-08T04:49+02:00,A15,L,65.25,2,speedlimit
2026-09-08T04:49+02:00,A15,L,65.685,3,speedlimit
2026-09-08T04:49+02:00,A15,y,47.43,2,speedlimit
2026-09-08T04:49+02:00,A15,x,46.135,3,speedlimit
2026-09-08T04:49+02:00,A20,R,26.93,4,speedlimit
2026-09-08T04:49+02:00,A20,R,28.57,3,speedlimit
2026-09-08T04:49+02:00,A4,g,46.485,2,speedlimit
2026-09-08T04:49+02:00,A4,L,2.447,4,lane_closed
2026-09-08T04:49+02:00,A13,L,18.8,2,speedlimit
2026-09-08T04:49+02:00,A20,R,27.235,1,speedlimit
2026-09-08T04:49+02:00,A20,L,28.41,2,speedlimit
2026-09-08T04:49+02:00,A20,R,27.79,2,speedlimit
2026-09-08T04:49+02:00,A16,R,45.39,2,speedlimit
2026-09-08T04:49+02:00,A13,R,18.5,3,speedlimit
2026-09-08T04:49+02:00,A20,R,28.57,4,speedlimit
2026-09-08T04:49+02:00,A20,R,31.26,4,speedlimit
2026-09-08T04:49+02:00,A20,L,29.826,2,speedlimit
2026-09-08T04:49+02:00,A20,L,35.925,1,lane_closed
2026-09-08T04:49+02:00,A16,n,33.61,1,speedlimit
2026-09-08T04:49+02:00,A20,L,28.57,1,speedlimit
2026-09-08T04:49+02:00,A4,n,43.673,1,speedlimit
2026-09-08T04:49+02:00,A20,R,29.5,4,speedlimit
2026-09-08T04:49+02:00,A15,x,46.135,1,speedlimit
2026-09-08T04:49+02:00,A16,L,48.875,3,speedlimit
2026-09-08T04:49+02:00,A4,g,46.485,3,speedlimit
2026-09-08T04:49+02:00,A20,R,28.1,2,speedlimit
2026-09-08T04:49+02:00,A20,R,26.64,1,speedlimit
2026-09-08T04:49+02:00,A15,L,64.2,2,speedlimit
2026-09-08T04:49+02:00,A4,L,41.6,4,lane_closed
2026-09-08T04:49+02:00,A20,L,32.8,2,speedlimit
2026-09-08T04:49+02:00,A16,L,48.03,1,speedlimit
2026-09-08T04:49+02:00,A15,L,65.25,4,speedlimit
2026-09-08T04:49+02:00,A13,L,17.1,3,speedlimit
2026-09-08T04:49+02:00,A16,R,46.13,1,speedlimit
2026-09-08T04:49+02:00,A20,L,36.625,1,lane_closed
2026-09-08T04:49+02:00,A20,L,27.488,1,speedlimit
2026-09-08T04:49+02:00,A16,n,34.018,1,speedlimit
2026-09-08T04:49+02:00,A20,L,27.2,1,speedlimit
2026-09-08T04:49+02:00,A4,h,46.06,2,speedlimit
2026-09-08T04:49+02:00,A20,L,27.8,2,speedlimit
2026-09-08T04:49+02:00,A16,n,33.61,2,speedlimit
2026-09-08T04:49+02:00,A13,L,18.2,3,speedlimit
2026-09-08T04:49+02:00,A16,L,48.54,1,speedlimit
2026-09-08T04:49+02:00,A20,L,31.88,1,speedlimit
2026-09-08T04:49+02:00,A13,L,16.7,2,speedlimit
2026-09-08T04:49+02:00,A20,L,30.9,2,speedlimit
2026-09-08T04:49+02:00,A16,n,34.225,1,speedlimit
2026-09-08T04:49+02:00,A16,L,48.54,3,speedlimit
2026-09-08T04:49+02:00,A20,L,28.085,1,speedlimit
2026-09-08T04:49+02:00,A20,R,30.6,1,speedlimit
2026-09-08T04:49+02:00,A13,R,17.1,3,speedlimit
2026-09-08T04:49+02:00,A20,R,26.93,3,speedlimit
2026-09-08T04:49+02:00,A20,L,31.4,1,speedlimit
2026-09-08T04:49+02:00,A4,L,42.775,2,speedlimit
2026-09-08T04:49+02:00,A20,L,31.1,2,speedlimit
2026-09-08T04:49+02:00,A13,g,18.7,2,speedlimit
2026-09-08T04:49+02:00,A15,L,65.685,2,speedlimit
2026-09-08T04:49+02:00,A20,L,31.4,2,speedlimit
2026-09-08T04:49+02:00,A4,g,46.485,1,speedlimit
2026-09-08T04:49+02:00,A4,n,43.673,2,speedlimit
2026-09-08T04:49+02:00,A16,L,48.875,1,speedlimit
2026-09-08T04:49+02:00,A15,y,47.43,3,speedlimit
2026-09-08T04:49+02:00,A13,L,15.9,3,lane_closed
2026-09-08T04:49+02:00,A13,R,16.2,1,speedlimit
2026-09-08T04:49+02:00,A16,L,47.41,1,speedlimit
2026-09-08T04:49+02:00,A13,R,18.5,2,speedlimit
2026-09-08T04:49+02:00,A20,L,30.196,1,speedlimit
2026-09-08T04:49+02:00,A20,R,27.79,1,speedlimit
2026-09-08T04:49+02:00,A20,L,29.826,1,speedlimit
2026-09-08T04:49+02:00,A20,R,28.41,2,speedlimit
2026-09-08T04:49+02:00,A4,L,42.775,3,lane_closed_ahead
2026-09-08T04:49+02:00,A16,n,34.13,1,speedlimit
2026-09-08T04:49+02:00,A20,R,29.1,1,speedlimit
2026-09-08T04:49+02:00,A16,L,48.54,2,speedlimit
2026-09-08T04:49+02:00,A13,R,17.8,1,speedlimit
2026-09-08T04:49+02:00,A20,R,28.41,1,speedlimit
2026-09-08T04:49+02:00,A20,R,31.9,2,speedlimit
2026-09-08T04:49+02:00,A20,L,31.1,3,speedlimit
2026-09-08T04:49+02:00,A16,L,49.78,1,speedlimit
2026-09-08T04:49+02:00,A20,R,27.488,2,speedlimit
2026-09-08T04:49+02:00,A20,t,28.895,1,speedlimit
2026-09-08T04:49+02:00,A20,L,32.8,1,speedlimit
2026-09-08T04:49+02:00,A20,R,28.8,2,speedlimit
2026-09-08T04:49+02:00,A20,L,31.1,1,speedlimit
2026-09-08T04:49+02:00,A13,L,16.19,3,lane_closed
2026-09-08T04:49+02:00,A13,L,15.035,5,lane_closed
2026-09-08T04:49+02:00,A20,L,27.8,1,speedlimit
2026-09-08T04:49+02:00,A20,R,29.1,2,speedlimit
2026-09-08T04:49+02:00,A16,R,45.39,3,speedlimit
2026-09-08T04:49+02:00,A13,g,18.7,1,speedlimit
2026-09-08T04:49+02:00,A20,R,28.57,2,speedlimit
2026-09-08T04:49+02:00,A20,R,26.64,2,speedlimit
2026-09-08T04:49+02:00,A4,L,41.6,1,speedlimit
2026-09-08T04:49+02:00,A15,L,64.2,3,speedlimit
2026-09-08T04:49+02:00,A20,L,29.1,1,speedlimit
2026-09-08T04:49+02:00,A13,L,18.2,1,speedlimit
2026-09-08T04:49+02:00,A15,L,64.67,2,speedlimit
2026-09-08T04:49+02:00,A13,L,12.7,4,lane_closed
2026-09-08T04:49+02:00,A20,L,31.88,2,speedlimit
2026-09-08T04:49+02:00,A13,L,19.7,2,speedlimit
2026-09-08T04:49+02:00,A16,L,49.78,3,speedlimit
2026-09-08T04:49+02:00,A4,g,47.0,2,lane_closed_ahead
2026-09-08T04:49+02:00,A20,L,28.085,2,speedlimit
2026-09-08T04:49+02:00,A15,x,46.135,2,speedlimit
2026-09-08T04:49+02:00,A20,R,30.6,3,speedlimit
2026-09-08T04:49+02:00,A20,L,35.52,1,lane_closed
2026-09-08T04:49+02:00,A20,R,29.8,2,speedlimit
2026-09-08T04:49+02:00,A15,L,64.2,1,lane_closed
2026-09-08T04:49+02:00,A20,R,27.235,2,speedlimit
2026-09-08T04:49+02:00,A4,L,43.18,1,speedlimit
2026-09-08T04:49+02:00,A20,L,37.3,1,lane_closed
2026-09-08T04:49+02:00,A13,R,18.2,1,speedlimit
2026-09-08T04:49+02:00,A15,L,65.25,1,lane_closed_ahead
2026-09-08T04:49+02:00,A15,e,95.55,1,speedlimit
2026-09-08T04:49+02:00,A13,e,19.1,1,speedlimit
2026-09-08T04:49+02:00,A16,n,34.335,2,speedlimit
2026-09-08T04:49+02:00,A13,L,17.8,3,speedlimit
2026-09-08T04:49+02:00,A4,L,41.6,2,speedlimit
2026-09-08T04:49+02:00,A20,R,31.26,1,speedlimit
2026-09-08T04:49+02:00,A16,R,45.39,1,speedlimit
2026-09-08T04:49+02:00,A4,L,42.775,1,speedlimit
2026-09-08T04:49+02:00,A15,y,47.092,1,speedlimit
2026-09-08T04:49+02:00,A20,L,29.826,3,speedlimit
2026-09-08T04:49+02:00,A4,L,42.19,2,speedlimit
2026-09-08T04:49+02:00,A4,h,45.58,3,lane_closed
2026-09-08T04:49+02:00,A20,L,29.5,1,speedlimit
2026-09-08T04:49+02:00,A16,R,44.26,2,speedlimit
2026-09-08T04:49+02:00,A20,R,28.8,3,speedlimit
2026-09-08T04:49+02:00,A20,R,29.5,1,speedlimit
2026-09-08T04:49+02:00,A13,L,11.25,4,lane_closed
2026-09-08T04:49+02:00,A20,L,30.9,1,speedlimit
2026-09-08T04:49+02:00,A16,R,46.43,1,speedlimit
2026-09-08T04:49+02:00,A4,L,43.18,4,lane_closed_ahead
2026-09-08T04:49+02:00,A13,R,18.2,4,speedlimit
2026-09-08T04:49+02:00,A15,r,45.853,2,speedlimit
2026-09-08T04:49+02:00,A13,R,18.7,1,speedlimit
2026-09-08T04:49+02:00,A15,L,64.67,5,speedlimit
2026-09-08T04:49+02:00,A15,n,95.855,1,speedlimit
2026-09-08T04:49+02:00,A16,n,34.6,1,speedlimit
2026-09-08T04:49+02:00,A20,c,27.488,1,speedlimit
2026-09-08T04:49+02:00,A20,R,31.9,3,speedlimit
2026-09-08T04:49+02:00,A13,R,16.655,3,speedlimit
2026-09-08T04:49+02:00,A20,L,29.1,2,speedlimit
2026-09-08T04:49+02:00,A15,L,63.56,1,lane_closed
2026-09-08T04:49+02:00,A16,R,44.26,1,speedlimit
2026-09-08T04:49+02:00,A20,R,29.8,3,speedlimit
2026-09-08T04:49+02:00,A13,L,18.2,2,speedlimit
2026-09-08T04:49+02:00,A20,R,26.4,3,speedlimit
2026-09-08T04:49+02:00,A16,L,46.935,1,speedlimit
2026-09-08T04:49+02:00,A16,L,47.41,4,lane_closed
2026-09-08T04:49+02:00,A20,R,26.93,1,speedlimit
2026-09-08T04:49+02:00,A15,R,37.8,2,speedlimit
2026-09-08T04:49+02:00,A16,n,33.784,2,speedlimit
2026-09-08T04:49+02:00,A20,R,26.4,2,speedlimit
2026-09-08T04:49+02:00,A16,n,34.018,2,speedlimit
2026-09-08T04:49+02:00,A15,L,63.56,3,speedlimit
2026-09-08T04:49+02:00,A20,L,27.488,2,speedlimit
2026-09-08T04:49+02:00,A20,L,30.196,3,speedlimit
2026-09-08T04:49+02:00,A4,h,46.06,1,speedlimit
2026-09-08T04:49+02:00,A4,L,42.19,1,speedlimit
2026-09-08T04:49+02:00,A20,L,28.41,1,speedlimit
2026-09-08T04:49+02:00,A13,L,13.18,4,lane_closed
2026-09-08T04:49+02:00,A16,L,47.41,3,speedlimit
2026-09-08T04:49+02:00,A13,L,17.8,2,speedlimit
2026-09-08T04:49+02:00,A15,x,45.853,1,speedlimit
2026-09-08T04:49+02:00,A16,R,44.26,3,speedlimit
2026-09-08T04:49+02:00,A16,L,46.935,3,speedlimit
2026-09-08T04:49+02:00,A20,R,28.57,1,speedlimit
2026-09-08T04:49+02:00,A20,R,30.196,4,speedlimit
2026-09-08T04:49+02:00,A20,t,29.6,2,speedlimit
2026-09-08T04:49+02:00,A20,L,38.3,1,lane_closed_ahead
2026-09-08T04:49+02:00,A15,L,64.67,4,speedlimit
2026-09-08T04:49+02:00,A15,L,65.685,1,speedlimit
2026-09-08T04:49+02:00,A16,L,50.38,2,speedlimit
2026-09-08T04:49+02:00,A15,L,64.67,1,lane_closed
2026-09-08T04:49+02:00,A15,r,45.853,1,speedlimit
2026-09-08T04:49+02:00,A16,L,48.03,2,speedlimit
2026-09-08T04:49+02:00,A20,R,26.93,2,speedlimit
2026-09-08T04:49+02:00,A20,L,30.9,3,speedlimit
2026-09-08T04:49+02:00,A13,L,18.8,3,speedlimit
2026-09-08T04:49+02:00,A15,R,37.8,1,speedlimit
2026-09-08T04:49+02:00,A20,L,37.8,1,lane_closed
2026-09-08T04:49+02:00,A20,R,28.8,1,speedlimit
2026-09-08T04:49+02:00,A4,L,42.19,3,lane_closed
2026-09-08T04:49+02:00,A13,L,18.8,1,speedlimit
2026-09-08T04:49+02:00,A4,h,46.4,2,speedlimit
2026-09-08T04:49+02:00,A13,R,16.2,2,speedlimit
2026-09-08T04:49+02:00,A16,L,46.935,4,lane_closed
2026-09-08T04:49+02:00,A16,R,46.13,3,speedlimit
2026-09-08T04:49+02:00,A20,L,31.4,3,speedlimit
2026-09-08T04:49+02:00,A4,g,47.0,3,speedlimit
2026-09-08T04:49+02:00,A20,L,30.196,4,speedlimit
2026-09-08T04:49+02:00,A16,R,46.13,2,speedlimit
2026-09-08T04:49+02:00,A16,n,34.225,2,speedlimit
2026-09-08T04:49+02:00,A13,R,18.2,2,speedlimit
2026-09-08T04:49+02:00,A16,L,47.41,2,speedlimit
2026-09-08T04:49+02:00,A13,L,17.8,1,speedlimit
2026-09-08T04:49+02:00,A16,R,46.43,3,speedlimit
2026-09-08T04:49+02:00,A20,R,29.8,1,speedlimit
2026-09-08T04:49+02:00,A20,R,31.26,2,speedlimit
2026-09-08T04:49+02:00,A15,R,37.8,3,speedlimit
2026-09-08T04:49+02:00,A20,R,31.26,3,speedlimit
2026-09-08T04:49+02:00,A4,L,41.6,3,lane_closed
2026-09-08T04:49+02:00,A20,R,26.64,3,speedlimit
2026-09-08T04:49+02:00,A20,R,26.64,4,speedlimit
2026-09-08T04:49+02:00,A15,y,47.43,1,speedlimit
2026-09-08T04:49+02:00,A20,R,26.4,1,speedlimit
2026-09-08T04:49+02:00,A13,R,17.1,1,speedlimit
2026-09-08T04:49+02:00,A20,R,29.5,3,speedlimit
2026-09-08T04:49+02:00,A16,n,34.335,1,speedlimit
2026-09-08T04:49+02:00,A16,R,46.43,2,speedlimit
2026-09-08T04:49+02:00,A13,L,13.7,4,lane_closed
2026-09-08T04:49+02:00,A15,L,63.56,2,speedlimit
2026-09-08T04:49+02:00,A13,L,14.2,4,lane_closed
2026-09-08T04:49+02:00,A4,h,46.4,1,speedlimit
2026-09-08T04:49+02:00,A20,t,29.6,1,speedlimit
2026-09-08T04:49+02:00,A15,L,65.685,4,speedlimit
2026-09-08T04:49+02:00,A20,R,29.8,4,speedlimit
2026-09-08T04:49+02:00,A13,R,18.7,2,speedlimit
2026-09-08T04:49+02:00,A16,L,49.78,2,speedlimit
2026-09-08T04:49+02:00,A20,R,27.488,1,speedlimit
2026-09-08T04:49+02:00,A16,L,48.03,3,speedlimit
2026-09-08T04:49+02:00,A4,g,47.0,1,speedlimit
2026-09-08T04:49+02:00,A20,R,29.5,2,speedlimit
2026-09-08T04:49+02:00,A20,L,27.2,2,speedlimit
2026-09-08T04:49+02:00,A13,R,18.963,1,speedlimit
2026-09-08T04:49+02:00,A13,L,17.1,1,speedlimit
2026-09-08T04:49+02:00,A20,L,31.88,3,speedlimit
2026-09-08T04:49+02:00,A13,L,19.7,1,speedlimit
2026-09-08T04:49+02:00,A13,L,17.1,4,speedlimit
2026-09-08T04:49+02:00,A4,L,42.775,4,lane_closed
2026-09-08T04:49+02:00,A16,n,33.904,1,speedlimit
2026-09-08T04:49+02:00,A13,R,16.655,2,speedlimit
2026-09-08T04:49+02:00,A13,L,15.55,5,lane_closed
2026-09-08T04:49+02:00,A16,n,34.44,1,speedlimit
2026-09-08T04:49+02:00,A16,L,50.38,3,speedlimit
2026-09-08T04:49+02:00,A16,n,33.61,3,lane_closed
2026-09-08T04:49+02:00,A16,n,34.13,2,speedlimit
2026-09-08T04:49+02:00,A20,L,32.8,3,speedlimit
2026-09-08T04:49+02:00,A20,R,30.196,1,speedlimit
2026-09-08T04:49+02:00,A20,L,29.826,4,speedlimit
2026-09-08T04:49+02:00,A20,s,29.6,1,speedlimit
2026-09-08T04:49+02:00,A20,L,28.57,2,speedlimit
2026-09-08T04:49+02:00,A20,R,30.6,2,speedlimit
2026-09-08T04:49+02:00,A15,L,65.25,3,speedlimit
2026-09-08T04:49+02:00,A13,L,17.1,2,speedlimit
2026-09-08T04:49+02:00,A20,L,28.57,3,speedlimit
2026-09-08T04:49+02:00,A15,L,64.67,3,speedlimit
2026-09-08T04:49+02:00,A20,R,26.4,4,speedlimit
2026-09-08T04:49+02:00,A20,R,30.196,2,speedlimit
2026-09-08T04:49+02:00,A13,R,17.8,3,speedlimit
2026-09-08T04:49+02:00,A4,L,43.18,3,speedlimit
2026-09-08T04:49+02:00,A15,n,95.855,2,speedlimit
2026-09-08T06:48+02:00,A16,L,33.125,1,speedlimit
2026-09-08T06:48+02:00,A15,L,38.36,2,speedlimit
2026-09-08T06:48+02:00,A13,L,16.7,1,speedlimit
2026-09-08T06:48+02:00,A15,y,47.092,2,speedlimit
2026-09-08T06:48+02:00,A20,R,40.2,3,speedlimit
2026-09-08T06:48+02:00,A15,L,35.19,1,speedlimit
2026-09-08T06:48+02:00,A15,L,37.389,1,speedlimit
2026-09-08T06:48+02:00,A15,L,76.31,1,speedlimit
2026-09-08T06:48+02:00,A15,L,75.375,4,speedlimit
2026-09-08T06:48+02:00,A15,L,36.658,2,speedlimit
2026-09-08T06:48+02:00,A4,L,36.73,3,speedlimit
2026-09-08T06:48+02:00,A16,n,34.44,2,speedlimit
2026-09-08T06:48+02:00,A4,n,12.498,2,speedlimit
2026-09-08T06:48+02:00,A20,R,25.3,1,speedlimit
2026-09-08T06:48+02:00,A4,L,37.53,5,speedlimit
2026-09-08T06:48+02:00,A4,L,44.62,1,speedlimit
2026-09-08T06:48+02:00,A20,L,30.196,2,speedlimit
2026-09-08T06:48+02:00,A4,n,12.498,1,speedlimit
2026-09-08T06:48+02:00,A20,R,25.7,2,speedlimit
2026-09-08T06:48+02:00,A16,L,41.96,3,speedlimit
2026-09-08T06:48+02:00,A13,R,16.655,1,speedlimit
2026-09-08T06:48+02:00,A13,R,17.1,2,speedlimit
2026-09-08T06:48+02:00,A15,L,34.45,2,speedlimit
2026-09-08T06:48+02:00,A4,n,12.975,2,speedlimit
2026-09-08T06:48+02:00,A16,n,33.784,1,speedlimit
2026-09-08T06:48+02:00,A15,k,70.5,2,speedlimit
2026-09-08T06:48+02:00,A15,L,43.46,2,speedlimit
2026-09-08T06:48+02:00,A15,L,74.625,2,speedlimit
2026-09-08T06:48+02:00,A16,r,23.918,2,speedlimit
2026-09-08T06:48+02:00,A16,n,34.6,2,speedlimit
2026-09-08T06:48+02:00,A15,R,83.55,3,speedlimit
2026-09-08T06:48+02:00,A15,L,44.56,2,speedlimit
2026-09-08T06:48+02:00,A15,L,53.89,2,speedlimit
2026-09-08T06:48+02:00,A15,L,77.045,4,speedlimit
2026-09-08T06:48+02:00,A15,L,37.199,3,speedlimit
2026-09-08T06:48+02:00,A4,L,25.35,3,speedlimit
2026-09-08T06:48+02:00,A15,y,62.635,3,speedlimit
2026-09-08T06:48+02:00,A13,R,18.5,1,speedlimit
2026-09-08T06:48+02:00,A4,L,49.37,1,speedlimit
2026-09-08T06:48+02:00,A15,L,73.25,1,speedlimit
2026-09-08T06:48+02:00,A20,L,29.5,2,speedlimit
2026-09-08T06:48+02:00,A15,L,53.89,1,speedlimit
2026-09-08T06:48+02:00,A15,L,74.275,3,speedlimit
2026-09-08T06:48+02:00,A4,L,37.53,3,speedlimit
2026-09-08T06:48+02:00,A15,L,37.199,1,speedlimit
2026-09-08T06:48+02:00,A13,R,18.5,4,speedlimit
2026-09-08T06:48+02:00,A20,R,42.485,2,speedlimit
2026-09-08T06:48+02:00,A13,R,18.2,3,speedlimit
2026-09-08T06:48+02:00,A20,R,28.1,1,speedlimit
2026-09-08T06:48+02:00,A20,R,30.196,3,speedlimit
2026-09-08T06:48+02:00,A15,L,73.25,2,speedlimit
2026-09-08T06:48+02:00,A16,n,33.904,2,speedlimit
2026-09-08T06:48+02:00,A15,L,73.25,3,speedlimit
2026-09-08T06:48+02:00,A4,R,2.367,4,lane_closed
2026-09-08T06:48+02:00,A15,L,36.999,3,speedlimit
2026-09-08T06:48+02:00,A15,L,76.745,2,speedlimit
2026-09-08T06:48+02:00,A15,n,95.855,3,speedlimit
2026-09-08T06:48+02:00,A15,L,75.075,1,speedlimit
2026-09-08T06:48+02:00,A4,L,50.798,3,speedlimit
2026-09-08T06:48+02:00,A13,R,17.8,2,speedlimit
2026-09-08T06:48+02:00,A16,L,35.205,4,speedlimit
2026-09-08T06:48+02:00,A20,s,29.6,2,speedlimit
2026-09-08T06:48+02:00,A15,L,65.25,2,speedlimit
2026-09-08T06:48+02:00,A15,L,65.685,3,speedlimit
2026-09-08T06:48+02:00,A15,y,47.43,2,speedlimit
2026-09-08T06:48+02:00,A16,L,34.335,1,speedlimit
2026-09-08T06:48+02:00,A15,x,46.135,3,speedlimit
2026-09-08T06:48+02:00,A20,R,26.93,4,speedlimit
2026-09-08T06:48+02:00,A20,R,28.57,3,speedlimit
2026-09-08T06:48+02:00,A15,L,70.95,3,speedlimit
2026-09-08T06:48+02:00,A16,L,43.69,1,speedlimit
2026-09-08T06:48+02:00,A16,L,34.018,1,speedlimit
2026-09-08T06:48+02:00,A13,L,18.8,2,speedlimit
2026-09-08T06:48+02:00,A20,R,27.235,1,speedlimit
2026-09-08T06:48+02:00,A20,R,39.515,2,speedlimit
2026-09-08T06:48+02:00,A20,L,28.41,2,speedlimit
2026-09-08T06:48+02:00,A4,L,25.35,1,speedlimit
2026-09-08T06:48+02:00,A20,R,27.79,2,speedlimit
2026-09-08T06:48+02:00,A16,L,32.396,3,speedlimit
2026-09-08T06:48+02:00,A15,L,38.71,3,speedlimit
2026-09-08T06:48+02:00,A13,R,18.5,3,speedlimit
2026-09-08T06:48+02:00,A20,R,28.57,4,speedlimit
2026-09-08T06:48+02:00,A20,R,31.26,4,speedlimit
2026-09-08T06:48+02:00,A20,L,29.826,2,speedlimit
2026-09-08T06:48+02:00,A16,n,33.61,1,speedlimit
2026-09-08T06:48+02:00,A4,L,25.95,3,speedlimit
2026-09-08T06:48+02:00,A20,L,28.57,1,speedlimit
2026-09-08T06:48+02:00,A16,L,31.805,2,speedlimit
2026-09-08T06:48+02:00,A4,L,24.75,1,speedlimit
2026-09-08T06:48+02:00,A15,R,83.55,2,speedlimit
2026-09-08T06:48+02:00,A16,n,33.354,2,speedlimit
2026-09-08T06:48+02:00,A4,L,48.79,2,speedlimit
2026-09-08T06:48+02:00,A20,R,29.5,4,speedlimit
2026-09-08T06:48+02:00,A4,L,49.84,1,speedlimit
2026-09-08T06:48+02:00,A15,x,46.135,1,speedlimit
2026-09-08T06:48+02:00,A16,R,23.2,2,speedlimit
2026-09-08T06:48+02:00,A15,L,73.755,1,speedlimit
2026-09-08T06:48+02:00,A15,L,72.96,1,speedlimit
2026-09-08T06:48+02:00,A15,L,72.58,2,speedlimit
2026-09-08T06:48+02:00,A16,L,34.6,1,speedlimit
2026-09-08T06:48+02:00,A20,R,28.1,2,speedlimit
2026-09-08T06:48+02:00,A20,R,26.64,1,speedlimit
2026-09-08T06:48+02:00,A16,L,32.396,1,speedlimit
2026-09-08T06:48+02:00,A16,R,22.7,5,speedlimit
2026-09-08T06:48+02:00,A20,R,25.7,3,speedlimit
2026-09-08T06:48+02:00,A15,L,64.2,2,speedlimit
2026-09-08T06:48+02:00,A15,L,38.99,1,speedlimit
2026-09-08T06:48+02:00,A4,L,46.27,2,speedlimit
2026-09-08T06:48+02:00,A4,L,50.798,4,speedlimit
2026-09-08T06:48+02:00,A15,L,74.085,3,speedlimit
2026-09-08T06:48+02:00,A20,L,32.8,2,speedlimit
2026-09-08T06:48+02:00,A16,L,30.73,4,speedlimit
2026-09-08T06:48+02:00,A15,L,65.25,4,speedlimit
2026-09-08T06:48+02:00,A4,L,36.73,4,speedlimit
2026-09-08T06:48+02:00,A13,L,17.1,3,speedlimit
2026-09-08T06:48+02:00,A20,R,42.0,1,speedlimit
2026-09-08T06:48+02:00,A4,L,45.28,1,speedlimit
2026-09-08T06:48+02:00,A15,L,38.71,4,speedlimit
2026-09-08T06:48+02:00,A4,L,36.73,2,speedlimit
2026-09-08T06:48+02:00,A15,L,43.46,4,speedlimit
2026-09-08T06:48+02:00,A15,R,84.01,3,speedlimit
2026-09-08T06:48+02:00,A15,L,36.898,3,speedlimit
2026-09-08T06:48+02:00,A15,L,55.41,1,speedlimit
2026-09-08T06:48+02:00,A20,L,27.488,1,speedlimit
2026-09-08T06:48+02:00,A4,L,58.82,1,speedlimit
2026-09-08T06:48+02:00,A16,n,34.018,1,speedlimit
2026-09-08T06:48+02:00,A16,L,33.354,2,speedlimit
2026-09-08T06:48+02:00,A15,L,38.01,2,speedlimit
2026-09-08T06:48+02:00,A20,L,27.2,1,speedlimit
2026-09-08T06:48+02:00,A4,h,46.06,2,speedlimit
2026-09-08T06:48+02:00,A20,L,27.8,2,speedlimit
2026-09-08T06:48+02:00,A16,n,33.61,2,speedlimit
2026-09-08T06:48+02:00,A15,L,54.4,1,speedlimit
2026-09-08T06:48+02:00,A15,L,37.098,2,speedlimit
2026-09-08T06:48+02:00,A16,L,33.125,4,speedlimit
2026-09-08T06:48+02:00,A15,L,71.42,4,speedlimit
2026-09-08T06:48+02:00,A13,L,18.2,3,speedlimit
2026-09-08T06:48+02:00,A15,L,37.61,2,speedlimit
2026-09-08T06:48+02:00,A15,L,36.138,3,speedlimit
2026-09-08T06:48+02:00,A16,L,31.425,4,speedlimit
2026-09-08T06:48+02:00,A15,L,55.41,3,speedlimit
2026-09-08T06:48+02:00,A16,L,35.205,2,speedlimit
2026-09-08T06:48+02:00,A20,L,31.88,1,speedlimit
2026-09-08T06:48+02:00,A15,L,73.92,2,speedlimit
2026-09-08T06:48+02:00,A16,L,29.37,4,speedlimit
2026-09-08T06:48+02:00,A15,L,35.64,2,speedlimit
2026-09-08T06:48+02:00,A15,L,37.5,1,speedlimit
2026-09-08T06:48+02:00,A13,L,16.7,2,speedlimit
2026-09-08T06:48+02:00,A15,L,38.01,1,speedlimit
2026-09-08T06:48+02:00,A20,L,30.9,2,speedlimit
2026-09-08T06:48+02:00,A16,n,34.225,1,speedlimit
2026-09-08T06:48+02:00,A15,L,73.92,3,speedlimit
2026-09-08T06:48+02:00,A16,L,43.145,1,speedlimit
2026-09-08T06:48+02:00,A20,L,28.085,1,speedlimit
2026-09-08T06:48+02:00,A15,L,71.9,2,speedlimit
2026-09-08T06:48+02:00,A15,L,37.8,2,speedlimit
2026-09-08T06:48+02:00,A15,L,37.098,3,speedlimit
2026-09-08T06:48+02:00,A16,R,22.7,4,speedlimit
2026-09-08T06:48+02:00,A16,L,33.354,1,speedlimit
2026-09-08T06:48+02:00,A20,R,30.6,1,speedlimit
2026-09-08T06:48+02:00,A13,R,17.1,3,speedlimit
2026-09-08T06:48+02:00,A4,L,25.95,2,speedlimit
2026-09-08T06:48+02:00,A15,L,36.418,3,speedlimit
2026-09-08T06:48+02:00,A16,L,31.805,3,speedlimit
2026-09-08T06:48+02:00,A4,L,44.01,3,speedlimit
2026-09-08T06:48+02:00,A15,L,36.778,2,speedlimit
2026-09-08T06:48+02:00,A20,R,26.93,3,speedlimit
2026-09-08T06:48+02:00,A15,L,36.898,2,speedlimit
2026-09-08T06:48+02:00,A20,L,31.4,1,speedlimit
2026-09-08T06:48+02:00,A16,L,30.2,1,speedlimit
2026-09-08T06:48+02:00,A15,L,37.61,1,speedlimit
2026-09-08T06:48+02:00,A16,L,34.44,2,speedlimit
2026-09-08T06:48+02:00,A16,L,33.904,1,speedlimit
2026-09-08T06:48+02:00,A20,L,31.1,2,speedlimit
2026-09-08T06:48+02:00,A13,g,18.7,2,speedlimit
2026-09-08T06:48+02:00,A4,L,46.27,1,speedlimit
2026-09-08T06:48+02:00,A15,L,65.685,2,speedlimit
2026-09-08T06:48+02:00,A20,L,31.4,2,speedlimit
2026-09-08T06:48+02:00,A4,L,49.84,3,speedlimit
2026-09-08T06:48+02:00,A16,r,24.32,2,speedlimit
2026-09-08T06:48+02:00,A16,R,22.7,1,speedlimit
2026-09-08T06:48+02:00,A15,L,71.42,3,speedlimit
2026-09-08T06:48+02:00,A15,L,75.375,2,speedlimit
2026-09-08T06:48+02:00,A15,y,47.43,3,speedlimit
2026-09-08T06:48+02:00,A15,L,74.625,1,speedlimit
2026-09-08T06:48+02:00,A4,n,12.15,1,speedlimit
2026-09-08T06:48+02:00,A13,L,15.9,3,lane_closed
2026-09-08T06:48+02:00,A15,L,75.375,1,speedlimit
2026-09-08T06:48+02:00,A20,R,43.32,2,speedlimit
2026-09-08T06:48+02:00,A16,L,30.2,2,speedlimit
2026-09-08T06:48+02:00,A15,y,62.82,2,speedlimit
2026-09-08T06:48+02:00,A15,L,77.045,1,speedlimit
2026-09-08T06:48+02:00,A16,L,32.843,4,speedlimit
2026-09-08T06:48+02:00,A15,L,44.56,3,speedlimit
2026-09-08T06:48+02:00,A13,R,16.2,1,speedlimit
2026-09-08T06:48+02:00,A15,L,76.745,3,speedlimit
2026-09-08T06:48+02:00,A15,L,71.9,3,speedlimit
2026-09-08T06:48+02:00,A13,R,18.5,2,speedlimit
2026-09-08T06:48+02:00,A15,L,37.8,3,speedlimit
2026-09-08T06:48+02:00,A20,L,30.196,1,speedlimit
2026-09-08T06:48+02:00,A15,L,73.59,3,speedlimit
2026-09-08T06:48+02:00,A4,L,24.75,2,speedlimit
2026-09-08T06:48+02:00,A16,L,34.225,1,speedlimit
2026-09-08T06:48+02:00,A4,L,44.01,2,speedlimit
2026-09-08T06:48+02:00,A15,L,38.36,3,speedlimit
2026-09-08T06:48+02:00,A20,R,27.79,1,speedlimit
2026-09-08T06:48+02:00,A15,L,92.24,1,speedlimit
2026-09-08T06:48+02:00,A15,L,54.4,2,speedlimit
2026-09-08T06:48+02:00,A20,L,29.826,1,speedlimit
2026-09-08T06:48+02:00,A16,L,32.396,4,speedlimit
2026-09-08T06:48+02:00,A16,L,31.425,2,speedlimit
2026-09-08T06:48+02:00,A15,R,84.475,1,speedlimit
2026-09-08T06:48+02:00,A15,L,92.65,1,speedlimit
2026-09-08T06:48+02:00,A15,L,54.89,3,lane_closed_ahead
2026-09-08T06:48+02:00,A15,L,38.36,1,speedlimit
2026-09-08T06:48+02:00,A20,R,28.41,2,speedlimit
2026-09-08T06:48+02:00,A16,L,31.805,5,speedlimit
2026-09-08T06:48+02:00,A15,R,84.01,2,speedlimit
2026-09-08T06:48+02:00,A16,L,32.843,2,speedlimit
2026-09-08T06:48+02:00,A15,y,62.82,3,speedlimit
2026-09-08T06:48+02:00,A16,n,34.13,1,speedlimit
2026-09-08T06:48+02:00,A20,R,39.515,1,speedlimit
2026-09-08T06:48+02:00,A20,R,29.1,1,speedlimit
2026-09-08T06:48+02:00,A15,L,91.69,1,speedlimit
2026-09-08T06:48+02:00,A16,L,31.425,1,speedlimit
2026-09-08T06:48+02:00,A16,L,33.784,1,speedlimit
2026-09-08T06:48+02:00,A15,L,93.4,2,speedlimit
2026-09-08T06:48+02:00,A13,R,17.8,1,speedlimit
2026-09-08T06:48+02:00,A20,R,28.41,1,speedlimit
2026-09-08T06:48+02:00,A15,L,54.4,3,lane_closed
2026-09-08T06:48+02:00,A20,R,31.9,2,speedlimit
2026-09-08T06:48+02:00,A15,L,35.19,2,speedlimit
2026-09-08T06:48+02:00,A16,L,34.44,1,speedlimit
2026-09-08T06:48+02:00,A15,L,75.86,1,speedlimit
2026-09-08T06:48+02:00,A20,L,31.1,3,speedlimit
2026-09-08T06:48+02:00,A15,L,43.95,3,speedlimit
2026-09-08T06:48+02:00,A16,L,41.96,1,speedlimit
2026-09-08T06:48+02:00,A16,R,23.2,5,speedlimit
2026-09-08T06:48+02:00,A15,L,35.89,2,speedlimit
2026-09-08T06:48+02:00,A15,L,53.89,3,lane_closed
2026-09-08T06:48+02:00,A4,L,36.73,1,speedlimit
2026-09-08T06:48+02:00,A20,R,27.488,2,speedlimit
2026-09-08T06:48+02:00,A20,t,28.895,1,speedlimit
2026-09-08T06:48+02:00,A16,L,32.396,5,speedlimit
2026-09-08T06:48+02:00,A16,L,37.6,3,speedlimit
2026-09-08T06:48+02:00,A20,L,32.8,1,speedlimit
2026-09-08T06:48+02:00,A15,L,37.298,1,speedlimit
2026-09-08T06:48+02:00,A16,r,23.918,3,speedlimit
2026-09-08T06:48+02:00,A15,L,35.64,1,speedlimit
2026-09-08T06:48+02:00,A16,L,43.69,3,speedlimit
2026-09-08T06:48+02:00,A4,L,45.75,3,speedlimit
2026-09-08T06:48+02:00,A20,R,28.8,2,speedlimit
2026-09-08T06:48+02:00,A15,L,35.89,1,speedlimit
2026-09-08T06:48+02:00,A4,L,49.37,3,speedlimit
2026-09-08T06:48+02:00,A15,L,43.95,2,speedlimit
2026-09-08T06:48+02:00,A20,L,31.1,1,speedlimit
2026-09-08T06:48+02:00,A15,L,73.25,4,speedlimit
2026-09-08T06:48+02:00,A15,L,93.04,2,speedlimit
2026-09-08T06:48+02:00,A13,L,16.19,3,lane_closed
2026-09-08T06:48+02:00,A13,L,15.035,5,lane_closed
2026-09-08T06:48+02:00,A4,L,45.28,3,speedlimit
2026-09-08T06:48+02:00,A20,L,27.8,1,speedlimit
2026-09-08T06:48+02:00,A16,R,23.2,1,speedlimit
2026-09-08T06:48+02:00,A15,L,72.96,2,speedlimit
2026-09-08T06:48+02:00,A4,n,12.498,3,speedlimit
2026-09-08T06:48+02:00,A4,n,12.15,4,speedlimit
2026-09-08T06:48+02:00,A20,R,29.1,2,speedlimit
2026-09-08T06:48+02:00,A16,L,31.425,5,speedlimit
2026-09-08T06:48+02:00,A13,g,18.7,1,speedlimit
2026-09-08T06:48+02:00,A4,L,46.27,3,speedlimit
2026-09-08T06:48+02:00,A15,L,74.625,3,speedlimit
2026-09-08T06:48+02:00,A15,L,72.58,1,speedlimit
2026-09-08T06:48+02:00,A20,R,28.57,2,speedlimit
2026-09-08T06:48+02:00,A20,R,40.985,2,speedlimit
2026-09-08T06:48+02:00,A4,L,44.62,2,speedlimit
2026-09-08T06:48+02:00,A20,R,26.64,2,speedlimit
2026-09-08T06:48+02:00,A15,L,64.2,3,speedlimit
2026-09-08T06:48+02:00,A20,L,29.1,1,speedlimit
2026-09-08T06:48+02:00,A4,n,12.15,2,speedlimit
2026-09-08T06:48+02:00,A16,L,37.6,2,speedlimit
2026-09-08T06:48+02:00,A16,L,41.53,2,speedlimit
2026-09-08T06:48+02:00,A13,L,18.2,1,speedlimit
2026-09-08T06:48+02:00,A15,L,37.098,1,speedlimit
2026-09-08T06:48+02:00,A16,L,29.37,5,speedlimit
2026-09-08T06:48+02:00,A15,L,64.67,2,speedlimit
2026-09-08T06:48+02:00,A13,L,12.7,4,lane_closed
2026-09-08T06:48+02:00,A20,L,31.88,2,speedlimit
2026-09-08T06:48+02:00,A13,L,19.7,2,speedlimit
2026-09-08T06:48+02:00,A16,L,34.6,2,speedlimit
2026-09-08T06:48+02:00,A20,L,28.085,2,speedlimit
2026-09-08T06:48+02:00,A15,L,43.46,3,speedlimit
2026-09-08T06:48+02:00,A15,L,38.71,2,speedlimit
2026-09-08T06:48+02:00,A15,x,46.135,2,speedlimit
2026-09-08T06:48+02:00,A20,R,30.6,3,speedlimit
2026-09-08T06:48+02:00,A15,L,73.59,2,speedlimit
2026-09-08T06:48+02:00,A15,L,91.13,2,speedlimit
2026-09-08T06:48+02:00,A20,R,43.32,1,speedlimit
2026-09-08T06:48+02:00,A4,L,48.79,1,speedlimit
2026-09-08T06:48+02:00,A20,R,29.8,2,speedlimit
2026-09-08T06:48+02:00,A16,L,42.61,3,speedlimit
2026-09-08T06:48+02:00,A4,L,25.95,1,speedlimit
2026-09-08T06:48+02:00,A15,L,64.2,1,lane_closed
2026-09-08T06:48+02:00,A20,R,27.235,2,speedlimit
2026-09-08T06:48+02:00,A15,L,77.045,3,speedlimit
2026-09-08T06:48+02:00,A13,R,18.2,1,speedlimit
2026-09-08T06:48+02:00,A16,L,34.13,2,speedlimit
2026-09-08T06:48+02:00,A15,L,34.45,1,speedlimit
2026-09-08T06:48+02:00,A16,r,23.918,1,speedlimit
2026-09-08T06:48+02:00,A15,L,75.86,2,speedlimit
2026-09-08T06:48+02:00,A16,L,30.73,1,speedlimit
2026-09-08T06:48+02:00,A4,L,25.35,2,speedlimit
2026-09-08T06:48+02:00,A16,L,32.843,1,speedlimit
2026-09-08T06:48+02:00,A20,R,40.2,1,speedlimit
2026-09-08T06:48+02:00,A15,L,65.25,1,lane_closed_ahead
2026-09-08T06:48+02:00,A16,L,40.93,1,speedlimit
2026-09-08T06:48+02:00,A15,L,76.745,1,speedlimit
2026-09-08T06:48+02:00,A15,e,95.55,1,speedlimit
2026-09-08T06:48+02:00,A15,y,44.56,1,speedlimit
2026-09-08T06:48+02:00,A13,e,19.1,1,speedlimit
2026-09-08T06:48+02:00,A15,L,44.56,1,speedlimit
2026-09-08T06:48+02:00,A16,L,33.125,2,speedlimit
2026-09-08T06:48+02:00,A4,L,58.82,2,speedlimit
2026-09-08T06:48+02:00,A15,L,75.86,3,speedlimit
2026-09-08T06:48+02:00,A16,n,34.335,2,speedlimit
2026-09-08T06:48+02:00,A15,L,93.04,1,speedlimit
2026-09-08T06:48+02:00,A16,L,30.73,2,speedlimit
2026-09-08T06:48+02:00,A16,L,42.61,1,speedlimit
2026-09-08T06:48+02:00,A13,L,17.8,3,speedlimit
2026-09-08T06:48+02:00,A4,L,51.458,2,speedlimit
2026-09-08T06:48+02:00,A15,L,91.13,1,speedlimit
2026-09-08T06:48+02:00,A16,L,29.37,1,speedlimit
2026-09-08T06:48+02:00,A20,R,31.26,1,speedlimit
2026-09-08T06:48+02:00,A15,L,36.999,2,speedlimit
2026-09-08T06:48+02:00,A4,n,12.15,3,speedlimit
2026-09-08T06:48+02:00,A16,L,41.53,3,speedlimit
2026-09-08T06:48+02:00,A15,L,36.418,1,speedlimit
2026-09-08T06:48+02:00,A20,R,42.0,2,speedlimit
2026-09-08T06:48+02:00,A20,R,40.985,3,speedlimit
2026-09-08T06:48+02:00,A16,L,31.425,3,speedlimit
2026-09-08T06:48+02:00,A15,L,36.778,1,speedlimit
2026-09-08T06:48+02:00,A15,L,75.075,3,speedlimit
2026-09-08T06:48+02:00,A15,L,43.95,1,speedlimit
2026-09-08T06:48+02:00,A20,R,41.6,3,speedlimit
2026-09-08T06:48+02:00,A15,L,70.95,1,speedlimit
2026-09-08T06:48+02:00,A15,y,47.092,1,speedlimit
2026-09-08T06:48+02:00,A15,L,36.138,4,speedlimit
2026-09-08T06:48+02:00,A20,L,29.826,3,speedlimit
2026-09-08T06:48+02:00,A4,L,58.82,3,speedlimit
2026-09-08T06:48+02:00,A15,L,34.78,2,speedlimit
2026-09-08T06:48+02:00,A20,L,29.5,1,speedlimit
2026-09-08T06:48+02:00,A20,R,28.8,3,speedlimit
2026-09-08T06:48+02:00,A20,R,29.5,1,speedlimit
2026-09-08T06:48+02:00,A20,R,41.6,1,speedlimit
2026-09-08T06:48+02:00,A15,L,36.778,3,speedlimit
2026-09-08T06:48+02:00,A4,L,57.975,3,speedlimit
2026-09-08T06:48+02:00,A13,L,11.25,4,lane_closed
2026-09-08T06:48+02:00,A20,R,40.985,1,speedlimit
2026-09-08T06:48+02:00,A20,L,30.9,1,speedlimit
2026-09-08T06:48+02:00,A15,L,38.99,2,speedlimit
2026-09-08T06:48+02:00,A15,L,36.658,1,speedlimit
2026-09-08T06:48+02:00,A13,R,18.2,4,speedlimit
2026-09-08T06:48+02:00,A16,L,31.805,4,speedlimit
2026-09-08T06:48+02:00,A16,L,32.843,3,speedlimit
2026-09-08T06:48+02:00,A16,L,33.125,3,speedlimit
2026-09-08T06:48+02:00,A15,r,45.853,2,speedlimit
2026-09-08T06:48+02:00,A15,L,37.5,3,speedlimit
2026-09-08T06:48+02:00,A4,L,45.75,1,speedlimit
2026-09-08T06:48+02:00,A13,R,18.7,1,speedlimit
2026-09-08T06:48+02:00,A15,L,64.67,5,speedlimit
2026-09-08T06:48+02:00,A4,L,50.798,2,speedlimit
2026-09-08T06:48+02:00,A15,n,95.855,1,speedlimit
2026-09-08T06:48+02:00,A15,R,84.01,1,speedlimit
2026-09-08T06:48+02:00,A16,n,34.6,1,speedlimit
2026-09-08T06:48+02:00,A16,L,35.205,3,speedlimit
2026-09-08T06:48+02:00,A20,c,27.488,1,speedlimit
2026-09-08T06:48+02:00,A20,R,31.9,3,speedlimit
2026-09-08T06:48+02:00,A15,R,84.475,2,speedlimit
2026-09-08T06:48+02:00,A13,R,16.655,3,speedlimit
2026-09-08T06:48+02:00,A15,L,37.298,3,speedlimit
2026-09-08T06:48+02:00,A4,L,50.253,3,speedlimit
2026-09-08T06:48+02:00,A15,y,62.82,1,speedlimit
2026-09-08T06:48+02:00,A15,L,74.275,1,speedlimit
2026-09-08T06:48+02:00,A15,L,77.613,2,speedlimit
2026-09-08T06:48+02:00,A4,L,24.75,3,speedlimit
2026-09-08T06:48+02:00,A20,L,29.1,2,speedlimit
2026-09-08T06:48+02:00,A15,L,63.56,1,lane_closed
2026-09-08T06:48+02:00,A20,R,29.8,3,speedlimit
2026-09-08T06:48+02:00,A13,L,18.2,2,speedlimit
2026-09-08T06:48+02:00,A20,R,26.4,3,speedlimit
2026-09-08T06:48+02:00,A16,L,43.145,3,speedlimit
2026-09-08T06:48+02:00,A16,L,33.784,2,speedlimit
2026-09-08T06:48+02:00,A4,L,50.253,2,speedlimit
2026-09-08T06:48+02:00,A20,R,26.93,1,speedlimit
2026-09-08T06:48+02:00,A15,R,37.8,2,speedlimit
2026-09-08T06:48+02:00,A16,n,33.784,2,speedlimit
2026-09-08T06:48+02:00,A16,L,30.73,3,speedlimit
2026-09-08T06:48+02:00,A15,y,62.635,1,speedlimit
2026-09-08T06:48+02:00,A20,R,26.4,2,speedlimit
2026-09-08T06:48+02:00,A16,L,32.396,2,speedlimit
2026-09-08T06:48+02:00,A16,n,34.018,2,speedlimit
2026-09-08T06:48+02:00,A15,L,63.56,3,speedlimit
2026-09-08T06:48+02:00,A20,L,27.488,2,speedlimit
2026-09-08T06:48+02:00,A20,L,30.196,3,speedlimit
2026-09-08T06:48+02:00,A4,L,50.798,1,speedlimit
2026-09-08T06:48+02:00,A4,h,46.06,1,speedlimit
2026-09-08T06:48+02:00,A20,L,28.41,1,speedlimit
2026-09-08T06:48+02:00,A16,L,37.6,1,speedlimit
2026-09-08T06:48+02:00,A13,L,13.18,4,lane_closed
2026-09-08T06:48+02:00,A16,L,34.018,2,speedlimit
2026-09-08T06:48+02:00,A15,L,38.01,3,speedlimit
2026-09-08T06:48+02:00,A13,L,17.8,2,speedlimit
2026-09-08T06:48+02:00,A15,x,45.853,1,speedlimit
2026-09-08T06:48+02:00,A15,L,72.96,4,speedlimit
2026-09-08T06:48+02:00,A15,L,36.418,2,speedlimit
2026-09-08T06:48+02:00,A16,L,34.225,2,speedlimit
2026-09-08T06:48+02:00,A20,R,28.57,1,speedlimit
2026-09-08T06:48+02:00,A20,R,25.3,3,speedlimit
2026-09-08T06:48+02:00,A20,R,30.196,4,speedlimit
2026-09-08T06:48+02:00,A15,L,76.31,3,speedlimit
2026-09-08T06:48+02:00,A4,L,51.458,3,speedlimit
2026-09-08T06:48+02:00,A24,R,5.64,2,speedlimit
2026-09-08T06:48+02:00,A4,L,56.43,1,speedlimit
2026-09-08T06:48+02:00,A15,L,92.65,2,speedlimit
2026-09-08T06:48+02:00,A20,R,42.485,3,speedlimit
2026-09-08T06:48+02:00,A15,L,75.075,2,speedlimit
2026-09-08T06:48+02:00,A15,L,37.5,2,speedlimit
2026-09-08T06:48+02:00,A15,L,77.045,2,speedlimit
2026-09-08T06:48+02:00,A4,L,49.84,2,speedlimit
2026-09-08T06:48+02:00,A20,t,29.6,2,speedlimit
2026-09-08T06:48+02:00,A15,L,73.59,1,speedlimit
2026-09-08T06:48+02:00,A15,L,64.67,4,speedlimit
2026-09-08T06:48+02:00,A16,L,40.93,2,speedlimit
2026-09-08T06:48+02:00,A15,L,71.42,1,speedlimit
2026-09-08T06:48+02:00,A20,R,42.485,1,speedlimit
2026-09-08T06:48+02:00,A15,L,65.685,1,speedlimit
2026-09-08T06:48+02:00,A15,L,64.67,1,lane_closed
2026-09-08T06:48+02:00,A4,L,57.975,2,speedlimit
2026-09-08T06:48+02:00,A15,r,45.853,1,speedlimit
2026-09-08T06:48+02:00,A20,R,26.93,2,speedlimit
2026-09-08T06:48+02:00,A15,R,84.475,3,speedlimit
2026-09-08T06:48+02:00,A20,L,30.9,3,speedlimit
2026-09-08T06:48+02:00,A13,L,18.8,3,speedlimit
2026-09-08T06:48+02:00,A4,L,46.27,4,speedlimit
2026-09-08T06:48+02:00,A15,R,37.8,1,speedlimit
2026-09-08T06:48+02:00,A20,R,28.8,1,speedlimit
2026-09-08T06:48+02:00,A4,L,57.05,2,speedlimit
2026-09-08T06:48+02:00,A15,L,70.95,4,speedlimit
2026-09-08T06:48+02:00,A15,L,36.536,3,speedlimit
2026-09-08T06:48+02:00,A16,L,35.205,1,speedlimit
2026-09-08T06:48+02:00,A13,L,18.8,1,speedlimit
2026-09-08T06:48+02:00,A15,L,72.96,3,speedlimit
2026-09-08T06:48+02:00,A15,L,71.9,1,speedlimit
2026-09-08T06:48+02:00,A4,h,46.4,2,speedlimit
2026-09-08T06:48+02:00,A15,R,83.55,1,speedlimit
2026-09-08T06:48+02:00,A13,R,16.2,2,speedlimit
2026-09-08T06:48+02:00,A16,L,29.37,3,speedlimit
2026-09-08T06:48+02:00,A15,L,73.92,1,speedlimit
2026-09-08T06:48+02:00,A16,L,33.61,1,speedlimit
2026-09-08T06:48+02:00,A16,R,22.7,2,speedlimit
2026-09-08T06:48+02:00,A15,L,74.275,2,speedlimit
2026-09-08T06:48+02:00,A4,L,45.28,2,speedlimit
2026-09-08T06:48+02:00,A20,L,31.4,3,speedlimit
2026-09-08T06:48+02:00,A15,L,36.138,2,speedlimit
2026-09-08T06:48+02:00,A4,L,57.05,1,speedlimit
2026-09-08T06:48+02:00,A20,R,40.2,2,speedlimit
2026-09-08T06:48+02:00,A20,L,30.196,4,speedlimit
2026-09-08T06:48+02:00,A4,L,37.53,2,speedlimit
2026-09-08T06:48+02:00,A15,L,37.61,3,speedlimit
2026-09-08T06:48+02:00,A15,L,71.42,2,speedlimit
2026-09-08T06:48+02:00,A4,L,56.43,2,speedlimit
2026-09-08T06:48+02:00,A4,L,44.01,1,speedlimit
2026-09-08T06:48+02:00,A16,n,34.225,2,speedlimit
2026-09-08T06:48+02:00,A15,L,93.4,1,speedlimit
2026-09-08T06:48+02:00,A4,L,51.458,1,speedlimit
2026-09-08T06:48+02:00,A13,R,18.2,2,speedlimit
2026-09-08T06:48+02:00,A15,L,54.89,2,speedlimit
2026-09-08T06:48+02:00,A15,L,72.58,3,speedlimit
2026-09-08T06:48+02:00,A13,L,17.8,1,speedlimit
2026-09-08T06:48+02:00,A15,L,34.78,1,speedlimit
2026-09-08T06:48+02:00,A20,R,29.8,1,speedlimit
2026-09-08T06:48+02:00,A20,R,31.26,2,speedlimit
2026-09-08T06:48+02:00,A4,L,50.253,4,speedlimit
2026-09-08T06:48+02:00,A15,L,91.69,2,speedlimit
2026-09-08T06:48+02:00,A20,R,25.7,1,speedlimit
2026-09-08T06:48+02:00,A15,L,43.46,1,speedlimit
2026-09-08T06:48+02:00,A20,R,39.515,3,speedlimit
2026-09-08T06:48+02:00,A15,L,76.745,4,speedlimit
2026-09-08T06:48+02:00,A4,L,57.975,1,speedlimit
2026-09-08T06:48+02:00,A15,L,37.199,2,speedlimit
2026-09-08T06:48+02:00,A15,R,37.8,3,speedlimit
2026-09-08T06:48+02:00,A15,y,62.635,2,speedlimit
2026-09-08T06:48+02:00,A20,R,31.26,3,speedlimit
2026-09-08T06:48+02:00,A15,L,70.95,2,speedlimit
2026-09-08T06:48+02:00,A20,R,26.64,3,speedlimit
2026-09-08T06:48+02:00,A20,R,26.64,4,speedlimit
2026-09-08T06:48+02:00,A16,L,40.93,3,speedlimit
2026-09-08T06:48+02:00,A16,L,43.69,2,speedlimit
2026-09-08T06:48+02:00,A16,L,41.96,2,speedlimit
2026-09-08T06:48+02:00,A15,y,47.43,1,speedlimit
2026-09-08T06:48+02:00,A20,R,26.4,1,speedlimit
2026-09-08T06:48+02:00,A13,R,17.1,1,speedlimit
2026-09-08T06:48+02:00,A15,k,70.5,1,speedlimit
2026-09-08T06:48+02:00,A4,L,37.53,4,speedlimit
2026-09-08T06:48+02:00,A20,R,29.5,3,speedlimit
2026-09-08T06:48+02:00,A16,n,34.335,1,speedlimit
2026-09-08T06:48+02:00,A13,L,13.7,4,lane_closed
2026-09-08T06:48+02:00,A16,L,33.904,2,speedlimit
2026-09-08T06:48+02:00,A15,L,63.56,2,speedlimit
2026-09-08T06:48+02:00,A24,R,5.64,1,speedlimit
2026-09-08T06:48+02:00,A20,R,41.6,2,speedlimit
2026-09-08T06:48+02:00,A13,L,14.2,4,lane_closed
2026-09-08T06:48+02:00,A4,h,46.4,1,speedlimit
2026-09-08T06:48+02:00,A16,L,42.61,2,speedlimit
2026-09-08T06:48+02:00,A16,L,34.335,2,speedlimit
2026-09-08T06:48+02:00,A4,L,44.62,3,speedlimit
2026-09-08T06:48+02:00,A20,t,29.6,1,speedlimit
2026-09-08T06:48+02:00,A15,L,77.613,3,speedlimit
2026-09-08T06:48+02:00,A16,r,23.918,4,speedlimit
2026-09-08T06:48+02:00,A4,n,12.975,1,speedlimit
2026-09-08T06:48+02:00,A15,L,65.685,4,speedlimit
2026-09-08T06:48+02:00,A15,L,38.36,4,speedlimit
2026-09-08T06:48+02:00,A16,R,22.7,3,speedlimit
2026-09-08T06:48+02:00,A20,R,29.8,4,speedlimit
2026-09-08T06:48+02:00,A16,r,23.65,1,speedlimit
2026-09-08T06:48+02:00,A13,R,18.7,2,speedlimit
2026-09-08T06:48+02:00,A4,L,49.37,2,speedlimit
2026-09-08T06:48+02:00,A20,R,27.488,1,speedlimit
2026-09-08T06:48+02:00,A15,L,72.58,4,speedlimit
2026-09-08T06:48+02:00,A15,L,37.8,1,speedlimit
2026-09-08T06:48+02:00,A16,R,23.2,3,speedlimit
2026-09-08T06:48+02:00,A20,R,29.5,2,speedlimit
2026-09-08T06:48+02:00,A20,L,27.2,2,speedlimit
2026-09-08T06:48+02:00,A13,R,18.963,1,speedlimit
2026-09-08T06:48+02:00,A13,L,17.1,1,speedlimit
2026-09-08T06:48+02:00,A20,L,31.88,3,speedlimit
2026-09-08T06:48+02:00,A13,L,19.7,1,speedlimit
2026-09-08T06:48+02:00,A15,L,37.389,3,speedlimit
2026-09-08T06:48+02:00,A13,L,17.1,4,speedlimit
2026-09-08T06:48+02:00,A15,L,55.41,2,speedlimit
2026-09-08T06:48+02:00,A15,L,38.71,1,speedlimit
2026-09-08T06:48+02:00,A16,n,33.904,1,speedlimit
2026-09-08T06:48+02:00,A16,r,24.32,1,speedlimit
2026-09-08T06:48+02:00,A13,R,16.655,2,speedlimit
2026-09-08T06:48+02:00,A15,L,36.536,1,speedlimit
2026-09-08T06:48+02:00,A13,L,15.55,5,lane_closed
2026-09-08T06:48+02:00,A16,n,34.44,1,speedlimit
2026-09-08T06:48+02:00,A15,L,75.375,3,speedlimit
2026-09-08T06:48+02:00,A15,L,74.085,1,speedlimit
2026-09-08T06:48+02:00,A16,L,33.61,2,speedlimit
2026-09-08T06:48+02:00,A15,L,37.298,2,speedlimit
2026-09-08T06:48+02:00,A15,L,43.95,4,speedlimit
2026-09-08T06:48+02:00,A16,L,30.2,3,speedlimit
2026-09-08T06:48+02:00,A16,n,33.61,3,speedlimit
2026-09-08T06:48+02:00,A15,L,76.31,2,speedlimit
2026-09-08T06:48+02:00,A16,n,34.13,2,speedlimit
2026-09-08T06:48+02:00,A4,L,37.53,1,speedlimit
2026-09-08T06:48+02:00,A4,L,50.253,1,speedlimit
2026-09-08T06:48+02:00,A15,L,37.389,2,speedlimit
2026-09-08T06:48+02:00,A15,L,77.613,1,speedlimit
2026-09-08T06:48+02:00,A20,L,32.8,3,speedlimit
2026-09-08T06:48+02:00,A15,L,36.658,3,speedlimit
2026-09-08T06:48+02:00,A15,L,36.999,1,speedlimit
2026-09-08T06:48+02:00,A16,r,23.65,2,speedlimit
2026-09-08T06:48+02:00,A15,L,73.755,3,speedlimit
2026-09-08T06:48+02:00,A15,L,36.898,1,speedlimit
2026-09-08T06:48+02:00,A15,L,36.138,1,speedlimit
2026-09-08T06:48+02:00,A20,R,25.3,2,speedlimit
2026-09-08T06:48+02:00,A16,R,23.2,4,speedlimit
2026-09-08T06:48+02:00,A15,L,73.755,2,speedlimit
2026-09-08T06:48+02:00,A15,L,36.536,2,speedlimit
2026-09-08T06:48+02:00,A20,R,30.196,1,speedlimit
2026-09-08T06:48+02:00,A20,L,29.826,4,speedlimit
2026-09-08T06:48+02:00,A16,L,30.2,4,speedlimit
2026-09-08T06:48+02:00,A15,L,92.24,2,speedlimit
2026-09-08T06:48+02:00,A16,L,31.805,1,speedlimit
2026-09-08T06:48+02:00,A16,L,34.13,1,speedlimit
2026-09-08T06:48+02:00,A16,L,41.53,1,speedlimit
2026-09-08T06:48+02:00,A15,L,74.085,2,speedlimit
2026-09-08T06:48+02:00,A20,s,29.6,1,speedlimit
2026-09-08T06:48+02:00,A20,L,28.57,2,speedlimit
2026-09-08T06:48+02:00,A20,R,30.6,2,speedlimit
2026-09-08T06:48+02:00,A15,L,38.01,4,speedlimit
2026-09-08T06:48+02:00,A15,L,65.25,3,speedlimit
2026-09-08T06:48+02:00,A13,L,17.1,2,speedlimit
2026-09-08T06:48+02:00,A4,L,45.75,4,speedlimit
2026-09-08T06:48+02:00,A16,L,43.145,2,speedlimit
2026-09-08T06:48+02:00,A20,L,28.57,3,speedlimit
2026-09-08T06:48+02:00,A15,L,64.67,3,speedlimit
2026-09-08T06:48+02:00,A20,R,26.4,4,speedlimit
2026-09-08T06:48+02:00,A20,R,30.196,2,speedlimit
2026-09-08T06:48+02:00,A13,R,17.8,3,speedlimit
2026-09-08T06:48+02:00,A16,L,29.37,2,speedlimit
2026-09-08T06:48+02:00,A16,n,33.354,1,speedlimit
2026-09-08T06:48+02:00,A15,n,95.855,2,speedlimit
