ts,weg,richting,km,strook,beeld
2026-09-17T01:51+02:00,A4,L,7.369,4,lane_closed
2026-09-17T01:51+02:00,A15,n,58.0,1,lane_closed
2026-09-17T01:51+02:00,A15,R,44.44,2,speedlimit
2026-09-17T01:51+02:00,A4,L,11.24,2,lane_closed
2026-09-17T01:51+02:00,A13,L,16.7,1,speedlimit
2026-09-17T01:51+02:00,A16,R,35.325,1,lane_closed
2026-09-17T01:51+02:00,A15,L,157.2,2,speedlimit
2026-09-17T01:51+02:00,A16,R,33.848,1,lane_closed
2026-09-17T01:51+02:00,A4,L,9.085,3,lane_closed
2026-09-17T01:51+02:00,A4,L,12.766,4,speedlimit
2026-09-17T01:51+02:00,A4,L,37.53,5,lane_closed
2026-09-17T01:51+02:00,A15,y,55.79,1,lane_closed
2026-09-17T01:51+02:00,A20,L,30.196,2,speedlimit
2026-09-17T01:51+02:00,A16,R,32.22,3,speedlimit
2026-09-17T01:51+02:00,A4,L,10.831,5,speedlimit
2026-09-17T01:51+02:00,A13,R,16.655,1,speedlimit
2026-09-17T01:51+02:00,A4,L,13.747,6,speedlimit
2026-09-17T01:51+02:00,A4,L,12.15,2,lane_closed
2026-09-17T01:51+02:00,A15,L,48.332,4,speedlimit
2026-09-17T01:51+02:00,A13,R,17.1,2,speedlimit
2026-09-17T01:51+02:00,A16,R,35.325,2,lane_closed
2026-09-17T01:51+02:00,A16,R,34.304,2,lane_closed
2026-09-17T01:51+02:00,A16,R,34.44,1,lane_closed
2026-09-17T01:51+02:00,A15,y,56.085,3,speedlimit
2026-09-17T01:51+02:00,A4,L,6.902,1,lane_closed
2026-09-17T01:51+02:00,A4,m,35.48,2,speedlimit
2026-09-17T01:51+02:00,A4,L,42.19,4,lane_closed
2026-09-17T01:51+02:00,A15,R,44.44,3,speedlimit
2026-09-17T01:51+02:00,A4,L,13.25,4,speedlimit
2026-09-17T01:51+02:00,A4,L,9.355,1,lane_closed
2026-09-17T01:51+02:00,A4,L,9.355,4,lane_closed
2026-09-17T01:51+02:00,A15,R,43.57,4,speedlimit
2026-09-17T01:51+02:00,A16,R,34.618,2,lane_closed
2026-09-17T01:51+02:00,A15,L,48.69,1,speedlimit
2026-09-17T01:51+02:00,A4,L,43.18,2,speedlimit
2026-09-17T01:51+02:00,A15,L,45.61,2,speedlimit
2026-09-17T01:51+02:00,A16,R,34.178,1,lane_closed
2026-09-17T01:51+02:00,A15,L,59.95,2,speedlimit
2026-09-17T01:51+02:00,A4,L,11.24,5,speedlimit
2026-09-17T01:51+02:00,A13,R,18.5,1,speedlimit
2026-09-17T01:51+02:00,A4,L,8.635,1,lane_closed
2026-09-17T01:51+02:00,A15,L,46.356,3,lane_closed
2026-09-17T01:51+02:00,A15,L,46.17,1,speedlimit
2026-09-17T01:51+02:00,A15,L,56.085,3,lane_closed
2026-09-17T01:51+02:00,A29,u,10.13,1,speedlimit
2026-09-17T01:51+02:00,A20,L,29.5,2,speedlimit
2026-09-17T01:51+02:00,A4,L,37.53,3,speedlimit
2026-09-17T01:51+02:00,A29,u,9.49,1,lane_closed_ahead
2026-09-17T01:51+02:00,A13,R,18.5,4,speedlimit
2026-09-17T01:51+02:00,A15,R,43.57,2,speedlimit
2026-09-17T01:51+02:00,A13,R,18.2,3,speedlimit
2026-09-17T01:51+02:00,A20,R,28.1,1,speedlimit
2026-09-17T01:51+02:00,A20,R,30.196,3,speedlimit
2026-09-17T01:51+02:00,A4,L,13.25,3,speedlimit
2026-09-17T01:51+02:00,A15,f,155.0,1,lane_closed
2026-09-17T01:51+02:00,A15,L,58.47,1,speedlimit
2026-09-17T01:51+02:00,A4,L,52.448,4,speedlimit
2026-09-17T01:51+02:00,A20,L,36.94,1,lane_closed
2026-09-17T01:51+02:00,A4,R,2.367,4,lane_closed
2026-09-17T01:51+02:00,A15,n,95.855,3,speedlimit
2026-09-17T01:51+02:00,A4,L,50.798,3,speedlimit
2026-09-17T01:51+02:00,A13,R,17.8,2,speedlimit
2026-09-17T01:51+02:00,A20,s,29.6,2,speedlimit
2026-09-17T01:51+02:00,A15,L,65.25,2,speedlimit
2026-09-17T01:51+02:00,A15,L,65.685,3,speedlimit
2026-09-17T01:51+02:00,A16,R,34.618,1,lane_closed
2026-09-17T01:51+02:00,A16,R,33.135,4,speedlimit
2026-09-17T01:51+02:00,A4,L,7.841,3,lane_closed
2026-09-17T01:51+02:00,A4,L,10.318,4,lane_closed
2026-09-17T01:51+02:00,A4,m,35.13,1,speedlimit
2026-09-17T01:51+02:00,A4,L,11.62,3,lane_closed
2026-09-17T01:51+02:00,A15,L,47.68,1,speedlimit
2026-09-17T01:51+02:00,A4,L,9.355,6,speedlimit
2026-09-17T01:51+02:00,A20,R,26.93,4,speedlimit
2026-09-17T01:51+02:00,A20,R,28.57,3,speedlimit
2026-09-17T01:51+02:00,A15,L,56.8,1,speedlimit
2026-09-17T01:51+02:00,A15,L,45.61,1,speedlimit
2026-09-17T01:51+02:00,A16,R,31.74,5,lane_closed
2026-09-17T01:51+02:00,A4,L,9.085,2,lane_closed
2026-09-17T01:51+02:00,A4,L,2.447,4,lane_closed
2026-09-17T01:51+02:00,A15,L,46.864,1,speedlimit
2026-09-17T01:51+02:00,A13,L,18.8,2,speedlimit
2026-09-17T01:51+02:00,A20,R,27.235,1,speedlimit
2026-09-17T01:51+02:00,A20,L,28.41,2,speedlimit
2026-09-17T01:51+02:00,A4,L,52.018,2,speedlimit
2026-09-17T01:51+02:00,A15,n,58.5,1,lane_closed
2026-09-17T01:51+02:00,A16,R,31.25,4,speedlimit
2026-09-17T01:51+02:00,A16,R,34.44,2,lane_closed
2026-09-17T01:51+02:00,A4,L,52.018,3,speedlimit
2026-09-17T01:51+02:00,A15,L,57.78,1,speedlimit
2026-09-17T01:51+02:00,A20,R,27.79,2,speedlimit
2026-09-17T01:51+02:00,A13,R,18.5,3,speedlimit
2026-09-17T01:51+02:00,A20,R,28.57,4,speedlimit
2026-09-17T01:51+02:00,A20,R,31.26,4,speedlimit
2026-09-17T01:51+02:00,A20,L,29.826,2,speedlimit
2026-09-17T01:51+02:00,A20,L,35.925,1,lane_closed
2026-09-17T01:51+02:00,A15,L,48.05,3,lane_closed
2026-09-17T01:51+02:00,A20,L,28.57,1,speedlimit
2026-09-17T01:51+02:00,A4,n,43.673,1,speedlimit
2026-09-17T01:51+02:00,A16,R,32.22,5,lane_closed
2026-09-17T01:51+02:00,A16,R,33.958,1,lane_closed
2026-09-17T01:51+02:00,A20,R,29.5,4,speedlimit
2026-09-17T01:51+02:00,A4,L,7.526,2,lane_closed
2026-09-17T01:51+02:00,A15,L,156.35,1,speedlimit
2026-09-17T01:51+02:00,A15,n,58.9,1,speedlimit
2026-09-17T01:51+02:00,A16,R,32.76,5,speedlimit
2026-09-17T01:51+02:00,A16,R,33.43,2,lane_closed
2026-09-17T01:51+02:00,A4,L,7.072,1,lane_closed
2026-09-17T01:51+02:00,A16,R,31.74,4,speedlimit
2026-09-17T01:51+02:00,A20,R,28.1,2,speedlimit
2026-09-17T01:51+02:00,A20,R,26.64,1,speedlimit
2026-09-17T01:51+02:00,A15,L,64.2,2,speedlimit
2026-09-17T01:51+02:00,A4,L,7.841,4,lane_closed
2026-09-17T01:51+02:00,A4,L,50.798,4,speedlimit
2026-09-17T01:51+02:00,A4,L,41.6,4,lane_closed
2026-09-17T01:51+02:00,A15,L,46.356,2,speedlimit
2026-09-17T01:51+02:00,A20,L,32.8,2,speedlimit
2026-09-17T01:51+02:00,A4,L,8.14,2,lane_closed
2026-09-17T01:51+02:00,A16,L,48.03,1,speedlimit
2026-09-17T01:51+02:00,A15,L,65.25,4,speedlimit
2026-09-17T01:51+02:00,A13,L,17.1,3,speedlimit
2026-09-17T01:51+02:00,A15,L,47.07,2,speedlimit
2026-09-17T01:51+02:00,A4,L,7.22,3,lane_closed
2026-09-17T01:51+02:00,A15,q,57.3,2,speedlimit
2026-09-17T01:51+02:00,A15,L,59.2,1,speedlimit
2026-09-17T01:51+02:00,A20,L,36.625,1,lane_closed
2026-09-17T01:51+02:00,A15,R,44.12,3,speedlimit
2026-09-17T01:51+02:00,A4,L,9.355,3,lane_closed
2026-09-17T01:51+02:00,A15,R,43.86,2,speedlimit
2026-09-17T01:51+02:00,A16,R,33.135,2,lane_closed
2026-09-17T01:51+02:00,A15,L,46.614,1,speedlimit
2026-09-17T01:51+02:00,A15,y,55.79,3,speedlimit
2026-09-17T01:51+02:00,A15,h,155.72,2,lane_closed
2026-09-17T01:51+02:00,A15,R,43.86,4,lane_closed_ahead
2026-09-17T01:51+02:00,A20,L,27.488,1,speedlimit
2026-09-17T01:51+02:00,A20,L,27.2,1,speedlimit
2026-09-17T01:51+02:00,A4,h,46.06,2,speedlimit
2026-09-17T01:51+02:00,A20,L,27.8,2,speedlimit
2026-09-17T01:51+02:00,A15,L,46.758,3,lane_closed
2026-09-17T01:51+02:00,A4,L,12.766,3,speedlimit
2026-09-17T01:51+02:00,A13,L,18.2,3,speedlimit
2026-09-17T01:51+02:00,A15,h,155.205,1,lane_closed
2026-09-17T01:51+02:00,A15,L,46.758,2,speedlimit
2026-09-17T01:51+02:00,A15,L,157.2,1,speedlimit
2026-09-17T01:51+02:00,A16,R,32.933,1,lane_closed
2026-09-17T01:51+02:00,A15,y,55.79,2,speedlimit
2026-09-17T01:51+02:00,A4,n,10.243,1,speedlimit
2026-09-17T01:51+02:00,A4,L,9.653,2,lane_closed
2026-09-17T01:51+02:00,A16,R,32.518,4,speedlimit
2026-09-17T01:51+02:00,A20,L,31.88,1,speedlimit
2026-09-17T01:51+02:00,A13,L,16.7,2,speedlimit
2026-09-17T01:51+02:00,A16,R,33.958,2,lane_closed
2026-09-17T01:51+02:00,A20,L,30.9,2,speedlimit
2026-09-17T01:51+02:00,A16,R,31.25,5,lane_closed_ahead
2026-09-17T01:51+02:00,A4,L,9.355,2,lane_closed
2026-09-17T01:51+02:00,A15,y,45.86,2,speedlimit
2026-09-17T01:51+02:00,A20,L,28.085,1,speedlimit
2026-09-17T01:51+02:00,A15,L,48.69,2,speedlimit
2026-09-17T01:51+02:00,A4,L,38.01,1,speedlimit
2026-09-17T01:51+02:00,A15,L,48.69,3,speedlimit
2026-09-17T01:51+02:00,A15,n,58.5,3,speedlimit
2026-09-17T01:51+02:00,A16,R,32.76,4,speedlimit
2026-09-17T01:51+02:00,A16,R,33.609,2,lane_closed
2026-09-17T01:51+02:00,A16,R,32.22,2,speedlimit
2026-09-17T01:51+02:00,A20,R,30.6,1,speedlimit
2026-09-17T01:51+02:00,A13,R,17.1,3,speedlimit
2026-09-17T01:51+02:00,A15,R,44.12,5,speedlimit
2026-09-17T01:51+02:00,A20,R,26.93,3,speedlimit
2026-09-17T01:51+02:00,A20,L,31.4,1,speedlimit
2026-09-17T01:51+02:00,A15,L,48.332,3,lane_closed_ahead
2026-09-17T01:51+02:00,A4,L,13.747,1,speedlimit
2026-09-17T01:51+02:00,A4,L,42.775,2,speedlimit
2026-09-17T01:51+02:00,A4,L,7.526,4,lane_closed
2026-09-17T01:51+02:00,A4,L,8.14,4,lane_closed
2026-09-17T01:51+02:00,A20,L,31.1,2,speedlimit
2026-09-17T01:51+02:00,A16,R,34.832,1,lane_closed
2026-09-17T01:51+02:00,A16,R,33.778,1,lane_closed
2026-09-17T01:51+02:00,A13,g,18.7,2,speedlimit
2026-09-17T01:51+02:00,A15,L,65.685,2,speedlimit
2026-09-17T01:51+02:00,A20,L,31.4,2,speedlimit
2026-09-17T01:51+02:00,A4,L,7.072,3,lane_closed
2026-09-17T01:51+02:00,A4,L,13.25,1,lane_closed_ahead
2026-09-17T01:51+02:00,A4,m,35.13,2,speedlimit
2026-09-17T01:51+02:00,A29,u,9.49,2,speedlimit
2026-09-17T01:51+02:00,A4,n,43.673,2,speedlimit
2026-09-17T01:51+02:00,A16,R,34.068,2,lane_closed
2026-09-17T01:51+02:00,A13,L,15.9,3,lane_closed
2026-09-17T01:51+02:00,A4,L,7.841,2,lane_closed
2026-09-17T01:51+02:00,A15,L,47.07,3,lane_closed
2026-09-17T01:51+02:00,A4,L,9.653,4,lane_closed
2026-09-17T01:51+02:00,A15,R,43.57,1,speedlimit
2026-09-17T01:51+02:00,A13,R,16.2,1,speedlimit
2026-09-17T01:51+02:00,A13,R,18.5,2,speedlimit
2026-09-17T01:51+02:00,A20,L,30.196,1,speedlimit
2026-09-17T01:51+02:00,A15,L,58.47,2,speedlimit
2026-09-17T01:51+02:00,A16,R,33.778,2,lane_closed
2026-09-17T01:51+02:00,A20,R,27.79,1,speedlimit
2026-09-17T01:51+02:00,A15,L,57.78,3,lane_closed
2026-09-17T01:51+02:00,A20,L,29.826,1,speedlimit
2026-09-17T01:51+02:00,A15,L,46.469,2,speedlimit
2026-09-17T01:51+02:00,A4,L,13.747,2,speedlimit
2026-09-17T01:51+02:00,A15,L,45.86,4,lane_closed
2026-09-17T01:51+02:00,A4,L,13.25,2,speedlimit
2026-09-17T01:51+02:00,A15,R,44.12,1,speedlimit
2026-09-17T01:51+02:00,A15,y,45.61,2,speedlimit
2026-09-17T01:51+02:00,A4,L,8.635,2,lane_closed
2026-09-17T01:51+02:00,A20,R,28.41,2,speedlimit
2026-09-17T01:51+02:00,A4,L,6.902,4,lane_closed
2026-09-17T01:51+02:00,A15,R,43.86,1,speedlimit
2026-09-17T01:51+02:00,A4,L,42.775,3,lane_closed_ahead
2026-09-17T01:51+02:00,A20,R,29.1,1,speedlimit
2026-09-17T01:51+02:00,A4,L,12.15,1,lane_closed
2026-09-17T01:51+02:00,A13,R,17.8,1,speedlimit
2026-09-17T01:51+02:00,A20,R,28.41,1,speedlimit
2026-09-17T01:51+02:00,A20,R,31.9,2,speedlimit
2026-09-17T01:51+02:00,A20,L,31.1,3,speedlimit
2026-09-17T01:51+02:00,A15,y,45.61,1,speedlimit
2026-09-17T01:51+02:00,A15,q,57.3,1,speedlimit
2026-09-17T01:51+02:00,A20,R,27.488,2,speedlimit
2026-09-17T01:51+02:00,A20,t,28.895,1,speedlimit
2026-09-17T01:51+02:00,A4,L,11.24,1,lane_closed
2026-09-17T01:51+02:00,A20,L,32.8,1,speedlimit
2026-09-17T01:51+02:00,A4,L,9.653,6,speedlimit
2026-09-17T01:51+02:00,A15,L,47.332,3,lane_closed
2026-09-17T01:51+02:00,A20,R,28.8,2,speedlimit
2026-09-17T01:51+02:00,A16,R,35.325,4,speedlimit
2026-09-17T01:51+02:00,A15,L,56.8,2,speedlimit
2026-09-17T01:51+02:00,A20,L,31.1,1,speedlimit
2026-09-17T01:51+02:00,A13,L,16.19,3,lane_closed
2026-09-17T01:51+02:00,A15,L,59.2,2,speedlimit
2026-09-17T01:51+02:00,A13,L,15.035,5,lane_closed
2026-09-17T01:51+02:00,A16,R,32.76,2,lane_closed_ahead
2026-09-17T01:51+02:00,A16,R,34.178,2,lane_closed
2026-09-17T01:51+02:00,A16,R,32.518,3,speedlimit
2026-09-17T01:51+02:00,A15,L,48.05,4,speedlimit
2026-09-17T01:51+02:00,A4,L,12.766,2,lane_closed_ahead
2026-09-17T01:51+02:00,A4,L,52.018,4,speedlimit
2026-09-17T01:51+02:00,A20,L,27.8,1,speedlimit
2026-09-17T01:51+02:00,A16,R,35.325,3,speedlimit
2026-09-17T01:51+02:00,A16,R,32.933,2,lane_closed
2026-09-17T01:51+02:00,A15,L,57.3,1,speedlimit
2026-09-17T01:51+02:00,A15,L,47.332,2,speedlimit
2026-09-17T01:51+02:00,A20,R,29.1,2,speedlimit
2026-09-17T01:51+02:00,A13,g,18.7,1,speedlimit
2026-09-17T01:51+02:00,A4,L,13.747,7,speedlimit
2026-09-17T01:51+02:00,A20,R,28.57,2,speedlimit
2026-09-17T01:51+02:00,A20,R,26.64,2,speedlimit
2026-09-17T01:51+02:00,A4,L,7.22,2,lane_closed
2026-09-17T01:51+02:00,A4,L,41.6,1,speedlimit
2026-09-17T01:51+02:00,A15,L,46.864,3,lane_closed
2026-09-17T01:51+02:00,A15,L,64.2,3,speedlimit
2026-09-17T01:51+02:00,A20,L,29.1,1,speedlimit
2026-09-17T01:51+02:00,A13,L,18.2,1,speedlimit
2026-09-17T01:51+02:00,A15,L,59.2,3,lane_closed_ahead
2026-09-17T01:51+02:00,A15,L,59.95,3,speedlimit
2026-09-17T01:51+02:00,A15,L,64.67,2,speedlimit
2026-09-17T01:51+02:00,A13,L,12.7,4,lane_closed
2026-09-17T01:51+02:00,A20,L,31.88,2,speedlimit
2026-09-17T01:51+02:00,A16,R,32.933,3,speedlimit
2026-09-17T01:51+02:00,A20,L,28.085,2,speedlimit
2026-09-17T01:51+02:00,A4,m,35.8,2,speedlimit
2026-09-17T01:51+02:00,A20,R,30.6,3,speedlimit
2026-09-17T01:51+02:00,A20,L,35.52,1,lane_closed
2026-09-17T01:51+02:00,A20,R,29.8,2,speedlimit
2026-09-17T01:51+02:00,A16,R,35.66,1,lane_closed
2026-09-17T01:51+02:00,A15,L,64.2,1,lane_closed
2026-09-17T01:51+02:00,A20,R,27.235,2,speedlimit
2026-09-17T01:51+02:00,A4,L,43.18,1,speedlimit
2026-09-17T01:51+02:00,A4,L,53.0,2,speedlimit
2026-09-17T01:51+02:00,A20,L,37.3,1,lane_closed
2026-09-17T01:51+02:00,A13,R,18.2,1,speedlimit
2026-09-17T01:51+02:00,A15,y,45.86,1,speedlimit
2026-09-17T01:51+02:00,A16,R,31.25,2,speedlimit
2026-09-17T01:51+02:00,A4,L,10.831,1,lane_closed
2026-09-17T01:51+02:00,A4,L,11.24,4,speedlimit
2026-09-17T01:51+02:00,A4,L,10.831,3,lane_closed
2026-09-17T01:51+02:00,A4,L,13.747,3,speedlimit
2026-09-17T01:51+02:00,A15,L,65.25,1,lane_closed_ahead
2026-09-17T01:51+02:00,A4,L,12.766,5,speedlimit
2026-09-17T01:51+02:00,A15,e,95.55,1,speedlimit
2026-09-17T01:51+02:00,A4,L,6.592,3,lane_closed
2026-09-17T01:51+02:00,A13,e,19.1,1,speedlimit
2026-09-17T01:51+02:00,A4,L,12.15,5,speedlimit
2026-09-17T01:51+02:00,A4,L,38.01,3,speedlimit
2026-09-17T01:51+02:00,A4,L,8.14,1,lane_closed
2026-09-17T01:51+02:00,A13,L,17.8,3,speedlimit
2026-09-17T01:51+02:00,A4,L,51.458,2,speedlimit
2026-09-17T01:51+02:00,A4,m,35.8,3,lane_closed
2026-09-17T01:51+02:00,A16,R,31.74,1,speedlimit
2026-09-17T01:51+02:00,A4,L,41.6,2,speedlimit
2026-09-17T01:51+02:00,A15,L,56.8,4,lane_closed
2026-09-17T01:51+02:00,A20,R,31.26,1,speedlimit
2026-09-17T01:51+02:00,A4,L,7.526,1,lane_closed
2026-09-17T01:51+02:00,A4,L,42.775,1,speedlimit
2026-09-17T01:51+02:00,A4,L,7.841,1,lane_closed
2026-09-17T01:51+02:00,A15,L,56.085,2,speedlimit
2026-09-17T01:51+02:00,A15,L,47.332,1,speedlimit
2026-09-17T01:51+02:00,A20,L,29.826,3,speedlimit
2026-09-17T01:51+02:00,A15,L,46.614,3,lane_closed
2026-09-17T01:51+02:00,A4,L,42.19,2,speedlimit
2026-09-17T01:51+02:00,A20,R,31.9,1,speedlimit
2026-09-17T01:51+02:00,A4,h,45.58,3,lane_closed
2026-09-17T01:51+02:00,A20,L,29.5,1,speedlimit
2026-09-17T01:51+02:00,A20,R,28.8,3,speedlimit
2026-09-17T01:51+02:00,A20,R,29.5,1,speedlimit
2026-09-17T01:51+02:00,A4,L,10.318,2,lane_closed
2026-09-17T01:51+02:00,A15,L,46.469,1,speedlimit
2026-09-17T01:51+02:00,A15,h,154.74,1,lane_closed
2026-09-17T01:51+02:00,A4,L,13.747,5,speedlimit
2026-09-17T01:51+02:00,A15,R,44.44,1,speedlimit
2026-09-17T01:51+02:00,A15,L,156.8,1,speedlimit
2026-09-17T01:51+02:00,A15,L,57.3,4,lane_closed
2026-09-17T01:51+02:00,A15,R,43.86,5,speedlimit
2026-09-17T01:51+02:00,A16,R,33.135,3,speedlimit
2026-09-17T01:51+02:00,A15,L,46.17,2,speedlimit
2026-09-17T01:51+02:00,A13,L,11.25,4,lane_closed
2026-09-17T01:51+02:00,A20,L,30.9,1,speedlimit
2026-09-17T01:51+02:00,A4,L,6.592,2,lane_closed
2026-09-17T01:51+02:00,A15,y,56.085,2,speedlimit
2026-09-17T01:51+02:00,A4,L,43.18,4,lane_closed_ahead
2026-09-17T01:51+02:00,A16,R,32.518,2,speedlimit
2026-09-17T01:51+02:00,A13,R,18.2,4,speedlimit
2026-09-17T01:51+02:00,A16,R,32.22,4,speedlimit
2026-09-17T01:51+02:00,A16,R,33.609,1,lane_closed
2026-09-17T01:51+02:00,A4,L,53.0,1,speedlimit
2026-09-17T01:51+02:00,A15,L,46.864,2,speedlimit
2026-09-17T01:51+02:00,A13,R,18.7,1,speedlimit
2026-09-17T01:51+02:00,A15,L,64.67,5,speedlimit
2026-09-17T01:51+02:00,A4,m,35.8,1,speedlimit
2026-09-17T01:51+02:00,A4,L,11.24,3,lane_closed
2026-09-17T01:51+02:00,A4,L,50.798,2,speedlimit
2026-09-17T01:51+02:00,A15,n,95.855,1,speedlimit
2026-09-17T01:51+02:00,A20,c,27.488,1,speedlimit
2026-09-17T01:51+02:00,A20,R,31.9,3,speedlimit
2026-09-17T01:51+02:00,A13,R,16.655,3,speedlimit
2026-09-17T01:51+02:00,A4,L,7.22,4,lane_closed
2026-09-17T01:51+02:00,A4,L,50.253,3,speedlimit
2026-09-17T01:51+02:00,A15,L,47.68,2,speedlimit
2026-09-17T01:51+02:00,A20,L,29.1,2,speedlimit
2026-09-17T01:51+02:00,A16,R,32.76,1,lane_closed
2026-09-17T01:51+02:00,A15,L,63.56,1,lane_closed
2026-09-17T01:51+02:00,A20,R,29.8,3,speedlimit
2026-09-17T01:51+02:00,A13,L,18.2,2,speedlimit
2026-09-17T01:51+02:00,A20,R,26.4,3,speedlimit
2026-09-17T01:51+02:00,A4,L,9.085,4,lane_closed
2026-09-17T01:51+02:00,A4,L,38.01,4,speedlimit
2026-09-17T01:51+02:00,A15,R,43.86,3,speedlimit
2026-09-17T01:51+02:00,A4,L,50.253,2,speedlimit
2026-09-17T01:51+02:00,A20,R,26.93,1,speedlimit
2026-09-17T01:51+02:00,A15,L,56.085,1,speedlimit
2026-09-17T01:51+02:00,A4,L,6.592,1,lane_closed
2026-09-17T01:51+02:00,A20,R,26.4,2,speedlimit
2026-09-17T01:51+02:00,A15,L,45.61,4,lane_closed
2026-09-17T01:51+02:00,A15,L,59.95,1,speedlimit
2026-09-17T01:51+02:00,A15,x,44.44,2,speedlimit
2026-09-17T01:51+02:00,A15,L,63.56,3,speedlimit
2026-09-17T01:51+02:00,A20,L,27.488,2,speedlimit
2026-09-17T01:51+02:00,A15,R,44.12,4,lane_closed
2026-09-17T01:51+02:00,A20,L,30.196,3,speedlimit
2026-09-17T01:51+02:00,A4,L,50.798,1,lane_closed
2026-09-17T01:51+02:00,A4,h,46.06,1,speedlimit
2026-09-17T01:51+02:00,A4,L,42.19,1,speedlimit
2026-09-17T01:51+02:00,A20,L,28.41,1,speedlimit
2026-09-17T01:51+02:00,A13,L,13.18,4,lane_closed
2026-09-17T01:51+02:00,A15,x,44.44,1,lane_closed
2026-09-17T01:51+02:00,A13,L,17.8,2,speedlimit
2026-09-17T01:51+02:00,A15,L,46.469,3,lane_closed
2026-09-17T01:51+02:00,A15,L,48.05,2,speedlimit
2026-09-17T01:51+02:00,A4,L,12.766,1,lane_closed
2026-09-17T01:51+02:00,A20,R,28.57,1,speedlimit
2026-09-17T01:51+02:00,A4,L,8.635,4,lane_closed
2026-09-17T01:51+02:00,A29,u,10.13,2,speedlimit
2026-09-17T01:51+02:00,A15,y,56.085,1,lane_closed
2026-09-17T01:51+02:00,A20,R,30.196,4,speedlimit
2026-09-17T01:51+02:00,A4,L,51.458,3,speedlimit
2026-09-17T01:51+02:00,A4,m,35.48,1,speedlimit
2026-09-17T01:51+02:00,A4,m,35.48,3,lane_closed_ahead
2026-09-17T01:51+02:00,A4,L,6.902,2,lane_closed
2026-09-17T01:51+02:00,A4,L,52.448,1,lane_closed_ahead
2026-09-17T01:51+02:00,A4,L,52.448,3,speedlimit
2026-09-17T01:51+02:00,A20,t,29.6,2,speedlimit
2026-09-17T01:51+02:00,A20,L,38.3,1,lane_closed_ahead
2026-09-17T01:51+02:00,A15,L,46.356,1,speedlimit
2026-09-17T01:51+02:00,A15,L,57.3,2,speedlimit
2026-09-17T01:51+02:00,A4,n,10.243,2,speedlimit
2026-09-17T01:51+02:00,A15,L,64.67,4,speedlimit
2026-09-17T01:51+02:00,A4,L,9.653,3,lane_closed
2026-09-17T01:51+02:00,A15,h,154.29,1,lane_closed
2026-09-17T01:51+02:00,A4,L,52.448,2,speedlimit
2026-09-17T01:51+02:00,A4,L,8.635,3,lane_closed
2026-09-17T01:51+02:00,A4,L,9.653,5,speedlimit
2026-09-17T01:51+02:00,A15,L,65.685,1,speedlimit
2026-09-17T01:51+02:00,A15,L,64.67,1,lane_closed
2026-09-17T01:51+02:00,A4,L,13.25,5,speedlimit
2026-09-17T01:51+02:00,A16,L,48.03,2,speedlimit
2026-09-17T01:51+02:00,A4,L,52.018,1,lane_closed
2026-09-17T01:51+02:00,A4,L,13.747,4,speedlimit
2026-09-17T01:51+02:00,A16,R,31.74,3,speedlimit
2026-09-17T01:51+02:00,A4,L,7.369,3,lane_closed
2026-09-17T01:51+02:00,A20,R,26.93,2,speedlimit
2026-09-17T01:51+02:00,A20,L,30.9,3,speedlimit
2026-09-17T01:51+02:00,A13,L,18.8,3,speedlimit
2026-09-17T01:51+02:00,A4,L,7.22,1,lane_closed
2026-09-17T01:51+02:00,A20,L,37.8,1,lane_closed
2026-09-17T01:51+02:00,A20,R,28.8,1,speedlimit
2026-09-17T01:51+02:00,A16,b,32.5,1,lane_closed
2026-09-17T01:51+02:00,A4,L,42.19,3,lane_closed
2026-09-17T01:51+02:00,A16,R,35.66,2,lane_closed
2026-09-17T01:51+02:00,A15,L,45.86,3,lane_closed
2026-09-17T01:51+02:00,A13,L,18.8,1,speedlimit
2026-09-17T01:51+02:00,A4,L,11.62,1,lane_closed
2026-09-17T01:51+02:00,A4,h,46.4,2,speedlimit
2026-09-17T01:51+02:00,A15,q,56.8,1,speedlimit
2026-09-17T01:51+02:00,A4,L,10.831,6,speedlimit
2026-09-17T01:51+02:00,A16,R,34.832,3,speedlimit
2026-09-17T01:51+02:00,A15,L,46.758,1,speedlimit
2026-09-17T01:51+02:00,A13,R,16.2,2,speedlimit
2026-09-17T01:51+02:00,A16,R,33.848,2,lane_closed
2026-09-17T01:51+02:00,A4,L,6.592,4,lane_closed
2026-09-17T01:51+02:00,A4,L,12.15,3,lane_closed_ahead
2026-09-17T01:51+02:00,A20,L,31.4,3,speedlimit
2026-09-17T01:51+02:00,A16,R,31.25,3,speedlimit
2026-09-17T01:51+02:00,A15,L,57.3,3,lane_closed
2026-09-17T01:51+02:00,A20,L,30.196,4,speedlimit
2026-09-17T01:51+02:00,A4,L,37.53,2,speedlimit
2026-09-17T01:51+02:00,A15,R,43.57,3,speedlimit
2026-09-17T01:51+02:00,A4,L,51.458,1,lane_closed
2026-09-17T01:51+02:00,A13,R,18.2,2,speedlimit
2026-09-17T01:51+02:00,A4,L,6.902,3,lane_closed
2026-09-17T01:51+02:00,A13,L,17.8,1,speedlimit
2026-09-17T01:51+02:00,A20,R,29.8,1,speedlimit
2026-09-17T01:51+02:00,A16,R,33.135,1,lane_closed
2026-09-17T01:51+02:00,A20,R,31.26,2,speedlimit
2026-09-17T01:51+02:00,A4,L,50.253,4,speedlimit
2026-09-17T01:51+02:00,A15,L,156.8,2,speedlimit
2026-09-17T01:51+02:00,A20,R,31.26,3,speedlimit
2026-09-17T01:51+02:00,A4,L,41.6,3,lane_closed
2026-09-17T01:51+02:00,A20,R,26.64,3,speedlimit
2026-09-17T01:51+02:00,A20,R,26.64,4,speedlimit
2026-09-17T01:51+02:00,A15,n,58.5,2,speedlimit
2026-09-17T01:51+02:00,A20,R,26.4,1,speedlimit
2026-09-17T01:51+02:00,A13,R,17.1,1,speedlimit
2026-09-17T01:51+02:00,A4,L,7.369,1,lane_closed
2026-09-17T01:51+02:00,A4,L,37.53,4,speedlimit
2026-09-17T01:51+02:00,A4,L,9.085,1,lane_closed
2026-09-17T01:51+02:00,A20,R,29.5,3,speedlimit
2026-09-17T01:51+02:00,A16,R,32.76,3,speedlimit
2026-09-17T01:51+02:00,A13,L,13.7,4,lane_closed
2026-09-17T01:51+02:00,A15,L,63.56,2,speedlimit
2026-09-17T01:51+02:00,A13,L,14.2,4,lane_closed
2026-09-17T01:51+02:00,A15,L,45.86,1,speedlimit
2026-09-17T01:51+02:00,A4,h,46.4,1,speedlimit
2026-09-17T01:51+02:00,A16,R,31.74,2,speedlimit
2026-09-17T01:51+02:00,A15,L,48.332,1,speedlimit
2026-09-17T01:51+02:00,A20,t,29.6,1,speedlimit
2026-09-17T01:51+02:00,A16,R,33.43,1,lane_closed
2026-09-17T01:51+02:00,A15,L,65.685,4,speedlimit
2026-09-17T01:51+02:00,A15,L,48.05,1,speedlimit
2026-09-17T01:51+02:00,A20,R,29.8,4,speedlimit
2026-09-17T01:51+02:00,A4,L,8.14,3,lane_closed
2026-09-17T01:51+02:00,A16,R,34.068,1,lane_closed
2026-09-17T01:51+02:00,A13,R,18.7,2,speedlimit
2026-09-17T01:51+02:00,A15,L,58.47,3,lane_closed
2026-09-17T01:51+02:00,A15,h,155.72,1,lane_closed
2026-09-17T01:51+02:00,A20,R,27.488,1,speedlimit
2026-09-17T01:51+02:00,A15,L,46.614,2,speedlimit
2026-09-17T01:51+02:00,A16,L,48.03,3,speedlimit
2026-09-17T01:51+02:00,A20,R,29.5,2,speedlimit
2026-09-17T01:51+02:00,A20,L,27.2,2,speedlimit
2026-09-17T01:51+02:00,A16,R,32.518,1,lane_closed_ahead
2026-09-17T01:51+02:00,A4,L,9.653,1,lane_closed
2026-09-17T01:51+02:00,A13,R,18.963,1,speedlimit
2026-09-17T01:51+02:00,A4,L,10.831,2,lane_closed
2026-09-17T01:51+02:00,A13,L,17.1,1,speedlimit
2026-09-17T01:51+02:00,A4,L,38.01,2,speedlimit
2026-09-17T01:51+02:00,A16,R,31.25,1,speedlimit
2026-09-17T01:51+02:00,A20,L,31.88,3,speedlimit
2026-09-17T01:51+02:00,A16,R,34.832,2,lane_closed
2026-09-17T01:51+02:00,A13,L,17.1,4,speedlimit
2026-09-17T01:51+02:00,A4,L,7.072,2,lane_closed
2026-09-17T01:51+02:00,A4,L,42.775,4,lane_closed
2026-09-17T01:51+02:00,A13,R,16.655,2,speedlimit
2026-09-17T01:51+02:00,A15,L,56.8,3,lane_closed
2026-09-17T01:51+02:00,A13,L,15.55,5,lane_closed
2026-09-17T01:51+02:00,A4,L,12.15,4,speedlimit
2026-09-17T01:51+02:00,A15,L,156.35,2,speedlimit
2026-09-17T01:51+02:00,A4,L,7.072,4,lane_closed
2026-09-17T01:51+02:00,A4,L,10.831,4,lane_closed
2026-09-17T01:51+02:00,A15,L,47.07,1,speedlimit
2026-09-17T01:51+02:00,A15,L,45.61,5,lane_closed
2026-09-17T01:51+02:00,A4,L,37.53,1,speedlimit
2026-09-17T01:51+02:00,A15,L,46.17,3,lane_closed
2026-09-17T01:51+02:00,A4,L,11.62,2,lane_closed
2026-09-17T01:51+02:00,A4,L,50.253,1,lane_closed
2026-09-17T01:51+02:00,A15,n,58.0,2,speedlimit
2026-09-17T01:51+02:00,A20,L,32.8,3,speedlimit
2026-09-17T01:51+02:00,A15,L,48.69,4,speedlimit
2026-09-17T01:51+02:00,A15,n,58.0,3,speedlimit
2026-09-17T01:51+02:00,A4,L,7.369,2,lane_closed
2026-09-17T01:51+02:00,A20,R,30.196,1,speedlimit
2026-09-17T01:51+02:00,A20,L,29.826,4,speedlimit
2026-09-17T01:51+02:00,A16,R,32.933,4,speedlimit
2026-09-17T01:51+02:00,A4,L,10.318,1,lane_closed
2026-09-17T01:51+02:00,A20,s,29.6,1,speedlimit
2026-09-17T01:51+02:00,A4,L,7.526,3,lane_closed
2026-09-17T01:51+02:00,A20,L,28.57,2,speedlimit
2026-09-17T01:51+02:00,A20,R,30.6,2,speedlimit
2026-09-17T01:51+02:00,A4,L,10.318,3,lane_closed
2026-09-17T01:51+02:00,A15,L,45.86,2,speedlimit
2026-09-17T01:51+02:00,A15,L,65.25,3,speedlimit
2026-09-17T01:51+02:00,A15,L,48.332,2,speedlimit
2026-09-17T01:51+02:00,A13,L,17.1,2,speedlimit
2026-09-17T01:51+02:00,A15,j,155.49,1,speedlimit
2026-09-17T01:51+02:00,A4,L,9.355,5,speedlimit
2026-09-17T01:51+02:00,A15,L,45.61,3,lane_closed
2026-09-17T01:51+02:00,A4,L,11.62,5,speedlimit
2026-09-17T01:51+02:00,A20,L,28.57,3,speedlimit
2026-09-17T01:51+02:00,A16,R,34.304,1,lane_closed
2026-09-17T01:51+02:00,A15,L,64.67,3,speedlimit
2026-09-17T01:51+02:00,A20,R,26.4,4,speedlimit
2026-09-17T01:51+02:00,A20,R,30.196,2,speedlimit
2026-09-17T01:51+02:00,A13,R,17.8,3,speedlimit
2026-09-17T01:51+02:00,A15,R,44.12,2,speedlimit
2026-09-17T01:51+02:00,A15,L,57.78,2,speedlimit
2026-09-17T01:51+02:00,A16,R,32.22,1,speedlimit
2026-09-17T01:51+02:00,A4,L,43.18,3,speedlimit
2026-09-17T01:51+02:00,A15,n,95.855,2,speedlimit
2026-09-17T02:48+02:00,A4,L,7.369,4,lane_closed
2026-09-17T02:48+02:00,A15,n,58.0,1,lane_closed
2026-09-17T02:48+02:00,A15,R,44.44,2,speedlimit
2026-09-17T02:48+02:00,A4,L,11.24,2,lane_closed
2026-09-17T02:48+02:00,A13,L,16.7,1,speedlimit
2026-09-17T02:48+02:00,A15,L,157.2,2,speedlimit
2026-09-17T02:48+02:00,A4,L,9.085,3,lane_closed
2026-09-17T02:48+02:00,A4,L,12.766,4,speedlimit
2026-09-17T02:48+02:00,A4,L,37.53,5,lane_closed
2026-09-17T02:48+02:00,A15,y,55.79,1,lane_closed
2026-09-17T02:48+02:00,A20,L,30.196,2,speedlimit
2026-09-17T02:48+02:00,A16,R,32.22,3,speedlimit
2026-09-17T02:48+02:00,A4,L,10.831,5,speedlimit
2026-09-17T02:48+02:00,A13,R,16.655,1,speedlimit
2026-09-17T02:48+02:00,A15,R,153.745,2,speedlimit
2026-09-17T02:48+02:00,A4,L,13.747,6,speedlimit
2026-09-17T02:48+02:00,A4,L,12.15,2,lane_closed
2026-09-17T02:48+02:00,A15,L,48.332,4,speedlimit
2026-09-17T02:48+02:00,A13,R,17.1,2,speedlimit
2026-09-17T02:48+02:00,A15,y,56.085,3,speedlimit
2026-09-17T02:48+02:00,A4,L,6.902,1,lane_closed
2026-09-17T02:48+02:00,A4,m,35.48,2,speedlimit
2026-09-17T02:48+02:00,A4,L,42.19,4,lane_closed
2026-09-17T02:48+02:00,A15,R,44.44,3,speedlimit
2026-09-17T02:48+02:00,A4,L,13.25,4,speedlimit
2026-09-17T02:48+02:00,A4,L,48.24,3,speedlimit
2026-09-17T02:48+02:00,A4,L,9.355,1,lane_closed
2026-09-17T02:48+02:00,A4,L,9.355,4,lane_closed
2026-09-17T02:48+02:00,A15,R,43.57,4,speedlimit
2026-09-17T02:48+02:00,A15,L,48.69,1,speedlimit
2026-09-17T02:48+02:00,A4,L,43.18,2,speedlimit
2026-09-17T02:48+02:00,A15,L,45.61,2,speedlimit
2026-09-17T02:48+02:00,A15,L,59.95,2,speedlimit
2026-09-17T02:48+02:00,A4,L,11.24,5,speedlimit
2026-09-17T02:48+02:00,A13,R,18.5,1,speedlimit
2026-09-17T02:48+02:00,A4,L,8.635,1,lane_closed
2026-09-17T02:48+02:00,A15,L,46.356,3,lane_closed
2026-09-17T02:48+02:00,A15,L,46.17,1,speedlimit
2026-09-17T02:48+02:00,A4,L,49.37,1,lane_closed
2026-09-17T02:48+02:00,A15,L,56.085,3,lane_closed
2026-09-17T02:48+02:00,A29,u,10.13,1,speedlimit
2026-09-17T02:48+02:00,A20,L,29.5,2,speedlimit
2026-09-17T02:48+02:00,A4,L,37.53,3,speedlimit
2026-09-17T02:48+02:00,A29,u,9.49,1,lane_closed_ahead
2026-09-17T02:48+02:00,A13,R,18.5,4,speedlimit
2026-09-17T02:48+02:00,A15,R,43.57,2,speedlimit
2026-09-17T02:48+02:00,A13,R,18.2,3,speedlimit
2026-09-17T02:48+02:00,A20,R,28.1,1,speedlimit
2026-09-17T02:48+02:00,A20,R,30.196,3,speedlimit
2026-09-17T02:48+02:00,A4,L,13.25,3,speedlimit
2026-09-17T02:48+02:00,A15,L,58.47,1,speedlimit
2026-09-17T02:48+02:00,A20,L,36.94,1,lane_closed
2026-09-17T02:48+02:00,A4,R,2.367,4,lane_closed
2026-09-17T02:48+02:00,A15,n,95.855,3,speedlimit
2026-09-17T02:48+02:00,A4,L,50.798,3,speedlimit
2026-09-17T02:48+02:00,A13,R,17.8,2,speedlimit
2026-09-17T02:48+02:00,A20,s,29.6,2,speedlimit
2026-09-17T02:48+02:00,A15,L,65.25,2,speedlimit
2026-09-17T02:48+02:00,A15,L,65.685,3,speedlimit
2026-09-17T02:48+02:00,A4,L,7.841,3,lane_closed
2026-09-17T02:48+02:00,A4,L,10.318,4,lane_closed
2026-09-17T02:48+02:00,A15,x,46.135,3,speedlimit
2026-09-17T02:48+02:00,A4,m,35.13,1,speedlimit
2026-09-17T02:48+02:00,A4,L,11.62,3,lane_closed
2026-09-17T02:48+02:00,A15,L,47.68,1,speedlimit
2026-09-17T02:48+02:00,A4,L,9.355,6,speedlimit
2026-09-17T02:48+02:00,A20,R,26.93,4,speedlimit
2026-09-17T02:48+02:00,A20,R,28.57,3,speedlimit
2026-09-17T02:48+02:00,A15,L,56.8,1,speedlimit
2026-09-17T02:48+02:00,A15,L,45.61,1,speedlimit
2026-09-17T02:48+02:00,A16,R,31.74,5,lane_closed
2026-09-17T02:48+02:00,A4,L,9.085,2,lane_closed
2026-09-17T02:48+02:00,A4,L,2.447,4,lane_closed
2026-09-17T02:48+02:00,A15,L,46.864,1,speedlimit
2026-09-17T02:48+02:00,A13,L,18.8,2,speedlimit
2026-09-17T02:48+02:00,A20,R,27.235,1,speedlimit
2026-09-17T02:48+02:00,A20,L,28.41,2,speedlimit
2026-09-17T02:48+02:00,A15,n,58.5,1,lane_closed
2026-09-17T02:48+02:00,A16,R,31.25,4,speedlimit
2026-09-17T02:48+02:00,A15,L,57.78,1,speedlimit
2026-09-17T02:48+02:00,A20,R,27.79,2,speedlimit
2026-09-17T02:48+02:00,A13,R,18.5,3,speedlimit
2026-09-17T02:48+02:00,A20,R,28.57,4,speedlimit
2026-09-17T02:48+02:00,A20,R,31.26,4,speedlimit
2026-09-17T02:48+02:00,A20,L,29.826,2,speedlimit
2026-09-17T02:48+02:00,A20,L,35.925,1,lane_closed
2026-09-17T02:48+02:00,A15,L,48.05,3,lane_closed
2026-09-17T02:48+02:00,A20,L,28.57,1,speedlimit
2026-09-17T02:48+02:00,A4,n,43.673,1,speedlimit
2026-09-17T02:48+02:00,A16,R,32.22,5,lane_closed
2026-09-17T02:48+02:00,A4,L,47.88,1,lane_closed
2026-09-17T02:48+02:00,A4,L,48.79,2,speedlimit
2026-09-17T02:48+02:00,A20,R,29.5,4,speedlimit
2026-09-17T02:48+02:00,A4,L,49.84,1,lane_closed
2026-09-17T02:48+02:00,A15,x,46.135,1,speedlimit
2026-09-17T02:48+02:00,A4,L,7.526,2,lane_closed
2026-09-17T02:48+02:00,A15,L,156.35,1,speedlimit
2026-09-17T02:48+02:00,A15,n,58.9,1,speedlimit
2026-09-17T02:48+02:00,A4,L,7.072,1,lane_closed
2026-09-17T02:48+02:00,A16,R,31.74,4,speedlimit
2026-09-17T02:48+02:00,A20,R,28.1,2,speedlimit
2026-09-17T02:48+02:00,A20,R,26.64,1,speedlimit
2026-09-17T02:48+02:00,A15,L,64.2,2,speedlimit
2026-09-17T02:48+02:00,A4,L,7.841,4,lane_closed
2026-09-17T02:48+02:00,A4,L,50.798,4,speedlimit
2026-09-17T02:48+02:00,A4,L,41.6,4,lane_closed
2026-09-17T02:48+02:00,A15,L,46.356,2,speedlimit
2026-09-17T02:48+02:00,A20,L,32.8,2,speedlimit
2026-09-17T02:48+02:00,A4,L,8.14,2,lane_closed
2026-09-17T02:48+02:00,A16,L,48.03,1,speedlimit
2026-09-17T02:48+02:00,A15,L,65.25,4,speedlimit
2026-09-17T02:48+02:00,A13,L,17.1,3,speedlimit
2026-09-17T02:48+02:00,A15,R,153.745,3,lane_closed
2026-09-17T02:48+02:00,A15,L,47.07,2,speedlimit
2026-09-17T02:48+02:00,A4,L,7.22,3,lane_closed
2026-09-17T02:48+02:00,A15,q,57.3,2,speedlimit
2026-09-17T02:48+02:00,A15,L,59.2,1,speedlimit
2026-09-17T02:48+02:00,A20,L,36.625,1,lane_closed
2026-09-17T02:48+02:00,A15,R,44.12,3,speedlimit
2026-09-17T02:48+02:00,A4,L,9.355,3,lane_closed
2026-09-17T02:48+02:00,A15,R,43.86,2,speedlimit
2026-09-17T02:48+02:00,A15,L,46.614,1,speedlimit
2026-09-17T02:48+02:00,A15,y,55.79,3,speedlimit
2026-09-17T02:48+02:00,A15,R,153.325,1,speedlimit
2026-09-17T02:48+02:00,A15,h,155.72,2,speedlimit
2026-09-17T02:48+02:00,A4,L,47.88,2,speedlimit
2026-09-17T02:48+02:00,A15,R,43.86,4,lane_closed_ahead
2026-09-17T02:48+02:00,A20,L,27.488,1,speedlimit
2026-09-17T02:48+02:00,A20,L,27.2,1,speedlimit
2026-09-17T02:48+02:00,A4,h,46.06,2,speedlimit
2026-09-17T02:48+02:00,A20,L,27.8,2,speedlimit
2026-09-17T02:48+02:00,A15,L,46.758,3,lane_closed
2026-09-17T02:48+02:00,A4,L,12.766,3,speedlimit
2026-09-17T02:48+02:00,A13,L,18.2,3,speedlimit
2026-09-17T02:48+02:00,A15,h,155.205,1,lane_closed
2026-09-17T02:48+02:00,A15,L,46.758,2,speedlimit
2026-09-17T02:48+02:00,A15,L,157.2,1,speedlimit
2026-09-17T02:48+02:00,A15,y,55.79,2,speedlimit
2026-09-17T02:48+02:00,A4,n,10.243,1,speedlimit
2026-09-17T02:48+02:00,A4,L,9.653,2,lane_closed
2026-09-17T02:48+02:00,A20,L,31.88,1,speedlimit
2026-09-17T02:48+02:00,A13,L,16.7,2,speedlimit
2026-09-17T02:48+02:00,A20,L,30.9,2,speedlimit
2026-09-17T02:48+02:00,A16,R,31.25,5,lane_closed_ahead
2026-09-17T02:48+02:00,A4,L,9.355,2,lane_closed
2026-09-17T02:48+02:00,A15,y,45.86,2,speedlimit
2026-09-17T02:48+02:00,A20,L,28.085,1,speedlimit
2026-09-17T02:48+02:00,A15,L,48.69,2,speedlimit
2026-09-17T02:48+02:00,A4,L,38.01,1,speedlimit
2026-09-17T02:48+02:00,A15,L,48.69,3,speedlimit
2026-09-17T02:48+02:00,A15,n,58.5,3,speedlimit
2026-09-17T02:48+02:00,A16,R,32.22,2,speedlimit
2026-09-17T02:48+02:00,A20,R,30.6,1,speedlimit
2026-09-17T02:48+02:00,A13,R,17.1,3,speedlimit
2026-09-17T02:48+02:00,A15,R,153.745,1,speedlimit
2026-09-17T02:48+02:00,A15,R,44.12,5,speedlimit
2026-09-17T02:48+02:00,A20,R,26.93,3,speedlimit
2026-09-17T02:48+02:00,A20,L,31.4,1,speedlimit
2026-09-17T02:48+02:00,A4,L,48.24,1,lane_closed
2026-09-17T02:48+02:00,A15,L,48.332,3,lane_closed_ahead
2026-09-17T02:48+02:00,A4,L,13.747,1,speedlimit
2026-09-17T02:48+02:00,A4,L,42.775,2,speedlimit
2026-09-17T02:48+02:00,A4,L,7.526,4,lane_closed
2026-09-17T02:48+02:00,A4,L,8.14,4,lane_closed
2026-09-17T02:48+02:00,A20,L,31.1,2,speedlimit
2026-09-17T02:48+02:00,A13,g,18.7,2,speedlimit
2026-09-17T02:48+02:00,A15,L,65.685,2,speedlimit
2026-09-17T02:48+02:00,A20,L,31.4,2,speedlimit
2026-09-17T02:48+02:00,A4,L,49.84,3,speedlimit
2026-09-17T02:48+02:00,A4,L,7.072,3,lane_closed
2026-09-17T02:48+02:00,A4,L,13.25,1,lane_closed_ahead
2026-09-17T02:48+02:00,A4,m,35.13,2,speedlimit
2026-09-17T02:48+02:00,A29,u,9.49,2,speedlimit
2026-09-17T02:48+02:00,A4,n,43.673,2,speedlimit
2026-09-17T02:48+02:00,A13,L,15.9,3,lane_closed
2026-09-17T02:48+02:00,A4,L,7.841,2,lane_closed
2026-09-17T02:48+02:00,A15,L,47.07,3,lane_closed
2026-09-17T02:48+02:00,A4,L,9.653,4,lane_closed
2026-09-17T02:48+02:00,A15,R,43.57,1,speedlimit
2026-09-17T02:48+02:00,A13,R,16.2,1,speedlimit
2026-09-17T02:48+02:00,A13,R,18.5,2,speedlimit
2026-09-17T02:48+02:00,A20,L,30.196,1,speedlimit
2026-09-17T02:48+02:00,A15,L,58.47,2,speedlimit
2026-09-17T02:48+02:00,A20,R,27.79,1,speedlimit
2026-09-17T02:48+02:00,A15,L,57.78,3,lane_closed
2026-09-17T02:48+02:00,A20,L,29.826,1,speedlimit
2026-09-17T02:48+02:00,A15,e,154.0,1,lane_closed
2026-09-17T02:48+02:00,A15,L,46.469,2,speedlimit
2026-09-17T02:48+02:00,A4,L,13.747,2,speedlimit
2026-09-17T02:48+02:00,A15,L,45.86,4,lane_closed
2026-09-17T02:48+02:00,A4,L,13.25,2,speedlimit
2026-09-17T02:48+02:00,A15,R,44.12,1,speedlimit
2026-09-17T02:48+02:00,A15,y,45.61,2,speedlimit
2026-09-17T02:48+02:00,A4,L,8.635,2,lane_closed
2026-09-17T02:48+02:00,A20,R,28.41,2,speedlimit
2026-09-17T02:48+02:00,A4,L,6.902,4,lane_closed
2026-09-17T02:48+02:00,A15,R,43.86,1,speedlimit
2026-09-17T02:48+02:00,A4,L,42.775,3,lane_closed_ahead
2026-09-17T02:48+02:00,A20,R,29.1,1,speedlimit
2026-09-17T02:48+02:00,A4,L,12.15,1,lane_closed
2026-09-17T02:48+02:00,A13,R,17.8,1,speedlimit
2026-09-17T02:48+02:00,A20,R,28.41,1,speedlimit
2026-09-17T02:48+02:00,A20,R,31.9,2,speedlimit
2026-09-17T02:48+02:00,A20,L,31.1,3,speedlimit
2026-09-17T02:48+02:00,A15,y,45.61,1,speedlimit
2026-09-17T02:48+02:00,A15,q,57.3,1,speedlimit
2026-09-17T02:48+02:00,A15,h,153.39,2,lane_closed
2026-09-17T02:48+02:00,A20,R,27.488,2,speedlimit
2026-09-17T02:48+02:00,A20,t,28.895,1,speedlimit
2026-09-17T02:48+02:00,A4,L,11.24,1,lane_closed
2026-09-17T02:48+02:00,A20,L,32.8,1,speedlimit
2026-09-17T02:48+02:00,A4,L,9.653,6,speedlimit
2026-09-17T02:48+02:00,A15,L,47.332,3,lane_closed
2026-09-17T02:48+02:00,A20,R,28.8,2,speedlimit
2026-09-17T02:48+02:00,A4,L,49.37,3,speedlimit
2026-09-17T02:48+02:00,A15,L,56.8,2,speedlimit
2026-09-17T02:48+02:00,A20,L,31.1,1,speedlimit
2026-09-17T02:48+02:00,A13,L,16.19,3,lane_closed
2026-09-17T02:48+02:00,A15,L,59.2,2,speedlimit
2026-09-17T02:48+02:00,A13,L,15.035,5,lane_closed
2026-09-17T02:48+02:00,A15,L,48.05,4,speedlimit
2026-09-17T02:48+02:00,A4,L,12.766,2,lane_closed_ahead
2026-09-17T02:48+02:00,A20,L,27.8,1,speedlimit
2026-09-17T02:48+02:00,A15,L,57.3,1,speedlimit
2026-09-17T02:48+02:00,A15,L,47.332,2,speedlimit
2026-09-17T02:48+02:00,A20,R,29.1,2,speedlimit
2026-09-17T02:48+02:00,A13,g,18.7,1,speedlimit
2026-09-17T02:48+02:00,A4,L,13.747,7,speedlimit
2026-09-17T02:48+02:00,A20,R,28.57,2,speedlimit
2026-09-17T02:48+02:00,A20,R,26.64,2,speedlimit
2026-09-17T02:48+02:00,A4,L,7.22,2,lane_closed
2026-09-17T02:48+02:00,A4,L,41.6,1,speedlimit
2026-09-17T02:48+02:00,A15,L,46.864,3,lane_closed
2026-09-17T02:48+02:00,A15,L,64.2,3,speedlimit
2026-09-17T02:48+02:00,A20,L,29.1,1,speedlimit
2026-09-17T02:48+02:00,A13,L,18.2,1,speedlimit
2026-09-17T02:48+02:00,A15,L,59.2,3,lane_closed_ahead
2026-09-17T02:48+02:00,A15,L,59.95,3,speedlimit
2026-09-17T02:48+02:00,A15,L,64.67,2,speedlimit
2026-09-17T02:48+02:00,A13,L,12.7,4,lane_closed
2026-09-17T02:48+02:00,A20,L,31.88,2,speedlimit
2026-09-17T02:48+02:00,A20,L,28.085,2,speedlimit
2026-09-17T02:48+02:00,A15,x,46.135,2,speedlimit
2026-09-17T02:48+02:00,A4,m,35.8,2,speedlimit
2026-09-17T02:48+02:00,A20,R,30.6,3,speedlimit
2026-09-17T02:48+02:00,A20,L,35.52,1,lane_closed
2026-09-17T02:48+02:00,A4,L,48.79,1,lane_closed
2026-09-17T02:48+02:00,A20,R,29.8,2,speedlimit
2026-09-17T02:48+02:00,A15,L,64.2,1,lane_closed
2026-09-17T02:48+02:00,A20,R,27.235,2,speedlimit
2026-09-17T02:48+02:00,A4,L,43.18,1,speedlimit
2026-09-17T02:48+02:00,A20,L,37.3,1,lane_closed
2026-09-17T02:48+02:00,A13,R,18.2,1,speedlimit
2026-09-17T02:48+02:00,A15,y,45.86,1,speedlimit
2026-09-17T02:48+02:00,A16,R,31.25,2,speedlimit
2026-09-17T02:48+02:00,A4,L,10.831,1,lane_closed
2026-09-17T02:48+02:00,A4,L,11.24,4,speedlimit
2026-09-17T02:48+02:00,A4,L,10.831,3,lane_closed
2026-09-17T02:48+02:00,A4,L,13.747,3,speedlimit
2026-09-17T02:48+02:00,A15,L,65.25,1,lane_closed_ahead
2026-09-17T02:48+02:00,A4,L,12.766,5,speedlimit
2026-09-17T02:48+02:00,A15,e,95.55,1,speedlimit
2026-09-17T02:48+02:00,A4,L,6.592,3,lane_closed
2026-09-17T02:48+02:00,A13,e,19.1,1,speedlimit
2026-09-17T02:48+02:00,A4,L,12.15,5,speedlimit
2026-09-17T02:48+02:00,A4,L,38.01,3,speedlimit
2026-09-17T02:48+02:00,A4,L,8.14,1,lane_closed
2026-09-17T02:48+02:00,A13,L,17.8,3,speedlimit
2026-09-17T02:48+02:00,A4,m,35.8,3,lane_closed
2026-09-17T02:48+02:00,A16,R,31.74,1,speedlimit
2026-09-17T02:48+02:00,A4,L,41.6,2,speedlimit
2026-09-17T02:48+02:00,A15,L,56.8,4,lane_closed
2026-09-17T02:48+02:00,A20,R,31.26,1,speedlimit
2026-09-17T02:48+02:00,A4,L,7.526,1,lane_closed
2026-09-17T02:48+02:00,A4,L,42.775,1,speedlimit
2026-09-17T02:48+02:00,A4,L,7.841,1,lane_closed
2026-09-17T02:48+02:00,A15,L,56.085,2,speedlimit
2026-09-17T02:48+02:00,A15,L,47.332,1,speedlimit
2026-09-17T02:48+02:00,A20,L,29.826,3,speedlimit
2026-09-17T02:48+02:00,A15,L,46.614,3,lane_closed
2026-09-17T02:48+02:00,A4,L,42.19,2,speedlimit
2026-09-17T02:48+02:00,A20,R,31.9,1,speedlimit
2026-09-17T02:48+02:00,A4,h,45.58,3,lane_closed
2026-09-17T02:48+02:00,A20,L,29.5,1,speedlimit
2026-09-17T02:48+02:00,A20,R,28.8,3,speedlimit
2026-09-17T02:48+02:00,A20,R,29.5,1,speedlimit
2026-09-17T02:48+02:00,A4,L,10.318,2,lane_closed
2026-09-17T02:48+02:00,A15,L,46.469,1,speedlimit
2026-09-17T02:48+02:00,A15,h,154.74,1,lane_closed
2026-09-17T02:48+02:00,A4,L,13.747,5,speedlimit
2026-09-17T02:48+02:00,A15,R,44.44,1,speedlimit
2026-09-17T02:48+02:00,A15,L,156.8,1,speedlimit
2026-09-17T02:48+02:00,A15,L,57.3,4,lane_closed
2026-09-17T02:48+02:00,A15,R,43.86,5,speedlimit
2026-09-17T02:48+02:00,A15,L,46.17,2,speedlimit
2026-09-17T02:48+02:00,A13,L,11.25,4,lane_closed
2026-09-17T02:48+02:00,A20,L,30.9,1,speedlimit
2026-09-17T02:48+02:00,A4,L,6.592,2,lane_closed
2026-09-17T02:48+02:00,A15,y,56.085,2,speedlimit
2026-09-17T02:48+02:00,A4,L,43.18,4,lane_closed_ahead
2026-09-17T02:48+02:00,A13,R,18.2,4,speedlimit
2026-09-17T02:48+02:00,A16,R,32.22,4,speedlimit
2026-09-17T02:48+02:00,A15,r,45.853,2,speedlimit
2026-09-17T02:48+02:00,A15,e,154.59,1,lane_closed
2026-09-17T02:48+02:00,A15,L,46.864,2,speedlimit
2026-09-17T02:48+02:00,A13,R,18.7,1,speedlimit
2026-09-17T02:48+02:00,A15,L,64.67,5,speedlimit
2026-09-17T02:48+02:00,A4,m,35.8,1,speedlimit
2026-09-17T02:48+02:00,A4,L,11.24,3,lane_closed
2026-09-17T02:48+02:00,A4,L,50.798,2,speedlimit
2026-09-17T02:48+02:00,A15,n,95.855,1,speedlimit
2026-09-17T02:48+02:00,A20,c,27.488,1,speedlimit
2026-09-17T02:48+02:00,A20,R,31.9,3,speedlimit
2026-09-17T02:48+02:00,A13,R,16.655,3,speedlimit
2026-09-17T02:48+02:00,A4,L,7.22,4,lane_closed
2026-09-17T02:48+02:00,A4,L,50.253,3,speedlimit
2026-09-17T02:48+02:00,A15,L,47.68,2,speedlimit
2026-09-17T02:48+02:00,A20,L,29.1,2,speedlimit
2026-09-17T02:48+02:00,A15,L,63.56,1,lane_closed
2026-09-17T02:48+02:00,A20,R,29.8,3,speedlimit
2026-09-17T02:48+02:00,A13,L,18.2,2,speedlimit
2026-09-17T02:48+02:00,A20,R,26.4,3,speedlimit
2026-09-17T02:48+02:00,A4,L,9.085,4,lane_closed
2026-09-17T02:48+02:00,A4,L,38.01,4,speedlimit
2026-09-17T02:48+02:00,A15,R,43.86,3,speedlimit
2026-09-17T02:48+02:00,A4,L,50.253,2,speedlimit
2026-09-17T02:48+02:00,A20,R,26.93,1,speedlimit
2026-09-17T02:48+02:00,A4,n,49.18,3,speedlimit
2026-09-17T02:48+02:00,A15,L,56.085,1,speedlimit
2026-09-17T02:48+02:00,A4,L,6.592,1,lane_closed
2026-09-17T02:48+02:00,A20,R,26.4,2,speedlimit
2026-09-17T02:48+02:00,A15,L,45.61,4,lane_closed
2026-09-17T02:48+02:00,A15,L,59.95,1,speedlimit
2026-09-17T02:48+02:00,A15,x,44.44,2,speedlimit
2026-09-17T02:48+02:00,A15,R,153.325,2,speedlimit
2026-09-17T02:48+02:00,A15,L,63.56,3,speedlimit
2026-09-17T02:48+02:00,A20,L,27.488,2,speedlimit
2026-09-17T02:48+02:00,A15,R,44.12,4,lane_closed
2026-09-17T02:48+02:00,A20,L,30.196,3,speedlimit
2026-09-17T02:48+02:00,A4,L,50.798,1,speedlimit
2026-09-17T02:48+02:00,A4,h,46.06,1,speedlimit
2026-09-17T02:48+02:00,A4,L,42.19,1,speedlimit
2026-09-17T02:48+02:00,A4,n,49.18,2,speedlimit
2026-09-17T02:48+02:00,A20,L,28.41,1,speedlimit
2026-09-17T02:48+02:00,A13,L,13.18,4,lane_closed
2026-09-17T02:48+02:00,A15,x,44.44,1,lane_closed
2026-09-17T02:48+02:00,A13,L,17.8,2,speedlimit
2026-09-17T02:48+02:00,A15,L,46.469,3,lane_closed
2026-09-17T02:48+02:00,A15,x,45.853,1,speedlimit
2026-09-17T02:48+02:00,A15,L,48.05,2,speedlimit
2026-09-17T02:48+02:00,A4,L,12.766,1,lane_closed
2026-09-17T02:48+02:00,A20,R,28.57,1,speedlimit
2026-09-17T02:48+02:00,A4,L,8.635,4,lane_closed
2026-09-17T02:48+02:00,A29,u,10.13,2,speedlimit
2026-09-17T02:48+02:00,A15,y,56.085,1,lane_closed
2026-09-17T02:48+02:00,A20,R,30.196,4,speedlimit
2026-09-17T02:48+02:00,A4,m,35.48,1,speedlimit
2026-09-17T02:48+02:00,A4,m,35.48,3,lane_closed_ahead
2026-09-17T02:48+02:00,A4,L,6.902,2,lane_closed
2026-09-17T02:48+02:00,A4,L,49.84,2,lane_closed_ahead
2026-09-17T02:48+02:00,A20,t,29.6,2,speedlimit
2026-09-17T02:48+02:00,A20,L,38.3,1,lane_closed_ahead
2026-09-17T02:48+02:00,A15,L,46.356,1,speedlimit
2026-09-17T02:48+02:00,A15,L,57.3,2,speedlimit
2026-09-17T02:48+02:00,A4,n,10.243,2,speedlimit
2026-09-17T02:48+02:00,A15,L,64.67,4,speedlimit
2026-09-17T02:48+02:00,A4,L,9.653,3,lane_closed
2026-09-17T02:48+02:00,A15,h,154.29,1,lane_closed
2026-09-17T02:48+02:00,A4,L,8.635,3,lane_closed
2026-09-17T02:48+02:00,A15,h,153.39,1,lane_closed
2026-09-17T02:48+02:00,A4,L,9.653,5,speedlimit
2026-09-17T02:48+02:00,A15,L,65.685,1,speedlimit
2026-09-17T02:48+02:00,A15,L,64.67,1,lane_closed
2026-09-17T02:48+02:00,A15,r,45.853,1,speedlimit
2026-09-17T02:48+02:00,A4,L,13.25,5,speedlimit
2026-09-17T02:48+02:00,A16,L,48.03,2,speedlimit
2026-09-17T02:48+02:00,A4,L,13.747,4,speedlimit
2026-09-17T02:48+02:00,A16,R,31.74,3,speedlimit
2026-09-17T02:48+02:00,A4,L,7.369,3,lane_closed
2026-09-17T02:48+02:00,A20,R,26.93,2,speedlimit
2026-09-17T02:48+02:00,A20,L,30.9,3,speedlimit
2026-09-17T02:48+02:00,A13,L,18.8,3,speedlimit
2026-09-17T02:48+02:00,A4,L,7.22,1,lane_closed
2026-09-17T02:48+02:00,A20,L,37.8,1,lane_closed
2026-09-17T02:48+02:00,A20,R,28.8,1,speedlimit
2026-09-17T02:48+02:00,A4,L,48.24,2,speedlimit
2026-09-17T02:48+02:00,A16,b,32.5,1,lane_closed
2026-09-17T02:48+02:00,A4,L,42.19,3,lane_closed
2026-09-17T02:48+02:00,A15,L,45.86,3,lane_closed
2026-09-17T02:48+02:00,A13,L,18.8,1,speedlimit
2026-09-17T02:48+02:00,A4,L,47.88,3,speedlimit
2026-09-17T02:48+02:00,A4,L,11.62,1,lane_closed
2026-09-17T02:48+02:00,A4,h,46.4,2,speedlimit
2026-09-17T02:48+02:00,A15,q,56.8,1,speedlimit
2026-09-17T02:48+02:00,A4,L,10.831,6,speedlimit
2026-09-17T02:48+02:00,A15,L,46.758,1,speedlimit
2026-09-17T02:48+02:00,A13,R,16.2,2,speedlimit
2026-09-17T02:48+02:00,A4,L,6.592,4,lane_closed
2026-09-17T02:48+02:00,A4,L,12.15,3,lane_closed_ahead
2026-09-17T02:48+02:00,A20,L,31.4,3,speedlimit
2026-09-17T02:48+02:00,A16,R,31.25,3,speedlimit
2026-09-17T02:48+02:00,A15,L,57.3,3,lane_closed
2026-09-17T02:48+02:00,A20,L,30.196,4,speedlimit
2026-09-17T02:48+02:00,A4,L,37.53,2,speedlimit
2026-09-17T02:48+02:00,A15,R,43.57,3,speedlimit
2026-09-17T02:48+02:00,A13,R,18.2,2,speedlimit
2026-09-17T02:48+02:00,A4,L,6.902,3,lane_closed
2026-09-17T02:48+02:00,A13,L,17.8,1,speedlimit
2026-09-17T02:48+02:00,A20,R,29.8,1,speedlimit
2026-09-17T02:48+02:00,A20,R,31.26,2,speedlimit
2026-09-17T02:48+02:00,A4,L,50.253,4,speedlimit
2026-09-17T02:48+02:00,A4,L,48.24,4,speedlimit
2026-09-17T02:48+02:00,A15,L,156.8,2,speedlimit
2026-09-17T02:48+02:00,A4,n,49.18,1,speedlimit
2026-09-17T02:48+02:00,A20,R,31.26,3,speedlimit
2026-09-17T02:48+02:00,A4,L,41.6,3,lane_closed
2026-09-17T02:48+02:00,A20,R,26.64,3,speedlimit
2026-09-17T02:48+02:00,A20,R,26.64,4,speedlimit
2026-09-17T02:48+02:00,A15,n,58.5,2,speedlimit
2026-09-17T02:48+02:00,A20,R,26.4,1,speedlimit
2026-09-17T02:48+02:00,A13,R,17.1,1,speedlimit
2026-09-17T02:48+02:00,A4,L,7.369,1,lane_closed
2026-09-17T02:48+02:00,A4,L,37.53,4,speedlimit
2026-09-17T02:48+02:00,A4,L,9.085,1,lane_closed
2026-09-17T02:48+02:00,A20,R,29.5,3,speedlimit
2026-09-17T02:48+02:00,A13,L,13.7,4,lane_closed
2026-09-17T02:48+02:00,A15,L,63.56,2,speedlimit
2026-09-17T02:48+02:00,A13,L,14.2,4,lane_closed
2026-09-17T02:48+02:00,A15,L,45.86,1,speedlimit
2026-09-17T02:48+02:00,A4,h,46.4,1,speedlimit
2026-09-17T02:48+02:00,A16,R,31.74,2,speedlimit
2026-09-17T02:48+02:00,A15,L,48.332,1,speedlimit
2026-09-17T02:48+02:00,A20,t,29.6,1,speedlimit
2026-09-17T02:48+02:00,A15,L,65.685,4,speedlimit
2026-09-17T02:48+02:00,A15,L,48.05,1,speedlimit
2026-09-17T02:48+02:00,A20,R,29.8,4,speedlimit
2026-09-17T02:48+02:00,A4,L,8.14,3,lane_closed
2026-09-17T02:48+02:00,A13,R,18.7,2,speedlimit
2026-09-17T02:48+02:00,A15,L,58.47,3,lane_closed
2026-09-17T02:48+02:00,A4,L,49.37,2,lane_closed
2026-09-17T02:48+02:00,A15,h,155.72,1,lane_closed
2026-09-17T02:48+02:00,A20,R,27.488,1,speedlimit
2026-09-17T02:48+02:00,A15,L,46.614,2,speedlimit
2026-09-17T02:48+02:00,A16,L,48.03,3,speedlimit
2026-09-17T02:48+02:00,A20,R,29.5,2,speedlimit
2026-09-17T02:48+02:00,A20,L,27.2,2,speedlimit
2026-09-17T02:48+02:00,A4,L,9.653,1,lane_closed
2026-09-17T02:48+02:00,A13,R,18.963,1,speedlimit
2026-09-17T02:48+02:00,A4,L,10.831,2,lane_closed
2026-09-17T02:48+02:00,A13,L,17.1,1,speedlimit
2026-09-17T02:48+02:00,A4,L,38.01,2,speedlimit
2026-09-17T02:48+02:00,A16,R,31.25,1,speedlimit
2026-09-17T02:48+02:00,A20,L,31.88,3,speedlimit
2026-09-17T02:48+02:00,A13,L,17.1,4,speedlimit
2026-09-17T02:48+02:00,A4,L,7.072,2,lane_closed
2026-09-17T02:48+02:00,A4,L,42.775,4,lane_closed
2026-09-17T02:48+02:00,A13,R,16.655,2,speedlimit
2026-09-17T02:48+02:00,A15,L,56.8,3,lane_closed
2026-09-17T02:48+02:00,A13,L,15.55,5,lane_closed
2026-09-17T02:48+02:00,A4,L,12.15,4,speedlimit
2026-09-17T02:48+02:00,A15,L,156.35,2,speedlimit
2026-09-17T02:48+02:00,A4,L,7.072,4,lane_closed
2026-09-17T02:48+02:00,A4,L,10.831,4,lane_closed
2026-09-17T02:48+02:00,A15,L,47.07,1,speedlimit
2026-09-17T02:48+02:00,A15,L,45.61,5,lane_closed
2026-09-17T02:48+02:00,A4,L,37.53,1,speedlimit
2026-09-17T02:48+02:00,A15,L,46.17,3,lane_closed
2026-09-17T02:48+02:00,A4,L,11.62,2,lane_closed
2026-09-17T02:48+02:00,A4,L,50.253,1,lane_closed_ahead
2026-09-17T02:48+02:00,A15,n,58.0,2,speedlimit
2026-09-17T02:48+02:00,A20,L,32.8,3,speedlimit
2026-09-17T02:48+02:00,A4,L,47.88,4,speedlimit
2026-09-17T02:48+02:00,A15,L,48.69,4,speedlimit
2026-09-17T02:48+02:00,A15,n,58.0,3,speedlimit
2026-09-17T02:48+02:00,A4,L,7.369,2,lane_closed
2026-09-17T02:48+02:00,A20,R,30.196,1,speedlimit
2026-09-17T02:48+02:00,A20,L,29.826,4,speedlimit
2026-09-17T02:48+02:00,A4,L,10.318,1,lane_closed
2026-09-17T02:48+02:00,A20,s,29.6,1,speedlimit
2026-09-17T02:48+02:00,A4,L,7.526,3,lane_closed
2026-09-17T02:48+02:00,A20,L,28.57,2,speedlimit
2026-09-17T02:48+02:00,A20,R,30.6,2,speedlimit
2026-09-17T02:48+02:00,A4,L,10.318,3,lane_closed
2026-09-17T02:48+02:00,A15,L,45.86,2,speedlimit
2026-09-17T02:48+02:00,A15,L,65.25,3,speedlimit
2026-09-17T02:48+02:00,A15,L,48.332,2,speedlimit
2026-09-17T02:48+02:00,A13,L,17.1,2,speedlimit
2026-09-17T02:48+02:00,A4,L,9.355,5,speedlimit
2026-09-17T02:48+02:00,A15,L,45.61,3,lane_closed
2026-09-17T02:48+02:00,A4,L,11.62,5,speedlimit
2026-09-17T02:48+02:00,A20,L,28.57,3,speedlimit
2026-09-17T02:48+02:00,A15,L,64.67,3,speedlimit
2026-09-17T02:48+02:00,A20,R,26.4,4,speedlimit
2026-09-17T02:48+02:00,A20,R,30.196,2,speedlimit
2026-09-17T02:48+02:00,A13,R,17.8,3,speedlimit
2026-09-17T02:48+02:00,A15,R,44.12,2,speedlimit
2026-09-17T02:48+02:00,A15,L,57.78,2,speedlimit
2026-09-17T02:48+02:00,A16,R,32.22,1,speedlimit
2026-09-17T02:48+02:00,A4,L,43.18,3,speedlimit
2026-09-17T02:48+02:00,A15,n,95.855,2,speedlimit
2026-09-17T03:49+02:00,A4,L,7.369,4,lane_closed
2026-09-17T03:49+02:00,A15,n,58.0,1,lane_closed
2026-09-17T03:49+02:00,A15,R,44.44,2,speedlimit
2026-09-17T03:49+02:00,A4,L,11.24,2,lane_closed
2026-09-17T03:49+02:00,A13,L,16.7,1,speedlimit
2026-09-17T03:49+02:00,A15,L,157.2,2,speedlimit
2026-09-17T03:49+02:00,A4,L,9.085,3,lane_closed
2026-09-17T03:49+02:00,A4,L,12.766,4,speedlimit
2026-09-17T03:49+02:00,A4,L,37.53,5,lane_closed
2026-09-17T03:49+02:00,A20,L,30.196,2,speedlimit
2026-09-17T03:49+02:00,A16,R,32.22,3,speedlimit
2026-09-17T03:49+02:00,A4,L,10.831,5,speedlimit
2026-09-17T03:49+02:00,A13,R,16.655,1,speedlimit
2026-09-17T03:49+02:00,A15,R,153.745,2,speedlimit
2026-09-17T03:49+02:00,A4,L,13.747,6,speedlimit
2026-09-17T03:49+02:00,A4,L,12.15,2,lane_closed
2026-09-17T03:49+02:00,A15,L,48.332,4,speedlimit
2026-09-17T03:49+02:00,A13,R,17.1,2,speedlimit
2026-09-17T03:49+02:00,A4,L,6.902,1,lane_closed
2026-09-17T03:49+02:00,A4,m,35.48,2,speedlimit
2026-09-17T03:49+02:00,A15,R,44.44,3,speedlimit
2026-09-17T03:49+02:00,A4,L,13.25,4,speedlimit
2026-09-17T03:49+02:00,A4,L,48.24,3,speedlimit
2026-09-17T03:49+02:00,A4,L,9.355,1,lane_closed
2026-09-17T03:49+02:00,A4,L,9.355,4,lane_closed
2026-09-17T03:49+02:00,A15,R,43.57,4,speedlimit
2026-09-17T03:49+02:00,A15,L,48.69,1,speedlimit
2026-09-17T03:49+02:00,A4,L,38.49,4,speedlimit
2026-09-17T03:49+02:00,A15,L,45.61,2,speedlimit
2026-09-17T03:49+02:00,A15,L,59.95,2,speedlimit
2026-09-17T03:49+02:00,A4,L,11.24,5,speedlimit
2026-09-17T03:49+02:00,A13,R,18.5,1,speedlimit
2026-09-17T03:49+02:00,A4,L,8.635,1,lane_closed
2026-09-17T03:49+02:00,A15,L,46.356,3,lane_closed
2026-09-17T03:49+02:00,A15,L,46.17,1,speedlimit
2026-09-17T03:49+02:00,A4,L,49.37,1,lane_closed
2026-09-17T03:49+02:00,A29,u,10.13,1,speedlimit
2026-09-17T03:49+02:00,A20,L,29.5,2,speedlimit
2026-09-17T03:49+02:00,A4,L,37.53,3,speedlimit
2026-09-17T03:49+02:00,A29,u,9.49,1,lane_closed_ahead
2026-09-17T03:49+02:00,A13,R,18.5,4,speedlimit
2026-09-17T03:49+02:00,A4,L,38.49,1,speedlimit
2026-09-17T03:49+02:00,A15,R,43.57,2,speedlimit
2026-09-17T03:49+02:00,A13,R,18.2,3,speedlimit
2026-09-17T03:49+02:00,A20,R,28.1,1,speedlimit
2026-09-17T03:49+02:00,A20,R,30.196,3,speedlimit
2026-09-17T03:49+02:00,A4,L,13.25,3,speedlimit
2026-09-17T03:49+02:00,A15,L,58.47,1,speedlimit
2026-09-17T03:49+02:00,A20,L,36.94,1,lane_closed
2026-09-17T03:49+02:00,A4,R,2.367,4,lane_closed
2026-09-17T03:49+02:00,A4,R,59.72,1,speedlimit
2026-09-17T03:49+02:00,A15,n,95.855,3,speedlimit
2026-09-17T03:49+02:00,A4,R,60.95,1,speedlimit
2026-09-17T03:49+02:00,A4,L,50.798,3,speedlimit
2026-09-17T03:49+02:00,A13,R,17.8,2,speedlimit
2026-09-17T03:49+02:00,A20,s,29.6,2,speedlimit
2026-09-17T03:49+02:00,A15,L,65.25,2,speedlimit
2026-09-17T03:49+02:00,A15,L,65.685,3,speedlimit
2026-09-17T03:49+02:00,A4,L,7.841,3,lane_closed
2026-09-17T03:49+02:00,A4,L,10.318,4,lane_closed
2026-09-17T03:49+02:00,A4,m,35.13,1,speedlimit
2026-09-17T03:49+02:00,A4,L,11.62,3,lane_closed
2026-09-17T03:49+02:00,A15,L,47.68,1,speedlimit
2026-09-17T03:49+02:00,A4,L,9.355,6,speedlimit
2026-09-17T03:49+02:00,A20,R,26.93,4,speedlimit
2026-09-17T03:49+02:00,A20,R,28.57,3,speedlimit
2026-09-17T03:49+02:00,A15,L,45.61,1,speedlimit
2026-09-17T03:49+02:00,A16,R,31.74,5,lane_closed
2026-09-17T03:49+02:00,A4,L,9.085,2,lane_closed
2026-09-17T03:49+02:00,A4,L,2.447,4,lane_closed
2026-09-17T03:49+02:00,A15,L,46.864,1,speedlimit
2026-09-17T03:49+02:00,A13,L,18.8,2,speedlimit
2026-09-17T03:49+02:00,A20,R,27.235,1,speedlimit
2026-09-17T03:49+02:00,A20,L,28.41,2,speedlimit
2026-09-17T03:49+02:00,A4,R,60.6,2,speedlimit
2026-09-17T03:49+02:00,A15,n,58.5,1,lane_closed
2026-09-17T03:49+02:00,A16,R,31.25,4,speedlimit
2026-09-17T03:49+02:00,A15,L,57.78,1,speedlimit
2026-09-17T03:49+02:00,A20,R,27.79,2,speedlimit
2026-09-17T03:49+02:00,A13,R,18.5,3,speedlimit
2026-09-17T03:49+02:00,A20,R,28.57,4,speedlimit
2026-09-17T03:49+02:00,A20,R,31.26,4,speedlimit
2026-09-17T03:49+02:00,A20,L,29.826,2,speedlimit
2026-09-17T03:49+02:00,A20,L,35.925,1,lane_closed
2026-09-17T03:49+02:00,A15,L,48.05,3,lane_closed
2026-09-17T03:49+02:00,A20,L,28.57,1,speedlimit
2026-09-17T03:49+02:00,A16,R,32.22,5,lane_closed
2026-09-17T03:49+02:00,A4,L,47.88,1,lane_closed
2026-09-17T03:49+02:00,A4,L,48.79,2,speedlimit
2026-09-17T03:49+02:00,A20,R,29.5,4,speedlimit
2026-09-17T03:49+02:00,A4,L,49.84,1,lane_closed
2026-09-17T03:49+02:00,A4,L,7.526,2,lane_closed
2026-09-17T03:49+02:00,A15,L,156.35,1,speedlimit
2026-09-17T03:49+02:00,A15,n,58.9,1,speedlimit
2026-09-17T03:49+02:00,A4,L,7.072,1,lane_closed
2026-09-17T03:49+02:00,A16,R,31.74,4,speedlimit
2026-09-17T03:49+02:00,A20,R,28.1,2,speedlimit
2026-09-17T03:49+02:00,A20,R,26.64,1,speedlimit
2026-09-17T03:49+02:00,A15,L,64.2,2,speedlimit
2026-09-17T03:49+02:00,A4,L,7.841,4,lane_closed
2026-09-17T03:49+02:00,A4,L,50.798,4,speedlimit
2026-09-17T03:49+02:00,A15,L,46.356,2,speedlimit
2026-09-17T03:49+02:00,A20,L,32.8,2,speedlimit
2026-09-17T03:49+02:00,A4,L,8.14,2,lane_closed
2026-09-17T03:49+02:00,A16,L,48.03,1,speedlimit
2026-09-17T03:49+02:00,A15,L,65.25,4,speedlimit
2026-09-17T03:49+02:00,A13,L,17.1,3,speedlimit
2026-09-17T03:49+02:00,A15,R,153.745,3,lane_closed
2026-09-17T03:49+02:00,A15,L,47.07,2,speedlimit
2026-09-17T03:49+02:00,A4,L,7.22,3,lane_closed
2026-09-17T03:49+02:00,A15,L,59.2,1,speedlimit
2026-09-17T03:49+02:00,A20,L,36.625,1,lane_closed
2026-09-17T03:49+02:00,A15,R,44.12,3,speedlimit
2026-09-17T03:49+02:00,A4,L,9.355,3,lane_closed
2026-09-17T03:49+02:00,A15,R,43.86,2,speedlimit
2026-09-17T03:49+02:00,A15,L,46.614,1,speedlimit
2026-09-17T03:49+02:00,A15,R,153.325,1,speedlimit
2026-09-17T03:49+02:00,A15,h,155.72,2,speedlimit
2026-09-17T03:49+02:00,A4,L,47.88,2,speedlimit
2026-09-17T03:49+02:00,A15,R,43.86,4,lane_closed_ahead
2026-09-17T03:49+02:00,A20,L,27.488,1,speedlimit
2026-09-17T03:49+02:00,A20,L,27.2,1,speedlimit
2026-09-17T03:49+02:00,A4,h,46.06,2,speedlimit
2026-09-17T03:49+02:00,A20,L,27.8,2,speedlimit
2026-09-17T03:49+02:00,A15,L,46.758,3,lane_closed
2026-09-17T03:49+02:00,A4,L,12.766,3,speedlimit
2026-09-17T03:49+02:00,A13,L,18.2,3,speedlimit
2026-09-17T03:49+02:00,A15,h,155.205,1,lane_closed
2026-09-17T03:49+02:00,A15,L,46.758,2,speedlimit
2026-09-17T03:49+02:00,A15,L,157.2,1,speedlimit
2026-09-17T03:49+02:00,A4,n,10.243,1,speedlimit
2026-09-17T03:49+02:00,A4,L,9.653,2,lane_closed
2026-09-17T03:49+02:00,A20,L,31.88,1,speedlimit
2026-09-17T03:49+02:00,A13,L,16.7,2,speedlimit
2026-09-17T03:49+02:00,A20,L,30.9,2,speedlimit
2026-09-17T03:49+02:00,A16,R,31.25,5,lane_closed_ahead
2026-09-17T03:49+02:00,A4,L,9.355,2,lane_closed
2026-09-17T03:49+02:00,A15,y,45.86,2,speedlimit
2026-09-17T03:49+02:00,A20,L,28.085,1,speedlimit
2026-09-17T03:49+02:00,A15,L,48.69,2,speedlimit
2026-09-17T03:49+02:00,A4,L,38.01,1,speedlimit
2026-09-17T03:49+02:00,A15,L,48.69,3,speedlimit
2026-09-17T03:49+02:00,A15,n,58.5,3,speedlimit
2026-09-17T03:49+02:00,A16,R,32.22,2,speedlimit
2026-09-17T03:49+02:00,A20,R,30.6,1,speedlimit
2026-09-17T03:49+02:00,A13,R,17.1,3,speedlimit
2026-09-17T03:49+02:00,A15,R,153.745,1,speedlimit
2026-09-17T03:49+02:00,A15,R,44.12,5,speedlimit
2026-09-17T03:49+02:00,A20,R,26.93,3,speedlimit
2026-09-17T03:49+02:00,A20,L,31.4,1,speedlimit
2026-09-17T03:49+02:00,A4,L,48.24,1,lane_closed
2026-09-17T03:49+02:00,A15,L,48.332,3,lane_closed_ahead
2026-09-17T03:49+02:00,A4,L,38.49,3,speedlimit
2026-09-17T03:49+02:00,A4,L,13.747,1,speedlimit
2026-09-17T03:49+02:00,A4,L,7.526,4,lane_closed
2026-09-17T03:49+02:00,A4,L,8.14,4,lane_closed
2026-09-17T03:49+02:00,A20,L,31.1,2,speedlimit
2026-09-17T03:49+02:00,A13,g,18.7,2,speedlimit
2026-09-17T03:49+02:00,A15,L,65.685,2,speedlimit
2026-09-17T03:49+02:00,A20,L,31.4,2,speedlimit
2026-09-17T03:49+02:00,A4,R,60.95,3,speedlimit
2026-09-17T03:49+02:00,A4,L,49.84,3,speedlimit
2026-09-17T03:49+02:00,A4,L,7.072,3,lane_closed
2026-09-17T03:49+02:00,A4,L,13.25,1,lane_closed_ahead
2026-09-17T03:49+02:00,A4,m,35.13,2,speedlimit
2026-09-17T03:49+02:00,A29,u,9.49,2,speedlimit
2026-09-17T03:49+02:00,A13,L,15.9,3,lane_closed
2026-09-17T03:49+02:00,A4,L,7.841,2,lane_closed
2026-09-17T03:49+02:00,A15,L,47.07,3,lane_closed
2026-09-17T03:49+02:00,A4,L,9.653,4,lane_closed
2026-09-17T03:49+02:00,A15,R,43.57,1,speedlimit
2026-09-17T03:49+02:00,A13,R,16.2,1,speedlimit
2026-09-17T03:49+02:00,A13,R,18.5,2,speedlimit
2026-09-17T03:49+02:00,A20,L,30.196,1,speedlimit
2026-09-17T03:49+02:00,A15,L,58.47,2,speedlimit
2026-09-17T03:49+02:00,A20,R,27.79,1,speedlimit
2026-09-17T03:49+02:00,A15,L,57.78,3,lane_closed
2026-09-17T03:49+02:00,A20,L,29.826,1,speedlimit
2026-09-17T03:49+02:00,A15,e,154.0,1,lane_closed
2026-09-17T03:49+02:00,A15,L,46.469,2,speedlimit
2026-09-17T03:49+02:00,A4,L,13.747,2,speedlimit
2026-09-17T03:49+02:00,A15,L,45.86,4,lane_closed
2026-09-17T03:49+02:00,A4,L,13.25,2,speedlimit
2026-09-17T03:49+02:00,A15,R,44.12,1,speedlimit
2026-09-17T03:49+02:00,A15,y,45.61,2,speedlimit
2026-09-17T03:49+02:00,A4,L,8.635,2,lane_closed
2026-09-17T03:49+02:00,A20,R,28.41,2,speedlimit
2026-09-17T03:49+02:00,A4,L,6.902,4,lane_closed
2026-09-17T03:49+02:00,A15,R,43.86,1,speedlimit
2026-09-17T03:49+02:00,A20,R,29.1,1,speedlimit
2026-09-17T03:49+02:00,A4,L,12.15,1,lane_closed
2026-09-17T03:49+02:00,A13,R,17.8,1,speedlimit
2026-09-17T03:49+02:00,A20,R,28.41,1,speedlimit
2026-09-17T03:49+02:00,A20,R,31.9,2,speedlimit
2026-09-17T03:49+02:00,A20,L,31.1,3,speedlimit
2026-09-17T03:49+02:00,A15,y,45.61,1,speedlimit
2026-09-17T03:49+02:00,A15,h,153.39,2,lane_closed
2026-09-17T03:49+02:00,A20,R,27.488,2,speedlimit
2026-09-17T03:49+02:00,A20,t,28.895,1,speedlimit
2026-09-17T03:49+02:00,A4,L,11.24,1,lane_closed
2026-09-17T03:49+02:00,A20,L,32.8,1,speedlimit
2026-09-17T03:49+02:00,A4,L,9.653,6,speedlimit
2026-09-17T03:49+02:00,A15,L,47.332,3,lane_closed
2026-09-17T03:49+02:00,A20,R,28.8,2,speedlimit
2026-09-17T03:49+02:00,A4,L,49.37,3,speedlimit
2026-09-17T03:49+02:00,A20,L,31.1,1,speedlimit
2026-09-17T03:49+02:00,A13,L,16.19,3,lane_closed
2026-09-17T03:49+02:00,A15,L,59.2,2,speedlimit
2026-09-17T03:49+02:00,A13,L,15.035,5,lane_closed
2026-09-17T03:49+02:00,A15,L,48.05,4,speedlimit
2026-09-17T03:49+02:00,A4,L,12.766,2,lane_closed_ahead
2026-09-17T03:49+02:00,A20,L,27.8,1,speedlimit
2026-09-17T03:49+02:00,A15,L,57.3,1,speedlimit
2026-09-17T03:49+02:00,A15,L,47.332,2,speedlimit
2026-09-17T03:49+02:00,A20,R,29.1,2,speedlimit
2026-09-17T03:49+02:00,A13,g,18.7,1,speedlimit
2026-09-17T03:49+02:00,A4,L,13.747,7,speedlimit
2026-09-17T03:49+02:00,A20,R,28.57,2,speedlimit
2026-09-17T03:49+02:00,A20,R,26.64,2,speedlimit
2026-09-17T03:49+02:00,A4,L,7.22,2,lane_closed
2026-09-17T03:49+02:00,A15,L,46.864,3,lane_closed
2026-09-17T03:49+02:00,A15,L,64.2,3,speedlimit
2026-09-17T03:49+02:00,A20,L,29.1,1,speedlimit
2026-09-17T03:49+02:00,A13,L,18.2,1,speedlimit
2026-09-17T03:49+02:00,A15,L,59.2,3,lane_closed_ahead
2026-09-17T03:49+02:00,A15,L,59.95,3,speedlimit
2026-09-17T03:49+02:00,A15,L,64.67,2,speedlimit
2026-09-17T03:49+02:00,A13,L,12.7,4,lane_closed
2026-09-17T03:49+02:00,A20,L,31.88,2,speedlimit
2026-09-17T03:49+02:00,A20,L,28.085,2,speedlimit
2026-09-17T03:49+02:00,A4,m,35.8,2,speedlimit
2026-09-17T03:49+02:00,A20,R,30.6,3,speedlimit
2026-09-17T03:49+02:00,A20,L,35.52,1,lane_closed
2026-09-17T03:49+02:00,A4,L,48.79,1,lane_closed
2026-09-17T03:49+02:00,A20,R,29.8,2,speedlimit
2026-09-17T03:49+02:00,A15,L,64.2,1,lane_closed
2026-09-17T03:49+02:00,A20,R,27.235,2,speedlimit
2026-09-17T03:49+02:00,A20,L,37.3,1,lane_closed
2026-09-17T03:49+02:00,A13,R,18.2,1,speedlimit
2026-09-17T03:49+02:00,A15,y,45.86,1,speedlimit
2026-09-17T03:49+02:00,A16,R,31.25,2,speedlimit
2026-09-17T03:49+02:00,A4,L,10.831,1,lane_closed
2026-09-17T03:49+02:00,A4,L,11.24,4,speedlimit
2026-09-17T03:49+02:00,A4,L,10.831,3,lane_closed
2026-09-17T03:49+02:00,A4,L,13.747,3,speedlimit
2026-09-17T03:49+02:00,A15,L,65.25,1,lane_closed_ahead
2026-09-17T03:49+02:00,A4,L,12.766,5,speedlimit
2026-09-17T03:49+02:00,A15,e,95.55,1,speedlimit
2026-09-17T03:49+02:00,A4,L,6.592,3,lane_closed
2026-09-17T03:49+02:00,A13,e,19.1,1,speedlimit
2026-09-17T03:49+02:00,A4,L,12.15,5,speedlimit
2026-09-17T03:49+02:00,A4,L,38.01,3,speedlimit
2026-09-17T03:49+02:00,A4,L,8.14,1,lane_closed
2026-09-17T03:49+02:00,A13,L,17.8,3,speedlimit
2026-09-17T03:49+02:00,A4,m,35.8,3,lane_closed
2026-09-17T03:49+02:00,A16,R,31.74,1,speedlimit
2026-09-17T03:49+02:00,A20,R,31.26,1,speedlimit
2026-09-17T03:49+02:00,A4,L,7.526,1,lane_closed
2026-09-17T03:49+02:00,A4,L,7.841,1,lane_closed
2026-09-17T03:49+02:00,A15,L,47.332,1,speedlimit
2026-09-17T03:49+02:00,A20,L,29.826,3,speedlimit
2026-09-17T03:49+02:00,A15,L,46.614,3,lane_closed
2026-09-17T03:49+02:00,A20,R,31.9,1,speedlimit
2026-09-17T03:49+02:00,A4,h,45.58,3,lane_closed
2026-09-17T03:49+02:00,A20,L,29.5,1,speedlimit
2026-09-17T03:49+02:00,A20,R,28.8,3,speedlimit
2026-09-17T03:49+02:00,A20,R,29.5,1,speedlimit
2026-09-17T03:49+02:00,A4,L,10.318,2,lane_closed
2026-09-17T03:49+02:00,A15,L,46.469,1,speedlimit
2026-09-17T03:49+02:00,A15,h,154.74,1,lane_closed
2026-09-17T03:49+02:00,A4,L,13.747,5,speedlimit
2026-09-17T03:49+02:00,A15,R,44.44,1,speedlimit
2026-09-17T03:49+02:00,A15,L,156.8,1,speedlimit
2026-09-17T03:49+02:00,A15,L,57.3,4,lane_closed
2026-09-17T03:49+02:00,A15,R,43.86,5,speedlimit
2026-09-17T03:49+02:00,A15,L,46.17,2,speedlimit
2026-09-17T03:49+02:00,A13,L,11.25,4,lane_closed
2026-09-17T03:49+02:00,A20,L,30.9,1,speedlimit
2026-09-17T03:49+02:00,A4,L,6.592,2,lane_closed
2026-09-17T03:49+02:00,A13,R,18.2,4,speedlimit
2026-09-17T03:49+02:00,A16,R,32.22,4,speedlimit
2026-09-17T03:49+02:00,A15,e,154.59,1,lane_closed
2026-09-17T03:49+02:00,A15,L,46.864,2,speedlimit
2026-09-17T03:49+02:00,A13,R,18.7,1,speedlimit
2026-09-17T03:49+02:00,A15,L,64.67,5,speedlimit
2026-09-17T03:49+02:00,A4,m,35.8,1,speedlimit
2026-09-17T03:49+02:00,A4,L,11.24,3,lane_closed
2026-09-17T03:49+02:00,A4,L,50.798,2,speedlimit
2026-09-17T03:49+02:00,A15,n,95.855,1,speedlimit
2026-09-17T03:49+02:00,A20,c,27.488,1,speedlimit
2026-09-17T03:49+02:00,A20,R,31.9,3,speedlimit
2026-09-17T03:49+02:00,A13,R,16.655,3,speedlimit
2026-09-17T03:49+02:00,A4,L,7.22,4,lane_closed
2026-09-17T03:49+02:00,A4,L,50.253,3,speedlimit
2026-09-17T03:49+02:00,A15,L,47.68,2,speedlimit
2026-09-17T03:49+02:00,A20,L,29.1,2,speedlimit
2026-09-17T03:49+02:00,A15,L,63.56,1,lane_closed
2026-09-17T03:49+02:00,A20,R,29.8,3,speedlimit
2026-09-17T03:49+02:00,A13,L,18.2,2,speedlimit
2026-09-17T03:49+02:00,A20,R,26.4,3,speedlimit
2026-09-17T03:49+02:00,A4,L,9.085,4,lane_closed
2026-09-17T03:49+02:00,A4,L,38.01,4,speedlimit
2026-09-17T03:49+02:00,A15,R,43.86,3,speedlimit
2026-09-17T03:49+02:00,A4,L,50.253,2,speedlimit
2026-09-17T03:49+02:00,A20,R,26.93,1,speedlimit
2026-09-17T03:49+02:00,A4,n,49.18,3,speedlimit
2026-09-17T03:49+02:00,A4,L,6.592,1,lane_closed
2026-09-17T03:49+02:00,A20,R,26.4,2,speedlimit
2026-09-17T03:49+02:00,A15,L,45.61,4,lane_closed
2026-09-17T03:49+02:00,A15,L,59.95,1,speedlimit
2026-09-17T03:49+02:00,A15,x,44.44,2,speedlimit
2026-09-17T03:49+02:00,A15,R,153.325,2,speedlimit
2026-09-17T03:49+02:00,A15,L,63.56,3,speedlimit
2026-09-17T03:49+02:00,A20,L,27.488,2,speedlimit
2026-09-17T03:49+02:00,A15,R,44.12,4,lane_closed
2026-09-17T03:49+02:00,A20,L,30.196,3,speedlimit
2026-09-17T03:49+02:00,A4,L,50.798,1,speedlimit
2026-09-17T03:49+02:00,A4,h,46.06,1,speedlimit
2026-09-17T03:49+02:00,A4,n,49.18,2,speedlimit
2026-09-17T03:49+02:00,A20,L,28.41,1,speedlimit
2026-09-17T03:49+02:00,A13,L,13.18,4,lane_closed
2026-09-17T03:49+02:00,A15,x,44.44,1,lane_closed
2026-09-17T03:49+02:00,A13,L,17.8,2,speedlimit
2026-09-17T03:49+02:00,A15,L,46.469,3,lane_closed
2026-09-17T03:49+02:00,A15,L,48.05,2,speedlimit
2026-09-17T03:49+02:00,A4,L,12.766,1,lane_closed
2026-09-17T03:49+02:00,A20,R,28.57,1,speedlimit
2026-09-17T03:49+02:00,A4,L,8.635,4,lane_closed
2026-09-17T03:49+02:00,A29,u,10.13,2,speedlimit
2026-09-17T03:49+02:00,A20,R,30.196,4,speedlimit
2026-09-17T03:49+02:00,A4,m,35.48,1,speedlimit
2026-09-17T03:49+02:00,A4,m,35.48,3,lane_closed_ahead
2026-09-17T03:49+02:00,A4,L,6.902,2,lane_closed
2026-09-17T03:49+02:00,A4,L,49.84,2,lane_closed_ahead
2026-09-17T03:49+02:00,A20,t,29.6,2,speedlimit
2026-09-17T03:49+02:00,A20,L,38.3,1,lane_closed_ahead
2026-09-17T03:49+02:00,A15,L,46.356,1,speedlimit
2026-09-17T03:49+02:00,A15,L,57.3,2,speedlimit
2026-09-17T03:49+02:00,A4,n,10.243,2,speedlimit
2026-09-17T03:49+02:00,A15,L,64.67,4,speedlimit
2026-09-17T03:49+02:00,A4,L,9.653,3,lane_closed
2026-09-17T03:49+02:00,A15,h,154.29,1,lane_closed
2026-09-17T03:49+02:00,A4,L,8.635,3,lane_closed
2026-09-17T03:49+02:00,A15,h,153.39,1,lane_closed
2026-09-17T03:49+02:00,A4,L,9.653,5,speedlimit
2026-09-17T03:49+02:00,A15,L,65.685,1,speedlimit
2026-09-17T03:49+02:00,A15,L,64.67,1,lane_closed
2026-09-17T03:49+02:00,A4,L,13.25,5,speedlimit
2026-09-17T03:49+02:00,A16,L,48.03,2,speedlimit
2026-09-17T03:49+02:00,A4,L,13.747,4,speedlimit
2026-09-17T03:49+02:00,A16,R,31.74,3,speedlimit
2026-09-17T03:49+02:00,A4,L,7.369,3,lane_closed
2026-09-17T03:49+02:00,A20,R,26.93,2,speedlimit
2026-09-17T03:49+02:00,A20,L,30.9,3,speedlimit
2026-09-17T03:49+02:00,A13,L,18.8,3,speedlimit
2026-09-17T03:49+02:00,A4,L,7.22,1,lane_closed
2026-09-17T03:49+02:00,A20,L,37.8,1,lane_closed
2026-09-17T03:49+02:00,A20,R,28.8,1,speedlimit
2026-09-17T03:49+02:00,A4,L,48.24,2,speedlimit
2026-09-17T03:49+02:00,A15,L,45.86,3,lane_closed
2026-09-17T03:49+02:00,A13,L,18.8,1,speedlimit
2026-09-17T03:49+02:00,A4,L,47.88,3,speedlimit
2026-09-17T03:49+02:00,A4,L,11.62,1,lane_closed
2026-09-17T03:49+02:00,A4,h,46.4,2,speedlimit
2026-09-17T03:49+02:00,A4,L,10.831,6,speedlimit
2026-09-17T03:49+02:00,A15,L,46.758,1,speedlimit
2026-09-17T03:49+02:00,A13,R,16.2,2,speedlimit
2026-09-17T03:49+02:00,A4,L,6.592,4,lane_closed
2026-09-17T03:49+02:00,A4,L,12.15,3,lane_closed_ahead
2026-09-17T03:49+02:00,A20,L,31.4,3,speedlimit
2026-09-17T03:49+02:00,A16,R,31.25,3,speedlimit
2026-09-17T03:49+02:00,A15,L,57.3,3,lane_closed
2026-09-17T03:49+02:00,A20,L,30.196,4,speedlimit
2026-09-17T03:49+02:00,A4,L,37.53,2,speedlimit
2026-09-17T03:49+02:00,A15,R,43.57,3,speedlimit
2026-09-17T03:49+02:00,A13,R,18.2,2,speedlimit
2026-09-17T03:49+02:00,A4,L,6.902,3,lane_closed
2026-09-17T03:49+02:00,A13,L,17.8,1,speedlimit
2026-09-17T03:49+02:00,A20,R,29.8,1,speedlimit
2026-09-17T03:49+02:00,A20,R,31.26,2,speedlimit
2026-09-17T03:49+02:00,A4,L,50.253,4,speedlimit
2026-09-17T03:49+02:00,A4,L,48.24,4,speedlimit
2026-09-17T03:49+02:00,A15,L,156.8,2,speedlimit
2026-09-17T03:49+02:00,A4,n,49.18,1,speedlimit
2026-09-17T03:49+02:00,A20,R,31.26,3,speedlimit
2026-09-17T03:49+02:00,A20,R,26.64,3,speedlimit
2026-09-17T03:49+02:00,A20,R,26.64,4,speedlimit
2026-09-17T03:49+02:00,A15,n,58.5,2,speedlimit
2026-09-17T03:49+02:00,A20,R,26.4,1,speedlimit
2026-09-17T03:49+02:00,A13,R,17.1,1,speedlimit
2026-09-17T03:49+02:00,A4,L,7.369,1,lane_closed
2026-09-17T03:49+02:00,A4,L,37.53,4,speedlimit
2026-09-17T03:49+02:00,A4,L,9.085,1,lane_closed
2026-09-17T03:49+02:00,A20,R,29.5,3,speedlimit
2026-09-17T03:49+02:00,A4,L,38.49,2,speedlimit
2026-09-17T03:49+02:00,A4,R,59.72,2,speedlimit
2026-09-17T03:49+02:00,A13,L,13.7,4,lane_closed
2026-09-17T03:49+02:00,A15,L,63.56,2,speedlimit
2026-09-17T03:49+02:00,A13,L,14.2,4,lane_closed
2026-09-17T03:49+02:00,A15,L,45.86,1,speedlimit
2026-09-17T03:49+02:00,A4,h,46.4,1,speedlimit
2026-09-17T03:49+02:00,A16,R,31.74,2,speedlimit
2026-09-17T03:49+02:00,A15,L,48.332,1,speedlimit
2026-09-17T03:49+02:00,A20,t,29.6,1,speedlimit
2026-09-17T03:49+02:00,A4,R,60.95,2,speedlimit
2026-09-17T03:49+02:00,A15,L,65.685,4,speedlimit
2026-09-17T03:49+02:00,A15,L,48.05,1,speedlimit
2026-09-17T03:49+02:00,A20,R,29.8,4,speedlimit
2026-09-17T03:49+02:00,A4,L,8.14,3,lane_closed
2026-09-17T03:49+02:00,A13,R,18.7,2,speedlimit
2026-09-17T03:49+02:00,A15,L,58.47,3,lane_closed
2026-09-17T03:49+02:00,A4,L,49.37,2,lane_closed
2026-09-17T03:49+02:00,A15,h,155.72,1,lane_closed
2026-09-17T03:49+02:00,A20,R,27.488,1,speedlimit
2026-09-17T03:49+02:00,A15,L,46.614,2,speedlimit
2026-09-17T03:49+02:00,A16,L,48.03,3,speedlimit
2026-09-17T03:49+02:00,A20,R,29.5,2,speedlimit
2026-09-17T03:49+02:00,A20,L,27.2,2,speedlimit
2026-09-17T03:49+02:00,A4,L,9.653,1,lane_closed
2026-09-17T03:49+02:00,A13,R,18.963,1,speedlimit
2026-09-17T03:49+02:00,A4,L,10.831,2,lane_closed
2026-09-17T03:49+02:00,A13,L,17.1,1,speedlimit
2026-09-17T03:49+02:00,A4,L,38.01,2,speedlimit
2026-09-17T03:49+02:00,A16,R,31.25,1,speedlimit
2026-09-17T03:49+02:00,A20,L,31.88,3,speedlimit
2026-09-17T03:49+02:00,A4,R,60.6,1,speedlimit
2026-09-17T03:49+02:00,A13,L,17.1,4,speedlimit
2026-09-17T03:49+02:00,A4,L,7.072,2,lane_closed
2026-09-17T03:49+02:00,A13,R,16.655,2,speedlimit
2026-09-17T03:49+02:00,A13,L,15.55,5,lane_closed
2026-09-17T03:49+02:00,A4,L,12.15,4,speedlimit
2026-09-17T03:49+02:00,A15,L,156.35,2,speedlimit
2026-09-17T03:49+02:00,A4,L,7.072,4,lane_closed
2026-09-17T03:49+02:00,A4,L,10.831,4,lane_closed
2026-09-17T03:49+02:00,A15,L,47.07,1,speedlimit
2026-09-17T03:49+02:00,A15,L,45.61,5,lane_closed
2026-09-17T03:49+02:00,A4,L,37.53,1,speedlimit
2026-09-17T03:49+02:00,A15,L,46.17,3,lane_closed
2026-09-17T03:49+02:00,A4,L,11.62,2,lane_closed
2026-09-17T03:49+02:00,A4,L,50.253,1,lane_closed_ahead
2026-09-17T03:49+02:00,A15,n,58.0,2,speedlimit
2026-09-17T03:49+02:00,A20,L,32.8,3,speedlimit
2026-09-17T03:49+02:00,A4,L,47.88,4,speedlimit
2026-09-17T03:49+02:00,A15,L,48.69,4,speedlimit
2026-09-17T03:49+02:00,A15,n,58.0,3,speedlimit
2026-09-17T03:49+02:00,A4,L,7.369,2,lane_closed
2026-09-17T03:49+02:00,A20,R,30.196,1,speedlimit
2026-09-17T03:49+02:00,A20,L,29.826,4,speedlimit
2026-09-17T03:49+02:00,A4,L,10.318,1,lane_closed
2026-09-17T03:49+02:00,A20,s,29.6,1,speedlimit
2026-09-17T03:49+02:00,A4,L,7.526,3,lane_closed
2026-09-17T03:49+02:00,A20,L,28.57,2,speedlimit
2026-09-17T03:49+02:00,A20,R,30.6,2,speedlimit
2026-09-17T03:49+02:00,A4,L,10.318,3,lane_closed
2026-09-17T03:49+02:00,A15,L,45.86,2,speedlimit
2026-09-17T03:49+02:00,A15,L,65.25,3,speedlimit
2026-09-17T03:49+02:00,A15,L,48.332,2,speedlimit
2026-09-17T03:49+02:00,A13,L,17.1,2,speedlimit
2026-09-17T03:49+02:00,A4,L,9.355,5,speedlimit
2026-09-17T03:49+02:00,A15,L,45.61,3,lane_closed
2026-09-17T03:49+02:00,A4,L,11.62,5,speedlimit
2026-09-17T03:49+02:00,A20,L,28.57,3,speedlimit
2026-09-17T03:49+02:00,A15,L,64.67,3,speedlimit
2026-09-17T03:49+02:00,A20,R,26.4,4,speedlimit
2026-09-17T03:49+02:00,A20,R,30.196,2,speedlimit
2026-09-17T03:49+02:00,A13,R,17.8,3,speedlimit
2026-09-17T03:49+02:00,A15,R,44.12,2,speedlimit
2026-09-17T03:49+02:00,A15,L,57.78,2,speedlimit
2026-09-17T03:49+02:00,A16,R,32.22,1,speedlimit
2026-09-17T03:49+02:00,A15,n,95.855,2,speedlimit
2026-09-17T04:48+02:00,A15,n,58.0,1,speedlimit
2026-09-17T04:48+02:00,A4,L,11.24,2,lane_closed
2026-09-17T04:48+02:00,A13,L,16.7,1,speedlimit
2026-09-17T04:48+02:00,A15,L,157.2,2,speedlimit
2026-09-17T04:48+02:00,A4,L,12.766,4,speedlimit
2026-09-17T04:48+02:00,A20,L,30.196,2,speedlimit
2026-09-17T04:48+02:00,A4,L,10.831,5,speedlimit
2026-09-17T04:48+02:00,A13,R,16.655,1,speedlimit
2026-09-17T04:48+02:00,A15,R,153.745,2,speedlimit
2026-09-17T04:48+02:00,A4,L,13.747,6,speedlimit
2026-09-17T04:48+02:00,A4,L,12.15,2,lane_closed
2026-09-17T04:48+02:00,A13,R,17.1,2,speedlimit
2026-09-17T04:48+02:00,A4,L,13.25,4,speedlimit
2026-09-17T04:48+02:00,A4,L,11.24,5,speedlimit
2026-09-17T04:48+02:00,A13,R,18.5,1,speedlimit
2026-09-17T04:48+02:00,A20,L,29.5,2,speedlimit
2026-09-17T04:48+02:00,A13,R,18.5,4,speedlimit
2026-09-17T04:48+02:00,A13,R,18.2,3,speedlimit
2026-09-17T04:48+02:00,A20,R,28.1,1,speedlimit
2026-09-17T04:48+02:00,A20,R,30.196,3,speedlimit
2026-09-17T04:48+02:00,A4,L,13.25,3,speedlimit
2026-09-17T04:48+02:00,A15,L,58.47,1,speedlimit
2026-09-17T04:48+02:00,A20,L,36.94,1,lane_closed
2026-09-17T04:48+02:00,A4,R,2.367,4,lane_closed
2026-09-17T04:48+02:00,A15,n,95.855,3,speedlimit
2026-09-17T04:48+02:00,A13,R,17.8,2,speedlimit
2026-09-17T04:48+02:00,A20,s,29.6,2,speedlimit
2026-09-17T04:48+02:00,A15,L,65.25,2,speedlimit
2026-09-17T04:48+02:00,A15,L,65.685,3,speedlimit
2026-09-17T04:48+02:00,A4,L,11.62,3,speedlimit
2026-09-17T04:48+02:00,A20,R,26.93,4,speedlimit
2026-09-17T04:48+02:00,A20,R,28.57,3,speedlimit
2026-09-17T04:48+02:00,A4,L,2.447,4,lane_closed
2026-09-17T04:48+02:00,A13,L,18.8,2,speedlimit
2026-09-17T04:48+02:00,A20,R,27.235,1,speedlimit
2026-09-17T04:48+02:00,A20,L,28.41,2,speedlimit
2026-09-17T04:48+02:00,A15,n,58.5,1,speedlimit
2026-09-17T04:48+02:00,A15,L,57.78,1,speedlimit
2026-09-17T04:48+02:00,A20,R,27.79,2,speedlimit
2026-09-17T04:48+02:00,A13,R,18.5,3,speedlimit
2026-09-17T04:48+02:00,A20,R,28.57,4,speedlimit
2026-09-17T04:48+02:00,A20,R,31.26,4,speedlimit
2026-09-17T04:48+02:00,A20,L,29.826,2,speedlimit
2026-09-17T04:48+02:00,A20,L,35.925,1,lane_closed
2026-09-17T04:48+02:00,A20,L,28.57,1,speedlimit
2026-09-17T04:48+02:00,A20,R,29.5,4,speedlimit
2026-09-17T04:48+02:00,A15,L,156.35,1,speedlimit
2026-09-17T04:48+02:00,A20,R,28.1,2,speedlimit
2026-09-17T04:48+02:00,A20,R,26.64,1,speedlimit
2026-09-17T04:48+02:00,A15,L,64.2,2,speedlimit
2026-09-17T04:48+02:00,A20,L,32.8,2,speedlimit
2026-09-17T04:48+02:00,A16,L,48.03,1,speedlimit
2026-09-17T04:48+02:00,A15,L,65.25,4,speedlimit
2026-09-17T04:48+02:00,A13,L,17.1,3,speedlimit
2026-09-17T04:48+02:00,A15,R,153.745,3,lane_closed
2026-09-17T04:48+02:00,A15,L,59.2,1,speedlimit
2026-09-17T04:48+02:00,A20,L,36.625,1,lane_closed
2026-09-17T04:48+02:00,A15,R,153.325,1,speedlimit
2026-09-17T04:48+02:00,A15,h,155.72,2,speedlimit
2026-09-17T04:48+02:00,A20,L,27.488,1,speedlimit
2026-09-17T04:48+02:00,A20,L,27.2,1,speedlimit
2026-09-17T04:48+02:00,A4,h,46.06,2,speedlimit
2026-09-17T04:48+02:00,A20,L,27.8,2,speedlimit
2026-09-17T04:48+02:00,A4,L,12.766,3,speedlimit
2026-09-17T04:48+02:00,A13,L,18.2,3,speedlimit
2026-09-17T04:48+02:00,A15,h,155.205,1,lane_closed
2026-09-17T04:48+02:00,A15,L,157.2,1,speedlimit
2026-09-17T04:48+02:00,A20,L,31.88,1,speedlimit
2026-09-17T04:48+02:00,A13,L,16.7,2,speedlimit
2026-09-17T04:48+02:00,A20,L,30.9,2,speedlimit
2026-09-17T04:48+02:00,A20,L,28.085,1,speedlimit
2026-09-17T04:48+02:00,A15,n,58.5,3,speedlimit
2026-09-17T04:48+02:00,A20,R,30.6,1,speedlimit
2026-09-17T04:48+02:00,A13,R,17.1,3,speedlimit
2026-09-17T04:48+02:00,A15,R,153.745,1,speedlimit
2026-09-17T04:48+02:00,A20,R,26.93,3,speedlimit
2026-09-17T04:48+02:00,A20,L,31.4,1,speedlimit
2026-09-17T04:48+02:00,A4,L,13.747,1,speedlimit
2026-09-17T04:48+02:00,A20,L,31.1,2,speedlimit
2026-09-17T04:48+02:00,A13,g,18.7,2,speedlimit
2026-09-17T04:48+02:00,A15,L,65.685,2,speedlimit
2026-09-17T04:48+02:00,A20,L,31.4,2,speedlimit
2026-09-17T04:48+02:00,A4,L,13.25,1,lane_closed_ahead
2026-09-17T04:48+02:00,A13,L,15.9,3,lane_closed
2026-09-17T04:48+02:00,A13,R,16.2,1,speedlimit
2026-09-17T04:48+02:00,A13,R,18.5,2,speedlimit
2026-09-17T04:48+02:00,A20,L,30.196,1,speedlimit
2026-09-17T04:48+02:00,A15,L,58.47,2,speedlimit
2026-09-17T04:48+02:00,A20,R,27.79,1,speedlimit
2026-09-17T04:48+02:00,A15,L,57.78,3,lane_closed
2026-09-17T04:48+02:00,A20,L,29.826,1,speedlimit
2026-09-17T04:48+02:00,A15,e,154.0,1,lane_closed
2026-09-17T04:48+02:00,A4,L,13.747,2,speedlimit
2026-09-17T04:48+02:00,A4,L,13.25,2,speedlimit
2026-09-17T04:48+02:00,A20,R,28.41,2,speedlimit
2026-09-17T04:48+02:00,A20,R,29.1,1,speedlimit
2026-09-17T04:48+02:00,A4,L,12.15,1,lane_closed
2026-09-17T04:48+02:00,A13,R,17.8,1,speedlimit
2026-09-17T04:48+02:00,A20,R,28.41,1,speedlimit
2026-09-17T04:48+02:00,A20,R,31.9,2,speedlimit
2026-09-17T04:48+02:00,A20,L,31.1,3,speedlimit
2026-09-17T04:48+02:00,A15,h,153.39,2,lane_closed
2026-09-17T04:48+02:00,A20,R,27.488,2,speedlimit
2026-09-17T04:48+02:00,A20,t,28.895,1,speedlimit
2026-09-17T04:48+02:00,A4,L,11.24,1,lane_closed
2026-09-17T04:48+02:00,A20,L,32.8,1,speedlimit
2026-09-17T04:48+02:00,A20,R,28.8,2,speedlimit
2026-09-17T04:48+02:00,A20,L,31.1,1,speedlimit
2026-09-17T04:48+02:00,A13,L,16.19,3,lane_closed
2026-09-17T04:48+02:00,A15,L,59.2,2,speedlimit
2026-09-17T04:48+02:00,A13,L,15.035,5,lane_closed
2026-09-17T04:48+02:00,A4,L,12.766,2,lane_closed_ahead
2026-09-17T04:48+02:00,A20,L,27.8,1,speedlimit
2026-09-17T04:48+02:00,A15,L,57.3,1,speedlimit
2026-09-17T04:48+02:00,A20,R,29.1,2,speedlimit
2026-09-17T04:48+02:00,A13,g,18.7,1,speedlimit
2026-09-17T04:48+02:00,A4,L,13.747,7,speedlimit
2026-09-17T04:48+02:00,A20,R,28.57,2,speedlimit
2026-09-17T04:48+02:00,A20,R,26.64,2,speedlimit
2026-09-17T04:48+02:00,A15,L,64.2,3,speedlimit
2026-09-17T04:48+02:00,A20,L,29.1,1,speedlimit
2026-09-17T04:48+02:00,A13,L,18.2,1,speedlimit
2026-09-17T04:48+02:00,A15,L,59.2,3,speedlimit
2026-09-17T04:48+02:00,A15,L,64.67,2,speedlimit
2026-09-17T04:48+02:00,A13,L,12.7,4,lane_closed
2026-09-17T04:48+02:00,A20,L,31.88,2,speedlimit
2026-09-17T04:48+02:00,A20,L,28.085,2,speedlimit
2026-09-17T04:48+02:00,A20,R,30.6,3,speedlimit
2026-09-17T04:48+02:00,A20,L,35.52,1,lane_closed
2026-09-17T04:48+02:00,A20,R,29.8,2,speedlimit
2026-09-17T04:48+02:00,A15,L,64.2,1,lane_closed
2026-09-17T04:48+02:00,A20,R,27.235,2,speedlimit
2026-09-17T04:48+02:00,A20,L,37.3,1,lane_closed
2026-09-17T04:48+02:00,A13,R,18.2,1,speedlimit
2026-09-17T04:48+02:00,A4,L,10.831,1,lane_closed
2026-09-17T04:48+02:00,A4,L,11.24,4,speedlimit
2026-09-17T04:48+02:00,A4,L,10.831,3,speedlimit
2026-09-17T04:48+02:00,A4,L,13.747,3,speedlimit
2026-09-17T04:48+02:00,A15,L,65.25,1,lane_closed_ahead
2026-09-17T04:48+02:00,A4,L,12.766,5,speedlimit
2026-09-17T04:48+02:00,A15,e,95.55,1,speedlimit
2026-09-17T04:48+02:00,A13,e,19.1,1,speedlimit
2026-09-17T04:48+02:00,A4,L,12.15,5,speedlimit
2026-09-17T04:48+02:00,A13,L,17.8,3,speedlimit
2026-09-17T04:48+02:00,A20,R,31.26,1,speedlimit
2026-09-17T04:48+02:00,A20,L,29.826,3,speedlimit
2026-09-17T04:48+02:00,A20,R,31.9,1,speedlimit
2026-09-17T04:48+02:00,A4,h,45.58,3,lane_closed
2026-09-17T04:48+02:00,A20,L,29.5,1,speedlimit
2026-09-17T04:48+02:00,A20,R,28.8,3,speedlimit
2026-09-17T04:48+02:00,A20,R,29.5,1,speedlimit
2026-09-17T04:48+02:00,A15,h,154.74,1,lane_closed
2026-09-17T04:48+02:00,A4,L,13.747,5,speedlimit
2026-09-17T04:48+02:00,A15,L,156.8,1,speedlimit
2026-09-17T04:48+02:00,A15,L,57.3,4,speedlimit
2026-09-17T04:48+02:00,A13,L,11.25,4,lane_closed
2026-09-17T04:48+02:00,A20,L,30.9,1,speedlimit
2026-09-17T04:48+02:00,A13,R,18.2,4,speedlimit
2026-09-17T04:48+02:00,A15,e,154.59,1,lane_closed
2026-09-17T04:48+02:00,A13,R,18.7,1,speedlimit
2026-09-17T04:48+02:00,A15,L,64.67,5,speedlimit
2026-09-17T04:48+02:00,A4,L,11.24,3,speedlimit
2026-09-17T04:48+02:00,A15,n,95.855,1,speedlimit
2026-09-17T04:48+02:00,A20,c,27.488,1,speedlimit
2026-09-17T04:48+02:00,A20,R,31.9,3,speedlimit
2026-09-17T04:48+02:00,A13,R,16.655,3,speedlimit
2026-09-17T04:48+02:00,A20,L,29.1,2,speedlimit
2026-09-17T04:48+02:00,A15,L,63.56,1,lane_closed
2026-09-17T04:48+02:00,A20,R,29.8,3,speedlimit
2026-09-17T04:48+02:00,A13,L,18.2,2,speedlimit
2026-09-17T04:48+02:00,A20,R,26.4,3,speedlimit
2026-09-17T04:48+02:00,A20,R,26.93,1,speedlimit
2026-09-17T04:48+02:00,A20,R,26.4,2,speedlimit
2026-09-17T04:48+02:00,A15,R,153.325,2,speedlimit
2026-09-17T04:48+02:00,A15,L,63.56,3,speedlimit
2026-09-17T04:48+02:00,A20,L,27.488,2,speedlimit
2026-09-17T04:48+02:00,A20,L,30.196,3,speedlimit
2026-09-17T04:48+02:00,A4,h,46.06,1,speedlimit
2026-09-17T04:48+02:00,A20,L,28.41,1,speedlimit
2026-09-17T04:48+02:00,A13,L,13.18,4,lane_closed
2026-09-17T04:48+02:00,A13,L,17.8,2,speedlimit
2026-09-17T04:48+02:00,A4,L,12.766,1,lane_closed
2026-09-17T04:48+02:00,A20,R,28.57,1,speedlimit
2026-09-17T04:48+02:00,A20,R,30.196,4,speedlimit
2026-09-17T04:48+02:00,A20,t,29.6,2,speedlimit
2026-09-17T04:48+02:00,A20,L,38.3,1,lane_closed_ahead
2026-09-17T04:48+02:00,A15,L,57.3,2,speedlimit
2026-09-17T04:48+02:00,A15,L,64.67,4,speedlimit
2026-09-17T04:48+02:00,A15,h,154.29,1,lane_closed
2026-09-17T04:48+02:00,A15,h,153.39,1,lane_closed
2026-09-17T04:48+02:00,A15,L,65.685,1,speedlimit
2026-09-17T04:48+02:00,A15,L,64.67,1,lane_closed
2026-09-17T04:48+02:00,A4,L,13.25,5,speedlimit
2026-09-17T04:48+02:00,A16,L,48.03,2,speedlimit
2026-09-17T04:48+02:00,A4,L,13.747,4,speedlimit
2026-09-17T04:48+02:00,A20,R,26.93,2,speedlimit
2026-09-17T04:48+02:00,A20,L,30.9,3,speedlimit
2026-09-17T04:48+02:00,A13,L,18.8,3,speedlimit
2026-09-17T04:48+02:00,A20,L,37.8,1,lane_closed
2026-09-17T04:48+02:00,A20,R,28.8,1,speedlimit
2026-09-17T04:48+02:00,A13,L,18.8,1,speedlimit
2026-09-17T04:48+02:00,A4,L,11.62,1,lane_closed
2026-09-17T04:48+02:00,A4,h,46.4,2,speedlimit
2026-09-17T04:48+02:00,A4,L,10.831,6,speedlimit
2026-09-17T04:48+02:00,A13,R,16.2,2,speedlimit
2026-09-17T04:48+02:00,A4,L,12.15,3,speedlimit
2026-09-17T04:48+02:00,A20,L,31.4,3,speedlimit
2026-09-17T04:48+02:00,A15,L,57.3,3,lane_closed
2026-09-17T04:48+02:00,A20,L,30.196,4,speedlimit
2026-09-17T04:48+02:00,A13,R,18.2,2,speedlimit
2026-09-17T04:48+02:00,A13,L,17.8,1,speedlimit
2026-09-17T04:48+02:00,A20,R,29.8,1,speedlimit
2026-09-17T04:48+02:00,A20,R,31.26,2,speedlimit
2026-09-17T04:48+02:00,A15,L,156.8,2,speedlimit
2026-09-17T04:48+02:00,A20,R,31.26,3,speedlimit
2026-09-17T04:48+02:00,A20,R,26.64,3,speedlimit
2026-09-17T04:48+02:00,A20,R,26.64,4,speedlimit
2026-09-17T04:48+02:00,A15,n,58.5,2,speedlimit
2026-09-17T04:48+02:00,A20,R,26.4,1,speedlimit
2026-09-17T04:48+02:00,A13,R,17.1,1,speedlimit
2026-09-17T04:48+02:00,A20,R,29.5,3,speedlimit
2026-09-17T04:48+02:00,A13,L,13.7,4,lane_closed
2026-09-17T04:48+02:00,A15,L,63.56,2,speedlimit
2026-09-17T04:48+02:00,A13,L,14.2,4,lane_closed
2026-09-17T04:48+02:00,A4,h,46.4,1,speedlimit
2026-09-17T04:48+02:00,A20,t,29.6,1,speedlimit
2026-09-17T04:48+02:00,A15,L,65.685,4,speedlimit
2026-09-17T04:48+02:00,A20,R,29.8,4,speedlimit
2026-09-17T04:48+02:00,A13,R,18.7,2,speedlimit
2026-09-17T04:48+02:00,A15,L,58.47,3,lane_closed_ahead
2026-09-17T04:48+02:00,A15,h,155.72,1,lane_closed
2026-09-17T04:48+02:00,A20,R,27.488,1,speedlimit
2026-09-17T04:48+02:00,A16,L,48.03,3,speedlimit
2026-09-17T04:48+02:00,A20,R,29.5,2,speedlimit
2026-09-17T04:48+02:00,A20,L,27.2,2,speedlimit
2026-09-17T04:48+02:00,A13,R,18.963,1,speedlimit
2026-09-17T04:48+02:00,A4,L,10.831,2,lane_closed
2026-09-17T04:48+02:00,A13,L,17.1,1,speedlimit
2026-09-17T04:48+02:00,A20,L,31.88,3,speedlimit
2026-09-17T04:48+02:00,A13,L,17.1,4,speedlimit
2026-09-17T04:48+02:00,A13,R,16.655,2,speedlimit
2026-09-17T04:48+02:00,A13,L,15.55,5,lane_closed
2026-09-17T04:48+02:00,A4,L,12.15,4,speedlimit
2026-09-17T04:48+02:00,A15,L,156.35,2,speedlimit
2026-09-17T04:48+02:00,A4,L,10.831,4,speedlimit
2026-09-17T04:48+02:00,A4,L,11.62,2,lane_closed
2026-09-17T04:48+02:00,A15,n,58.0,2,speedlimit
2026-09-17T04:48+02:00,A20,L,32.8,3,speedlimit
2026-09-17T04:48+02:00,A15,n,58.0,3,speedlimit
2026-09-17T04:48+02:00,A20,R,30.196,1,speedlimit
2026-09-17T04:48+02:00,A20,L,29.826,4,speedlimit
2026-09-17T04:48+02:00,A20,s,29.6,1,speedlimit
2026-09-17T04:48+02:00,A20,L,28.57,2,speedlimit
2026-09-17T04:48+02:00,A20,R,30.6,2,speedlimit
2026-09-17T04:48+02:00,A15,L,65.25,3,speedlimit
2026-09-17T04:48+02:00,A13,L,17.1,2,speedlimit
2026-09-17T04:48+02:00,A4,L,11.62,5,speedlimit
2026-09-17T04:48+02:00,A20,L,28.57,3,speedlimit
2026-09-17T04:48+02:00,A15,L,64.67,3,speedlimit
2026-09-17T04:48+02:00,A20,R,26.4,4,speedlimit
2026-09-17T04:48+02:00,A20,R,30.196,2,speedlimit
2026-09-17T04:48+02:00,A13,R,17.8,3,speedlimit
2026-09-17T04:48+02:00,A15,L,57.78,2,speedlimit
2026-09-17T04:48+02:00,A15,n,95.855,2,speedlimit
2026-09-17T06:49+02:00,A16,L,33.125,1,speedlimit
2026-09-17T06:49+02:00,A15,L,38.36,2,speedlimit
2026-09-17T06:49+02:00,A13,L,16.7,1,speedlimit
2026-09-17T06:49+02:00,A4,L,39.81,4,speedlimit
2026-09-17T06:49+02:00,A15,L,35.19,1,speedlimit
2026-09-17T06:49+02:00,A15,L,33.26,1,speedlimit
2026-09-17T06:49+02:00,A16,L,40.4,2,speedlimit
2026-09-17T06:49+02:00,A15,L,37.389,1,speedlimit
2026-09-17T06:49+02:00,A15,L,76.31,1,speedlimit
2026-09-17T06:49+02:00,A24,R,5.08,3,speedlimit
2026-09-17T06:49+02:00,A15,L,75.375,4,speedlimit
2026-09-17T06:49+02:00,A4,L,29.69,1,speedlimit
2026-09-17T06:49+02:00,A15,L,36.658,2,speedlimit
2026-09-17T06:49+02:00,A4,L,36.73,3,speedlimit
2026-09-17T06:49+02:00,A4,n,12.498,2,speedlimit
2026-09-17T06:49+02:00,A4,L,37.53,5,speedlimit
2026-09-17T06:49+02:00,A4,L,44.62,1,speedlimit
2026-09-17T06:49+02:00,A20,L,30.196,2,speedlimit
2026-09-17T06:49+02:00,A4,n,12.498,1,speedlimit
2026-09-17T06:49+02:00,A13,R,16.655,1,speedlimit
2026-09-17T06:49+02:00,A13,R,17.1,2,speedlimit
2026-09-17T06:49+02:00,A15,L,34.45,2,speedlimit
2026-09-17T06:49+02:00,A16,L,39.875,3,speedlimit
2026-09-17T06:49+02:00,A15,L,34.03,2,speedlimit
2026-09-17T06:49+02:00,A16,L,36.355,2,speedlimit
2026-09-17T06:49+02:00,A15,k,70.5,2,speedlimit
2026-09-17T06:49+02:00,A15,L,43.46,2,speedlimit
2026-09-17T06:49+02:00,A15,L,74.625,2,speedlimit
2026-09-17T06:49+02:00,A15,L,44.56,2,speedlimit
2026-09-17T06:49+02:00,A15,L,37.199,3,speedlimit
2026-09-17T06:49+02:00,A20,L,21.83,3,speedlimit
2026-09-17T06:49+02:00,A13,R,18.5,1,speedlimit
2026-09-17T06:49+02:00,A4,L,49.37,1,speedlimit
2026-09-17T06:49+02:00,A15,L,73.25,1,speedlimit
2026-09-17T06:49+02:00,A20,L,29.5,2,speedlimit
2026-09-17T06:49+02:00,A15,L,74.275,3,speedlimit
2026-09-17T06:49+02:00,A4,L,37.53,3,speedlimit
2026-09-17T06:49+02:00,A15,L,37.199,1,speedlimit
2026-09-17T06:49+02:00,A13,R,18.5,4,speedlimit
2026-09-17T06:49+02:00,A16,L,35.76,2,speedlimit
2026-09-17T06:49+02:00,A20,s,35.87,1,speedlimit
2026-09-17T06:49+02:00,A15,L,34.03,1,speedlimit
2026-09-17T06:49+02:00,A20,R,42.485,2,speedlimit
2026-09-17T06:49+02:00,A13,R,18.2,3,speedlimit
2026-09-17T06:49+02:00,A20,R,28.1,1,speedlimit
2026-09-17T06:49+02:00,A20,R,30.196,3,speedlimit
2026-09-17T06:49+02:00,A15,L,73.25,2,speedlimit
2026-09-17T06:49+02:00,A15,L,89.53,2,speedlimit
2026-09-17T06:49+02:00,A15,L,73.25,3,speedlimit
2026-09-17T06:49+02:00,A4,L,30.75,1,speedlimit
2026-09-17T06:49+02:00,A15,L,36.999,3,speedlimit
2026-09-17T06:49+02:00,A16,L,38.22,2,speedlimit
2026-09-17T06:49+02:00,A15,n,95.855,3,speedlimit
2026-09-17T06:49+02:00,A15,L,75.075,1,speedlimit
2026-09-17T06:49+02:00,A4,L,50.798,3,speedlimit
2026-09-17T06:49+02:00,A13,R,17.8,2,speedlimit
2026-09-17T06:49+02:00,A20,s,29.6,2,speedlimit
2026-09-17T06:49+02:00,A15,L,65.25,2,speedlimit
2026-09-17T06:49+02:00,A15,L,65.685,3,speedlimit
2026-09-17T06:49+02:00,A20,L,22.685,3,speedlimit
2026-09-17T06:49+02:00,A20,R,26.93,4,speedlimit
2026-09-17T06:49+02:00,A20,R,28.57,3,speedlimit
2026-09-17T06:49+02:00,A15,L,70.95,3,speedlimit
2026-09-17T06:49+02:00,A16,L,36.355,3,speedlimit
2026-09-17T06:49+02:00,A24,R,4.76,3,speedlimit
2026-09-17T06:49+02:00,A15,L,86.3,2,speedlimit
2026-09-17T06:49+02:00,A13,L,18.8,2,speedlimit
2026-09-17T06:49+02:00,A20,R,27.235,1,speedlimit
2026-09-17T06:49+02:00,A4,L,39.2,3,speedlimit
2026-09-17T06:49+02:00,A20,L,28.41,2,speedlimit
2026-09-17T06:49+02:00,A20,L,22.685,1,speedlimit
2026-09-17T06:49+02:00,A4,L,30.47,3,speedlimit
2026-09-17T06:49+02:00,A20,R,27.79,2,speedlimit
2026-09-17T06:49+02:00,A16,L,32.396,3,speedlimit
2026-09-17T06:49+02:00,A15,L,38.71,3,speedlimit
2026-09-17T06:49+02:00,A15,L,89.53,1,speedlimit
2026-09-17T06:49+02:00,A13,R,18.5,3,speedlimit
2026-09-17T06:49+02:00,A20,R,28.57,4,speedlimit
2026-09-17T06:49+02:00,A20,R,31.26,4,speedlimit
2026-09-17T06:49+02:00,A20,L,29.826,2,speedlimit
2026-09-17T06:49+02:00,A20,L,28.57,1,speedlimit
2026-09-17T06:49+02:00,A16,L,31.805,2,speedlimit
2026-09-17T06:49+02:00,A16,L,38.22,1,speedlimit
2026-09-17T06:49+02:00,A20,R,29.5,4,speedlimit
2026-09-17T06:49+02:00,A4,L,49.84,1,speedlimit
2026-09-17T06:49+02:00,A15,L,73.755,1,speedlimit
2026-09-17T06:49+02:00,A15,L,72.96,1,speedlimit
2026-09-17T06:49+02:00,A15,L,72.58,2,speedlimit
2026-09-17T06:49+02:00,A20,R,28.1,2,speedlimit
2026-09-17T06:49+02:00,A20,R,26.64,1,speedlimit
2026-09-17T06:49+02:00,A16,L,32.396,1,speedlimit
2026-09-17T06:49+02:00,A15,L,64.2,2,speedlimit
2026-09-17T06:49+02:00,A15,L,38.99,1,speedlimit
2026-09-17T06:49+02:00,A4,L,46.27,2,speedlimit
2026-09-17T06:49+02:00,A4,L,50.798,4,speedlimit
2026-09-17T06:49+02:00,A15,L,87.05,2,speedlimit
2026-09-17T06:49+02:00,A15,L,74.085,3,speedlimit
2026-09-17T06:49+02:00,A4,L,29.69,3,speedlimit
2026-09-17T06:49+02:00,A20,L,32.8,2,speedlimit
2026-09-17T06:49+02:00,A16,L,30.73,4,speedlimit
2026-09-17T06:49+02:00,A16,L,48.03,1,speedlimit
2026-09-17T06:49+02:00,A15,L,65.25,4,speedlimit
2026-09-17T06:49+02:00,A4,L,36.73,4,speedlimit
2026-09-17T06:49+02:00,A13,L,17.1,3,speedlimit
2026-09-17T06:49+02:00,A15,L,90.05,2,speedlimit
2026-09-17T06:49+02:00,A20,R,42.0,1,speedlimit
2026-09-17T06:49+02:00,A4,L,45.28,1,speedlimit
2026-09-17T06:49+02:00,A15,L,38.71,4,speedlimit
2026-09-17T06:49+02:00,A16,L,39.25,3,speedlimit
2026-09-17T06:49+02:00,A4,L,39.2,2,speedlimit
2026-09-17T06:49+02:00,A4,L,36.73,2,speedlimit
2026-09-17T06:49+02:00,A16,L,35.76,1,speedlimit
2026-09-17T06:49+02:00,A15,L,43.46,4,speedlimit
2026-09-17T06:49+02:00,A15,L,36.898,3,speedlimit
2026-09-17T06:49+02:00,A20,L,27.488,1,speedlimit
2026-09-17T06:49+02:00,A15,L,38.01,2,speedlimit
2026-09-17T06:49+02:00,A20,L,27.2,1,speedlimit
2026-09-17T06:49+02:00,A4,h,46.06,2,speedlimit
2026-09-17T06:49+02:00,A20,L,27.8,2,speedlimit
2026-09-17T06:49+02:00,A15,L,37.098,2,speedlimit
2026-09-17T06:49+02:00,A16,L,33.125,4,speedlimit
2026-09-17T06:49+02:00,A15,L,71.42,4,speedlimit
2026-09-17T06:49+02:00,A13,L,18.2,3,speedlimit
2026-09-17T06:49+02:00,A4,L,29.156,3,speedlimit
2026-09-17T06:49+02:00,A15,L,37.61,2,speedlimit
2026-09-17T06:49+02:00,A15,L,36.138,3,speedlimit
2026-09-17T06:49+02:00,A16,L,31.425,4,speedlimit
2026-09-17T06:49+02:00,A15,L,40.65,2,speedlimit
2026-09-17T06:49+02:00,A20,L,31.88,1,speedlimit
2026-09-17T06:49+02:00,A15,L,73.92,2,speedlimit
2026-09-17T06:49+02:00,A15,L,35.64,2,speedlimit
2026-09-17T06:49+02:00,A15,L,37.5,1,speedlimit
2026-09-17T06:49+02:00,A13,L,16.7,2,speedlimit
2026-09-17T06:49+02:00,A15,L,38.01,1,speedlimit
2026-09-17T06:49+02:00,A20,L,30.9,2,speedlimit
2026-09-17T06:49+02:00,A15,L,73.92,3,speedlimit
2026-09-17T06:49+02:00,A20,L,28.085,1,speedlimit
2026-09-17T06:49+02:00,A20,s,35.6,1,speedlimit
2026-09-17T06:49+02:00,A15,L,71.9,2,speedlimit
2026-09-17T06:49+02:00,A15,L,37.8,2,speedlimit
2026-09-17T06:49+02:00,A15,L,37.098,3,speedlimit
2026-09-17T06:49+02:00,A20,R,30.6,1,speedlimit
2026-09-17T06:49+02:00,A13,R,17.1,3,speedlimit
2026-09-17T06:49+02:00,A15,L,36.418,3,speedlimit
2026-09-17T06:49+02:00,A16,L,31.805,3,speedlimit
2026-09-17T06:49+02:00,A16,L,38.73,1,speedlimit
2026-09-17T06:49+02:00,A4,L,44.01,3,speedlimit
2026-09-17T06:49+02:00,A15,L,36.778,2,speedlimit
2026-09-17T06:49+02:00,A20,R,26.93,3,speedlimit
2026-09-17T06:49+02:00,A15,L,32.62,1,speedlimit
2026-09-17T06:49+02:00,A15,L,36.898,2,speedlimit
2026-09-17T06:49+02:00,A15,L,39.66,2,speedlimit
2026-09-17T06:49+02:00,A20,L,31.4,1,speedlimit
2026-09-17T06:49+02:00,A16,L,30.2,1,speedlimit
2026-09-17T06:49+02:00,A4,L,29.156,1,speedlimit
2026-09-17T06:49+02:00,A15,L,90.05,1,speedlimit
2026-09-17T06:49+02:00,A15,L,37.61,1,speedlimit
2026-09-17T06:49+02:00,A15,L,40.65,1,speedlimit
2026-09-17T06:49+02:00,A16,L,36.07,2,speedlimit
2026-09-17T06:49+02:00,A20,L,31.1,2,speedlimit
2026-09-17T06:49+02:00,A13,g,18.7,2,speedlimit
2026-09-17T06:49+02:00,A4,L,46.27,1,speedlimit
2026-09-17T06:49+02:00,A15,L,65.685,2,speedlimit
2026-09-17T06:49+02:00,A4,L,39.81,3,speedlimit
2026-09-17T06:49+02:00,A15,L,88.65,1,speedlimit
2026-09-17T06:49+02:00,A4,L,40.7,4,speedlimit
2026-09-17T06:49+02:00,A20,L,31.4,2,speedlimit
2026-09-17T06:49+02:00,A4,L,49.84,3,speedlimit
2026-09-17T06:49+02:00,A15,L,86.7,2,speedlimit
2026-09-17T06:49+02:00,A16,L,14.32,1,speedlimit
2026-09-17T06:49+02:00,A15,L,71.42,3,speedlimit
2026-09-17T06:49+02:00,A15,L,75.375,2,speedlimit
2026-09-17T06:49+02:00,A15,L,74.625,1,speedlimit
2026-09-17T06:49+02:00,A24,R,5.08,1,speedlimit
2026-09-17T06:49+02:00,A4,n,12.15,1,speedlimit
2026-09-17T06:49+02:00,A13,L,15.9,3,lane_closed
2026-09-17T06:49+02:00,A15,L,75.375,1,speedlimit
2026-09-17T06:49+02:00,A20,R,43.32,2,speedlimit
2026-09-17T06:49+02:00,A16,L,30.2,2,speedlimit
2026-09-17T06:49+02:00,A16,L,32.843,4,speedlimit
2026-09-17T06:49+02:00,A15,L,44.56,3,speedlimit
2026-09-17T06:49+02:00,A13,R,16.2,1,speedlimit
2026-09-17T06:49+02:00,A15,L,71.9,3,speedlimit
2026-09-17T06:49+02:00,A13,R,18.5,2,speedlimit
2026-09-17T06:49+02:00,A16,L,36.07,1,speedlimit
2026-09-17T06:49+02:00,A15,L,37.8,3,speedlimit
2026-09-17T06:49+02:00,A20,L,30.196,1,speedlimit
2026-09-17T06:49+02:00,A15,L,73.59,3,speedlimit
2026-09-17T06:49+02:00,A4,L,44.01,2,speedlimit
2026-09-17T06:49+02:00,A15,L,38.36,3,speedlimit
2026-09-17T06:49+02:00,A20,R,27.79,1,speedlimit
2026-09-17T06:49+02:00,A20,L,29.826,1,speedlimit
2026-09-17T06:49+02:00,A16,L,32.396,4,speedlimit
2026-09-17T06:49+02:00,A16,L,31.425,2,speedlimit
2026-09-17T06:49+02:00,A15,L,38.36,1,speedlimit
2026-09-17T06:49+02:00,A20,R,28.41,2,speedlimit
2026-09-17T06:49+02:00,A16,L,31.805,5,speedlimit
2026-09-17T06:49+02:00,A15,L,33.64,1,speedlimit
2026-09-17T06:49+02:00,A16,L,32.843,2,speedlimit
2026-09-17T06:49+02:00,A4,L,30.47,2,speedlimit
2026-09-17T06:49+02:00,A4,L,39.81,1,speedlimit
2026-09-17T06:49+02:00,A20,R,29.1,1,speedlimit
2026-09-17T06:49+02:00,A16,L,31.425,1,speedlimit
2026-09-17T06:49+02:00,A20,R,42.0,3,speedlimit
2026-09-17T06:49+02:00,A13,R,17.8,1,speedlimit
2026-09-17T06:49+02:00,A20,R,28.41,1,speedlimit
2026-09-17T06:49+02:00,A20,R,31.9,2,speedlimit
2026-09-17T06:49+02:00,A15,L,35.19,2,speedlimit
2026-09-17T06:49+02:00,A15,L,75.86,1,speedlimit
2026-09-17T06:49+02:00,A20,L,31.1,3,speedlimit
2026-09-17T06:49+02:00,A15,L,40.22,3,speedlimit
2026-09-17T06:49+02:00,A15,L,43.95,3,speedlimit
2026-09-17T06:49+02:00,A4,L,39.2,4,speedlimit
2026-09-17T06:49+02:00,A16,L,15.73,2,speedlimit
2026-09-17T06:49+02:00,A15,L,35.89,2,speedlimit
2026-09-17T06:49+02:00,A4,L,36.73,1,speedlimit
2026-09-17T06:49+02:00,A20,R,27.488,2,speedlimit
2026-09-17T06:49+02:00,A20,t,28.895,1,speedlimit
2026-09-17T06:49+02:00,A16,L,32.396,5,speedlimit
2026-09-17T06:49+02:00,A16,L,37.6,3,speedlimit
2026-09-17T06:49+02:00,A20,L,32.8,1,speedlimit
2026-09-17T06:49+02:00,A15,L,37.298,1,speedlimit
2026-09-17T06:49+02:00,A15,L,35.64,1,speedlimit
2026-09-17T06:49+02:00,A16,L,16.48,3,speedlimit
2026-09-17T06:49+02:00,A4,L,45.75,3,speedlimit
2026-09-17T06:49+02:00,A20,R,28.8,2,speedlimit
2026-09-17T06:49+02:00,A15,L,35.89,1,speedlimit
2026-09-17T06:49+02:00,A15,L,32.62,2,speedlimit
2026-09-17T06:49+02:00,A4,L,49.37,3,speedlimit
2026-09-17T06:49+02:00,A15,L,43.95,2,speedlimit
2026-09-17T06:49+02:00,A20,L,31.1,1,speedlimit
2026-09-17T06:49+02:00,A15,L,73.25,4,speedlimit
2026-09-17T06:49+02:00,A13,L,16.19,3,lane_closed
2026-09-17T06:49+02:00,A13,L,15.035,5,lane_closed
2026-09-17T06:49+02:00,A16,L,16.48,2,speedlimit
2026-09-17T06:49+02:00,A4,L,45.28,3,speedlimit
2026-09-17T06:49+02:00,A20,L,27.8,1,speedlimit
2026-09-17T06:49+02:00,A15,L,72.96,2,speedlimit
2026-09-17T06:49+02:00,A24,R,4.76,2,speedlimit
2026-09-17T06:49+02:00,A4,n,12.498,3,speedlimit
2026-09-17T06:49+02:00,A16,L,39.875,1,speedlimit
2026-09-17T06:49+02:00,A16,L,14.32,2,speedlimit
2026-09-17T06:49+02:00,A16,L,39.25,1,speedlimit
2026-09-17T06:49+02:00,A4,n,12.15,4,speedlimit
2026-09-17T06:49+02:00,A15,L,88.02,2,speedlimit
2026-09-17T06:49+02:00,A20,R,29.1,2,speedlimit
2026-09-17T06:49+02:00,A16,L,31.425,5,speedlimit
2026-09-17T06:49+02:00,A13,g,18.7,1,speedlimit
2026-09-17T06:49+02:00,A4,L,46.27,3,speedlimit
2026-09-17T06:49+02:00,A15,L,74.625,3,speedlimit
2026-09-17T06:49+02:00,A20,L,21.83,1,speedlimit
2026-09-17T06:49+02:00,A15,L,72.58,1,speedlimit
2026-09-17T06:49+02:00,A20,R,28.57,2,speedlimit
2026-09-17T06:49+02:00,A20,R,40.985,2,speedlimit
2026-09-17T06:49+02:00,A4,L,44.62,2,speedlimit
2026-09-17T06:49+02:00,A20,R,26.64,2,speedlimit
2026-09-17T06:49+02:00,A15,L,64.2,3,speedlimit
2026-09-17T06:49+02:00,A20,L,29.1,1,speedlimit
2026-09-17T06:49+02:00,A4,n,12.15,2,speedlimit
2026-09-17T06:49+02:00,A16,L,39.875,2,speedlimit
2026-09-17T06:49+02:00,A16,L,37.6,2,speedlimit
2026-09-17T06:49+02:00,A13,L,18.2,1,speedlimit
2026-09-17T06:49+02:00,A15,L,37.098,1,speedlimit
2026-09-17T06:49+02:00,A15,L,87.4,2,speedlimit
2026-09-17T06:49+02:00,A15,L,64.67,2,speedlimit
2026-09-17T06:49+02:00,A13,L,12.7,4,lane_closed
2026-09-17T06:49+02:00,A20,L,31.88,2,speedlimit
2026-09-17T06:49+02:00,A4,L,39.81,2,speedlimit
2026-09-17T06:49+02:00,A20,L,28.085,2,speedlimit
2026-09-17T06:49+02:00,A15,L,43.46,3,speedlimit
2026-09-17T06:49+02:00,A15,L,38.71,2,speedlimit
2026-09-17T06:49+02:00,A16,L,15.16,2,speedlimit
2026-09-17T06:49+02:00,A20,R,30.6,3,speedlimit
2026-09-17T06:49+02:00,A15,L,73.59,2,speedlimit
2026-09-17T06:49+02:00,A16,L,40.4,3,speedlimit
2026-09-17T06:49+02:00,A20,R,43.32,1,speedlimit
2026-09-17T06:49+02:00,A20,R,29.8,2,speedlimit
2026-09-17T06:49+02:00,A15,L,64.2,1,lane_closed
2026-09-17T06:49+02:00,A20,R,27.235,2,speedlimit
2026-09-17T06:49+02:00,A13,R,18.2,1,speedlimit
2026-09-17T06:49+02:00,A15,L,34.45,1,speedlimit
2026-09-17T06:49+02:00,A20,L,22.95,2,speedlimit
2026-09-17T06:49+02:00,A15,L,75.86,2,speedlimit
2026-09-17T06:49+02:00,A16,L,30.73,1,speedlimit
2026-09-17T06:49+02:00,A16,L,32.843,1,speedlimit
2026-09-17T06:49+02:00,A15,L,65.25,1,lane_closed_ahead
2026-09-17T06:49+02:00,A16,L,36.99,1,speedlimit
2026-09-17T06:49+02:00,A4,L,39.2,1,speedlimit
2026-09-17T06:49+02:00,A15,e,95.55,1,speedlimit
2026-09-17T06:49+02:00,A15,y,44.56,1,speedlimit
2026-09-17T06:49+02:00,A13,e,19.1,1,speedlimit
2026-09-17T06:49+02:00,A15,L,44.56,1,speedlimit
2026-09-17T06:49+02:00,A15,L,39.36,1,speedlimit
2026-09-17T06:49+02:00,A16,L,14.46,1,speedlimit
2026-09-17T06:49+02:00,A16,L,40.4,1,speedlimit
2026-09-17T06:49+02:00,A16,L,33.125,2,speedlimit
2026-09-17T06:49+02:00,A15,L,75.86,3,speedlimit
2026-09-17T06:49+02:00,A16,L,30.73,2,speedlimit
2026-09-17T06:49+02:00,A13,L,17.8,3,speedlimit
2026-09-17T06:49+02:00,A4,L,51.458,2,speedlimit
2026-09-17T06:49+02:00,A16,L,35.48,3,speedlimit
2026-09-17T06:49+02:00,A15,L,88.65,2,speedlimit
2026-09-17T06:49+02:00,A20,R,31.26,1,speedlimit
2026-09-17T06:49+02:00,A15,L,36.999,2,speedlimit
2026-09-17T06:49+02:00,A20,L,45.61,1,speedlimit
2026-09-17T06:49+02:00,A4,n,12.15,3,speedlimit
2026-09-17T06:49+02:00,A16,L,16.48,4,speedlimit
2026-09-17T06:49+02:00,A15,L,36.418,1,speedlimit
2026-09-17T06:49+02:00,A20,R,42.0,2,speedlimit
2026-09-17T06:49+02:00,A20,R,40.985,3,speedlimit
2026-09-17T06:49+02:00,A16,L,31.425,3,speedlimit
2026-09-17T06:49+02:00,A15,L,36.778,1,speedlimit
2026-09-17T06:49+02:00,A15,L,75.075,3,speedlimit
2026-09-17T06:49+02:00,A15,L,43.95,1,speedlimit
2026-09-17T06:49+02:00,A20,R,41.6,3,speedlimit
2026-09-17T06:49+02:00,A15,L,70.95,1,speedlimit
2026-09-17T06:49+02:00,A15,L,36.138,4,speedlimit
2026-09-17T06:49+02:00,A20,L,29.826,3,speedlimit
2026-09-17T06:49+02:00,A20,R,31.9,1,speedlimit
2026-09-17T06:49+02:00,A15,L,89.03,1,speedlimit
2026-09-17T06:49+02:00,A16,L,35.76,3,speedlimit
2026-09-17T06:49+02:00,A15,L,34.78,2,speedlimit
2026-09-17T06:49+02:00,A20,L,29.5,1,speedlimit
2026-09-17T06:49+02:00,A20,R,28.8,3,speedlimit
2026-09-17T06:49+02:00,A20,R,29.5,1,speedlimit
2026-09-17T06:49+02:00,A20,R,41.6,1,speedlimit
2026-09-17T06:49+02:00,A15,L,87.4,1,speedlimit
2026-09-17T06:49+02:00,A15,L,36.778,3,speedlimit
2026-09-17T06:49+02:00,A13,L,11.25,4,lane_closed
2026-09-17T06:49+02:00,A20,R,40.985,1,speedlimit
2026-09-17T06:49+02:00,A20,L,30.9,1,speedlimit
2026-09-17T06:49+02:00,A15,L,38.99,2,speedlimit
2026-09-17T06:49+02:00,A15,L,36.658,1,speedlimit
2026-09-17T06:49+02:00,A16,L,38.73,2,speedlimit
2026-09-17T06:49+02:00,A4,L,30.47,1,speedlimit
2026-09-17T06:49+02:00,A13,R,18.2,4,speedlimit
2026-09-17T06:49+02:00,A16,L,31.805,4,speedlimit
2026-09-17T06:49+02:00,A24,R,4.76,4,speedlimit
2026-09-17T06:49+02:00,A4,L,30.75,2,speedlimit
2026-09-17T06:49+02:00,A16,L,32.843,3,speedlimit
2026-09-17T06:49+02:00,A16,L,33.125,3,speedlimit
2026-09-17T06:49+02:00,A15,L,37.5,3,speedlimit
2026-09-17T06:49+02:00,A16,L,36.07,3,speedlimit
2026-09-17T06:49+02:00,A4,L,45.75,1,speedlimit
2026-09-17T06:49+02:00,A13,R,18.7,1,speedlimit
2026-09-17T06:49+02:00,A15,L,64.67,5,speedlimit
2026-09-17T06:49+02:00,A4,L,50.798,2,speedlimit
2026-09-17T06:49+02:00,A15,n,95.855,1,speedlimit
2026-09-17T06:49+02:00,A16,L,35.48,5,speedlimit
2026-09-17T06:49+02:00,A20,c,27.488,1,speedlimit
2026-09-17T06:49+02:00,A20,R,31.9,3,speedlimit
2026-09-17T06:49+02:00,A13,R,16.655,3,speedlimit
2026-09-17T06:49+02:00,A15,L,37.298,3,speedlimit
2026-09-17T06:49+02:00,A4,L,50.253,3,speedlimit
2026-09-17T06:49+02:00,A15,L,74.275,1,speedlimit
2026-09-17T06:49+02:00,A20,L,29.1,2,speedlimit
2026-09-17T06:49+02:00,A15,L,63.56,1,lane_closed
2026-09-17T06:49+02:00,A20,R,29.8,3,speedlimit
2026-09-17T06:49+02:00,A13,L,18.2,2,speedlimit
2026-09-17T06:49+02:00,A20,R,26.4,3,speedlimit
2026-09-17T06:49+02:00,A4,L,50.253,2,speedlimit
2026-09-17T06:49+02:00,A20,R,26.93,1,speedlimit
2026-09-17T06:49+02:00,A16,L,35.48,4,speedlimit
2026-09-17T06:49+02:00,A16,L,30.73,3,speedlimit
2026-09-17T06:49+02:00,A24,R,4.76,5,speedlimit
2026-09-17T06:49+02:00,A20,R,26.4,2,speedlimit
2026-09-17T06:49+02:00,A16,L,32.396,2,speedlimit
2026-09-17T06:49+02:00,A24,R,4.76,1,speedlimit
2026-09-17T06:49+02:00,A15,L,63.56,3,speedlimit
2026-09-17T06:49+02:00,A20,L,27.488,2,speedlimit
2026-09-17T06:49+02:00,A4,L,29.69,2,speedlimit
2026-09-17T06:49+02:00,A20,L,30.196,3,speedlimit
2026-09-17T06:49+02:00,A4,L,50.798,1,speedlimit
2026-09-17T06:49+02:00,A4,h,46.06,1,speedlimit
2026-09-17T06:49+02:00,A20,L,28.41,1,speedlimit
2026-09-17T06:49+02:00,A16,L,37.6,1,speedlimit
2026-09-17T06:49+02:00,A13,L,13.18,4,lane_closed
2026-09-17T06:49+02:00,A15,L,38.01,3,speedlimit
2026-09-17T06:49+02:00,A13,L,17.8,2,speedlimit
2026-09-17T06:49+02:00,A20,L,46.045,2,speedlimit
2026-09-17T06:49+02:00,A15,L,72.96,4,speedlimit
2026-09-17T06:49+02:00,A15,L,36.418,2,speedlimit
2026-09-17T06:49+02:00,A20,R,28.57,1,speedlimit
2026-09-17T06:49+02:00,A20,R,30.196,4,speedlimit
2026-09-17T06:49+02:00,A15,L,76.31,3,speedlimit
2026-09-17T06:49+02:00,A4,L,51.458,3,speedlimit
2026-09-17T06:49+02:00,A16,L,15.16,1,speedlimit
2026-09-17T06:49+02:00,A24,R,5.64,2,speedlimit
2026-09-17T06:49+02:00,A15,L,33.64,2,speedlimit
2026-09-17T06:49+02:00,A20,R,42.485,3,speedlimit
2026-09-17T06:49+02:00,A15,L,75.075,2,speedlimit
2026-09-17T06:49+02:00,A15,L,37.5,2,speedlimit
2026-09-17T06:49+02:00,A4,L,49.84,2,speedlimit
2026-09-17T06:49+02:00,A20,t,29.6,2,speedlimit
2026-09-17T06:49+02:00,A16,L,35.48,1,speedlimit
2026-09-17T06:49+02:00,A20,L,21.83,2,speedlimit
2026-09-17T06:49+02:00,A16,L,16.48,5,speedlimit
2026-09-17T06:49+02:00,A15,L,73.59,1,speedlimit
2026-09-17T06:49+02:00,A15,L,64.67,4,speedlimit
2026-09-17T06:49+02:00,A15,L,71.42,1,speedlimit
2026-09-17T06:49+02:00,A20,R,42.485,1,speedlimit
2026-09-17T06:49+02:00,A4,L,29.156,2,speedlimit
2026-09-17T06:49+02:00,A16,L,36.99,2,speedlimit
2026-09-17T06:49+02:00,A15,L,65.685,1,speedlimit
2026-09-17T06:49+02:00,A15,L,64.67,1,lane_closed
2026-09-17T06:49+02:00,A16,L,48.03,2,speedlimit
2026-09-17T06:49+02:00,A20,R,26.93,2,speedlimit
2026-09-17T06:49+02:00,A20,L,30.9,3,speedlimit
2026-09-17T06:49+02:00,A20,L,22.95,1,speedlimit
2026-09-17T06:49+02:00,A13,L,18.8,3,speedlimit
2026-09-17T06:49+02:00,A4,L,46.27,4,speedlimit
2026-09-17T06:49+02:00,A20,L,46.045,1,speedlimit
2026-09-17T06:49+02:00,A20,R,28.8,1,speedlimit
2026-09-17T06:49+02:00,A15,L,70.95,4,speedlimit
2026-09-17T06:49+02:00,A15,L,36.536,3,speedlimit
2026-09-17T06:49+02:00,A16,L,16.48,1,speedlimit
2026-09-17T06:49+02:00,A13,L,18.8,1,speedlimit
2026-09-17T06:49+02:00,A15,L,72.96,3,speedlimit
2026-09-17T06:49+02:00,A15,L,71.9,1,speedlimit
2026-09-17T06:49+02:00,A4,h,46.4,2,speedlimit
2026-09-17T06:49+02:00,A13,R,16.2,2,speedlimit
2026-09-17T06:49+02:00,A16,L,15.73,1,speedlimit
2026-09-17T06:49+02:00,A20,L,22.685,4,speedlimit
2026-09-17T06:49+02:00,A15,L,73.92,1,speedlimit
2026-09-17T06:49+02:00,A16,L,14.768,1,speedlimit
2026-09-17T06:49+02:00,A15,L,74.275,2,speedlimit
2026-09-17T06:49+02:00,A4,L,45.28,2,speedlimit
2026-09-17T06:49+02:00,A20,L,31.4,3,speedlimit
2026-09-17T06:49+02:00,A15,L,36.138,2,speedlimit
2026-09-17T06:49+02:00,A4,L,40.7,1,speedlimit
2026-09-17T06:49+02:00,A16,L,14.768,3,speedlimit
2026-09-17T06:49+02:00,A20,L,30.196,4,speedlimit
2026-09-17T06:49+02:00,A4,L,37.53,2,speedlimit
2026-09-17T06:49+02:00,A15,L,37.61,3,speedlimit
2026-09-17T06:49+02:00,A15,L,71.42,2,speedlimit
2026-09-17T06:49+02:00,A4,L,44.01,1,speedlimit
2026-09-17T06:49+02:00,A15,L,89.03,2,speedlimit
2026-09-17T06:49+02:00,A4,L,51.458,1,speedlimit
2026-09-17T06:49+02:00,A13,R,18.2,2,speedlimit
2026-09-17T06:49+02:00,A15,L,72.58,3,speedlimit
2026-09-17T06:49+02:00,A13,L,17.8,1,speedlimit
2026-09-17T06:49+02:00,A15,L,34.78,1,speedlimit
2026-09-17T06:49+02:00,A16,L,38.73,3,speedlimit
2026-09-17T06:49+02:00,A20,R,29.8,1,speedlimit
2026-09-17T06:49+02:00,A20,R,31.26,2,speedlimit
2026-09-17T06:49+02:00,A4,L,50.253,4,speedlimit
2026-09-17T06:49+02:00,A15,L,40.22,2,speedlimit
2026-09-17T06:49+02:00,A16,L,39.25,2,speedlimit
2026-09-17T06:49+02:00,A15,L,43.46,1,speedlimit
2026-09-17T06:49+02:00,A15,L,37.199,2,speedlimit
2026-09-17T06:49+02:00,A16,L,14.768,2,speedlimit
2026-09-17T06:49+02:00,A15,L,33.26,2,speedlimit
2026-09-17T06:49+02:00,A4,L,30.75,3,speedlimit
2026-09-17T06:49+02:00,A20,R,31.26,3,speedlimit
2026-09-17T06:49+02:00,A20,L,46.4,2,speedlimit
2026-09-17T06:49+02:00,A15,L,70.95,2,speedlimit
2026-09-17T06:49+02:00,A20,R,26.64,3,speedlimit
2026-09-17T06:49+02:00,A20,R,26.64,4,speedlimit
2026-09-17T06:49+02:00,A20,R,26.4,1,speedlimit
2026-09-17T06:49+02:00,A13,R,17.1,1,speedlimit
2026-09-17T06:49+02:00,A15,k,70.5,1,speedlimit
2026-09-17T06:49+02:00,A4,L,37.53,4,speedlimit
2026-09-17T06:49+02:00,A4,L,40.7,2,speedlimit
2026-09-17T06:49+02:00,A15,L,39.66,1,speedlimit
2026-09-17T06:49+02:00,A20,R,29.5,3,speedlimit
2026-09-17T06:49+02:00,A20,L,47.0,2,speedlimit
2026-09-17T06:49+02:00,A13,L,13.7,4,lane_closed
2026-09-17T06:49+02:00,A15,L,63.56,2,speedlimit
2026-09-17T06:49+02:00,A20,L,47.0,1,speedlimit
2026-09-17T06:49+02:00,A24,R,5.64,1,speedlimit
2026-09-17T06:49+02:00,A20,R,41.6,2,speedlimit
2026-09-17T06:49+02:00,A13,L,14.2,4,lane_closed
2026-09-17T06:49+02:00,A4,h,46.4,1,speedlimit
2026-09-17T06:49+02:00,A4,L,44.62,3,speedlimit
2026-09-17T06:49+02:00,A20,t,29.6,1,speedlimit
2026-09-17T06:49+02:00,A16,L,36.99,3,speedlimit
2026-09-17T06:49+02:00,A15,L,65.685,4,speedlimit
2026-09-17T06:49+02:00,A15,L,38.36,4,speedlimit
2026-09-17T06:49+02:00,A20,R,29.8,4,speedlimit
2026-09-17T06:49+02:00,A15,L,86.3,1,speedlimit
2026-09-17T06:49+02:00,A20,L,46.4,1,speedlimit
2026-09-17T06:49+02:00,A13,R,18.7,2,speedlimit
2026-09-17T06:49+02:00,A4,L,49.37,2,speedlimit
2026-09-17T06:49+02:00,A15,L,87.05,1,speedlimit
2026-09-17T06:49+02:00,A20,R,27.488,1,speedlimit
2026-09-17T06:49+02:00,A16,L,48.03,3,speedlimit
2026-09-17T06:49+02:00,A15,L,72.58,4,speedlimit
2026-09-17T06:49+02:00,A15,L,37.8,1,speedlimit
2026-09-17T06:49+02:00,A15,L,40.22,1,speedlimit
2026-09-17T06:49+02:00,A16,L,14.46,2,speedlimit
2026-09-17T06:49+02:00,A20,R,29.5,2,speedlimit
2026-09-17T06:49+02:00,A20,L,27.2,2,speedlimit
2026-09-17T06:49+02:00,A24,R,5.08,2,speedlimit
2026-09-17T06:49+02:00,A13,R,18.963,1,speedlimit
2026-09-17T06:49+02:00,A13,L,17.1,1,speedlimit
2026-09-17T06:49+02:00,A20,L,31.88,3,speedlimit
2026-09-17T06:49+02:00,A20,L,45.61,2,speedlimit
2026-09-17T06:49+02:00,A15,L,37.389,3,speedlimit
2026-09-17T06:49+02:00,A13,L,17.1,4,speedlimit
2026-09-17T06:49+02:00,A15,L,38.71,1,speedlimit
2026-09-17T06:49+02:00,A13,R,16.655,2,speedlimit
2026-09-17T06:49+02:00,A15,L,36.536,1,speedlimit
2026-09-17T06:49+02:00,A13,L,15.55,5,lane_closed
2026-09-17T06:49+02:00,A15,L,75.375,3,speedlimit
2026-09-17T06:49+02:00,A15,L,74.085,1,speedlimit
2026-09-17T06:49+02:00,A15,L,37.298,2,speedlimit
2026-09-17T06:49+02:00,A15,L,43.95,4,speedlimit
2026-09-17T06:49+02:00,A16,d,15.73,1,speedlimit
2026-09-17T06:49+02:00,A16,L,30.2,3,speedlimit
2026-09-17T06:49+02:00,A15,L,76.31,2,speedlimit
2026-09-17T06:49+02:00,A15,L,86.7,1,speedlimit
2026-09-17T06:49+02:00,A4,L,37.53,1,speedlimit
2026-09-17T06:49+02:00,A4,L,50.253,1,speedlimit
2026-09-17T06:49+02:00,A15,L,37.389,2,speedlimit
2026-09-17T06:49+02:00,A20,L,32.8,3,speedlimit
2026-09-17T06:49+02:00,A15,L,36.658,3,speedlimit
2026-09-17T06:49+02:00,A15,L,36.999,1,speedlimit
2026-09-17T06:49+02:00,A15,L,73.755,3,speedlimit
2026-09-17T06:49+02:00,A15,L,36.898,1,speedlimit
2026-09-17T06:49+02:00,A15,L,36.138,1,speedlimit
2026-09-17T06:49+02:00,A15,L,73.755,2,speedlimit
2026-09-17T06:49+02:00,A15,L,36.536,2,speedlimit
2026-09-17T06:49+02:00,A20,R,30.196,1,speedlimit
2026-09-17T06:49+02:00,A20,L,29.826,4,speedlimit
2026-09-17T06:49+02:00,A16,L,30.2,4,speedlimit
2026-09-17T06:49+02:00,A16,L,36.355,1,speedlimit
2026-09-17T06:49+02:00,A16,L,31.805,1,speedlimit
2026-09-17T06:49+02:00,A15,L,74.085,2,speedlimit
2026-09-17T06:49+02:00,A20,s,29.6,1,speedlimit
2026-09-17T06:49+02:00,A20,L,28.57,2,speedlimit
2026-09-17T06:49+02:00,A4,L,40.7,3,speedlimit
2026-09-17T06:49+02:00,A20,R,30.6,2,speedlimit
2026-09-17T06:49+02:00,A15,L,38.01,4,speedlimit
2026-09-17T06:49+02:00,A15,L,65.25,3,speedlimit
2026-09-17T06:49+02:00,A13,L,17.1,2,speedlimit
2026-09-17T06:49+02:00,A4,L,45.75,4,speedlimit
2026-09-17T06:49+02:00,A16,L,38.22,3,speedlimit
2026-09-17T06:49+02:00,A20,L,28.57,3,speedlimit
2026-09-17T06:49+02:00,A15,L,64.67,3,speedlimit
2026-09-17T06:49+02:00,A15,L,88.02,1,speedlimit
2026-09-17T06:49+02:00,A20,L,22.685,2,speedlimit
2026-09-17T06:49+02:00,A20,R,26.4,4,speedlimit
2026-09-17T06:49+02:00,A20,R,30.196,2,speedlimit
2026-09-17T06:49+02:00,A13,R,17.8,3,speedlimit
2026-09-17T06:49+02:00,A15,n,95.855,2,speedlimit
2026-09-17T07:48+02:00,A16,L,33.125,1,speedlimit
2026-09-17T07:48+02:00,A13,L,16.7,1,speedlimit
2026-09-17T07:48+02:00,A4,L,39.81,4,speedlimit
2026-09-17T07:48+02:00,A16,L,51.84,2,speedlimit
2026-09-17T07:48+02:00,A15,y,47.092,2,speedlimit
2026-09-17T07:48+02:00,A4,L,53.954,2,speedlimit
2026-09-17T07:48+02:00,A20,R,40.2,3,speedlimit
2026-09-17T07:48+02:00,A15,R,85.262,2,speedlimit
2026-09-17T07:48+02:00,A15,L,35.19,1,speedlimit
2026-09-17T07:48+02:00,A15,L,33.26,1,speedlimit
2026-09-17T07:48+02:00,A15,R,84.87,1,speedlimit
2026-09-17T07:48+02:00,A13,R,5.481,2,speedlimit
2026-09-17T07:48+02:00,A16,L,53.2,2,speedlimit
2026-09-17T07:48+02:00,A15,L,37.389,1,speedlimit
2026-09-17T07:48+02:00,A16,x,18.9,3,speedlimit
2026-09-17T07:48+02:00,A4,L,3.062,4,speedlimit
2026-09-17T07:48+02:00,A15,L,76.31,1,speedlimit
2026-09-17T07:48+02:00,A24,R,5.08,3,speedlimit
2026-09-17T07:48+02:00,A15,L,75.375,4,speedlimit
2026-09-17T07:48+02:00,A16,R,11.7,2,speedlimit
2026-09-17T07:48+02:00,A15,L,36.658,2,speedlimit
2026-09-17T07:48+02:00,A4,L,36.73,3,speedlimit
2026-09-17T07:48+02:00,A13,R,5.91,1,speedlimit
2026-09-17T07:48+02:00,A16,n,34.44,2,speedlimit
2026-09-17T07:48+02:00,A15,R,38.73,1,speedlimit
2026-09-17T07:48+02:00,A15,n,95.285,2,speedlimit
2026-09-17T07:48+02:00,A20,R,25.3,1,speedlimit
2026-09-17T07:48+02:00,A4,L,37.53,5,speedlimit
2026-09-17T07:48+02:00,A4,L,44.62,1,speedlimit
2026-09-17T07:48+02:00,A20,L,30.196,2,speedlimit
2026-09-17T07:48+02:00,A16,R,10.5,4,speedlimit
2026-09-17T07:48+02:00,A4,R,32.4,3,speedlimit
2026-09-17T07:48+02:00,A20,R,25.7,2,speedlimit
2026-09-17T07:48+02:00,A16,L,41.96,3,speedlimit
2026-09-17T07:48+02:00,A13,R,16.655,1,speedlimit
2026-09-17T07:48+02:00,A15,g,63.241,1,speedlimit
2026-09-17T07:48+02:00,A13,R,17.1,2,speedlimit
2026-09-17T07:48+02:00,A15,L,34.45,2,speedlimit
2026-09-17T07:48+02:00,A16,L,25.232,2,speedlimit
2026-09-17T07:48+02:00,A16,L,39.875,3,speedlimit
2026-09-17T07:48+02:00,A15,L,34.03,2,speedlimit
2026-09-17T07:48+02:00,A16,L,36.355,2,speedlimit
2026-09-17T07:48+02:00,A15,k,70.5,2,speedlimit
2026-09-17T07:48+02:00,A15,R,90.64,1,speedlimit
2026-09-17T07:48+02:00,A16,x,18.9,1,speedlimit
2026-09-17T07:48+02:00,A15,L,43.46,2,speedlimit
2026-09-17T07:48+02:00,A15,L,74.625,2,speedlimit
2026-09-17T07:48+02:00,A16,n,34.6,2,speedlimit
2026-09-17T07:48+02:00,A16,L,50.38,1,speedlimit
2026-09-17T07:48+02:00,A16,L,53.73,2,speedlimit
2026-09-17T07:48+02:00,A4,L,2.006,1,speedlimit
2026-09-17T07:48+02:00,A15,L,77.045,4,speedlimit
2026-09-17T07:48+02:00,A15,L,37.199,3,speedlimit
2026-09-17T07:48+02:00,A20,L,21.83,3,speedlimit
2026-09-17T07:48+02:00,A4,L,45.75,2,speedlimit
2026-09-17T07:48+02:00,A16,y,23.535,2,speedlimit
2026-09-17T07:48+02:00,A4,L,2.447,2,speedlimit
2026-09-17T07:48+02:00,A15,R,77.865,5,speedlimit
2026-09-17T07:48+02:00,A13,R,18.5,1,speedlimit
2026-09-17T07:48+02:00,A16,R,9.95,1,speedlimit
2026-09-17T07:48+02:00,A20,L,29.5,2,speedlimit
2026-09-17T07:48+02:00,A15,L,74.275,3,speedlimit
2026-09-17T07:48+02:00,A4,L,37.53,3,speedlimit
2026-09-17T07:48+02:00,A4,L,22.537,3,speedlimit
2026-09-17T07:48+02:00,A16,R,11.866,1,speedlimit
2026-09-17T07:48+02:00,A15,L,37.199,1,speedlimit
2026-09-17T07:48+02:00,A4,L,1.555,5,speedlimit
2026-09-17T07:48+02:00,A16,y,22.6,1,speedlimit
2026-09-17T07:48+02:00,A13,R,18.5,4,speedlimit
2026-09-17T07:48+02:00,A16,L,35.76,2,speedlimit
2026-09-17T07:48+02:00,A15,L,34.03,1,speedlimit
2026-09-17T07:48+02:00,A20,R,42.485,2,speedlimit
2026-09-17T07:48+02:00,A13,R,18.2,3,speedlimit
2026-09-17T07:48+02:00,A16,R,10.5,3,speedlimit
2026-09-17T07:48+02:00,A16,L,59.51,2,speedlimit
2026-09-17T07:48+02:00,A20,R,28.1,1,speedlimit
2026-09-17T07:48+02:00,A20,R,30.196,3,speedlimit
2026-09-17T07:48+02:00,A4,L,4.44,3,speedlimit
2026-09-17T07:48+02:00,A4,R,33.17,2,speedlimit
2026-09-17T07:48+02:00,A4,L,3.65,2,speedlimit
2026-09-17T07:48+02:00,A20,L,47.8,1,speedlimit
2026-09-17T07:48+02:00,A4,L,52.448,4,speedlimit
2026-09-17T07:48+02:00,A4,x,49.037,1,speedlimit
2026-09-17T07:48+02:00,A15,R,74.625,3,speedlimit
2026-09-17T07:48+02:00,A15,L,36.999,3,speedlimit
2026-09-17T07:48+02:00,A15,L,76.745,2,speedlimit
2026-09-17T07:48+02:00,A16,b,11.392,1,speedlimit
2026-09-17T07:48+02:00,A16,L,46.935,2,speedlimit
2026-09-17T07:48+02:00,A16,L,38.22,2,speedlimit
2026-09-17T07:48+02:00,A38,R,20.05,1,speedlimit
2026-09-17T07:48+02:00,A15,n,95.855,3,speedlimit
2026-09-17T07:48+02:00,A15,L,75.075,1,speedlimit
2026-09-17T07:48+02:00,A4,L,50.798,3,speedlimit
2026-09-17T07:48+02:00,A13,R,17.8,2,speedlimit
2026-09-17T07:48+02:00,A16,L,35.205,4,speedlimit
2026-09-17T07:48+02:00,A4,L,5.225,6,speedlimit
2026-09-17T07:48+02:00,A4,R,56.518,2,speedlimit
2026-09-17T07:48+02:00,A20,s,29.6,2,speedlimit
2026-09-17T07:48+02:00,A15,L,65.25,2,speedlimit
2026-09-17T07:48+02:00,A15,L,65.685,3,speedlimit
2026-09-17T07:48+02:00,A15,y,47.43,2,speedlimit
2026-09-17T07:48+02:00,A29,L,14.52,3,speedlimit
2026-09-17T07:48+02:00,A16,L,25.232,4,speedlimit
2026-09-17T07:48+02:00,A4,d,53.0,1,speedlimit
2026-09-17T07:48+02:00,A16,L,34.335,1,speedlimit
2026-09-17T07:48+02:00,A4,L,2.006,2,speedlimit
2026-09-17T07:48+02:00,A15,x,46.135,3,speedlimit
2026-09-17T07:48+02:00,A4,L,0.86,1,speedlimit
2026-09-17T07:48+02:00,A20,L,22.685,3,speedlimit
2026-09-17T07:48+02:00,A29,L,14.8,3,speedlimit
2026-09-17T07:48+02:00,A15,R,90.64,2,speedlimit
2026-09-17T07:48+02:00,A20,R,26.93,4,speedlimit
2026-09-17T07:48+02:00,A20,R,28.57,3,speedlimit
2026-09-17T07:48+02:00,A15,L,70.95,3,speedlimit
2026-09-17T07:48+02:00,A16,L,36.355,3,speedlimit
2026-09-17T07:48+02:00,A16,x,18.229,1,speedlimit
2026-09-17T07:48+02:00,A15,R,77.613,1,speedlimit
2026-09-17T07:48+02:00,A24,R,4.76,3,speedlimit
2026-09-17T07:48+02:00,A15,g,38.977,1,speedlimit
2026-09-17T07:48+02:00,A16,L,34.018,1,speedlimit
2026-09-17T07:48+02:00,A15,L,86.3,2,speedlimit
2026-09-17T07:48+02:00,A4,L,2.447,4,speedlimit
2026-09-17T07:48+02:00,A13,L,18.8,2,speedlimit
2026-09-17T07:48+02:00,A20,R,27.235,1,speedlimit
2026-09-17T07:48+02:00,A20,R,39.515,2,speedlimit
2026-09-17T07:48+02:00,A20,L,28.41,2,speedlimit
2026-09-17T07:48+02:00,A4,L,52.018,2,speedlimit
2026-09-17T07:48+02:00,A20,L,22.685,1,speedlimit
2026-09-17T07:48+02:00,A20,R,24.715,1,speedlimit
2026-09-17T07:48+02:00,A15,g,38.977,2,speedlimit
2026-09-17T07:48+02:00,A4,L,52.018,3,speedlimit
2026-09-17T07:48+02:00,A4,L,3.65,4,speedlimit
2026-09-17T07:48+02:00,A20,R,27.79,2,speedlimit
2026-09-17T07:48+02:00,A16,L,32.396,3,speedlimit
2026-09-17T07:48+02:00,A13,R,18.5,3,speedlimit
2026-09-17T07:48+02:00,A20,R,28.57,4,speedlimit
2026-09-17T07:48+02:00,A20,R,31.26,4,speedlimit
2026-09-17T07:48+02:00,A20,L,29.826,2,speedlimit
2026-09-17T07:48+02:00,A20,L,28.57,1,speedlimit
2026-09-17T07:48+02:00,A16,L,31.805,2,speedlimit
2026-09-17T07:48+02:00,A4,L,24.165,1,speedlimit
2026-09-17T07:48+02:00,A16,n,33.354,2,speedlimit
2026-09-17T07:48+02:00,A15,R,38.73,4,speedlimit
2026-09-17T07:48+02:00,A16,L,38.22,1,speedlimit
2026-09-17T07:48+02:00,A20,R,29.5,4,speedlimit
2026-09-17T07:48+02:00,A4,L,20.56,3,speedlimit
2026-09-17T07:48+02:00,A15,x,46.135,1,speedlimit
2026-09-17T07:48+02:00,A15,R,84.87,3,speedlimit
2026-09-17T07:48+02:00,A4,L,22.537,2,speedlimit
2026-09-17T07:48+02:00,A4,L,24.165,3,speedlimit
2026-09-17T07:48+02:00,A16,L,34.6,1,speedlimit
2026-09-17T07:48+02:00,A20,R,28.1,2,speedlimit
2026-09-17T07:48+02:00,A20,R,26.64,1,speedlimit
2026-09-17T07:48+02:00,A16,L,32.396,1,speedlimit
2026-09-17T07:48+02:00,A15,g,63.761,2,speedlimit
2026-09-17T07:48+02:00,A20,R,25.7,3,speedlimit
2026-09-17T07:48+02:00,A15,L,64.2,2,speedlimit
2026-09-17T07:48+02:00,A4,L,50.798,4,speedlimit
2026-09-17T07:48+02:00,A15,L,87.05,2,speedlimit
2026-09-17T07:48+02:00,A16,L,53.73,1,speedlimit
2026-09-17T07:48+02:00,A16,L,24.82,3,speedlimit
2026-09-17T07:48+02:00,A20,L,32.8,2,speedlimit
2026-09-17T07:48+02:00,A4,L,0.86,3,speedlimit
2026-09-17T07:48+02:00,A15,g,39.42,1,speedlimit
2026-09-17T07:48+02:00,A16,L,46.43,1,speedlimit
2026-09-17T07:48+02:00,A16,L,30.73,4,speedlimit
2026-09-17T07:48+02:00,A4,L,24.165,2,speedlimit
2026-09-17T07:48+02:00,A16,L,48.03,1,speedlimit
2026-09-17T07:48+02:00,A15,L,65.25,4,speedlimit
2026-09-17T07:48+02:00,A15,R,77.865,1,speedlimit
2026-09-17T07:48+02:00,A4,L,36.73,4,speedlimit
2026-09-17T07:48+02:00,A13,L,17.1,3,speedlimit
2026-09-17T07:48+02:00,A16,R,37.6,2,speedlimit
2026-09-17T07:48+02:00,A4,L,21.425,2,speedlimit
2026-09-17T07:48+02:00,A16,L,25.232,1,speedlimit
2026-09-17T07:48+02:00,A20,R,42.0,1,speedlimit
2026-09-17T07:48+02:00,A4,L,20.56,2,speedlimit
2026-09-17T07:48+02:00,A4,L,45.28,1,speedlimit
2026-09-17T07:48+02:00,A16,L,59.51,1,speedlimit
2026-09-17T07:48+02:00,A15,L,90.64,2,speedlimit
2026-09-17T07:48+02:00,A16,L,39.25,3,speedlimit
2026-09-17T07:48+02:00,A4,L,36.73,2,speedlimit
2026-09-17T07:48+02:00,A16,L,35.76,1,speedlimit
2026-09-17T07:48+02:00,A15,L,43.46,4,speedlimit
2026-09-17T07:48+02:00,A16,y,23.9,1,speedlimit
2026-09-17T07:48+02:00,A15,R,84.01,3,speedlimit
2026-09-17T07:48+02:00,A15,L,36.898,3,speedlimit
2026-09-17T07:48+02:00,A4,R,32.85,3,speedlimit
2026-09-17T07:48+02:00,A20,L,27.488,1,speedlimit
2026-09-17T07:48+02:00,A4,L,58.82,1,speedlimit
2026-09-17T07:48+02:00,A16,L,33.354,2,speedlimit
2026-09-17T07:48+02:00,A16,y,20.6,1,speedlimit
2026-09-17T07:48+02:00,A20,L,27.2,1,speedlimit
2026-09-17T07:48+02:00,A4,h,46.06,2,speedlimit
2026-09-17T07:48+02:00,A20,L,27.8,2,speedlimit
2026-09-17T07:48+02:00,A15,L,37.098,2,speedlimit
2026-09-17T07:48+02:00,A16,L,33.125,4,speedlimit
2026-09-17T07:48+02:00,A15,L,71.42,4,speedlimit
2026-09-17T07:48+02:00,A13,L,18.2,3,speedlimit
2026-09-17T07:48+02:00,A4,L,1.156,2,speedlimit
2026-09-17T07:48+02:00,A15,L,37.61,2,speedlimit
2026-09-17T07:48+02:00,A15,L,36.138,3,speedlimit
2026-09-17T07:48+02:00,A16,L,31.425,4,speedlimit
2026-09-17T07:48+02:00,A4,R,32.4,2,speedlimit
2026-09-17T07:48+02:00,A4,L,53.26,2,speedlimit
2026-09-17T07:48+02:00,A16,R,11.392,1,speedlimit
2026-09-17T07:48+02:00,A29,L,15.18,3,speedlimit
2026-09-17T07:48+02:00,A16,L,48.54,1,speedlimit
2026-09-17T07:48+02:00,A16,L,35.205,2,speedlimit
2026-09-17T07:48+02:00,A16,L,24.82,1,speedlimit
2026-09-17T07:48+02:00,A16,L,51.84,1,speedlimit
2026-09-17T07:48+02:00,A20,L,31.88,1,speedlimit
2026-09-17T07:48+02:00,A16,L,51.84,3,speedlimit
2026-09-17T07:48+02:00,A16,R,11.392,2,speedlimit
2026-09-17T07:48+02:00,A15,R,77.613,2,speedlimit
2026-09-17T07:48+02:00,A15,L,35.64,2,speedlimit
2026-09-17T07:48+02:00,A16,d,35.7,1,speedlimit
2026-09-17T07:48+02:00,A15,L,37.5,1,speedlimit
2026-09-17T07:48+02:00,A13,L,16.7,2,speedlimit
2026-09-17T07:48+02:00,A20,L,30.9,2,speedlimit
2026-09-17T07:48+02:00,A15,L,94.27,2,speedlimit
2026-09-17T07:48+02:00,A16,n,34.225,1,speedlimit
2026-09-17T07:48+02:00,A16,m,37.9,1,speedlimit
2026-09-17T07:48+02:00,A16,L,48.54,3,speedlimit
2026-09-17T07:48+02:00,A20,L,38.91,2,speedlimit
2026-09-17T07:48+02:00,A16,L,43.145,1,speedlimit
2026-09-17T07:48+02:00,A15,R,85.78,2,speedlimit
2026-09-17T07:48+02:00,A20,L,28.085,1,speedlimit
2026-09-17T07:48+02:00,A16,x,18.229,2,speedlimit
2026-09-17T07:48+02:00,A4,L,38.01,1,speedlimit
2026-09-17T07:48+02:00,A15,L,71.9,2,speedlimit
2026-09-17T07:48+02:00,A16,y,23.535,1,speedlimit
2026-09-17T07:48+02:00,A4,R,55.935,1,speedlimit
2026-09-17T07:48+02:00,A15,L,93.81,1,speedlimit
2026-09-17T07:48+02:00,A15,L,37.8,2,speedlimit
2026-09-17T07:48+02:00,A15,L,37.098,3,speedlimit
2026-09-17T07:48+02:00,A16,L,33.354,1,speedlimit
2026-09-17T07:48+02:00,A20,R,30.6,1,speedlimit
2026-09-17T07:48+02:00,A13,R,17.1,3,speedlimit
2026-09-17T07:48+02:00,A15,L,36.418,3,speedlimit
2026-09-17T07:48+02:00,A16,L,31.805,3,speedlimit
2026-09-17T07:48+02:00,A16,L,38.73,1,speedlimit
2026-09-17T07:48+02:00,A4,L,44.01,3,speedlimit
2026-09-17T07:48+02:00,A16,L,51.08,3,speedlimit
2026-09-17T07:48+02:00,A4,L,23.5,3,speedlimit
2026-09-17T07:48+02:00,A15,L,36.778,2,speedlimit
2026-09-17T07:48+02:00,A20,R,26.93,3,speedlimit
2026-09-17T07:48+02:00,A15,L,32.62,1,speedlimit
2026-09-17T07:48+02:00,A15,L,36.898,2,speedlimit
2026-09-17T07:48+02:00,A20,L,31.4,1,speedlimit
2026-09-17T07:48+02:00,A16,L,30.2,1,speedlimit
2026-09-17T07:48+02:00,A4,L,5.225,3,speedlimit
2026-09-17T07:48+02:00,A15,L,37.61,1,speedlimit
2026-09-17T07:48+02:00,A16,L,34.44,2,speedlimit
2026-09-17T07:48+02:00,A15,g,63.761,1,speedlimit
2026-09-17T07:48+02:00,A16,L,33.904,1,speedlimit
2026-09-17T07:48+02:00,A16,L,36.07,2,speedlimit
2026-09-17T07:48+02:00,A20,L,31.1,2,speedlimit
2026-09-17T07:48+02:00,A15,R,74.625,2,speedlimit
2026-09-17T07:48+02:00,A16,R,9.35,2,speedlimit
2026-09-17T07:48+02:00,A4,L,23.0,3,speedlimit
2026-09-17T07:48+02:00,A4,R,32.85,4,speedlimit
2026-09-17T07:48+02:00,A13,g,18.7,2,speedlimit
2026-09-17T07:48+02:00,A15,L,65.685,2,speedlimit
2026-09-17T07:48+02:00,A4,L,39.81,3,speedlimit
2026-09-17T07:48+02:00,A4,L,40.7,4,speedlimit
2026-09-17T07:48+02:00,A20,L,31.4,2,speedlimit
2026-09-17T07:48+02:00,A4,L,1.555,2,speedlimit
2026-09-17T07:48+02:00,A15,L,86.7,2,speedlimit
2026-09-17T07:48+02:00,A4,R,56.518,1,speedlimit
2026-09-17T07:48+02:00,A38,L,21.058,3,speedlimit
2026-09-17T07:48+02:00,A15,L,71.42,3,speedlimit
2026-09-17T07:48+02:00,A15,L,75.375,2,speedlimit
2026-09-17T07:48+02:00,A20,R,24.07,2,speedlimit
2026-09-17T07:48+02:00,A15,y,47.43,3,speedlimit
2026-09-17T07:48+02:00,A4,d,53.0,2,speedlimit
2026-09-17T07:48+02:00,A15,L,74.625,1,speedlimit
2026-09-17T07:48+02:00,A24,R,5.08,1,speedlimit
2026-09-17T07:48+02:00,A13,L,15.9,3,lane_closed
2026-09-17T07:48+02:00,A15,L,75.375,1,speedlimit
2026-09-17T07:48+02:00,A20,R,43.32,2,speedlimit
2026-09-17T07:48+02:00,A16,L,30.2,2,speedlimit
2026-09-17T07:48+02:00,A16,x,24.905,3,speedlimit
2026-09-17T07:48+02:00,A15,L,77.045,1,speedlimit
2026-09-17T07:48+02:00,A16,L,32.843,4,speedlimit
2026-09-17T07:48+02:00,A4,L,3.062,3,speedlimit
2026-09-17T07:48+02:00,A15,R,75.075,1,speedlimit
2026-09-17T07:48+02:00,A38,p,21.25,1,speedlimit
2026-09-17T07:48+02:00,A13,R,16.2,1,speedlimit
2026-09-17T07:48+02:00,A16,L,47.41,1,speedlimit
2026-09-17T07:48+02:00,A15,L,76.745,3,speedlimit
2026-09-17T07:48+02:00,A15,L,71.9,3,speedlimit
2026-09-17T07:48+02:00,A13,R,18.5,2,speedlimit
2026-09-17T07:48+02:00,A16,L,36.07,1,speedlimit
2026-09-17T07:48+02:00,A15,L,37.8,3,speedlimit
2026-09-17T07:48+02:00,A20,L,30.196,1,speedlimit
2026-09-17T07:48+02:00,A15,g,63.241,2,speedlimit
2026-09-17T07:48+02:00,A16,L,34.225,1,speedlimit
2026-09-17T07:48+02:00,A4,L,44.01,2,speedlimit
2026-09-17T07:48+02:00,A4,L,2.792,1,speedlimit
2026-09-17T07:48+02:00,A4,L,23.5,2,speedlimit
2026-09-17T07:48+02:00,A20,R,27.79,1,speedlimit
2026-09-17T07:48+02:00,A4,L,2.447,1,speedlimit
2026-09-17T07:48+02:00,A16,L,51.08,2,speedlimit
2026-09-17T07:48+02:00,A16,R,11.13,2,speedlimit
2026-09-17T07:48+02:00,A20,L,29.826,1,speedlimit
2026-09-17T07:48+02:00,A16,L,32.396,4,speedlimit
2026-09-17T07:48+02:00,A4,R,52.598,4,speedlimit
2026-09-17T07:48+02:00,A16,L,31.425,2,speedlimit
2026-09-17T07:48+02:00,A15,R,84.475,1,speedlimit
2026-09-17T07:48+02:00,A16,R,37.6,1,speedlimit
2026-09-17T07:48+02:00,A16,x,24.905,1,speedlimit
2026-09-17T07:48+02:00,A4,L,20.975,3,speedlimit
2026-09-17T07:48+02:00,A4,R,55.08,1,speedlimit
2026-09-17T07:48+02:00,A16,y,20.0,2,speedlimit
2026-09-17T07:48+02:00,A20,R,28.41,2,speedlimit
2026-09-17T07:48+02:00,A16,m,38.1,2,speedlimit
2026-09-17T07:48+02:00,A16,L,31.805,5,speedlimit
2026-09-17T07:48+02:00,A15,L,33.64,1,speedlimit
2026-09-17T07:48+02:00,A15,R,84.01,2,speedlimit
2026-09-17T07:48+02:00,A16,L,32.843,2,speedlimit
2026-09-17T07:48+02:00,A4,R,52.598,5,speedlimit
2026-09-17T07:48+02:00,A20,L,48.2,2,speedlimit
2026-09-17T07:48+02:00,A4,L,39.81,1,speedlimit
2026-09-17T07:48+02:00,A20,R,39.515,1,speedlimit
2026-09-17T07:48+02:00,A15,L,94.625,1,speedlimit
2026-09-17T07:48+02:00,A20,R,29.1,1,speedlimit
2026-09-17T07:48+02:00,A16,L,31.425,1,speedlimit
2026-09-17T07:48+02:00,A16,L,48.54,2,speedlimit
2026-09-17T07:48+02:00,A4,L,0.86,2,speedlimit
2026-09-17T07:48+02:00,A20,R,42.0,3,speedlimit
2026-09-17T07:48+02:00,A16,L,33.784,1,speedlimit
2026-09-17T07:48+02:00,A13,R,17.8,1,speedlimit
2026-09-17T07:48+02:00,A20,R,28.41,1,speedlimit
2026-09-17T07:48+02:00,A20,R,31.9,2,speedlimit
2026-09-17T07:48+02:00,A15,L,35.19,2,speedlimit
2026-09-17T07:48+02:00,A20,L,39.515,1,speedlimit
2026-09-17T07:48+02:00,A16,L,34.44,1,speedlimit
2026-09-17T07:48+02:00,A15,L,75.86,1,speedlimit
2026-09-17T07:48+02:00,A4,L,3.062,5,speedlimit
2026-09-17T07:48+02:00,A20,L,31.1,3,speedlimit
2026-09-17T07:48+02:00,A38,w,20.55,1,speedlimit
2026-09-17T07:48+02:00,A15,L,43.95,3,speedlimit
2026-09-17T07:48+02:00,A16,L,41.96,1,speedlimit
2026-09-17T07:48+02:00,A29,L,15.18,1,speedlimit
2026-09-17T07:48+02:00,A4,L,21.867,3,speedlimit
2026-09-17T07:48+02:00,A15,L,35.89,2,speedlimit
2026-09-17T07:48+02:00,A16,y,23.9,2,speedlimit
2026-09-17T07:48+02:00,A4,L,36.73,1,speedlimit
2026-09-17T07:48+02:00,A20,R,27.488,2,speedlimit
2026-09-17T07:48+02:00,A16,y,21.1,1,speedlimit
2026-09-17T07:48+02:00,A20,t,28.895,1,speedlimit
2026-09-17T07:48+02:00,A16,L,32.396,5,speedlimit
2026-09-17T07:48+02:00,A16,L,37.6,3,speedlimit
2026-09-17T07:48+02:00,A20,L,32.8,1,speedlimit
2026-09-17T07:48+02:00,A15,L,37.298,1,speedlimit
2026-09-17T07:48+02:00,A15,L,35.64,1,speedlimit
2026-09-17T07:48+02:00,A4,L,45.75,3,speedlimit
2026-09-17T07:48+02:00,A20,R,28.8,2,speedlimit
2026-09-17T07:48+02:00,A16,x,19.3,2,speedlimit
2026-09-17T07:48+02:00,A15,R,75.075,3,speedlimit
2026-09-17T07:48+02:00,A15,L,35.89,1,speedlimit
2026-09-17T07:48+02:00,A15,L,32.62,2,speedlimit
2026-09-17T07:48+02:00,A15,L,43.95,2,speedlimit
2026-09-17T07:48+02:00,A13,R,5.91,3,speedlimit
2026-09-17T07:48+02:00,A4,f,69.17,1,speedlimit
2026-09-17T07:48+02:00,A20,L,31.1,1,speedlimit
2026-09-17T07:48+02:00,A13,L,16.19,3,lane_closed
2026-09-17T07:48+02:00,A13,L,15.035,5,lane_closed
2026-09-17T07:48+02:00,A4,R,52.018,2,speedlimit
2026-09-17T07:48+02:00,A4,L,45.28,3,speedlimit
2026-09-17T07:48+02:00,A15,L,95.55,1,speedlimit
2026-09-17T07:48+02:00,A16,y,21.1,3,speedlimit
2026-09-17T07:48+02:00,A4,L,52.018,4,speedlimit
2026-09-17T07:48+02:00,A20,L,27.8,1,speedlimit
2026-09-17T07:48+02:00,A16,L,53.73,3,speedlimit
2026-09-17T07:48+02:00,A24,R,4.76,2,speedlimit
2026-09-17T07:48+02:00,A16,L,39.875,1,speedlimit
2026-09-17T07:48+02:00,A16,L,53.2,1,speedlimit
2026-09-17T07:48+02:00,A16,L,39.25,1,speedlimit
2026-09-17T07:48+02:00,A15,L,88.02,2,speedlimit
2026-09-17T07:48+02:00,A20,R,29.1,2,speedlimit
2026-09-17T07:48+02:00,A16,L,31.425,5,speedlimit
2026-09-17T07:48+02:00,A15,m,63.682,1,speedlimit
2026-09-17T07:48+02:00,A13,g,18.7,1,speedlimit
2026-09-17T07:48+02:00,A15,L,74.625,3,speedlimit
2026-09-17T07:48+02:00,A20,L,21.83,1,speedlimit
2026-09-17T07:48+02:00,A20,R,28.57,2,speedlimit
2026-09-17T07:48+02:00,A20,R,40.985,2,speedlimit
2026-09-17T07:48+02:00,A4,L,44.62,2,speedlimit
2026-09-17T07:48+02:00,A20,R,26.64,2,speedlimit
2026-09-17T07:48+02:00,A15,L,64.2,3,speedlimit
2026-09-17T07:48+02:00,A20,L,29.1,1,speedlimit
2026-09-17T07:48+02:00,A16,L,39.875,2,speedlimit
2026-09-17T07:48+02:00,A4,R,33.17,1,speedlimit
2026-09-17T07:48+02:00,A16,L,37.6,2,speedlimit
2026-09-17T07:48+02:00,A16,L,41.53,2,speedlimit
2026-09-17T07:48+02:00,A13,L,18.2,1,speedlimit
2026-09-17T07:48+02:00,A15,L,37.098,1,speedlimit
2026-09-17T07:48+02:00,A4,L,1.156,5,speedlimit
2026-09-17T07:48+02:00,A15,L,87.4,2,speedlimit
2026-09-17T07:48+02:00,A16,y,21.6,1,speedlimit
2026-09-17T07:48+02:00,A15,L,64.67,2,speedlimit
2026-09-17T07:48+02:00,A13,L,12.7,4,lane_closed
2026-09-17T07:48+02:00,A20,L,31.88,2,speedlimit
2026-09-17T07:48+02:00,A16,L,59.51,3,speedlimit
2026-09-17T07:48+02:00,A4,R,32.85,5,speedlimit
2026-09-17T07:48+02:00,A16,y,21.1,2,speedlimit
2026-09-17T07:48+02:00,A15,L,93.81,2,speedlimit
2026-09-17T07:48+02:00,A16,L,34.6,2,speedlimit
2026-09-17T07:48+02:00,A4,L,39.81,2,speedlimit
2026-09-17T07:48+02:00,A20,L,28.085,2,speedlimit
2026-09-17T07:48+02:00,A38,p,21.25,2,speedlimit
2026-09-17T07:48+02:00,A15,L,43.46,3,speedlimit
2026-09-17T07:48+02:00,A15,x,46.135,2,speedlimit
2026-09-17T07:48+02:00,A4,f,69.17,2,speedlimit
2026-09-17T07:48+02:00,A20,R,30.6,3,speedlimit
2026-09-17T07:48+02:00,A4,R,55.08,4,speedlimit
2026-09-17T07:48+02:00,A16,y,20.0,3,speedlimit
2026-09-17T07:48+02:00,A16,L,25.232,3,speedlimit
2026-09-17T07:48+02:00,A16,R,9.35,1,speedlimit
2026-09-17T07:48+02:00,A20,R,43.32,1,speedlimit
2026-09-17T07:48+02:00,A16,R,11.7,1,speedlimit
2026-09-17T07:48+02:00,A20,R,29.8,2,speedlimit
2026-09-17T07:48+02:00,A16,L,42.61,3,speedlimit
2026-09-17T07:48+02:00,A4,R,52.018,4,speedlimit
2026-09-17T07:48+02:00,A15,L,64.2,1,lane_closed
2026-09-17T07:48+02:00,A20,R,27.235,2,speedlimit
2026-09-17T07:48+02:00,A4,L,53.0,2,speedlimit
2026-09-17T07:48+02:00,A4,L,2.792,2,speedlimit
2026-09-17T07:48+02:00,A15,L,77.045,3,speedlimit
2026-09-17T07:48+02:00,A13,R,18.2,1,speedlimit
2026-09-17T07:48+02:00,A16,L,34.13,2,speedlimit
2026-09-17T07:48+02:00,A15,L,34.45,1,speedlimit
2026-09-17T07:48+02:00,A20,L,22.95,2,speedlimit
2026-09-17T07:48+02:00,A4,L,4.44,2,speedlimit
2026-09-17T07:48+02:00,A15,L,75.86,2,speedlimit
2026-09-17T07:48+02:00,A16,L,30.73,1,speedlimit
2026-09-17T07:48+02:00,A16,L,32.843,1,speedlimit
2026-09-17T07:48+02:00,A20,R,40.2,1,speedlimit
2026-09-17T07:48+02:00,A15,L,65.25,1,lane_closed_ahead
2026-09-17T07:48+02:00,A16,L,36.99,1,speedlimit
2026-09-17T07:48+02:00,A16,y,21.6,2,speedlimit
2026-09-17T07:48+02:00,A16,L,40.93,1,speedlimit
2026-09-17T07:48+02:00,A15,L,76.745,1,speedlimit
2026-09-17T07:48+02:00,A15,e,95.55,1,speedlimit
2026-09-17T07:48+02:00,A13,e,19.1,1,speedlimit
2026-09-17T07:48+02:00,A4,L,23.5,1,speedlimit
2026-09-17T07:48+02:00,A4,L,3.65,1,speedlimit
2026-09-17T07:48+02:00,A20,L,47.5,1,speedlimit
2026-09-17T07:48+02:00,A16,L,33.125,2,speedlimit
2026-09-17T07:48+02:00,A4,L,58.82,2,speedlimit
2026-09-17T07:48+02:00,A4,L,2.792,4,speedlimit
2026-09-17T07:48+02:00,A4,L,38.01,3,speedlimit
2026-09-17T07:48+02:00,A15,L,75.86,3,speedlimit
2026-09-17T07:48+02:00,A16,n,34.335,2,speedlimit
2026-09-17T07:48+02:00,A38,R,20.05,2,speedlimit
2026-09-17T07:48+02:00,A16,L,30.73,2,speedlimit
2026-09-17T07:48+02:00,A16,L,42.61,1,speedlimit
2026-09-17T07:48+02:00,A13,L,17.8,3,speedlimit
2026-09-17T07:48+02:00,A4,L,51.458,2,speedlimit
2026-09-17T07:48+02:00,A4,f,69.8,1,speedlimit
2026-09-17T07:48+02:00,A15,R,38.73,3,speedlimit
2026-09-17T07:48+02:00,A16,L,35.48,3,speedlimit
2026-09-17T07:48+02:00,A16,R,37.6,3,speedlimit
2026-09-17T07:48+02:00,A16,R,11.866,2,speedlimit
2026-09-17T07:48+02:00,A20,R,31.26,1,speedlimit
2026-09-17T07:48+02:00,A16,x,18.543,2,speedlimit
2026-09-17T07:48+02:00,A15,L,94.27,1,speedlimit
2026-09-17T07:48+02:00,A15,L,36.999,2,speedlimit
2026-09-17T07:48+02:00,A20,L,45.61,1,speedlimit
2026-09-17T07:48+02:00,A16,L,41.53,3,speedlimit
2026-09-17T07:48+02:00,A16,y,24.3,2,speedlimit
2026-09-17T07:48+02:00,A15,L,36.418,1,speedlimit
2026-09-17T07:48+02:00,A4,f,69.8,2,speedlimit
2026-09-17T07:48+02:00,A20,R,42.0,2,speedlimit
2026-09-17T07:48+02:00,A20,R,40.985,3,speedlimit
2026-09-17T07:48+02:00,A16,L,31.425,3,speedlimit
2026-09-17T07:48+02:00,A15,L,36.778,1,speedlimit
2026-09-17T07:48+02:00,A15,L,75.075,3,speedlimit
2026-09-17T07:48+02:00,A4,L,2.792,3,speedlimit
2026-09-17T07:48+02:00,A15,L,43.95,1,speedlimit
2026-09-17T07:48+02:00,A20,R,41.6,3,speedlimit
2026-09-17T07:48+02:00,A29,L,14.8,2,speedlimit
2026-09-17T07:48+02:00,A15,L,70.95,1,speedlimit
2026-09-17T07:48+02:00,A15,y,47.092,1,speedlimit
2026-09-17T07:48+02:00,A15,L,36.138,4,speedlimit
2026-09-17T07:48+02:00,A20,L,29.826,3,speedlimit
2026-09-17T07:48+02:00,A16,L,46.43,3,speedlimit
2026-09-17T07:48+02:00,A15,R,77.865,4,speedlimit
2026-09-17T07:48+02:00,A4,L,58.82,3,speedlimit
2026-09-17T07:48+02:00,A20,R,31.9,1,speedlimit
2026-09-17T07:48+02:00,A16,L,35.76,3,speedlimit
2026-09-17T07:48+02:00,A13,R,5.91,2,speedlimit
2026-09-17T07:48+02:00,A15,L,34.78,2,speedlimit
2026-09-17T07:48+02:00,A16,x,18.9,4,speedlimit
2026-09-17T07:48+02:00,A20,L,29.5,1,speedlimit
2026-09-17T07:48+02:00,A20,R,28.8,3,speedlimit
2026-09-17T07:48+02:00,A20,R,29.5,1,speedlimit
2026-09-17T07:48+02:00,A20,R,41.6,1,speedlimit
2026-09-17T07:48+02:00,A38,p,20.55,1,speedlimit
2026-09-17T07:48+02:00,A15,L,87.4,1,speedlimit
2026-09-17T07:48+02:00,A15,L,36.778,3,speedlimit
2026-09-17T07:48+02:00,A16,y,20.3,1,speedlimit
2026-09-17T07:48+02:00,A4,L,1.156,1,speedlimit
2026-09-17T07:48+02:00,A4,g,64.378,1,speedlimit
2026-09-17T07:48+02:00,A20,L,39.515,3,speedlimit
2026-09-17T07:48+02:00,A15,n,94.625,1,speedlimit
2026-09-17T07:48+02:00,A4,L,57.975,3,speedlimit
2026-09-17T07:48+02:00,A13,L,11.25,4,lane_closed
2026-09-17T07:48+02:00,A20,R,40.985,1,speedlimit
2026-09-17T07:48+02:00,A20,L,30.9,1,speedlimit
2026-09-17T07:48+02:00,A16,L,51.08,1,speedlimit
2026-09-17T07:48+02:00,A15,L,36.658,1,speedlimit
2026-09-17T07:48+02:00,A16,L,38.73,2,speedlimit
2026-09-17T07:48+02:00,A13,R,18.2,4,speedlimit
2026-09-17T07:48+02:00,A16,L,31.805,4,speedlimit
2026-09-17T07:48+02:00,A24,R,4.76,4,speedlimit
2026-09-17T07:48+02:00,A16,R,9.95,2,speedlimit
2026-09-17T07:48+02:00,A16,L,32.843,3,speedlimit
2026-09-17T07:48+02:00,A16,L,33.125,3,speedlimit
2026-09-17T07:48+02:00,A15,r,45.853,2,speedlimit
2026-09-17T07:48+02:00,A38,p,20.55,2,speedlimit
2026-09-17T07:48+02:00,A15,L,37.5,3,speedlimit
2026-09-17T07:48+02:00,A16,L,36.07,3,speedlimit
2026-09-17T07:48+02:00,A4,L,4.44,1,speedlimit
2026-09-17T07:48+02:00,A4,R,52.018,3,speedlimit
2026-09-17T07:48+02:00,A4,L,45.75,1,speedlimit
2026-09-17T07:48+02:00,A4,L,53.0,1,speedlimit
2026-09-17T07:48+02:00,A13,R,18.7,1,speedlimit
2026-09-17T07:48+02:00,A15,L,64.67,5,speedlimit
2026-09-17T07:48+02:00,A15,R,75.375,3,speedlimit
2026-09-17T07:48+02:00,A16,y,22.2,2,speedlimit
2026-09-17T07:48+02:00,A4,L,50.798,2,speedlimit
2026-09-17T07:48+02:00,A15,n,95.855,1,speedlimit
2026-09-17T07:48+02:00,A15,R,84.01,1,speedlimit
2026-09-17T07:48+02:00,A16,L,35.48,5,speedlimit
2026-09-17T07:48+02:00,A16,n,34.6,1,speedlimit
2026-09-17T07:48+02:00,A16,L,35.205,3,speedlimit
2026-09-17T07:48+02:00,A4,L,23.0,1,speedlimit
2026-09-17T07:48+02:00,A15,R,85.262,1,speedlimit
2026-09-17T07:48+02:00,A20,c,27.488,1,speedlimit
2026-09-17T07:48+02:00,A20,R,31.9,3,speedlimit
2026-09-17T07:48+02:00,A15,R,84.475,2,speedlimit
2026-09-17T07:48+02:00,A16,x,18.9,2,speedlimit
2026-09-17T07:48+02:00,A13,R,16.655,3,speedlimit
2026-09-17T07:48+02:00,A15,L,37.298,3,speedlimit
2026-09-17T07:48+02:00,A16,y,20.0,4,speedlimit
2026-09-17T07:48+02:00,A4,L,50.253,3,speedlimit
2026-09-17T07:48+02:00,A15,L,74.275,1,speedlimit
2026-09-17T07:48+02:00,A20,L,29.1,2,speedlimit
2026-09-17T07:48+02:00,A15,L,95.55,2,speedlimit
2026-09-17T07:48+02:00,A4,L,1.156,3,speedlimit
2026-09-17T07:48+02:00,A15,L,63.56,1,lane_closed
2026-09-17T07:48+02:00,A20,R,29.8,3,speedlimit
2026-09-17T07:48+02:00,A13,L,18.2,2,speedlimit
2026-09-17T07:48+02:00,A20,R,26.4,3,speedlimit
2026-09-17T07:48+02:00,A16,L,43.145,3,speedlimit
2026-09-17T07:48+02:00,A16,L,46.935,1,speedlimit
2026-09-17T07:48+02:00,A15,R,77.865,2,speedlimit
2026-09-17T07:48+02:00,A38,L,21.058,2,speedlimit
2026-09-17T07:48+02:00,A16,L,47.41,4,speedlimit
2026-09-17T07:48+02:00,A16,L,33.784,2,speedlimit
2026-09-17T07:48+02:00,A4,L,38.01,4,speedlimit
2026-09-17T07:48+02:00,A4,L,53.26,1,speedlimit
2026-09-17T07:48+02:00,A4,L,50.253,2,speedlimit
2026-09-17T07:48+02:00,A20,R,26.93,1,speedlimit
2026-09-17T07:48+02:00,A16,L,35.48,4,speedlimit
2026-09-17T07:48+02:00,A16,L,30.73,3,speedlimit
2026-09-17T07:48+02:00,A24,R,4.76,5,speedlimit
2026-09-17T07:48+02:00,A20,R,26.4,2,speedlimit
2026-09-17T07:48+02:00,A4,x,49.037,3,speedlimit
2026-09-17T07:48+02:00,A16,L,32.396,2,speedlimit
2026-09-17T07:48+02:00,A24,R,4.76,1,speedlimit
2026-09-17T07:48+02:00,A4,R,32.4,1,speedlimit
2026-09-17T07:48+02:00,A15,L,63.56,3,speedlimit
2026-09-17T07:48+02:00,A15,R,75.375,4,speedlimit
2026-09-17T07:48+02:00,A20,L,27.488,2,speedlimit
2026-09-17T07:48+02:00,A16,y,20.0,1,speedlimit
2026-09-17T07:48+02:00,A20,L,30.196,3,speedlimit
2026-09-17T07:48+02:00,A4,L,50.798,1,speedlimit
2026-09-17T07:48+02:00,A4,h,46.06,1,speedlimit
2026-09-17T07:48+02:00,A20,L,28.41,1,speedlimit
2026-09-17T07:48+02:00,A16,L,37.6,1,speedlimit
2026-09-17T07:48+02:00,A13,R,5.481,1,speedlimit
2026-09-17T07:48+02:00,A13,L,13.18,4,lane_closed
2026-09-17T07:48+02:00,A4,L,1.555,1,speedlimit
2026-09-17T07:48+02:00,A16,L,47.41,3,speedlimit
2026-09-17T07:48+02:00,A15,n,95.285,1,speedlimit
2026-09-17T07:48+02:00,A16,L,34.018,2,speedlimit
2026-09-17T07:48+02:00,A29,L,14.52,1,speedlimit
2026-09-17T07:48+02:00,A13,L,17.8,2,speedlimit
2026-09-17T07:48+02:00,A16,R,9.95,4,speedlimit
2026-09-17T07:48+02:00,A4,L,2.792,5,speedlimit
2026-09-17T07:48+02:00,A20,L,46.045,2,speedlimit
2026-09-17T07:48+02:00,A15,x,45.853,1,speedlimit
2026-09-17T07:48+02:00,A16,R,9.35,3,speedlimit
2026-09-17T07:48+02:00,A15,L,36.418,2,speedlimit
2026-09-17T07:48+02:00,A16,L,34.225,2,speedlimit
2026-09-17T07:48+02:00,A16,L,46.935,3,speedlimit
2026-09-17T07:48+02:00,A20,R,28.57,1,speedlimit
2026-09-17T07:48+02:00,A15,n,95.285,3,speedlimit
2026-09-17T07:48+02:00,A20,R,25.3,3,speedlimit
2026-09-17T07:48+02:00,A20,R,30.196,4,speedlimit
2026-09-17T07:48+02:00,A15,L,76.31,3,speedlimit
2026-09-17T07:48+02:00,A16,y,20.3,2,speedlimit
2026-09-17T07:48+02:00,A4,L,51.458,3,speedlimit
2026-09-17T07:48+02:00,A4,R,32.85,2,speedlimit
2026-09-17T07:48+02:00,A24,R,5.64,2,speedlimit
2026-09-17T07:48+02:00,A4,L,20.56,1,speedlimit
2026-09-17T07:48+02:00,A4,L,3.65,3,speedlimit
2026-09-17T07:48+02:00,A16,y,21.6,3,speedlimit
2026-09-17T07:48+02:00,A4,d,53.0,3,speedlimit
2026-09-17T07:48+02:00,A15,m,63.682,2,speedlimit
2026-09-17T07:48+02:00,A4,L,5.225,2,speedlimit
2026-09-17T07:48+02:00,A4,L,52.448,1,speedlimit
2026-09-17T07:48+02:00,A4,L,52.448,3,speedlimit
2026-09-17T07:48+02:00,A15,L,33.64,2,speedlimit
2026-09-17T07:48+02:00,A20,R,42.485,3,speedlimit
2026-09-17T07:48+02:00,A15,L,75.075,2,speedlimit
2026-09-17T07:48+02:00,A15,L,37.5,2,speedlimit
2026-09-17T07:48+02:00,A15,L,77.045,2,speedlimit
2026-09-17T07:48+02:00,A15,R,75.375,2,speedlimit
2026-09-17T07:48+02:00,A20,t,29.6,2,speedlimit
2026-09-17T07:48+02:00,A4,L,5.225,4,speedlimit
2026-09-17T07:48+02:00,A16,L,35.48,1,speedlimit
2026-09-17T07:48+02:00,A20,L,21.83,2,speedlimit
2026-09-17T07:48+02:00,A20,L,38.3,1,speedlimit
2026-09-17T07:48+02:00,A16,y,23.9,3,speedlimit
2026-09-17T07:48+02:00,A29,L,14.52,2,speedlimit
2026-09-17T07:48+02:00,A15,L,64.67,4,speedlimit
2026-09-17T07:48+02:00,A16,L,40.93,2,speedlimit
2026-09-17T07:48+02:00,A4,L,52.448,2,speedlimit
2026-09-17T07:48+02:00,A15,L,71.42,1,speedlimit
2026-09-17T07:48+02:00,A20,L,47.5,2,speedlimit
2026-09-17T07:48+02:00,A20,R,42.485,1,speedlimit
2026-09-17T07:48+02:00,A16,L,36.99,2,speedlimit
2026-09-17T07:48+02:00,A15,L,65.685,1,speedlimit
2026-09-17T07:48+02:00,A16,L,50.38,2,speedlimit
2026-09-17T07:48+02:00,A15,L,64.67,1,lane_closed
2026-09-17T07:48+02:00,A15,R,75.375,1,speedlimit
2026-09-17T07:48+02:00,A4,L,57.975,2,speedlimit
2026-09-17T07:48+02:00,A4,L,20.975,1,speedlimit
2026-09-17T07:48+02:00,A15,r,45.853,1,speedlimit
2026-09-17T07:48+02:00,A16,L,48.03,2,speedlimit
2026-09-17T07:48+02:00,A4,L,52.018,1,speedlimit
2026-09-17T07:48+02:00,A38,L,21.058,1,speedlimit
2026-09-17T07:48+02:00,A20,R,26.93,2,speedlimit
2026-09-17T07:48+02:00,A15,R,84.475,3,speedlimit
2026-09-17T07:48+02:00,A20,L,30.9,3,speedlimit
2026-09-17T07:48+02:00,A20,L,22.95,1,speedlimit
2026-09-17T07:48+02:00,A13,L,18.8,3,speedlimit
2026-09-17T07:48+02:00,A16,y,22.6,2,speedlimit
2026-09-17T07:48+02:00,A20,L,46.045,1,speedlimit
2026-09-17T07:48+02:00,A20,R,28.8,1,speedlimit
2026-09-17T07:48+02:00,A16,d,35.7,2,speedlimit
2026-09-17T07:48+02:00,A15,L,70.95,4,speedlimit
2026-09-17T07:48+02:00,A15,L,36.536,3,speedlimit
2026-09-17T07:48+02:00,A16,L,35.205,1,speedlimit
2026-09-17T07:48+02:00,A16,y,20.6,2,speedlimit
2026-09-17T07:48+02:00,A16,R,9.95,3,speedlimit
2026-09-17T07:48+02:00,A13,L,18.8,1,speedlimit
2026-09-17T07:48+02:00,A15,L,71.9,1,speedlimit
2026-09-17T07:48+02:00,A4,h,46.4,2,speedlimit
2026-09-17T07:48+02:00,A20,L,39.515,2,speedlimit
2026-09-17T07:48+02:00,A4,L,21.867,2,speedlimit
2026-09-17T07:48+02:00,A13,R,16.2,2,speedlimit
2026-09-17T07:48+02:00,A4,L,2.447,3,speedlimit
2026-09-17T07:48+02:00,A4,L,3.062,1,speedlimit
2026-09-17T07:48+02:00,A20,L,22.685,4,speedlimit
2026-09-17T07:48+02:00,A16,L,33.61,1,speedlimit
2026-09-17T07:48+02:00,A16,L,59.51,4,speedlimit
2026-09-17T07:48+02:00,A15,L,74.275,2,speedlimit
2026-09-17T07:48+02:00,A16,m,38.1,1,speedlimit
2026-09-17T07:48+02:00,A16,L,46.935,4,speedlimit
2026-09-17T07:48+02:00,A4,R,52.598,1,speedlimit
2026-09-17T07:48+02:00,A4,L,45.28,2,speedlimit
2026-09-17T07:48+02:00,A20,L,31.4,3,speedlimit
2026-09-17T07:48+02:00,A4,L,1.555,4,speedlimit
2026-09-17T07:48+02:00,A15,L,36.138,2,speedlimit
2026-09-17T07:48+02:00,A4,L,40.7,1,speedlimit
2026-09-17T07:48+02:00,A20,R,40.2,2,speedlimit
2026-09-17T07:48+02:00,A16,R,10.5,1,speedlimit
2026-09-17T07:48+02:00,A20,L,30.196,4,speedlimit
2026-09-17T07:48+02:00,A4,L,37.53,2,speedlimit
2026-09-17T07:48+02:00,A15,L,37.61,3,speedlimit
2026-09-17T07:48+02:00,A15,L,71.42,2,speedlimit
2026-09-17T07:48+02:00,A20,L,48.2,1,speedlimit
2026-09-17T07:48+02:00,A4,L,44.01,1,speedlimit
2026-09-17T07:48+02:00,A16,L,24.82,2,speedlimit
2026-09-17T07:48+02:00,A4,L,5.225,5,speedlimit
2026-09-17T07:48+02:00,A16,n,34.225,2,speedlimit
2026-09-17T07:48+02:00,A4,L,51.458,1,speedlimit
2026-09-17T07:48+02:00,A13,R,18.2,2,speedlimit
2026-09-17T07:48+02:00,A16,x,18.543,3,speedlimit
2026-09-17T07:48+02:00,A16,L,47.41,2,speedlimit
2026-09-17T07:48+02:00,A13,L,17.8,1,speedlimit
2026-09-17T07:48+02:00,A15,L,34.78,1,speedlimit
2026-09-17T07:48+02:00,A16,R,10.5,2,speedlimit
2026-09-17T07:48+02:00,A16,L,38.73,3,speedlimit
2026-09-17T07:48+02:00,A20,R,29.8,1,speedlimit
2026-09-17T07:48+02:00,A4,L,3.062,2,speedlimit
2026-09-17T07:48+02:00,A20,R,31.26,2,speedlimit
2026-09-17T07:48+02:00,A4,L,50.253,4,speedlimit
2026-09-17T07:48+02:00,A15,L,94.625,2,speedlimit
2026-09-17T07:48+02:00,A4,R,55.935,2,speedlimit
2026-09-17T07:48+02:00,A20,R,25.7,1,speedlimit
2026-09-17T07:48+02:00,A20,L,38.91,1,speedlimit
2026-09-17T07:48+02:00,A4,x,49.037,2,speedlimit
2026-09-17T07:48+02:00,A16,L,39.25,2,speedlimit
2026-09-17T07:48+02:00,A15,L,43.46,1,speedlimit
2026-09-17T07:48+02:00,A20,R,39.515,3,speedlimit
2026-09-17T07:48+02:00,A15,L,95.19,1,speedlimit
2026-09-17T07:48+02:00,A15,L,76.745,4,speedlimit
2026-09-17T07:48+02:00,A4,L,57.975,1,speedlimit
2026-09-17T07:48+02:00,A15,L,37.199,2,speedlimit
2026-09-17T07:48+02:00,A4,L,2.006,3,speedlimit
2026-09-17T07:48+02:00,A15,L,33.26,2,speedlimit
2026-09-17T07:48+02:00,A20,R,31.26,3,speedlimit
2026-09-17T07:48+02:00,A20,L,46.4,2,speedlimit
2026-09-17T07:48+02:00,A15,L,70.95,2,speedlimit
2026-09-17T07:48+02:00,A20,R,26.64,3,speedlimit
2026-09-17T07:48+02:00,A20,R,26.64,4,speedlimit
2026-09-17T07:48+02:00,A4,L,21.867,1,speedlimit
2026-09-17T07:48+02:00,A16,L,40.93,3,speedlimit
2026-09-17T07:48+02:00,A16,L,41.96,2,speedlimit
2026-09-17T07:48+02:00,A15,y,47.43,1,speedlimit
2026-09-17T07:48+02:00,A16,y,20.6,3,speedlimit
2026-09-17T07:48+02:00,A20,R,26.4,1,speedlimit
2026-09-17T07:48+02:00,A13,R,17.1,1,speedlimit
2026-09-17T07:48+02:00,A15,k,70.5,1,speedlimit
2026-09-17T07:48+02:00,A4,L,37.53,4,speedlimit
2026-09-17T07:48+02:00,A4,L,40.7,2,speedlimit
2026-09-17T07:48+02:00,A20,R,29.5,3,speedlimit
2026-09-17T07:48+02:00,A16,n,34.335,1,speedlimit
2026-09-17T07:48+02:00,A15,R,77.865,3,speedlimit
2026-09-17T07:48+02:00,A20,R,24.07,1,speedlimit
2026-09-17T07:48+02:00,A20,L,47.0,2,speedlimit
2026-09-17T07:48+02:00,A16,L,24.82,4,speedlimit
2026-09-17T07:48+02:00,A20,L,47.8,2,speedlimit
2026-09-17T07:48+02:00,A4,R,55.08,3,speedlimit
2026-09-17T07:48+02:00,A16,x,24.905,2,speedlimit
2026-09-17T07:48+02:00,A13,L,13.7,4,lane_closed
2026-09-17T07:48+02:00,A16,L,33.904,2,speedlimit
2026-09-17T07:48+02:00,A15,L,63.56,2,speedlimit
2026-09-17T07:48+02:00,A20,L,47.0,1,speedlimit
2026-09-17T07:48+02:00,A24,R,5.64,1,speedlimit
2026-09-17T07:48+02:00,A20,R,41.6,2,speedlimit
2026-09-17T07:48+02:00,A29,L,14.8,1,speedlimit
2026-09-17T07:48+02:00,A13,L,14.2,4,lane_closed
2026-09-17T07:48+02:00,A4,h,46.4,1,speedlimit
2026-09-17T07:48+02:00,A16,L,42.61,2,speedlimit
2026-09-17T07:48+02:00,A4,R,52.598,3,speedlimit
2026-09-17T07:48+02:00,A16,L,34.335,2,speedlimit
2026-09-17T07:48+02:00,A4,L,44.62,3,speedlimit
2026-09-17T07:48+02:00,A20,R,24.715,2,speedlimit
2026-09-17T07:48+02:00,A15,R,74.625,1,speedlimit
2026-09-17T07:48+02:00,A20,t,29.6,1,speedlimit
2026-09-17T07:48+02:00,A16,L,36.99,3,speedlimit
2026-09-17T07:48+02:00,A15,L,65.685,4,speedlimit
2026-09-17T07:48+02:00,A20,R,29.8,4,speedlimit
2026-09-17T07:48+02:00,A15,L,86.3,1,speedlimit
2026-09-17T07:48+02:00,A20,L,46.4,1,speedlimit
2026-09-17T07:48+02:00,A13,R,18.7,2,speedlimit
2026-09-17T07:48+02:00,A16,y,23.535,3,speedlimit
2026-09-17T07:48+02:00,A15,L,87.05,1,speedlimit
2026-09-17T07:48+02:00,A20,R,27.488,1,speedlimit
2026-09-17T07:48+02:00,A16,L,48.03,3,speedlimit
2026-09-17T07:48+02:00,A29,L,15.18,2,speedlimit
2026-09-17T07:48+02:00,A4,R,55.08,2,speedlimit
2026-09-17T07:48+02:00,A15,L,37.8,1,speedlimit
2026-09-17T07:48+02:00,A4,R,32.85,1,speedlimit
2026-09-17T07:48+02:00,A15,R,38.73,2,speedlimit
2026-09-17T07:48+02:00,A4,L,53.954,1,speedlimit
2026-09-17T07:48+02:00,A20,R,29.5,2,speedlimit
2026-09-17T07:48+02:00,A20,L,27.2,2,speedlimit
2026-09-17T07:48+02:00,A24,R,5.08,2,speedlimit
2026-09-17T07:48+02:00,A13,R,18.963,1,speedlimit
2026-09-17T07:48+02:00,A13,L,17.1,1,speedlimit
2026-09-17T07:48+02:00,A4,R,33.17,3,speedlimit
2026-09-17T07:48+02:00,A4,L,38.01,2,speedlimit
2026-09-17T07:48+02:00,A20,L,31.88,3,speedlimit
2026-09-17T07:48+02:00,A20,L,45.61,2,speedlimit
2026-09-17T07:48+02:00,A16,L,53.2,3,speedlimit
2026-09-17T07:48+02:00,A15,L,37.389,3,speedlimit
2026-09-17T07:48+02:00,A13,L,17.1,4,speedlimit
2026-09-17T07:48+02:00,A4,R,52.018,1,speedlimit
2026-09-17T07:48+02:00,A13,R,16.655,2,speedlimit
2026-09-17T07:48+02:00,A15,L,36.536,1,speedlimit
2026-09-17T07:48+02:00,A13,L,15.55,5,lane_closed
2026-09-17T07:48+02:00,A16,R,11.13,1,speedlimit
2026-09-17T07:48+02:00,A15,R,91.13,1,speedlimit
2026-09-17T07:48+02:00,A16,n,34.44,1,speedlimit
2026-09-17T07:48+02:00,A15,L,75.375,3,speedlimit
2026-09-17T07:48+02:00,A16,L,33.61,2,speedlimit
2026-09-17T07:48+02:00,A15,R,85.78,1,speedlimit
2026-09-17T07:48+02:00,A16,y,24.3,1,speedlimit
2026-09-17T07:48+02:00,A15,L,37.298,2,speedlimit
2026-09-17T07:48+02:00,A15,L,43.95,4,speedlimit
2026-09-17T07:48+02:00,A16,y,20.3,3,speedlimit
2026-09-17T07:48+02:00,A16,L,30.2,3,speedlimit
2026-09-17T07:48+02:00,A16,L,50.38,3,speedlimit
2026-09-17T07:48+02:00,A15,L,76.31,2,speedlimit
2026-09-17T07:48+02:00,A15,L,86.7,1,speedlimit
2026-09-17T07:48+02:00,A4,L,23.0,2,speedlimit
2026-09-17T07:48+02:00,A4,L,37.53,1,speedlimit
2026-09-17T07:48+02:00,A4,L,50.253,1,speedlimit
2026-09-17T07:48+02:00,A15,R,75.075,2,speedlimit
2026-09-17T07:48+02:00,A15,R,75.075,4,speedlimit
2026-09-17T07:48+02:00,A4,L,20.975,2,speedlimit
2026-09-17T07:48+02:00,A15,L,37.389,2,speedlimit
2026-09-17T07:48+02:00,A4,R,52.598,2,speedlimit
2026-09-17T07:48+02:00,A4,L,5.225,1,speedlimit
2026-09-17T07:48+02:00,A20,L,32.8,3,speedlimit
2026-09-17T07:48+02:00,A38,p,21.25,3,speedlimit
2026-09-17T07:48+02:00,A15,L,36.658,3,speedlimit
2026-09-17T07:48+02:00,A15,L,36.999,1,speedlimit
2026-09-17T07:48+02:00,A4,L,22.537,1,speedlimit
2026-09-17T07:48+02:00,A15,R,74.625,4,speedlimit
2026-09-17T07:48+02:00,A15,R,77.613,3,speedlimit
2026-09-17T07:48+02:00,A15,L,36.898,1,speedlimit
2026-09-17T07:48+02:00,A15,L,36.138,1,speedlimit
2026-09-17T07:48+02:00,A20,R,25.3,2,speedlimit
2026-09-17T07:48+02:00,A13,R,5.481,3,speedlimit
2026-09-17T07:48+02:00,A15,L,36.536,2,speedlimit
2026-09-17T07:48+02:00,A20,R,30.196,1,speedlimit
2026-09-17T07:48+02:00,A16,x,18.543,1,speedlimit
2026-09-17T07:48+02:00,A16,x,19.3,1,speedlimit
2026-09-17T07:48+02:00,A20,L,29.826,4,speedlimit
2026-09-17T07:48+02:00,A20,L,38.3,3,speedlimit
2026-09-17T07:48+02:00,A16,L,30.2,4,speedlimit
2026-09-17T07:48+02:00,A20,L,38.91,3,speedlimit
2026-09-17T07:48+02:00,A16,L,36.355,1,speedlimit
2026-09-17T07:48+02:00,A15,R,91.13,2,speedlimit
2026-09-17T07:48+02:00,A16,L,31.805,1,speedlimit
2026-09-17T07:48+02:00,A16,L,34.13,1,speedlimit
2026-09-17T07:48+02:00,A16,L,41.53,1,speedlimit
2026-09-17T07:48+02:00,A16,y,22.2,1,speedlimit
2026-09-17T07:48+02:00,A4,L,1.555,3,speedlimit
2026-09-17T07:48+02:00,A20,s,29.6,1,speedlimit
2026-09-17T07:48+02:00,A20,L,28.57,2,speedlimit
2026-09-17T07:48+02:00,A4,L,40.7,3,speedlimit
2026-09-17T07:48+02:00,A20,R,30.6,2,speedlimit
2026-09-17T07:48+02:00,A4,L,1.156,4,speedlimit
2026-09-17T07:48+02:00,A15,L,65.25,3,speedlimit
2026-09-17T07:48+02:00,A13,L,17.1,2,speedlimit
2026-09-17T07:48+02:00,A4,L,45.75,4,speedlimit
2026-09-17T07:48+02:00,A16,L,38.22,3,speedlimit
2026-09-17T07:48+02:00,A16,L,43.145,2,speedlimit
2026-09-17T07:48+02:00,A16,R,11.7,3,speedlimit
2026-09-17T07:48+02:00,A20,L,28.57,3,speedlimit
2026-09-17T07:48+02:00,A15,L,64.67,3,speedlimit
2026-09-17T07:48+02:00,A15,L,88.02,1,speedlimit
2026-09-17T07:48+02:00,A20,L,22.685,2,speedlimit
2026-09-17T07:48+02:00,A20,R,26.4,4,speedlimit
2026-09-17T07:48+02:00,A20,R,30.196,2,speedlimit
2026-09-17T07:48+02:00,A15,g,39.42,2,speedlimit
2026-09-17T07:48+02:00,A13,R,17.8,3,speedlimit
2026-09-17T07:48+02:00,A15,L,95.19,2,speedlimit
2026-09-17T07:48+02:00,A16,n,33.354,1,speedlimit
2026-09-17T07:48+02:00,A15,n,95.855,2,speedlimit
2026-09-17T08:48+02:00,A4,L,7.369,4,speedlimit
2026-09-17T08:48+02:00,A13,L,16.7,1,speedlimit
2026-09-17T08:48+02:00,A15,m,62.708,1,speedlimit
2026-09-17T08:48+02:00,A4,L,53.954,2,speedlimit
2026-09-17T08:48+02:00,A16,R,17.036,4,speedlimit
2026-09-17T08:48+02:00,A15,m,63.352,1,speedlimit
2026-09-17T08:48+02:00,A15,L,33.26,1,speedlimit
2026-09-17T08:48+02:00,A16,L,40.4,2,speedlimit
2026-09-17T08:48+02:00,A13,R,5.481,2,speedlimit
2026-09-17T08:48+02:00,A20,L,42.0,2,speedlimit
2026-09-17T08:48+02:00,A16,x,18.9,3,speedlimit
2026-09-17T08:48+02:00,A4,L,3.062,4,speedlimit
2026-09-17T08:48+02:00,A15,L,76.31,1,speedlimit
2026-09-17T08:48+02:00,A15,L,75.375,4,speedlimit
2026-09-17T08:48+02:00,A16,R,11.7,2,speedlimit
2026-09-17T08:48+02:00,A16,R,17.463,4,speedlimit
2026-09-17T08:48+02:00,A13,R,5.91,1,speedlimit
2026-09-17T08:48+02:00,A15,n,95.285,2,speedlimit
2026-09-17T08:48+02:00,A4,n,12.498,2,speedlimit
2026-09-17T08:48+02:00,A29,L,100.8,1,speedlimit
2026-09-17T08:48+02:00,A20,R,25.3,1,speedlimit
2026-09-17T08:48+02:00,A20,L,30.196,2,speedlimit
2026-09-17T08:48+02:00,A16,R,10.5,4,speedlimit
2026-09-17T08:48+02:00,A4,n,12.498,1,speedlimit
2026-09-17T08:48+02:00,A20,R,25.7,2,speedlimit
2026-09-17T08:48+02:00,A13,R,16.655,1,speedlimit
2026-09-17T08:48+02:00,A4,L,13.747,6,speedlimit
2026-09-17T08:48+02:00,A15,g,63.241,1,speedlimit
2026-09-17T08:48+02:00,A13,R,17.1,2,speedlimit
2026-09-17T08:48+02:00,A4,n,12.975,2,speedlimit
2026-09-17T08:48+02:00,A16,L,39.875,3,speedlimit
2026-09-17T08:48+02:00,A4,L,6.902,1,speedlimit
2026-09-17T08:48+02:00,A4,L,5.93,1,speedlimit
2026-09-17T08:48+02:00,A15,k,70.5,2,speedlimit
2026-09-17T08:48+02:00,A15,R,90.64,1,speedlimit
2026-09-17T08:48+02:00,A16,x,18.9,1,speedlimit
2026-09-17T08:48+02:00,A15,L,43.46,2,speedlimit
2026-09-17T08:48+02:00,A15,L,74.625,2,speedlimit
2026-09-17T08:48+02:00,A16,R,62.38,3,speedlimit
2026-09-17T08:48+02:00,A4,L,2.006,1,speedlimit
2026-09-17T08:48+02:00,A15,L,77.045,4,speedlimit
2026-09-17T08:48+02:00,A20,L,21.83,3,speedlimit
2026-09-17T08:48+02:00,A4,L,55.15,2,speedlimit
2026-09-17T08:48+02:00,A16,y,23.535,2,speedlimit
2026-09-17T08:48+02:00,A4,n,13.25,3,speedlimit
2026-09-17T08:48+02:00,A4,L,2.447,2,speedlimit
2026-09-17T08:48+02:00,A20,R,34.684,2,speedlimit
2026-09-17T08:48+02:00,A13,R,18.5,1,speedlimit
2026-09-17T08:48+02:00,A16,R,9.95,1,speedlimit
2026-09-17T08:48+02:00,A20,R,34.684,3,speedlimit
2026-09-17T08:48+02:00,A13,b,5.91,1,speedlimit
2026-09-17T08:48+02:00,A29,L,100.0,2,speedlimit
2026-09-17T08:48+02:00,A4,L,49.37,1,speedlimit
2026-09-17T08:48+02:00,A15,L,73.25,1,speedlimit
2026-09-17T08:48+02:00,A20,L,29.5,2,speedlimit
2026-09-17T08:48+02:00,A15,L,74.275,3,speedlimit
2026-09-17T08:48+02:00,A16,R,15.73,2,speedlimit
2026-09-17T08:48+02:00,A16,R,16.3,1,speedlimit
2026-09-17T08:48+02:00,A4,L,1.555,5,speedlimit
2026-09-17T08:48+02:00,A16,y,22.6,1,speedlimit
2026-09-17T08:48+02:00,A13,R,18.5,4,speedlimit
2026-09-17T08:48+02:00,A20,s,35.87,1,speedlimit
2026-09-17T08:48+02:00,A20,L,40.985,1,speedlimit
2026-09-17T08:48+02:00,A16,L,48.875,2,speedlimit
2026-09-17T08:48+02:00,A20,R,42.485,2,speedlimit
2026-09-17T08:48+02:00,A13,R,18.2,3,speedlimit
2026-09-17T08:48+02:00,A16,R,10.5,3,speedlimit
2026-09-17T08:48+02:00,A16,L,59.51,2,speedlimit
2026-09-17T08:48+02:00,A20,R,28.1,1,speedlimit
2026-09-17T08:48+02:00,A16,y,23.075,1,speedlimit
2026-09-17T08:48+02:00,A20,R,30.196,3,speedlimit
2026-09-17T08:48+02:00,A4,L,4.44,3,speedlimit
2026-09-17T08:48+02:00,A15,L,73.25,2,speedlimit
2026-09-17T08:48+02:00,A4,L,3.65,2,speedlimit
2026-09-17T08:48+02:00,A15,L,84.475,1,speedlimit
2026-09-17T08:48+02:00,A20,L,47.8,1,speedlimit
2026-09-17T08:48+02:00,A4,L,52.448,4,speedlimit
2026-09-17T08:48+02:00,A15,L,73.25,3,speedlimit
2026-09-17T08:48+02:00,A20,L,36.94,1,speedlimit
2026-09-17T08:48+02:00,A4,x,49.037,1,speedlimit
2026-09-17T08:48+02:00,A16,R,17.463,2,speedlimit
2026-09-17T08:48+02:00,A15,R,74.625,3,speedlimit
2026-09-17T08:48+02:00,A4,f,7.841,2,speedlimit
2026-09-17T08:48+02:00,A4,x,48.1,1,speedlimit
2026-09-17T08:48+02:00,A15,L,76.745,2,speedlimit
2026-09-17T08:48+02:00,A16,b,11.392,1,speedlimit
2026-09-17T08:48+02:00,A16,L,46.935,2,speedlimit
2026-09-17T08:48+02:00,A38,R,20.05,1,speedlimit
2026-09-17T08:48+02:00,A15,n,95.855,3,speedlimit
2026-09-17T08:48+02:00,A15,L,75.075,1,speedlimit
2026-09-17T08:48+02:00,A4,L,55.15,3,speedlimit
2026-09-17T08:48+02:00,A4,L,50.798,3,speedlimit
2026-09-17T08:48+02:00,A13,R,17.8,2,speedlimit
2026-09-17T08:48+02:00,A20,L,36.625,5,speedlimit
2026-09-17T08:48+02:00,A4,L,5.225,6,lane_closed
2026-09-17T08:48+02:00,A4,f,7.4,2,speedlimit
2026-09-17T08:48+02:00,A20,s,29.6,2,speedlimit
2026-09-17T08:48+02:00,A15,L,65.25,2,speedlimit
2026-09-17T08:48+02:00,A15,L,65.685,3,speedlimit
2026-09-17T08:48+02:00,A4,L,7.841,3,speedlimit
2026-09-17T08:48+02:00,A4,d,53.0,1,speedlimit
2026-09-17T08:48+02:00,A4,L,2.006,2,speedlimit
2026-09-17T08:48+02:00,A4,L,0.86,1,speedlimit
2026-09-17T08:48+02:00,A20,L,22.685,3,speedlimit
2026-09-17T08:48+02:00,A15,R,90.64,2,speedlimit
2026-09-17T08:48+02:00,A20,R,26.93,4,speedlimit
2026-09-17T08:48+02:00,A20,R,28.57,3,speedlimit
2026-09-17T08:48+02:00,A15,L,70.95,3,speedlimit
2026-09-17T08:48+02:00,A16,x,18.229,1,speedlimit
2026-09-17T08:48+02:00,A20,L,36.625,2,speedlimit
2026-09-17T08:48+02:00,A4,L,2.447,4,speedlimit
2026-09-17T08:48+02:00,A29,L,98.33,2,speedlimit
2026-09-17T08:48+02:00,A13,L,18.8,2,speedlimit
2026-09-17T08:48+02:00,A15,R,65.6,4,speedlimit
2026-09-17T08:48+02:00,A4,x,47.745,2,speedlimit
2026-09-17T08:48+02:00,A20,R,27.235,1,speedlimit
2026-09-17T08:48+02:00,A20,L,28.41,2,speedlimit
2026-09-17T08:48+02:00,A15,m,62.454,2,speedlimit
2026-09-17T08:48+02:00,A16,R,62.85,1,speedlimit
2026-09-17T08:48+02:00,A4,n,13.25,2,speedlimit
2026-09-17T08:48+02:00,A4,L,52.018,2,speedlimit
2026-09-17T08:48+02:00,A15,L,82.1,2,speedlimit
2026-09-17T08:48+02:00,A20,L,22.685,1,speedlimit
2026-09-17T08:48+02:00,A20,R,24.715,1,speedlimit
2026-09-17T08:48+02:00,A15,L,85.78,1,speedlimit
2026-09-17T08:48+02:00,A4,L,52.018,3,speedlimit
2026-09-17T08:48+02:00,A15,R,70.12,1,speedlimit
2026-09-17T08:48+02:00,A4,L,3.65,4,speedlimit
2026-09-17T08:48+02:00,A20,R,23.0,4,speedlimit
2026-09-17T08:48+02:00,A20,R,27.79,2,speedlimit
2026-09-17T08:48+02:00,A16,L,32.396,3,speedlimit
2026-09-17T08:48+02:00,A13,R,18.5,3,speedlimit
2026-09-17T08:48+02:00,A20,R,28.57,4,speedlimit
2026-09-17T08:48+02:00,A20,R,31.26,4,speedlimit
2026-09-17T08:48+02:00,A20,L,29.826,2,speedlimit
2026-09-17T08:48+02:00,A16,L,45.805,1,speedlimit
2026-09-17T08:48+02:00,A20,L,28.57,1,speedlimit
2026-09-17T08:48+02:00,A20,R,34.684,1,speedlimit
2026-09-17T08:48+02:00,A16,L,31.805,2,speedlimit
2026-09-17T08:48+02:00,A20,R,29.5,4,speedlimit
2026-09-17T08:48+02:00,A13,R,6.4,2,speedlimit
2026-09-17T08:48+02:00,A4,L,49.84,1,speedlimit
2026-09-17T08:48+02:00,A16,R,61.99,1,speedlimit
2026-09-17T08:48+02:00,A4,L,7.526,2,speedlimit
2026-09-17T08:48+02:00,A15,L,73.755,1,speedlimit
2026-09-17T08:48+02:00,A15,L,72.96,1,speedlimit
2026-09-17T08:48+02:00,A15,L,72.58,2,speedlimit
2026-09-17T08:48+02:00,A4,L,54.48,3,speedlimit
2026-09-17T08:48+02:00,A16,L,48.875,3,speedlimit
2026-09-17T08:48+02:00,A16,R,16.3,3,speedlimit
2026-09-17T08:48+02:00,A4,L,7.072,1,speedlimit
2026-09-17T08:48+02:00,A13,L,11.25,1,speedlimit
2026-09-17T08:48+02:00,A20,R,28.1,2,speedlimit
2026-09-17T08:48+02:00,A20,R,26.64,1,speedlimit
2026-09-17T08:48+02:00,A16,L,32.396,1,speedlimit
2026-09-17T08:48+02:00,A15,g,63.761,2,speedlimit
2026-09-17T08:48+02:00,A20,R,25.7,3,speedlimit
2026-09-17T08:48+02:00,A15,L,64.2,2,speedlimit
2026-09-17T08:48+02:00,A4,L,7.841,4,speedlimit
2026-09-17T08:48+02:00,A4,L,50.798,4,speedlimit
2026-09-17T08:48+02:00,A15,L,74.085,3,speedlimit
2026-09-17T08:48+02:00,A29,L,98.69,1,speedlimit
2026-09-17T08:48+02:00,A16,L,45.39,1,speedlimit
2026-09-17T08:48+02:00,A16,x,17.813,1,speedlimit
2026-09-17T08:48+02:00,A16,L,24.82,3,speedlimit
2026-09-17T08:48+02:00,A4,f,6.9,1,speedlimit
2026-09-17T08:48+02:00,A20,L,32.8,2,speedlimit
2026-09-17T08:48+02:00,A4,L,0.86,3,speedlimit
2026-09-17T08:48+02:00,A16,L,46.43,1,speedlimit
2026-09-17T08:48+02:00,A16,L,30.73,4,speedlimit
2026-09-17T08:48+02:00,A16,L,48.03,1,speedlimit
2026-09-17T08:48+02:00,A15,L,65.25,4,speedlimit
2026-09-17T08:48+02:00,A13,L,17.1,3,speedlimit
2026-09-17T08:48+02:00,A16,R,37.6,2,speedlimit
2026-09-17T08:48+02:00,A20,R,42.0,1,speedlimit
2026-09-17T08:48+02:00,A4,L,7.22,3,speedlimit
2026-09-17T08:48+02:00,A20,L,37.3,3,speedlimit
2026-09-17T08:48+02:00,A16,R,62.85,4,speedlimit
2026-09-17T08:48+02:00,A20,R,34.29,2,speedlimit
2026-09-17T08:48+02:00,A16,L,59.51,1,speedlimit
2026-09-17T08:48+02:00,A15,L,90.64,2,speedlimit
2026-09-17T08:48+02:00,A16,L,39.25,3,speedlimit
2026-09-17T08:48+02:00,A16,f,67.9,1,speedlimit
2026-09-17T08:48+02:00,A20,L,36.625,1,speedlimit
2026-09-17T08:48+02:00,A4,L,5.549,6,lane_closed
2026-09-17T08:48+02:00,A15,m,62.998,3,speedlimit
2026-09-17T08:48+02:00,A15,L,82.4,2,speedlimit
2026-09-17T08:48+02:00,A15,L,43.46,4,speedlimit
2026-09-17T08:48+02:00,A4,h,70.25,2,speedlimit
2026-09-17T08:48+02:00,A16,y,23.9,1,speedlimit
2026-09-17T08:48+02:00,A20,L,27.488,1,speedlimit
2026-09-17T08:48+02:00,A4,L,58.82,1,speedlimit
2026-09-17T08:48+02:00,A16,y,20.6,1,speedlimit
2026-09-17T08:48+02:00,A20,L,27.2,1,speedlimit
2026-09-17T08:48+02:00,A29,L,100.8,2,speedlimit
2026-09-17T08:48+02:00,A4,h,46.06,2,speedlimit
2026-09-17T08:48+02:00,A16,R,36.15,3,speedlimit
2026-09-17T08:48+02:00,A20,L,27.8,2,speedlimit
2026-09-17T08:48+02:00,A15,L,71.42,4,speedlimit
2026-09-17T08:48+02:00,A13,L,18.2,3,speedlimit
2026-09-17T08:48+02:00,A4,L,1.156,2,speedlimit
2026-09-17T08:48+02:00,A16,L,31.425,4,speedlimit
2026-09-17T08:48+02:00,A15,R,87.4,1,speedlimit
2026-09-17T08:48+02:00,A4,L,53.26,2,speedlimit
2026-09-17T08:48+02:00,A16,R,11.392,1,speedlimit
2026-09-17T08:48+02:00,A16,L,48.54,1,speedlimit
2026-09-17T08:48+02:00,A16,L,24.82,1,speedlimit
2026-09-17T08:48+02:00,A20,L,31.88,1,speedlimit
2026-09-17T08:48+02:00,A15,L,73.92,2,speedlimit
2026-09-17T08:48+02:00,A15,L,85.78,2,speedlimit
2026-09-17T08:48+02:00,A16,R,11.392,2,speedlimit
2026-09-17T08:48+02:00,A16,L,29.37,4,speedlimit
2026-09-17T08:48+02:00,A15,R,65.9,1,speedlimit
2026-09-17T08:48+02:00,A13,L,16.7,2,speedlimit
2026-09-17T08:48+02:00,A20,L,30.9,2,speedlimit
2026-09-17T08:48+02:00,A15,L,94.27,2,speedlimit
2026-09-17T08:48+02:00,A16,m,37.9,1,speedlimit
2026-09-17T08:48+02:00,A15,L,73.92,3,speedlimit
2026-09-17T08:48+02:00,A16,L,48.54,3,speedlimit
2026-09-17T08:48+02:00,A4,f,7.5,1,speedlimit
2026-09-17T08:48+02:00,A20,L,38.91,2,speedlimit
2026-09-17T08:48+02:00,A29,L,100.0,1,speedlimit
2026-09-17T08:48+02:00,A15,R,70.12,2,speedlimit
2026-09-17T08:48+02:00,A20,L,36.625,3,speedlimit
2026-09-17T08:48+02:00,A20,L,28.085,1,speedlimit
2026-09-17T08:48+02:00,A16,x,18.229,2,speedlimit
2026-09-17T08:48+02:00,A13,R,6.4,1,speedlimit
2026-09-17T08:48+02:00,A20,s,35.6,1,speedlimit
2026-09-17T08:48+02:00,A15,L,71.9,2,speedlimit
2026-09-17T08:48+02:00,A16,y,23.535,1,speedlimit
2026-09-17T08:48+02:00,A15,L,93.81,1,speedlimit
2026-09-17T08:48+02:00,A29,L,99.1,2,speedlimit
2026-09-17T08:48+02:00,A15,L,84.01,1,speedlimit
2026-09-17T08:48+02:00,A20,R,30.6,1,speedlimit
2026-09-17T08:48+02:00,A13,R,17.1,3,speedlimit
2026-09-17T08:48+02:00,A15,L,83.55,2,speedlimit
2026-09-17T08:48+02:00,A16,L,31.805,3,speedlimit
2026-09-17T08:48+02:00,A20,R,26.93,3,speedlimit
2026-09-17T08:48+02:00,A15,L,32.62,1,speedlimit
2026-09-17T08:48+02:00,A16,R,17.463,1,speedlimit
2026-09-17T08:48+02:00,A20,L,31.4,1,speedlimit
2026-09-17T08:48+02:00,A16,L,30.2,1,speedlimit
2026-09-17T08:48+02:00,A16,R,17.036,5,speedlimit
2026-09-17T08:48+02:00,A4,L,5.225,3,speedlimit
2026-09-17T08:48+02:00,A4,L,13.747,1,speedlimit
2026-09-17T08:48+02:00,A15,m,62.708,3,speedlimit
2026-09-17T08:48+02:00,A4,L,7.526,4,speedlimit
2026-09-17T08:48+02:00,A15,g,63.761,1,speedlimit
2026-09-17T08:48+02:00,A13,L,12.0,1,speedlimit
2026-09-17T08:48+02:00,A20,L,31.1,2,speedlimit
2026-09-17T08:48+02:00,A15,R,74.625,2,speedlimit
2026-09-17T08:48+02:00,A4,g,63.875,2,speedlimit
2026-09-17T08:48+02:00,A4,L,54.907,1,speedlimit
2026-09-17T08:48+02:00,A4,h,70.25,1,speedlimit
2026-09-17T08:48+02:00,A4,L,14.37,2,speedlimit
2026-09-17T08:48+02:00,A13,g,18.7,2,speedlimit
2026-09-17T08:48+02:00,A15,L,77.865,2,speedlimit
2026-09-17T08:48+02:00,A15,L,65.685,2,speedlimit
2026-09-17T08:48+02:00,A20,L,31.4,2,speedlimit
2026-09-17T08:48+02:00,A4,L,1.555,2,speedlimit
2026-09-17T08:48+02:00,A16,R,62.38,1,speedlimit
2026-09-17T08:48+02:00,A4,L,49.84,3,speedlimit
2026-09-17T08:48+02:00,A20,R,23.27,2,speedlimit
2026-09-17T08:48+02:00,A4,L,7.072,3,speedlimit
2026-09-17T08:48+02:00,A20,L,37.3,4,speedlimit
2026-09-17T08:48+02:00,A38,L,21.058,3,speedlimit
2026-09-17T08:48+02:00,A16,L,14.32,1,speedlimit
2026-09-17T08:48+02:00,A15,L,71.42,3,speedlimit
2026-09-17T08:48+02:00,A15,L,75.375,2,speedlimit
2026-09-17T08:48+02:00,A16,L,48.875,1,speedlimit
2026-09-17T08:48+02:00,A16,L,68.535,2,speedlimit
2026-09-17T08:48+02:00,A20,R,24.07,2,speedlimit
2026-09-17T08:48+02:00,A4,f,7.4,1,speedlimit
2026-09-17T08:48+02:00,A4,d,53.0,2,speedlimit
2026-09-17T08:48+02:00,A15,L,74.625,1,speedlimit
2026-09-17T08:48+02:00,A4,n,12.15,1,speedlimit
2026-09-17T08:48+02:00,A15,L,83.55,1,speedlimit
2026-09-17T08:48+02:00,A13,L,15.9,3,lane_closed
2026-09-17T08:48+02:00,A15,R,87.05,1,speedlimit
2026-09-17T08:48+02:00,A15,L,75.375,1,speedlimit
2026-09-17T08:48+02:00,A16,L,30.2,2,speedlimit
2026-09-17T08:48+02:00,A16,x,24.905,3,speedlimit
2026-09-17T08:48+02:00,A15,L,77.045,1,speedlimit
2026-09-17T08:48+02:00,A4,L,7.841,2,speedlimit
2026-09-17T08:48+02:00,A16,L,32.843,4,speedlimit
2026-09-17T08:48+02:00,A15,L,78.48,1,speedlimit
2026-09-17T08:48+02:00,A4,L,3.062,3,speedlimit
2026-09-17T08:48+02:00,A4,L,54.907,3,speedlimit
2026-09-17T08:48+02:00,A15,R,75.075,1,speedlimit
2026-09-17T08:48+02:00,A38,p,21.25,1,speedlimit
2026-09-17T08:48+02:00,A13,R,16.2,1,speedlimit
2026-09-17T08:48+02:00,A20,L,37.8,2,speedlimit
2026-09-17T08:48+02:00,A16,L,47.41,1,speedlimit
2026-09-17T08:48+02:00,A15,L,76.745,3,speedlimit
2026-09-17T08:48+02:00,A15,L,71.9,3,speedlimit
2026-09-17T08:48+02:00,A4,h,70.25,4,speedlimit
2026-09-17T08:48+02:00,A13,R,18.5,2,speedlimit
2026-09-17T08:48+02:00,A20,L,36.94,3,speedlimit
2026-09-17T08:48+02:00,A20,L,30.196,1,speedlimit
2026-09-17T08:48+02:00,A15,g,63.241,2,speedlimit
2026-09-17T08:48+02:00,A4,f,6.6,1,speedlimit
2026-09-17T08:48+02:00,A15,L,73.59,3,speedlimit
2026-09-17T08:48+02:00,A4,L,2.792,1,speedlimit
2026-09-17T08:48+02:00,A13,L,12.0,3,speedlimit
2026-09-17T08:48+02:00,A4,x,47.745,3,speedlimit
2026-09-17T08:48+02:00,A20,R,34.684,4,speedlimit
2026-09-17T08:48+02:00,A20,R,27.79,1,speedlimit
2026-09-17T08:48+02:00,A4,L,2.447,1,speedlimit
2026-09-17T08:48+02:00,A20,r,35.245,1,speedlimit
2026-09-17T08:48+02:00,A16,R,11.13,2,speedlimit
2026-09-17T08:48+02:00,A20,L,29.826,1,speedlimit
2026-09-17T08:48+02:00,A16,L,32.396,4,speedlimit
2026-09-17T08:48+02:00,A16,L,45.805,2,speedlimit
2026-09-17T08:48+02:00,A16,L,31.425,2,speedlimit
2026-09-17T08:48+02:00,A20,L,42.0,3,speedlimit
2026-09-17T08:48+02:00,A15,m,62.454,1,speedlimit
2026-09-17T08:48+02:00,A4,L,13.747,2,speedlimit
2026-09-17T08:48+02:00,A16,R,37.6,1,speedlimit
2026-09-17T08:48+02:00,A16,x,24.905,1,speedlimit
2026-09-17T08:48+02:00,A13,L,11.25,2,speedlimit
2026-09-17T08:48+02:00,A20,R,34.29,1,speedlimit
2026-09-17T08:48+02:00,A16,y,20.0,2,speedlimit
2026-09-17T08:48+02:00,A20,u,36.23,2,speedlimit
2026-09-17T08:48+02:00,A20,R,28.41,2,speedlimit
2026-09-17T08:48+02:00,A16,m,38.1,2,speedlimit
2026-09-17T08:48+02:00,A4,L,6.902,4,speedlimit
2026-09-17T08:48+02:00,A16,L,31.805,5,speedlimit
2026-09-17T08:48+02:00,A16,L,32.843,2,speedlimit
2026-09-17T08:48+02:00,A4,L,5.549,1,speedlimit
2026-09-17T08:48+02:00,A20,L,48.2,2,speedlimit
2026-09-17T08:48+02:00,A20,L,40.2,2,speedlimit
2026-09-17T08:48+02:00,A15,L,94.625,1,speedlimit
2026-09-17T08:48+02:00,A20,R,29.1,1,speedlimit
2026-09-17T08:48+02:00,A4,L,14.37,5,speedlimit
2026-09-17T08:48+02:00,A16,L,31.425,1,speedlimit
2026-09-17T08:48+02:00,A16,L,48.54,2,speedlimit
2026-09-17T08:48+02:00,A4,L,0.86,2,speedlimit
2026-09-17T08:48+02:00,A20,R,42.0,3,speedlimit
2026-09-17T08:48+02:00,A16,m,33.778,2,speedlimit
2026-09-17T08:48+02:00,A13,R,17.8,1,speedlimit
2026-09-17T08:48+02:00,A20,R,28.41,1,speedlimit
2026-09-17T08:48+02:00,A20,R,31.9,2,speedlimit
2026-09-17T08:48+02:00,A4,f,6.9,2,speedlimit
2026-09-17T08:48+02:00,A20,L,39.515,1,speedlimit
2026-09-17T08:48+02:00,A15,L,75.86,1,speedlimit
2026-09-17T08:48+02:00,A16,R,62.85,3,speedlimit
2026-09-17T08:48+02:00,A4,L,3.062,5,speedlimit
2026-09-17T08:48+02:00,A20,L,31.1,3,speedlimit
2026-09-17T08:48+02:00,A38,w,20.55,1,speedlimit
2026-09-17T08:48+02:00,A15,L,43.95,3,speedlimit
2026-09-17T08:48+02:00,A13,L,12.0,2,speedlimit
2026-09-17T08:48+02:00,A16,L,15.73,2,speedlimit
2026-09-17T08:48+02:00,A16,y,23.9,2,speedlimit
2026-09-17T08:48+02:00,A20,R,27.488,2,speedlimit
2026-09-17T08:48+02:00,A16,y,21.1,1,speedlimit
2026-09-17T08:48+02:00,A20,t,28.895,1,speedlimit
2026-09-17T08:48+02:00,A16,L,32.396,5,speedlimit
2026-09-17T08:48+02:00,A20,L,32.8,1,speedlimit
2026-09-17T08:48+02:00,A15,L,84.87,1,speedlimit
2026-09-17T08:48+02:00,A16,L,16.48,3,speedlimit
2026-09-17T08:48+02:00,A20,R,28.8,2,speedlimit
2026-09-17T08:48+02:00,A15,R,75.075,3,speedlimit
2026-09-17T08:48+02:00,A15,L,32.62,2,speedlimit
2026-09-17T08:48+02:00,A4,L,49.37,3,speedlimit
2026-09-17T08:48+02:00,A15,L,43.95,2,speedlimit
2026-09-17T08:48+02:00,A16,R,16.3,2,speedlimit
2026-09-17T08:48+02:00,A13,R,5.91,3,speedlimit
2026-09-17T08:48+02:00,A4,f,69.17,1,speedlimit
2026-09-17T08:48+02:00,A20,L,31.1,1,speedlimit
2026-09-17T08:48+02:00,A15,L,73.25,4,speedlimit
2026-09-17T08:48+02:00,A15,m,63.352,2,speedlimit
2026-09-17T08:48+02:00,A13,L,16.19,3,lane_closed
2026-09-17T08:48+02:00,A13,L,15.035,5,lane_closed
2026-09-17T08:48+02:00,A16,L,16.48,2,speedlimit
2026-09-17T08:48+02:00,A4,x,47.745,1,speedlimit
2026-09-17T08:48+02:00,A15,L,95.55,1,speedlimit
2026-09-17T08:48+02:00,A16,y,21.1,3,speedlimit
2026-09-17T08:48+02:00,A4,L,52.018,4,speedlimit
2026-09-17T08:48+02:00,A20,L,27.8,1,speedlimit
2026-09-17T08:48+02:00,A15,L,72.96,2,speedlimit
2026-09-17T08:48+02:00,A4,n,12.498,3,speedlimit
2026-09-17T08:48+02:00,A16,L,39.875,1,speedlimit
2026-09-17T08:48+02:00,A16,L,14.32,2,speedlimit
2026-09-17T08:48+02:00,A16,L,39.25,1,speedlimit
2026-09-17T08:48+02:00,A20,R,23.0,2,speedlimit
2026-09-17T08:48+02:00,A4,n,12.15,4,speedlimit
2026-09-17T08:48+02:00,A20,R,29.1,2,speedlimit
2026-09-17T08:48+02:00,A16,L,31.425,5,speedlimit
2026-09-17T08:48+02:00,A15,m,63.682,1,speedlimit
2026-09-17T08:48+02:00,A13,g,18.7,1,speedlimit
2026-09-17T08:48+02:00,A15,L,85.262,1,speedlimit
2026-09-17T08:48+02:00,A15,L,74.625,3,speedlimit
2026-09-17T08:48+02:00,A20,L,21.83,1,speedlimit
2026-09-17T08:48+02:00,A15,L,72.58,1,speedlimit
2026-09-17T08:48+02:00,A20,u,36.23,1,speedlimit
2026-09-17T08:48+02:00,A15,m,62.998,2,speedlimit
2026-09-17T08:48+02:00,A4,L,13.747,7,speedlimit
2026-09-17T08:48+02:00,A20,R,28.57,2,speedlimit
2026-09-17T08:48+02:00,A20,R,26.64,2,speedlimit
2026-09-17T08:48+02:00,A4,L,7.22,2,speedlimit
2026-09-17T08:48+02:00,A4,L,0.493,3,speedlimit
2026-09-17T08:48+02:00,A15,L,64.2,3,speedlimit
2026-09-17T08:48+02:00,A16,R,61.99,4,speedlimit
2026-09-17T08:48+02:00,A20,L,29.1,1,speedlimit
2026-09-17T08:48+02:00,A4,n,12.15,2,speedlimit
2026-09-17T08:48+02:00,A16,L,39.875,2,speedlimit
2026-09-17T08:48+02:00,A13,L,18.2,1,speedlimit
2026-09-17T08:48+02:00,A13,L,11.77,5,speedlimit
2026-09-17T08:48+02:00,A4,L,1.156,5,speedlimit
2026-09-17T08:48+02:00,A16,L,29.37,5,speedlimit
2026-09-17T08:48+02:00,A16,y,21.6,1,speedlimit
2026-09-17T08:48+02:00,A15,L,64.67,2,speedlimit
2026-09-17T08:48+02:00,A13,L,11.77,1,speedlimit
2026-09-17T08:48+02:00,A13,L,12.7,4,lane_closed
2026-09-17T08:48+02:00,A20,L,31.88,2,speedlimit
2026-09-17T08:48+02:00,A16,L,59.51,3,speedlimit
2026-09-17T08:48+02:00,A16,y,21.1,2,speedlimit
2026-09-17T08:48+02:00,A15,L,93.81,2,speedlimit
2026-09-17T08:48+02:00,A20,L,28.085,2,speedlimit
2026-09-17T08:48+02:00,A16,m,33.609,2,speedlimit
2026-09-17T08:48+02:00,A38,p,21.25,2,speedlimit
2026-09-17T08:48+02:00,A15,L,43.46,3,speedlimit
2026-09-17T08:48+02:00,A16,R,62.85,2,speedlimit
2026-09-17T08:48+02:00,A29,L,100.5,2,speedlimit
2026-09-17T08:48+02:00,A20,R,34.29,3,speedlimit
2026-09-17T08:48+02:00,A16,L,15.16,2,speedlimit
2026-09-17T08:48+02:00,A4,f,69.17,2,speedlimit
2026-09-17T08:48+02:00,A16,R,17.036,1,speedlimit
2026-09-17T08:48+02:00,A20,R,30.6,3,speedlimit
2026-09-17T08:48+02:00,A16,y,20.0,3,speedlimit
2026-09-17T08:48+02:00,A15,L,73.59,2,speedlimit
2026-09-17T08:48+02:00,A15,L,84.87,2,speedlimit
2026-09-17T08:48+02:00,A16,L,40.4,3,speedlimit
2026-09-17T08:48+02:00,A16,R,11.7,1,speedlimit
2026-09-17T08:48+02:00,A20,R,29.8,2,speedlimit
2026-09-17T08:48+02:00,A16,R,35.66,1,speedlimit
2026-09-17T08:48+02:00,A15,L,64.2,1,lane_closed
2026-09-17T08:48+02:00,A20,R,27.235,2,speedlimit
2026-09-17T08:48+02:00,A4,L,53.0,2,speedlimit
2026-09-17T08:48+02:00,A20,L,37.3,1,speedlimit
2026-09-17T08:48+02:00,A4,L,2.792,2,speedlimit
2026-09-17T08:48+02:00,A15,L,77.045,3,speedlimit
2026-09-17T08:48+02:00,A13,R,18.2,1,speedlimit
2026-09-17T08:48+02:00,A15,L,83.1,1,speedlimit
2026-09-17T08:48+02:00,A16,m,33.848,1,speedlimit
2026-09-17T08:48+02:00,A20,L,22.95,2,speedlimit
2026-09-17T08:48+02:00,A4,L,4.44,2,speedlimit
2026-09-17T08:48+02:00,A15,L,75.86,2,speedlimit
2026-09-17T08:48+02:00,A16,L,30.73,1,speedlimit
2026-09-17T08:48+02:00,A16,L,32.843,1,speedlimit
2026-09-17T08:48+02:00,A4,L,13.747,3,speedlimit
2026-09-17T08:48+02:00,A15,L,65.25,1,lane_closed_ahead
2026-09-17T08:48+02:00,A16,y,21.6,2,speedlimit
2026-09-17T08:48+02:00,A13,R,6.4,3,speedlimit
2026-09-17T08:48+02:00,A4,f,7.841,4,speedlimit
2026-09-17T08:48+02:00,A15,L,76.745,1,speedlimit
2026-09-17T08:48+02:00,A4,f,7.1,1,speedlimit
2026-09-17T08:48+02:00,A15,e,95.55,1,speedlimit
2026-09-17T08:48+02:00,A4,L,6.592,3,speedlimit
2026-09-17T08:48+02:00,A13,e,19.1,1,speedlimit
2026-09-17T08:48+02:00,A4,L,3.65,1,speedlimit
2026-09-17T08:48+02:00,A16,L,14.46,1,speedlimit
2026-09-17T08:48+02:00,A13,L,12.0,4,speedlimit
2026-09-17T08:48+02:00,A16,L,40.4,1,speedlimit
2026-09-17T08:48+02:00,A20,L,47.5,1,speedlimit
2026-09-17T08:48+02:00,A4,L,58.82,2,speedlimit
2026-09-17T08:48+02:00,A4,L,2.792,4,speedlimit
2026-09-17T08:48+02:00,A15,L,75.86,3,speedlimit
2026-09-17T08:48+02:00,A38,R,20.05,2,speedlimit
2026-09-17T08:48+02:00,A16,L,30.73,2,speedlimit
2026-09-17T08:48+02:00,A13,L,17.8,3,speedlimit
2026-09-17T08:48+02:00,A4,L,51.458,2,speedlimit
2026-09-17T08:48+02:00,A4,f,69.8,1,speedlimit
2026-09-17T08:48+02:00,A4,f,7.841,3,speedlimit
2026-09-17T08:48+02:00,A4,L,5.93,3,speedlimit
2026-09-17T08:48+02:00,A16,L,29.37,1,speedlimit
2026-09-17T08:48+02:00,A16,R,37.6,3,speedlimit
2026-09-17T08:48+02:00,A20,R,31.26,1,speedlimit
2026-09-17T08:48+02:00,A16,x,18.543,2,speedlimit
2026-09-17T08:48+02:00,A20,u,35.09,1,speedlimit
2026-09-17T08:48+02:00,A4,L,5.93,5,speedlimit
2026-09-17T08:48+02:00,A16,x,17.813,2,speedlimit
2026-09-17T08:48+02:00,A4,L,7.526,1,speedlimit
2026-09-17T08:48+02:00,A15,L,94.27,1,speedlimit
2026-09-17T08:48+02:00,A4,n,12.15,3,speedlimit
2026-09-17T08:48+02:00,A16,L,16.48,4,speedlimit
2026-09-17T08:48+02:00,A16,y,24.3,2,speedlimit
2026-09-17T08:48+02:00,A4,L,7.841,1,speedlimit
2026-09-17T08:48+02:00,A4,f,69.8,2,speedlimit
2026-09-17T08:48+02:00,A20,R,42.0,2,speedlimit
2026-09-17T08:48+02:00,A16,m,35.715,1,speedlimit
2026-09-17T08:48+02:00,A16,L,31.425,3,speedlimit
2026-09-17T08:48+02:00,A15,L,75.075,3,speedlimit
2026-09-17T08:48+02:00,A20,L,36.625,4,speedlimit
2026-09-17T08:48+02:00,A4,L,2.792,3,speedlimit
2026-09-17T08:48+02:00,A15,L,43.95,1,speedlimit
2026-09-17T08:48+02:00,A20,L,40.985,3,speedlimit
2026-09-17T08:48+02:00,A15,L,70.95,1,speedlimit
2026-09-17T08:48+02:00,A13,L,11.25,3,speedlimit
2026-09-17T08:48+02:00,A20,L,29.826,3,speedlimit
2026-09-17T08:48+02:00,A16,L,46.43,3,speedlimit
2026-09-17T08:48+02:00,A20,L,37.8,3,speedlimit
2026-09-17T08:48+02:00,A4,L,59.72,3,speedlimit
2026-09-17T08:48+02:00,A4,L,58.82,3,speedlimit
2026-09-17T08:48+02:00,A20,R,31.9,1,speedlimit
2026-09-17T08:48+02:00,A15,L,85.262,2,speedlimit
2026-09-17T08:48+02:00,A13,R,5.91,2,speedlimit
2026-09-17T08:48+02:00,A16,L,44.26,2,speedlimit
2026-09-17T08:48+02:00,A16,x,18.9,4,speedlimit
2026-09-17T08:48+02:00,A20,L,29.5,1,speedlimit
2026-09-17T08:48+02:00,A20,R,28.8,3,speedlimit
2026-09-17T08:48+02:00,A20,R,29.5,1,speedlimit
2026-09-17T08:48+02:00,A4,f,7.2,1,speedlimit
2026-09-17T08:48+02:00,A4,n,13.25,1,speedlimit
2026-09-17T08:48+02:00,A16,m,33.609,1,speedlimit
2026-09-17T08:48+02:00,A38,p,20.55,1,speedlimit
2026-09-17T08:48+02:00,A13,R,15.55,4,speedlimit
2026-09-17T08:48+02:00,A4,L,13.747,5,speedlimit
2026-09-17T08:48+02:00,A16,y,20.3,1,speedlimit
2026-09-17T08:48+02:00,A4,L,1.156,1,speedlimit
2026-09-17T08:48+02:00,A4,g,64.378,1,speedlimit
2026-09-17T08:48+02:00,A20,L,39.515,3,speedlimit
2026-09-17T08:48+02:00,A13,R,15.55,1,speedlimit
2026-09-17T08:48+02:00,A15,n,94.625,1,speedlimit
2026-09-17T08:48+02:00,A16,m,34.068,2,speedlimit
2026-09-17T08:48+02:00,A4,L,57.975,3,speedlimit
2026-09-17T08:48+02:00,A16,R,62.38,2,speedlimit
2026-09-17T08:48+02:00,A13,L,11.25,4,lane_closed
2026-09-17T08:48+02:00,A20,L,30.9,1,speedlimit
2026-09-17T08:48+02:00,A13,R,15.55,3,speedlimit
2026-09-17T08:48+02:00,A15,R,65.9,3,speedlimit
2026-09-17T08:48+02:00,A4,x,48.437,1,speedlimit
2026-09-17T08:48+02:00,A4,f,7.2,2,speedlimit
2026-09-17T08:48+02:00,A4,L,6.592,2,speedlimit
2026-09-17T08:48+02:00,A20,u,35.09,2,speedlimit
2026-09-17T08:48+02:00,A13,R,18.2,4,speedlimit
2026-09-17T08:48+02:00,A16,L,31.805,4,speedlimit
2026-09-17T08:48+02:00,A4,L,5.93,4,speedlimit
2026-09-17T08:48+02:00,A16,R,9.95,2,speedlimit
2026-09-17T08:48+02:00,A16,L,32.843,3,speedlimit
2026-09-17T08:48+02:00,A15,R,65.6,2,speedlimit
2026-09-17T08:48+02:00,A38,p,20.55,2,speedlimit
2026-09-17T08:48+02:00,A4,L,4.44,1,speedlimit
2026-09-17T08:48+02:00,A4,L,53.0,1,speedlimit
2026-09-17T08:48+02:00,A13,R,18.7,1,speedlimit
2026-09-17T08:48+02:00,A15,L,64.67,5,speedlimit
2026-09-17T08:48+02:00,A15,R,75.375,3,speedlimit
2026-09-17T08:48+02:00,A16,y,22.2,2,speedlimit
2026-09-17T08:48+02:00,A4,L,50.798,2,speedlimit
2026-09-17T08:48+02:00,A15,n,95.855,1,speedlimit
2026-09-17T08:48+02:00,A4,x,47.745,4,speedlimit
2026-09-17T08:48+02:00,A4,L,5.93,6,lane_closed_ahead
2026-09-17T08:48+02:00,A20,c,27.488,1,speedlimit
2026-09-17T08:48+02:00,A20,R,31.9,3,speedlimit
2026-09-17T08:48+02:00,A15,m,62.708,2,speedlimit
2026-09-17T08:48+02:00,A16,x,18.9,2,speedlimit
2026-09-17T08:48+02:00,A20,R,23.515,2,speedlimit
2026-09-17T08:48+02:00,A13,R,16.655,3,speedlimit
2026-09-17T08:48+02:00,A15,L,77.865,3,speedlimit
2026-09-17T08:48+02:00,A4,L,7.22,4,speedlimit
2026-09-17T08:48+02:00,A4,L,59.72,1,speedlimit
2026-09-17T08:48+02:00,A16,y,20.0,4,speedlimit
2026-09-17T08:48+02:00,A16,m,35.715,2,speedlimit
2026-09-17T08:48+02:00,A4,L,50.253,3,speedlimit
2026-09-17T08:48+02:00,A15,L,74.275,1,speedlimit
2026-09-17T08:48+02:00,A15,L,77.613,2,speedlimit
2026-09-17T08:48+02:00,A15,L,82.1,1,speedlimit
2026-09-17T08:48+02:00,A20,L,29.1,2,speedlimit
2026-09-17T08:48+02:00,A15,L,95.55,2,speedlimit
2026-09-17T08:48+02:00,A4,L,1.156,3,speedlimit
2026-09-17T08:48+02:00,A15,L,63.56,1,lane_closed
2026-09-17T08:48+02:00,A16,y,23.075,3,speedlimit
2026-09-17T08:48+02:00,A4,n,13.25,4,speedlimit
2026-09-17T08:48+02:00,A20,R,29.8,3,speedlimit
2026-09-17T08:48+02:00,A13,L,18.2,2,speedlimit
2026-09-17T08:48+02:00,A20,R,26.4,3,speedlimit
2026-09-17T08:48+02:00,A29,L,100.5,1,speedlimit
2026-09-17T08:48+02:00,A4,f,6.6,2,speedlimit
2026-09-17T08:48+02:00,A16,L,46.935,1,speedlimit
2026-09-17T08:48+02:00,A16,m,33.958,1,speedlimit
2026-09-17T08:48+02:00,A38,L,21.058,2,speedlimit
2026-09-17T08:48+02:00,A16,L,47.41,4,speedlimit
2026-09-17T08:48+02:00,A20,u,35.71,2,speedlimit
2026-09-17T08:48+02:00,A20,R,34.29,4,speedlimit
2026-09-17T08:48+02:00,A4,L,53.26,1,speedlimit
2026-09-17T08:48+02:00,A4,L,50.253,2,speedlimit
2026-09-17T08:48+02:00,A20,R,26.93,1,speedlimit
2026-09-17T08:48+02:00,A4,L,14.37,1,speedlimit
2026-09-17T08:48+02:00,A4,L,5.549,3,speedlimit
2026-09-17T08:48+02:00,A16,L,30.73,3,speedlimit
2026-09-17T08:48+02:00,A4,L,6.592,1,speedlimit
2026-09-17T08:48+02:00,A20,R,26.4,2,speedlimit
2026-09-17T08:48+02:00,A4,x,49.037,3,speedlimit
2026-09-17T08:48+02:00,A20,L,42.7,1,speedlimit
2026-09-17T08:48+02:00,A16,L,32.396,2,speedlimit
2026-09-17T08:48+02:00,A4,L,0.493,2,speedlimit
2026-09-17T08:48+02:00,A16,L,45.805,3,speedlimit
2026-09-17T08:48+02:00,A15,L,63.56,3,speedlimit
2026-09-17T08:48+02:00,A15,R,75.375,4,speedlimit
2026-09-17T08:48+02:00,A20,L,27.488,2,speedlimit
2026-09-17T08:48+02:00,A16,y,20.0,1,speedlimit
2026-09-17T08:48+02:00,A20,L,30.196,3,speedlimit
2026-09-17T08:48+02:00,A4,L,50.798,1,speedlimit
2026-09-17T08:48+02:00,A4,h,46.06,1,speedlimit
2026-09-17T08:48+02:00,A20,R,23.0,5,speedlimit
2026-09-17T08:48+02:00,A20,L,42.7,3,speedlimit
2026-09-17T08:48+02:00,A4,L,54.907,2,speedlimit
2026-09-17T08:48+02:00,A4,L,5.549,4,speedlimit
2026-09-17T08:48+02:00,A20,R,23.0,1,speedlimit
2026-09-17T08:48+02:00,A4,f,7.1,2,speedlimit
2026-09-17T08:48+02:00,A20,L,28.41,1,speedlimit
2026-09-17T08:48+02:00,A4,L,55.15,1,speedlimit
2026-09-17T08:48+02:00,A13,R,5.481,1,speedlimit
2026-09-17T08:48+02:00,A13,L,13.18,4,lane_closed
2026-09-17T08:48+02:00,A4,L,1.555,1,speedlimit
2026-09-17T08:48+02:00,A15,R,88.02,2,speedlimit
2026-09-17T08:48+02:00,A16,L,47.41,3,speedlimit
2026-09-17T08:48+02:00,A15,n,95.285,1,speedlimit
2026-09-17T08:48+02:00,A13,L,17.8,2,speedlimit
2026-09-17T08:48+02:00,A16,R,9.95,4,speedlimit
2026-09-17T08:48+02:00,A4,L,2.792,5,speedlimit
2026-09-17T08:48+02:00,A16,R,17.036,2,speedlimit
2026-09-17T08:48+02:00,A15,m,62.998,1,speedlimit
2026-09-17T08:48+02:00,A15,L,84.475,2,speedlimit
2026-09-17T08:48+02:00,A16,m,33.778,1,speedlimit
2026-09-17T08:48+02:00,A20,L,46.045,2,speedlimit
2026-09-17T08:48+02:00,A13,L,11.77,4,speedlimit
2026-09-17T08:48+02:00,A16,R,61.99,2,speedlimit
2026-09-17T08:48+02:00,A15,L,72.96,4,speedlimit
2026-09-17T08:48+02:00,A20,L,42.0,1,speedlimit
2026-09-17T08:48+02:00,A4,L,5.93,2,speedlimit
2026-09-17T08:48+02:00,A16,L,46.935,3,speedlimit
2026-09-17T08:48+02:00,A20,R,28.57,1,speedlimit
2026-09-17T08:48+02:00,A4,L,5.549,5,speedlimit
2026-09-17T08:48+02:00,A15,n,95.285,3,speedlimit
2026-09-17T08:48+02:00,A20,R,25.3,3,speedlimit
2026-09-17T08:48+02:00,A13,L,11.77,3,speedlimit
2026-09-17T08:48+02:00,A20,R,30.196,4,speedlimit
2026-09-17T08:48+02:00,A15,L,76.31,3,speedlimit
2026-09-17T08:48+02:00,A16,y,20.3,2,speedlimit
2026-09-17T08:48+02:00,A4,L,51.458,3,speedlimit
2026-09-17T08:48+02:00,A16,L,15.16,1,speedlimit
2026-09-17T08:48+02:00,A4,L,56.43,1,speedlimit
2026-09-17T08:48+02:00,A4,L,6.902,2,speedlimit
2026-09-17T08:48+02:00,A4,L,3.65,3,speedlimit
2026-09-17T08:48+02:00,A16,y,21.6,3,speedlimit
2026-09-17T08:48+02:00,A4,d,53.0,3,speedlimit
2026-09-17T08:48+02:00,A16,R,36.15,2,speedlimit
2026-09-17T08:48+02:00,A15,m,63.682,2,speedlimit
2026-09-17T08:48+02:00,A4,L,5.225,2,speedlimit
2026-09-17T08:48+02:00,A4,L,52.448,1,speedlimit
2026-09-17T08:48+02:00,A4,L,52.448,3,speedlimit
2026-09-17T08:48+02:00,A29,L,98.33,1,speedlimit
2026-09-17T08:48+02:00,A20,R,42.485,3,speedlimit
2026-09-17T08:48+02:00,A15,L,75.075,2,speedlimit
2026-09-17T08:48+02:00,A16,R,17.463,3,speedlimit
2026-09-17T08:48+02:00,A15,L,77.045,2,speedlimit
2026-09-17T08:48+02:00,A15,R,75.375,2,speedlimit
2026-09-17T08:48+02:00,A4,L,49.84,2,speedlimit
2026-09-17T08:48+02:00,A16,m,34.178,2,speedlimit
2026-09-17T08:48+02:00,A20,t,29.6,2,speedlimit
2026-09-17T08:48+02:00,A4,L,5.225,4,speedlimit
2026-09-17T08:48+02:00,A16,m,33.958,2,speedlimit
2026-09-17T08:48+02:00,A15,L,78.48,2,speedlimit
2026-09-17T08:48+02:00,A20,L,21.83,2,speedlimit
2026-09-17T08:48+02:00,A20,L,38.3,1,speedlimit
2026-09-17T08:48+02:00,A16,L,16.48,5,speedlimit
2026-09-17T08:48+02:00,A16,y,23.9,3,speedlimit
2026-09-17T08:48+02:00,A4,L,55.985,2,speedlimit
2026-09-17T08:48+02:00,A15,L,73.59,1,speedlimit
2026-09-17T08:48+02:00,A15,L,64.67,4,speedlimit
2026-09-17T08:48+02:00,A15,L,83.1,2,speedlimit
2026-09-17T08:48+02:00,A4,L,52.448,2,speedlimit
2026-09-17T08:48+02:00,A15,L,71.42,1,speedlimit
2026-09-17T08:48+02:00,A20,L,47.5,2,speedlimit
2026-09-17T08:48+02:00,A20,R,42.485,1,speedlimit
2026-09-17T08:48+02:00,A15,L,65.685,1,speedlimit
2026-09-17T08:48+02:00,A16,m,34.068,1,speedlimit
2026-09-17T08:48+02:00,A29,L,99.1,1,speedlimit
2026-09-17T08:48+02:00,A15,L,64.67,1,lane_closed
2026-09-17T08:48+02:00,A15,R,75.375,1,speedlimit
2026-09-17T08:48+02:00,A16,L,44.26,1,speedlimit
2026-09-17T08:48+02:00,A4,L,57.975,2,speedlimit
2026-09-17T08:48+02:00,A16,L,48.03,2,speedlimit
2026-09-17T08:48+02:00,A4,L,52.018,1,speedlimit
2026-09-17T08:48+02:00,A15,L,84.01,2,speedlimit
2026-09-17T08:48+02:00,A4,L,13.747,4,speedlimit
2026-09-17T08:48+02:00,A38,L,21.058,1,speedlimit
2026-09-17T08:48+02:00,A4,L,7.369,3,speedlimit
2026-09-17T08:48+02:00,A16,L,68.535,1,speedlimit
2026-09-17T08:48+02:00,A20,R,26.93,2,speedlimit
2026-09-17T08:48+02:00,A20,L,30.9,3,speedlimit
2026-09-17T08:48+02:00,A20,L,22.95,1,speedlimit
2026-09-17T08:48+02:00,A13,L,18.8,3,speedlimit
2026-09-17T08:48+02:00,A16,y,22.6,2,speedlimit
2026-09-17T08:48+02:00,A20,L,46.045,1,speedlimit
2026-09-17T08:48+02:00,A4,L,7.22,1,speedlimit
2026-09-17T08:48+02:00,A4,g,63.875,1,speedlimit
2026-09-17T08:48+02:00,A20,L,37.8,1,speedlimit
2026-09-17T08:48+02:00,A20,R,28.8,1,speedlimit
2026-09-17T08:48+02:00,A15,R,65.6,1,speedlimit
2026-09-17T08:48+02:00,A4,h,70.25,3,speedlimit
2026-09-17T08:48+02:00,A16,R,15.73,1,speedlimit
2026-09-17T08:48+02:00,A15,L,70.95,4,speedlimit
2026-09-17T08:48+02:00,A16,L,68.535,3,speedlimit
2026-09-17T08:48+02:00,A16,L,16.48,1,speedlimit
2026-09-17T08:48+02:00,A16,y,20.6,2,speedlimit
2026-09-17T08:48+02:00,A16,R,35.66,2,speedlimit
2026-09-17T08:48+02:00,A16,R,9.95,3,speedlimit
2026-09-17T08:48+02:00,A13,L,18.8,1,speedlimit
2026-09-17T08:48+02:00,A15,L,72.96,3,speedlimit
2026-09-17T08:48+02:00,A15,L,71.9,1,speedlimit
2026-09-17T08:48+02:00,A4,h,46.4,2,speedlimit
2026-09-17T08:48+02:00,A20,L,39.515,2,speedlimit
2026-09-17T08:48+02:00,A13,R,16.2,2,speedlimit
2026-09-17T08:48+02:00,A16,L,15.73,1,speedlimit
2026-09-17T08:48+02:00,A4,L,2.447,3,speedlimit
2026-09-17T08:48+02:00,A4,L,3.062,1,speedlimit
2026-09-17T08:48+02:00,A20,L,22.685,4,speedlimit
2026-09-17T08:48+02:00,A16,L,29.37,3,speedlimit
2026-09-17T08:48+02:00,A4,x,48.437,2,speedlimit
2026-09-17T08:48+02:00,A15,L,73.92,1,speedlimit
2026-09-17T08:48+02:00,A16,L,14.768,1,speedlimit
2026-09-17T08:48+02:00,A4,L,5.549,2,speedlimit
2026-09-17T08:48+02:00,A16,m,34.178,1,speedlimit
2026-09-17T08:48+02:00,A16,L,59.51,4,speedlimit
2026-09-17T08:48+02:00,A15,L,74.275,2,speedlimit
2026-09-17T08:48+02:00,A4,L,6.592,4,speedlimit
2026-09-17T08:48+02:00,A16,m,38.1,1,speedlimit
2026-09-17T08:48+02:00,A16,L,46.935,4,speedlimit
2026-09-17T08:48+02:00,A20,L,31.4,3,speedlimit
2026-09-17T08:48+02:00,A4,L,1.555,4,speedlimit
2026-09-17T08:48+02:00,A16,R,10.5,1,speedlimit
2026-09-17T08:48+02:00,A16,R,17.036,3,speedlimit
2026-09-17T08:48+02:00,A16,L,14.768,3,speedlimit
2026-09-17T08:48+02:00,A20,L,30.196,4,speedlimit
2026-09-17T08:48+02:00,A15,L,71.42,2,speedlimit
2026-09-17T08:48+02:00,A4,L,56.43,2,speedlimit
2026-09-17T08:48+02:00,A20,L,37.3,5,speedlimit
2026-09-17T08:48+02:00,A20,L,48.2,1,speedlimit
2026-09-17T08:48+02:00,A16,L,24.82,2,speedlimit
2026-09-17T08:48+02:00,A4,L,5.225,5,speedlimit
2026-09-17T08:48+02:00,A4,L,51.458,1,speedlimit
2026-09-17T08:48+02:00,A13,R,18.2,2,speedlimit
2026-09-17T08:48+02:00,A13,L,12.0,5,speedlimit
2026-09-17T08:48+02:00,A4,x,48.1,2,speedlimit
2026-09-17T08:48+02:00,A16,x,18.543,3,speedlimit
2026-09-17T08:48+02:00,A16,L,47.41,2,speedlimit
2026-09-17T08:48+02:00,A15,L,72.58,3,speedlimit
2026-09-17T08:48+02:00,A4,L,6.902,3,speedlimit
2026-09-17T08:48+02:00,A13,L,17.8,1,speedlimit
2026-09-17T08:48+02:00,A16,R,10.5,2,speedlimit
2026-09-17T08:48+02:00,A20,L,40.2,1,speedlimit
2026-09-17T08:48+02:00,A20,R,29.8,1,speedlimit
2026-09-17T08:48+02:00,A4,L,3.062,2,speedlimit
2026-09-17T08:48+02:00,A20,R,31.26,2,speedlimit
2026-09-17T08:48+02:00,A20,r,35.245,2,speedlimit
2026-09-17T08:48+02:00,A4,L,50.253,4,speedlimit
2026-09-17T08:48+02:00,A15,L,94.625,2,speedlimit
2026-09-17T08:48+02:00,A15,R,87.05,2,speedlimit
2026-09-17T08:48+02:00,A4,f,7.5,2,speedlimit
2026-09-17T08:48+02:00,A16,L,45.39,3,speedlimit
2026-09-17T08:48+02:00,A20,R,25.7,1,speedlimit
2026-09-17T08:48+02:00,A20,L,38.91,1,speedlimit
2026-09-17T08:48+02:00,A20,R,23.515,1,speedlimit
2026-09-17T08:48+02:00,A4,x,49.037,2,speedlimit
2026-09-17T08:48+02:00,A16,L,39.25,2,speedlimit
2026-09-17T08:48+02:00,A15,L,43.46,1,speedlimit
2026-09-17T08:48+02:00,A15,L,95.19,1,speedlimit
2026-09-17T08:48+02:00,A15,L,76.745,4,speedlimit
2026-09-17T08:48+02:00,A4,L,57.975,1,speedlimit
2026-09-17T08:48+02:00,A4,L,14.37,3,speedlimit
2026-09-17T08:48+02:00,A4,L,2.006,3,speedlimit
2026-09-17T08:48+02:00,A16,L,14.768,2,speedlimit
2026-09-17T08:48+02:00,A15,R,65.9,2,speedlimit
2026-09-17T08:48+02:00,A16,L,44.26,3,speedlimit
2026-09-17T08:48+02:00,A15,L,33.26,2,speedlimit
2026-09-17T08:48+02:00,A20,R,31.26,3,speedlimit
2026-09-17T08:48+02:00,A20,L,46.4,2,speedlimit
2026-09-17T08:48+02:00,A15,L,70.95,2,speedlimit
2026-09-17T08:48+02:00,A15,L,77.865,1,speedlimit
2026-09-17T08:48+02:00,A20,R,26.64,3,speedlimit
2026-09-17T08:48+02:00,A20,R,26.64,4,speedlimit
2026-09-17T08:48+02:00,A16,y,20.6,3,speedlimit
2026-09-17T08:48+02:00,A20,R,26.4,1,speedlimit
2026-09-17T08:48+02:00,A13,R,17.1,1,speedlimit
2026-09-17T08:48+02:00,A4,L,7.369,1,speedlimit
2026-09-17T08:48+02:00,A15,k,70.5,1,speedlimit
2026-09-17T08:48+02:00,A16,R,16.3,4,speedlimit
2026-09-17T08:48+02:00,A20,R,29.5,3,speedlimit
2026-09-17T08:48+02:00,A20,R,24.07,1,speedlimit
2026-09-17T08:48+02:00,A20,L,47.0,2,speedlimit
2026-09-17T08:48+02:00,A16,L,24.82,4,speedlimit
2026-09-17T08:48+02:00,A20,L,47.8,2,speedlimit
2026-09-17T08:48+02:00,A16,R,36.15,1,speedlimit
2026-09-17T08:48+02:00,A15,R,70.12,3,speedlimit
2026-09-17T08:48+02:00,A16,x,24.905,2,speedlimit
2026-09-17T08:48+02:00,A15,R,65.6,3,speedlimit
2026-09-17T08:48+02:00,A13,L,13.7,4,lane_closed
2026-09-17T08:48+02:00,A16,L,45.39,2,speedlimit
2026-09-17T08:48+02:00,A15,L,63.56,2,speedlimit
2026-09-17T08:48+02:00,A20,L,47.0,1,speedlimit
2026-09-17T08:48+02:00,A4,L,55.985,1,speedlimit
2026-09-17T08:48+02:00,A13,L,14.2,4,lane_closed
2026-09-17T08:48+02:00,A4,L,0.493,1,speedlimit
2026-09-17T08:48+02:00,A29,L,98.69,2,speedlimit
2026-09-17T08:48+02:00,A16,R,16.3,5,speedlimit
2026-09-17T08:48+02:00,A4,h,46.4,1,speedlimit
2026-09-17T08:48+02:00,A16,R,61.99,3,speedlimit
2026-09-17T08:48+02:00,A20,L,40.985,2,speedlimit
2026-09-17T08:48+02:00,A20,R,24.715,2,speedlimit
2026-09-17T08:48+02:00,A15,R,74.625,1,speedlimit
2026-09-17T08:48+02:00,A20,t,29.6,1,speedlimit
2026-09-17T08:48+02:00,A15,L,77.613,3,speedlimit
2026-09-17T08:48+02:00,A4,n,12.975,1,speedlimit
2026-09-17T08:48+02:00,A15,L,65.685,4,speedlimit
2026-09-17T08:48+02:00,A20,R,23.27,1,speedlimit
2026-09-17T08:48+02:00,A20,R,29.8,4,speedlimit
2026-09-17T08:48+02:00,A20,L,40.2,3,speedlimit
2026-09-17T08:48+02:00,A4,L,14.37,6,speedlimit
2026-09-17T08:48+02:00,A20,L,46.4,1,speedlimit
2026-09-17T08:48+02:00,A20,L,36.94,2,speedlimit
2026-09-17T08:48+02:00,A13,R,18.7,2,speedlimit
2026-09-17T08:48+02:00,A16,m,33.43,2,speedlimit
2026-09-17T08:48+02:00,A4,L,49.37,2,speedlimit
2026-09-17T08:48+02:00,A16,y,23.535,3,speedlimit
2026-09-17T08:48+02:00,A16,m,33.848,2,speedlimit
2026-09-17T08:48+02:00,A20,R,27.488,1,speedlimit
2026-09-17T08:48+02:00,A16,L,48.03,3,speedlimit
2026-09-17T08:48+02:00,A15,L,72.58,4,speedlimit
2026-09-17T08:48+02:00,A4,L,53.954,1,speedlimit
2026-09-17T08:48+02:00,A16,m,33.43,1,speedlimit
2026-09-17T08:48+02:00,A16,L,14.46,2,speedlimit
2026-09-17T08:48+02:00,A20,R,29.5,2,speedlimit
2026-09-17T08:48+02:00,A20,L,27.2,2,speedlimit
2026-09-17T08:48+02:00,A13,R,18.963,1,speedlimit
2026-09-17T08:48+02:00,A13,L,17.1,1,speedlimit
2026-09-17T08:48+02:00,A20,L,42.7,2,speedlimit
2026-09-17T08:48+02:00,A20,L,31.88,3,speedlimit
2026-09-17T08:48+02:00,A20,R,23.27,3,speedlimit
2026-09-17T08:48+02:00,A13,L,11.77,2,speedlimit
2026-09-17T08:48+02:00,A13,L,17.1,4,speedlimit
2026-09-17T08:48+02:00,A4,L,7.072,2,speedlimit
2026-09-17T08:48+02:00,A4,L,54.48,1,speedlimit
2026-09-17T08:48+02:00,A13,R,16.655,2,speedlimit
2026-09-17T08:48+02:00,A13,L,15.55,5,lane_closed
2026-09-17T08:48+02:00,A20,u,35.09,3,speedlimit
2026-09-17T08:48+02:00,A16,y,23.075,2,speedlimit
2026-09-17T08:48+02:00,A16,R,11.13,1,speedlimit
2026-09-17T08:48+02:00,A15,R,91.13,1,speedlimit
2026-09-17T08:48+02:00,A15,L,75.375,3,speedlimit
2026-09-17T08:48+02:00,A15,L,74.085,1,speedlimit
2026-09-17T08:48+02:00,A4,L,7.072,4,speedlimit
2026-09-17T08:48+02:00,A16,y,24.3,1,speedlimit
2026-09-17T08:48+02:00,A15,L,43.95,4,speedlimit
2026-09-17T08:48+02:00,A16,y,20.3,3,speedlimit
2026-09-17T08:48+02:00,A16,d,15.73,1,speedlimit
2026-09-17T08:48+02:00,A16,L,30.2,3,speedlimit
2026-09-17T08:48+02:00,A15,L,76.31,2,speedlimit
2026-09-17T08:48+02:00,A13,R,6.4,4,speedlimit
2026-09-17T08:48+02:00,A4,L,50.253,1,speedlimit
2026-09-17T08:48+02:00,A15,R,75.075,2,speedlimit
2026-09-17T08:48+02:00,A15,R,75.075,4,speedlimit
2026-09-17T08:48+02:00,A15,R,88.02,1,speedlimit
2026-09-17T08:48+02:00,A4,L,5.225,1,speedlimit
2026-09-17T08:48+02:00,A15,L,77.613,1,speedlimit
2026-09-17T08:48+02:00,A20,L,32.8,3,speedlimit
2026-09-17T08:48+02:00,A16,R,62.38,4,speedlimit
2026-09-17T08:48+02:00,A38,p,21.25,3,speedlimit
2026-09-17T08:48+02:00,A15,R,74.625,4,speedlimit
2026-09-17T08:48+02:00,A4,L,54.48,2,speedlimit
2026-09-17T08:48+02:00,A15,L,73.755,3,speedlimit
2026-09-17T08:48+02:00,A20,R,23.0,3,speedlimit
2026-09-17T08:48+02:00,A20,R,25.3,2,speedlimit
2026-09-17T08:48+02:00,A15,L,73.755,2,speedlimit
2026-09-17T08:48+02:00,A13,R,5.481,3,speedlimit
2026-09-17T08:48+02:00,A4,L,7.369,2,speedlimit
2026-09-17T08:48+02:00,A20,R,30.196,1,speedlimit
2026-09-17T08:48+02:00,A16,x,18.543,1,speedlimit
2026-09-17T08:48+02:00,A20,L,29.826,4,speedlimit
2026-09-17T08:48+02:00,A20,L,38.3,3,speedlimit
2026-09-17T08:48+02:00,A16,L,30.2,4,speedlimit
2026-09-17T08:48+02:00,A20,L,38.91,3,speedlimit
2026-09-17T08:48+02:00,A4,L,59.72,2,speedlimit
2026-09-17T08:48+02:00,A15,R,91.13,2,speedlimit
2026-09-17T08:48+02:00,A4,L,14.37,4,speedlimit
2026-09-17T08:48+02:00,A16,L,31.805,1,speedlimit
2026-09-17T08:48+02:00,A16,y,22.2,1,speedlimit
2026-09-17T08:48+02:00,A15,L,74.085,2,speedlimit
2026-09-17T08:48+02:00,A4,L,1.555,3,speedlimit
2026-09-17T08:48+02:00,A20,s,29.6,1,speedlimit
2026-09-17T08:48+02:00,A4,L,7.526,3,speedlimit
2026-09-17T08:48+02:00,A20,L,28.57,2,speedlimit
2026-09-17T08:48+02:00,A20,R,30.6,2,speedlimit
2026-09-17T08:48+02:00,A15,L,82.4,1,speedlimit
2026-09-17T08:48+02:00,A4,L,1.156,4,speedlimit
2026-09-17T08:48+02:00,A20,L,37.3,2,speedlimit
2026-09-17T08:48+02:00,A15,L,65.25,3,speedlimit
2026-09-17T08:48+02:00,A13,L,17.1,2,speedlimit
2026-09-17T08:48+02:00,A16,R,17.463,5,speedlimit
2026-09-17T08:48+02:00,A20,L,36.94,5,speedlimit
2026-09-17T08:48+02:00,A16,R,11.7,3,speedlimit
2026-09-17T08:48+02:00,A20,L,28.57,3,speedlimit
2026-09-17T08:48+02:00,A15,L,64.67,3,speedlimit
2026-09-17T08:48+02:00,A20,L,22.685,2,speedlimit
2026-09-17T08:48+02:00,A20,R,26.4,4,speedlimit
2026-09-17T08:48+02:00,A20,R,30.196,2,speedlimit
2026-09-17T08:48+02:00,A15,R,87.4,2,speedlimit
2026-09-17T08:48+02:00,A13,R,17.8,3,speedlimit
2026-09-17T08:48+02:00,A16,L,29.37,2,speedlimit
2026-09-17T08:48+02:00,A15,L,95.19,2,speedlimit
2026-09-17T08:48+02:00,A15,n,95.855,2,speedlimit
2026-09-17T09:48+02:00,A13,L,16.7,1,speedlimit
2026-09-17T09:48+02:00,A4,y,46.4,1,speedlimit
2026-09-17T09:48+02:00,A4,L,44.62,1,speedlimit
2026-09-17T09:48+02:00,A20,L,30.196,2,speedlimit
2026-09-17T09:48+02:00,A20,R,25.7,2,speedlimit
2026-09-17T09:48+02:00,A13,R,16.655,1,speedlimit
2026-09-17T09:48+02:00,A13,R,17.1,2,speedlimit
2026-09-17T09:48+02:00,A4,g,45.69,1,speedlimit
2026-09-17T09:48+02:00,A15,k,70.5,2,speedlimit
2026-09-17T09:48+02:00,A15,R,90.64,1,speedlimit
2026-09-17T09:48+02:00,A15,L,43.46,2,speedlimit
2026-09-17T09:48+02:00,A20,L,21.83,3,lane_closed
2026-09-17T09:48+02:00,A4,L,45.75,2,speedlimit
2026-09-17T09:48+02:00,A13,R,18.5,1,speedlimit
2026-09-17T09:48+02:00,A20,L,29.5,2,speedlimit
2026-09-17T09:48+02:00,A13,R,18.5,4,speedlimit
2026-09-17T09:48+02:00,A20,s,35.87,1,speedlimit
2026-09-17T09:48+02:00,A13,R,18.2,3,speedlimit
2026-09-17T09:48+02:00,A20,R,28.1,1,speedlimit
2026-09-17T09:48+02:00,A20,R,30.196,3,speedlimit
2026-09-17T09:48+02:00,A4,L,52.448,4,speedlimit
2026-09-17T09:48+02:00,A20,L,36.94,1,lane_closed
2026-09-17T09:48+02:00,A15,n,95.855,3,speedlimit
2026-09-17T09:48+02:00,A4,L,50.798,3,speedlimit
2026-09-17T09:48+02:00,A13,R,17.8,2,speedlimit
2026-09-17T09:48+02:00,A20,s,29.6,2,speedlimit
2026-09-17T09:48+02:00,A15,L,65.25,2,speedlimit
2026-09-17T09:48+02:00,A15,L,65.685,3,speedlimit
2026-09-17T09:48+02:00,A4,d,53.0,1,speedlimit
2026-09-17T09:48+02:00,A20,L,22.685,3,lane_closed
2026-09-17T09:48+02:00,A15,R,90.64,2,speedlimit
2026-09-17T09:48+02:00,A20,R,26.93,4,speedlimit
2026-09-17T09:48+02:00,A20,R,28.57,3,speedlimit
2026-09-17T09:48+02:00,A15,L,70.95,3,speedlimit
2026-09-17T09:48+02:00,A4,g,46.485,2,speedlimit
2026-09-17T09:48+02:00,A13,L,18.8,2,speedlimit
2026-09-17T09:48+02:00,A20,R,27.235,1,speedlimit
2026-09-17T09:48+02:00,A20,L,28.41,2,speedlimit
2026-09-17T09:48+02:00,A4,h,45.58,1,speedlimit
2026-09-17T09:48+02:00,A4,L,52.018,2,speedlimit
2026-09-17T09:48+02:00,A20,L,22.685,1,speedlimit
2026-09-17T09:48+02:00,A4,L,52.018,3,speedlimit
2026-09-17T09:48+02:00,A20,R,27.79,2,speedlimit
2026-09-17T09:48+02:00,A13,R,18.5,3,speedlimit
2026-09-17T09:48+02:00,A20,R,28.57,4,speedlimit
2026-09-17T09:48+02:00,A20,R,31.26,4,speedlimit
2026-09-17T09:48+02:00,A20,L,29.826,2,speedlimit
2026-09-17T09:48+02:00,A20,L,35.925,1,lane_closed
2026-09-17T09:48+02:00,A20,L,28.57,1,speedlimit
2026-09-17T09:48+02:00,A20,R,29.5,4,speedlimit
2026-09-17T09:48+02:00,A15,L,72.58,2,speedlimit
2026-09-17T09:48+02:00,A4,g,46.485,3,speedlimit
2026-09-17T09:48+02:00,A20,R,28.1,2,speedlimit
2026-09-17T09:48+02:00,A20,R,26.64,1,speedlimit
2026-09-17T09:48+02:00,A20,R,25.7,3,speedlimit
2026-09-17T09:48+02:00,A15,L,64.2,2,speedlimit
2026-09-17T09:48+02:00,A4,L,46.27,2,speedlimit
2026-09-17T09:48+02:00,A4,L,50.798,4,speedlimit
2026-09-17T09:48+02:00,A15,L,87.05,2,speedlimit
2026-09-17T09:48+02:00,A20,L,32.8,2,speedlimit
2026-09-17T09:48+02:00,A15,L,65.25,4,speedlimit
2026-09-17T09:48+02:00,A13,L,17.1,3,speedlimit
2026-09-17T09:48+02:00,A4,L,45.28,1,speedlimit
2026-09-17T09:48+02:00,A15,L,90.64,2,speedlimit
2026-09-17T09:48+02:00,A20,L,36.625,1,lane_closed
2026-09-17T09:48+02:00,A15,L,43.46,4,speedlimit
2026-09-17T09:48+02:00,A20,L,27.488,1,speedlimit
2026-09-17T09:48+02:00,A20,L,27.2,1,speedlimit
2026-09-17T09:48+02:00,A4,h,46.06,2,speedlimit
2026-09-17T09:48+02:00,A20,L,27.8,2,speedlimit
2026-09-17T09:48+02:00,A15,L,71.42,4,speedlimit
2026-09-17T09:48+02:00,A13,L,18.2,3,speedlimit
2026-09-17T09:48+02:00,A4,L,53.26,2,speedlimit
2026-09-17T09:48+02:00,A20,L,31.88,1,speedlimit
2026-09-17T09:48+02:00,A13,L,16.7,2,speedlimit
2026-09-17T09:48+02:00,A20,L,30.9,2,speedlimit
2026-09-17T09:48+02:00,A20,L,28.085,1,speedlimit
2026-09-17T09:48+02:00,A20,s,35.6,1,speedlimit
2026-09-17T09:48+02:00,A15,L,71.9,2,speedlimit
2026-09-17T09:48+02:00,A20,R,30.6,1,speedlimit
2026-09-17T09:48+02:00,A4,m,45.146,1,speedlimit
2026-09-17T09:48+02:00,A13,R,17.1,3,speedlimit
2026-09-17T09:48+02:00,A4,L,44.01,3,speedlimit
2026-09-17T09:48+02:00,A20,R,26.93,3,speedlimit
2026-09-17T09:48+02:00,A4,m,45.146,2,speedlimit
2026-09-17T09:48+02:00,A20,L,31.4,1,speedlimit
2026-09-17T09:48+02:00,A20,L,31.1,2,speedlimit
2026-09-17T09:48+02:00,A13,g,18.7,2,speedlimit
2026-09-17T09:48+02:00,A4,L,46.27,1,speedlimit
2026-09-17T09:48+02:00,A15,L,65.685,2,speedlimit
2026-09-17T09:48+02:00,A20,L,31.4,2,speedlimit
2026-09-17T09:48+02:00,A4,g,46.485,1,speedlimit
2026-09-17T09:48+02:00,A15,L,71.42,3,speedlimit
2026-09-17T09:48+02:00,A4,d,53.0,2,speedlimit
2026-09-17T09:48+02:00,A13,L,15.9,3,lane_closed
2026-09-17T09:48+02:00,A13,R,16.2,1,speedlimit
2026-09-17T09:48+02:00,A15,L,71.9,3,speedlimit
2026-09-17T09:48+02:00,A13,R,18.5,2,speedlimit
2026-09-17T09:48+02:00,A20,L,30.196,1,speedlimit
2026-09-17T09:48+02:00,A4,L,44.01,2,speedlimit
2026-09-17T09:48+02:00,A20,R,27.79,1,speedlimit
2026-09-17T09:48+02:00,A20,L,29.826,1,speedlimit
2026-09-17T09:48+02:00,A4,y,46.4,2,speedlimit
2026-09-17T09:48+02:00,A16,y,20.0,2,speedlimit
2026-09-17T09:48+02:00,A20,R,28.41,2,speedlimit
2026-09-17T09:48+02:00,A20,R,29.1,1,speedlimit
2026-09-17T09:48+02:00,A13,R,17.8,1,speedlimit
2026-09-17T09:48+02:00,A20,R,28.41,1,speedlimit
2026-09-17T09:48+02:00,A20,R,31.9,2,speedlimit
2026-09-17T09:48+02:00,A4,g,45.69,2,speedlimit
2026-09-17T09:48+02:00,A20,L,31.1,3,speedlimit
2026-09-17T09:48+02:00,A15,L,43.95,3,speedlimit
2026-09-17T09:48+02:00,A16,L,15.73,2,speedlimit
2026-09-17T09:48+02:00,A20,R,27.488,2,speedlimit
2026-09-17T09:48+02:00,A20,t,28.895,1,speedlimit
2026-09-17T09:48+02:00,A20,L,32.8,1,speedlimit
2026-09-17T09:48+02:00,A16,L,16.48,3,speedlimit
2026-09-17T09:48+02:00,A4,L,45.75,3,speedlimit
2026-09-17T09:48+02:00,A20,R,28.8,2,speedlimit
2026-09-17T09:48+02:00,A15,L,43.95,2,speedlimit
2026-09-17T09:48+02:00,A20,L,31.1,1,speedlimit
2026-09-17T09:48+02:00,A13,L,16.19,3,lane_closed
2026-09-17T09:48+02:00,A13,L,15.035,5,lane_closed
2026-09-17T09:48+02:00,A16,L,16.48,2,speedlimit
2026-09-17T09:48+02:00,A4,L,45.28,3,speedlimit
2026-09-17T09:48+02:00,A4,L,52.018,4,speedlimit
2026-09-17T09:48+02:00,A20,L,27.8,1,speedlimit
2026-09-17T09:48+02:00,A15,L,88.02,2,speedlimit
2026-09-17T09:48+02:00,A20,R,29.1,2,speedlimit
2026-09-17T09:48+02:00,A13,g,18.7,1,speedlimit
2026-09-17T09:48+02:00,A4,L,46.27,3,speedlimit
2026-09-17T09:48+02:00,A20,L,21.83,1,speedlimit
2026-09-17T09:48+02:00,A15,L,72.58,1,speedlimit
2026-09-17T09:48+02:00,A20,R,28.57,2,speedlimit
2026-09-17T09:48+02:00,A4,L,44.62,2,speedlimit
2026-09-17T09:48+02:00,A20,R,26.64,2,speedlimit
2026-09-17T09:48+02:00,A15,L,64.2,3,speedlimit
2026-09-17T09:48+02:00,A20,L,29.1,1,speedlimit
2026-09-17T09:48+02:00,A13,L,18.2,1,speedlimit
2026-09-17T09:48+02:00,A15,L,87.4,2,speedlimit
2026-09-17T09:48+02:00,A15,L,64.67,2,speedlimit
2026-09-17T09:48+02:00,A13,L,12.7,4,lane_closed
2026-09-17T09:48+02:00,A20,L,31.88,2,speedlimit
2026-09-17T09:48+02:00,A4,g,47.0,2,speedlimit
2026-09-17T09:48+02:00,A20,L,28.085,2,speedlimit
2026-09-17T09:48+02:00,A15,L,43.46,3,speedlimit
2026-09-17T09:48+02:00,A16,L,15.16,2,speedlimit
2026-09-17T09:48+02:00,A20,R,30.6,3,speedlimit
2026-09-17T09:48+02:00,A16,y,20.0,3,speedlimit
2026-09-17T09:48+02:00,A20,L,35.52,1,lane_closed
2026-09-17T09:48+02:00,A20,R,29.8,2,speedlimit
2026-09-17T09:48+02:00,A15,L,64.2,1,lane_closed
2026-09-17T09:48+02:00,A20,R,27.235,2,speedlimit
2026-09-17T09:48+02:00,A4,L,53.0,2,speedlimit
2026-09-17T09:48+02:00,A20,L,37.3,1,lane_closed
2026-09-17T09:48+02:00,A13,R,18.2,1,speedlimit
2026-09-17T09:48+02:00,A20,L,22.95,2,speedlimit
2026-09-17T09:48+02:00,A15,L,65.25,1,lane_closed_ahead
2026-09-17T09:48+02:00,A15,e,95.55,1,speedlimit
2026-09-17T09:48+02:00,A13,e,19.1,1,speedlimit
2026-09-17T09:48+02:00,A13,L,17.8,3,speedlimit
2026-09-17T09:48+02:00,A4,L,51.458,2,speedlimit
2026-09-17T09:48+02:00,A20,R,31.26,1,speedlimit
2026-09-17T09:48+02:00,A16,L,16.48,4,speedlimit
2026-09-17T09:48+02:00,A15,L,43.95,1,speedlimit
2026-09-17T09:48+02:00,A15,L,70.95,1,speedlimit
2026-09-17T09:48+02:00,A20,L,29.826,3,speedlimit
2026-09-17T09:48+02:00,A20,R,31.9,1,speedlimit
2026-09-17T09:48+02:00,A4,h,45.58,3,lane_closed
2026-09-17T09:48+02:00,A20,L,29.5,1,speedlimit
2026-09-17T09:48+02:00,A20,R,28.8,3,speedlimit
2026-09-17T09:48+02:00,A20,R,29.5,1,speedlimit
2026-09-17T09:48+02:00,A15,L,87.4,1,speedlimit
2026-09-17T09:48+02:00,A16,y,20.3,1,speedlimit
2026-09-17T09:48+02:00,A13,L,11.25,4,lane_closed
2026-09-17T09:48+02:00,A20,L,30.9,1,speedlimit
2026-09-17T09:48+02:00,A13,R,18.2,4,speedlimit
2026-09-17T09:48+02:00,A4,L,45.75,1,speedlimit
2026-09-17T09:48+02:00,A4,L,53.0,1,speedlimit
2026-09-17T09:48+02:00,A13,R,18.7,1,speedlimit
2026-09-17T09:48+02:00,A15,L,64.67,5,speedlimit
2026-09-17T09:48+02:00,A4,L,50.798,2,speedlimit
2026-09-17T09:48+02:00,A15,n,95.855,1,speedlimit
2026-09-17T09:48+02:00,A20,c,27.488,1,speedlimit
2026-09-17T09:48+02:00,A20,R,31.9,3,speedlimit
2026-09-17T09:48+02:00,A13,R,16.655,3,speedlimit
2026-09-17T09:48+02:00,A16,y,20.0,4,speedlimit
2026-09-17T09:48+02:00,A4,L,50.253,3,speedlimit
2026-09-17T09:48+02:00,A20,L,29.1,2,speedlimit
2026-09-17T09:48+02:00,A15,L,63.56,1,lane_closed
2026-09-17T09:48+02:00,A20,R,29.8,3,speedlimit
2026-09-17T09:48+02:00,A13,L,18.2,2,speedlimit
2026-09-17T09:48+02:00,A20,R,26.4,3,speedlimit
2026-09-17T09:48+02:00,A4,L,53.26,1,speedlimit
2026-09-17T09:48+02:00,A4,L,50.253,2,speedlimit
2026-09-17T09:48+02:00,A20,R,26.93,1,speedlimit
2026-09-17T09:48+02:00,A20,R,26.4,2,speedlimit
2026-09-17T09:48+02:00,A15,L,63.56,3,speedlimit
2026-09-17T09:48+02:00,A20,L,27.488,2,speedlimit
2026-09-17T09:48+02:00,A16,y,20.0,1,speedlimit
2026-09-17T09:48+02:00,A20,L,30.196,3,speedlimit
2026-09-17T09:48+02:00,A4,L,50.798,1,speedlimit
2026-09-17T09:48+02:00,A4,h,46.06,1,speedlimit
2026-09-17T09:48+02:00,A20,L,28.41,1,speedlimit
2026-09-17T09:48+02:00,A13,L,13.18,4,lane_closed
2026-09-17T09:48+02:00,A13,L,17.8,2,speedlimit
2026-09-17T09:48+02:00,A20,R,28.57,1,speedlimit
2026-09-17T09:48+02:00,A20,R,30.196,4,speedlimit
2026-09-17T09:48+02:00,A16,y,20.3,2,speedlimit
2026-09-17T09:48+02:00,A4,L,51.458,3,speedlimit
2026-09-17T09:48+02:00,A16,L,15.16,1,speedlimit
2026-09-17T09:48+02:00,A4,d,53.0,3,speedlimit
2026-09-17T09:48+02:00,A4,L,52.448,1,speedlimit
2026-09-17T09:48+02:00,A4,L,52.448,3,speedlimit
2026-09-17T09:48+02:00,A20,t,29.6,2,speedlimit
2026-09-17T09:48+02:00,A20,L,21.83,2,speedlimit
2026-09-17T09:48+02:00,A20,L,38.3,1,lane_closed_ahead
2026-09-17T09:48+02:00,A16,L,16.48,5,speedlimit
2026-09-17T09:48+02:00,A15,L,64.67,4,speedlimit
2026-09-17T09:48+02:00,A4,L,52.448,2,speedlimit
2026-09-17T09:48+02:00,A15,L,71.42,1,speedlimit
2026-09-17T09:48+02:00,A15,L,65.685,1,speedlimit
2026-09-17T09:48+02:00,A15,L,64.67,1,lane_closed
2026-09-17T09:48+02:00,A4,L,52.018,1,speedlimit
2026-09-17T09:48+02:00,A20,R,26.93,2,speedlimit
2026-09-17T09:48+02:00,A20,L,30.9,3,speedlimit
2026-09-17T09:48+02:00,A20,L,22.95,1,speedlimit
2026-09-17T09:48+02:00,A13,L,18.8,3,speedlimit
2026-09-17T09:48+02:00,A4,L,46.27,4,speedlimit
2026-09-17T09:48+02:00,A20,L,37.8,1,lane_closed
2026-09-17T09:48+02:00,A20,R,28.8,1,speedlimit
2026-09-17T09:48+02:00,A15,L,70.95,4,speedlimit
2026-09-17T09:48+02:00,A16,L,16.48,1,speedlimit
2026-09-17T09:48+02:00,A13,L,18.8,1,speedlimit
2026-09-17T09:48+02:00,A15,L,71.9,1,speedlimit
2026-09-17T09:48+02:00,A4,h,46.4,2,speedlimit
2026-09-17T09:48+02:00,A13,R,16.2,2,speedlimit
2026-09-17T09:48+02:00,A16,L,15.73,1,speedlimit
2026-09-17T09:48+02:00,A20,L,22.685,4,speedlimit
2026-09-17T09:48+02:00,A16,L,14.768,1,speedlimit
2026-09-17T09:48+02:00,A4,L,45.28,2,speedlimit
2026-09-17T09:48+02:00,A20,L,31.4,3,speedlimit
2026-09-17T09:48+02:00,A4,g,47.0,3,speedlimit
2026-09-17T09:48+02:00,A16,L,14.768,3,speedlimit
2026-09-17T09:48+02:00,A20,L,30.196,4,speedlimit
2026-09-17T09:48+02:00,A15,L,71.42,2,speedlimit
2026-09-17T09:48+02:00,A4,L,44.01,1,speedlimit
2026-09-17T09:48+02:00,A4,L,51.458,1,speedlimit
2026-09-17T09:48+02:00,A13,R,18.2,2,speedlimit
2026-09-17T09:48+02:00,A15,L,72.58,3,speedlimit
2026-09-17T09:48+02:00,A13,L,17.8,1,speedlimit
2026-09-17T09:48+02:00,A20,R,29.8,1,speedlimit
2026-09-17T09:48+02:00,A20,R,31.26,2,speedlimit
2026-09-17T09:48+02:00,A4,L,50.253,4,speedlimit
2026-09-17T09:48+02:00,A20,R,25.7,1,speedlimit
2026-09-17T09:48+02:00,A15,L,43.46,1,speedlimit
2026-09-17T09:48+02:00,A16,L,14.768,2,speedlimit
2026-09-17T09:48+02:00,A20,R,31.26,3,speedlimit
2026-09-17T09:48+02:00,A15,L,70.95,2,speedlimit
2026-09-17T09:48+02:00,A20,R,26.64,3,speedlimit
2026-09-17T09:48+02:00,A20,R,26.64,4,speedlimit
2026-09-17T09:48+02:00,A20,R,26.4,1,speedlimit
2026-09-17T09:48+02:00,A13,R,17.1,1,speedlimit
2026-09-17T09:48+02:00,A15,k,70.5,1,speedlimit
2026-09-17T09:48+02:00,A20,R,29.5,3,speedlimit
2026-09-17T09:48+02:00,A13,L,13.7,4,lane_closed
2026-09-17T09:48+02:00,A15,L,63.56,2,speedlimit
2026-09-17T09:48+02:00,A13,L,14.2,4,lane_closed
2026-09-17T09:48+02:00,A4,h,46.4,1,speedlimit
2026-09-17T09:48+02:00,A4,L,44.62,3,speedlimit
2026-09-17T09:48+02:00,A20,t,29.6,1,speedlimit
2026-09-17T09:48+02:00,A15,L,65.685,4,speedlimit
2026-09-17T09:48+02:00,A20,R,29.8,4,speedlimit
2026-09-17T09:48+02:00,A13,R,18.7,2,speedlimit
2026-09-17T09:48+02:00,A15,L,87.05,1,speedlimit
2026-09-17T09:48+02:00,A20,R,27.488,1,speedlimit
2026-09-17T09:48+02:00,A15,L,72.58,4,speedlimit
2026-09-17T09:48+02:00,A4,g,47.0,1,speedlimit
2026-09-17T09:48+02:00,A20,R,29.5,2,speedlimit
2026-09-17T09:48+02:00,A20,L,27.2,2,speedlimit
2026-09-17T09:48+02:00,A13,R,18.963,1,speedlimit
2026-09-17T09:48+02:00,A13,L,17.1,1,speedlimit
2026-09-17T09:48+02:00,A20,L,31.88,3,speedlimit
2026-09-17T09:48+02:00,A13,L,17.1,4,speedlimit
2026-09-17T09:48+02:00,A13,R,16.655,2,speedlimit
2026-09-17T09:48+02:00,A13,L,15.55,5,lane_closed
2026-09-17T09:48+02:00,A4,m,45.146,3,speedlimit
2026-09-17T09:48+02:00,A15,R,91.13,1,speedlimit
2026-09-17T09:48+02:00,A4,h,45.58,2,speedlimit
2026-09-17T09:48+02:00,A15,L,43.95,4,speedlimit
2026-09-17T09:48+02:00,A16,y,20.3,3,speedlimit
2026-09-17T09:48+02:00,A16,d,15.73,1,speedlimit
2026-09-17T09:48+02:00,A4,L,50.253,1,speedlimit
2026-09-17T09:48+02:00,A20,L,32.8,3,speedlimit
2026-09-17T09:48+02:00,A20,R,30.196,1,speedlimit
2026-09-17T09:48+02:00,A20,L,29.826,4,speedlimit
2026-09-17T09:48+02:00,A15,R,91.13,2,speedlimit
2026-09-17T09:48+02:00,A20,s,29.6,1,speedlimit
2026-09-17T09:48+02:00,A20,L,28.57,2,speedlimit
2026-09-17T09:48+02:00,A20,R,30.6,2,speedlimit
2026-09-17T09:48+02:00,A15,L,65.25,3,speedlimit
2026-09-17T09:48+02:00,A13,L,17.1,2,speedlimit
2026-09-17T09:48+02:00,A4,L,45.75,4,speedlimit
2026-09-17T09:48+02:00,A20,L,28.57,3,speedlimit
2026-09-17T09:48+02:00,A15,L,64.67,3,speedlimit
2026-09-17T09:48+02:00,A15,L,88.02,1,speedlimit
2026-09-17T09:48+02:00,A20,L,22.685,2,speedlimit
2026-09-17T09:48+02:00,A20,R,26.4,4,speedlimit
2026-09-17T09:48+02:00,A20,R,30.196,2,speedlimit
2026-09-17T09:48+02:00,A13,R,17.8,3,speedlimit
2026-09-17T09:48+02:00,A15,n,95.855,2,speedlimit
