ts,weg,richting,km,strook,beeld
2026-09-05T01:53+02:00,A15,R,47.07,3,lane_closed
2026-09-05T01:53+02:00,A15,R,49.0,1,lane_closed
2026-09-05T01:53+02:00,A15,R,44.44,2,lane_closed
2026-09-05T01:53+02:00,A13,L,16.7,1,speedlimit
2026-09-05T01:53+02:00,A4,R,72.321,1,lane_closed
2026-09-05T01:53+02:00,A15,R,46.769,1,lane_closed
2026-09-05T01:53+02:00,A4,R,61.555,3,speedlimit
2026-09-05T01:53+02:00,A4,R,70.711,2,lane_closed_ahead
2026-09-05T01:53+02:00,A15,R,71.42,4,speedlimit
2026-09-05T01:53+02:00,A16,y,27.95,2,speedlimit
2026-09-05T01:53+02:00,A15,R,71.42,2,lane_closed
2026-09-05T01:53+02:00,A15,R,59.2,2,lane_closed
2026-09-05T01:53+02:00,A15,R,45.92,4,lane_closed
2026-09-05T01:53+02:00,A20,L,30.196,2,speedlimit
2026-09-05T01:53+02:00,A15,R,72.96,1,lane_closed
2026-09-05T01:53+02:00,A15,R,77.003,3,speedlimit
2026-09-05T01:53+02:00,A20,L,25.7,1,speedlimit
2026-09-05T01:53+02:00,A4,R,61.825,2,speedlimit
2026-09-05T01:53+02:00,A15,R,45.92,2,lane_closed
2026-09-05T01:53+02:00,A15,x,54.7,2,speedlimit
2026-09-05T01:53+02:00,A15,R,52.92,1,lane_closed
2026-09-05T01:53+02:00,A13,R,16.655,1,speedlimit
2026-09-05T01:53+02:00,A13,R,17.1,2,speedlimit
2026-09-05T01:53+02:00,A20,L,25.3,2,speedlimit
2026-09-05T01:53+02:00,A15,R,54.04,1,lane_closed
2026-09-05T01:53+02:00,A15,R,45.68,1,lane_closed
2026-09-05T01:53+02:00,A20,L,26.37,3,lane_closed_ahead
2026-09-05T01:53+02:00,A20,L,25.95,2,speedlimit
2026-09-05T01:53+02:00,A4,L,5.93,1,speedlimit
2026-09-05T01:53+02:00,A15,R,73.92,2,lane_closed
2026-09-05T01:53+02:00,A15,R,44.44,3,lane_closed
2026-09-05T01:53+02:00,A15,R,58.05,4,lane_closed
2026-09-05T01:53+02:00,A15,R,53.47,3,lane_closed
2026-09-05T01:53+02:00,A15,R,55.59,2,lane_closed
2026-09-05T01:53+02:00,A15,R,51.28,1,lane_closed
2026-09-05T01:53+02:00,A15,x,49.37,1,lane_closed
2026-09-05T01:53+02:00,A15,R,43.57,4,speedlimit
2026-09-05T01:53+02:00,A15,R,48.69,1,lane_closed
2026-09-05T01:53+02:00,A15,R,55.59,1,lane_closed
2026-09-05T01:53+02:00,A15,R,77.003,1,speedlimit
2026-09-05T01:53+02:00,A15,R,47.775,1,lane_closed
2026-09-05T01:53+02:00,A4,R,62.135,1,speedlimit
2026-09-05T01:53+02:00,A4,R,61.98,3,speedlimit
2026-09-05T01:53+02:00,A13,R,18.5,1,speedlimit
2026-09-05T01:53+02:00,A4,R,63.075,3,speedlimit
2026-09-05T01:53+02:00,A20,L,29.5,2,speedlimit
2026-09-05T01:53+02:00,A15,R,50.87,1,lane_closed
2026-09-05T01:53+02:00,A13,R,18.5,4,speedlimit
2026-09-05T01:53+02:00,A15,R,43.57,2,lane_closed
2026-09-05T01:53+02:00,A13,R,18.2,3,speedlimit
2026-09-05T01:53+02:00,A15,R,49.0,3,lane_closed
2026-09-05T01:53+02:00,A15,x,54.7,1,lane_closed
2026-09-05T01:53+02:00,A20,R,28.1,1,speedlimit
2026-09-05T01:53+02:00,A20,R,30.196,3,speedlimit
2026-09-05T01:53+02:00,A4,L,4.44,3,lane_closed
2026-09-05T01:53+02:00,A4,R,71.21,3,speedlimit
2026-09-05T01:53+02:00,A15,R,47.775,5,speedlimit
2026-09-05T01:53+02:00,A15,R,46.468,1,lane_closed
2026-09-05T01:53+02:00,A15,R,51.88,3,lane_closed
2026-09-05T01:53+02:00,A4,R,62.135,2,speedlimit
2026-09-05T01:53+02:00,A15,p,50.4,1,lane_closed
2026-09-05T01:53+02:00,A4,R,70.964,1,lane_closed
2026-09-05T01:53+02:00,A20,L,36.94,1,lane_closed
2026-09-05T01:53+02:00,A4,R,2.367,4,lane_closed
2026-09-05T01:53+02:00,A15,R,58.05,1,lane_closed
2026-09-05T01:53+02:00,A15,R,74.625,3,lane_closed
2026-09-05T01:53+02:00,A4,R,72.443,2,lane_closed
2026-09-05T01:53+02:00,A4,R,61.98,1,speedlimit
2026-09-05T01:53+02:00,A15,R,58.46,2,lane_closed
2026-09-05T01:53+02:00,A15,R,43.01,1,lane_closed
2026-09-05T01:53+02:00,A4,R,73.974,2,lane_closed
2026-09-05T01:53+02:00,A15,R,46.17,3,lane_closed
2026-09-05T01:53+02:00,A4,R,71.726,2,lane_closed
2026-09-05T01:53+02:00,A15,R,56.6,3,lane_closed
2026-09-05T01:53+02:00,A15,n,95.855,3,speedlimit
2026-09-05T01:53+02:00,A15,x,54.4,1,lane_closed
2026-09-05T01:53+02:00,A4,R,76.9,1,lane_closed
2026-09-05T01:53+02:00,A13,R,17.8,2,speedlimit
2026-09-05T01:53+02:00,A4,m,74.194,3,speedlimit
2026-09-05T01:53+02:00,A4,L,5.225,6,speedlimit
2026-09-05T01:53+02:00,A15,x,56.25,1,lane_closed
2026-09-05T01:53+02:00,A20,s,29.6,2,speedlimit
2026-09-05T01:53+02:00,A15,L,65.25,2,speedlimit
2026-09-05T01:53+02:00,A15,L,65.685,3,speedlimit
2026-09-05T01:53+02:00,A15,R,52.32,3,lane_closed
2026-09-05T01:53+02:00,A15,n,96.82,1,speedlimit
2026-09-05T01:53+02:00,A15,R,71.99,2,lane_closed
2026-09-05T01:53+02:00,A15,m,95.76,2,speedlimit
2026-09-05T01:53+02:00,A15,R,58.05,2,lane_closed
2026-09-05T01:53+02:00,A4,R,74.737,1,lane_closed
2026-09-05T01:53+02:00,A15,x,46.135,3,speedlimit
2026-09-05T01:53+02:00,A20,R,26.93,4,speedlimit
2026-09-05T01:53+02:00,A20,R,28.57,3,speedlimit
2026-09-05T01:53+02:00,A4,m,74.194,2,speedlimit
2026-09-05T01:53+02:00,A4,L,2.447,4,lane_closed
2026-09-05T01:53+02:00,A15,x,49.0,2,speedlimit
2026-09-05T01:53+02:00,A13,L,18.8,2,speedlimit
2026-09-05T01:53+02:00,A15,R,65.6,4,speedlimit
2026-09-05T01:53+02:00,A15,R,60.49,4,speedlimit
2026-09-05T01:53+02:00,A15,R,50.31,1,lane_closed
2026-09-05T01:53+02:00,A20,R,27.235,1,speedlimit
2026-09-05T01:53+02:00,A20,L,28.41,2,speedlimit
2026-09-05T01:53+02:00,A15,R,47.07,1,lane_closed
2026-09-05T01:53+02:00,A15,R,57.78,1,lane_closed
2026-09-05T01:53+02:00,A4,R,51.388,2,speedlimit
2026-09-05T01:53+02:00,A4,R,72.736,1,lane_closed
2026-09-05T01:53+02:00,A15,R,70.12,1,lane_closed
2026-09-05T01:53+02:00,A15,R,48.69,4,lane_closed
2026-09-05T01:53+02:00,A20,R,27.79,2,speedlimit
2026-09-05T01:53+02:00,A13,R,18.5,3,speedlimit
2026-09-05T01:53+02:00,A20,R,28.57,4,speedlimit
2026-09-05T01:53+02:00,A20,R,31.26,4,speedlimit
2026-09-05T01:53+02:00,A20,L,29.826,2,speedlimit
2026-09-05T01:53+02:00,A20,L,35.925,1,lane_closed
2026-09-05T01:53+02:00,A4,R,73.284,1,lane_closed
2026-09-05T01:53+02:00,A20,L,28.57,1,speedlimit
2026-09-05T01:53+02:00,A15,R,72.54,2,lane_closed
2026-09-05T01:53+02:00,A20,R,29.5,4,speedlimit
2026-09-05T01:53+02:00,A15,x,46.135,1,speedlimit
2026-09-05T01:53+02:00,A15,n,96.82,2,speedlimit
2026-09-05T01:53+02:00,A15,R,54.04,3,lane_closed
2026-09-05T01:53+02:00,A20,L,25.3,3,speedlimit
2026-09-05T01:53+02:00,A15,m,60.07,1,speedlimit
2026-09-05T01:53+02:00,A15,R,74.245,1,lane_closed
2026-09-05T01:53+02:00,A20,L,26.64,3,speedlimit
2026-09-05T01:53+02:00,A4,R,73.414,1,lane_closed
2026-09-05T01:53+02:00,A15,R,71.42,1,lane_closed
2026-09-05T01:53+02:00,A15,R,44.91,2,lane_closed
2026-09-05T01:53+02:00,A20,R,28.1,2,speedlimit
2026-09-05T01:53+02:00,A20,R,26.64,1,speedlimit
2026-09-05T01:53+02:00,A15,L,64.2,2,speedlimit
2026-09-05T01:53+02:00,A15,R,60.49,3,lane_closed
2026-09-05T01:53+02:00,A15,x,49.37,2,speedlimit
2026-09-05T01:53+02:00,A4,R,62.3,2,speedlimit
2026-09-05T01:53+02:00,A15,R,48.69,3,lane_closed
2026-09-05T01:53+02:00,A15,R,72.54,3,lane_closed
2026-09-05T01:53+02:00,A20,L,32.8,2,speedlimit
2026-09-05T01:53+02:00,A15,L,65.25,4,speedlimit
2026-09-05T01:53+02:00,A15,R,71.07,1,lane_closed
2026-09-05T01:53+02:00,A15,R,59.2,1,lane_closed
2026-09-05T01:53+02:00,A13,L,17.1,3,speedlimit
2026-09-05T01:53+02:00,A4,R,61.98,2,speedlimit
2026-09-05T01:53+02:00,A20,L,26.37,4,speedlimit
2026-09-05T01:53+02:00,A4,R,62.755,3,speedlimit
2026-09-05T01:53+02:00,A20,L,36.625,1,lane_closed
2026-09-05T01:53+02:00,A15,R,44.12,3,lane_closed
2026-09-05T01:53+02:00,A4,L,5.549,6,speedlimit
2026-09-05T01:53+02:00,A15,R,43.86,2,lane_closed
2026-09-05T01:53+02:00,A15,x,47.025,2,speedlimit
2026-09-05T01:53+02:00,A15,R,43.86,4,speedlimit
2026-09-05T01:53+02:00,A20,L,27.488,1,speedlimit
2026-09-05T01:53+02:00,A20,L,27.2,1,speedlimit
2026-09-05T01:53+02:00,A4,h,46.06,2,speedlimit
2026-09-05T01:53+02:00,A4,R,74.737,2,lane_closed
2026-09-05T01:53+02:00,A15,R,59.57,2,lane_closed
2026-09-05T01:53+02:00,A20,L,27.8,2,speedlimit
2026-09-05T01:53+02:00,A15,R,58.05,5,lane_closed
2026-09-05T01:53+02:00,A13,L,18.2,3,speedlimit
2026-09-05T01:53+02:00,A4,R,73.544,1,lane_closed
2026-09-05T01:53+02:00,A4,R,71.726,1,lane_closed
2026-09-05T01:53+02:00,A15,R,45.31,1,lane_closed
2026-09-05T01:53+02:00,A15,R,45.68,2,lane_closed
2026-09-05T01:53+02:00,A16,y,27.95,3,speedlimit
2026-09-05T01:53+02:00,A20,L,31.88,1,speedlimit
2026-09-05T01:53+02:00,A15,R,65.9,1,lane_closed_ahead
2026-09-05T01:53+02:00,A15,R,51.88,4,lane_closed
2026-09-05T01:53+02:00,A13,L,16.7,2,speedlimit
2026-09-05T01:53+02:00,A15,R,72.54,1,lane_closed
2026-09-05T01:53+02:00,A20,L,30.9,2,speedlimit
2026-09-05T01:53+02:00,A15,R,46.859,2,lane_closed
2026-09-05T01:53+02:00,A15,R,70.12,2,lane_closed_ahead
2026-09-05T01:53+02:00,A20,L,26.64,4,speedlimit
2026-09-05T01:53+02:00,A20,L,28.085,1,speedlimit
2026-09-05T01:53+02:00,A15,R,58.05,3,lane_closed
2026-09-05T01:53+02:00,A4,R,71.511,2,lane_closed
2026-09-05T01:53+02:00,A15,R,53.47,1,lane_closed
2026-09-05T01:53+02:00,A20,R,30.6,1,speedlimit
2026-09-05T01:53+02:00,A13,R,17.1,3,speedlimit
2026-09-05T01:53+02:00,A15,R,44.12,5,speedlimit
2026-09-05T01:53+02:00,A20,R,26.93,3,speedlimit
2026-09-05T01:53+02:00,A4,R,73.544,2,lane_closed
2026-09-05T01:53+02:00,A20,L,31.4,1,speedlimit
2026-09-05T01:53+02:00,A15,m,95.3,1,speedlimit
2026-09-05T01:53+02:00,A4,L,5.225,3,speedlimit
2026-09-05T01:53+02:00,A15,R,54.7,2,lane_closed
2026-09-05T01:53+02:00,A15,R,42.41,2,speedlimit
2026-09-05T01:53+02:00,A15,R,44.91,1,lane_closed
2026-09-05T01:53+02:00,A20,L,31.1,2,speedlimit
2026-09-05T01:53+02:00,A15,R,74.625,2,lane_closed
2026-09-05T01:53+02:00,A15,R,53.47,2,lane_closed
2026-09-05T01:53+02:00,A20,L,26.64,1,speedlimit
2026-09-05T01:53+02:00,A4,R,61.555,2,speedlimit
2026-09-05T01:53+02:00,A13,g,18.7,2,speedlimit
2026-09-05T01:53+02:00,A15,L,65.685,2,speedlimit
2026-09-05T01:53+02:00,A15,x,55.59,1,lane_closed
2026-09-05T01:53+02:00,A4,R,71.21,1,lane_closed
2026-09-05T01:53+02:00,A20,L,31.4,2,speedlimit
2026-09-05T01:53+02:00,A4,R,63.378,2,speedlimit
2026-09-05T01:53+02:00,A20,L,24.715,1,speedlimit
2026-09-05T01:53+02:00,A4,R,75.214,2,lane_closed
2026-09-05T01:53+02:00,A15,R,46.356,2,lane_closed
2026-09-05T01:53+02:00,A15,R,71.42,3,lane_closed
2026-09-05T01:53+02:00,A20,L,24.715,4,lane_closed
2026-09-05T01:53+02:00,A13,L,15.9,3,lane_closed
2026-09-05T01:53+02:00,A20,L,24.715,3,speedlimit
2026-09-05T01:53+02:00,A15,m,95.3,3,speedlimit
2026-09-05T01:53+02:00,A4,R,70.711,1,lane_closed
2026-09-05T01:53+02:00,A4,L,2.006,4,lane_closed
2026-09-05T01:53+02:00,A15,x,55.14,1,lane_closed
2026-09-05T01:53+02:00,A15,R,75.075,1,lane_closed
2026-09-05T01:53+02:00,A15,R,56.1,3,lane_closed
2026-09-05T01:53+02:00,A15,R,43.57,1,lane_closed
2026-09-05T01:53+02:00,A13,R,16.2,1,speedlimit
2026-09-05T01:53+02:00,A15,R,73.25,2,lane_closed
2026-09-05T01:53+02:00,A4,R,74.737,4,speedlimit
2026-09-05T01:53+02:00,A15,R,49.99,2,lane_closed
2026-09-05T01:53+02:00,A13,R,18.5,2,speedlimit
2026-09-05T01:53+02:00,A20,L,30.196,1,speedlimit
2026-09-05T01:53+02:00,A4,R,51.388,3,speedlimit
2026-09-05T01:53+02:00,A4,R,76.6,3,lane_closed
2026-09-05T01:53+02:00,A20,R,27.79,1,speedlimit
2026-09-05T01:53+02:00,A4,R,63.075,2,speedlimit
2026-09-05T01:53+02:00,A20,L,29.826,1,speedlimit
2026-09-05T01:53+02:00,A20,u,22.778,1,speedlimit
2026-09-05T01:53+02:00,A4,R,52.598,4,speedlimit
2026-09-05T01:53+02:00,A15,R,56.1,2,lane_closed
2026-09-05T01:53+02:00,A15,R,74.085,2,lane_closed
2026-09-05T01:53+02:00,A15,x,54.4,2,speedlimit
2026-09-05T01:53+02:00,A4,R,61.825,1,speedlimit
2026-09-05T01:53+02:00,A4,R,73.691,1,lane_closed
2026-09-05T01:53+02:00,A15,R,44.12,1,lane_closed
2026-09-05T01:53+02:00,A15,R,73.59,3,lane_closed
2026-09-05T01:53+02:00,A15,x,53.86,1,speedlimit
2026-09-05T01:53+02:00,A20,R,28.41,2,speedlimit
2026-09-05T01:53+02:00,A4,R,75.214,1,lane_closed
2026-09-05T01:53+02:00,A15,R,55.14,2,lane_closed
2026-09-05T01:53+02:00,A15,R,48.69,5,speedlimit
2026-09-05T01:53+02:00,A15,R,43.86,1,lane_closed
2026-09-05T01:53+02:00,A4,R,75.214,3,speedlimit
2026-09-05T01:53+02:00,A4,L,5.549,1,speedlimit
2026-09-05T01:53+02:00,A4,R,52.598,5,lane_closed
2026-09-05T01:53+02:00,A4,R,74.194,1,lane_closed
2026-09-05T01:53+02:00,A20,R,29.1,1,speedlimit
2026-09-05T01:53+02:00,A4,R,63.234,2,speedlimit
2026-09-05T01:53+02:00,A15,R,52.92,2,lane_closed
2026-09-05T01:53+02:00,A15,R,46.17,2,lane_closed
2026-09-05T01:53+02:00,A13,R,17.8,1,speedlimit
2026-09-05T01:53+02:00,A20,R,28.41,1,speedlimit
2026-09-05T01:53+02:00,A15,p,57.31,2,speedlimit
2026-09-05T01:53+02:00,A15,R,72.96,2,lane_closed
2026-09-05T01:53+02:00,A20,R,31.9,2,speedlimit
2026-09-05T01:53+02:00,A4,R,70.213,2,speedlimit
2026-09-05T01:53+02:00,A20,L,31.1,3,speedlimit
2026-09-05T01:53+02:00,A4,R,76.9,3,lane_closed
2026-09-05T01:53+02:00,A15,x,55.14,3,speedlimit
2026-09-05T01:53+02:00,A15,R,57.78,4,lane_closed
2026-09-05T01:53+02:00,A15,R,57.31,3,lane_closed
2026-09-05T01:53+02:00,A15,R,49.61,2,lane_closed
2026-09-05T01:53+02:00,A4,R,72.58,2,lane_closed
2026-09-05T01:53+02:00,A15,R,54.04,2,lane_closed
2026-09-05T01:53+02:00,A15,R,60.49,2,lane_closed
2026-09-05T01:53+02:00,A20,R,27.488,2,speedlimit
2026-09-05T01:53+02:00,A15,R,42.17,1,lane_closed_ahead
2026-09-05T01:53+02:00,A20,t,28.895,1,speedlimit
2026-09-05T01:53+02:00,A20,L,32.8,1,speedlimit
2026-09-05T01:53+02:00,A15,p,50.05,1,lane_closed
2026-09-05T01:53+02:00,A20,R,28.8,2,speedlimit
2026-09-05T01:53+02:00,A15,R,73.25,1,lane_closed
2026-09-05T01:53+02:00,A15,R,75.075,3,lane_closed
2026-09-05T01:53+02:00,A20,L,31.1,1,speedlimit
2026-09-05T01:53+02:00,A13,L,16.19,3,lane_closed
2026-09-05T01:53+02:00,A4,R,76.07,1,lane_closed
2026-09-05T01:53+02:00,A13,L,15.035,5,lane_closed
2026-09-05T01:53+02:00,A15,R,43.01,3,speedlimit
2026-09-05T01:53+02:00,A15,p,57.31,1,lane_closed
2026-09-05T01:53+02:00,A4,R,52.018,2,speedlimit
2026-09-05T01:53+02:00,A20,L,27.8,1,speedlimit
2026-09-05T01:53+02:00,A15,R,51.88,2,lane_closed
2026-09-05T01:53+02:00,A4,R,76.6,1,lane_closed
2026-09-05T01:53+02:00,A20,R,29.1,2,speedlimit
2026-09-05T01:53+02:00,A13,g,18.7,1,speedlimit
2026-09-05T01:53+02:00,A15,R,51.28,2,lane_closed
2026-09-05T01:53+02:00,A15,R,73.755,3,lane_closed
2026-09-05T01:53+02:00,A15,R,55.14,3,lane_closed
2026-09-05T01:53+02:00,A4,R,73.006,1,lane_closed
2026-09-05T01:53+02:00,A20,R,28.57,2,speedlimit
2026-09-05T01:53+02:00,A4,R,70.964,4,speedlimit
2026-09-05T01:53+02:00,A20,R,26.64,2,speedlimit
2026-09-05T01:53+02:00,A15,L,64.2,3,speedlimit
2026-09-05T01:53+02:00,A20,L,29.1,1,speedlimit
2026-09-05T01:53+02:00,A4,R,62.3,1,speedlimit
2026-09-05T01:53+02:00,A13,L,18.2,1,speedlimit
2026-09-05T01:53+02:00,A20,L,26.64,2,speedlimit
2026-09-05T01:53+02:00,A15,R,70.72,2,lane_closed
2026-09-05T01:53+02:00,A15,L,64.67,2,speedlimit
2026-09-05T01:53+02:00,A13,L,12.7,4,lane_closed
2026-09-05T01:53+02:00,A20,L,31.88,2,speedlimit
2026-09-05T01:53+02:00,A4,R,76.07,2,lane_closed
2026-09-05T01:53+02:00,A4,R,62.6,3,speedlimit
2026-09-05T01:53+02:00,A13,L,19.7,2,speedlimit
2026-09-05T01:53+02:00,A15,R,48.332,2,lane_closed
2026-09-05T01:53+02:00,A15,R,70.72,4,speedlimit
2026-09-05T01:53+02:00,A15,R,51.88,1,lane_closed
2026-09-05T01:53+02:00,A15,m,95.76,3,lane_closed
2026-09-05T01:53+02:00,A20,L,28.085,2,speedlimit
2026-09-05T01:53+02:00,A15,R,54.7,3,lane_closed
2026-09-05T01:53+02:00,A4,R,71.21,5,speedlimit
2026-09-05T01:53+02:00,A4,R,76.07,3,lane_closed
2026-09-05T01:53+02:00,A15,x,46.135,2,speedlimit
2026-09-05T01:53+02:00,A15,R,72.96,3,lane_closed
2026-09-05T01:53+02:00,A15,R,73.25,3,lane_closed
2026-09-05T01:53+02:00,A15,R,55.14,1,lane_closed
2026-09-05T01:53+02:00,A20,R,30.6,3,speedlimit
2026-09-05T01:53+02:00,A20,L,35.52,1,lane_closed
2026-09-05T01:53+02:00,A15,m,95.3,2,speedlimit
2026-09-05T01:53+02:00,A4,R,72.321,2,lane_closed
2026-09-05T01:53+02:00,A4,m,74.194,1,speedlimit
2026-09-05T01:53+02:00,A4,R,62.407,2,speedlimit
2026-09-05T01:53+02:00,A20,R,29.8,2,speedlimit
2026-09-05T01:53+02:00,A4,R,52.018,4,lane_closed
2026-09-05T01:53+02:00,A15,m,95.76,1,speedlimit
2026-09-05T01:53+02:00,A15,L,64.2,1,lane_closed
2026-09-05T01:53+02:00,A20,R,27.235,2,speedlimit
2026-09-05T01:53+02:00,A20,L,37.3,1,lane_closed
2026-09-05T01:53+02:00,A15,R,59.95,1,lane_closed
2026-09-05T01:53+02:00,A13,R,18.2,1,speedlimit
2026-09-05T01:53+02:00,A4,L,4.44,2,speedlimit
2026-09-05T01:53+02:00,A15,x,55.59,3,speedlimit
2026-09-05T01:53+02:00,A15,R,73.755,2,lane_closed
2026-09-05T01:53+02:00,A15,L,65.25,1,lane_closed_ahead
2026-09-05T01:53+02:00,A15,R,55.59,3,lane_closed
2026-09-05T01:53+02:00,A15,R,47.775,4,lane_closed
2026-09-05T01:53+02:00,A15,e,95.55,1,speedlimit
2026-09-05T01:53+02:00,A13,e,19.1,1,speedlimit
2026-09-05T01:53+02:00,A15,R,73.755,1,lane_closed
2026-09-05T01:53+02:00,A4,R,62.6,1,speedlimit
2026-09-05T01:53+02:00,A15,R,46.356,1,lane_closed
2026-09-05T01:53+02:00,A15,n,96.42,2,speedlimit
2026-09-05T01:53+02:00,A15,R,60.49,1,lane_closed
2026-09-05T01:53+02:00,A13,L,17.8,3,speedlimit
2026-09-05T01:53+02:00,A4,R,70.964,5,speedlimit
2026-09-05T01:53+02:00,A15,R,49.61,3,lane_closed
2026-09-05T01:53+02:00,A15,R,48.332,5,speedlimit
2026-09-05T01:53+02:00,A4,L,5.93,3,speedlimit
2026-09-05T01:53+02:00,A20,u,22.778,2,speedlimit
2026-09-05T01:53+02:00,A4,R,73.691,2,lane_closed
2026-09-05T01:53+02:00,A4,R,75.71,1,lane_closed
2026-09-05T01:53+02:00,A15,R,57.78,5,lane_closed
2026-09-05T01:53+02:00,A20,R,31.26,1,speedlimit
2026-09-05T01:53+02:00,A4,L,5.93,5,speedlimit
2026-09-05T01:53+02:00,A15,R,45.68,4,lane_closed
2026-09-05T01:53+02:00,A15,R,45.92,1,lane_closed
2026-09-05T01:53+02:00,A15,R,74.245,4,lane_closed
2026-09-05T01:53+02:00,A15,R,50.31,2,lane_closed
2026-09-05T01:53+02:00,A4,R,76.9,2,lane_closed
2026-09-05T01:53+02:00,A15,R,59.2,4,lane_closed
2026-09-05T01:53+02:00,A15,R,45.31,2,lane_closed
2026-09-05T01:53+02:00,A4,R,62.91,1,speedlimit
2026-09-05T01:53+02:00,A15,R,46.468,2,lane_closed
2026-09-05T01:53+02:00,A4,R,70.964,3,speedlimit
2026-09-05T01:53+02:00,A20,L,29.826,3,speedlimit
2026-09-05T01:53+02:00,A4,R,72.443,1,lane_closed
2026-09-05T01:53+02:00,A4,h,45.58,3,lane_closed
2026-09-05T01:53+02:00,A20,L,29.5,1,speedlimit
2026-09-05T01:53+02:00,A20,R,28.8,3,speedlimit
2026-09-05T01:53+02:00,A20,R,29.5,1,speedlimit
2026-09-05T01:53+02:00,A15,R,73.59,2,lane_closed
2026-09-05T01:53+02:00,A4,R,73.974,1,lane_closed
2026-09-05T01:53+02:00,A15,R,60.76,3,lane_closed
2026-09-05T01:53+02:00,A15,R,73.92,3,lane_closed
2026-09-05T01:53+02:00,A15,R,44.44,1,lane_closed
2026-09-05T01:53+02:00,A15,R,46.769,2,lane_closed
2026-09-05T01:53+02:00,A4,R,71.21,4,speedlimit
2026-09-05T01:53+02:00,A20,L,25.3,4,lane_closed
2026-09-05T01:53+02:00,A15,R,43.86,5,speedlimit
2026-09-05T01:53+02:00,A15,R,59.95,2,lane_closed
2026-09-05T01:53+02:00,A15,R,46.614,3,lane_closed
2026-09-05T01:53+02:00,A13,L,11.25,4,lane_closed
2026-09-05T01:53+02:00,A20,L,30.9,1,speedlimit
2026-09-05T01:53+02:00,A20,L,25.3,1,speedlimit
2026-09-05T01:53+02:00,A15,R,65.9,3,speedlimit
2026-09-05T01:53+02:00,A15,R,56.6,1,lane_closed
2026-09-05T01:53+02:00,A13,R,18.2,4,speedlimit
2026-09-05T01:53+02:00,A4,L,5.93,4,speedlimit
2026-09-05T01:53+02:00,A15,R,47.332,1,lane_closed
2026-09-05T01:53+02:00,A4,R,63.234,4,speedlimit
2026-09-05T01:53+02:00,A15,R,65.6,2,speedlimit
2026-09-05T01:53+02:00,A15,x,56.6,3,speedlimit
2026-09-05T01:53+02:00,A4,L,4.44,1,speedlimit
2026-09-05T01:53+02:00,A4,R,52.018,3,speedlimit
2026-09-05T01:53+02:00,A15,R,71.07,4,speedlimit
2026-09-05T01:53+02:00,A13,R,18.7,1,speedlimit
2026-09-05T01:53+02:00,A15,L,64.67,5,speedlimit
2026-09-05T01:53+02:00,A15,R,75.375,3,lane_closed
2026-09-05T01:53+02:00,A15,R,41.73,2,speedlimit
2026-09-05T01:53+02:00,A15,n,95.855,1,speedlimit
2026-09-05T01:53+02:00,A4,L,5.93,6,speedlimit
2026-09-05T01:53+02:00,A20,c,27.488,1,speedlimit
2026-09-05T01:53+02:00,A20,R,31.9,3,speedlimit
2026-09-05T01:53+02:00,A4,R,62.755,2,speedlimit
2026-09-05T01:53+02:00,A4,R,70.711,5,speedlimit
2026-09-05T01:53+02:00,A13,R,16.655,3,speedlimit
2026-09-05T01:53+02:00,A15,R,73.59,1,lane_closed
2026-09-05T01:53+02:00,A4,R,72.012,2,lane_closed
2026-09-05T01:53+02:00,A4,R,72.58,1,lane_closed
2026-09-05T01:53+02:00,A15,m,94.725,2,speedlimit
2026-09-05T01:53+02:00,A4,R,63.234,1,speedlimit
2026-09-05T01:53+02:00,A20,u,22.778,3,speedlimit
2026-09-05T01:53+02:00,A15,R,74.245,3,lane_closed
2026-09-05T01:53+02:00,A20,L,29.1,2,speedlimit
2026-09-05T01:53+02:00,A15,L,63.56,1,lane_closed
2026-09-05T01:53+02:00,A15,f,96.0,1,lane_closed
2026-09-05T01:53+02:00,A15,R,46.859,3,lane_closed
2026-09-05T01:53+02:00,A20,R,29.8,3,speedlimit
2026-09-05T01:53+02:00,A13,L,18.2,2,speedlimit
2026-09-05T01:53+02:00,A20,R,26.4,3,speedlimit
2026-09-05T01:53+02:00,A15,R,60.76,4,speedlimit
2026-09-05T01:53+02:00,A15,R,44.91,3,lane_closed
2026-09-05T01:53+02:00,A20,L,25.7,3,lane_closed
2026-09-05T01:53+02:00,A15,R,43.86,3,lane_closed
2026-09-05T01:53+02:00,A15,R,71.99,1,lane_closed
2026-09-05T01:53+02:00,A20,R,26.93,1,speedlimit
2026-09-05T01:53+02:00,A15,R,46.859,1,lane_closed
2026-09-05T01:53+02:00,A4,R,62.135,3,speedlimit
2026-09-05T01:53+02:00,A15,R,48.332,3,lane_closed
2026-09-05T01:53+02:00,A15,R,58.46,3,lane_closed
2026-09-05T01:53+02:00,A15,R,60.76,1,lane_closed
2026-09-05T01:53+02:00,A4,L,5.549,3,speedlimit
2026-09-05T01:53+02:00,A15,R,42.17,2,speedlimit
2026-09-05T01:53+02:00,A4,p,77.27,1,lane_closed
2026-09-05T01:53+02:00,A20,R,26.4,2,speedlimit
2026-09-05T01:53+02:00,A15,R,48.332,4,lane_closed
2026-09-05T01:53+02:00,A15,L,63.56,3,speedlimit
2026-09-05T01:53+02:00,A15,R,75.375,4,lane_closed
2026-09-05T01:53+02:00,A20,L,27.488,2,speedlimit
2026-09-05T01:53+02:00,A15,R,44.12,4,speedlimit
2026-09-05T01:53+02:00,A20,L,30.196,3,speedlimit
2026-09-05T01:53+02:00,A4,h,46.06,1,speedlimit
2026-09-05T01:53+02:00,A15,R,43.01,2,lane_closed
2026-09-05T01:53+02:00,A4,L,5.549,4,lane_closed_ahead
2026-09-05T01:53+02:00,A15,R,49.61,1,lane_closed
2026-09-05T01:53+02:00,A20,L,28.41,1,speedlimit
2026-09-05T01:53+02:00,A15,R,45.92,3,lane_closed
2026-09-05T01:53+02:00,A13,L,13.18,4,lane_closed
2026-09-05T01:53+02:00,A20,L,24.715,2,speedlimit
2026-09-05T01:53+02:00,A15,R,57.78,2,lane_closed
2026-09-05T01:53+02:00,A15,R,57.78,3,lane_closed
2026-09-05T01:53+02:00,A15,x,47.025,1,lane_closed
2026-09-05T01:53+02:00,A15,R,57.31,2,lane_closed
2026-09-05T01:53+02:00,A13,L,17.8,2,speedlimit
2026-09-05T01:53+02:00,A4,R,70.964,2,lane_closed
2026-09-05T01:53+02:00,A15,R,56.6,2,lane_closed
2026-09-05T01:53+02:00,A4,L,5.93,2,speedlimit
2026-09-05T01:53+02:00,A20,R,28.57,1,speedlimit
2026-09-05T01:53+02:00,A4,L,5.549,5,speedlimit
2026-09-05T01:53+02:00,A20,R,30.196,4,speedlimit
2026-09-05T01:53+02:00,A4,R,62.755,1,speedlimit
2026-09-05T01:53+02:00,A20,L,25.95,1,speedlimit
2026-09-05T01:53+02:00,A4,L,5.225,2,speedlimit
2026-09-05T01:53+02:00,A4,R,61.69,3,speedlimit
2026-09-05T01:53+02:00,A15,R,47.332,2,lane_closed
2026-09-05T01:53+02:00,A15,R,75.375,2,lane_closed
2026-09-05T01:53+02:00,A20,t,29.6,2,speedlimit
2026-09-05T01:53+02:00,A4,R,62.6,2,speedlimit
2026-09-05T01:53+02:00,A4,L,5.225,4,lane_closed
2026-09-05T01:53+02:00,A20,L,38.3,1,lane_closed_ahead
2026-09-05T01:53+02:00,A15,R,46.769,3,lane_closed
2026-09-05T01:53+02:00,A15,R,57.31,4,lane_closed
2026-09-05T01:53+02:00,A15,L,64.67,4,speedlimit
2026-09-05T01:53+02:00,A15,R,49.0,2,lane_closed
2026-09-05T01:53+02:00,A15,L,65.685,1,speedlimit
2026-09-05T01:53+02:00,A4,R,62.91,3,speedlimit
2026-09-05T01:53+02:00,A15,L,64.67,1,lane_closed
2026-09-05T01:53+02:00,A15,R,75.375,1,lane_closed
2026-09-05T01:53+02:00,A4,R,76.6,2,lane_closed
2026-09-05T01:53+02:00,A15,R,54.7,1,lane_closed
2026-09-05T01:53+02:00,A15,R,73.92,1,lane_closed
2026-09-05T01:53+02:00,A15,R,52.32,1,lane_closed
2026-09-05T01:53+02:00,A15,m,94.725,1,speedlimit
2026-09-05T01:53+02:00,A4,R,62.3,3,speedlimit
2026-09-05T01:53+02:00,A4,R,61.825,3,speedlimit
2026-09-05T01:53+02:00,A20,R,26.93,2,speedlimit
2026-09-05T01:53+02:00,A20,L,30.9,3,speedlimit
2026-09-05T01:53+02:00,A13,L,18.8,3,speedlimit
2026-09-05T01:53+02:00,A15,R,46.614,1,lane_closed
2026-09-05T01:53+02:00,A20,L,37.8,1,lane_closed
2026-09-05T01:53+02:00,A20,R,28.8,1,speedlimit
2026-09-05T01:53+02:00,A15,R,65.6,1,speedlimit
2026-09-05T01:53+02:00,A4,R,61.555,1,speedlimit
2026-09-05T01:53+02:00,A4,R,72.012,1,lane_closed
2026-09-05T01:53+02:00,A4,R,71.511,1,lane_closed
2026-09-05T01:53+02:00,A13,L,18.8,1,speedlimit
2026-09-05T01:53+02:00,A4,h,46.4,2,speedlimit
2026-09-05T01:53+02:00,A15,R,46.614,2,lane_closed
2026-09-05T01:53+02:00,A4,p,77.27,2,lane_closed
2026-09-05T01:53+02:00,A13,R,16.2,2,speedlimit
2026-09-05T01:53+02:00,A4,L,5.549,2,speedlimit
2026-09-05T01:53+02:00,A15,R,42.41,3,speedlimit
2026-09-05T01:53+02:00,A4,R,52.598,1,speedlimit
2026-09-05T01:53+02:00,A20,L,31.4,3,speedlimit
2026-09-05T01:53+02:00,A20,L,30.196,4,speedlimit
2026-09-05T01:53+02:00,A15,R,49.99,1,lane_closed
2026-09-05T01:53+02:00,A15,R,43.57,3,lane_closed_ahead
2026-09-05T01:53+02:00,A4,L,5.225,5,speedlimit
2026-09-05T01:53+02:00,A13,R,18.2,2,speedlimit
2026-09-05T01:53+02:00,A15,R,42.41,1,lane_closed
2026-09-05T01:53+02:00,A15,R,48.332,1,lane_closed
2026-09-05T01:53+02:00,A4,R,61.69,1,speedlimit
2026-09-05T01:53+02:00,A4,R,76.9,4,lane_closed
2026-09-05T01:53+02:00,A13,L,17.8,1,speedlimit
2026-09-05T01:53+02:00,A20,R,29.8,1,speedlimit
2026-09-05T01:53+02:00,A20,R,31.26,2,speedlimit
2026-09-05T01:53+02:00,A15,x,49.37,3,speedlimit
2026-09-05T01:53+02:00,A15,R,50.87,2,lane_closed
2026-09-05T01:53+02:00,A15,R,74.085,3,lane_closed
2026-09-05T01:53+02:00,A15,x,56.6,1,lane_closed
2026-09-05T01:53+02:00,A4,R,73.156,1,lane_closed
2026-09-05T01:53+02:00,A15,R,70.72,1,lane_closed
2026-09-05T01:53+02:00,A15,R,65.9,2,speedlimit
2026-09-05T01:53+02:00,A20,R,31.26,3,speedlimit
2026-09-05T01:53+02:00,A4,R,74.737,3,speedlimit
2026-09-05T01:53+02:00,A20,L,26.37,2,speedlimit
2026-09-05T01:53+02:00,A20,R,26.64,3,speedlimit
2026-09-05T01:53+02:00,A20,R,26.64,4,speedlimit
2026-09-05T01:53+02:00,A20,L,25.95,3,lane_closed
2026-09-05T01:53+02:00,A4,R,70.213,1,lane_closed_ahead
2026-09-05T01:53+02:00,A20,R,26.4,1,speedlimit
2026-09-05T01:53+02:00,A13,R,17.1,1,speedlimit
2026-09-05T01:53+02:00,A15,R,59.2,3,lane_closed
2026-09-05T01:53+02:00,A15,R,71.07,3,lane_closed
2026-09-05T01:53+02:00,A4,R,70.711,4,speedlimit
2026-09-05T01:53+02:00,A20,R,29.5,3,speedlimit
2026-09-05T01:53+02:00,A15,R,58.46,4,lane_closed
2026-09-05T01:53+02:00,A4,R,63.234,3,speedlimit
2026-09-05T01:53+02:00,A4,R,75.214,5,speedlimit
2026-09-05T01:53+02:00,A15,R,70.12,3,speedlimit
2026-09-05T01:53+02:00,A15,R,65.6,3,speedlimit
2026-09-05T01:53+02:00,A13,L,13.7,4,lane_closed
2026-09-05T01:53+02:00,A15,R,47.775,3,lane_closed
2026-09-05T01:53+02:00,A4,R,63.075,1,speedlimit
2026-09-05T01:53+02:00,A15,L,63.56,2,speedlimit
2026-09-05T01:53+02:00,A13,L,14.2,4,lane_closed
2026-09-05T01:53+02:00,A15,R,45.68,3,lane_closed
2026-09-05T01:53+02:00,A4,R,74.737,5,speedlimit
2026-09-05T01:53+02:00,A15,R,60.76,2,lane_closed
2026-09-05T01:53+02:00,A4,R,73.156,2,lane_closed
2026-09-05T01:53+02:00,A4,h,46.4,1,speedlimit
2026-09-05T01:53+02:00,A15,R,46.17,1,lane_closed
2026-09-05T01:53+02:00,A15,x,56.25,2,lane_closed
2026-09-05T01:53+02:00,A15,x,55.14,2,speedlimit
2026-09-05T01:53+02:00,A4,R,52.598,3,speedlimit
2026-09-05T01:53+02:00,A15,x,49.0,1,lane_closed
2026-09-05T01:53+02:00,A15,R,74.625,1,lane_closed
2026-09-05T01:53+02:00,A20,t,29.6,1,speedlimit
2026-09-05T01:53+02:00,A15,R,47.775,2,lane_closed
2026-09-05T01:53+02:00,A15,n,96.42,1,speedlimit
2026-09-05T01:53+02:00,A15,L,65.685,4,speedlimit
2026-09-05T01:53+02:00,A20,R,29.8,4,speedlimit
2026-09-05T01:53+02:00,A15,R,70.72,3,lane_closed_ahead
2026-09-05T01:53+02:00,A13,R,18.7,2,speedlimit
2026-09-05T01:53+02:00,A20,R,27.488,1,speedlimit
2026-09-05T01:53+02:00,A15,R,48.69,2,lane_closed
2026-09-05T01:53+02:00,A15,R,77.003,2,speedlimit
2026-09-05T01:53+02:00,A20,R,29.5,2,speedlimit
2026-09-05T01:53+02:00,A20,L,27.2,2,speedlimit
2026-09-05T01:53+02:00,A13,R,18.963,1,speedlimit
2026-09-05T01:53+02:00,A15,R,46.468,3,lane_closed
2026-09-05T01:53+02:00,A15,x,46.795,2,speedlimit
2026-09-05T01:53+02:00,A15,R,71.99,3,lane_closed
2026-09-05T01:53+02:00,A16,y,27.95,1,speedlimit
2026-09-05T01:53+02:00,A13,L,17.1,1,speedlimit
2026-09-05T01:53+02:00,A4,R,74.194,2,lane_closed
2026-09-05T01:53+02:00,A20,L,31.88,3,speedlimit
2026-09-05T01:53+02:00,A13,L,19.7,1,speedlimit
2026-09-05T01:53+02:00,A4,R,75.214,4,speedlimit
2026-09-05T01:53+02:00,A4,R,62.407,1,speedlimit
2026-09-05T01:53+02:00,A13,L,17.1,4,speedlimit
2026-09-05T01:53+02:00,A4,R,52.018,1,speedlimit
2026-09-05T01:53+02:00,A13,R,16.655,2,speedlimit
2026-09-05T01:53+02:00,A4,R,75.71,2,lane_closed
2026-09-05T01:53+02:00,A15,R,56.1,1,lane_closed
2026-09-05T01:53+02:00,A13,L,15.55,5,lane_closed
2026-09-05T01:53+02:00,A4,R,62.407,3,speedlimit
2026-09-05T01:53+02:00,A4,R,51.388,1,speedlimit
2026-09-05T01:53+02:00,A4,R,62.91,2,speedlimit
2026-09-05T01:53+02:00,A15,x,56.6,2,lane_closed
2026-09-05T01:53+02:00,A15,R,47.07,2,lane_closed
2026-09-05T01:53+02:00,A4,R,63.378,1,speedlimit
2026-09-05T01:53+02:00,A15,x,46.795,1,lane_closed_ahead
2026-09-05T01:53+02:00,A15,b,45.31,1,lane_closed
2026-09-05T01:53+02:00,A15,R,75.075,2,lane_closed
2026-09-05T01:53+02:00,A15,R,59.95,3,lane_closed
2026-09-05T01:53+02:00,A15,R,75.075,4,lane_closed
2026-09-05T01:53+02:00,A4,R,52.598,2,speedlimit
2026-09-05T01:53+02:00,A4,L,5.225,1,speedlimit
2026-09-05T01:53+02:00,A20,L,32.8,3,speedlimit
2026-09-05T01:53+02:00,A15,R,45.31,3,lane_closed
2026-09-05T01:53+02:00,A15,R,74.625,4,lane_closed
2026-09-05T01:53+02:00,A15,R,58.46,1,lane_closed
2026-09-05T01:53+02:00,A15,R,52.32,2,lane_closed
2026-09-05T01:53+02:00,A15,R,41.73,1,speedlimit
2026-09-05T01:53+02:00,A20,R,30.196,1,speedlimit
2026-09-05T01:53+02:00,A4,R,71.21,2,lane_closed
2026-09-05T01:53+02:00,A20,L,29.826,4,speedlimit
2026-09-05T01:53+02:00,A15,R,52.92,3,lane_closed
2026-09-05T01:53+02:00,A15,x,55.59,2,lane_closed_ahead
2026-09-05T01:53+02:00,A20,L,26.37,1,speedlimit
2026-09-05T01:53+02:00,A15,R,46.356,3,lane_closed
2026-09-05T01:53+02:00,A20,s,29.6,1,speedlimit
2026-09-05T01:53+02:00,A20,L,28.57,2,speedlimit
2026-09-05T01:53+02:00,A20,R,30.6,2,speedlimit
2026-09-05T01:53+02:00,A20,L,25.7,2,speedlimit
2026-09-05T01:53+02:00,A15,R,59.57,1,lane_closed
2026-09-05T01:53+02:00,A15,n,96.42,3,lane_closed
2026-09-05T01:53+02:00,A15,L,65.25,3,speedlimit
2026-09-05T01:53+02:00,A13,L,17.1,2,speedlimit
2026-09-05T01:53+02:00,A15,R,71.07,2,lane_closed
2026-09-05T01:53+02:00,A15,R,57.31,5,lane_closed
2026-09-05T01:53+02:00,A4,R,61.69,2,speedlimit
2026-09-05T01:53+02:00,A20,L,28.57,3,speedlimit
2026-09-05T01:53+02:00,A15,R,59.57,3,lane_closed
2026-09-05T01:53+02:00,A15,L,64.67,3,speedlimit
2026-09-05T01:53+02:00,A20,R,26.4,4,speedlimit
2026-09-05T01:53+02:00,A20,R,30.196,2,speedlimit
2026-09-05T01:53+02:00,A13,R,17.8,3,speedlimit
2026-09-05T01:53+02:00,A15,R,44.12,2,lane_closed
2026-09-05T01:53+02:00,A15,m,94.725,3,speedlimit
2026-09-05T01:53+02:00,A15,n,95.855,2,speedlimit
2026-09-05T02:07+02:00,A15,R,47.07,3,lane_closed
2026-09-05T02:07+02:00,A15,R,49.0,1,lane_closed
2026-09-05T02:07+02:00,A15,R,44.44,2,lane_closed
2026-09-05T02:07+02:00,A13,L,16.7,1,speedlimit
2026-09-05T02:07+02:00,A4,R,72.321,1,lane_closed
2026-09-05T02:07+02:00,A15,R,46.769,1,lane_closed
2026-09-05T02:07+02:00,A4,R,61.555,3,speedlimit
2026-09-05T02:07+02:00,A4,R,70.711,2,lane_closed_ahead
2026-09-05T02:07+02:00,A15,R,71.42,4,speedlimit
2026-09-05T02:07+02:00,A16,y,27.95,2,speedlimit
2026-09-05T02:07+02:00,A15,R,71.42,2,lane_closed
2026-09-05T02:07+02:00,A15,R,59.2,2,lane_closed
2026-09-05T02:07+02:00,A15,R,45.92,4,lane_closed
2026-09-05T02:07+02:00,A20,L,30.196,2,speedlimit
2026-09-05T02:07+02:00,A15,R,72.96,1,lane_closed
2026-09-05T02:07+02:00,A15,R,77.003,3,speedlimit
2026-09-05T02:07+02:00,A20,L,25.7,1,speedlimit
2026-09-05T02:07+02:00,A4,R,61.825,2,speedlimit
2026-09-05T02:07+02:00,A15,R,45.92,2,lane_closed
2026-09-05T02:07+02:00,A15,x,54.7,2,speedlimit
2026-09-05T02:07+02:00,A15,R,52.92,1,lane_closed
2026-09-05T02:07+02:00,A13,R,16.655,1,speedlimit
2026-09-05T02:07+02:00,A13,R,17.1,2,speedlimit
2026-09-05T02:07+02:00,A20,L,25.3,2,speedlimit
2026-09-05T02:07+02:00,A15,R,54.04,1,lane_closed
2026-09-05T02:07+02:00,A15,R,45.68,1,lane_closed
2026-09-05T02:07+02:00,A20,L,26.37,3,lane_closed_ahead
2026-09-05T02:07+02:00,A20,L,25.95,2,speedlimit
2026-09-05T02:07+02:00,A4,L,5.93,1,speedlimit
2026-09-05T02:07+02:00,A15,R,73.92,2,lane_closed
2026-09-05T02:07+02:00,A15,R,44.44,3,lane_closed
2026-09-05T02:07+02:00,A15,R,58.05,4,lane_closed
2026-09-05T02:07+02:00,A15,R,53.47,3,lane_closed
2026-09-05T02:07+02:00,A15,R,55.59,2,lane_closed
2026-09-05T02:07+02:00,A15,R,51.28,1,lane_closed
2026-09-05T02:07+02:00,A15,x,49.37,1,lane_closed
2026-09-05T02:07+02:00,A15,R,43.57,4,speedlimit
2026-09-05T02:07+02:00,A15,R,48.69,1,lane_closed
2026-09-05T02:07+02:00,A15,R,55.59,1,lane_closed
2026-09-05T02:07+02:00,A15,R,77.003,1,speedlimit
2026-09-05T02:07+02:00,A15,R,47.775,1,lane_closed
2026-09-05T02:07+02:00,A4,R,62.135,1,speedlimit
2026-09-05T02:07+02:00,A4,R,61.98,3,speedlimit
2026-09-05T02:07+02:00,A13,R,18.5,1,speedlimit
2026-09-05T02:07+02:00,A4,R,63.075,3,speedlimit
2026-09-05T02:07+02:00,A20,L,29.5,2,speedlimit
2026-09-05T02:07+02:00,A15,R,50.87,1,lane_closed
2026-09-05T02:07+02:00,A13,R,18.5,4,speedlimit
2026-09-05T02:07+02:00,A15,R,43.57,2,lane_closed
2026-09-05T02:07+02:00,A13,R,18.2,3,speedlimit
2026-09-05T02:07+02:00,A15,R,49.0,3,lane_closed
2026-09-05T02:07+02:00,A15,x,54.7,1,lane_closed
2026-09-05T02:07+02:00,A20,R,28.1,1,speedlimit
2026-09-05T02:07+02:00,A20,R,30.196,3,speedlimit
2026-09-05T02:07+02:00,A4,L,4.44,3,lane_closed
2026-09-05T02:07+02:00,A4,R,71.21,3,speedlimit
2026-09-05T02:07+02:00,A15,R,47.775,5,speedlimit
2026-09-05T02:07+02:00,A15,R,46.468,1,lane_closed
2026-09-05T02:07+02:00,A15,R,51.88,3,lane_closed
2026-09-05T02:07+02:00,A4,R,62.135,2,speedlimit
2026-09-05T02:07+02:00,A15,p,50.4,1,lane_closed
2026-09-05T02:07+02:00,A4,R,70.964,1,lane_closed
2026-09-05T02:07+02:00,A20,L,36.94,1,lane_closed
2026-09-05T02:07+02:00,A4,R,2.367,4,lane_closed
2026-09-05T02:07+02:00,A15,R,58.05,1,lane_closed
2026-09-05T02:07+02:00,A15,R,74.625,3,lane_closed
2026-09-05T02:07+02:00,A4,R,72.443,2,lane_closed
2026-09-05T02:07+02:00,A4,R,61.98,1,speedlimit
2026-09-05T02:07+02:00,A15,R,58.46,2,lane_closed
2026-09-05T02:07+02:00,A15,R,43.01,1,lane_closed
2026-09-05T02:07+02:00,A4,R,73.974,2,lane_closed
2026-09-05T02:07+02:00,A15,R,46.17,3,lane_closed
2026-09-05T02:07+02:00,A4,R,71.726,2,lane_closed
2026-09-05T02:07+02:00,A15,R,56.6,3,lane_closed
2026-09-05T02:07+02:00,A15,n,95.855,3,speedlimit
2026-09-05T02:07+02:00,A15,x,54.4,1,lane_closed
2026-09-05T02:07+02:00,A4,R,76.9,1,lane_closed
2026-09-05T02:07+02:00,A13,R,17.8,2,speedlimit
2026-09-05T02:07+02:00,A4,m,74.194,3,speedlimit
2026-09-05T02:07+02:00,A4,L,5.225,6,speedlimit
2026-09-05T02:07+02:00,A15,x,56.25,1,lane_closed
2026-09-05T02:07+02:00,A20,s,29.6,2,speedlimit
2026-09-05T02:07+02:00,A15,L,65.25,2,speedlimit
2026-09-05T02:07+02:00,A15,L,65.685,3,speedlimit
2026-09-05T02:07+02:00,A15,R,52.32,3,lane_closed
2026-09-05T02:07+02:00,A15,n,96.82,1,speedlimit
2026-09-05T02:07+02:00,A15,R,71.99,2,lane_closed
2026-09-05T02:07+02:00,A15,m,95.76,2,speedlimit
2026-09-05T02:07+02:00,A15,R,58.05,2,lane_closed
2026-09-05T02:07+02:00,A4,R,74.737,1,lane_closed
2026-09-05T02:07+02:00,A15,x,46.135,3,speedlimit
2026-09-05T02:07+02:00,A20,R,26.93,4,speedlimit
2026-09-05T02:07+02:00,A20,R,28.57,3,speedlimit
2026-09-05T02:07+02:00,A4,m,74.194,2,speedlimit
2026-09-05T02:07+02:00,A4,L,2.447,4,lane_closed
2026-09-05T02:07+02:00,A15,x,49.0,2,speedlimit
2026-09-05T02:07+02:00,A13,L,18.8,2,speedlimit
2026-09-05T02:07+02:00,A15,R,65.6,4,speedlimit
2026-09-05T02:07+02:00,A15,R,60.49,4,speedlimit
2026-09-05T02:07+02:00,A15,R,50.31,1,lane_closed
2026-09-05T02:07+02:00,A20,R,27.235,1,speedlimit
2026-09-05T02:07+02:00,A20,L,28.41,2,speedlimit
2026-09-05T02:07+02:00,A15,R,47.07,1,lane_closed
2026-09-05T02:07+02:00,A15,R,57.78,1,lane_closed
2026-09-05T02:07+02:00,A4,R,51.388,2,speedlimit
2026-09-05T02:07+02:00,A4,R,72.736,1,lane_closed
2026-09-05T02:07+02:00,A15,R,70.12,1,lane_closed
2026-09-05T02:07+02:00,A15,R,48.69,4,lane_closed
2026-09-05T02:07+02:00,A20,R,27.79,2,speedlimit
2026-09-05T02:07+02:00,A13,R,18.5,3,speedlimit
2026-09-05T02:07+02:00,A20,R,28.57,4,speedlimit
2026-09-05T02:07+02:00,A20,R,31.26,4,speedlimit
2026-09-05T02:07+02:00,A20,L,29.826,2,speedlimit
2026-09-05T02:07+02:00,A20,L,35.925,1,lane_closed
2026-09-05T02:07+02:00,A4,R,73.284,1,lane_closed
2026-09-05T02:07+02:00,A20,L,28.57,1,speedlimit
2026-09-05T02:07+02:00,A15,R,72.54,2,lane_closed
2026-09-05T02:07+02:00,A20,R,29.5,4,speedlimit
2026-09-05T02:07+02:00,A15,x,46.135,1,speedlimit
2026-09-05T02:07+02:00,A15,n,96.82,2,speedlimit
2026-09-05T02:07+02:00,A15,R,54.04,3,lane_closed
2026-09-05T02:07+02:00,A20,L,25.3,3,speedlimit
2026-09-05T02:07+02:00,A15,m,60.07,1,speedlimit
2026-09-05T02:07+02:00,A15,R,74.245,1,lane_closed
2026-09-05T02:07+02:00,A20,L,26.64,3,speedlimit
2026-09-05T02:07+02:00,A4,R,73.414,1,lane_closed
2026-09-05T02:07+02:00,A15,R,71.42,1,lane_closed
2026-09-05T02:07+02:00,A15,R,44.91,2,lane_closed
2026-09-05T02:07+02:00,A20,R,28.1,2,speedlimit
2026-09-05T02:07+02:00,A20,R,26.64,1,speedlimit
2026-09-05T02:07+02:00,A15,L,64.2,2,speedlimit
2026-09-05T02:07+02:00,A15,R,60.49,3,lane_closed
2026-09-05T02:07+02:00,A15,x,49.37,2,speedlimit
2026-09-05T02:07+02:00,A4,R,62.3,2,speedlimit
2026-09-05T02:07+02:00,A15,R,48.69,3,lane_closed
2026-09-05T02:07+02:00,A15,R,72.54,3,lane_closed
2026-09-05T02:07+02:00,A20,L,32.8,2,speedlimit
2026-09-05T02:07+02:00,A15,L,65.25,4,speedlimit
2026-09-05T02:07+02:00,A15,R,71.07,1,lane_closed
2026-09-05T02:07+02:00,A15,R,59.2,1,lane_closed
2026-09-05T02:07+02:00,A13,L,17.1,3,speedlimit
2026-09-05T02:07+02:00,A4,R,61.98,2,speedlimit
2026-09-05T02:07+02:00,A20,L,26.37,4,speedlimit
2026-09-05T02:07+02:00,A4,R,62.755,3,speedlimit
2026-09-05T02:07+02:00,A20,L,36.625,1,lane_closed
2026-09-05T02:07+02:00,A15,R,44.12,3,lane_closed
2026-09-05T02:07+02:00,A4,L,5.549,6,speedlimit
2026-09-05T02:07+02:00,A15,R,43.86,2,lane_closed
2026-09-05T02:07+02:00,A15,x,47.025,2,speedlimit
2026-09-05T02:07+02:00,A15,R,43.86,4,speedlimit
2026-09-05T02:07+02:00,A20,L,27.488,1,speedlimit
2026-09-05T02:07+02:00,A20,L,27.2,1,speedlimit
2026-09-05T02:07+02:00,A4,h,46.06,2,speedlimit
2026-09-05T02:07+02:00,A4,R,74.737,2,lane_closed
2026-09-05T02:07+02:00,A15,R,59.57,2,lane_closed
2026-09-05T02:07+02:00,A20,L,27.8,2,speedlimit
2026-09-05T02:07+02:00,A15,R,58.05,5,lane_closed
2026-09-05T02:07+02:00,A13,L,18.2,3,speedlimit
2026-09-05T02:07+02:00,A4,R,73.544,1,lane_closed
2026-09-05T02:07+02:00,A4,R,71.726,1,lane_closed
2026-09-05T02:07+02:00,A15,R,45.31,1,lane_closed
2026-09-05T02:07+02:00,A15,R,45.68,2,lane_closed
2026-09-05T02:07+02:00,A16,y,27.95,3,speedlimit
2026-09-05T02:07+02:00,A20,L,31.88,1,speedlimit
2026-09-05T02:07+02:00,A15,R,65.9,1,lane_closed_ahead
2026-09-05T02:07+02:00,A15,R,51.88,4,lane_closed
2026-09-05T02:07+02:00,A13,L,16.7,2,speedlimit
2026-09-05T02:07+02:00,A15,R,72.54,1,lane_closed
2026-09-05T02:07+02:00,A20,L,30.9,2,speedlimit
2026-09-05T02:07+02:00,A15,R,46.859,2,lane_closed
2026-09-05T02:07+02:00,A15,R,70.12,2,lane_closed_ahead
2026-09-05T02:07+02:00,A20,L,26.64,4,speedlimit
2026-09-05T02:07+02:00,A20,L,28.085,1,speedlimit
2026-09-05T02:07+02:00,A15,R,58.05,3,lane_closed
2026-09-05T02:07+02:00,A4,R,71.511,2,lane_closed
2026-09-05T02:07+02:00,A15,R,53.47,1,lane_closed
2026-09-05T02:07+02:00,A20,R,30.6,1,speedlimit
2026-09-05T02:07+02:00,A13,R,17.1,3,speedlimit
2026-09-05T02:07+02:00,A15,R,44.12,5,speedlimit
2026-09-05T02:07+02:00,A20,R,26.93,3,speedlimit
2026-09-05T02:07+02:00,A4,R,73.544,2,lane_closed
2026-09-05T02:07+02:00,A20,L,31.4,1,speedlimit
2026-09-05T02:07+02:00,A15,m,95.3,1,speedlimit
2026-09-05T02:07+02:00,A4,L,5.225,3,speedlimit
2026-09-05T02:07+02:00,A15,R,54.7,2,lane_closed
2026-09-05T02:07+02:00,A15,R,42.41,2,speedlimit
2026-09-05T02:07+02:00,A15,R,44.91,1,lane_closed
2026-09-05T02:07+02:00,A20,L,31.1,2,speedlimit
2026-09-05T02:07+02:00,A15,R,74.625,2,lane_closed
2026-09-05T02:07+02:00,A15,R,53.47,2,lane_closed
2026-09-05T02:07+02:00,A20,L,26.64,1,speedlimit
2026-09-05T02:07+02:00,A4,R,61.555,2,speedlimit
2026-09-05T02:07+02:00,A13,g,18.7,2,speedlimit
2026-09-05T02:07+02:00,A15,L,65.685,2,speedlimit
2026-09-05T02:07+02:00,A15,x,55.59,1,lane_closed
2026-09-05T02:07+02:00,A4,R,71.21,1,lane_closed
2026-09-05T02:07+02:00,A20,L,31.4,2,speedlimit
2026-09-05T02:07+02:00,A4,R,63.378,2,speedlimit
2026-09-05T02:07+02:00,A20,L,24.715,1,speedlimit
2026-09-05T02:07+02:00,A4,R,75.214,2,lane_closed
2026-09-05T02:07+02:00,A15,R,46.356,2,lane_closed
2026-09-05T02:07+02:00,A15,R,71.42,3,lane_closed
2026-09-05T02:07+02:00,A20,L,24.715,4,lane_closed
2026-09-05T02:07+02:00,A13,L,15.9,3,lane_closed
2026-09-05T02:07+02:00,A20,L,24.715,3,speedlimit
2026-09-05T02:07+02:00,A15,m,95.3,3,speedlimit
2026-09-05T02:07+02:00,A4,R,70.711,1,lane_closed
2026-09-05T02:07+02:00,A4,L,2.006,4,lane_closed
2026-09-05T02:07+02:00,A15,x,55.14,1,lane_closed
2026-09-05T02:07+02:00,A15,R,75.075,1,lane_closed
2026-09-05T02:07+02:00,A15,R,56.1,3,lane_closed
2026-09-05T02:07+02:00,A15,R,43.57,1,lane_closed
2026-09-05T02:07+02:00,A13,R,16.2,1,speedlimit
2026-09-05T02:07+02:00,A15,R,73.25,2,lane_closed
2026-09-05T02:07+02:00,A4,R,74.737,4,speedlimit
2026-09-05T02:07+02:00,A15,R,49.99,2,lane_closed
2026-09-05T02:07+02:00,A13,R,18.5,2,speedlimit
2026-09-05T02:07+02:00,A20,L,30.196,1,speedlimit
2026-09-05T02:07+02:00,A4,R,51.388,3,speedlimit
2026-09-05T02:07+02:00,A4,R,76.6,3,lane_closed
2026-09-05T02:07+02:00,A20,R,27.79,1,speedlimit
2026-09-05T02:07+02:00,A4,R,63.075,2,speedlimit
2026-09-05T02:07+02:00,A20,L,29.826,1,speedlimit
2026-09-05T02:07+02:00,A20,u,22.778,1,speedlimit
2026-09-05T02:07+02:00,A4,R,52.598,4,speedlimit
2026-09-05T02:07+02:00,A15,R,56.1,2,lane_closed
2026-09-05T02:07+02:00,A15,R,74.085,2,lane_closed
2026-09-05T02:07+02:00,A15,x,54.4,2,speedlimit
2026-09-05T02:07+02:00,A4,R,61.825,1,speedlimit
2026-09-05T02:07+02:00,A4,R,73.691,1,lane_closed
2026-09-05T02:07+02:00,A15,R,44.12,1,lane_closed
2026-09-05T02:07+02:00,A15,R,73.59,3,lane_closed
2026-09-05T02:07+02:00,A15,x,53.86,1,speedlimit
2026-09-05T02:07+02:00,A20,R,28.41,2,speedlimit
2026-09-05T02:07+02:00,A4,R,75.214,1,lane_closed
2026-09-05T02:07+02:00,A15,R,55.14,2,lane_closed
2026-09-05T02:07+02:00,A15,R,48.69,5,speedlimit
2026-09-05T02:07+02:00,A15,R,43.86,1,lane_closed
2026-09-05T02:07+02:00,A4,R,75.214,3,speedlimit
2026-09-05T02:07+02:00,A4,L,5.549,1,speedlimit
2026-09-05T02:07+02:00,A4,R,52.598,5,lane_closed
2026-09-05T02:07+02:00,A4,R,74.194,1,lane_closed
2026-09-05T02:07+02:00,A20,R,29.1,1,speedlimit
2026-09-05T02:07+02:00,A4,R,63.234,2,speedlimit
2026-09-05T02:07+02:00,A15,R,52.92,2,lane_closed
2026-09-05T02:07+02:00,A15,R,46.17,2,lane_closed
2026-09-05T02:07+02:00,A13,R,17.8,1,speedlimit
2026-09-05T02:07+02:00,A20,R,28.41,1,speedlimit
2026-09-05T02:07+02:00,A15,p,57.31,2,speedlimit
2026-09-05T02:07+02:00,A15,R,72.96,2,lane_closed
2026-09-05T02:07+02:00,A20,R,31.9,2,speedlimit
2026-09-05T02:07+02:00,A4,R,70.213,2,speedlimit
2026-09-05T02:07+02:00,A20,L,31.1,3,speedlimit
2026-09-05T02:07+02:00,A4,R,76.9,3,lane_closed
2026-09-05T02:07+02:00,A15,x,55.14,3,speedlimit
2026-09-05T02:07+02:00,A15,R,57.78,4,lane_closed
2026-09-05T02:07+02:00,A15,R,57.31,3,lane_closed
2026-09-05T02:07+02:00,A15,R,49.61,2,lane_closed
2026-09-05T02:07+02:00,A4,R,72.58,2,lane_closed
2026-09-05T02:07+02:00,A15,R,54.04,2,lane_closed
2026-09-05T02:07+02:00,A15,R,60.49,2,lane_closed
2026-09-05T02:07+02:00,A20,R,27.488,2,speedlimit
2026-09-05T02:07+02:00,A15,R,42.17,1,lane_closed_ahead
2026-09-05T02:07+02:00,A20,t,28.895,1,speedlimit
2026-09-05T02:07+02:00,A20,L,32.8,1,speedlimit
2026-09-05T02:07+02:00,A15,p,50.05,1,lane_closed
2026-09-05T02:07+02:00,A20,R,28.8,2,speedlimit
2026-09-05T02:07+02:00,A15,R,73.25,1,lane_closed
2026-09-05T02:07+02:00,A15,R,75.075,3,lane_closed
2026-09-05T02:07+02:00,A20,L,31.1,1,speedlimit
2026-09-05T02:07+02:00,A13,L,16.19,3,lane_closed
2026-09-05T02:07+02:00,A4,R,76.07,1,lane_closed
2026-09-05T02:07+02:00,A13,L,15.035,5,lane_closed
2026-09-05T02:07+02:00,A15,R,43.01,3,speedlimit
2026-09-05T02:07+02:00,A15,p,57.31,1,lane_closed
2026-09-05T02:07+02:00,A4,R,52.018,2,speedlimit
2026-09-05T02:07+02:00,A20,L,27.8,1,speedlimit
2026-09-05T02:07+02:00,A15,R,51.88,2,lane_closed
2026-09-05T02:07+02:00,A4,R,76.6,1,lane_closed
2026-09-05T02:07+02:00,A20,R,29.1,2,speedlimit
2026-09-05T02:07+02:00,A13,g,18.7,1,speedlimit
2026-09-05T02:07+02:00,A15,R,51.28,2,lane_closed
2026-09-05T02:07+02:00,A15,R,73.755,3,lane_closed
2026-09-05T02:07+02:00,A15,R,55.14,3,lane_closed
2026-09-05T02:07+02:00,A4,R,73.006,1,lane_closed
2026-09-05T02:07+02:00,A20,R,28.57,2,speedlimit
2026-09-05T02:07+02:00,A4,R,70.964,4,speedlimit
2026-09-05T02:07+02:00,A20,R,26.64,2,speedlimit
2026-09-05T02:07+02:00,A15,L,64.2,3,speedlimit
2026-09-05T02:07+02:00,A20,L,29.1,1,speedlimit
2026-09-05T02:07+02:00,A4,R,62.3,1,speedlimit
2026-09-05T02:07+02:00,A13,L,18.2,1,speedlimit
2026-09-05T02:07+02:00,A20,L,26.64,2,speedlimit
2026-09-05T02:07+02:00,A15,R,70.72,2,lane_closed
2026-09-05T02:07+02:00,A15,L,64.67,2,speedlimit
2026-09-05T02:07+02:00,A13,L,12.7,4,lane_closed
2026-09-05T02:07+02:00,A20,L,31.88,2,speedlimit
2026-09-05T02:07+02:00,A4,R,76.07,2,lane_closed
2026-09-05T02:07+02:00,A4,R,62.6,3,speedlimit
2026-09-05T02:07+02:00,A13,L,19.7,2,speedlimit
2026-09-05T02:07+02:00,A15,R,48.332,2,lane_closed
2026-09-05T02:07+02:00,A15,R,70.72,4,speedlimit
2026-09-05T02:07+02:00,A15,R,51.88,1,lane_closed
2026-09-05T02:07+02:00,A15,m,95.76,3,lane_closed
2026-09-05T02:07+02:00,A20,L,28.085,2,speedlimit
2026-09-05T02:07+02:00,A15,R,54.7,3,lane_closed
2026-09-05T02:07+02:00,A4,R,71.21,5,speedlimit
2026-09-05T02:07+02:00,A4,R,76.07,3,lane_closed
2026-09-05T02:07+02:00,A15,x,46.135,2,speedlimit
2026-09-05T02:07+02:00,A15,R,72.96,3,lane_closed
2026-09-05T02:07+02:00,A15,R,73.25,3,lane_closed
2026-09-05T02:07+02:00,A15,R,55.14,1,lane_closed
2026-09-05T02:07+02:00,A20,R,30.6,3,speedlimit
2026-09-05T02:07+02:00,A20,L,35.52,1,lane_closed
2026-09-05T02:07+02:00,A15,m,95.3,2,speedlimit
2026-09-05T02:07+02:00,A4,R,72.321,2,lane_closed
2026-09-05T02:07+02:00,A4,m,74.194,1,speedlimit
2026-09-05T02:07+02:00,A4,R,62.407,2,speedlimit
2026-09-05T02:07+02:00,A20,R,29.8,2,speedlimit
2026-09-05T02:07+02:00,A4,R,52.018,4,lane_closed
2026-09-05T02:07+02:00,A15,m,95.76,1,speedlimit
2026-09-05T02:07+02:00,A15,L,64.2,1,lane_closed
2026-09-05T02:07+02:00,A20,R,27.235,2,speedlimit
2026-09-05T02:07+02:00,A20,L,37.3,1,lane_closed
2026-09-05T02:07+02:00,A15,R,59.95,1,lane_closed
2026-09-05T02:07+02:00,A13,R,18.2,1,speedlimit
2026-09-05T02:07+02:00,A4,L,4.44,2,speedlimit
2026-09-05T02:07+02:00,A15,x,55.59,3,speedlimit
2026-09-05T02:07+02:00,A15,R,73.755,2,lane_closed
2026-09-05T02:07+02:00,A15,L,65.25,1,lane_closed_ahead
2026-09-05T02:07+02:00,A15,R,55.59,3,lane_closed
2026-09-05T02:07+02:00,A15,R,47.775,4,lane_closed
2026-09-05T02:07+02:00,A15,e,95.55,1,speedlimit
2026-09-05T02:07+02:00,A13,e,19.1,1,speedlimit
2026-09-05T02:07+02:00,A15,R,73.755,1,lane_closed
2026-09-05T02:07+02:00,A4,R,62.6,1,speedlimit
2026-09-05T02:07+02:00,A15,R,46.356,1,lane_closed
2026-09-05T02:07+02:00,A15,n,96.42,2,speedlimit
2026-09-05T02:07+02:00,A15,R,60.49,1,lane_closed
2026-09-05T02:07+02:00,A13,L,17.8,3,speedlimit
2026-09-05T02:07+02:00,A4,R,70.964,5,speedlimit
2026-09-05T02:07+02:00,A15,R,49.61,3,lane_closed
2026-09-05T02:07+02:00,A15,R,48.332,5,speedlimit
2026-09-05T02:07+02:00,A4,L,5.93,3,speedlimit
2026-09-05T02:07+02:00,A20,u,22.778,2,speedlimit
2026-09-05T02:07+02:00,A4,R,73.691,2,lane_closed
2026-09-05T02:07+02:00,A4,R,75.71,1,lane_closed
2026-09-05T02:07+02:00,A15,R,57.78,5,lane_closed
2026-09-05T02:07+02:00,A20,R,31.26,1,speedlimit
2026-09-05T02:07+02:00,A4,L,5.93,5,speedlimit
2026-09-05T02:07+02:00,A15,R,45.68,4,lane_closed
2026-09-05T02:07+02:00,A15,R,45.92,1,lane_closed
2026-09-05T02:07+02:00,A15,R,74.245,4,lane_closed
2026-09-05T02:07+02:00,A15,R,50.31,2,lane_closed
2026-09-05T02:07+02:00,A4,R,76.9,2,lane_closed
2026-09-05T02:07+02:00,A15,R,59.2,4,lane_closed
2026-09-05T02:07+02:00,A15,R,45.31,2,lane_closed
2026-09-05T02:07+02:00,A4,R,62.91,1,speedlimit
2026-09-05T02:07+02:00,A15,R,46.468,2,lane_closed
2026-09-05T02:07+02:00,A4,R,70.964,3,speedlimit
2026-09-05T02:07+02:00,A20,L,29.826,3,speedlimit
2026-09-05T02:07+02:00,A4,R,72.443,1,lane_closed
2026-09-05T02:07+02:00,A4,h,45.58,3,lane_closed
2026-09-05T02:07+02:00,A20,L,29.5,1,speedlimit
2026-09-05T02:07+02:00,A20,R,28.8,3,speedlimit
2026-09-05T02:07+02:00,A20,R,29.5,1,speedlimit
2026-09-05T02:07+02:00,A15,R,73.59,2,lane_closed
2026-09-05T02:07+02:00,A4,R,73.974,1,lane_closed
2026-09-05T02:07+02:00,A15,R,60.76,3,lane_closed
2026-09-05T02:07+02:00,A15,R,73.92,3,lane_closed
2026-09-05T02:07+02:00,A15,R,44.44,1,lane_closed
2026-09-05T02:07+02:00,A15,R,46.769,2,lane_closed
2026-09-05T02:07+02:00,A4,R,71.21,4,speedlimit
2026-09-05T02:07+02:00,A20,L,25.3,4,lane_closed
2026-09-05T02:07+02:00,A15,R,43.86,5,speedlimit
2026-09-05T02:07+02:00,A15,R,59.95,2,lane_closed
2026-09-05T02:07+02:00,A15,R,46.614,3,lane_closed
2026-09-05T02:07+02:00,A13,L,11.25,4,lane_closed
2026-09-05T02:07+02:00,A20,L,30.9,1,speedlimit
2026-09-05T02:07+02:00,A20,L,25.3,1,speedlimit
2026-09-05T02:07+02:00,A15,R,65.9,3,speedlimit
2026-09-05T02:07+02:00,A15,R,56.6,1,lane_closed
2026-09-05T02:07+02:00,A13,R,18.2,4,speedlimit
2026-09-05T02:07+02:00,A4,L,5.93,4,speedlimit
2026-09-05T02:07+02:00,A15,R,47.332,1,lane_closed
2026-09-05T02:07+02:00,A4,R,63.234,4,speedlimit
2026-09-05T02:07+02:00,A15,R,65.6,2,speedlimit
2026-09-05T02:07+02:00,A15,x,56.6,3,speedlimit
2026-09-05T02:07+02:00,A4,L,4.44,1,speedlimit
2026-09-05T02:07+02:00,A4,R,52.018,3,speedlimit
2026-09-05T02:07+02:00,A15,R,71.07,4,speedlimit
2026-09-05T02:07+02:00,A13,R,18.7,1,speedlimit
2026-09-05T02:07+02:00,A15,L,64.67,5,speedlimit
2026-09-05T02:07+02:00,A15,R,75.375,3,lane_closed
2026-09-05T02:07+02:00,A15,R,41.73,2,speedlimit
2026-09-05T02:07+02:00,A15,n,95.855,1,speedlimit
2026-09-05T02:07+02:00,A4,L,5.93,6,speedlimit
2026-09-05T02:07+02:00,A20,c,27.488,1,speedlimit
2026-09-05T02:07+02:00,A20,R,31.9,3,speedlimit
2026-09-05T02:07+02:00,A4,R,62.755,2,speedlimit
2026-09-05T02:07+02:00,A4,R,70.711,5,speedlimit
2026-09-05T02:07+02:00,A13,R,16.655,3,speedlimit
2026-09-05T02:07+02:00,A15,R,73.59,1,lane_closed
2026-09-05T02:07+02:00,A4,R,72.012,2,lane_closed
2026-09-05T02:07+02:00,A4,R,72.58,1,lane_closed
2026-09-05T02:07+02:00,A15,m,94.725,2,speedlimit
2026-09-05T02:07+02:00,A4,R,63.234,1,speedlimit
2026-09-05T02:07+02:00,A20,u,22.778,3,speedlimit
2026-09-05T02:07+02:00,A15,R,74.245,3,lane_closed
2026-09-05T02:07+02:00,A20,L,29.1,2,speedlimit
2026-09-05T02:07+02:00,A15,L,63.56,1,lane_closed
2026-09-05T02:07+02:00,A15,f,96.0,1,lane_closed
2026-09-05T02:07+02:00,A15,R,46.859,3,lane_closed
2026-09-05T02:07+02:00,A20,R,29.8,3,speedlimit
2026-09-05T02:07+02:00,A13,L,18.2,2,speedlimit
2026-09-05T02:07+02:00,A20,R,26.4,3,speedlimit
2026-09-05T02:07+02:00,A15,R,60.76,4,speedlimit
2026-09-05T02:07+02:00,A15,R,44.91,3,lane_closed
2026-09-05T02:07+02:00,A20,L,25.7,3,lane_closed
2026-09-05T02:07+02:00,A15,R,43.86,3,lane_closed
2026-09-05T02:07+02:00,A15,R,71.99,1,lane_closed
2026-09-05T02:07+02:00,A20,R,26.93,1,speedlimit
2026-09-05T02:07+02:00,A15,R,46.859,1,lane_closed
2026-09-05T02:07+02:00,A4,R,62.135,3,speedlimit
2026-09-05T02:07+02:00,A15,R,48.332,3,lane_closed
2026-09-05T02:07+02:00,A15,R,58.46,3,lane_closed
2026-09-05T02:07+02:00,A15,R,60.76,1,lane_closed
2026-09-05T02:07+02:00,A4,L,5.549,3,speedlimit
2026-09-05T02:07+02:00,A15,R,42.17,2,speedlimit
2026-09-05T02:07+02:00,A4,p,77.27,1,lane_closed
2026-09-05T02:07+02:00,A20,R,26.4,2,speedlimit
2026-09-05T02:07+02:00,A15,R,48.332,4,lane_closed
2026-09-05T02:07+02:00,A15,L,63.56,3,speedlimit
2026-09-05T02:07+02:00,A15,R,75.375,4,lane_closed
2026-09-05T02:07+02:00,A20,L,27.488,2,speedlimit
2026-09-05T02:07+02:00,A15,R,44.12,4,speedlimit
2026-09-05T02:07+02:00,A20,L,30.196,3,speedlimit
2026-09-05T02:07+02:00,A4,h,46.06,1,speedlimit
2026-09-05T02:07+02:00,A15,R,43.01,2,lane_closed
2026-09-05T02:07+02:00,A4,L,5.549,4,lane_closed_ahead
2026-09-05T02:07+02:00,A15,R,49.61,1,lane_closed
2026-09-05T02:07+02:00,A20,L,28.41,1,speedlimit
2026-09-05T02:07+02:00,A15,R,45.92,3,lane_closed
2026-09-05T02:07+02:00,A13,L,13.18,4,lane_closed
2026-09-05T02:07+02:00,A20,L,24.715,2,speedlimit
2026-09-05T02:07+02:00,A15,R,57.78,2,lane_closed
2026-09-05T02:07+02:00,A15,R,57.78,3,lane_closed
2026-09-05T02:07+02:00,A15,x,47.025,1,lane_closed
2026-09-05T02:07+02:00,A15,R,57.31,2,lane_closed
2026-09-05T02:07+02:00,A13,L,17.8,2,speedlimit
2026-09-05T02:07+02:00,A4,R,70.964,2,lane_closed
2026-09-05T02:07+02:00,A15,R,56.6,2,lane_closed
2026-09-05T02:07+02:00,A4,L,5.93,2,speedlimit
2026-09-05T02:07+02:00,A20,R,28.57,1,speedlimit
2026-09-05T02:07+02:00,A4,L,5.549,5,speedlimit
2026-09-05T02:07+02:00,A20,R,30.196,4,speedlimit
2026-09-05T02:07+02:00,A4,R,62.755,1,speedlimit
2026-09-05T02:07+02:00,A20,L,25.95,1,speedlimit
2026-09-05T02:07+02:00,A4,L,5.225,2,speedlimit
2026-09-05T02:07+02:00,A4,R,61.69,3,speedlimit
2026-09-05T02:07+02:00,A15,R,47.332,2,lane_closed
2026-09-05T02:07+02:00,A15,R,75.375,2,lane_closed
2026-09-05T02:07+02:00,A20,t,29.6,2,speedlimit
2026-09-05T02:07+02:00,A4,R,62.6,2,speedlimit
2026-09-05T02:07+02:00,A4,L,5.225,4,lane_closed
2026-09-05T02:07+02:00,A20,L,38.3,1,lane_closed_ahead
2026-09-05T02:07+02:00,A15,R,46.769,3,lane_closed
2026-09-05T02:07+02:00,A15,R,57.31,4,lane_closed
2026-09-05T02:07+02:00,A15,L,64.67,4,speedlimit
2026-09-05T02:07+02:00,A15,R,49.0,2,lane_closed
2026-09-05T02:07+02:00,A15,L,65.685,1,speedlimit
2026-09-05T02:07+02:00,A4,R,62.91,3,speedlimit
2026-09-05T02:07+02:00,A15,L,64.67,1,lane_closed
2026-09-05T02:07+02:00,A15,R,75.375,1,lane_closed
2026-09-05T02:07+02:00,A4,R,76.6,2,lane_closed
2026-09-05T02:07+02:00,A15,R,54.7,1,lane_closed
2026-09-05T02:07+02:00,A15,R,73.92,1,lane_closed
2026-09-05T02:07+02:00,A15,R,52.32,1,lane_closed
2026-09-05T02:07+02:00,A15,m,94.725,1,speedlimit
2026-09-05T02:07+02:00,A4,R,62.3,3,speedlimit
2026-09-05T02:07+02:00,A4,R,61.825,3,speedlimit
2026-09-05T02:07+02:00,A20,R,26.93,2,speedlimit
2026-09-05T02:07+02:00,A20,L,30.9,3,speedlimit
2026-09-05T02:07+02:00,A13,L,18.8,3,speedlimit
2026-09-05T02:07+02:00,A15,R,46.614,1,lane_closed
2026-09-05T02:07+02:00,A20,L,37.8,1,lane_closed
2026-09-05T02:07+02:00,A20,R,28.8,1,speedlimit
2026-09-05T02:07+02:00,A15,R,65.6,1,speedlimit
2026-09-05T02:07+02:00,A4,R,61.555,1,speedlimit
2026-09-05T02:07+02:00,A4,R,72.012,1,lane_closed
2026-09-05T02:07+02:00,A4,R,71.511,1,lane_closed
2026-09-05T02:07+02:00,A13,L,18.8,1,speedlimit
2026-09-05T02:07+02:00,A4,h,46.4,2,speedlimit
2026-09-05T02:07+02:00,A15,R,46.614,2,lane_closed
2026-09-05T02:07+02:00,A4,p,77.27,2,lane_closed
2026-09-05T02:07+02:00,A13,R,16.2,2,speedlimit
2026-09-05T02:07+02:00,A4,L,5.549,2,speedlimit
2026-09-05T02:07+02:00,A15,R,42.41,3,speedlimit
2026-09-05T02:07+02:00,A4,R,52.598,1,speedlimit
2026-09-05T02:07+02:00,A20,L,31.4,3,speedlimit
2026-09-05T02:07+02:00,A20,L,30.196,4,speedlimit
2026-09-05T02:07+02:00,A15,R,49.99,1,lane_closed
2026-09-05T02:07+02:00,A15,R,43.57,3,lane_closed_ahead
2026-09-05T02:07+02:00,A4,L,5.225,5,speedlimit
2026-09-05T02:07+02:00,A13,R,18.2,2,speedlimit
2026-09-05T02:07+02:00,A15,R,42.41,1,lane_closed
2026-09-05T02:07+02:00,A15,R,48.332,1,lane_closed
2026-09-05T02:07+02:00,A4,R,61.69,1,speedlimit
2026-09-05T02:07+02:00,A4,R,76.9,4,lane_closed
2026-09-05T02:07+02:00,A13,L,17.8,1,speedlimit
2026-09-05T02:07+02:00,A20,R,29.8,1,speedlimit
2026-09-05T02:07+02:00,A20,R,31.26,2,speedlimit
2026-09-05T02:07+02:00,A15,x,49.37,3,speedlimit
2026-09-05T02:07+02:00,A15,R,50.87,2,lane_closed
2026-09-05T02:07+02:00,A15,R,74.085,3,lane_closed
2026-09-05T02:07+02:00,A15,x,56.6,1,lane_closed
2026-09-05T02:07+02:00,A4,R,73.156,1,lane_closed
2026-09-05T02:07+02:00,A15,R,70.72,1,lane_closed
2026-09-05T02:07+02:00,A15,R,65.9,2,speedlimit
2026-09-05T02:07+02:00,A20,R,31.26,3,speedlimit
2026-09-05T02:07+02:00,A4,R,74.737,3,speedlimit
2026-09-05T02:07+02:00,A20,L,26.37,2,speedlimit
2026-09-05T02:07+02:00,A20,R,26.64,3,speedlimit
2026-09-05T02:07+02:00,A20,R,26.64,4,speedlimit
2026-09-05T02:07+02:00,A20,L,25.95,3,lane_closed
2026-09-05T02:07+02:00,A4,R,70.213,1,lane_closed_ahead
2026-09-05T02:07+02:00,A20,R,26.4,1,speedlimit
2026-09-05T02:07+02:00,A13,R,17.1,1,speedlimit
2026-09-05T02:07+02:00,A15,R,59.2,3,lane_closed
2026-09-05T02:07+02:00,A15,R,71.07,3,lane_closed
2026-09-05T02:07+02:00,A4,R,70.711,4,speedlimit
2026-09-05T02:07+02:00,A20,R,29.5,3,speedlimit
2026-09-05T02:07+02:00,A15,R,58.46,4,lane_closed
2026-09-05T02:07+02:00,A4,R,63.234,3,speedlimit
2026-09-05T02:07+02:00,A4,R,75.214,5,speedlimit
2026-09-05T02:07+02:00,A15,R,70.12,3,speedlimit
2026-09-05T02:07+02:00,A15,R,65.6,3,speedlimit
2026-09-05T02:07+02:00,A13,L,13.7,4,lane_closed
2026-09-05T02:07+02:00,A15,R,47.775,3,lane_closed
2026-09-05T02:07+02:00,A4,R,63.075,1,speedlimit
2026-09-05T02:07+02:00,A15,L,63.56,2,speedlimit
2026-09-05T02:07+02:00,A13,L,14.2,4,lane_closed
2026-09-05T02:07+02:00,A15,R,45.68,3,lane_closed
2026-09-05T02:07+02:00,A4,R,74.737,5,speedlimit
2026-09-05T02:07+02:00,A15,R,60.76,2,lane_closed
2026-09-05T02:07+02:00,A4,R,73.156,2,lane_closed
2026-09-05T02:07+02:00,A4,h,46.4,1,speedlimit
2026-09-05T02:07+02:00,A15,R,46.17,1,lane_closed
2026-09-05T02:07+02:00,A15,x,56.25,2,lane_closed
2026-09-05T02:07+02:00,A15,x,55.14,2,speedlimit
2026-09-05T02:07+02:00,A4,R,52.598,3,speedlimit
2026-09-05T02:07+02:00,A15,x,49.0,1,lane_closed
2026-09-05T02:07+02:00,A15,R,74.625,1,lane_closed
2026-09-05T02:07+02:00,A20,t,29.6,1,speedlimit
2026-09-05T02:07+02:00,A15,R,47.775,2,lane_closed
2026-09-05T02:07+02:00,A15,n,96.42,1,speedlimit
2026-09-05T02:07+02:00,A15,L,65.685,4,speedlimit
2026-09-05T02:07+02:00,A20,R,29.8,4,speedlimit
2026-09-05T02:07+02:00,A15,R,70.72,3,lane_closed_ahead
2026-09-05T02:07+02:00,A13,R,18.7,2,speedlimit
2026-09-05T02:07+02:00,A20,R,27.488,1,speedlimit
2026-09-05T02:07+02:00,A15,R,48.69,2,lane_closed
2026-09-05T02:07+02:00,A15,R,77.003,2,speedlimit
2026-09-05T02:07+02:00,A20,R,29.5,2,speedlimit
2026-09-05T02:07+02:00,A20,L,27.2,2,speedlimit
2026-09-05T02:07+02:00,A13,R,18.963,1,speedlimit
2026-09-05T02:07+02:00,A15,R,46.468,3,lane_closed
2026-09-05T02:07+02:00,A15,x,46.795,2,speedlimit
2026-09-05T02:07+02:00,A15,R,71.99,3,lane_closed
2026-09-05T02:07+02:00,A16,y,27.95,1,speedlimit
2026-09-05T02:07+02:00,A13,L,17.1,1,speedlimit
2026-09-05T02:07+02:00,A4,R,74.194,2,lane_closed
2026-09-05T02:07+02:00,A20,L,31.88,3,speedlimit
2026-09-05T02:07+02:00,A13,L,19.7,1,speedlimit
2026-09-05T02:07+02:00,A4,R,75.214,4,speedlimit
2026-09-05T02:07+02:00,A4,R,62.407,1,speedlimit
2026-09-05T02:07+02:00,A13,L,17.1,4,speedlimit
2026-09-05T02:07+02:00,A4,R,52.018,1,speedlimit
2026-09-05T02:07+02:00,A13,R,16.655,2,speedlimit
2026-09-05T02:07+02:00,A4,R,75.71,2,lane_closed
2026-09-05T02:07+02:00,A15,R,56.1,1,lane_closed
2026-09-05T02:07+02:00,A13,L,15.55,5,lane_closed
2026-09-05T02:07+02:00,A4,R,62.407,3,speedlimit
2026-09-05T02:07+02:00,A4,R,51.388,1,speedlimit
2026-09-05T02:07+02:00,A4,R,62.91,2,speedlimit
2026-09-05T02:07+02:00,A15,x,56.6,2,lane_closed
2026-09-05T02:07+02:00,A15,R,47.07,2,lane_closed
2026-09-05T02:07+02:00,A4,R,63.378,1,speedlimit
2026-09-05T02:07+02:00,A15,x,46.795,1,lane_closed_ahead
2026-09-05T02:07+02:00,A15,b,45.31,1,lane_closed
2026-09-05T02:07+02:00,A15,R,75.075,2,lane_closed
2026-09-05T02:07+02:00,A15,R,59.95,3,lane_closed
2026-09-05T02:07+02:00,A15,R,75.075,4,lane_closed
2026-09-05T02:07+02:00,A4,R,52.598,2,speedlimit
2026-09-05T02:07+02:00,A4,L,5.225,1,speedlimit
2026-09-05T02:07+02:00,A20,L,32.8,3,speedlimit
2026-09-05T02:07+02:00,A15,R,45.31,3,lane_closed
2026-09-05T02:07+02:00,A15,R,74.625,4,lane_closed
2026-09-05T02:07+02:00,A15,R,58.46,1,lane_closed
2026-09-05T02:07+02:00,A15,R,52.32,2,lane_closed
2026-09-05T02:07+02:00,A15,R,41.73,1,speedlimit
2026-09-05T02:07+02:00,A20,R,30.196,1,speedlimit
2026-09-05T02:07+02:00,A4,R,71.21,2,lane_closed
2026-09-05T02:07+02:00,A20,L,29.826,4,speedlimit
2026-09-05T02:07+02:00,A15,R,52.92,3,lane_closed
2026-09-05T02:07+02:00,A15,x,55.59,2,lane_closed_ahead
2026-09-05T02:07+02:00,A20,L,26.37,1,speedlimit
2026-09-05T02:07+02:00,A15,R,46.356,3,lane_closed
2026-09-05T02:07+02:00,A20,s,29.6,1,speedlimit
2026-09-05T02:07+02:00,A20,L,28.57,2,speedlimit
2026-09-05T02:07+02:00,A20,R,30.6,2,speedlimit
2026-09-05T02:07+02:00,A20,L,25.7,2,speedlimit
2026-09-05T02:07+02:00,A15,R,59.57,1,lane_closed
2026-09-05T02:07+02:00,A15,n,96.42,3,lane_closed
2026-09-05T02:07+02:00,A15,L,65.25,3,speedlimit
2026-09-05T02:07+02:00,A13,L,17.1,2,speedlimit
2026-09-05T02:07+02:00,A15,R,71.07,2,lane_closed
2026-09-05T02:07+02:00,A15,R,57.31,5,lane_closed
2026-09-05T02:07+02:00,A4,R,61.69,2,speedlimit
2026-09-05T02:07+02:00,A20,L,28.57,3,speedlimit
2026-09-05T02:07+02:00,A15,R,59.57,3,lane_closed
2026-09-05T02:07+02:00,A15,L,64.67,3,speedlimit
2026-09-05T02:07+02:00,A20,R,26.4,4,speedlimit
2026-09-05T02:07+02:00,A20,R,30.196,2,speedlimit
2026-09-05T02:07+02:00,A13,R,17.8,3,speedlimit
2026-09-05T02:07+02:00,A15,R,44.12,2,lane_closed
2026-09-05T02:07+02:00,A15,m,94.725,3,speedlimit
2026-09-05T02:07+02:00,A15,n,95.855,2,speedlimit
2026-09-05T02:48+02:00,A15,R,47.07,3,lane_closed
2026-09-05T02:48+02:00,A15,R,49.0,1,lane_closed
2026-09-05T02:48+02:00,A15,R,44.44,2,lane_closed
2026-09-05T02:48+02:00,A13,L,16.7,1,speedlimit
2026-09-05T02:48+02:00,A15,R,46.769,1,lane_closed
2026-09-05T02:48+02:00,A15,R,71.42,4,speedlimit
2026-09-05T02:48+02:00,A16,y,27.95,2,speedlimit
2026-09-05T02:48+02:00,A15,R,71.42,2,lane_closed
2026-09-05T02:48+02:00,A15,R,59.2,2,lane_closed
2026-09-05T02:48+02:00,A15,R,45.92,4,lane_closed
2026-09-05T02:48+02:00,A20,L,30.196,2,speedlimit
2026-09-05T02:48+02:00,A15,R,72.96,1,lane_closed
2026-09-05T02:48+02:00,A15,R,77.003,3,speedlimit
2026-09-05T02:48+02:00,A15,R,45.92,2,lane_closed
2026-09-05T02:48+02:00,A15,x,54.7,2,speedlimit
2026-09-05T02:48+02:00,A15,R,52.92,1,lane_closed
2026-09-05T02:48+02:00,A13,R,16.655,1,speedlimit
2026-09-05T02:48+02:00,A13,R,17.1,2,speedlimit
2026-09-05T02:48+02:00,A15,R,54.04,1,lane_closed
2026-09-05T02:48+02:00,A15,R,45.68,1,lane_closed
2026-09-05T02:48+02:00,A4,L,5.93,1,speedlimit
2026-09-05T02:48+02:00,A15,R,73.92,2,lane_closed
2026-09-05T02:48+02:00,A15,R,44.44,3,lane_closed
2026-09-05T02:48+02:00,A15,R,58.05,4,lane_closed
2026-09-05T02:48+02:00,A15,R,53.47,3,lane_closed
2026-09-05T02:48+02:00,A15,R,55.59,2,lane_closed
2026-09-05T02:48+02:00,A15,R,51.28,1,lane_closed
2026-09-05T02:48+02:00,A15,x,49.37,1,lane_closed
2026-09-05T02:48+02:00,A15,R,43.57,4,speedlimit
2026-09-05T02:48+02:00,A15,R,48.69,1,lane_closed
2026-09-05T02:48+02:00,A15,R,55.59,1,lane_closed
2026-09-05T02:48+02:00,A15,R,77.003,1,speedlimit
2026-09-05T02:48+02:00,A15,R,47.775,1,lane_closed
2026-09-05T02:48+02:00,A13,R,18.5,1,speedlimit
2026-09-05T02:48+02:00,A20,L,29.5,2,speedlimit
2026-09-05T02:48+02:00,A15,R,50.87,1,lane_closed
2026-09-05T02:48+02:00,A13,R,18.5,4,speedlimit
2026-09-05T02:48+02:00,A15,R,43.57,2,lane_closed
2026-09-05T02:48+02:00,A13,R,18.2,3,speedlimit
2026-09-05T02:48+02:00,A15,R,49.0,3,lane_closed
2026-09-05T02:48+02:00,A15,x,54.7,1,lane_closed
2026-09-05T02:48+02:00,A20,R,28.1,1,speedlimit
2026-09-05T02:48+02:00,A20,R,30.196,3,speedlimit
2026-09-05T02:48+02:00,A4,L,4.44,3,lane_closed
2026-09-05T02:48+02:00,A15,R,47.775,5,speedlimit
2026-09-05T02:48+02:00,A15,R,46.468,1,lane_closed
2026-09-05T02:48+02:00,A15,R,51.88,3,lane_closed
2026-09-05T02:48+02:00,A15,p,50.4,1,lane_closed
2026-09-05T02:48+02:00,A20,L,36.94,1,lane_closed
2026-09-05T02:48+02:00,A4,R,2.367,4,lane_closed
2026-09-05T02:48+02:00,A15,R,58.05,1,lane_closed
2026-09-05T02:48+02:00,A15,R,74.625,3,lane_closed
2026-09-05T02:48+02:00,A15,R,58.46,2,lane_closed
2026-09-05T02:48+02:00,A15,R,43.01,1,lane_closed
2026-09-05T02:48+02:00,A15,R,46.17,3,lane_closed
2026-09-05T02:48+02:00,A15,R,56.6,3,lane_closed
2026-09-05T02:48+02:00,A15,n,95.855,3,speedlimit
2026-09-05T02:48+02:00,A15,x,54.4,1,lane_closed
2026-09-05T02:48+02:00,A4,R,76.9,1,lane_closed
2026-09-05T02:48+02:00,A13,R,17.8,2,speedlimit
2026-09-05T02:48+02:00,A4,L,5.225,6,speedlimit
2026-09-05T02:48+02:00,A15,x,56.25,1,lane_closed
2026-09-05T02:48+02:00,A20,s,29.6,2,speedlimit
2026-09-05T02:48+02:00,A15,L,65.25,2,speedlimit
2026-09-05T02:48+02:00,A15,L,65.685,3,speedlimit
2026-09-05T02:48+02:00,A15,R,52.32,3,lane_closed
2026-09-05T02:48+02:00,A15,n,96.82,1,speedlimit
2026-09-05T02:48+02:00,A15,R,71.99,2,lane_closed
2026-09-05T02:48+02:00,A15,m,95.76,2,speedlimit
2026-09-05T02:48+02:00,A15,R,58.05,2,lane_closed
2026-09-05T02:48+02:00,A4,R,74.737,1,lane_closed_ahead
2026-09-05T02:48+02:00,A15,x,46.135,3,speedlimit
2026-09-05T02:48+02:00,A20,R,26.93,4,speedlimit
2026-09-05T02:48+02:00,A20,R,28.57,3,speedlimit
2026-09-05T02:48+02:00,A4,L,2.447,4,lane_closed
2026-09-05T02:48+02:00,A15,x,49.0,2,speedlimit
2026-09-05T02:48+02:00,A13,L,18.8,2,speedlimit
2026-09-05T02:48+02:00,A15,R,65.6,4,speedlimit
2026-09-05T02:48+02:00,A15,R,60.49,4,speedlimit
2026-09-05T02:48+02:00,A15,R,50.31,1,lane_closed
2026-09-05T02:48+02:00,A20,R,27.235,1,speedlimit
2026-09-05T02:48+02:00,A20,L,28.41,2,speedlimit
2026-09-05T02:48+02:00,A15,R,47.07,1,lane_closed
2026-09-05T02:48+02:00,A15,R,57.78,1,lane_closed
2026-09-05T02:48+02:00,A4,R,51.388,2,speedlimit
2026-09-05T02:48+02:00,A15,R,70.12,1,lane_closed
2026-09-05T02:48+02:00,A15,R,48.69,4,lane_closed
2026-09-05T02:48+02:00,A20,R,27.79,2,speedlimit
2026-09-05T02:48+02:00,A13,R,18.5,3,speedlimit
2026-09-05T02:48+02:00,A20,R,28.57,4,speedlimit
2026-09-05T02:48+02:00,A20,R,31.26,4,speedlimit
2026-09-05T02:48+02:00,A20,L,29.826,2,speedlimit
2026-09-05T02:48+02:00,A20,L,35.925,1,lane_closed
2026-09-05T02:48+02:00,A20,L,28.57,1,speedlimit
2026-09-05T02:48+02:00,A15,R,72.54,2,lane_closed
2026-09-05T02:48+02:00,A20,R,29.5,4,speedlimit
2026-09-05T02:48+02:00,A15,x,46.135,1,speedlimit
2026-09-05T02:48+02:00,A15,n,96.82,2,speedlimit
2026-09-05T02:48+02:00,A15,R,54.04,3,lane_closed
2026-09-05T02:48+02:00,A15,m,60.07,1,speedlimit
2026-09-05T02:48+02:00,A15,R,74.245,1,lane_closed
2026-09-05T02:48+02:00,A15,R,71.42,1,lane_closed
2026-09-05T02:48+02:00,A15,R,44.91,2,lane_closed
2026-09-05T02:48+02:00,A20,R,28.1,2,speedlimit
2026-09-05T02:48+02:00,A20,R,26.64,1,speedlimit
2026-09-05T02:48+02:00,A15,L,64.2,2,speedlimit
2026-09-05T02:48+02:00,A15,R,60.49,3,lane_closed
2026-09-05T02:48+02:00,A15,x,49.37,2,speedlimit
2026-09-05T02:48+02:00,A15,R,48.69,3,lane_closed
2026-09-05T02:48+02:00,A15,R,72.54,3,lane_closed
2026-09-05T02:48+02:00,A20,L,32.8,2,speedlimit
2026-09-05T02:48+02:00,A15,L,65.25,4,speedlimit
2026-09-05T02:48+02:00,A15,R,71.07,1,lane_closed
2026-09-05T02:48+02:00,A15,R,59.2,1,lane_closed
2026-09-05T02:48+02:00,A13,L,17.1,3,speedlimit
2026-09-05T02:48+02:00,A20,L,36.625,1,lane_closed
2026-09-05T02:48+02:00,A15,R,44.12,3,lane_closed
2026-09-05T02:48+02:00,A4,L,5.549,6,speedlimit
2026-09-05T02:48+02:00,A15,R,43.86,2,lane_closed
2026-09-05T02:48+02:00,A15,x,47.025,2,speedlimit
2026-09-05T02:48+02:00,A15,R,43.86,4,speedlimit
2026-09-05T02:48+02:00,A20,L,27.488,1,speedlimit
2026-09-05T02:48+02:00,A20,L,27.2,1,speedlimit
2026-09-05T02:48+02:00,A4,h,46.06,2,speedlimit
2026-09-05T02:48+02:00,A4,R,74.737,2,speedlimit
2026-09-05T02:48+02:00,A15,R,59.57,2,lane_closed
2026-09-05T02:48+02:00,A20,L,27.8,2,speedlimit
2026-09-05T02:48+02:00,A15,R,58.05,5,lane_closed
2026-09-05T02:48+02:00,A13,L,18.2,3,speedlimit
2026-09-05T02:48+02:00,A15,R,45.31,1,lane_closed
2026-09-05T02:48+02:00,A15,R,45.68,2,lane_closed
2026-09-05T02:48+02:00,A16,y,27.95,3,speedlimit
2026-09-05T02:48+02:00,A20,L,31.88,1,speedlimit
2026-09-05T02:48+02:00,A15,R,65.9,1,lane_closed_ahead
2026-09-05T02:48+02:00,A15,R,51.88,4,lane_closed
2026-09-05T02:48+02:00,A13,L,16.7,2,speedlimit
2026-09-05T02:48+02:00,A15,R,72.54,1,lane_closed
2026-09-05T02:48+02:00,A20,L,30.9,2,speedlimit
2026-09-05T02:48+02:00,A15,R,46.859,2,lane_closed
2026-09-05T02:48+02:00,A15,R,70.12,2,lane_closed_ahead
2026-09-05T02:48+02:00,A20,L,28.085,1,speedlimit
2026-09-05T02:48+02:00,A15,R,58.05,3,lane_closed
2026-09-05T02:48+02:00,A15,R,53.47,1,lane_closed
2026-09-05T02:48+02:00,A20,R,30.6,1,speedlimit
2026-09-05T02:48+02:00,A13,R,17.1,3,speedlimit
2026-09-05T02:48+02:00,A15,R,44.12,5,speedlimit
2026-09-05T02:48+02:00,A20,R,26.93,3,speedlimit
2026-09-05T02:48+02:00,A20,L,31.4,1,speedlimit
2026-09-05T02:48+02:00,A15,m,95.3,1,speedlimit
2026-09-05T02:48+02:00,A4,L,5.225,3,speedlimit
2026-09-05T02:48+02:00,A15,R,54.7,2,lane_closed
2026-09-05T02:48+02:00,A15,R,42.41,2,speedlimit
2026-09-05T02:48+02:00,A15,R,44.91,1,lane_closed
2026-09-05T02:48+02:00,A20,L,31.1,2,speedlimit
2026-09-05T02:48+02:00,A15,R,74.625,2,lane_closed
2026-09-05T02:48+02:00,A15,R,53.47,2,lane_closed
2026-09-05T02:48+02:00,A13,g,18.7,2,speedlimit
2026-09-05T02:48+02:00,A15,L,65.685,2,speedlimit
2026-09-05T02:48+02:00,A15,x,55.59,1,lane_closed
2026-09-05T02:48+02:00,A20,L,31.4,2,speedlimit
2026-09-05T02:48+02:00,A4,R,75.214,2,speedlimit
2026-09-05T02:48+02:00,A15,R,46.356,2,lane_closed
2026-09-05T02:48+02:00,A15,R,71.42,3,lane_closed
2026-09-05T02:48+02:00,A13,L,15.9,3,lane_closed
2026-09-05T02:48+02:00,A15,m,95.3,3,speedlimit
2026-09-05T02:48+02:00,A4,L,2.006,4,lane_closed
2026-09-05T02:48+02:00,A15,x,55.14,1,lane_closed
2026-09-05T02:48+02:00,A15,R,75.075,1,lane_closed
2026-09-05T02:48+02:00,A15,R,56.1,3,lane_closed
2026-09-05T02:48+02:00,A15,R,43.57,1,lane_closed
2026-09-05T02:48+02:00,A13,R,16.2,1,speedlimit
2026-09-05T02:48+02:00,A15,R,73.25,2,lane_closed
2026-09-05T02:48+02:00,A4,R,74.737,4,speedlimit
2026-09-05T02:48+02:00,A15,R,49.99,2,lane_closed
2026-09-05T02:48+02:00,A13,R,18.5,2,speedlimit
2026-09-05T02:48+02:00,A20,L,30.196,1,speedlimit
2026-09-05T02:48+02:00,A4,R,51.388,3,speedlimit
2026-09-05T02:48+02:00,A4,R,76.6,3,speedlimit
2026-09-05T02:48+02:00,A20,R,27.79,1,speedlimit
2026-09-05T02:48+02:00,A20,L,29.826,1,speedlimit
2026-09-05T02:48+02:00,A4,R,52.598,4,speedlimit
2026-09-05T02:48+02:00,A15,R,56.1,2,lane_closed
2026-09-05T02:48+02:00,A15,R,74.085,2,lane_closed
2026-09-05T02:48+02:00,A15,x,54.4,2,speedlimit
2026-09-05T02:48+02:00,A15,R,44.12,1,lane_closed
2026-09-05T02:48+02:00,A15,R,73.59,3,lane_closed
2026-09-05T02:48+02:00,A15,x,53.86,1,speedlimit
2026-09-05T02:48+02:00,A20,R,28.41,2,speedlimit
2026-09-05T02:48+02:00,A4,R,75.214,1,lane_closed
2026-09-05T02:48+02:00,A15,R,55.14,2,lane_closed
2026-09-05T02:48+02:00,A15,R,48.69,5,speedlimit
2026-09-05T02:48+02:00,A15,R,43.86,1,lane_closed
2026-09-05T02:48+02:00,A4,R,75.214,3,speedlimit
2026-09-05T02:48+02:00,A4,L,5.549,1,speedlimit
2026-09-05T02:48+02:00,A4,R,52.598,5,lane_closed
2026-09-05T02:48+02:00,A4,R,74.194,1,speedlimit
2026-09-05T02:48+02:00,A20,R,29.1,1,speedlimit
2026-09-05T02:48+02:00,A15,R,52.92,2,lane_closed
2026-09-05T02:48+02:00,A15,R,46.17,2,lane_closed
2026-09-05T02:48+02:00,A13,R,17.8,1,speedlimit
2026-09-05T02:48+02:00,A20,R,28.41,1,speedlimit
2026-09-05T02:48+02:00,A15,p,57.31,2,speedlimit
2026-09-05T02:48+02:00,A15,R,72.96,2,lane_closed
2026-09-05T02:48+02:00,A20,R,31.9,2,speedlimit
2026-09-05T02:48+02:00,A20,L,31.1,3,speedlimit
2026-09-05T02:48+02:00,A4,R,76.9,3,lane_closed
2026-09-05T02:48+02:00,A15,x,55.14,3,speedlimit
2026-09-05T02:48+02:00,A15,R,57.78,4,lane_closed
2026-09-05T02:48+02:00,A15,R,57.31,3,lane_closed
2026-09-05T02:48+02:00,A15,R,49.61,2,lane_closed
2026-09-05T02:48+02:00,A15,R,54.04,2,lane_closed
2026-09-05T02:48+02:00,A15,R,60.49,2,lane_closed
2026-09-05T02:48+02:00,A20,R,27.488,2,speedlimit
2026-09-05T02:48+02:00,A15,R,42.17,1,lane_closed_ahead
2026-09-05T02:48+02:00,A20,t,28.895,1,speedlimit
2026-09-05T02:48+02:00,A20,L,32.8,1,speedlimit
2026-09-05T02:48+02:00,A15,p,50.05,1,lane_closed
2026-09-05T02:48+02:00,A20,R,28.8,2,speedlimit
2026-09-05T02:48+02:00,A15,R,73.25,1,lane_closed
2026-09-05T02:48+02:00,A15,R,75.075,3,lane_closed
2026-09-05T02:48+02:00,A20,L,31.1,1,speedlimit
2026-09-05T02:48+02:00,A13,L,16.19,3,lane_closed
2026-09-05T02:48+02:00,A4,R,76.07,1,lane_closed
2026-09-05T02:48+02:00,A13,L,15.035,5,lane_closed
2026-09-05T02:48+02:00,A15,R,43.01,3,speedlimit
2026-09-05T02:48+02:00,A15,p,57.31,1,lane_closed
2026-09-05T02:48+02:00,A4,R,52.018,2,speedlimit
2026-09-05T02:48+02:00,A20,L,27.8,1,speedlimit
2026-09-05T02:48+02:00,A15,R,51.88,2,lane_closed
2026-09-05T02:48+02:00,A4,R,76.6,1,lane_closed
2026-09-05T02:48+02:00,A20,R,29.1,2,speedlimit
2026-09-05T02:48+02:00,A13,g,18.7,1,speedlimit
2026-09-05T02:48+02:00,A15,R,51.28,2,lane_closed
2026-09-05T02:48+02:00,A15,R,73.755,3,lane_closed
2026-09-05T02:48+02:00,A15,R,55.14,3,lane_closed
2026-09-05T02:48+02:00,A20,R,28.57,2,speedlimit
2026-09-05T02:48+02:00,A20,R,26.64,2,speedlimit
2026-09-05T02:48+02:00,A15,L,64.2,3,speedlimit
2026-09-05T02:48+02:00,A20,L,29.1,1,speedlimit
2026-09-05T02:48+02:00,A13,L,18.2,1,speedlimit
2026-09-05T02:48+02:00,A15,R,70.72,2,lane_closed
2026-09-05T02:48+02:00,A15,L,64.67,2,speedlimit
2026-09-05T02:48+02:00,A13,L,12.7,4,lane_closed
2026-09-05T02:48+02:00,A20,L,31.88,2,speedlimit
2026-09-05T02:48+02:00,A4,R,76.07,2,lane_closed
2026-09-05T02:48+02:00,A13,L,19.7,2,speedlimit
2026-09-05T02:48+02:00,A15,R,48.332,2,lane_closed
2026-09-05T02:48+02:00,A15,R,70.72,4,speedlimit
2026-09-05T02:48+02:00,A15,R,51.88,1,lane_closed
2026-09-05T02:48+02:00,A15,m,95.76,3,lane_closed
2026-09-05T02:48+02:00,A20,L,28.085,2,speedlimit
2026-09-05T02:48+02:00,A15,R,54.7,3,lane_closed
2026-09-05T02:48+02:00,A4,R,76.07,3,speedlimit
2026-09-05T02:48+02:00,A15,x,46.135,2,speedlimit
2026-09-05T02:48+02:00,A15,R,72.96,3,lane_closed
2026-09-05T02:48+02:00,A15,R,73.25,3,lane_closed
2026-09-05T02:48+02:00,A15,R,55.14,1,lane_closed
2026-09-05T02:48+02:00,A20,R,30.6,3,speedlimit
2026-09-05T02:48+02:00,A20,L,35.52,1,lane_closed
2026-09-05T02:48+02:00,A15,m,95.3,2,speedlimit
2026-09-05T02:48+02:00,A20,R,29.8,2,speedlimit
2026-09-05T02:48+02:00,A4,R,52.018,4,lane_closed
2026-09-05T02:48+02:00,A15,m,95.76,1,speedlimit
2026-09-05T02:48+02:00,A15,L,64.2,1,lane_closed
2026-09-05T02:48+02:00,A20,R,27.235,2,speedlimit
2026-09-05T02:48+02:00,A20,L,37.3,1,lane_closed
2026-09-05T02:48+02:00,A15,R,59.95,1,lane_closed
2026-09-05T02:48+02:00,A13,R,18.2,1,speedlimit
2026-09-05T02:48+02:00,A4,L,4.44,2,speedlimit
2026-09-05T02:48+02:00,A15,x,55.59,3,speedlimit
2026-09-05T02:48+02:00,A15,R,73.755,2,lane_closed
2026-09-05T02:48+02:00,A15,L,65.25,1,lane_closed_ahead
2026-09-05T02:48+02:00,A15,R,55.59,3,lane_closed
2026-09-05T02:48+02:00,A15,R,47.775,4,lane_closed
2026-09-05T02:48+02:00,A15,e,95.55,1,speedlimit
2026-09-05T02:48+02:00,A13,e,19.1,1,speedlimit
2026-09-05T02:48+02:00,A15,R,73.755,1,lane_closed
2026-09-05T02:48+02:00,A15,R,46.356,1,lane_closed
2026-09-05T02:48+02:00,A15,n,96.42,2,speedlimit
2026-09-05T02:48+02:00,A15,R,60.49,1,lane_closed
2026-09-05T02:48+02:00,A13,L,17.8,3,speedlimit
2026-09-05T02:48+02:00,A15,R,49.61,3,lane_closed
2026-09-05T02:48+02:00,A15,R,48.332,5,speedlimit
2026-09-05T02:48+02:00,A4,L,5.93,3,speedlimit
2026-09-05T02:48+02:00,A4,R,75.71,1,lane_closed
2026-09-05T02:48+02:00,A15,R,57.78,5,lane_closed
2026-09-05T02:48+02:00,A20,R,31.26,1,speedlimit
2026-09-05T02:48+02:00,A4,L,5.93,5,speedlimit
2026-09-05T02:48+02:00,A15,R,45.68,4,lane_closed
2026-09-05T02:48+02:00,A15,R,45.92,1,lane_closed
2026-09-05T02:48+02:00,A15,R,74.245,4,lane_closed
2026-09-05T02:48+02:00,A15,R,50.31,2,lane_closed
2026-09-05T02:48+02:00,A4,R,76.9,2,lane_closed
2026-09-05T02:48+02:00,A15,R,59.2,4,lane_closed
2026-09-05T02:48+02:00,A15,R,45.31,2,lane_closed
2026-09-05T02:48+02:00,A15,R,46.468,2,lane_closed
2026-09-05T02:48+02:00,A20,L,29.826,3,speedlimit
2026-09-05T02:48+02:00,A4,h,45.58,3,lane_closed
2026-09-05T02:48+02:00,A20,L,29.5,1,speedlimit
2026-09-05T02:48+02:00,A20,R,28.8,3,speedlimit
2026-09-05T02:48+02:00,A20,R,29.5,1,speedlimit
2026-09-05T02:48+02:00,A15,R,73.59,2,lane_closed
2026-09-05T02:48+02:00,A15,R,60.76,3,lane_closed
2026-09-05T02:48+02:00,A15,R,73.92,3,lane_closed
2026-09-05T02:48+02:00,A15,R,44.44,1,lane_closed
2026-09-05T02:48+02:00,A15,R,46.769,2,lane_closed
2026-09-05T02:48+02:00,A15,R,43.86,5,speedlimit
2026-09-05T02:48+02:00,A15,R,59.95,2,lane_closed
2026-09-05T02:48+02:00,A15,R,46.614,3,lane_closed
2026-09-05T02:48+02:00,A13,L,11.25,4,lane_closed
2026-09-05T02:48+02:00,A20,L,30.9,1,speedlimit
2026-09-05T02:48+02:00,A15,R,65.9,3,speedlimit
2026-09-05T02:48+02:00,A15,R,56.6,1,lane_closed
2026-09-05T02:48+02:00,A13,R,18.2,4,speedlimit
2026-09-05T02:48+02:00,A4,L,5.93,4,speedlimit
2026-09-05T02:48+02:00,A15,R,47.332,1,lane_closed
2026-09-05T02:48+02:00,A15,R,65.6,2,speedlimit
2026-09-05T02:48+02:00,A15,x,56.6,3,speedlimit
2026-09-05T02:48+02:00,A4,L,4.44,1,speedlimit
2026-09-05T02:48+02:00,A4,R,52.018,3,speedlimit
2026-09-05T02:48+02:00,A15,R,71.07,4,speedlimit
2026-09-05T02:48+02:00,A13,R,18.7,1,speedlimit
2026-09-05T02:48+02:00,A15,L,64.67,5,speedlimit
2026-09-05T02:48+02:00,A15,R,75.375,3,lane_closed
2026-09-05T02:48+02:00,A15,R,41.73,2,speedlimit
2026-09-05T02:48+02:00,A15,n,95.855,1,speedlimit
2026-09-05T02:48+02:00,A4,L,5.93,6,speedlimit
2026-09-05T02:48+02:00,A20,c,27.488,1,speedlimit
2026-09-05T02:48+02:00,A20,R,31.9,3,speedlimit
2026-09-05T02:48+02:00,A13,R,16.655,3,speedlimit
2026-09-05T02:48+02:00,A15,R,73.59,1,lane_closed
2026-09-05T02:48+02:00,A15,m,94.725,2,speedlimit
2026-09-05T02:48+02:00,A15,R,74.245,3,lane_closed
2026-09-05T02:48+02:00,A20,L,29.1,2,speedlimit
2026-09-05T02:48+02:00,A15,L,63.56,1,lane_closed
2026-09-05T02:48+02:00,A15,f,96.0,1,lane_closed
2026-09-05T02:48+02:00,A15,R,46.859,3,lane_closed
2026-09-05T02:48+02:00,A20,R,29.8,3,speedlimit
2026-09-05T02:48+02:00,A13,L,18.2,2,speedlimit
2026-09-05T02:48+02:00,A20,R,26.4,3,speedlimit
2026-09-05T02:48+02:00,A15,R,60.76,4,speedlimit
2026-09-05T02:48+02:00,A15,R,44.91,3,lane_closed
2026-09-05T02:48+02:00,A15,R,43.86,3,lane_closed
2026-09-05T02:48+02:00,A15,R,71.99,1,lane_closed
2026-09-05T02:48+02:00,A20,R,26.93,1,speedlimit
2026-09-05T02:48+02:00,A15,R,46.859,1,lane_closed
2026-09-05T02:48+02:00,A15,R,48.332,3,lane_closed
2026-09-05T02:48+02:00,A15,R,58.46,3,lane_closed
2026-09-05T02:48+02:00,A15,R,60.76,1,lane_closed
2026-09-05T02:48+02:00,A4,L,5.549,3,speedlimit
2026-09-05T02:48+02:00,A15,R,42.17,2,speedlimit
2026-09-05T02:48+02:00,A20,R,26.4,2,speedlimit
2026-09-05T02:48+02:00,A15,R,48.332,4,lane_closed
2026-09-05T02:48+02:00,A15,L,63.56,3,speedlimit
2026-09-05T02:48+02:00,A15,R,75.375,4,lane_closed
2026-09-05T02:48+02:00,A20,L,27.488,2,speedlimit
2026-09-05T02:48+02:00,A15,R,44.12,4,speedlimit
2026-09-05T02:48+02:00,A20,L,30.196,3,speedlimit
2026-09-05T02:48+02:00,A4,h,46.06,1,speedlimit
2026-09-05T02:48+02:00,A15,R,43.01,2,lane_closed
2026-09-05T02:48+02:00,A4,L,5.549,4,lane_closed_ahead
2026-09-05T02:48+02:00,A15,R,49.61,1,lane_closed
2026-09-05T02:48+02:00,A20,L,28.41,1,speedlimit
2026-09-05T02:48+02:00,A15,R,45.92,3,lane_closed
2026-09-05T02:48+02:00,A13,L,13.18,4,lane_closed
2026-09-05T02:48+02:00,A15,R,57.78,2,lane_closed
2026-09-05T02:48+02:00,A15,R,57.78,3,lane_closed
2026-09-05T02:48+02:00,A15,x,47.025,1,lane_closed
2026-09-05T02:48+02:00,A15,R,57.31,2,lane_closed
2026-09-05T02:48+02:00,A13,L,17.8,2,speedlimit
2026-09-05T02:48+02:00,A15,R,56.6,2,lane_closed
2026-09-05T02:48+02:00,A4,L,5.93,2,speedlimit
2026-09-05T02:48+02:00,A20,R,28.57,1,speedlimit
2026-09-05T02:48+02:00,A4,L,5.549,5,speedlimit
2026-09-05T02:48+02:00,A20,R,30.196,4,speedlimit
2026-09-05T02:48+02:00,A4,L,5.225,2,speedlimit
2026-09-05T02:48+02:00,A15,R,47.332,2,lane_closed
2026-09-05T02:48+02:00,A15,R,75.375,2,lane_closed
2026-09-05T02:48+02:00,A20,t,29.6,2,speedlimit
2026-09-05T02:48+02:00,A4,L,5.225,4,lane_closed
2026-09-05T02:48+02:00,A20,L,38.3,1,lane_closed_ahead
2026-09-05T02:48+02:00,A15,R,46.769,3,lane_closed
2026-09-05T02:48+02:00,A15,R,57.31,4,lane_closed
2026-09-05T02:48+02:00,A15,L,64.67,4,speedlimit
2026-09-05T02:48+02:00,A15,R,49.0,2,lane_closed
2026-09-05T02:48+02:00,A15,L,65.685,1,speedlimit
2026-09-05T02:48+02:00,A15,L,64.67,1,lane_closed
2026-09-05T02:48+02:00,A15,R,75.375,1,lane_closed
2026-09-05T02:48+02:00,A4,R,76.6,2,lane_closed
2026-09-05T02:48+02:00,A15,R,54.7,1,lane_closed
2026-09-05T02:48+02:00,A15,R,73.92,1,lane_closed
2026-09-05T02:48+02:00,A15,R,52.32,1,lane_closed
2026-09-05T02:48+02:00,A15,m,94.725,1,speedlimit
2026-09-05T02:48+02:00,A20,R,26.93,2,speedlimit
2026-09-05T02:48+02:00,A20,L,30.9,3,speedlimit
2026-09-05T02:48+02:00,A13,L,18.8,3,speedlimit
2026-09-05T02:48+02:00,A15,R,46.614,1,lane_closed
2026-09-05T02:48+02:00,A20,L,37.8,1,lane_closed
2026-09-05T02:48+02:00,A20,R,28.8,1,speedlimit
2026-09-05T02:48+02:00,A15,R,65.6,1,speedlimit
2026-09-05T02:48+02:00,A13,L,18.8,1,speedlimit
2026-09-05T02:48+02:00,A4,h,46.4,2,speedlimit
2026-09-05T02:48+02:00,A15,R,46.614,2,lane_closed
2026-09-05T02:48+02:00,A13,R,16.2,2,speedlimit
2026-09-05T02:48+02:00,A4,L,5.549,2,speedlimit
2026-09-05T02:48+02:00,A15,R,42.41,3,speedlimit
2026-09-05T02:48+02:00,A4,R,52.598,1,speedlimit
2026-09-05T02:48+02:00,A20,L,31.4,3,speedlimit
2026-09-05T02:48+02:00,A20,L,30.196,4,speedlimit
2026-09-05T02:48+02:00,A15,R,49.99,1,lane_closed
2026-09-05T02:48+02:00,A15,R,43.57,3,lane_closed_ahead
2026-09-05T02:48+02:00,A4,L,5.225,5,speedlimit
2026-09-05T02:48+02:00,A13,R,18.2,2,speedlimit
2026-09-05T02:48+02:00,A15,R,42.41,1,lane_closed
2026-09-05T02:48+02:00,A15,R,48.332,1,lane_closed
2026-09-05T02:48+02:00,A4,R,76.9,4,speedlimit
2026-09-05T02:48+02:00,A13,L,17.8,1,speedlimit
2026-09-05T02:48+02:00,A20,R,29.8,1,speedlimit
2026-09-05T02:48+02:00,A20,R,31.26,2,speedlimit
2026-09-05T02:48+02:00,A15,x,49.37,3,speedlimit
2026-09-05T02:48+02:00,A15,R,50.87,2,lane_closed
2026-09-05T02:48+02:00,A15,R,74.085,3,lane_closed
2026-09-05T02:48+02:00,A15,x,56.6,1,lane_closed
2026-09-05T02:48+02:00,A15,R,70.72,1,lane_closed
2026-09-05T02:48+02:00,A15,R,65.9,2,speedlimit
2026-09-05T02:48+02:00,A20,R,31.26,3,speedlimit
2026-09-05T02:48+02:00,A4,R,74.737,3,speedlimit
2026-09-05T02:48+02:00,A20,R,26.64,3,speedlimit
2026-09-05T02:48+02:00,A20,R,26.64,4,speedlimit
2026-09-05T02:48+02:00,A20,R,26.4,1,speedlimit
2026-09-05T02:48+02:00,A13,R,17.1,1,speedlimit
2026-09-05T02:48+02:00,A15,R,59.2,3,lane_closed
2026-09-05T02:48+02:00,A15,R,71.07,3,lane_closed
2026-09-05T02:48+02:00,A20,R,29.5,3,speedlimit
2026-09-05T02:48+02:00,A15,R,58.46,4,lane_closed
2026-09-05T02:48+02:00,A4,R,75.214,5,speedlimit
2026-09-05T02:48+02:00,A15,R,70.12,3,speedlimit
2026-09-05T02:48+02:00,A15,R,65.6,3,speedlimit
2026-09-05T02:48+02:00,A13,L,13.7,4,lane_closed
2026-09-05T02:48+02:00,A15,R,47.775,3,lane_closed
2026-09-05T02:48+02:00,A15,L,63.56,2,speedlimit
2026-09-05T02:48+02:00,A13,L,14.2,4,lane_closed
2026-09-05T02:48+02:00,A15,R,45.68,3,lane_closed
2026-09-05T02:48+02:00,A4,R,74.737,5,speedlimit
2026-09-05T02:48+02:00,A15,R,60.76,2,lane_closed
2026-09-05T02:48+02:00,A4,h,46.4,1,speedlimit
2026-09-05T02:48+02:00,A15,R,46.17,1,lane_closed
2026-09-05T02:48+02:00,A15,x,56.25,2,lane_closed
2026-09-05T02:48+02:00,A15,x,55.14,2,speedlimit
2026-09-05T02:48+02:00,A4,R,52.598,3,speedlimit
2026-09-05T02:48+02:00,A15,x,49.0,1,lane_closed
2026-09-05T02:48+02:00,A15,R,74.625,1,lane_closed
2026-09-05T02:48+02:00,A20,t,29.6,1,speedlimit
2026-09-05T02:48+02:00,A15,R,47.775,2,lane_closed
2026-09-05T02:48+02:00,A15,n,96.42,1,speedlimit
2026-09-05T02:48+02:00,A15,L,65.685,4,speedlimit
2026-09-05T02:48+02:00,A20,R,29.8,4,speedlimit
2026-09-05T02:48+02:00,A15,R,70.72,3,lane_closed_ahead
2026-09-05T02:48+02:00,A13,R,18.7,2,speedlimit
2026-09-05T02:48+02:00,A20,R,27.488,1,speedlimit
2026-09-05T02:48+02:00,A15,R,48.69,2,lane_closed
2026-09-05T02:48+02:00,A15,R,77.003,2,speedlimit
2026-09-05T02:48+02:00,A20,R,29.5,2,speedlimit
2026-09-05T02:48+02:00,A20,L,27.2,2,speedlimit
2026-09-05T02:48+02:00,A13,R,18.963,1,speedlimit
2026-09-05T02:48+02:00,A15,R,46.468,3,lane_closed
2026-09-05T02:48+02:00,A15,x,46.795,2,speedlimit
2026-09-05T02:48+02:00,A15,R,71.99,3,lane_closed
2026-09-05T02:48+02:00,A16,y,27.95,1,speedlimit
2026-09-05T02:48+02:00,A13,L,17.1,1,speedlimit
2026-09-05T02:48+02:00,A4,R,74.194,2,speedlimit
2026-09-05T02:48+02:00,A20,L,31.88,3,speedlimit
2026-09-05T02:48+02:00,A13,L,19.7,1,speedlimit
2026-09-05T02:48+02:00,A4,R,75.214,4,speedlimit
2026-09-05T02:48+02:00,A13,L,17.1,4,speedlimit
2026-09-05T02:48+02:00,A4,R,52.018,1,speedlimit
2026-09-05T02:48+02:00,A13,R,16.655,2,speedlimit
2026-09-05T02:48+02:00,A4,R,75.71,2,speedlimit
2026-09-05T02:48+02:00,A15,R,56.1,1,lane_closed
2026-09-05T02:48+02:00,A13,L,15.55,5,lane_closed
2026-09-05T02:48+02:00,A4,R,51.388,1,speedlimit
2026-09-05T02:48+02:00,A15,x,56.6,2,lane_closed
2026-09-05T02:48+02:00,A15,R,47.07,2,lane_closed
2026-09-05T02:48+02:00,A15,x,46.795,1,lane_closed_ahead
2026-09-05T02:48+02:00,A15,b,45.31,1,lane_closed
2026-09-05T02:48+02:00,A15,R,75.075,2,lane_closed
2026-09-05T02:48+02:00,A15,R,59.95,3,lane_closed
2026-09-05T02:48+02:00,A15,R,75.075,4,lane_closed
2026-09-05T02:48+02:00,A4,R,52.598,2,speedlimit
2026-09-05T02:48+02:00,A4,L,5.225,1,speedlimit
2026-09-05T02:48+02:00,A20,L,32.8,3,speedlimit
2026-09-05T02:48+02:00,A15,R,45.31,3,lane_closed
2026-09-05T02:48+02:00,A15,R,74.625,4,lane_closed
2026-09-05T02:48+02:00,A15,R,58.46,1,lane_closed
2026-09-05T02:48+02:00,A15,R,52.32,2,lane_closed
2026-09-05T02:48+02:00,A15,R,41.73,1,speedlimit
2026-09-05T02:48+02:00,A20,R,30.196,1,speedlimit
2026-09-05T02:48+02:00,A20,L,29.826,4,speedlimit
2026-09-05T02:48+02:00,A15,R,52.92,3,lane_closed
2026-09-05T02:48+02:00,A15,x,55.59,2,lane_closed_ahead
2026-09-05T02:48+02:00,A15,R,46.356,3,lane_closed
2026-09-05T02:48+02:00,A20,s,29.6,1,speedlimit
2026-09-05T02:48+02:00,A20,L,28.57,2,speedlimit
2026-09-05T02:48+02:00,A20,R,30.6,2,speedlimit
2026-09-05T02:48+02:00,A15,R,59.57,1,lane_closed
2026-09-05T02:48+02:00,A15,n,96.42,3,lane_closed
2026-09-05T02:48+02:00,A15,L,65.25,3,speedlimit
2026-09-05T02:48+02:00,A13,L,17.1,2,speedlimit
2026-09-05T02:48+02:00,A15,R,71.07,2,lane_closed
2026-09-05T02:48+02:00,A15,R,57.31,5,lane_closed
2026-09-05T02:48+02:00,A20,L,28.57,3,speedlimit
2026-09-05T02:48+02:00,A15,R,59.57,3,lane_closed
2026-09-05T02:48+02:00,A15,L,64.67,3,speedlimit
2026-09-05T02:48+02:00,A20,R,26.4,4,speedlimit
2026-09-05T02:48+02:00,A20,R,30.196,2,speedlimit
2026-09-05T02:48+02:00,A13,R,17.8,3,speedlimit
2026-09-05T02:48+02:00,A15,R,44.12,2,lane_closed
2026-09-05T02:48+02:00,A15,m,94.725,3,speedlimit
2026-09-05T02:48+02:00,A15,n,95.855,2,speedlimit
2026-09-05T04:50+02:00,A15,R,47.07,3,speedlimit
2026-09-05T04:50+02:00,A15,R,49.0,1,lane_closed
2026-09-05T04:50+02:00,A13,L,16.7,1,speedlimit
2026-09-05T04:50+02:00,A15,R,46.769,1,speedlimit
2026-09-05T04:50+02:00,A15,R,59.2,2,lane_closed
2026-09-05T04:50+02:00,A15,R,45.92,4,speedlimit
2026-09-05T04:50+02:00,A20,L,30.196,2,speedlimit
2026-09-05T04:50+02:00,A15,R,77.003,3,speedlimit
2026-09-05T04:50+02:00,A15,R,45.92,2,speedlimit
2026-09-05T04:50+02:00,A15,R,52.92,1,lane_closed
2026-09-05T04:50+02:00,A13,R,16.655,1,speedlimit
2026-09-05T04:50+02:00,A13,R,17.1,2,speedlimit
2026-09-05T04:50+02:00,A15,R,54.04,1,lane_closed
2026-09-05T04:50+02:00,A4,L,5.93,1,speedlimit
2026-09-05T04:50+02:00,A4,R,15.529,5,speedlimit
2026-09-05T04:50+02:00,A15,R,58.05,4,lane_closed
2026-09-05T04:50+02:00,A15,R,53.47,3,lane_closed
2026-09-05T04:50+02:00,A15,R,55.59,2,lane_closed
2026-09-05T04:50+02:00,A15,R,51.28,1,lane_closed
2026-09-05T04:50+02:00,A15,R,48.69,1,lane_closed
2026-09-05T04:50+02:00,A15,R,55.59,1,lane_closed
2026-09-05T04:50+02:00,A15,R,77.003,1,speedlimit
2026-09-05T04:50+02:00,A15,R,47.775,1,lane_closed
2026-09-05T04:50+02:00,A13,R,18.5,1,speedlimit
2026-09-05T04:50+02:00,A20,L,29.5,2,speedlimit
2026-09-05T04:50+02:00,A15,R,50.87,1,lane_closed
2026-09-05T04:50+02:00,A13,R,18.5,4,speedlimit
2026-09-05T04:50+02:00,A13,R,18.2,3,speedlimit
2026-09-05T04:50+02:00,A15,R,49.0,3,lane_closed
2026-09-05T04:50+02:00,A20,R,28.1,1,speedlimit
2026-09-05T04:50+02:00,A20,R,30.196,3,speedlimit
2026-09-05T04:50+02:00,A4,L,4.44,3,lane_closed
2026-09-05T04:50+02:00,A15,R,47.775,5,speedlimit
2026-09-05T04:50+02:00,A4,R,15.529,2,speedlimit
2026-09-05T04:50+02:00,A15,R,46.468,1,speedlimit
2026-09-05T04:50+02:00,A15,R,51.88,3,lane_closed
2026-09-05T04:50+02:00,A15,p,50.4,1,lane_closed
2026-09-05T04:50+02:00,A20,L,36.94,1,lane_closed
2026-09-05T04:50+02:00,A4,R,2.367,4,lane_closed
2026-09-05T04:50+02:00,A15,R,58.05,1,lane_closed
2026-09-05T04:50+02:00,A15,R,58.46,2,lane_closed
2026-09-05T04:50+02:00,A15,R,46.17,3,speedlimit
2026-09-05T04:50+02:00,A15,R,56.6,3,lane_closed
2026-09-05T04:50+02:00,A15,n,95.855,3,speedlimit
2026-09-05T04:50+02:00,A4,R,76.9,1,lane_closed
2026-09-05T04:50+02:00,A13,R,17.8,2,speedlimit
2026-09-05T04:50+02:00,A4,L,5.225,6,speedlimit
2026-09-05T04:50+02:00,A15,x,56.25,1,lane_closed
2026-09-05T04:50+02:00,A20,s,29.6,2,speedlimit
2026-09-05T04:50+02:00,A15,L,65.25,2,speedlimit
2026-09-05T04:50+02:00,A15,L,65.685,3,speedlimit
2026-09-05T04:50+02:00,A15,R,52.32,3,lane_closed
2026-09-05T04:50+02:00,A15,n,96.82,1,speedlimit
2026-09-05T04:50+02:00,A15,m,95.76,2,speedlimit
2026-09-05T04:50+02:00,A15,R,58.05,2,lane_closed
2026-09-05T04:50+02:00,A4,R,74.737,1,lane_closed_ahead
2026-09-05T04:50+02:00,A4,R,16.07,6,speedlimit
2026-09-05T04:50+02:00,A20,R,26.93,4,speedlimit
2026-09-05T04:50+02:00,A20,R,28.57,3,speedlimit
2026-09-05T04:50+02:00,A4,L,2.447,4,lane_closed
2026-09-05T04:50+02:00,A13,L,18.8,2,speedlimit
2026-09-05T04:50+02:00,A15,R,60.49,4,speedlimit
2026-09-05T04:50+02:00,A4,R,15.183,5,speedlimit
2026-09-05T04:50+02:00,A15,R,50.31,1,lane_closed
2026-09-05T04:50+02:00,A20,R,27.235,1,speedlimit
2026-09-05T04:50+02:00,A4,R,15.529,6,speedlimit
2026-09-05T04:50+02:00,A20,L,28.41,2,speedlimit
2026-09-05T04:50+02:00,A15,R,47.07,1,lane_closed_ahead
2026-09-05T04:50+02:00,A15,R,57.78,1,lane_closed
2026-09-05T04:50+02:00,A4,R,51.388,2,speedlimit
2026-09-05T04:50+02:00,A15,R,48.69,4,speedlimit
2026-09-05T04:50+02:00,A20,R,27.79,2,speedlimit
2026-09-05T04:50+02:00,A13,R,18.5,3,speedlimit
2026-09-05T04:50+02:00,A20,R,28.57,4,speedlimit
2026-09-05T04:50+02:00,A20,R,31.26,4,speedlimit
2026-09-05T04:50+02:00,A20,L,29.826,2,speedlimit
2026-09-05T04:50+02:00,A20,L,35.925,1,lane_closed
2026-09-05T04:50+02:00,A20,L,28.57,1,speedlimit
2026-09-05T04:50+02:00,A20,R,29.5,4,speedlimit
2026-09-05T04:50+02:00,A15,n,96.82,2,speedlimit
2026-09-05T04:50+02:00,A15,R,54.04,3,lane_closed
2026-09-05T04:50+02:00,A15,m,60.07,1,speedlimit
2026-09-05T04:50+02:00,A20,R,28.1,2,speedlimit
2026-09-05T04:50+02:00,A20,R,26.64,1,speedlimit
2026-09-05T04:50+02:00,A15,L,64.2,2,speedlimit
2026-09-05T04:50+02:00,A15,R,60.49,3,lane_closed
2026-09-05T04:50+02:00,A15,R,48.69,3,lane_closed
2026-09-05T04:50+02:00,A20,L,32.8,2,speedlimit
2026-09-05T04:50+02:00,A15,L,65.25,4,speedlimit
2026-09-05T04:50+02:00,A15,R,59.2,1,lane_closed
2026-09-05T04:50+02:00,A13,L,17.1,3,speedlimit
2026-09-05T04:50+02:00,A20,L,36.625,1,lane_closed
2026-09-05T04:50+02:00,A4,L,5.549,6,speedlimit
2026-09-05T04:50+02:00,A15,x,47.025,2,speedlimit
2026-09-05T04:50+02:00,A20,L,27.488,1,speedlimit
2026-09-05T04:50+02:00,A20,L,27.2,1,speedlimit
2026-09-05T04:50+02:00,A4,h,46.06,2,speedlimit
2026-09-05T04:50+02:00,A4,R,74.737,2,speedlimit
2026-09-05T04:50+02:00,A15,R,59.57,2,lane_closed
2026-09-05T04:50+02:00,A20,L,27.8,2,speedlimit
2026-09-05T04:50+02:00,A15,R,58.05,5,lane_closed
2026-09-05T04:50+02:00,A13,L,18.2,3,speedlimit
2026-09-05T04:50+02:00,A4,R,16.07,5,speedlimit
2026-09-05T04:50+02:00,A20,L,31.88,1,speedlimit
2026-09-05T04:50+02:00,A4,R,15.183,2,speedlimit
2026-09-05T04:50+02:00,A15,R,51.88,4,lane_closed
2026-09-05T04:50+02:00,A13,L,16.7,2,speedlimit
2026-09-05T04:50+02:00,A20,L,30.9,2,speedlimit
2026-09-05T04:50+02:00,A15,R,46.859,2,speedlimit
2026-09-05T04:50+02:00,A20,L,28.085,1,speedlimit
2026-09-05T04:50+02:00,A15,R,58.05,3,lane_closed
2026-09-05T04:50+02:00,A15,R,53.47,1,lane_closed
2026-09-05T04:50+02:00,A20,R,30.6,1,speedlimit
2026-09-05T04:50+02:00,A13,R,17.1,3,speedlimit
2026-09-05T04:50+02:00,A20,R,26.93,3,speedlimit
2026-09-05T04:50+02:00,A20,L,31.4,1,speedlimit
2026-09-05T04:50+02:00,A15,m,95.3,1,speedlimit
2026-09-05T04:50+02:00,A4,L,5.225,3,speedlimit
2026-09-05T04:50+02:00,A15,R,54.7,2,lane_closed
2026-09-05T04:50+02:00,A20,L,31.1,2,speedlimit
2026-09-05T04:50+02:00,A15,R,53.47,2,lane_closed
2026-09-05T04:50+02:00,A13,g,18.7,2,speedlimit
2026-09-05T04:50+02:00,A15,L,65.685,2,speedlimit
2026-09-05T04:50+02:00,A15,x,55.59,1,lane_closed_ahead
2026-09-05T04:50+02:00,A20,L,31.4,2,speedlimit
2026-09-05T04:50+02:00,A4,R,75.214,2,speedlimit
2026-09-05T04:50+02:00,A15,R,46.356,2,speedlimit
2026-09-05T04:50+02:00,A13,L,15.9,3,lane_closed
2026-09-05T04:50+02:00,A15,m,95.3,3,speedlimit
2026-09-05T04:50+02:00,A4,L,2.006,4,lane_closed
2026-09-05T04:50+02:00,A15,x,55.14,1,speedlimit
2026-09-05T04:50+02:00,A15,R,56.1,3,lane_closed
2026-09-05T04:50+02:00,A13,R,16.2,1,speedlimit
2026-09-05T04:50+02:00,A4,R,74.737,4,speedlimit
2026-09-05T04:50+02:00,A15,R,49.99,2,lane_closed
2026-09-05T04:50+02:00,A13,R,18.5,2,speedlimit
2026-09-05T04:50+02:00,A20,L,30.196,1,speedlimit
2026-09-05T04:50+02:00,A4,R,51.388,3,speedlimit
2026-09-05T04:50+02:00,A4,R,76.6,3,speedlimit
2026-09-05T04:50+02:00,A20,R,27.79,1,speedlimit
2026-09-05T04:50+02:00,A20,L,29.826,1,speedlimit
2026-09-05T04:50+02:00,A4,R,52.598,4,speedlimit
2026-09-05T04:50+02:00,A15,R,56.1,2,lane_closed
2026-09-05T04:50+02:00,A20,R,28.41,2,speedlimit
2026-09-05T04:50+02:00,A4,R,75.214,1,lane_closed
2026-09-05T04:50+02:00,A15,R,55.14,2,lane_closed
2026-09-05T04:50+02:00,A15,R,48.69,5,speedlimit
2026-09-05T04:50+02:00,A4,R,75.214,3,speedlimit
2026-09-05T04:50+02:00,A4,L,5.549,1,speedlimit
2026-09-05T04:50+02:00,A4,R,52.598,5,lane_closed
2026-09-05T04:50+02:00,A4,R,74.194,1,speedlimit
2026-09-05T04:50+02:00,A20,R,29.1,1,speedlimit
2026-09-05T04:50+02:00,A15,R,52.92,2,lane_closed
2026-09-05T04:50+02:00,A15,R,46.17,2,speedlimit
2026-09-05T04:50+02:00,A13,R,17.8,1,speedlimit
2026-09-05T04:50+02:00,A20,R,28.41,1,speedlimit
2026-09-05T04:50+02:00,A20,R,31.9,2,speedlimit
2026-09-05T04:50+02:00,A20,L,31.1,3,speedlimit
2026-09-05T04:50+02:00,A4,R,76.9,3,lane_closed
2026-09-05T04:50+02:00,A15,x,55.14,3,speedlimit
2026-09-05T04:50+02:00,A15,R,57.78,4,lane_closed
2026-09-05T04:50+02:00,A15,R,57.31,3,lane_closed
2026-09-05T04:50+02:00,A15,R,49.61,2,lane_closed
2026-09-05T04:50+02:00,A15,R,54.04,2,lane_closed
2026-09-05T04:50+02:00,A15,R,60.49,2,lane_closed
2026-09-05T04:50+02:00,A20,R,27.488,2,speedlimit
2026-09-05T04:50+02:00,A20,t,28.895,1,speedlimit
2026-09-05T04:50+02:00,A20,L,32.8,1,speedlimit
2026-09-05T04:50+02:00,A15,p,50.05,1,lane_closed
2026-09-05T04:50+02:00,A20,R,28.8,2,speedlimit
2026-09-05T04:50+02:00,A20,L,31.1,1,speedlimit
2026-09-05T04:50+02:00,A13,L,16.19,3,lane_closed
2026-09-05T04:50+02:00,A4,R,76.07,1,lane_closed
2026-09-05T04:50+02:00,A13,L,15.035,5,lane_closed
2026-09-05T04:50+02:00,A4,R,52.018,2,speedlimit
2026-09-05T04:50+02:00,A20,L,27.8,1,speedlimit
2026-09-05T04:50+02:00,A15,R,51.88,2,lane_closed
2026-09-05T04:50+02:00,A4,R,76.6,1,lane_closed
2026-09-05T04:50+02:00,A20,R,29.1,2,speedlimit
2026-09-05T04:50+02:00,A13,g,18.7,1,speedlimit
2026-09-05T04:50+02:00,A15,R,51.28,2,lane_closed
2026-09-05T04:50+02:00,A15,R,55.14,3,lane_closed
2026-09-05T04:50+02:00,A20,R,28.57,2,speedlimit
2026-09-05T04:50+02:00,A4,R,16.07,4,speedlimit
2026-09-05T04:50+02:00,A20,R,26.64,2,speedlimit
2026-09-05T04:50+02:00,A15,L,64.2,3,speedlimit
2026-09-05T04:50+02:00,A20,L,29.1,1,speedlimit
2026-09-05T04:50+02:00,A13,L,18.2,1,speedlimit
2026-09-05T04:50+02:00,A15,L,64.67,2,speedlimit
2026-09-05T04:50+02:00,A13,L,12.7,4,lane_closed
2026-09-05T04:50+02:00,A20,L,31.88,2,speedlimit
2026-09-05T04:50+02:00,A4,R,76.07,2,lane_closed
2026-09-05T04:50+02:00,A13,L,19.7,2,speedlimit
2026-09-05T04:50+02:00,A15,R,48.332,2,lane_closed
2026-09-05T04:50+02:00,A15,R,51.88,1,lane_closed
2026-09-05T04:50+02:00,A15,m,95.76,3,lane_closed
2026-09-05T04:50+02:00,A20,L,28.085,2,speedlimit
2026-09-05T04:50+02:00,A15,R,54.7,3,lane_closed
2026-09-05T04:50+02:00,A4,R,76.07,3,speedlimit
2026-09-05T04:50+02:00,A15,R,55.14,1,lane_closed
2026-09-05T04:50+02:00,A20,R,30.6,3,speedlimit
2026-09-05T04:50+02:00,A20,L,35.52,1,lane_closed
2026-09-05T04:50+02:00,A15,m,95.3,2,speedlimit
2026-09-05T04:50+02:00,A20,R,29.8,2,speedlimit
2026-09-05T04:50+02:00,A4,R,52.018,4,lane_closed
2026-09-05T04:50+02:00,A15,m,95.76,1,speedlimit
2026-09-05T04:50+02:00,A15,L,64.2,1,lane_closed
2026-09-05T04:50+02:00,A20,R,27.235,2,speedlimit
2026-09-05T04:50+02:00,A20,L,37.3,1,lane_closed
2026-09-05T04:50+02:00,A15,R,59.95,1,lane_closed
2026-09-05T04:50+02:00,A13,R,18.2,1,speedlimit
2026-09-05T04:50+02:00,A4,L,4.44,2,speedlimit
2026-09-05T04:50+02:00,A15,x,55.59,3,speedlimit
2026-09-05T04:50+02:00,A15,L,65.25,1,lane_closed_ahead
2026-09-05T04:50+02:00,A15,R,55.59,3,lane_closed
2026-09-05T04:50+02:00,A15,R,47.775,4,speedlimit
2026-09-05T04:50+02:00,A15,e,95.55,1,speedlimit
2026-09-05T04:50+02:00,A13,e,19.1,1,speedlimit
2026-09-05T04:50+02:00,A15,R,46.356,1,speedlimit
2026-09-05T04:50+02:00,A15,n,96.42,2,speedlimit
2026-09-05T04:50+02:00,A15,R,60.49,1,lane_closed
2026-09-05T04:50+02:00,A13,L,17.8,3,speedlimit
2026-09-05T04:50+02:00,A15,R,49.61,3,lane_closed
2026-09-05T04:50+02:00,A15,R,48.332,5,speedlimit
2026-09-05T04:50+02:00,A4,L,5.93,3,speedlimit
2026-09-05T04:50+02:00,A4,R,75.71,1,lane_closed
2026-09-05T04:50+02:00,A15,R,57.78,5,lane_closed
2026-09-05T04:50+02:00,A20,R,31.26,1,speedlimit
2026-09-05T04:50+02:00,A4,L,5.93,5,speedlimit
2026-09-05T04:50+02:00,A15,R,45.92,1,speedlimit
2026-09-05T04:50+02:00,A15,R,50.31,2,lane_closed
2026-09-05T04:50+02:00,A4,R,76.9,2,lane_closed
2026-09-05T04:50+02:00,A15,R,59.2,4,lane_closed
2026-09-05T04:50+02:00,A15,R,46.468,2,speedlimit
2026-09-05T04:50+02:00,A20,L,29.826,3,speedlimit
2026-09-05T04:50+02:00,A4,h,45.58,3,lane_closed
2026-09-05T04:50+02:00,A20,L,29.5,1,speedlimit
2026-09-05T04:50+02:00,A20,R,28.8,3,speedlimit
2026-09-05T04:50+02:00,A20,R,29.5,1,speedlimit
2026-09-05T04:50+02:00,A15,R,60.76,3,lane_closed
2026-09-05T04:50+02:00,A15,R,46.769,2,speedlimit
2026-09-05T04:50+02:00,A15,R,59.95,2,lane_closed
2026-09-05T04:50+02:00,A15,R,46.614,3,speedlimit
2026-09-05T04:50+02:00,A13,L,11.25,4,lane_closed
2026-09-05T04:50+02:00,A20,L,30.9,1,speedlimit
2026-09-05T04:50+02:00,A15,R,56.6,1,lane_closed
2026-09-05T04:50+02:00,A13,R,18.2,4,speedlimit
2026-09-05T04:50+02:00,A4,L,5.93,4,speedlimit
2026-09-05T04:50+02:00,A15,R,47.332,1,lane_closed
2026-09-05T04:50+02:00,A15,x,56.6,3,speedlimit
2026-09-05T04:50+02:00,A4,L,4.44,1,speedlimit
2026-09-05T04:50+02:00,A4,R,52.018,3,speedlimit
2026-09-05T04:50+02:00,A13,R,18.7,1,speedlimit
2026-09-05T04:50+02:00,A15,L,64.67,5,speedlimit
2026-09-05T04:50+02:00,A15,n,95.855,1,speedlimit
2026-09-05T04:50+02:00,A4,L,5.93,6,speedlimit
2026-09-05T04:50+02:00,A20,c,27.488,1,speedlimit
2026-09-05T04:50+02:00,A20,R,31.9,3,speedlimit
2026-09-05T04:50+02:00,A13,R,16.655,3,speedlimit
2026-09-05T04:50+02:00,A15,m,94.725,2,speedlimit
2026-09-05T04:50+02:00,A20,L,29.1,2,speedlimit
2026-09-05T04:50+02:00,A15,L,63.56,1,lane_closed
2026-09-05T04:50+02:00,A15,f,96.0,1,lane_closed
2026-09-05T04:50+02:00,A15,R,46.859,3,speedlimit
2026-09-05T04:50+02:00,A20,R,29.8,3,speedlimit
2026-09-05T04:50+02:00,A13,L,18.2,2,speedlimit
2026-09-05T04:50+02:00,A20,R,26.4,3,speedlimit
2026-09-05T04:50+02:00,A15,R,60.76,4,speedlimit
2026-09-05T04:50+02:00,A20,R,26.93,1,speedlimit
2026-09-05T04:50+02:00,A15,R,46.859,1,speedlimit
2026-09-05T04:50+02:00,A15,R,48.332,3,lane_closed
2026-09-05T04:50+02:00,A15,R,58.46,3,lane_closed
2026-09-05T04:50+02:00,A15,R,60.76,1,lane_closed
2026-09-05T04:50+02:00,A4,L,5.549,3,speedlimit
2026-09-05T04:50+02:00,A20,R,26.4,2,speedlimit
2026-09-05T04:50+02:00,A15,R,48.332,4,speedlimit
2026-09-05T04:50+02:00,A15,L,63.56,3,speedlimit
2026-09-05T04:50+02:00,A20,L,27.488,2,speedlimit
2026-09-05T04:50+02:00,A20,L,30.196,3,speedlimit
2026-09-05T04:50+02:00,A4,h,46.06,1,speedlimit
2026-09-05T04:50+02:00,A4,R,15.529,3,speedlimit
2026-09-05T04:50+02:00,A4,L,5.549,4,lane_closed_ahead
2026-09-05T04:50+02:00,A4,R,15.183,3,speedlimit
2026-09-05T04:50+02:00,A15,R,49.61,1,lane_closed
2026-09-05T04:50+02:00,A20,L,28.41,1,speedlimit
2026-09-05T04:50+02:00,A15,R,45.92,3,speedlimit
2026-09-05T04:50+02:00,A13,L,13.18,4,lane_closed
2026-09-05T04:50+02:00,A15,R,57.78,2,lane_closed
2026-09-05T04:50+02:00,A15,R,57.78,3,lane_closed
2026-09-05T04:50+02:00,A4,R,16.07,3,speedlimit
2026-09-05T04:50+02:00,A15,x,47.025,1,speedlimit
2026-09-05T04:50+02:00,A15,R,57.31,2,lane_closed
2026-09-05T04:50+02:00,A13,L,17.8,2,speedlimit
2026-09-05T04:50+02:00,A4,R,15.183,4,speedlimit
2026-09-05T04:50+02:00,A15,R,56.6,2,lane_closed
2026-09-05T04:50+02:00,A4,R,15.529,4,speedlimit
2026-09-05T04:50+02:00,A4,L,5.93,2,speedlimit
2026-09-05T04:50+02:00,A20,R,28.57,1,speedlimit
2026-09-05T04:50+02:00,A4,L,5.549,5,speedlimit
2026-09-05T04:50+02:00,A20,R,30.196,4,speedlimit
2026-09-05T04:50+02:00,A4,L,5.225,2,speedlimit
2026-09-05T04:50+02:00,A15,R,47.332,2,lane_closed_ahead
2026-09-05T04:50+02:00,A20,t,29.6,2,speedlimit
2026-09-05T04:50+02:00,A4,L,5.225,4,lane_closed
2026-09-05T04:50+02:00,A20,L,38.3,1,lane_closed_ahead
2026-09-05T04:50+02:00,A15,R,46.769,3,speedlimit
2026-09-05T04:50+02:00,A15,R,57.31,4,lane_closed
2026-09-05T04:50+02:00,A15,L,64.67,4,speedlimit
2026-09-05T04:50+02:00,A15,R,49.0,2,lane_closed
2026-09-05T04:50+02:00,A15,L,65.685,1,speedlimit
2026-09-05T04:50+02:00,A15,L,64.67,1,lane_closed
2026-09-05T04:50+02:00,A4,R,76.6,2,lane_closed
2026-09-05T04:50+02:00,A15,R,54.7,1,lane_closed
2026-09-05T04:50+02:00,A15,R,52.32,1,lane_closed
2026-09-05T04:50+02:00,A15,m,94.725,1,speedlimit
2026-09-05T04:50+02:00,A20,R,26.93,2,speedlimit
2026-09-05T04:50+02:00,A20,L,30.9,3,speedlimit
2026-09-05T04:50+02:00,A13,L,18.8,3,speedlimit
2026-09-05T04:50+02:00,A15,R,46.614,1,speedlimit
2026-09-05T04:50+02:00,A20,L,37.8,1,lane_closed
2026-09-05T04:50+02:00,A20,R,28.8,1,speedlimit
2026-09-05T04:50+02:00,A4,R,16.07,2,speedlimit
2026-09-05T04:50+02:00,A13,L,18.8,1,speedlimit
2026-09-05T04:50+02:00,A4,h,46.4,2,speedlimit
2026-09-05T04:50+02:00,A15,R,46.614,2,speedlimit
2026-09-05T04:50+02:00,A13,R,16.2,2,speedlimit
2026-09-05T04:50+02:00,A4,L,5.549,2,speedlimit
2026-09-05T04:50+02:00,A4,R,52.598,1,speedlimit
2026-09-05T04:50+02:00,A20,L,31.4,3,speedlimit
2026-09-05T04:50+02:00,A20,L,30.196,4,speedlimit
2026-09-05T04:50+02:00,A4,R,15.529,1,speedlimit
2026-09-05T04:50+02:00,A15,R,49.99,1,lane_closed
2026-09-05T04:50+02:00,A4,L,5.225,5,speedlimit
2026-09-05T04:50+02:00,A13,R,18.2,2,speedlimit
2026-09-05T04:50+02:00,A15,R,48.332,1,lane_closed
2026-09-05T04:50+02:00,A4,R,76.9,4,speedlimit
2026-09-05T04:50+02:00,A13,L,17.8,1,speedlimit
2026-09-05T04:50+02:00,A20,R,29.8,1,speedlimit
2026-09-05T04:50+02:00,A20,R,31.26,2,speedlimit
2026-09-05T04:50+02:00,A15,R,50.87,2,lane_closed
2026-09-05T04:50+02:00,A15,x,56.6,1,lane_closed
2026-09-05T04:50+02:00,A20,R,31.26,3,speedlimit
2026-09-05T04:50+02:00,A4,R,74.737,3,speedlimit
2026-09-05T04:50+02:00,A20,R,26.64,3,speedlimit
2026-09-05T04:50+02:00,A20,R,26.64,4,speedlimit
2026-09-05T04:50+02:00,A20,R,26.4,1,speedlimit
2026-09-05T04:50+02:00,A13,R,17.1,1,speedlimit
2026-09-05T04:50+02:00,A15,R,59.2,3,lane_closed
2026-09-05T04:50+02:00,A20,R,29.5,3,speedlimit
2026-09-05T04:50+02:00,A15,R,58.46,4,lane_closed
2026-09-05T04:50+02:00,A4,R,75.214,5,speedlimit
2026-09-05T04:50+02:00,A13,L,13.7,4,lane_closed
2026-09-05T04:50+02:00,A15,R,47.775,3,lane_closed_ahead
2026-09-05T04:50+02:00,A15,L,63.56,2,speedlimit
2026-09-05T04:50+02:00,A13,L,14.2,4,lane_closed
2026-09-05T04:50+02:00,A4,R,74.737,5,speedlimit
2026-09-05T04:50+02:00,A15,R,60.76,2,lane_closed
2026-09-05T04:50+02:00,A4,h,46.4,1,speedlimit
2026-09-05T04:50+02:00,A15,R,46.17,1,speedlimit
2026-09-05T04:50+02:00,A15,x,56.25,2,speedlimit
2026-09-05T04:50+02:00,A15,x,55.14,2,speedlimit
2026-09-05T04:50+02:00,A4,R,52.598,3,speedlimit
2026-09-05T04:50+02:00,A20,t,29.6,1,speedlimit
2026-09-05T04:50+02:00,A15,R,47.775,2,lane_closed
2026-09-05T04:50+02:00,A15,n,96.42,1,speedlimit
2026-09-05T04:50+02:00,A15,L,65.685,4,speedlimit
2026-09-05T04:50+02:00,A20,R,29.8,4,speedlimit
2026-09-05T04:50+02:00,A13,R,18.7,2,speedlimit
2026-09-05T04:50+02:00,A4,R,16.07,1,speedlimit
2026-09-05T04:50+02:00,A20,R,27.488,1,speedlimit
2026-09-05T04:50+02:00,A15,R,48.69,2,lane_closed
2026-09-05T04:50+02:00,A15,R,77.003,2,speedlimit
2026-09-05T04:50+02:00,A20,R,29.5,2,speedlimit
2026-09-05T04:50+02:00,A20,L,27.2,2,speedlimit
2026-09-05T04:50+02:00,A13,R,18.963,1,speedlimit
2026-09-05T04:50+02:00,A15,R,46.468,3,speedlimit
2026-09-05T04:50+02:00,A13,L,17.1,1,speedlimit
2026-09-05T04:50+02:00,A4,R,74.194,2,speedlimit
2026-09-05T04:50+02:00,A20,L,31.88,3,speedlimit
2026-09-05T04:50+02:00,A13,L,19.7,1,speedlimit
2026-09-05T04:50+02:00,A4,R,75.214,4,speedlimit
2026-09-05T04:50+02:00,A13,L,17.1,4,speedlimit
2026-09-05T04:50+02:00,A4,R,52.018,1,speedlimit
2026-09-05T04:50+02:00,A13,R,16.655,2,speedlimit
2026-09-05T04:50+02:00,A4,R,75.71,2,speedlimit
2026-09-05T04:50+02:00,A15,R,56.1,1,lane_closed
2026-09-05T04:50+02:00,A13,L,15.55,5,lane_closed
2026-09-05T04:50+02:00,A4,R,51.388,1,speedlimit
2026-09-05T04:50+02:00,A15,x,56.6,2,speedlimit
2026-09-05T04:50+02:00,A15,R,47.07,2,speedlimit
2026-09-05T04:50+02:00,A15,R,59.95,3,lane_closed
2026-09-05T04:50+02:00,A4,R,52.598,2,speedlimit
2026-09-05T04:50+02:00,A4,L,5.225,1,speedlimit
2026-09-05T04:50+02:00,A20,L,32.8,3,speedlimit
2026-09-05T04:50+02:00,A15,R,58.46,1,lane_closed
2026-09-05T04:50+02:00,A15,R,52.32,2,lane_closed
2026-09-05T04:50+02:00,A4,R,15.183,1,speedlimit
2026-09-05T04:50+02:00,A20,R,30.196,1,speedlimit
2026-09-05T04:50+02:00,A20,L,29.826,4,speedlimit
2026-09-05T04:50+02:00,A15,R,52.92,3,lane_closed
2026-09-05T04:50+02:00,A15,x,55.59,2,speedlimit
2026-09-05T04:50+02:00,A15,R,46.356,3,speedlimit
2026-09-05T04:50+02:00,A20,s,29.6,1,speedlimit
2026-09-05T04:50+02:00,A20,L,28.57,2,speedlimit
2026-09-05T04:50+02:00,A20,R,30.6,2,speedlimit
2026-09-05T04:50+02:00,A15,R,59.57,1,lane_closed
2026-09-05T04:50+02:00,A15,n,96.42,3,lane_closed
2026-09-05T04:50+02:00,A15,L,65.25,3,speedlimit
2026-09-05T04:50+02:00,A13,L,17.1,2,speedlimit
2026-09-05T04:50+02:00,A15,R,57.31,5,lane_closed
2026-09-05T04:50+02:00,A20,L,28.57,3,speedlimit
2026-09-05T04:50+02:00,A15,R,59.57,3,lane_closed
2026-09-05T04:50+02:00,A15,L,64.67,3,speedlimit
2026-09-05T04:50+02:00,A20,R,26.4,4,speedlimit
2026-09-05T04:50+02:00,A20,R,30.196,2,speedlimit
2026-09-05T04:50+02:00,A13,R,17.8,3,speedlimit
2026-09-05T04:50+02:00,A15,m,94.725,3,speedlimit
2026-09-05T04:50+02:00,A15,n,95.855,2,speedlimit
2026-09-05T12:49+02:00,A13,R,6.725,4,speedlimit
2026-09-05T12:49+02:00,A4,L,7.369,4,speedlimit
2026-09-05T12:49+02:00,A15,R,47.07,3,speedlimit
2026-09-05T12:49+02:00,A15,n,58.0,1,speedlimit
2026-09-05T12:49+02:00,A15,R,49.0,1,lane_closed
2026-09-05T12:49+02:00,A16,y,19.5,1,speedlimit
2026-09-05T12:49+02:00,A13,L,16.7,1,speedlimit
2026-09-05T12:49+02:00,A4,R,72.321,1,speedlimit
2026-09-05T12:49+02:00,A4,R,54.927,3,speedlimit
2026-09-05T12:49+02:00,A15,R,46.769,1,speedlimit
2026-09-05T12:49+02:00,A15,y,47.092,2,speedlimit
2026-09-05T12:49+02:00,A16,R,33.848,1,speedlimit
2026-09-05T12:49+02:00,A13,R,5.481,2,speedlimit
2026-09-05T12:49+02:00,A4,R,50.898,4,speedlimit
2026-09-05T12:49+02:00,A15,R,59.2,2,lane_closed
2026-09-05T12:49+02:00,A16,R,11.7,2,speedlimit
2026-09-05T12:49+02:00,A13,R,5.91,1,speedlimit
2026-09-05T12:49+02:00,A16,y,18.7,2,speedlimit
2026-09-05T12:49+02:00,A20,R,25.3,1,speedlimit
2026-09-05T12:49+02:00,A15,R,45.92,4,speedlimit
2026-09-05T12:49+02:00,A15,y,55.79,1,speedlimit
2026-09-05T12:49+02:00,A20,L,30.196,2,speedlimit
2026-09-05T12:49+02:00,A16,R,10.5,4,speedlimit
2026-09-05T12:49+02:00,A15,R,77.003,3,speedlimit
2026-09-05T12:49+02:00,A20,R,25.7,2,speedlimit
2026-09-05T12:49+02:00,A15,R,45.92,2,speedlimit
2026-09-05T12:49+02:00,A15,R,52.92,1,lane_closed
2026-09-05T12:49+02:00,A13,R,16.655,1,speedlimit
2026-09-05T12:49+02:00,A16,L,17.748,1,speedlimit
2026-09-05T12:49+02:00,A4,R,49.84,2,speedlimit
2026-09-05T12:49+02:00,A13,R,17.1,2,speedlimit
2026-09-05T12:49+02:00,A4,x,48.1,4,speedlimit
2026-09-05T12:49+02:00,A16,L,25.232,2,speedlimit
2026-09-05T12:49+02:00,A15,R,54.04,1,lane_closed
2026-09-05T12:49+02:00,A15,y,56.085,3,speedlimit
2026-09-05T12:49+02:00,A4,L,6.902,1,speedlimit
2026-09-05T12:49+02:00,A4,L,5.93,1,speedlimit
2026-09-05T12:49+02:00,A4,j,4.65,2,lane_closed
2026-09-05T12:49+02:00,A13,R,8.1,2,speedlimit
2026-09-05T12:49+02:00,A13,R,8.1,3,lane_closed
2026-09-05T12:49+02:00,A15,R,58.05,4,lane_closed
2026-09-05T12:49+02:00,A15,R,53.47,3,lane_closed
2026-09-05T12:49+02:00,A15,R,55.59,2,lane_closed
2026-09-05T12:49+02:00,A15,x,52.05,2,speedlimit
2026-09-05T12:49+02:00,A15,R,51.28,1,lane_closed
2026-09-05T12:49+02:00,A4,R,50.898,3,speedlimit
2026-09-05T12:49+02:00,A15,R,48.69,1,lane_closed
2026-09-05T12:49+02:00,A15,R,55.59,1,lane_closed
2026-09-05T12:49+02:00,A16,y,23.535,2,speedlimit
2026-09-05T12:49+02:00,A16,L,21.6,3,speedlimit
2026-09-05T12:49+02:00,A15,R,77.003,1,speedlimit
2026-09-05T12:49+02:00,A15,R,47.775,1,lane_closed
2026-09-05T12:49+02:00,A4,R,54.487,2,speedlimit
2026-09-05T12:49+02:00,A20,R,34.684,2,speedlimit
2026-09-05T12:49+02:00,A13,R,18.5,1,speedlimit
2026-09-05T12:49+02:00,A16,R,9.95,1,speedlimit
2026-09-05T12:49+02:00,A20,R,34.684,3,speedlimit
2026-09-05T12:49+02:00,A13,b,5.91,1,speedlimit
2026-09-05T12:49+02:00,A16,L,20.6,1,speedlimit
2026-09-05T12:49+02:00,A4,R,3.27,4,speedlimit
2026-09-05T12:49+02:00,A20,L,29.5,2,speedlimit
2026-09-05T12:49+02:00,A15,R,50.87,1,lane_closed
2026-09-05T12:49+02:00,A16,R,15.73,2,speedlimit
2026-09-05T12:49+02:00,A16,R,16.3,1,speedlimit
2026-09-05T12:49+02:00,A16,L,19.5,3,lane_closed_ahead
2026-09-05T12:49+02:00,A16,R,11.866,1,speedlimit
2026-09-05T12:49+02:00,A13,R,18.5,4,speedlimit
2026-09-05T12:49+02:00,A29,R,11.625,1,speedlimit
2026-09-05T12:49+02:00,A15,m,58.46,3,speedlimit
2026-09-05T12:49+02:00,A13,R,18.2,3,speedlimit
2026-09-05T12:49+02:00,A4,R,50.433,2,speedlimit
2026-09-05T12:49+02:00,A15,R,49.0,3,lane_closed
2026-09-05T12:49+02:00,A16,R,10.5,3,speedlimit
2026-09-05T12:49+02:00,A15,x,51.0,1,speedlimit
2026-09-05T12:49+02:00,A20,R,28.1,1,speedlimit
2026-09-05T12:49+02:00,A16,y,23.075,1,speedlimit
2026-09-05T12:49+02:00,A20,R,30.196,3,speedlimit
2026-09-05T12:49+02:00,A4,L,4.44,3,lane_closed
2026-09-05T12:49+02:00,A15,R,47.775,5,speedlimit
2026-09-05T12:49+02:00,A15,R,46.468,1,speedlimit
2026-09-05T12:49+02:00,A15,R,51.88,3,lane_closed
2026-09-05T12:49+02:00,A4,j,4.65,1,lane_closed
2026-09-05T12:49+02:00,A15,p,50.4,1,lane_closed
2026-09-05T12:49+02:00,A20,L,36.94,1,speedlimit
2026-09-05T12:49+02:00,A4,x,49.037,1,speedlimit
2026-09-05T12:49+02:00,A15,R,58.05,1,lane_closed
2026-09-05T12:49+02:00,A4,R,72.443,2,speedlimit
2026-09-05T12:49+02:00,A4,f,7.841,2,speedlimit
2026-09-05T12:49+02:00,A4,x,48.1,1,speedlimit
2026-09-05T12:49+02:00,A15,R,58.46,2,lane_closed
2026-09-05T12:49+02:00,A16,b,11.392,1,speedlimit
2026-09-05T12:49+02:00,A4,R,73.974,2,speedlimit
2026-09-05T12:49+02:00,A15,R,46.17,3,speedlimit
2026-09-05T12:49+02:00,A4,R,71.726,2,speedlimit
2026-09-05T12:49+02:00,A15,R,56.6,3,lane_closed
2026-09-05T12:49+02:00,A38,R,20.05,1,speedlimit
2026-09-05T12:49+02:00,A15,n,95.855,3,speedlimit
2026-09-05T12:49+02:00,A4,R,76.9,1,lane_closed
2026-09-05T12:49+02:00,A13,R,17.8,2,speedlimit
2026-09-05T12:49+02:00,A20,L,36.625,5,speedlimit
2026-09-05T12:49+02:00,A4,m,74.194,3,speedlimit
2026-09-05T12:49+02:00,A4,R,53.944,2,speedlimit
2026-09-05T12:49+02:00,A4,L,5.225,6,speedlimit
2026-09-05T12:49+02:00,A4,f,7.4,2,speedlimit
2026-09-05T12:49+02:00,A15,x,56.25,1,lane_closed
2026-09-05T12:49+02:00,A20,s,29.6,2,speedlimit
2026-09-05T12:49+02:00,A15,L,65.25,2,speedlimit
2026-09-05T12:49+02:00,A16,L,22.2,1,speedlimit
2026-09-05T12:49+02:00,A15,L,65.685,3,speedlimit
2026-09-05T12:49+02:00,A16,R,33.135,4,speedlimit
2026-09-05T12:49+02:00,A15,x,52.57,1,speedlimit
2026-09-05T12:49+02:00,A4,m,73.544,1,speedlimit
2026-09-05T12:49+02:00,A15,R,52.32,3,lane_closed
2026-09-05T12:49+02:00,A4,L,7.841,3,speedlimit
2026-09-05T12:49+02:00,A15,y,47.43,2,speedlimit
2026-09-05T12:49+02:00,A16,L,21.1,1,speedlimit
2026-09-05T12:49+02:00,A16,L,25.232,4,speedlimit
2026-09-05T12:49+02:00,A15,n,96.82,1,speedlimit
2026-09-05T12:49+02:00,A15,m,95.76,2,speedlimit
2026-09-05T12:49+02:00,A15,R,58.05,2,lane_closed
2026-09-05T12:49+02:00,A4,R,74.737,1,lane_closed_ahead
2026-09-05T12:49+02:00,A15,x,46.135,3,speedlimit
2026-09-05T12:49+02:00,A20,R,26.93,4,speedlimit
2026-09-05T12:49+02:00,A4,m,72.736,1,speedlimit
2026-09-05T12:49+02:00,A20,R,28.57,3,speedlimit
2026-09-05T12:49+02:00,A15,L,56.8,1,speedlimit
2026-09-05T12:49+02:00,A20,L,36.625,2,speedlimit
2026-09-05T12:49+02:00,A4,m,74.194,2,speedlimit
2026-09-05T12:49+02:00,A4,R,3.01,4,speedlimit
2026-09-05T12:49+02:00,A13,R,8.6,3,lane_closed
2026-09-05T12:49+02:00,A13,L,18.8,2,speedlimit
2026-09-05T12:49+02:00,A15,R,60.49,4,speedlimit
2026-09-05T12:49+02:00,A4,R,54.927,2,speedlimit
2026-09-05T12:49+02:00,A15,R,50.31,1,lane_closed
2026-09-05T12:49+02:00,A20,R,27.235,1,speedlimit
2026-09-05T12:49+02:00,A20,L,28.41,2,speedlimit
2026-09-05T12:49+02:00,A13,R,8.6,1,speedlimit
2026-09-05T12:49+02:00,A15,R,47.07,1,lane_closed_ahead
2026-09-05T12:49+02:00,A15,R,57.78,1,lane_closed
2026-09-05T12:49+02:00,A4,R,51.388,2,speedlimit
2026-09-05T12:49+02:00,A4,m,73.544,2,speedlimit
2026-09-05T12:49+02:00,A4,R,72.736,1,speedlimit
2026-09-05T12:49+02:00,A15,L,57.78,1,speedlimit
2026-09-05T12:49+02:00,A15,R,48.69,4,speedlimit
2026-09-05T12:49+02:00,A20,R,27.79,2,speedlimit
2026-09-05T12:49+02:00,A13,R,18.5,3,speedlimit
2026-09-05T12:49+02:00,A20,R,28.57,4,speedlimit
2026-09-05T12:49+02:00,A20,R,31.26,4,speedlimit
2026-09-05T12:49+02:00,A20,L,29.826,2,speedlimit
2026-09-05T12:49+02:00,A4,R,73.284,1,speedlimit
2026-09-05T12:49+02:00,A15,x,52.57,2,speedlimit
2026-09-05T12:49+02:00,A20,L,28.57,1,speedlimit
2026-09-05T12:49+02:00,A20,R,34.684,1,speedlimit
2026-09-05T12:49+02:00,A4,m,72.443,1,speedlimit
2026-09-05T12:49+02:00,A16,R,33.958,1,speedlimit
2026-09-05T12:49+02:00,A20,R,33.36,1,speedlimit
2026-09-05T12:49+02:00,A20,R,29.5,4,speedlimit
2026-09-05T12:49+02:00,A13,R,6.4,2,speedlimit
2026-09-05T12:49+02:00,A15,x,46.135,1,speedlimit
2026-09-05T12:49+02:00,A15,n,96.82,2,speedlimit
2026-09-05T12:49+02:00,A15,R,54.04,3,lane_closed
2026-09-05T12:49+02:00,A4,L,7.526,2,speedlimit
2026-09-05T12:49+02:00,A15,m,60.07,1,speedlimit
2026-09-05T12:49+02:00,A16,R,33.43,2,speedlimit
2026-09-05T12:49+02:00,A16,R,16.3,3,speedlimit
2026-09-05T12:49+02:00,A4,L,7.072,1,speedlimit
2026-09-05T12:49+02:00,A16,L,20.3,3,speedlimit
2026-09-05T12:49+02:00,A4,R,73.414,1,speedlimit
2026-09-05T12:49+02:00,A20,R,28.1,2,speedlimit
2026-09-05T12:49+02:00,A20,R,26.64,1,speedlimit
2026-09-05T12:49+02:00,A20,R,25.7,3,speedlimit
2026-09-05T12:49+02:00,A15,x,51.61,1,speedlimit
2026-09-05T12:49+02:00,A15,L,64.2,2,speedlimit
2026-09-05T12:49+02:00,A4,L,7.841,4,speedlimit
2026-09-05T12:49+02:00,A15,R,60.49,3,lane_closed
2026-09-05T12:49+02:00,A15,R,48.69,3,lane_closed
2026-09-05T12:49+02:00,A16,L,24.82,3,speedlimit
2026-09-05T12:49+02:00,A4,f,6.9,1,speedlimit
2026-09-05T12:49+02:00,A20,L,32.8,2,speedlimit
2026-09-05T12:49+02:00,A16,L,30.73,4,speedlimit
2026-09-05T12:49+02:00,A4,L,8.14,2,speedlimit
2026-09-05T12:49+02:00,A16,L,26.05,1,speedlimit
2026-09-05T12:49+02:00,A15,L,65.25,4,speedlimit
2026-09-05T12:49+02:00,A16,L,21.6,2,speedlimit
2026-09-05T12:49+02:00,A15,R,59.2,1,lane_closed
2026-09-05T12:49+02:00,A13,L,17.1,3,speedlimit
2026-09-05T12:49+02:00,A16,L,25.232,1,speedlimit
2026-09-05T12:49+02:00,A4,L,7.22,3,speedlimit
2026-09-05T12:49+02:00,A20,L,37.3,3,speedlimit
2026-09-05T12:49+02:00,A15,q,57.3,2,speedlimit
2026-09-05T12:49+02:00,A20,R,34.29,2,speedlimit
2026-09-05T12:49+02:00,A20,L,36.625,1,speedlimit
2026-09-05T12:49+02:00,A4,L,5.549,6,speedlimit
2026-09-05T12:49+02:00,A16,R,33.135,2,speedlimit
2026-09-05T12:49+02:00,A15,y,55.79,3,speedlimit
2026-09-05T12:49+02:00,A16,y,23.9,1,speedlimit
2026-09-05T12:49+02:00,A15,x,47.025,2,speedlimit
2026-09-05T12:49+02:00,A20,R,33.85,1,speedlimit
2026-09-05T12:49+02:00,A20,L,27.488,1,speedlimit
2026-09-05T12:49+02:00,A4,L,58.82,1,speedlimit
2026-09-05T12:49+02:00,A16,y,20.6,1,speedlimit
2026-09-05T12:49+02:00,A20,L,27.2,1,speedlimit
2026-09-05T12:49+02:00,A4,h,46.06,2,speedlimit
2026-09-05T12:49+02:00,A4,R,74.737,2,speedlimit
2026-09-05T12:49+02:00,A15,R,59.57,2,lane_closed
2026-09-05T12:49+02:00,A20,L,27.8,2,speedlimit
2026-09-05T12:49+02:00,A16,L,20.6,2,speedlimit
2026-09-05T12:49+02:00,A16,L,23.535,1,speedlimit
2026-09-05T12:49+02:00,A15,R,58.05,5,lane_closed
2026-09-05T12:49+02:00,A13,L,18.2,3,speedlimit
2026-09-05T12:49+02:00,A4,m,3.83,3,lane_closed
2026-09-05T12:49+02:00,A16,R,12.07,2,speedlimit
2026-09-05T12:49+02:00,A15,y,55.41,2,speedlimit
2026-09-05T12:49+02:00,A16,L,31.425,4,speedlimit
2026-09-05T12:49+02:00,A16,y,18.2,1,lane_closed
2026-09-05T12:49+02:00,A16,R,11.392,1,speedlimit
2026-09-05T12:49+02:00,A4,R,73.544,1,speedlimit
2026-09-05T12:49+02:00,A15,y,55.79,2,speedlimit
2026-09-05T12:49+02:00,A4,m,72.58,2,speedlimit
2026-09-05T12:49+02:00,A16,L,22.2,2,speedlimit
2026-09-05T12:49+02:00,A4,R,71.726,1,speedlimit
2026-09-05T12:49+02:00,A16,L,19.0,3,lane_closed
2026-09-05T12:49+02:00,A4,m,73.156,2,speedlimit
2026-09-05T12:49+02:00,A16,L,24.82,1,speedlimit
2026-09-05T12:49+02:00,A20,L,31.88,1,speedlimit
2026-09-05T12:49+02:00,A16,R,11.392,2,speedlimit
2026-09-05T12:49+02:00,A15,R,51.88,4,lane_closed
2026-09-05T12:49+02:00,A4,m,3.83,4,lane_closed
2026-09-05T12:49+02:00,A13,L,16.7,2,speedlimit
2026-09-05T12:49+02:00,A16,R,33.958,2,speedlimit
2026-09-05T12:49+02:00,A20,L,30.9,2,speedlimit
2026-09-05T12:49+02:00,A15,R,46.859,2,speedlimit
2026-09-05T12:49+02:00,A4,f,7.5,1,speedlimit
2026-09-05T12:49+02:00,A20,L,38.91,2,speedlimit
2026-09-05T12:49+02:00,A4,x,48.1,3,speedlimit
2026-09-05T12:49+02:00,A20,L,36.625,3,speedlimit
2026-09-05T12:49+02:00,A20,L,28.085,1,speedlimit
2026-09-05T12:49+02:00,A13,R,6.4,1,speedlimit
2026-09-05T12:49+02:00,A15,R,58.05,3,lane_closed
2026-09-05T12:49+02:00,A15,p,58.05,1,speedlimit
2026-09-05T12:49+02:00,A16,y,23.535,1,speedlimit
2026-09-05T12:49+02:00,A16,L,26.05,2,speedlimit
2026-09-05T12:49+02:00,A16,R,33.609,2,speedlimit
2026-09-05T12:49+02:00,A4,R,54.487,3,speedlimit
2026-09-05T12:49+02:00,A15,R,53.47,1,lane_closed
2026-09-05T12:49+02:00,A16,L,18.2,2,lane_closed
2026-09-05T12:49+02:00,A20,R,30.6,1,speedlimit
2026-09-05T12:49+02:00,A13,R,17.1,3,speedlimit
2026-09-05T12:49+02:00,A20,R,26.93,3,speedlimit
2026-09-05T12:49+02:00,A4,R,73.544,2,speedlimit
2026-09-05T12:49+02:00,A20,L,31.4,1,speedlimit
2026-09-05T12:49+02:00,A16,L,30.2,1,speedlimit
2026-09-05T12:49+02:00,A15,p,58.05,2,speedlimit
2026-09-05T12:49+02:00,A4,m,73.974,1,speedlimit
2026-09-05T12:49+02:00,A29,R,11.625,3,speedlimit
2026-09-05T12:49+02:00,A15,m,95.3,1,speedlimit
2026-09-05T12:49+02:00,A4,L,5.225,3,speedlimit
2026-09-05T12:49+02:00,A15,m,59.11,2,speedlimit
2026-09-05T12:49+02:00,A15,R,54.7,2,lane_closed
2026-09-05T12:49+02:00,A4,L,7.526,4,speedlimit
2026-09-05T12:49+02:00,A4,L,8.14,4,speedlimit
2026-09-05T12:49+02:00,A20,L,31.1,2,speedlimit
2026-09-05T12:49+02:00,A16,R,9.35,2,speedlimit
2026-09-05T12:49+02:00,A15,R,53.47,2,lane_closed
2026-09-05T12:49+02:00,A29,R,11.95,2,speedlimit
2026-09-05T12:49+02:00,A16,L,26.05,4,speedlimit
2026-09-05T12:49+02:00,A16,R,33.778,1,speedlimit
2026-09-05T12:49+02:00,A13,g,18.7,2,speedlimit
2026-09-05T12:49+02:00,A13,R,6.725,2,speedlimit
2026-09-05T12:49+02:00,A4,m,72.443,2,speedlimit
2026-09-05T12:49+02:00,A15,L,65.685,2,speedlimit
2026-09-05T12:49+02:00,A15,x,55.59,1,lane_closed_ahead
2026-09-05T12:49+02:00,A20,L,31.4,2,speedlimit
2026-09-05T12:49+02:00,A29,R,11.95,4,speedlimit
2026-09-05T12:49+02:00,A4,L,7.072,3,speedlimit
2026-09-05T12:49+02:00,A16,L,18.2,1,speedlimit
2026-09-05T12:49+02:00,A20,L,37.3,4,speedlimit
2026-09-05T12:49+02:00,A4,R,75.214,2,speedlimit
2026-09-05T12:49+02:00,A20,R,33.36,3,speedlimit
2026-09-05T12:49+02:00,A16,R,8.65,3,speedlimit
2026-09-05T12:49+02:00,A15,R,46.356,2,speedlimit
2026-09-05T12:49+02:00,A4,f,7.4,1,speedlimit
2026-09-05T12:49+02:00,A15,y,47.43,3,speedlimit
2026-09-05T12:49+02:00,A15,y,55.41,4,speedlimit
2026-09-05T12:49+02:00,A16,R,34.068,2,speedlimit
2026-09-05T12:49+02:00,A4,R,54.927,1,speedlimit
2026-09-05T12:49+02:00,A13,L,15.9,3,lane_closed
2026-09-05T12:49+02:00,A15,m,95.3,3,speedlimit
2026-09-05T12:49+02:00,A16,L,30.2,2,speedlimit
2026-09-05T12:49+02:00,A20,R,33.36,2,speedlimit
2026-09-05T12:49+02:00,A4,L,7.841,2,speedlimit
2026-09-05T12:49+02:00,A15,x,55.14,1,speedlimit
2026-09-05T12:49+02:00,A15,R,56.1,3,lane_closed
2026-09-05T12:49+02:00,A38,p,21.25,1,speedlimit
2026-09-05T12:49+02:00,A4,R,3.27,1,speedlimit
2026-09-05T12:49+02:00,A13,R,16.2,1,speedlimit
2026-09-05T12:49+02:00,A20,L,37.8,2,speedlimit
2026-09-05T12:49+02:00,A4,R,74.737,4,speedlimit
2026-09-05T12:49+02:00,A15,R,49.99,2,lane_closed
2026-09-05T12:49+02:00,A13,R,18.5,2,speedlimit
2026-09-05T12:49+02:00,A16,L,21.1,3,speedlimit
2026-09-05T12:49+02:00,A20,L,36.94,3,speedlimit
2026-09-05T12:49+02:00,A20,L,30.196,1,speedlimit
2026-09-05T12:49+02:00,A4,f,6.6,1,speedlimit
2026-09-05T12:49+02:00,A4,R,51.388,3,speedlimit
2026-09-05T12:49+02:00,A16,R,33.778,2,speedlimit
2026-09-05T12:49+02:00,A4,m,72.321,1,speedlimit
2026-09-05T12:49+02:00,A4,R,76.6,3,speedlimit
2026-09-05T12:49+02:00,A20,R,34.684,4,speedlimit
2026-09-05T12:49+02:00,A20,R,27.79,1,speedlimit
2026-09-05T12:49+02:00,A20,r,35.245,1,speedlimit
2026-09-05T12:49+02:00,A16,R,11.13,2,speedlimit
2026-09-05T12:49+02:00,A15,L,57.78,3,speedlimit
2026-09-05T12:49+02:00,A20,L,29.826,1,speedlimit
2026-09-05T12:49+02:00,A4,R,52.598,4,speedlimit
2026-09-05T12:49+02:00,A16,L,31.425,2,speedlimit
2026-09-05T12:49+02:00,A4,m,73.006,2,speedlimit
2026-09-05T12:49+02:00,A15,R,56.1,2,lane_closed
2026-09-05T12:49+02:00,A4,R,73.691,1,speedlimit
2026-09-05T12:49+02:00,A20,R,34.29,1,speedlimit
2026-09-05T12:49+02:00,A4,R,55.08,1,speedlimit
2026-09-05T12:49+02:00,A16,y,20.0,2,speedlimit
2026-09-05T12:49+02:00,A20,u,36.23,2,speedlimit
2026-09-05T12:49+02:00,A4,R,50.898,2,speedlimit
2026-09-05T12:49+02:00,A20,R,28.41,2,speedlimit
2026-09-05T12:49+02:00,A4,L,6.902,4,speedlimit
2026-09-05T12:49+02:00,A4,R,75.214,1,lane_closed
2026-09-05T12:49+02:00,A15,R,55.14,2,lane_closed
2026-09-05T12:49+02:00,A15,R,48.69,5,speedlimit
2026-09-05T12:49+02:00,A16,L,17.299,1,speedlimit
2026-09-05T12:49+02:00,A4,R,75.214,3,speedlimit
2026-09-05T12:49+02:00,A16,L,25.682,4,speedlimit
2026-09-05T12:49+02:00,A4,L,5.549,1,speedlimit
2026-09-05T12:49+02:00,A4,R,52.598,5,lane_closed
2026-09-05T12:49+02:00,A16,L,23.535,2,speedlimit
2026-09-05T12:49+02:00,A4,R,74.194,1,speedlimit
2026-09-05T12:49+02:00,A20,R,29.1,1,speedlimit
2026-09-05T12:49+02:00,A16,L,31.425,1,speedlimit
2026-09-05T12:49+02:00,A15,R,52.92,2,lane_closed
2026-09-05T12:49+02:00,A15,R,46.17,2,speedlimit
2026-09-05T12:49+02:00,A13,R,17.8,1,speedlimit
2026-09-05T12:49+02:00,A20,R,28.41,1,speedlimit
2026-09-05T12:49+02:00,A15,p,57.31,2,speedlimit
2026-09-05T12:49+02:00,A20,R,31.9,2,speedlimit
2026-09-05T12:49+02:00,A29,R,11.625,2,speedlimit
2026-09-05T12:49+02:00,A29,R,11.625,4,speedlimit
2026-09-05T12:49+02:00,A4,f,6.9,2,speedlimit
2026-09-05T12:49+02:00,A16,L,19.5,1,speedlimit
2026-09-05T12:49+02:00,A4,R,3.27,2,speedlimit
2026-09-05T12:49+02:00,A20,L,31.1,3,speedlimit
2026-09-05T12:49+02:00,A4,R,76.9,3,lane_closed
2026-09-05T12:49+02:00,A38,w,20.55,1,speedlimit
2026-09-05T12:49+02:00,A15,x,55.14,3,speedlimit
2026-09-05T12:49+02:00,A15,R,57.78,4,lane_closed
2026-09-05T12:49+02:00,A15,R,57.31,3,lane_closed
2026-09-05T12:49+02:00,A15,R,49.61,2,lane_closed
2026-09-05T12:49+02:00,A15,q,57.3,1,speedlimit
2026-09-05T12:49+02:00,A4,R,72.58,2,speedlimit
2026-09-05T12:49+02:00,A15,R,54.04,2,lane_closed
2026-09-05T12:49+02:00,A16,y,23.9,2,speedlimit
2026-09-05T12:49+02:00,A15,R,60.49,2,lane_closed
2026-09-05T12:49+02:00,A20,R,27.488,2,speedlimit
2026-09-05T12:49+02:00,A16,y,21.1,1,speedlimit
2026-09-05T12:49+02:00,A4,R,53.944,1,speedlimit
2026-09-05T12:49+02:00,A20,t,28.895,1,speedlimit
2026-09-05T12:49+02:00,A20,L,32.8,1,speedlimit
2026-09-05T12:49+02:00,A16,L,17.748,3,lane_closed
2026-09-05T12:49+02:00,A15,p,50.05,1,lane_closed
2026-09-05T12:49+02:00,A4,L,60.268,3,speedlimit
2026-09-05T12:49+02:00,A20,R,28.8,2,speedlimit
2026-09-05T12:49+02:00,A15,L,56.8,2,speedlimit
2026-09-05T12:49+02:00,A16,L,24.03,2,speedlimit
2026-09-05T12:49+02:00,A16,R,16.3,2,speedlimit
2026-09-05T12:49+02:00,A13,R,5.91,3,speedlimit
2026-09-05T12:49+02:00,A20,L,31.1,1,speedlimit
2026-09-05T12:49+02:00,A13,L,16.19,3,lane_closed
2026-09-05T12:49+02:00,A4,R,76.07,1,lane_closed
2026-09-05T12:49+02:00,A13,L,15.035,5,lane_closed
2026-09-05T12:49+02:00,A16,y,19.5,2,speedlimit
2026-09-05T12:49+02:00,A15,p,57.31,1,speedlimit
2026-09-05T12:49+02:00,A4,m,3.83,2,speedlimit
2026-09-05T12:49+02:00,A4,R,52.018,2,speedlimit
2026-09-05T12:49+02:00,A4,m,72.012,3,speedlimit
2026-09-05T12:49+02:00,A16,y,21.1,3,speedlimit
2026-09-05T12:49+02:00,A4,R,53.111,2,speedlimit
2026-09-05T12:49+02:00,A20,L,27.8,1,speedlimit
2026-09-05T12:49+02:00,A16,L,22.6,3,speedlimit
2026-09-05T12:49+02:00,A13,R,8.1,1,speedlimit
2026-09-05T12:49+02:00,A15,L,57.3,1,speedlimit
2026-09-05T12:49+02:00,A15,R,51.88,2,lane_closed
2026-09-05T12:49+02:00,A4,R,76.6,1,lane_closed
2026-09-05T12:49+02:00,A4,R,54.487,1,speedlimit
2026-09-05T12:49+02:00,A20,R,29.1,2,speedlimit
2026-09-05T12:49+02:00,A16,L,31.425,5,speedlimit
2026-09-05T12:49+02:00,A13,g,18.7,1,speedlimit
2026-09-05T12:49+02:00,A15,R,51.28,2,lane_closed
2026-09-05T12:49+02:00,A20,u,36.23,1,speedlimit
2026-09-05T12:49+02:00,A15,R,55.14,3,lane_closed
2026-09-05T12:49+02:00,A4,R,73.006,1,speedlimit
2026-09-05T12:49+02:00,A20,R,28.57,2,speedlimit
2026-09-05T12:49+02:00,A4,m,72.012,1,speedlimit
2026-09-05T12:49+02:00,A20,R,26.64,2,speedlimit
2026-09-05T12:49+02:00,A4,L,7.22,2,speedlimit
2026-09-05T12:49+02:00,A15,L,64.2,3,speedlimit
2026-09-05T12:49+02:00,A20,L,29.1,1,speedlimit
2026-09-05T12:49+02:00,A16,L,23.075,2,speedlimit
2026-09-05T12:49+02:00,A13,L,18.2,1,speedlimit
2026-09-05T12:49+02:00,A16,L,20.6,3,speedlimit
2026-09-05T12:49+02:00,A16,L,25.682,2,speedlimit
2026-09-05T12:49+02:00,A16,y,21.6,1,speedlimit
2026-09-05T12:49+02:00,A15,L,64.67,2,speedlimit
2026-09-05T12:49+02:00,A4,m,72.321,2,speedlimit
2026-09-05T12:49+02:00,A13,L,12.7,4,lane_closed
2026-09-05T12:49+02:00,A20,L,31.88,2,speedlimit
2026-09-05T12:49+02:00,A13,R,6.725,3,lane_closed_ahead
2026-09-05T12:49+02:00,A4,R,49.84,1,speedlimit
2026-09-05T12:49+02:00,A4,R,76.07,2,lane_closed
2026-09-05T12:49+02:00,A13,L,19.7,2,speedlimit
2026-09-05T12:49+02:00,A16,y,21.1,2,speedlimit
2026-09-05T12:49+02:00,A15,R,48.332,2,lane_closed
2026-09-05T12:49+02:00,A16,y,17.748,2,speedlimit
2026-09-05T12:49+02:00,A15,R,51.88,1,lane_closed
2026-09-05T12:49+02:00,A15,m,95.76,3,lane_closed
2026-09-05T12:49+02:00,A20,L,28.085,2,speedlimit
2026-09-05T12:49+02:00,A15,R,54.7,3,lane_closed
2026-09-05T12:49+02:00,A38,p,21.25,2,speedlimit
2026-09-05T12:49+02:00,A20,R,34.29,3,speedlimit
2026-09-05T12:49+02:00,A4,R,76.07,3,speedlimit
2026-09-05T12:49+02:00,A15,x,46.135,2,speedlimit
2026-09-05T12:49+02:00,A15,R,55.14,1,lane_closed
2026-09-05T12:49+02:00,A20,R,30.6,3,speedlimit
2026-09-05T12:49+02:00,A4,R,55.08,4,speedlimit
2026-09-05T12:49+02:00,A16,y,20.0,3,speedlimit
2026-09-05T12:49+02:00,A15,m,58.65,3,speedlimit
2026-09-05T12:49+02:00,A4,m,73.544,3,speedlimit
2026-09-05T12:49+02:00,A15,m,95.3,2,speedlimit
2026-09-05T12:49+02:00,A16,R,8.65,2,speedlimit
2026-09-05T12:49+02:00,A16,L,25.232,3,speedlimit
2026-09-05T12:49+02:00,A16,R,9.35,1,speedlimit
2026-09-05T12:49+02:00,A4,R,72.321,2,speedlimit
2026-09-05T12:49+02:00,A4,m,74.194,1,speedlimit
2026-09-05T12:49+02:00,A16,R,11.7,1,speedlimit
2026-09-05T12:49+02:00,A20,R,29.8,2,speedlimit
2026-09-05T12:49+02:00,A4,R,52.018,4,lane_closed
2026-09-05T12:49+02:00,A16,y,17.748,1,lane_closed
2026-09-05T12:49+02:00,A15,m,95.76,1,speedlimit
2026-09-05T12:49+02:00,A15,L,64.2,1,lane_closed
2026-09-05T12:49+02:00,A20,R,27.235,2,speedlimit
2026-09-05T12:49+02:00,A29,R,11.3,3,speedlimit
2026-09-05T12:49+02:00,A20,L,37.3,1,speedlimit
2026-09-05T12:49+02:00,A15,R,59.95,1,lane_closed
2026-09-05T12:49+02:00,A13,R,18.2,1,speedlimit
2026-09-05T12:49+02:00,A13,R,8.6,2,speedlimit
2026-09-05T12:49+02:00,A4,L,4.44,2,speedlimit
2026-09-05T12:49+02:00,A16,L,30.73,1,speedlimit
2026-09-05T12:49+02:00,A15,x,55.59,3,speedlimit
2026-09-05T12:49+02:00,A15,L,65.25,1,lane_closed_ahead
2026-09-05T12:49+02:00,A16,y,21.6,2,speedlimit
2026-09-05T12:49+02:00,A15,R,55.59,3,lane_closed
2026-09-05T12:49+02:00,A13,R,6.4,3,speedlimit
2026-09-05T12:49+02:00,A15,R,47.775,4,speedlimit
2026-09-05T12:49+02:00,A4,f,7.841,4,speedlimit
2026-09-05T12:49+02:00,A4,f,7.1,1,speedlimit
2026-09-05T12:49+02:00,A15,e,95.55,1,speedlimit
2026-09-05T12:49+02:00,A4,L,6.592,3,speedlimit
2026-09-05T12:49+02:00,A13,e,19.1,1,speedlimit
2026-09-05T12:49+02:00,A4,m,71.726,2,speedlimit
2026-09-05T12:49+02:00,A20,L,47.5,1,speedlimit
2026-09-05T12:49+02:00,A15,R,46.356,1,speedlimit
2026-09-05T12:49+02:00,A4,L,58.82,2,speedlimit
2026-09-05T12:49+02:00,A16,y,19.0,3,speedlimit
2026-09-05T12:49+02:00,A38,R,20.05,2,speedlimit
2026-09-05T12:49+02:00,A16,L,30.73,2,speedlimit
2026-09-05T12:49+02:00,A4,L,8.14,1,speedlimit
2026-09-05T12:49+02:00,A15,n,96.42,2,speedlimit
2026-09-05T12:49+02:00,A15,R,60.49,1,lane_closed
2026-09-05T12:49+02:00,A13,L,17.8,3,speedlimit
2026-09-05T12:49+02:00,A15,R,49.61,3,lane_closed
2026-09-05T12:49+02:00,A4,f,7.841,3,speedlimit
2026-09-05T12:49+02:00,A15,R,48.332,5,speedlimit
2026-09-05T12:49+02:00,A4,R,3.01,5,speedlimit
2026-09-05T12:49+02:00,A4,L,5.93,3,speedlimit
2026-09-05T12:49+02:00,A4,R,73.691,2,speedlimit
2026-09-05T12:49+02:00,A4,m,73.691,1,speedlimit
2026-09-05T12:49+02:00,A15,L,56.8,4,speedlimit
2026-09-05T12:49+02:00,A4,m,73.691,2,speedlimit
2026-09-05T12:49+02:00,A4,R,75.71,1,lane_closed
2026-09-05T12:49+02:00,A15,R,57.78,5,lane_closed
2026-09-05T12:49+02:00,A16,R,11.866,2,speedlimit
2026-09-05T12:49+02:00,A20,R,31.26,1,speedlimit
2026-09-05T12:49+02:00,A20,u,35.09,1,speedlimit
2026-09-05T12:49+02:00,A4,L,5.93,5,speedlimit
2026-09-05T12:49+02:00,A4,L,7.526,1,speedlimit
2026-09-05T12:49+02:00,A15,R,45.92,1,speedlimit
2026-09-05T12:49+02:00,A20,L,45.61,1,speedlimit
2026-09-05T12:49+02:00,A16,y,24.3,2,speedlimit
2026-09-05T12:49+02:00,A4,L,7.841,1,speedlimit
2026-09-05T12:49+02:00,A15,R,50.31,2,lane_closed
2026-09-05T12:49+02:00,A4,R,76.9,2,lane_closed
2026-09-05T12:49+02:00,A15,R,59.2,4,lane_closed
2026-09-05T12:49+02:00,A16,L,31.425,3,speedlimit
2026-09-05T12:49+02:00,A20,L,36.625,4,speedlimit
2026-09-05T12:49+02:00,A15,R,46.468,2,speedlimit
2026-09-05T12:49+02:00,A15,y,47.092,1,speedlimit
2026-09-05T12:49+02:00,A15,x,52.57,3,speedlimit
2026-09-05T12:49+02:00,A20,L,29.826,3,speedlimit
2026-09-05T12:49+02:00,A20,L,37.8,3,speedlimit
2026-09-05T12:49+02:00,A4,L,59.72,3,speedlimit
2026-09-05T12:49+02:00,A4,L,58.82,3,speedlimit
2026-09-05T12:49+02:00,A4,R,72.443,1,speedlimit
2026-09-05T12:49+02:00,A13,R,5.91,2,speedlimit
2026-09-05T12:49+02:00,A4,h,45.58,3,lane_closed
2026-09-05T12:49+02:00,A20,L,29.5,1,speedlimit
2026-09-05T12:49+02:00,A20,R,28.8,3,speedlimit
2026-09-05T12:49+02:00,A20,R,29.5,1,speedlimit
2026-09-05T12:49+02:00,A4,f,7.2,1,speedlimit
2026-09-05T12:49+02:00,A38,p,20.55,1,speedlimit
2026-09-05T12:49+02:00,A4,R,73.974,1,speedlimit
2026-09-05T12:49+02:00,A15,R,60.76,3,lane_closed
2026-09-05T12:49+02:00,A16,y,20.3,1,speedlimit
2026-09-05T12:49+02:00,A16,L,23.075,1,speedlimit
2026-09-05T12:49+02:00,A15,R,46.769,2,speedlimit
2026-09-05T12:49+02:00,A15,L,57.3,4,speedlimit
2026-09-05T12:49+02:00,A16,R,33.135,3,speedlimit
2026-09-05T12:49+02:00,A4,L,57.975,3,speedlimit
2026-09-05T12:49+02:00,A15,R,59.95,2,lane_closed
2026-09-05T12:49+02:00,A15,R,46.614,3,speedlimit
2026-09-05T12:49+02:00,A13,L,11.25,4,lane_closed
2026-09-05T12:49+02:00,A20,L,30.9,1,speedlimit
2026-09-05T12:49+02:00,A4,x,48.437,1,speedlimit
2026-09-05T12:49+02:00,A4,f,7.2,2,speedlimit
2026-09-05T12:49+02:00,A16,R,8.65,1,speedlimit
2026-09-05T12:49+02:00,A15,R,56.6,1,lane_closed
2026-09-05T12:49+02:00,A4,L,6.592,2,speedlimit
2026-09-05T12:49+02:00,A15,y,56.085,2,speedlimit
2026-09-05T12:49+02:00,A20,u,35.09,2,speedlimit
2026-09-05T12:49+02:00,A13,R,18.2,4,speedlimit
2026-09-05T12:49+02:00,A16,L,17.299,5,speedlimit
2026-09-05T12:49+02:00,A4,L,5.93,4,speedlimit
2026-09-05T12:49+02:00,A15,m,59.58,1,speedlimit
2026-09-05T12:49+02:00,A15,R,47.332,1,lane_closed
2026-09-05T12:49+02:00,A16,R,9.95,2,speedlimit
2026-09-05T12:49+02:00,A15,r,45.853,2,speedlimit
2026-09-05T12:49+02:00,A15,x,56.6,3,speedlimit
2026-09-05T12:49+02:00,A38,p,20.55,2,speedlimit
2026-09-05T12:49+02:00,A4,L,4.44,1,speedlimit
2026-09-05T12:49+02:00,A4,R,52.018,3,speedlimit
2026-09-05T12:49+02:00,A16,R,33.609,1,speedlimit
2026-09-05T12:49+02:00,A13,R,18.7,1,speedlimit
2026-09-05T12:49+02:00,A15,L,64.67,5,speedlimit
2026-09-05T12:49+02:00,A15,n,95.855,1,speedlimit
2026-09-05T12:49+02:00,A4,L,5.93,6,speedlimit
2026-09-05T12:49+02:00,A20,c,27.488,1,speedlimit
2026-09-05T12:49+02:00,A20,R,31.9,3,speedlimit
2026-09-05T12:49+02:00,A16,L,19.0,1,speedlimit
2026-09-05T12:49+02:00,A13,R,16.655,3,speedlimit
2026-09-05T12:49+02:00,A4,R,72.012,2,speedlimit
2026-09-05T12:49+02:00,A4,L,7.22,4,speedlimit
2026-09-05T12:49+02:00,A4,R,72.58,1,speedlimit
2026-09-05T12:49+02:00,A4,L,59.72,1,speedlimit
2026-09-05T12:49+02:00,A15,x,52.05,3,speedlimit
2026-09-05T12:49+02:00,A15,m,94.725,2,speedlimit
2026-09-05T12:49+02:00,A16,y,20.0,4,speedlimit
2026-09-05T12:49+02:00,A20,L,29.1,2,speedlimit
2026-09-05T12:49+02:00,A16,L,20.3,2,speedlimit
2026-09-05T12:49+02:00,A15,L,63.56,1,lane_closed
2026-09-05T12:49+02:00,A16,y,23.075,3,speedlimit
2026-09-05T12:49+02:00,A15,f,96.0,1,lane_closed
2026-09-05T12:49+02:00,A15,R,46.859,3,speedlimit
2026-09-05T12:49+02:00,A20,R,29.8,3,speedlimit
2026-09-05T12:49+02:00,A13,L,18.2,2,speedlimit
2026-09-05T12:49+02:00,A20,R,26.4,3,speedlimit
2026-09-05T12:49+02:00,A4,f,6.6,2,speedlimit
2026-09-05T12:49+02:00,A15,R,60.76,4,speedlimit
2026-09-05T12:49+02:00,A4,m,73.974,3,speedlimit
2026-09-05T12:49+02:00,A38,L,21.058,2,speedlimit
2026-09-05T12:49+02:00,A20,u,35.71,2,speedlimit
2026-09-05T12:49+02:00,A15,m,58.65,1,speedlimit
2026-09-05T12:49+02:00,A20,R,34.29,4,speedlimit
2026-09-05T12:49+02:00,A20,R,26.93,1,speedlimit
2026-09-05T12:49+02:00,A15,x,52.05,1,speedlimit
2026-09-05T12:49+02:00,A15,R,46.859,1,speedlimit
2026-09-05T12:49+02:00,A15,R,48.332,3,lane_closed
2026-09-05T12:49+02:00,A15,R,58.46,3,lane_closed
2026-09-05T12:49+02:00,A15,R,60.76,1,lane_closed
2026-09-05T12:49+02:00,A4,L,5.549,3,speedlimit
2026-09-05T12:49+02:00,A16,L,30.73,3,speedlimit
2026-09-05T12:49+02:00,A4,L,6.592,1,speedlimit
2026-09-05T12:49+02:00,A20,R,26.4,2,speedlimit
2026-09-05T12:49+02:00,A15,R,48.332,4,speedlimit
2026-09-05T12:49+02:00,A29,R,11.95,3,speedlimit
2026-09-05T12:49+02:00,A4,x,49.037,3,speedlimit
2026-09-05T12:49+02:00,A15,L,63.56,3,speedlimit
2026-09-05T12:49+02:00,A20,L,27.488,2,speedlimit
2026-09-05T12:49+02:00,A16,y,18.7,1,lane_closed_ahead
2026-09-05T12:49+02:00,A16,y,20.0,1,speedlimit
2026-09-05T12:49+02:00,A20,L,30.196,3,speedlimit
2026-09-05T12:49+02:00,A4,h,46.06,1,speedlimit
2026-09-05T12:49+02:00,A4,R,3.01,2,speedlimit
2026-09-05T12:49+02:00,A4,L,5.549,4,lane_closed_ahead
2026-09-05T12:49+02:00,A15,R,49.61,1,lane_closed
2026-09-05T12:49+02:00,A4,f,7.1,2,speedlimit
2026-09-05T12:49+02:00,A20,L,28.41,1,speedlimit
2026-09-05T12:49+02:00,A15,R,45.92,3,speedlimit
2026-09-05T12:49+02:00,A13,R,5.481,1,speedlimit
2026-09-05T12:49+02:00,A13,L,13.18,4,lane_closed
2026-09-05T12:49+02:00,A15,R,57.78,2,lane_closed
2026-09-05T12:49+02:00,A15,R,57.78,3,lane_closed
2026-09-05T12:49+02:00,A13,R,6.725,1,speedlimit
2026-09-05T12:49+02:00,A15,x,47.025,1,speedlimit
2026-09-05T12:49+02:00,A15,R,57.31,2,lane_closed
2026-09-05T12:49+02:00,A13,L,17.8,2,speedlimit
2026-09-05T12:49+02:00,A16,R,9.95,4,speedlimit
2026-09-05T12:49+02:00,A20,L,46.045,2,speedlimit
2026-09-05T12:49+02:00,A15,R,56.6,2,lane_closed
2026-09-05T12:49+02:00,A16,L,19.5,2,speedlimit
2026-09-05T12:49+02:00,A15,x,45.853,1,speedlimit
2026-09-05T12:49+02:00,A16,R,9.35,3,speedlimit
2026-09-05T12:49+02:00,A4,L,5.93,2,speedlimit
2026-09-05T12:49+02:00,A20,R,28.57,1,speedlimit
2026-09-05T12:49+02:00,A4,L,5.549,5,speedlimit
2026-09-05T12:49+02:00,A20,R,25.3,3,speedlimit
2026-09-05T12:49+02:00,A15,y,56.085,1,speedlimit
2026-09-05T12:49+02:00,A16,L,22.6,1,speedlimit
2026-09-05T12:49+02:00,A20,R,30.196,4,speedlimit
2026-09-05T12:49+02:00,A16,y,20.3,2,speedlimit
2026-09-05T12:49+02:00,A15,y,54.89,2,speedlimit
2026-09-05T12:49+02:00,A4,L,6.902,2,speedlimit
2026-09-05T12:49+02:00,A16,y,21.6,3,speedlimit
2026-09-05T12:49+02:00,A4,L,5.225,2,speedlimit
2026-09-05T12:49+02:00,A4,R,53.111,1,speedlimit
2026-09-05T12:49+02:00,A16,L,23.535,3,speedlimit
2026-09-05T12:49+02:00,A15,R,47.332,2,lane_closed_ahead
2026-09-05T12:49+02:00,A20,t,29.6,2,speedlimit
2026-09-05T12:49+02:00,A4,L,5.225,4,lane_closed
2026-09-05T12:49+02:00,A16,L,17.748,2,lane_closed
2026-09-05T12:49+02:00,A20,L,38.3,1,speedlimit
2026-09-05T12:49+02:00,A16,y,23.9,3,speedlimit
2026-09-05T12:49+02:00,A15,L,57.3,2,speedlimit
2026-09-05T12:49+02:00,A29,R,11.3,4,speedlimit
2026-09-05T12:49+02:00,A15,R,46.769,3,speedlimit
2026-09-05T12:49+02:00,A15,R,57.31,4,lane_closed
2026-09-05T12:49+02:00,A15,L,64.67,4,speedlimit
2026-09-05T12:49+02:00,A15,R,49.0,2,lane_closed
2026-09-05T12:49+02:00,A4,m,73.414,1,speedlimit
2026-09-05T12:49+02:00,A20,L,47.5,2,speedlimit
2026-09-05T12:49+02:00,A15,L,65.685,1,speedlimit
2026-09-05T12:49+02:00,A4,m,73.974,2,speedlimit
2026-09-05T12:49+02:00,A15,L,64.67,1,lane_closed
2026-09-05T12:49+02:00,A4,L,57.975,2,speedlimit
2026-09-05T12:49+02:00,A15,r,45.853,1,speedlimit
2026-09-05T12:49+02:00,A4,R,76.6,2,lane_closed
2026-09-05T12:49+02:00,A15,R,54.7,1,lane_closed
2026-09-05T12:49+02:00,A15,R,52.32,1,lane_closed
2026-09-05T12:49+02:00,A15,m,94.725,1,speedlimit
2026-09-05T12:49+02:00,A38,L,21.058,1,speedlimit
2026-09-05T12:49+02:00,A4,L,7.369,3,speedlimit
2026-09-05T12:49+02:00,A20,R,26.93,2,speedlimit
2026-09-05T12:49+02:00,A4,R,3.27,3,speedlimit
2026-09-05T12:49+02:00,A20,L,30.9,3,speedlimit
2026-09-05T12:49+02:00,A13,L,18.8,3,speedlimit
2026-09-05T12:49+02:00,A20,L,46.045,1,speedlimit
2026-09-05T12:49+02:00,A15,R,46.614,1,speedlimit
2026-09-05T12:49+02:00,A4,L,60.268,2,speedlimit
2026-09-05T12:49+02:00,A4,L,7.22,1,speedlimit
2026-09-05T12:49+02:00,A20,L,37.8,1,speedlimit
2026-09-05T12:49+02:00,A20,R,28.8,1,speedlimit
2026-09-05T12:49+02:00,A4,m,73.284,1,speedlimit
2026-09-05T12:49+02:00,A16,R,15.73,1,speedlimit
2026-09-05T12:49+02:00,A4,L,57.05,2,speedlimit
2026-09-05T12:49+02:00,A15,x,51.0,2,speedlimit
2026-09-05T12:49+02:00,A4,R,72.012,1,speedlimit
2026-09-05T12:49+02:00,A16,y,20.6,2,speedlimit
2026-09-05T12:49+02:00,A16,R,9.95,3,speedlimit
2026-09-05T12:49+02:00,A13,L,18.8,1,speedlimit
2026-09-05T12:49+02:00,A4,h,46.4,2,speedlimit
2026-09-05T12:49+02:00,A15,q,56.8,1,speedlimit
2026-09-05T12:49+02:00,A15,R,46.614,2,speedlimit
2026-09-05T12:49+02:00,A4,m,73.156,1,speedlimit
2026-09-05T12:49+02:00,A13,R,16.2,2,speedlimit
2026-09-05T12:49+02:00,A4,x,48.437,2,speedlimit
2026-09-05T12:49+02:00,A16,R,33.848,2,speedlimit
2026-09-05T12:49+02:00,A29,R,11.95,1,speedlimit
2026-09-05T12:49+02:00,A4,L,60.268,1,speedlimit
2026-09-05T12:49+02:00,A4,m,3.83,1,speedlimit
2026-09-05T12:49+02:00,A4,L,5.549,2,speedlimit
2026-09-05T12:49+02:00,A4,L,6.592,4,speedlimit
2026-09-05T12:49+02:00,A16,L,26.05,3,speedlimit
2026-09-05T12:49+02:00,A4,R,52.598,1,speedlimit
2026-09-05T12:49+02:00,A20,L,31.4,3,speedlimit
2026-09-05T12:49+02:00,A4,L,57.05,1,speedlimit
2026-09-05T12:49+02:00,A16,R,10.5,1,speedlimit
2026-09-05T12:49+02:00,A15,L,57.3,3,speedlimit
2026-09-05T12:49+02:00,A20,L,30.196,4,speedlimit
2026-09-05T12:49+02:00,A20,L,37.3,5,speedlimit
2026-09-05T12:49+02:00,A15,y,55.41,3,speedlimit
2026-09-05T12:49+02:00,A15,R,49.99,1,lane_closed
2026-09-05T12:49+02:00,A16,L,24.82,2,speedlimit
2026-09-05T12:49+02:00,A4,L,5.225,5,speedlimit
2026-09-05T12:49+02:00,A13,R,18.2,2,speedlimit
2026-09-05T12:49+02:00,A4,x,48.1,2,speedlimit
2026-09-05T12:49+02:00,A4,R,3.01,1,speedlimit
2026-09-05T12:49+02:00,A4,L,6.902,3,speedlimit
2026-09-05T12:49+02:00,A15,R,48.332,1,lane_closed
2026-09-05T12:49+02:00,A4,R,76.9,4,speedlimit
2026-09-05T12:49+02:00,A13,L,17.8,1,speedlimit
2026-09-05T12:49+02:00,A13,R,7.2,3,lane_closed
2026-09-05T12:49+02:00,A4,R,50.898,1,speedlimit
2026-09-05T12:49+02:00,A16,R,10.5,2,speedlimit
2026-09-05T12:49+02:00,A20,R,29.8,1,speedlimit
2026-09-05T12:49+02:00,A16,R,33.135,1,speedlimit
2026-09-05T12:49+02:00,A20,R,31.26,2,speedlimit
2026-09-05T12:49+02:00,A20,r,35.245,2,speedlimit
2026-09-05T12:49+02:00,A15,m,58.46,1,speedlimit
2026-09-05T12:49+02:00,A16,L,21.6,1,speedlimit
2026-09-05T12:49+02:00,A4,f,7.5,2,speedlimit
2026-09-05T12:49+02:00,A20,R,25.7,1,speedlimit
2026-09-05T12:49+02:00,A20,L,38.91,1,speedlimit
2026-09-05T12:49+02:00,A4,R,3.27,5,speedlimit
2026-09-05T12:49+02:00,A15,m,59.11,3,speedlimit
2026-09-05T12:49+02:00,A15,R,50.87,2,lane_closed
2026-09-05T12:49+02:00,A4,x,49.037,2,speedlimit
2026-09-05T12:49+02:00,A16,L,25.682,1,speedlimit
2026-09-05T12:49+02:00,A4,m,73.006,1,speedlimit
2026-09-05T12:49+02:00,A4,L,57.975,1,speedlimit
2026-09-05T12:49+02:00,A15,x,56.6,1,lane_closed
2026-09-05T12:49+02:00,A4,R,73.156,1,speedlimit
2026-09-05T12:49+02:00,A4,R,3.01,3,speedlimit
2026-09-05T12:49+02:00,A20,R,31.26,3,speedlimit
2026-09-05T12:49+02:00,A4,R,74.737,3,speedlimit
2026-09-05T12:49+02:00,A20,L,46.4,2,speedlimit
2026-09-05T12:49+02:00,A20,R,26.64,3,speedlimit
2026-09-05T12:49+02:00,A20,R,26.64,4,speedlimit
2026-09-05T12:49+02:00,A15,y,47.43,1,speedlimit
2026-09-05T12:49+02:00,A16,y,20.6,3,speedlimit
2026-09-05T12:49+02:00,A20,R,26.4,1,speedlimit
2026-09-05T12:49+02:00,A13,R,17.1,1,speedlimit
2026-09-05T12:49+02:00,A15,R,59.2,3,lane_closed
2026-09-05T12:49+02:00,A4,L,7.369,1,speedlimit
2026-09-05T12:49+02:00,A16,R,16.3,4,speedlimit
2026-09-05T12:49+02:00,A16,L,17.299,2,lane_closed
2026-09-05T12:49+02:00,A20,R,29.5,3,speedlimit
2026-09-05T12:49+02:00,A20,L,47.0,2,speedlimit
2026-09-05T12:49+02:00,A16,L,24.82,4,speedlimit
2026-09-05T12:49+02:00,A15,R,58.46,4,lane_closed
2026-09-05T12:49+02:00,A4,R,75.214,5,speedlimit
2026-09-05T12:49+02:00,A4,R,55.08,3,speedlimit
2026-09-05T12:49+02:00,A13,L,13.7,4,lane_closed
2026-09-05T12:49+02:00,A15,R,47.775,3,lane_closed_ahead
2026-09-05T12:49+02:00,A15,L,63.56,2,speedlimit
2026-09-05T12:49+02:00,A20,L,47.0,1,speedlimit
2026-09-05T12:49+02:00,A13,L,14.2,4,lane_closed
2026-09-05T12:49+02:00,A4,R,74.737,5,speedlimit
2026-09-05T12:49+02:00,A15,R,60.76,2,lane_closed
2026-09-05T12:49+02:00,A4,R,73.156,2,speedlimit
2026-09-05T12:49+02:00,A16,R,16.3,5,speedlimit
2026-09-05T12:49+02:00,A4,h,46.4,1,speedlimit
2026-09-05T12:49+02:00,A13,R,7.2,1,speedlimit
2026-09-05T12:49+02:00,A15,R,46.17,1,speedlimit
2026-09-05T12:49+02:00,A15,x,56.25,2,speedlimit
2026-09-05T12:49+02:00,A15,x,55.14,2,speedlimit
2026-09-05T12:49+02:00,A4,R,52.598,3,speedlimit
2026-09-05T12:49+02:00,A4,R,49.84,3,speedlimit
2026-09-05T12:49+02:00,A20,t,29.6,1,speedlimit
2026-09-05T12:49+02:00,A16,R,33.43,1,speedlimit
2026-09-05T12:49+02:00,A15,R,47.775,2,lane_closed
2026-09-05T12:49+02:00,A15,n,96.42,1,speedlimit
2026-09-05T12:49+02:00,A15,L,65.685,4,speedlimit
2026-09-05T12:49+02:00,A16,L,25.682,3,speedlimit
2026-09-05T12:49+02:00,A20,R,29.8,4,speedlimit
2026-09-05T12:49+02:00,A4,L,8.14,3,speedlimit
2026-09-05T12:49+02:00,A16,R,34.068,1,speedlimit
2026-09-05T12:49+02:00,A20,L,46.4,1,speedlimit
2026-09-05T12:49+02:00,A20,L,36.94,2,speedlimit
2026-09-05T12:49+02:00,A13,R,18.7,2,speedlimit
2026-09-05T12:49+02:00,A16,R,12.07,1,speedlimit
2026-09-05T12:49+02:00,A16,y,23.535,3,speedlimit
2026-09-05T12:49+02:00,A16,L,20.3,1,speedlimit
2026-09-05T12:49+02:00,A4,R,50.433,3,speedlimit
2026-09-05T12:49+02:00,A20,R,27.488,1,speedlimit
2026-09-05T12:49+02:00,A4,R,55.08,2,speedlimit
2026-09-05T12:49+02:00,A15,R,48.69,2,lane_closed
2026-09-05T12:49+02:00,A15,m,59.11,1,speedlimit
2026-09-05T12:49+02:00,A15,R,77.003,2,speedlimit
2026-09-05T12:49+02:00,A20,R,29.5,2,speedlimit
2026-09-05T12:49+02:00,A20,L,27.2,2,speedlimit
2026-09-05T12:49+02:00,A13,R,18.963,1,speedlimit
2026-09-05T12:49+02:00,A29,R,11.3,1,speedlimit
2026-09-05T12:49+02:00,A15,R,46.468,3,speedlimit
2026-09-05T12:49+02:00,A13,L,17.1,1,speedlimit
2026-09-05T12:49+02:00,A4,R,74.194,2,speedlimit
2026-09-05T12:49+02:00,A20,L,31.88,3,speedlimit
2026-09-05T12:49+02:00,A20,L,45.61,2,speedlimit
2026-09-05T12:49+02:00,A13,L,19.7,1,speedlimit
2026-09-05T12:49+02:00,A4,R,75.214,4,speedlimit
2026-09-05T12:49+02:00,A13,L,17.1,4,speedlimit
2026-09-05T12:49+02:00,A4,R,50.433,1,speedlimit
2026-09-05T12:49+02:00,A4,L,7.072,2,speedlimit
2026-09-05T12:49+02:00,A4,R,52.018,1,speedlimit
2026-09-05T12:49+02:00,A13,R,16.655,2,speedlimit
2026-09-05T12:49+02:00,A15,L,56.8,3,speedlimit
2026-09-05T12:49+02:00,A4,R,75.71,2,speedlimit
2026-09-05T12:49+02:00,A4,R,50.433,4,speedlimit
2026-09-05T12:49+02:00,A15,R,56.1,1,lane_closed
2026-09-05T12:49+02:00,A13,L,15.55,5,lane_closed
2026-09-05T12:49+02:00,A20,u,35.09,3,speedlimit
2026-09-05T12:49+02:00,A16,y,23.075,2,speedlimit
2026-09-05T12:49+02:00,A16,R,11.13,1,speedlimit
2026-09-05T12:49+02:00,A4,R,51.388,1,speedlimit
2026-09-05T12:49+02:00,A16,L,24.03,1,speedlimit
2026-09-05T12:49+02:00,A4,L,7.072,4,speedlimit
2026-09-05T12:49+02:00,A4,m,72.012,2,speedlimit
2026-09-05T12:49+02:00,A15,x,56.6,2,speedlimit
2026-09-05T12:49+02:00,A16,y,24.3,1,speedlimit
2026-09-05T12:49+02:00,A16,y,19.0,1,speedlimit
2026-09-05T12:49+02:00,A16,y,18.2,2,speedlimit
2026-09-05T12:49+02:00,A15,R,47.07,2,speedlimit
2026-09-05T12:49+02:00,A15,m,58.65,2,speedlimit
2026-09-05T12:49+02:00,A16,y,20.3,3,speedlimit
2026-09-05T12:49+02:00,A4,m,71.726,1,speedlimit
2026-09-05T12:49+02:00,A16,L,30.2,3,speedlimit
2026-09-05T12:49+02:00,A13,R,6.4,4,speedlimit
2026-09-05T12:49+02:00,A20,R,33.85,2,speedlimit
2026-09-05T12:49+02:00,A15,R,59.95,3,lane_closed
2026-09-05T12:49+02:00,A16,L,17.299,3,lane_closed
2026-09-05T12:49+02:00,A15,n,58.0,2,speedlimit
2026-09-05T12:49+02:00,A4,R,52.598,2,speedlimit
2026-09-05T12:49+02:00,A4,L,5.225,1,speedlimit
2026-09-05T12:49+02:00,A20,R,33.85,3,speedlimit
2026-09-05T12:49+02:00,A20,L,32.8,3,speedlimit
2026-09-05T12:49+02:00,A38,p,21.25,3,speedlimit
2026-09-05T12:49+02:00,A16,L,17.299,4,lane_closed
2026-09-05T12:49+02:00,A16,L,19.0,2,lane_closed_ahead
2026-09-05T12:49+02:00,A15,R,58.46,1,lane_closed
2026-09-05T12:49+02:00,A20,R,25.3,2,speedlimit
2026-09-05T12:49+02:00,A15,R,52.32,2,lane_closed
2026-09-05T12:49+02:00,A13,R,5.481,3,speedlimit
2026-09-05T12:49+02:00,A15,n,58.0,3,speedlimit
2026-09-05T12:49+02:00,A4,L,7.369,2,speedlimit
2026-09-05T12:49+02:00,A20,R,30.196,1,speedlimit
2026-09-05T12:49+02:00,A20,L,29.826,4,speedlimit
2026-09-05T12:49+02:00,A15,R,52.92,3,lane_closed
2026-09-05T12:49+02:00,A20,L,38.3,3,speedlimit
2026-09-05T12:49+02:00,A16,L,30.2,4,speedlimit
2026-09-05T12:49+02:00,A20,L,38.91,3,speedlimit
2026-09-05T12:49+02:00,A15,x,55.59,2,speedlimit
2026-09-05T12:49+02:00,A4,L,59.72,2,speedlimit
2026-09-05T12:49+02:00,A16,L,22.2,3,speedlimit
2026-09-05T12:49+02:00,A4,m,72.58,1,speedlimit
2026-09-05T12:49+02:00,A16,L,22.6,2,speedlimit
2026-09-05T12:49+02:00,A15,y,54.89,1,speedlimit
2026-09-05T12:49+02:00,A15,R,46.356,3,speedlimit
2026-09-05T12:49+02:00,A20,s,29.6,1,speedlimit
2026-09-05T12:49+02:00,A4,L,7.526,3,speedlimit
2026-09-05T12:49+02:00,A20,L,28.57,2,speedlimit
2026-09-05T12:49+02:00,A20,R,30.6,2,speedlimit
2026-09-05T12:49+02:00,A15,R,59.57,1,lane_closed
2026-09-05T12:49+02:00,A16,L,23.075,3,speedlimit
2026-09-05T12:49+02:00,A20,L,37.3,2,speedlimit
2026-09-05T12:49+02:00,A15,n,96.42,3,lane_closed
2026-09-05T12:49+02:00,A15,L,65.25,3,speedlimit
2026-09-05T12:49+02:00,A13,L,17.1,2,speedlimit
2026-09-05T12:49+02:00,A4,m,73.691,3,speedlimit
2026-09-05T12:49+02:00,A15,R,57.31,5,lane_closed
2026-09-05T12:49+02:00,A16,L,18.2,3,lane_closed
2026-09-05T12:49+02:00,A20,L,36.94,5,speedlimit
2026-09-05T12:49+02:00,A16,R,11.7,3,speedlimit
2026-09-05T12:49+02:00,A20,L,28.57,3,speedlimit
2026-09-05T12:49+02:00,A15,R,59.57,3,lane_closed
2026-09-05T12:49+02:00,A15,L,64.67,3,speedlimit
2026-09-05T12:49+02:00,A20,R,26.4,4,speedlimit
2026-09-05T12:49+02:00,A20,R,30.196,2,speedlimit
2026-09-05T12:49+02:00,A13,R,17.8,3,speedlimit
2026-09-05T12:49+02:00,A15,L,57.78,2,speedlimit
2026-09-05T12:49+02:00,A29,R,11.3,2,speedlimit
2026-09-05T12:49+02:00,A15,m,94.725,3,speedlimit
2026-09-05T12:49+02:00,A15,n,95.855,2,speedlimit
2026-09-05T13:48+02:00,A4,L,7.369,4,speedlimit
2026-09-05T13:48+02:00,A15,R,47.07,3,speedlimit
2026-09-05T13:48+02:00,A15,R,49.0,1,lane_closed
2026-09-05T13:48+02:00,A16,y,19.5,1,speedlimit
2026-09-05T13:48+02:00,A13,L,16.7,1,speedlimit
2026-09-05T13:48+02:00,A4,R,72.321,1,lane_closed
2026-09-05T13:48+02:00,A4,R,54.927,3,speedlimit
2026-09-05T13:48+02:00,A15,R,46.769,1,speedlimit
2026-09-05T13:48+02:00,A15,y,47.092,2,speedlimit
2026-09-05T13:48+02:00,A20,R,40.2,3,speedlimit
2026-09-05T13:48+02:00,A4,n,73.284,2,speedlimit
2026-09-05T13:48+02:00,A4,L,70.611,2,speedlimit
2026-09-05T13:48+02:00,A13,R,5.481,2,speedlimit
2026-09-05T13:48+02:00,A4,R,70.711,2,speedlimit
2026-09-05T13:48+02:00,A4,L,62.3,1,speedlimit
2026-09-05T13:48+02:00,A4,R,50.898,4,speedlimit
2026-09-05T13:48+02:00,A15,R,59.2,2,lane_closed
2026-09-05T13:48+02:00,A16,R,11.7,2,speedlimit
2026-09-05T13:48+02:00,A16,y,18.7,2,speedlimit
2026-09-05T13:48+02:00,A20,R,25.3,1,speedlimit
2026-09-05T13:48+02:00,A4,L,62.755,1,speedlimit
2026-09-05T13:48+02:00,A15,R,45.92,4,speedlimit
2026-09-05T13:48+02:00,A4,L,44.62,1,speedlimit
2026-09-05T13:48+02:00,A20,L,30.196,2,speedlimit
2026-09-05T13:48+02:00,A15,R,72.96,1,speedlimit
2026-09-05T13:48+02:00,A15,R,77.003,3,speedlimit
2026-09-05T13:48+02:00,A4,L,62.6,4,speedlimit
2026-09-05T13:48+02:00,A15,x,45.4,1,speedlimit
2026-09-05T13:48+02:00,A20,R,25.7,2,speedlimit
2026-09-05T13:48+02:00,A15,R,45.92,2,speedlimit
2026-09-05T13:48+02:00,A15,x,54.7,2,speedlimit
2026-09-05T13:48+02:00,A15,R,52.92,1,lane_closed
2026-09-05T13:48+02:00,A13,R,16.655,1,speedlimit
2026-09-05T13:48+02:00,A4,n,73.156,1,speedlimit
2026-09-05T13:48+02:00,A4,L,74.404,5,speedlimit
2026-09-05T13:48+02:00,A4,R,49.84,2,speedlimit
2026-09-05T13:48+02:00,A13,R,17.1,2,speedlimit
2026-09-05T13:48+02:00,A4,x,48.1,4,speedlimit
2026-09-05T13:48+02:00,A16,L,25.232,2,speedlimit
2026-09-05T13:48+02:00,A15,R,54.04,1,lane_closed
2026-09-05T13:48+02:00,A4,L,6.902,1,speedlimit
2026-09-05T13:48+02:00,A4,L,72.736,1,speedlimit
2026-09-05T13:48+02:00,A4,L,63.0,4,speedlimit
2026-09-05T13:48+02:00,A4,L,5.93,1,speedlimit
2026-09-05T13:48+02:00,A4,j,4.65,2,lane_closed
2026-09-05T13:48+02:00,A4,L,42.19,4,speedlimit
2026-09-05T13:48+02:00,A15,R,58.05,4,lane_closed
2026-09-05T13:48+02:00,A15,R,53.47,3,lane_closed
2026-09-05T13:48+02:00,A15,R,55.59,2,lane_closed
2026-09-05T13:48+02:00,A4,L,74.404,2,speedlimit
2026-09-05T13:48+02:00,A4,L,73.006,2,speedlimit
2026-09-05T13:48+02:00,A15,R,51.28,1,lane_closed
2026-09-05T13:48+02:00,A4,R,50.898,3,speedlimit
2026-09-05T13:48+02:00,A15,R,48.69,1,lane_closed
2026-09-05T13:48+02:00,A15,R,55.59,1,lane_closed
2026-09-05T13:48+02:00,A4,L,45.75,2,speedlimit
2026-09-05T13:48+02:00,A16,y,23.535,2,speedlimit
2026-09-05T13:48+02:00,A16,L,21.6,3,speedlimit
2026-09-05T13:48+02:00,A4,L,43.18,2,speedlimit
2026-09-05T13:48+02:00,A15,R,77.003,1,speedlimit
2026-09-05T13:48+02:00,A15,R,47.775,1,lane_closed
2026-09-05T13:48+02:00,A15,L,98.6,2,speedlimit
2026-09-05T13:48+02:00,A4,R,54.487,2,speedlimit
2026-09-05T13:48+02:00,A20,R,34.684,2,speedlimit
2026-09-05T13:48+02:00,A13,R,18.5,1,speedlimit
2026-09-05T13:48+02:00,A20,R,34.684,3,speedlimit
2026-09-05T13:48+02:00,A15,L,100.0,1,speedlimit
2026-09-05T13:48+02:00,A13,b,5.91,1,speedlimit
2026-09-05T13:48+02:00,A4,R,3.27,4,speedlimit
2026-09-05T13:48+02:00,A20,L,29.5,2,speedlimit
2026-09-05T13:48+02:00,A15,R,50.87,1,lane_closed
2026-09-05T13:48+02:00,A4,n,73.544,2,speedlimit
2026-09-05T13:48+02:00,A4,n,74.204,2,speedlimit
2026-09-05T13:48+02:00,A16,R,11.866,1,speedlimit
2026-09-05T13:48+02:00,A13,R,18.5,4,speedlimit
2026-09-05T13:48+02:00,A4,L,72.881,1,speedlimit
2026-09-05T13:48+02:00,A29,R,11.625,1,speedlimit
2026-09-05T13:48+02:00,A4,R,48.79,1,speedlimit
2026-09-05T13:48+02:00,A4,L,71.041,2,speedlimit
2026-09-05T13:48+02:00,A15,m,58.46,3,speedlimit
2026-09-05T13:48+02:00,A20,R,42.485,2,speedlimit
2026-09-05T13:48+02:00,A4,R,48.24,1,speedlimit
2026-09-05T13:48+02:00,A13,R,18.2,3,speedlimit
2026-09-05T13:48+02:00,A4,R,50.433,2,speedlimit
2026-09-05T13:48+02:00,A15,R,49.0,3,lane_closed
2026-09-05T13:48+02:00,A15,x,54.7,1,speedlimit
2026-09-05T13:48+02:00,A20,R,28.1,1,speedlimit
2026-09-05T13:48+02:00,A20,R,30.196,3,speedlimit
2026-09-05T13:48+02:00,A4,L,4.44,3,lane_closed
2026-09-05T13:48+02:00,A4,R,71.21,3,speedlimit
2026-09-05T13:48+02:00,A15,R,47.775,5,speedlimit
2026-09-05T13:48+02:00,A15,R,46.468,1,speedlimit
2026-09-05T13:48+02:00,A15,R,51.88,3,lane_closed
2026-09-05T13:48+02:00,A4,j,4.65,1,lane_closed
2026-09-05T13:48+02:00,A15,p,50.4,1,lane_closed
2026-09-05T13:48+02:00,A4,L,62.885,3,speedlimit
2026-09-05T13:48+02:00,A20,L,47.8,1,speedlimit
2026-09-05T13:48+02:00,A4,L,62.468,4,speedlimit
2026-09-05T13:48+02:00,A4,R,70.964,1,lane_closed_ahead
2026-09-05T13:48+02:00,A4,m,49.33,2,speedlimit
2026-09-05T13:48+02:00,A20,L,36.94,1,speedlimit
2026-09-05T13:48+02:00,A4,x,49.037,1,speedlimit
2026-09-05T13:48+02:00,A15,R,58.05,1,lane_closed
2026-09-05T13:48+02:00,A4,R,72.443,2,speedlimit
2026-09-05T13:48+02:00,A4,L,74.737,3,speedlimit
2026-09-05T13:48+02:00,A4,f,7.841,2,speedlimit
2026-09-05T13:48+02:00,A4,x,48.1,1,speedlimit
2026-09-05T13:48+02:00,A15,R,58.46,2,lane_closed
2026-09-05T13:48+02:00,A16,b,11.392,1,speedlimit
2026-09-05T13:48+02:00,A4,R,73.974,2,speedlimit
2026-09-05T13:48+02:00,A15,R,46.17,3,speedlimit
2026-09-05T13:48+02:00,A4,R,71.726,2,speedlimit
2026-09-05T13:48+02:00,A15,R,56.6,3,lane_closed
2026-09-05T13:48+02:00,A38,R,20.05,1,speedlimit
2026-09-05T13:48+02:00,A15,n,95.855,3,speedlimit
2026-09-05T13:48+02:00,A4,R,76.9,1,lane_closed
2026-09-05T13:48+02:00,A4,L,73.156,2,speedlimit
2026-09-05T13:48+02:00,A13,R,17.8,2,speedlimit
2026-09-05T13:48+02:00,A20,L,36.625,5,speedlimit
2026-09-05T13:48+02:00,A4,m,74.194,3,speedlimit
2026-09-05T13:48+02:00,A4,R,53.944,2,speedlimit
2026-09-05T13:48+02:00,A4,L,5.225,6,speedlimit
2026-09-05T13:48+02:00,A4,f,7.4,2,speedlimit
2026-09-05T13:48+02:00,A15,x,56.25,1,lane_closed
2026-09-05T13:48+02:00,A20,s,29.6,2,speedlimit
2026-09-05T13:48+02:00,A16,L,14.17,2,speedlimit
2026-09-05T13:48+02:00,A15,L,65.25,2,speedlimit
2026-09-05T13:48+02:00,A16,L,22.2,1,speedlimit
2026-09-05T13:48+02:00,A15,L,65.685,3,speedlimit
2026-09-05T13:48+02:00,A4,m,73.544,1,speedlimit
2026-09-05T13:48+02:00,A4,R,49.33,2,speedlimit
2026-09-05T13:48+02:00,A4,L,70.215,2,speedlimit
2026-09-05T13:48+02:00,A29,R,10.45,1,speedlimit
2026-09-05T13:48+02:00,A15,R,52.32,3,lane_closed
2026-09-05T13:48+02:00,A4,L,7.841,3,speedlimit
2026-09-05T13:48+02:00,A15,y,47.43,2,speedlimit
2026-09-05T13:48+02:00,A4,L,72.881,2,speedlimit
2026-09-05T13:48+02:00,A16,L,25.232,4,speedlimit
2026-09-05T13:48+02:00,A15,n,96.82,1,speedlimit
2026-09-05T13:48+02:00,A4,L,61.164,4,speedlimit
2026-09-05T13:48+02:00,A15,R,71.99,2,speedlimit
2026-09-05T13:48+02:00,A15,m,95.76,2,speedlimit
2026-09-05T13:48+02:00,A15,R,58.05,2,lane_closed
2026-09-05T13:48+02:00,A4,R,74.737,1,lane_closed_ahead
2026-09-05T13:48+02:00,A15,x,46.135,3,speedlimit
2026-09-05T13:48+02:00,A20,R,26.93,4,speedlimit
2026-09-05T13:48+02:00,A4,m,72.736,1,speedlimit
2026-09-05T13:48+02:00,A20,R,28.57,3,speedlimit
2026-09-05T13:48+02:00,A20,L,36.625,2,speedlimit
2026-09-05T13:48+02:00,A4,m,74.194,2,speedlimit
2026-09-05T13:48+02:00,A4,R,3.01,4,speedlimit
2026-09-05T13:48+02:00,A13,L,18.8,2,speedlimit
2026-09-05T13:48+02:00,A4,L,72.736,2,speedlimit
2026-09-05T13:48+02:00,A15,R,60.49,4,speedlimit
2026-09-05T13:48+02:00,A4,R,54.927,2,speedlimit
2026-09-05T13:48+02:00,A15,R,50.31,1,lane_closed
2026-09-05T13:48+02:00,A20,R,27.235,1,speedlimit
2026-09-05T13:48+02:00,A4,L,73.284,2,speedlimit
2026-09-05T13:48+02:00,A20,L,28.41,2,speedlimit
2026-09-05T13:48+02:00,A20,v,23.52,1,speedlimit
2026-09-05T13:48+02:00,A15,R,47.07,1,lane_closed_ahead
2026-09-05T13:48+02:00,A15,R,57.78,1,lane_closed
2026-09-05T13:48+02:00,A20,R,24.715,1,speedlimit
2026-09-05T13:48+02:00,A4,R,51.388,2,speedlimit
2026-09-05T13:48+02:00,A4,m,73.544,2,speedlimit
2026-09-05T13:48+02:00,A4,R,72.736,1,speedlimit
2026-09-05T13:48+02:00,A15,R,48.69,4,speedlimit
2026-09-05T13:48+02:00,A20,R,27.79,2,speedlimit
2026-09-05T13:48+02:00,A13,R,18.5,3,speedlimit
2026-09-05T13:48+02:00,A20,R,28.57,4,speedlimit
2026-09-05T13:48+02:00,A20,R,31.26,4,speedlimit
2026-09-05T13:48+02:00,A20,L,29.826,2,speedlimit
2026-09-05T13:48+02:00,A4,n,73.746,2,speedlimit
2026-09-05T13:48+02:00,A4,R,73.284,1,speedlimit
2026-09-05T13:48+02:00,A20,L,28.57,1,speedlimit
2026-09-05T13:48+02:00,A20,R,34.684,1,speedlimit
2026-09-05T13:48+02:00,A15,R,72.54,2,speedlimit
2026-09-05T13:48+02:00,A4,m,72.443,1,speedlimit
2026-09-05T13:48+02:00,A20,R,29.5,4,speedlimit
2026-09-05T13:48+02:00,A15,x,46.135,1,speedlimit
2026-09-05T13:48+02:00,A15,n,96.82,2,speedlimit
2026-09-05T13:48+02:00,A15,R,54.04,3,lane_closed
2026-09-05T13:48+02:00,A4,L,7.526,2,speedlimit
2026-09-05T13:48+02:00,A15,m,60.07,1,speedlimit
2026-09-05T13:48+02:00,A4,L,61.69,2,speedlimit
2026-09-05T13:48+02:00,A4,L,61.69,1,speedlimit
2026-09-05T13:48+02:00,A4,L,7.072,1,speedlimit
2026-09-05T13:48+02:00,A4,R,73.414,1,speedlimit
2026-09-05T13:48+02:00,A20,R,28.1,2,speedlimit
2026-09-05T13:48+02:00,A20,R,26.64,1,speedlimit
2026-09-05T13:48+02:00,A4,L,73.544,2,speedlimit
2026-09-05T13:48+02:00,A20,R,25.7,3,speedlimit
2026-09-05T13:48+02:00,A4,n,74.204,1,speedlimit
2026-09-05T13:48+02:00,A15,L,64.2,2,speedlimit
2026-09-05T13:48+02:00,A4,L,7.841,4,speedlimit
2026-09-05T13:48+02:00,A15,R,60.49,3,lane_closed
2026-09-05T13:48+02:00,A4,L,72.391,1,speedlimit
2026-09-05T13:48+02:00,A15,R,48.69,3,lane_closed
2026-09-05T13:48+02:00,A15,R,72.54,3,speedlimit
2026-09-05T13:48+02:00,A16,L,24.82,3,speedlimit
2026-09-05T13:48+02:00,A4,f,6.9,1,speedlimit
2026-09-05T13:48+02:00,A20,L,32.8,2,speedlimit
2026-09-05T13:48+02:00,A16,L,26.05,1,speedlimit
2026-09-05T13:48+02:00,A15,L,65.25,4,speedlimit
2026-09-05T13:48+02:00,A16,L,21.6,2,speedlimit
2026-09-05T13:48+02:00,A15,R,59.2,1,lane_closed
2026-09-05T13:48+02:00,A4,L,62.6,1,speedlimit
2026-09-05T13:48+02:00,A13,L,17.1,3,speedlimit
2026-09-05T13:48+02:00,A16,L,25.232,1,speedlimit
2026-09-05T13:48+02:00,A20,R,42.0,1,speedlimit
2026-09-05T13:48+02:00,A4,L,7.22,3,speedlimit
2026-09-05T13:48+02:00,A20,L,37.3,3,speedlimit
2026-09-05T13:48+02:00,A4,L,62.135,3,speedlimit
2026-09-05T13:48+02:00,A20,R,34.29,2,speedlimit
2026-09-05T13:48+02:00,A4,L,45.28,1,speedlimit
2026-09-05T13:48+02:00,A20,L,36.625,1,speedlimit
2026-09-05T13:48+02:00,A4,L,73.284,1,speedlimit
2026-09-05T13:48+02:00,A4,L,5.549,6,speedlimit
2026-09-05T13:48+02:00,A4,L,62.3,4,speedlimit
2026-09-05T13:48+02:00,A16,y,23.9,1,speedlimit
2026-09-05T13:48+02:00,A15,x,47.025,2,speedlimit
2026-09-05T13:48+02:00,A20,L,27.488,1,speedlimit
2026-09-05T13:48+02:00,A4,L,58.82,1,speedlimit
2026-09-05T13:48+02:00,A20,L,27.2,1,speedlimit
2026-09-05T13:48+02:00,A4,h,46.06,2,speedlimit
2026-09-05T13:48+02:00,A4,R,74.737,2,speedlimit
2026-09-05T13:48+02:00,A15,R,59.57,2,lane_closed
2026-09-05T13:48+02:00,A20,L,27.8,2,speedlimit
2026-09-05T13:48+02:00,A15,L,99.5,2,speedlimit
2026-09-05T13:48+02:00,A16,L,23.535,1,speedlimit
2026-09-05T13:48+02:00,A15,R,58.05,5,lane_closed
2026-09-05T13:48+02:00,A13,L,18.2,3,speedlimit
2026-09-05T13:48+02:00,A4,L,71.041,1,speedlimit
2026-09-05T13:48+02:00,A4,m,3.83,3,lane_closed
2026-09-05T13:48+02:00,A16,R,12.07,2,speedlimit
2026-09-05T13:48+02:00,A4,L,74.737,2,speedlimit
2026-09-05T13:48+02:00,A16,y,18.2,1,speedlimit
2026-09-05T13:48+02:00,A16,R,11.392,1,speedlimit
2026-09-05T13:48+02:00,A4,R,73.544,1,speedlimit
2026-09-05T13:48+02:00,A4,L,72.591,1,speedlimit
2026-09-05T13:48+02:00,A4,m,72.58,2,speedlimit
2026-09-05T13:48+02:00,A16,L,22.2,2,speedlimit
2026-09-05T13:48+02:00,A4,R,71.726,1,lane_closed
2026-09-05T13:48+02:00,A4,L,63.0,1,speedlimit
2026-09-05T13:48+02:00,A4,L,70.215,3,speedlimit
2026-09-05T13:48+02:00,A4,m,73.156,2,speedlimit
2026-09-05T13:48+02:00,A16,L,24.82,1,speedlimit
2026-09-05T13:48+02:00,A20,L,31.88,1,speedlimit
2026-09-05T13:48+02:00,A16,R,11.392,2,speedlimit
2026-09-05T13:48+02:00,A4,L,63.0,2,speedlimit
2026-09-05T13:48+02:00,A15,R,51.88,4,lane_closed
2026-09-05T13:48+02:00,A4,m,3.83,4,lane_closed
2026-09-05T13:48+02:00,A13,L,16.7,2,speedlimit
2026-09-05T13:48+02:00,A4,n,73.284,1,speedlimit
2026-09-05T13:48+02:00,A15,R,72.54,1,speedlimit
2026-09-05T13:48+02:00,A20,L,30.9,2,speedlimit
2026-09-05T13:48+02:00,A15,R,46.859,2,speedlimit
2026-09-05T13:48+02:00,A4,f,7.5,1,speedlimit
2026-09-05T13:48+02:00,A20,L,38.91,2,speedlimit
2026-09-05T13:48+02:00,A4,x,48.1,3,speedlimit
2026-09-05T13:48+02:00,A20,L,36.625,3,speedlimit
2026-09-05T13:48+02:00,A4,R,48.79,2,speedlimit
2026-09-05T13:48+02:00,A20,L,28.085,1,speedlimit
2026-09-05T13:48+02:00,A20,s,35.6,1,speedlimit
2026-09-05T13:48+02:00,A15,R,58.05,3,lane_closed
2026-09-05T13:48+02:00,A16,y,23.535,1,speedlimit
2026-09-05T13:48+02:00,A15,h,70.04,2,speedlimit
2026-09-05T13:48+02:00,A16,L,26.05,2,speedlimit
2026-09-05T13:48+02:00,A29,R,98.33,2,speedlimit
2026-09-05T13:48+02:00,A4,R,71.511,2,speedlimit
2026-09-05T13:48+02:00,A4,R,54.487,3,speedlimit
2026-09-05T13:48+02:00,A15,R,53.47,1,lane_closed
2026-09-05T13:48+02:00,A20,R,30.6,1,speedlimit
2026-09-05T13:48+02:00,A13,R,17.1,3,speedlimit
2026-09-05T13:48+02:00,A4,L,44.01,3,speedlimit
2026-09-05T13:48+02:00,A29,R,97.985,1,speedlimit
2026-09-05T13:48+02:00,A20,R,26.93,3,speedlimit
2026-09-05T13:48+02:00,A4,R,73.544,2,speedlimit
2026-09-05T13:48+02:00,A20,L,31.4,1,speedlimit
2026-09-05T13:48+02:00,A4,m,73.974,1,speedlimit
2026-09-05T13:48+02:00,A4,L,62.3,2,speedlimit
2026-09-05T13:48+02:00,A4,L,73.954,2,speedlimit
2026-09-05T13:48+02:00,A29,R,11.625,3,speedlimit
2026-09-05T13:48+02:00,A15,m,95.3,1,speedlimit
2026-09-05T13:48+02:00,A4,L,5.225,3,speedlimit
2026-09-05T13:48+02:00,A15,m,59.11,2,speedlimit
2026-09-05T13:48+02:00,A15,R,54.7,2,lane_closed
2026-09-05T13:48+02:00,A4,L,42.775,2,speedlimit
2026-09-05T13:48+02:00,A4,L,7.526,4,speedlimit
2026-09-05T13:48+02:00,A4,L,74.404,1,speedlimit
2026-09-05T13:48+02:00,A4,L,61.164,1,speedlimit
2026-09-05T13:48+02:00,A4,n,73.414,1,speedlimit
2026-09-05T13:48+02:00,A20,u,23.853,1,speedlimit
2026-09-05T13:48+02:00,A20,L,31.1,2,speedlimit
2026-09-05T13:48+02:00,A4,L,70.611,4,speedlimit
2026-09-05T13:48+02:00,A4,g,63.875,2,speedlimit
2026-09-05T13:48+02:00,A15,R,53.47,2,lane_closed
2026-09-05T13:48+02:00,A29,R,11.95,2,speedlimit
2026-09-05T13:48+02:00,A16,L,26.05,4,speedlimit
2026-09-05T13:48+02:00,A13,g,18.7,2,speedlimit
2026-09-05T13:48+02:00,A4,m,72.443,2,speedlimit
2026-09-05T13:48+02:00,A15,L,65.685,2,speedlimit
2026-09-05T13:48+02:00,A15,x,55.59,1,lane_closed_ahead
2026-09-05T13:48+02:00,A4,R,71.21,1,lane_closed
2026-09-05T13:48+02:00,A16,L,27.6,3,speedlimit
2026-09-05T13:48+02:00,A20,L,31.4,2,speedlimit
2026-09-05T13:48+02:00,A4,L,70.611,3,speedlimit
2026-09-05T13:48+02:00,A16,L,26.48,2,speedlimit
2026-09-05T13:48+02:00,A15,h,59.61,2,speedlimit
2026-09-05T13:48+02:00,A29,R,11.95,4,speedlimit
2026-09-05T13:48+02:00,A20,R,23.27,2,speedlimit
2026-09-05T13:48+02:00,A4,n,71.376,2,speedlimit
2026-09-05T13:48+02:00,A4,L,7.072,3,speedlimit
2026-09-05T13:48+02:00,A4,L,70.611,6,speedlimit
2026-09-05T13:48+02:00,A20,L,37.3,4,speedlimit
2026-09-05T13:48+02:00,A4,R,75.214,2,speedlimit
2026-09-05T13:48+02:00,A16,L,14.32,1,speedlimit
2026-09-05T13:48+02:00,A4,L,62.135,1,speedlimit
2026-09-05T13:48+02:00,A15,R,46.356,2,speedlimit
2026-09-05T13:48+02:00,A20,R,24.07,2,speedlimit
2026-09-05T13:48+02:00,A4,f,7.4,1,speedlimit
2026-09-05T13:48+02:00,A15,y,47.43,3,speedlimit
2026-09-05T13:48+02:00,A4,R,54.927,1,speedlimit
2026-09-05T13:48+02:00,A13,L,15.9,3,lane_closed
2026-09-05T13:48+02:00,A20,R,43.32,2,speedlimit
2026-09-05T13:48+02:00,A15,m,95.3,3,speedlimit
2026-09-05T13:48+02:00,A29,R,98.69,1,speedlimit
2026-09-05T13:48+02:00,A4,L,63.19,2,speedlimit
2026-09-05T13:48+02:00,A4,R,70.711,1,speedlimit
2026-09-05T13:48+02:00,A16,x,24.905,3,speedlimit
2026-09-05T13:48+02:00,A4,L,7.841,2,speedlimit
2026-09-05T13:48+02:00,A15,x,55.14,1,speedlimit
2026-09-05T13:48+02:00,A15,R,56.1,3,lane_closed
2026-09-05T13:48+02:00,A38,p,21.25,1,speedlimit
2026-09-05T13:48+02:00,A4,R,3.27,1,speedlimit
2026-09-05T13:48+02:00,A13,R,16.2,1,speedlimit
2026-09-05T13:48+02:00,A20,L,37.8,2,speedlimit
2026-09-05T13:48+02:00,A4,R,74.737,4,speedlimit
2026-09-05T13:48+02:00,A15,R,49.99,2,lane_closed
2026-09-05T13:48+02:00,A13,R,18.5,2,speedlimit
2026-09-05T13:48+02:00,A4,L,74.737,4,speedlimit
2026-09-05T13:48+02:00,A20,L,36.94,3,speedlimit
2026-09-05T13:48+02:00,A20,L,30.196,1,speedlimit
2026-09-05T13:48+02:00,A4,L,61.825,4,speedlimit
2026-09-05T13:48+02:00,A4,f,6.6,1,speedlimit
2026-09-05T13:48+02:00,A4,R,51.388,3,speedlimit
2026-09-05T13:48+02:00,A4,m,72.321,1,speedlimit
2026-09-05T13:48+02:00,A4,R,76.6,3,speedlimit
2026-09-05T13:48+02:00,A4,L,44.01,2,speedlimit
2026-09-05T13:48+02:00,A20,R,34.684,4,speedlimit
2026-09-05T13:48+02:00,A20,R,27.79,1,speedlimit
2026-09-05T13:48+02:00,A20,r,35.245,1,speedlimit
2026-09-05T13:48+02:00,A15,L,99.5,1,speedlimit
2026-09-05T13:48+02:00,A16,R,11.13,2,speedlimit
2026-09-05T13:48+02:00,A20,L,29.826,1,speedlimit
2026-09-05T13:48+02:00,A16,L,27.6,1,speedlimit
2026-09-05T13:48+02:00,A4,R,52.598,4,speedlimit
2026-09-05T13:48+02:00,A4,m,73.006,2,speedlimit
2026-09-05T13:48+02:00,A15,R,56.1,2,lane_closed
2026-09-05T13:48+02:00,A16,x,24.905,1,speedlimit
2026-09-05T13:48+02:00,A4,R,73.691,1,speedlimit
2026-09-05T13:48+02:00,A4,L,61.98,1,speedlimit
2026-09-05T13:48+02:00,A4,L,62.6,3,speedlimit
2026-09-05T13:48+02:00,A4,n,73.414,2,speedlimit
2026-09-05T13:48+02:00,A20,R,34.29,1,speedlimit
2026-09-05T13:48+02:00,A4,R,55.08,1,speedlimit
2026-09-05T13:48+02:00,A16,y,20.0,2,speedlimit
2026-09-05T13:48+02:00,A20,u,36.23,2,speedlimit
2026-09-05T13:48+02:00,A4,R,50.898,2,speedlimit
2026-09-05T13:48+02:00,A20,R,28.41,2,speedlimit
2026-09-05T13:48+02:00,A4,L,6.902,4,speedlimit
2026-09-05T13:48+02:00,A4,R,75.214,1,lane_closed
2026-09-05T13:48+02:00,A15,R,55.14,2,lane_closed
2026-09-05T13:48+02:00,A15,R,48.69,5,speedlimit
2026-09-05T13:48+02:00,A4,L,62.135,2,speedlimit
2026-09-05T13:48+02:00,A16,L,14.17,1,speedlimit
2026-09-05T13:48+02:00,A4,R,75.214,3,speedlimit
2026-09-05T13:48+02:00,A4,L,42.775,3,speedlimit
2026-09-05T13:48+02:00,A16,L,25.682,4,speedlimit
2026-09-05T13:48+02:00,A4,L,5.549,1,speedlimit
2026-09-05T13:48+02:00,A4,R,52.598,5,lane_closed
2026-09-05T13:48+02:00,A16,L,23.535,2,speedlimit
2026-09-05T13:48+02:00,A20,L,48.2,2,speedlimit
2026-09-05T13:48+02:00,A4,R,74.194,1,speedlimit
2026-09-05T13:48+02:00,A20,R,29.1,1,speedlimit
2026-09-05T13:48+02:00,A15,R,52.92,2,lane_closed
2026-09-05T13:48+02:00,A15,R,46.17,2,speedlimit
2026-09-05T13:48+02:00,A13,R,17.8,1,speedlimit
2026-09-05T13:48+02:00,A20,R,28.41,1,speedlimit
2026-09-05T13:48+02:00,A15,R,72.96,2,speedlimit
2026-09-05T13:48+02:00,A16,L,26.48,3,speedlimit
2026-09-05T13:48+02:00,A20,R,31.9,2,speedlimit
2026-09-05T13:48+02:00,A29,R,11.625,2,speedlimit
2026-09-05T13:48+02:00,A29,R,11.625,4,speedlimit
2026-09-05T13:48+02:00,A4,f,6.9,2,speedlimit
2026-09-05T13:48+02:00,A4,R,3.27,2,speedlimit
2026-09-05T13:48+02:00,A20,L,31.1,3,speedlimit
2026-09-05T13:48+02:00,A15,L,99.05,1,speedlimit
2026-09-05T13:48+02:00,A4,R,76.9,3,lane_closed
2026-09-05T13:48+02:00,A38,w,20.55,1,speedlimit
2026-09-05T13:48+02:00,A15,x,55.14,3,speedlimit
2026-09-05T13:48+02:00,A15,R,57.78,4,lane_closed
2026-09-05T13:48+02:00,A15,R,57.31,3,lane_closed
2026-09-05T13:48+02:00,A4,L,63.19,1,speedlimit
2026-09-05T13:48+02:00,A16,L,15.73,2,speedlimit
2026-09-05T13:48+02:00,A4,m,49.33,1,speedlimit
2026-09-05T13:48+02:00,A15,R,49.61,2,lane_closed
2026-09-05T13:48+02:00,A4,R,72.58,2,speedlimit
2026-09-05T13:48+02:00,A15,R,54.04,2,lane_closed
2026-09-05T13:48+02:00,A16,y,23.9,2,speedlimit
2026-09-05T13:48+02:00,A15,R,60.49,2,lane_closed
2026-09-05T13:48+02:00,A20,R,27.488,2,speedlimit
2026-09-05T13:48+02:00,A4,R,53.944,1,speedlimit
2026-09-05T13:48+02:00,A20,t,28.895,1,speedlimit
2026-09-05T13:48+02:00,A20,L,32.8,1,speedlimit
2026-09-05T13:48+02:00,A4,L,74.737,5,speedlimit
2026-09-05T13:48+02:00,A15,p,50.05,1,lane_closed
2026-09-05T13:48+02:00,A4,L,60.268,3,speedlimit
2026-09-05T13:48+02:00,A4,L,45.75,3,speedlimit
2026-09-05T13:48+02:00,A20,R,28.8,2,speedlimit
2026-09-05T13:48+02:00,A4,m,49.33,3,speedlimit
2026-09-05T13:48+02:00,A16,L,26.99,3,speedlimit
2026-09-05T13:48+02:00,A16,L,24.03,2,speedlimit
2026-09-05T13:48+02:00,A4,f,69.17,1,speedlimit
2026-09-05T13:48+02:00,A20,L,31.1,1,speedlimit
2026-09-05T13:48+02:00,A13,L,16.19,3,lane_closed
2026-09-05T13:48+02:00,A4,R,76.07,1,lane_closed
2026-09-05T13:48+02:00,A13,L,15.035,5,lane_closed
2026-09-05T13:48+02:00,A16,y,19.5,2,speedlimit
2026-09-05T13:48+02:00,A4,m,3.83,2,speedlimit
2026-09-05T13:48+02:00,A4,R,52.018,2,speedlimit
2026-09-05T13:48+02:00,A4,R,49.33,3,speedlimit
2026-09-05T13:48+02:00,A4,m,72.012,3,speedlimit
2026-09-05T13:48+02:00,A20,u,23.853,2,speedlimit
2026-09-05T13:48+02:00,A4,L,45.28,3,speedlimit
2026-09-05T13:48+02:00,A20,L,27.8,1,speedlimit
2026-09-05T13:48+02:00,A16,L,22.6,3,speedlimit
2026-09-05T13:48+02:00,A16,L,14.32,2,speedlimit
2026-09-05T13:48+02:00,A15,R,51.88,2,lane_closed
2026-09-05T13:48+02:00,A4,R,76.6,1,lane_closed
2026-09-05T13:48+02:00,A4,R,54.487,1,speedlimit
2026-09-05T13:48+02:00,A20,R,29.1,2,speedlimit
2026-09-05T13:48+02:00,A15,m,63.682,1,speedlimit
2026-09-05T13:48+02:00,A13,g,18.7,1,speedlimit
2026-09-05T13:48+02:00,A15,R,51.28,2,lane_closed
2026-09-05T13:48+02:00,A4,L,61.825,3,speedlimit
2026-09-05T13:48+02:00,A20,u,36.23,1,speedlimit
2026-09-05T13:48+02:00,A15,R,55.14,3,lane_closed
2026-09-05T13:48+02:00,A4,R,73.006,1,speedlimit
2026-09-05T13:48+02:00,A20,R,28.57,2,speedlimit
2026-09-05T13:48+02:00,A4,m,72.012,1,speedlimit
2026-09-05T13:48+02:00,A20,R,40.985,2,speedlimit
2026-09-05T13:48+02:00,A4,R,70.964,4,speedlimit
2026-09-05T13:48+02:00,A4,L,44.62,2,speedlimit
2026-09-05T13:48+02:00,A20,R,26.64,2,speedlimit
2026-09-05T13:48+02:00,A4,L,7.22,2,speedlimit
2026-09-05T13:48+02:00,A15,L,64.2,3,speedlimit
2026-09-05T13:48+02:00,A20,L,29.1,1,speedlimit
2026-09-05T13:48+02:00,A16,L,23.075,2,speedlimit
2026-09-05T13:48+02:00,A4,L,71.041,5,speedlimit
2026-09-05T13:48+02:00,A13,L,18.2,1,speedlimit
2026-09-05T13:48+02:00,A16,L,25.682,2,speedlimit
2026-09-05T13:48+02:00,A16,y,21.6,1,speedlimit
2026-09-05T13:48+02:00,A15,L,64.67,2,speedlimit
2026-09-05T13:48+02:00,A4,m,72.321,2,speedlimit
2026-09-05T13:48+02:00,A13,L,12.7,4,lane_closed
2026-09-05T13:48+02:00,A15,L,101.2,1,speedlimit
2026-09-05T13:48+02:00,A4,L,61.164,2,speedlimit
2026-09-05T13:48+02:00,A16,L,26.99,4,speedlimit
2026-09-05T13:48+02:00,A20,L,31.88,2,speedlimit
2026-09-05T13:48+02:00,A4,L,71.376,2,speedlimit
2026-09-05T13:48+02:00,A4,R,49.84,1,speedlimit
2026-09-05T13:48+02:00,A4,R,76.07,2,lane_closed
2026-09-05T13:48+02:00,A20,s,23.26,1,speedlimit
2026-09-05T13:48+02:00,A13,L,19.7,2,speedlimit
2026-09-05T13:48+02:00,A15,R,48.332,2,lane_closed
2026-09-05T13:48+02:00,A16,y,17.748,2,speedlimit
2026-09-05T13:48+02:00,A20,u,23.65,1,speedlimit
2026-09-05T13:48+02:00,A15,R,51.88,1,lane_closed
2026-09-05T13:48+02:00,A15,m,95.76,3,lane_closed
2026-09-05T13:48+02:00,A20,L,28.085,2,speedlimit
2026-09-05T13:48+02:00,A15,R,54.7,3,lane_closed
2026-09-05T13:48+02:00,A38,p,21.25,2,speedlimit
2026-09-05T13:48+02:00,A4,R,71.21,5,speedlimit
2026-09-05T13:48+02:00,A4,L,61.69,4,speedlimit
2026-09-05T13:48+02:00,A20,R,34.29,3,speedlimit
2026-09-05T13:48+02:00,A4,R,76.07,3,speedlimit
2026-09-05T13:48+02:00,A16,L,15.16,2,speedlimit
2026-09-05T13:48+02:00,A15,x,46.135,2,speedlimit
2026-09-05T13:48+02:00,A15,R,72.96,3,speedlimit
2026-09-05T13:48+02:00,A4,f,69.17,2,speedlimit
2026-09-05T13:48+02:00,A15,R,55.14,1,lane_closed
2026-09-05T13:48+02:00,A20,R,30.6,3,speedlimit
2026-09-05T13:48+02:00,A4,R,55.08,4,speedlimit
2026-09-05T13:48+02:00,A16,y,20.0,3,speedlimit
2026-09-05T13:48+02:00,A15,m,58.65,3,speedlimit
2026-09-05T13:48+02:00,A4,m,73.544,3,speedlimit
2026-09-05T13:48+02:00,A29,R,97.503,1,speedlimit
2026-09-05T13:48+02:00,A15,m,95.3,2,speedlimit
2026-09-05T13:48+02:00,A16,L,25.232,3,speedlimit
2026-09-05T13:48+02:00,A20,R,43.32,1,speedlimit
2026-09-05T13:48+02:00,A4,R,72.321,2,speedlimit
2026-09-05T13:48+02:00,A4,R,48.79,3,speedlimit
2026-09-05T13:48+02:00,A4,m,74.194,1,speedlimit
2026-09-05T13:48+02:00,A16,R,11.7,1,speedlimit
2026-09-05T13:48+02:00,A20,R,29.8,2,speedlimit
2026-09-05T13:48+02:00,A4,L,62.755,4,speedlimit
2026-09-05T13:48+02:00,A4,L,71.041,3,speedlimit
2026-09-05T13:48+02:00,A4,L,62.885,4,speedlimit
2026-09-05T13:48+02:00,A15,L,97.2,1,speedlimit
2026-09-05T13:48+02:00,A4,R,52.018,4,lane_closed
2026-09-05T13:48+02:00,A16,y,17.748,1,speedlimit
2026-09-05T13:48+02:00,A15,m,95.76,1,speedlimit
2026-09-05T13:48+02:00,A15,L,64.2,1,lane_closed
2026-09-05T13:48+02:00,A20,R,27.235,2,speedlimit
2026-09-05T13:48+02:00,A4,L,43.18,1,speedlimit
2026-09-05T13:48+02:00,A29,R,11.3,3,speedlimit
2026-09-05T13:48+02:00,A16,L,26.48,4,speedlimit
2026-09-05T13:48+02:00,A20,L,37.3,1,speedlimit
2026-09-05T13:48+02:00,A15,R,59.95,1,lane_closed
2026-09-05T13:48+02:00,A13,R,18.2,1,speedlimit
2026-09-05T13:48+02:00,A4,n,73.954,2,speedlimit
2026-09-05T13:48+02:00,A4,L,4.44,2,speedlimit
2026-09-05T13:48+02:00,A4,L,62.135,4,speedlimit
2026-09-05T13:48+02:00,A15,x,55.59,3,speedlimit
2026-09-05T13:48+02:00,A20,R,40.2,1,speedlimit
2026-09-05T13:48+02:00,A15,L,65.25,1,lane_closed_ahead
2026-09-05T13:48+02:00,A16,y,21.6,2,speedlimit
2026-09-05T13:48+02:00,A15,R,55.59,3,lane_closed
2026-09-05T13:48+02:00,A15,R,47.775,4,speedlimit
2026-09-05T13:48+02:00,A4,f,7.841,4,speedlimit
2026-09-05T13:48+02:00,A4,f,7.1,1,speedlimit
2026-09-05T13:48+02:00,A15,e,95.55,1,speedlimit
2026-09-05T13:48+02:00,A4,L,70.215,1,speedlimit
2026-09-05T13:48+02:00,A4,L,6.592,3,speedlimit
2026-09-05T13:48+02:00,A13,e,19.1,1,speedlimit
2026-09-05T13:48+02:00,A4,m,71.726,2,speedlimit
2026-09-05T13:48+02:00,A16,L,14.46,1,speedlimit
2026-09-05T13:48+02:00,A20,L,47.5,1,speedlimit
2026-09-05T13:48+02:00,A15,R,46.356,1,speedlimit
2026-09-05T13:48+02:00,A4,L,58.82,2,speedlimit
2026-09-05T13:48+02:00,A16,y,19.0,3,speedlimit
2026-09-05T13:48+02:00,A38,R,20.05,2,speedlimit
2026-09-05T13:48+02:00,A15,n,96.42,2,speedlimit
2026-09-05T13:48+02:00,A15,R,60.49,1,lane_closed
2026-09-05T13:48+02:00,A13,L,17.8,3,speedlimit
2026-09-05T13:48+02:00,A4,f,69.8,1,speedlimit
2026-09-05T13:48+02:00,A4,R,70.964,5,speedlimit
2026-09-05T13:48+02:00,A15,R,49.61,3,lane_closed
2026-09-05T13:48+02:00,A4,f,7.841,3,speedlimit
2026-09-05T13:48+02:00,A15,R,48.332,5,speedlimit
2026-09-05T13:48+02:00,A4,R,3.01,5,speedlimit
2026-09-05T13:48+02:00,A4,L,5.93,3,speedlimit
2026-09-05T13:48+02:00,A4,R,73.691,2,speedlimit
2026-09-05T13:48+02:00,A4,m,73.691,1,speedlimit
2026-09-05T13:48+02:00,A4,m,73.691,2,speedlimit
2026-09-05T13:48+02:00,A4,R,75.71,1,lane_closed
2026-09-05T13:48+02:00,A15,R,57.78,5,lane_closed
2026-09-05T13:48+02:00,A16,R,11.866,2,speedlimit
2026-09-05T13:48+02:00,A20,R,31.26,1,speedlimit
2026-09-05T13:48+02:00,A20,u,35.09,1,speedlimit
2026-09-05T13:48+02:00,A4,L,72.391,2,speedlimit
2026-09-05T13:48+02:00,A4,L,5.93,5,speedlimit
2026-09-05T13:48+02:00,A4,L,7.526,1,speedlimit
2026-09-05T13:48+02:00,A15,R,45.92,1,speedlimit
2026-09-05T13:48+02:00,A20,L,45.61,1,speedlimit
2026-09-05T13:48+02:00,A16,y,24.3,2,speedlimit
2026-09-05T13:48+02:00,A4,L,42.775,1,speedlimit
2026-09-05T13:48+02:00,A4,L,7.841,1,speedlimit
2026-09-05T13:48+02:00,A4,L,62.468,2,speedlimit
2026-09-05T13:48+02:00,A15,R,50.31,2,lane_closed
2026-09-05T13:48+02:00,A4,f,69.8,2,speedlimit
2026-09-05T13:48+02:00,A4,R,76.9,2,lane_closed
2026-09-05T13:48+02:00,A20,R,42.0,2,speedlimit
2026-09-05T13:48+02:00,A20,R,40.985,3,speedlimit
2026-09-05T13:48+02:00,A15,R,59.2,4,lane_closed
2026-09-05T13:48+02:00,A20,L,36.625,4,speedlimit
2026-09-05T13:48+02:00,A20,R,41.6,3,speedlimit
2026-09-05T13:48+02:00,A4,L,73.156,1,speedlimit
2026-09-05T13:48+02:00,A15,R,46.468,2,speedlimit
2026-09-05T13:48+02:00,A4,R,70.964,3,speedlimit
2026-09-05T13:48+02:00,A15,y,47.092,1,speedlimit
2026-09-05T13:48+02:00,A4,L,74.204,1,speedlimit
2026-09-05T13:48+02:00,A20,L,29.826,3,speedlimit
2026-09-05T13:48+02:00,A20,L,37.8,3,speedlimit
2026-09-05T13:48+02:00,A4,L,59.72,3,speedlimit
2026-09-05T13:48+02:00,A4,L,58.82,3,speedlimit
2026-09-05T13:48+02:00,A4,L,42.19,2,speedlimit
2026-09-05T13:48+02:00,A4,R,72.443,1,lane_closed
2026-09-05T13:48+02:00,A4,h,45.58,3,lane_closed
2026-09-05T13:48+02:00,A20,u,23.853,3,speedlimit
2026-09-05T13:48+02:00,A20,L,29.5,1,speedlimit
2026-09-05T13:48+02:00,A20,R,28.8,3,speedlimit
2026-09-05T13:48+02:00,A20,R,29.5,1,speedlimit
2026-09-05T13:48+02:00,A4,f,7.2,1,speedlimit
2026-09-05T13:48+02:00,A20,R,41.6,1,speedlimit
2026-09-05T13:48+02:00,A38,p,20.55,1,speedlimit
2026-09-05T13:48+02:00,A4,R,73.974,1,speedlimit
2026-09-05T13:48+02:00,A4,n,71.376,3,speedlimit
2026-09-05T13:48+02:00,A15,R,60.76,3,lane_closed
2026-09-05T13:48+02:00,A16,y,20.3,1,speedlimit
2026-09-05T13:48+02:00,A16,L,23.075,1,speedlimit
2026-09-05T13:48+02:00,A15,R,46.769,2,speedlimit
2026-09-05T13:48+02:00,A15,L,100.0,2,speedlimit
2026-09-05T13:48+02:00,A4,R,71.21,4,speedlimit
2026-09-05T13:48+02:00,A4,g,64.378,1,speedlimit
2026-09-05T13:48+02:00,A20,u,23.65,3,speedlimit
2026-09-05T13:48+02:00,A4,L,57.975,3,speedlimit
2026-09-05T13:48+02:00,A15,R,59.95,2,lane_closed
2026-09-05T13:48+02:00,A15,R,46.614,3,speedlimit
2026-09-05T13:48+02:00,A13,L,11.25,4,lane_closed
2026-09-05T13:48+02:00,A20,R,40.985,1,speedlimit
2026-09-05T13:48+02:00,A20,L,30.9,1,speedlimit
2026-09-05T13:48+02:00,A4,L,74.737,1,speedlimit
2026-09-05T13:48+02:00,A4,x,48.437,1,speedlimit
2026-09-05T13:48+02:00,A4,f,7.2,2,speedlimit
2026-09-05T13:48+02:00,A15,R,56.6,1,lane_closed
2026-09-05T13:48+02:00,A4,L,6.592,2,speedlimit
2026-09-05T13:48+02:00,A4,L,61.164,3,speedlimit
2026-09-05T13:48+02:00,A20,u,35.09,2,speedlimit
2026-09-05T13:48+02:00,A4,L,43.18,4,speedlimit
2026-09-05T13:48+02:00,A13,R,18.2,4,speedlimit
2026-09-05T13:48+02:00,A4,L,5.93,4,speedlimit
2026-09-05T13:48+02:00,A15,m,59.58,1,speedlimit
2026-09-05T13:48+02:00,A15,R,47.332,1,lane_closed
2026-09-05T13:48+02:00,A15,r,45.853,2,speedlimit
2026-09-05T13:48+02:00,A15,x,56.6,3,speedlimit
2026-09-05T13:48+02:00,A38,p,20.55,2,speedlimit
2026-09-05T13:48+02:00,A4,L,4.44,1,speedlimit
2026-09-05T13:48+02:00,A4,R,52.018,3,speedlimit
2026-09-05T13:48+02:00,A15,L,98.165,1,speedlimit
2026-09-05T13:48+02:00,A4,L,45.75,1,speedlimit
2026-09-05T13:48+02:00,A4,L,70.611,1,speedlimit
2026-09-05T13:48+02:00,A13,R,18.7,1,speedlimit
2026-09-05T13:48+02:00,A15,L,64.67,5,speedlimit
2026-09-05T13:48+02:00,A16,y,22.2,2,speedlimit
2026-09-05T13:48+02:00,A15,n,95.855,1,speedlimit
2026-09-05T13:48+02:00,A4,L,5.93,6,speedlimit
2026-09-05T13:48+02:00,A20,c,27.488,1,speedlimit
2026-09-05T13:48+02:00,A20,R,31.9,3,speedlimit
2026-09-05T13:48+02:00,A4,R,70.711,5,speedlimit
2026-09-05T13:48+02:00,A20,R,23.515,2,speedlimit
2026-09-05T13:48+02:00,A13,R,16.655,3,speedlimit
2026-09-05T13:48+02:00,A4,R,72.012,2,speedlimit
2026-09-05T13:48+02:00,A4,L,7.22,4,speedlimit
2026-09-05T13:48+02:00,A4,R,72.58,1,lane_closed
2026-09-05T13:48+02:00,A16,L,26.99,2,speedlimit
2026-09-05T13:48+02:00,A4,L,59.72,1,speedlimit
2026-09-05T13:48+02:00,A15,m,94.725,2,speedlimit
2026-09-05T13:48+02:00,A16,y,20.0,4,speedlimit
2026-09-05T13:48+02:00,A15,h,59.61,1,speedlimit
2026-09-05T13:48+02:00,A20,L,29.1,2,speedlimit
2026-09-05T13:48+02:00,A15,L,63.56,1,lane_closed
2026-09-05T13:48+02:00,A15,f,96.0,1,lane_closed
2026-09-05T13:48+02:00,A15,R,46.859,3,speedlimit
2026-09-05T13:48+02:00,A20,R,29.8,3,speedlimit
2026-09-05T13:48+02:00,A13,L,18.2,2,speedlimit
2026-09-05T13:48+02:00,A20,R,26.4,3,speedlimit
2026-09-05T13:48+02:00,A4,f,6.6,2,speedlimit
2026-09-05T13:48+02:00,A15,R,60.76,4,speedlimit
2026-09-05T13:48+02:00,A4,m,73.974,3,speedlimit
2026-09-05T13:48+02:00,A38,L,21.058,2,speedlimit
2026-09-05T13:48+02:00,A20,u,35.71,2,speedlimit
2026-09-05T13:48+02:00,A15,m,58.65,1,speedlimit
2026-09-05T13:48+02:00,A20,R,34.29,4,speedlimit
2026-09-05T13:48+02:00,A29,R,98.69,2,speedlimit
2026-09-05T13:48+02:00,A15,R,71.99,1,speedlimit
2026-09-05T13:48+02:00,A4,L,61.69,3,speedlimit
2026-09-05T13:48+02:00,A20,R,26.93,1,speedlimit
2026-09-05T13:48+02:00,A15,R,46.859,1,speedlimit
2026-09-05T13:48+02:00,A4,L,62.468,3,speedlimit
2026-09-05T13:48+02:00,A15,R,48.332,3,lane_closed
2026-09-05T13:48+02:00,A15,R,58.46,3,lane_closed
2026-09-05T13:48+02:00,A15,R,60.76,1,lane_closed
2026-09-05T13:48+02:00,A4,L,5.549,3,speedlimit
2026-09-05T13:48+02:00,A4,L,6.592,1,speedlimit
2026-09-05T13:48+02:00,A20,R,26.4,2,speedlimit
2026-09-05T13:48+02:00,A15,R,48.332,4,speedlimit
2026-09-05T13:48+02:00,A4,L,61.555,4,speedlimit
2026-09-05T13:48+02:00,A29,R,11.95,3,speedlimit
2026-09-05T13:48+02:00,A4,x,49.037,3,speedlimit
2026-09-05T13:48+02:00,A15,L,63.56,3,speedlimit
2026-09-05T13:48+02:00,A20,L,27.488,2,speedlimit
2026-09-05T13:48+02:00,A16,y,18.7,1,speedlimit
2026-09-05T13:48+02:00,A16,y,20.0,1,speedlimit
2026-09-05T13:48+02:00,A20,L,30.196,3,speedlimit
2026-09-05T13:48+02:00,A4,h,46.06,1,speedlimit
2026-09-05T13:48+02:00,A4,L,42.19,1,speedlimit
2026-09-05T13:48+02:00,A4,L,62.6,2,speedlimit
2026-09-05T13:48+02:00,A4,n,73.746,1,speedlimit
2026-09-05T13:48+02:00,A4,R,3.01,2,speedlimit
2026-09-05T13:48+02:00,A4,L,5.549,4,lane_closed_ahead
2026-09-05T13:48+02:00,A15,R,49.61,1,lane_closed
2026-09-05T13:48+02:00,A4,f,7.1,2,speedlimit
2026-09-05T13:48+02:00,A20,L,28.41,1,speedlimit
2026-09-05T13:48+02:00,A15,R,45.92,3,speedlimit
2026-09-05T13:48+02:00,A13,R,5.481,1,speedlimit
2026-09-05T13:48+02:00,A13,L,13.18,4,lane_closed
2026-09-05T13:48+02:00,A15,R,57.78,2,lane_closed
2026-09-05T13:48+02:00,A4,L,61.825,1,speedlimit
2026-09-05T13:48+02:00,A15,R,57.78,3,lane_closed
2026-09-05T13:48+02:00,A15,x,47.025,1,speedlimit
2026-09-05T13:48+02:00,A15,R,57.31,2,lane_closed
2026-09-05T13:48+02:00,A13,L,17.8,2,speedlimit
2026-09-05T13:48+02:00,A4,R,70.964,2,speedlimit
2026-09-05T13:48+02:00,A20,L,46.045,2,speedlimit
2026-09-05T13:48+02:00,A15,R,56.6,2,lane_closed
2026-09-05T13:48+02:00,A15,x,45.853,1,speedlimit
2026-09-05T13:48+02:00,A4,L,61.555,3,speedlimit
2026-09-05T13:48+02:00,A16,L,26.48,1,speedlimit
2026-09-05T13:48+02:00,A4,L,5.93,2,speedlimit
2026-09-05T13:48+02:00,A20,R,28.57,1,speedlimit
2026-09-05T13:48+02:00,A4,L,5.549,5,speedlimit
2026-09-05T13:48+02:00,A15,L,98.6,1,speedlimit
2026-09-05T13:48+02:00,A20,R,25.3,3,speedlimit
2026-09-05T13:48+02:00,A16,L,22.6,1,speedlimit
2026-09-05T13:48+02:00,A20,R,30.196,4,speedlimit
2026-09-05T13:48+02:00,A16,y,20.3,2,speedlimit
2026-09-05T13:48+02:00,A16,L,15.16,1,speedlimit
2026-09-05T13:48+02:00,A4,L,6.902,2,speedlimit
2026-09-05T13:48+02:00,A4,L,61.825,2,speedlimit
2026-09-05T13:48+02:00,A16,y,21.6,3,speedlimit
2026-09-05T13:48+02:00,A15,m,63.682,2,speedlimit
2026-09-05T13:48+02:00,A4,L,5.225,2,speedlimit
2026-09-05T13:48+02:00,A20,R,42.485,3,speedlimit
2026-09-05T13:48+02:00,A16,L,23.535,3,speedlimit
2026-09-05T13:48+02:00,A15,R,47.332,2,lane_closed_ahead
2026-09-05T13:48+02:00,A15,L,97.66,1,speedlimit
2026-09-05T13:48+02:00,A4,L,73.746,1,speedlimit
2026-09-05T13:48+02:00,A20,t,29.6,2,speedlimit
2026-09-05T13:48+02:00,A4,L,5.225,4,lane_closed
2026-09-05T13:48+02:00,A20,L,38.3,1,speedlimit
2026-09-05T13:48+02:00,A4,L,61.98,4,speedlimit
2026-09-05T13:48+02:00,A16,y,23.9,3,speedlimit
2026-09-05T13:48+02:00,A29,R,11.3,4,speedlimit
2026-09-05T13:48+02:00,A15,R,46.769,3,speedlimit
2026-09-05T13:48+02:00,A15,R,57.31,4,lane_closed
2026-09-05T13:48+02:00,A15,L,64.67,4,speedlimit
2026-09-05T13:48+02:00,A15,R,49.0,2,lane_closed
2026-09-05T13:48+02:00,A4,m,73.414,1,speedlimit
2026-09-05T13:48+02:00,A20,L,47.5,2,speedlimit
2026-09-05T13:48+02:00,A20,R,42.485,1,speedlimit
2026-09-05T13:48+02:00,A15,L,65.685,1,speedlimit
2026-09-05T13:48+02:00,A4,m,73.974,2,speedlimit
2026-09-05T13:48+02:00,A4,n,73.954,1,speedlimit
2026-09-05T13:48+02:00,A15,L,99.05,2,speedlimit
2026-09-05T13:48+02:00,A15,L,64.67,1,lane_closed
2026-09-05T13:48+02:00,A4,L,57.975,2,speedlimit
2026-09-05T13:48+02:00,A29,R,98.33,1,speedlimit
2026-09-05T13:48+02:00,A15,r,45.853,1,speedlimit
2026-09-05T13:48+02:00,A4,R,76.6,2,lane_closed
2026-09-05T13:48+02:00,A15,R,54.7,1,lane_closed
2026-09-05T13:48+02:00,A15,R,52.32,1,lane_closed
2026-09-05T13:48+02:00,A15,m,94.725,1,speedlimit
2026-09-05T13:48+02:00,A4,L,63.0,3,speedlimit
2026-09-05T13:48+02:00,A4,L,63.19,3,speedlimit
2026-09-05T13:48+02:00,A38,L,21.058,1,speedlimit
2026-09-05T13:48+02:00,A4,L,7.369,3,speedlimit
2026-09-05T13:48+02:00,A20,R,26.93,2,speedlimit
2026-09-05T13:48+02:00,A4,R,3.27,3,speedlimit
2026-09-05T13:48+02:00,A4,L,74.404,4,speedlimit
2026-09-05T13:48+02:00,A20,L,30.9,3,speedlimit
2026-09-05T13:48+02:00,A13,L,18.8,3,speedlimit
2026-09-05T13:48+02:00,A20,L,46.045,1,speedlimit
2026-09-05T13:48+02:00,A15,R,46.614,1,speedlimit
2026-09-05T13:48+02:00,A4,L,60.268,2,speedlimit
2026-09-05T13:48+02:00,A4,L,7.22,1,speedlimit
2026-09-05T13:48+02:00,A4,g,63.875,1,speedlimit
2026-09-05T13:48+02:00,A20,L,37.8,1,speedlimit
2026-09-05T13:48+02:00,A20,R,28.8,1,speedlimit
2026-09-05T13:48+02:00,A4,m,73.284,1,speedlimit
2026-09-05T13:48+02:00,A4,L,61.555,1,speedlimit
2026-09-05T13:48+02:00,A4,L,71.376,1,speedlimit
2026-09-05T13:48+02:00,A4,L,42.19,3,speedlimit
2026-09-05T13:48+02:00,A20,u,23.65,2,speedlimit
2026-09-05T13:48+02:00,A4,R,49.33,1,speedlimit
2026-09-05T13:48+02:00,A4,R,72.012,1,lane_closed
2026-09-05T13:48+02:00,A4,R,71.511,1,lane_closed
2026-09-05T13:48+02:00,A4,L,73.746,2,speedlimit
2026-09-05T13:48+02:00,A13,L,18.8,1,speedlimit
2026-09-05T13:48+02:00,A4,L,73.954,1,speedlimit
2026-09-05T13:48+02:00,A4,h,46.4,2,speedlimit
2026-09-05T13:48+02:00,A4,R,48.24,3,speedlimit
2026-09-05T13:48+02:00,A4,L,73.006,1,speedlimit
2026-09-05T13:48+02:00,A15,R,46.614,2,speedlimit
2026-09-05T13:48+02:00,A4,m,73.156,1,speedlimit
2026-09-05T13:48+02:00,A13,R,16.2,2,speedlimit
2026-09-05T13:48+02:00,A16,L,15.73,1,speedlimit
2026-09-05T13:48+02:00,A4,x,48.437,2,speedlimit
2026-09-05T13:48+02:00,A4,L,72.061,1,speedlimit
2026-09-05T13:48+02:00,A29,R,11.95,1,speedlimit
2026-09-05T13:48+02:00,A4,L,60.268,1,speedlimit
2026-09-05T13:48+02:00,A4,m,3.83,1,speedlimit
2026-09-05T13:48+02:00,A16,L,14.768,1,speedlimit
2026-09-05T13:48+02:00,A4,L,5.549,2,speedlimit
2026-09-05T13:48+02:00,A4,L,6.592,4,speedlimit
2026-09-05T13:48+02:00,A16,L,26.05,3,speedlimit
2026-09-05T13:48+02:00,A4,R,52.598,1,speedlimit
2026-09-05T13:48+02:00,A4,L,45.28,2,speedlimit
2026-09-05T13:48+02:00,A20,L,31.4,3,speedlimit
2026-09-05T13:48+02:00,A20,R,40.2,2,speedlimit
2026-09-05T13:48+02:00,A16,L,27.6,2,speedlimit
2026-09-05T13:48+02:00,A16,L,14.768,3,speedlimit
2026-09-05T13:48+02:00,A20,L,30.196,4,speedlimit
2026-09-05T13:48+02:00,A20,L,37.3,5,speedlimit
2026-09-05T13:48+02:00,A20,L,48.2,1,speedlimit
2026-09-05T13:48+02:00,A15,R,49.99,1,lane_closed
2026-09-05T13:48+02:00,A4,L,44.01,1,speedlimit
2026-09-05T13:48+02:00,A16,L,24.82,2,speedlimit
2026-09-05T13:48+02:00,A4,L,5.225,5,speedlimit
2026-09-05T13:48+02:00,A4,n,71.376,1,speedlimit
2026-09-05T13:48+02:00,A13,R,18.2,2,speedlimit
2026-09-05T13:48+02:00,A15,d,48.05,1,speedlimit
2026-09-05T13:48+02:00,A4,x,48.1,2,speedlimit
2026-09-05T13:48+02:00,A4,R,3.01,1,speedlimit
2026-09-05T13:48+02:00,A4,L,6.902,3,speedlimit
2026-09-05T13:48+02:00,A15,R,48.332,1,lane_closed
2026-09-05T13:48+02:00,A15,L,97.2,2,speedlimit
2026-09-05T13:48+02:00,A4,R,76.9,4,speedlimit
2026-09-05T13:48+02:00,A13,L,17.8,1,speedlimit
2026-09-05T13:48+02:00,A4,R,50.898,1,speedlimit
2026-09-05T13:48+02:00,A20,R,29.8,1,speedlimit
2026-09-05T13:48+02:00,A4,R,48.24,2,speedlimit
2026-09-05T13:48+02:00,A20,R,31.26,2,speedlimit
2026-09-05T13:48+02:00,A4,L,73.414,1,speedlimit
2026-09-05T13:48+02:00,A20,r,35.245,2,speedlimit
2026-09-05T13:48+02:00,A15,m,58.46,1,speedlimit
2026-09-05T13:48+02:00,A16,L,21.6,1,speedlimit
2026-09-05T13:48+02:00,A4,f,7.5,2,speedlimit
2026-09-05T13:48+02:00,A4,L,62.885,1,speedlimit
2026-09-05T13:48+02:00,A20,R,25.7,1,speedlimit
2026-09-05T13:48+02:00,A20,L,38.91,1,speedlimit
2026-09-05T13:48+02:00,A4,R,3.27,5,speedlimit
2026-09-05T13:48+02:00,A15,m,59.11,3,speedlimit
2026-09-05T13:48+02:00,A20,R,23.515,1,speedlimit
2026-09-05T13:48+02:00,A15,R,50.87,2,lane_closed
2026-09-05T13:48+02:00,A4,x,49.037,2,speedlimit
2026-09-05T13:48+02:00,A16,L,25.682,1,speedlimit
2026-09-05T13:48+02:00,A4,m,73.006,1,speedlimit
2026-09-05T13:48+02:00,A4,L,72.061,2,speedlimit
2026-09-05T13:48+02:00,A4,L,57.975,1,speedlimit
2026-09-05T13:48+02:00,A4,n,73.544,1,speedlimit
2026-09-05T13:48+02:00,A4,L,73.414,2,speedlimit
2026-09-05T13:48+02:00,A15,x,56.6,1,lane_closed
2026-09-05T13:48+02:00,A4,R,73.156,1,speedlimit
2026-09-05T13:48+02:00,A16,L,14.768,2,speedlimit
2026-09-05T13:48+02:00,A4,L,61.98,2,speedlimit
2026-09-05T13:48+02:00,A4,R,48.24,4,speedlimit
2026-09-05T13:48+02:00,A4,R,3.01,3,speedlimit
2026-09-05T13:48+02:00,A20,R,31.26,3,speedlimit
2026-09-05T13:48+02:00,A4,R,74.737,3,speedlimit
2026-09-05T13:48+02:00,A20,L,46.4,2,speedlimit
2026-09-05T13:48+02:00,A20,R,26.64,3,speedlimit
2026-09-05T13:48+02:00,A20,R,26.64,4,speedlimit
2026-09-05T13:48+02:00,A15,y,47.43,1,speedlimit
2026-09-05T13:48+02:00,A4,L,62.468,1,speedlimit
2026-09-05T13:48+02:00,A20,R,26.4,1,speedlimit
2026-09-05T13:48+02:00,A13,R,17.1,1,speedlimit
2026-09-05T13:48+02:00,A15,R,59.2,3,lane_closed
2026-09-05T13:48+02:00,A4,L,7.369,1,speedlimit
2026-09-05T13:48+02:00,A4,R,70.711,4,speedlimit
2026-09-05T13:48+02:00,A20,R,29.5,3,speedlimit
2026-09-05T13:48+02:00,A20,R,24.07,1,speedlimit
2026-09-05T13:48+02:00,A20,L,47.0,2,speedlimit
2026-09-05T13:48+02:00,A16,L,24.82,4,speedlimit
2026-09-05T13:48+02:00,A15,R,58.46,4,lane_closed
2026-09-05T13:48+02:00,A20,L,47.8,2,speedlimit
2026-09-05T13:48+02:00,A4,R,75.214,5,speedlimit
2026-09-05T13:48+02:00,A4,R,55.08,3,speedlimit
2026-09-05T13:48+02:00,A16,x,24.905,2,speedlimit
2026-09-05T13:48+02:00,A13,L,13.7,4,lane_closed
2026-09-05T13:48+02:00,A15,R,47.775,3,lane_closed_ahead
2026-09-05T13:48+02:00,A15,L,63.56,2,speedlimit
2026-09-05T13:48+02:00,A20,L,47.0,1,speedlimit
2026-09-05T13:48+02:00,A20,R,41.6,2,speedlimit
2026-09-05T13:48+02:00,A13,L,14.2,4,lane_closed
2026-09-05T13:48+02:00,A4,R,74.737,5,speedlimit
2026-09-05T13:48+02:00,A15,R,60.76,2,lane_closed
2026-09-05T13:48+02:00,A4,R,73.156,2,speedlimit
2026-09-05T13:48+02:00,A4,h,46.4,1,speedlimit
2026-09-05T13:48+02:00,A15,R,46.17,1,speedlimit
2026-09-05T13:48+02:00,A15,x,56.25,2,speedlimit
2026-09-05T13:48+02:00,A15,x,55.14,2,speedlimit
2026-09-05T13:48+02:00,A4,R,52.598,3,speedlimit
2026-09-05T13:48+02:00,A16,L,26.99,1,speedlimit
2026-09-05T13:48+02:00,A4,L,44.62,3,speedlimit
2026-09-05T13:48+02:00,A20,R,24.715,2,speedlimit
2026-09-05T13:48+02:00,A4,R,49.84,3,speedlimit
2026-09-05T13:48+02:00,A20,t,29.6,1,speedlimit
2026-09-05T13:48+02:00,A4,L,70.611,5,speedlimit
2026-09-05T13:48+02:00,A15,R,47.775,2,lane_closed
2026-09-05T13:48+02:00,A4,L,62.755,3,speedlimit
2026-09-05T13:48+02:00,A4,L,62.755,2,speedlimit
2026-09-05T13:48+02:00,A15,n,96.42,1,speedlimit
2026-09-05T13:48+02:00,A15,L,65.685,4,speedlimit
2026-09-05T13:48+02:00,A20,R,23.27,1,speedlimit
2026-09-05T13:48+02:00,A16,L,25.682,3,speedlimit
2026-09-05T13:48+02:00,A20,R,29.8,4,speedlimit
2026-09-05T13:48+02:00,A20,L,46.4,1,speedlimit
2026-09-05T13:48+02:00,A20,L,36.94,2,speedlimit
2026-09-05T13:48+02:00,A13,R,18.7,2,speedlimit
2026-09-05T13:48+02:00,A16,R,12.07,1,speedlimit
2026-09-05T13:48+02:00,A16,y,23.535,3,speedlimit
2026-09-05T13:48+02:00,A4,R,50.433,3,speedlimit
2026-09-05T13:48+02:00,A20,R,27.488,1,speedlimit
2026-09-05T13:48+02:00,A4,R,55.08,2,speedlimit
2026-09-05T13:48+02:00,A15,R,48.69,2,lane_closed
2026-09-05T13:48+02:00,A29,R,10.94,1,speedlimit
2026-09-05T13:48+02:00,A29,R,97.985,2,speedlimit
2026-09-05T13:48+02:00,A15,m,59.11,1,speedlimit
2026-09-05T13:48+02:00,A15,R,77.003,2,speedlimit
2026-09-05T13:48+02:00,A16,L,14.46,2,speedlimit
2026-09-05T13:48+02:00,A20,R,29.5,2,speedlimit
2026-09-05T13:48+02:00,A29,R,10.94,2,speedlimit
2026-09-05T13:48+02:00,A20,L,27.2,2,speedlimit
2026-09-05T13:48+02:00,A13,R,18.963,1,speedlimit
2026-09-05T13:48+02:00,A29,R,11.3,1,speedlimit
2026-09-05T13:48+02:00,A15,R,46.468,3,speedlimit
2026-09-05T13:48+02:00,A4,n,73.156,2,speedlimit
2026-09-05T13:48+02:00,A15,R,71.99,3,speedlimit
2026-09-05T13:48+02:00,A13,L,17.1,1,speedlimit
2026-09-05T13:48+02:00,A4,R,74.194,2,speedlimit
2026-09-05T13:48+02:00,A20,L,31.88,3,speedlimit
2026-09-05T13:48+02:00,A20,L,45.61,2,speedlimit
2026-09-05T13:48+02:00,A20,R,23.27,3,speedlimit
2026-09-05T13:48+02:00,A4,L,72.591,2,speedlimit
2026-09-05T13:48+02:00,A13,L,19.7,1,speedlimit
2026-09-05T13:48+02:00,A4,R,75.214,4,speedlimit
2026-09-05T13:48+02:00,A13,L,17.1,4,speedlimit
2026-09-05T13:48+02:00,A4,R,50.433,1,speedlimit
2026-09-05T13:48+02:00,A4,L,7.072,2,speedlimit
2026-09-05T13:48+02:00,A4,L,42.775,4,speedlimit
2026-09-05T13:48+02:00,A4,R,52.018,1,speedlimit
2026-09-05T13:48+02:00,A13,R,16.655,2,speedlimit
2026-09-05T13:48+02:00,A4,R,75.71,2,speedlimit
2026-09-05T13:48+02:00,A4,R,50.433,4,speedlimit
2026-09-05T13:48+02:00,A15,R,56.1,1,lane_closed
2026-09-05T13:48+02:00,A13,L,15.55,5,lane_closed
2026-09-05T13:48+02:00,A20,u,35.09,3,speedlimit
2026-09-05T13:48+02:00,A16,R,11.13,1,speedlimit
2026-09-05T13:48+02:00,A4,L,74.204,2,speedlimit
2026-09-05T13:48+02:00,A4,R,51.388,1,speedlimit
2026-09-05T13:48+02:00,A16,L,24.03,1,speedlimit
2026-09-05T13:48+02:00,A4,L,61.98,3,speedlimit
2026-09-05T13:48+02:00,A4,L,7.072,4,speedlimit
2026-09-05T13:48+02:00,A4,m,72.012,2,speedlimit
2026-09-05T13:48+02:00,A15,x,56.6,2,speedlimit
2026-09-05T13:48+02:00,A4,L,62.3,3,speedlimit
2026-09-05T13:48+02:00,A16,y,24.3,1,speedlimit
2026-09-05T13:48+02:00,A16,y,19.0,1,speedlimit
2026-09-05T13:48+02:00,A16,y,18.2,2,speedlimit
2026-09-05T13:48+02:00,A15,R,47.07,2,speedlimit
2026-09-05T13:48+02:00,A15,m,58.65,2,speedlimit
2026-09-05T13:48+02:00,A16,y,20.3,3,speedlimit
2026-09-05T13:48+02:00,A16,d,15.73,1,speedlimit
2026-09-05T13:48+02:00,A4,m,71.726,1,speedlimit
2026-09-05T13:48+02:00,A16,L,26.99,5,speedlimit
2026-09-05T13:48+02:00,A29,R,97.503,2,speedlimit
2026-09-05T13:48+02:00,A15,R,59.95,3,lane_closed
2026-09-05T13:48+02:00,A4,R,52.598,2,speedlimit
2026-09-05T13:48+02:00,A4,L,61.555,2,speedlimit
2026-09-05T13:48+02:00,A4,L,5.225,1,speedlimit
2026-09-05T13:48+02:00,A20,L,32.8,3,speedlimit
2026-09-05T13:48+02:00,A38,p,21.25,3,speedlimit
2026-09-05T13:48+02:00,A15,R,58.46,1,lane_closed
2026-09-05T13:48+02:00,A20,R,25.3,2,speedlimit
2026-09-05T13:48+02:00,A15,R,52.32,2,lane_closed
2026-09-05T13:48+02:00,A13,R,5.481,3,speedlimit
2026-09-05T13:48+02:00,A4,L,7.369,2,speedlimit
2026-09-05T13:48+02:00,A20,R,30.196,1,speedlimit
2026-09-05T13:48+02:00,A4,R,71.21,2,speedlimit
2026-09-05T13:48+02:00,A20,L,29.826,4,speedlimit
2026-09-05T13:48+02:00,A15,R,52.92,3,lane_closed
2026-09-05T13:48+02:00,A20,L,38.3,3,speedlimit
2026-09-05T13:48+02:00,A20,L,38.91,3,speedlimit
2026-09-05T13:48+02:00,A15,x,55.59,2,speedlimit
2026-09-05T13:48+02:00,A15,h,70.04,1,speedlimit
2026-09-05T13:48+02:00,A4,L,59.72,2,speedlimit
2026-09-05T13:48+02:00,A16,L,22.2,3,speedlimit
2026-09-05T13:48+02:00,A4,L,71.041,4,speedlimit
2026-09-05T13:48+02:00,A4,m,72.58,1,speedlimit
2026-09-05T13:48+02:00,A16,L,22.6,2,speedlimit
2026-09-05T13:48+02:00,A16,y,22.2,1,speedlimit
2026-09-05T13:48+02:00,A15,R,46.356,3,speedlimit
2026-09-05T13:48+02:00,A20,s,29.6,1,speedlimit
2026-09-05T13:48+02:00,A4,L,7.526,3,speedlimit
2026-09-05T13:48+02:00,A20,L,28.57,2,speedlimit
2026-09-05T13:48+02:00,A4,L,74.404,3,speedlimit
2026-09-05T13:48+02:00,A20,R,30.6,2,speedlimit
2026-09-05T13:48+02:00,A15,R,59.57,1,lane_closed
2026-09-05T13:48+02:00,A16,L,23.075,3,speedlimit
2026-09-05T13:48+02:00,A20,L,37.3,2,speedlimit
2026-09-05T13:48+02:00,A15,n,96.42,3,lane_closed
2026-09-05T13:48+02:00,A15,L,65.25,3,speedlimit
2026-09-05T13:48+02:00,A13,L,17.1,2,speedlimit
2026-09-05T13:48+02:00,A4,L,45.75,4,speedlimit
2026-09-05T13:48+02:00,A4,m,73.691,3,speedlimit
2026-09-05T13:48+02:00,A15,R,57.31,5,lane_closed
2026-09-05T13:48+02:00,A15,L,101.2,2,speedlimit
2026-09-05T13:48+02:00,A20,L,36.94,5,speedlimit
2026-09-05T13:48+02:00,A16,R,11.7,3,speedlimit
2026-09-05T13:48+02:00,A20,L,28.57,3,speedlimit
2026-09-05T13:48+02:00,A15,R,59.57,3,lane_closed
2026-09-05T13:48+02:00,A15,L,64.67,3,speedlimit
2026-09-05T13:48+02:00,A20,R,26.4,4,speedlimit
2026-09-05T13:48+02:00,A20,R,30.196,2,speedlimit
2026-09-05T13:48+02:00,A13,R,17.8,3,speedlimit
2026-09-05T13:48+02:00,A15,L,98.165,2,speedlimit
2026-09-05T13:48+02:00,A4,L,43.18,3,speedlimit
2026-09-05T13:48+02:00,A29,R,11.3,2,speedlimit
2026-09-05T13:48+02:00,A15,m,94.725,3,speedlimit
2026-09-05T13:48+02:00,A15,n,95.855,2,speedlimit
2026-09-05T13:48+02:00,A4,L,71.041,6,speedlimit
2026-09-05T13:48+02:00,A4,L,62.885,2,speedlimit
2026-09-05T14:48+02:00,A4,L,7.369,4,speedlimit
2026-09-05T14:48+02:00,A15,R,47.07,3,speedlimit
2026-09-05T14:48+02:00,A15,R,49.0,1,lane_closed
2026-09-05T14:48+02:00,A13,L,16.7,1,speedlimit
2026-09-05T14:48+02:00,A4,R,72.321,1,speedlimit
2026-09-05T14:48+02:00,A4,R,54.927,3,speedlimit
2026-09-05T14:48+02:00,A15,R,46.769,1,speedlimit
2026-09-05T14:48+02:00,A15,y,47.092,2,speedlimit
2026-09-05T14:48+02:00,A20,R,40.2,3,speedlimit
2026-09-05T14:48+02:00,A4,n,73.284,2,speedlimit
2026-09-05T14:48+02:00,A16,R,33.848,1,speedlimit
2026-09-05T14:48+02:00,A4,L,70.611,2,speedlimit
2026-09-05T14:48+02:00,A4,R,50.898,4,speedlimit
2026-09-05T14:48+02:00,A15,R,59.2,2,lane_closed
2026-09-05T14:48+02:00,A16,R,11.7,2,speedlimit
2026-09-05T14:48+02:00,A20,R,25.3,1,speedlimit
2026-09-05T14:48+02:00,A15,R,45.92,4,speedlimit
2026-09-05T14:48+02:00,A4,L,37.53,5,speedlimit
2026-09-05T14:48+02:00,A4,L,44.62,1,speedlimit
2026-09-05T14:48+02:00,A20,L,30.196,2,speedlimit
2026-09-05T14:48+02:00,A16,R,10.5,4,speedlimit
2026-09-05T14:48+02:00,A4,R,32.4,3,speedlimit
2026-09-05T14:48+02:00,A15,R,77.003,3,speedlimit
2026-09-05T14:48+02:00,A20,R,25.7,2,speedlimit
2026-09-05T14:48+02:00,A15,R,45.92,2,speedlimit
2026-09-05T14:48+02:00,A15,x,54.7,2,speedlimit
2026-09-05T14:48+02:00,A15,R,52.92,1,lane_closed
2026-09-05T14:48+02:00,A13,R,16.655,1,speedlimit
2026-09-05T14:48+02:00,A4,n,73.156,1,speedlimit
2026-09-05T14:48+02:00,A4,L,74.404,5,speedlimit
2026-09-05T14:48+02:00,A4,R,49.84,2,speedlimit
2026-09-05T14:48+02:00,A13,R,17.1,2,speedlimit
2026-09-05T14:48+02:00,A15,R,54.04,1,lane_closed
2026-09-05T14:48+02:00,A4,L,6.902,1,speedlimit
2026-09-05T14:48+02:00,A4,L,72.736,1,speedlimit
2026-09-05T14:48+02:00,A4,L,5.93,1,speedlimit
2026-09-05T14:48+02:00,A4,j,4.65,2,lane_closed
2026-09-05T14:48+02:00,A15,k,70.5,2,speedlimit
2026-09-05T14:48+02:00,A15,R,58.05,4,lane_closed
2026-09-05T14:48+02:00,A15,R,53.47,3,lane_closed
2026-09-05T14:48+02:00,A15,R,55.59,2,lane_closed
2026-09-05T14:48+02:00,A4,L,74.404,2,speedlimit
2026-09-05T14:48+02:00,A4,L,73.006,2,speedlimit
2026-09-05T14:48+02:00,A15,R,51.28,1,lane_closed
2026-09-05T14:48+02:00,A4,R,50.898,3,speedlimit
2026-09-05T14:48+02:00,A15,R,48.69,1,lane_closed
2026-09-05T14:48+02:00,A15,R,55.59,1,lane_closed
2026-09-05T14:48+02:00,A4,L,45.75,2,speedlimit
2026-09-05T14:48+02:00,A4,L,38.49,4,speedlimit
2026-09-05T14:48+02:00,A15,R,77.003,1,speedlimit
2026-09-05T14:48+02:00,A15,R,47.775,1,lane_closed
2026-09-05T14:48+02:00,A15,R,77.865,5,speedlimit
2026-09-05T14:48+02:00,A4,R,54.487,2,speedlimit
2026-09-05T14:48+02:00,A13,L,15.035,3,speedlimit
2026-09-05T14:48+02:00,A20,R,34.684,2,speedlimit
2026-09-05T14:48+02:00,A13,R,18.5,1,speedlimit
2026-09-05T14:48+02:00,A16,R,9.95,1,speedlimit
2026-09-05T14:48+02:00,A20,R,34.684,3,speedlimit
2026-09-05T14:48+02:00,A4,R,3.27,4,speedlimit
2026-09-05T14:48+02:00,A20,L,29.5,2,speedlimit
2026-09-05T14:48+02:00,A15,R,50.87,1,lane_closed
2026-09-05T14:48+02:00,A4,L,37.53,3,speedlimit
2026-09-05T14:48+02:00,A4,n,73.544,2,speedlimit
2026-09-05T14:48+02:00,A16,R,15.73,2,speedlimit
2026-09-05T14:48+02:00,A16,R,16.3,1,speedlimit
2026-09-05T14:48+02:00,A4,n,74.204,2,speedlimit
2026-09-05T14:48+02:00,A16,R,11.866,1,speedlimit
2026-09-05T14:48+02:00,A13,R,18.5,4,speedlimit
2026-09-05T14:48+02:00,A4,L,72.881,1,speedlimit
2026-09-05T14:48+02:00,A4,R,48.79,1,speedlimit
2026-09-05T14:48+02:00,A4,L,71.041,2,speedlimit
2026-09-05T14:48+02:00,A15,m,58.46,3,speedlimit
2026-09-05T14:48+02:00,A4,L,38.49,1,speedlimit
2026-09-05T14:48+02:00,A20,R,42.485,2,speedlimit
2026-09-05T14:48+02:00,A13,R,18.2,3,speedlimit
2026-09-05T14:48+02:00,A4,R,50.433,2,speedlimit
2026-09-05T14:48+02:00,A15,R,49.0,3,lane_closed
2026-09-05T14:48+02:00,A16,R,10.5,3,speedlimit
2026-09-05T14:48+02:00,A15,x,54.7,1,speedlimit
2026-09-05T14:48+02:00,A20,R,28.1,1,speedlimit
2026-09-05T14:48+02:00,A20,R,30.196,3,speedlimit
2026-09-05T14:48+02:00,A4,L,4.44,3,lane_closed
2026-09-05T14:48+02:00,A15,R,47.775,5,speedlimit
2026-09-05T14:48+02:00,A4,R,33.17,2,speedlimit
2026-09-05T14:48+02:00,A15,R,46.468,1,speedlimit
2026-09-05T14:48+02:00,A15,R,51.88,3,lane_closed
2026-09-05T14:48+02:00,A4,j,4.65,1,lane_closed
2026-09-05T14:48+02:00,A15,p,50.4,1,lane_closed
2026-09-05T14:48+02:00,A20,L,47.8,1,speedlimit
2026-09-05T14:48+02:00,A4,m,49.33,2,speedlimit
2026-09-05T14:48+02:00,A20,L,36.94,1,speedlimit
2026-09-05T14:48+02:00,A15,R,58.05,1,lane_closed
2026-09-05T14:48+02:00,A4,R,72.443,2,speedlimit
2026-09-05T14:48+02:00,A4,L,74.737,3,speedlimit
2026-09-05T14:48+02:00,A4,f,7.841,2,speedlimit
2026-09-05T14:48+02:00,A15,R,58.46,2,lane_closed
2026-09-05T14:48+02:00,A13,L,9.2,2,speedlimit
2026-09-05T14:48+02:00,A16,b,11.392,1,speedlimit
2026-09-05T14:48+02:00,A4,R,73.974,2,speedlimit
2026-09-05T14:48+02:00,A15,R,46.17,3,speedlimit
2026-09-05T14:48+02:00,A4,R,71.726,2,speedlimit
2026-09-05T14:48+02:00,A15,R,56.6,3,lane_closed
2026-09-05T14:48+02:00,A15,n,95.855,3,speedlimit
2026-09-05T14:48+02:00,A15,x,54.4,1,speedlimit
2026-09-05T14:48+02:00,A4,R,76.9,1,lane_closed
2026-09-05T14:48+02:00,A4,L,73.156,2,speedlimit
2026-09-05T14:48+02:00,A13,R,17.8,2,speedlimit
2026-09-05T14:48+02:00,A20,L,36.625,5,speedlimit
2026-09-05T14:48+02:00,A4,m,74.194,3,speedlimit
2026-09-05T14:48+02:00,A4,R,53.944,2,speedlimit
2026-09-05T14:48+02:00,A4,L,5.225,6,speedlimit
2026-09-05T14:48+02:00,A4,f,7.4,2,speedlimit
2026-09-05T14:48+02:00,A15,x,56.25,1,lane_closed
2026-09-05T14:48+02:00,A20,s,29.6,2,speedlimit
2026-09-05T14:48+02:00,A16,L,14.17,2,speedlimit
2026-09-05T14:48+02:00,A15,L,65.25,2,speedlimit
2026-09-05T14:48+02:00,A15,L,65.685,3,speedlimit
2026-09-05T14:48+02:00,A16,R,33.135,4,speedlimit
2026-09-05T14:48+02:00,A4,m,73.544,1,speedlimit
2026-09-05T14:48+02:00,A4,n,71.771,2,speedlimit
2026-09-05T14:48+02:00,A4,R,49.33,2,speedlimit
2026-09-05T14:48+02:00,A4,L,70.215,2,speedlimit
2026-09-05T14:48+02:00,A15,R,52.32,3,lane_closed
2026-09-05T14:48+02:00,A4,L,7.841,3,speedlimit
2026-09-05T14:48+02:00,A15,y,47.43,2,speedlimit
2026-09-05T14:48+02:00,A4,L,72.881,2,speedlimit
2026-09-05T14:48+02:00,A15,n,96.82,1,speedlimit
2026-09-05T14:48+02:00,A15,m,95.76,2,speedlimit
2026-09-05T14:48+02:00,A13,L,15.035,1,speedlimit
2026-09-05T14:48+02:00,A15,R,58.05,2,lane_closed
2026-09-05T14:48+02:00,A4,R,74.737,1,lane_closed_ahead
2026-09-05T14:48+02:00,A15,x,46.135,3,speedlimit
2026-09-05T14:48+02:00,A20,R,26.93,4,speedlimit
2026-09-05T14:48+02:00,A4,m,72.736,1,speedlimit
2026-09-05T14:48+02:00,A20,R,28.57,3,speedlimit
2026-09-05T14:48+02:00,A15,L,70.95,3,speedlimit
2026-09-05T14:48+02:00,A16,x,18.229,1,speedlimit
2026-09-05T14:48+02:00,A20,L,36.625,2,speedlimit
2026-09-05T14:48+02:00,A15,R,77.613,1,speedlimit
2026-09-05T14:48+02:00,A4,m,74.194,2,speedlimit
2026-09-05T14:48+02:00,A4,R,3.01,4,speedlimit
2026-09-05T14:48+02:00,A13,L,18.8,2,speedlimit
2026-09-05T14:48+02:00,A4,L,72.736,2,speedlimit
2026-09-05T14:48+02:00,A15,R,60.49,4,speedlimit
2026-09-05T14:48+02:00,A4,R,54.927,2,speedlimit
2026-09-05T14:48+02:00,A15,R,50.31,1,lane_closed
2026-09-05T14:48+02:00,A20,R,27.235,1,speedlimit
2026-09-05T14:48+02:00,A4,L,73.284,2,speedlimit
2026-09-05T14:48+02:00,A20,L,28.41,2,speedlimit
2026-09-05T14:48+02:00,A20,u,24.415,1,speedlimit
2026-09-05T14:48+02:00,A20,v,23.52,1,speedlimit
2026-09-05T14:48+02:00,A15,R,47.07,1,lane_closed_ahead
2026-09-05T14:48+02:00,A15,R,57.78,1,lane_closed
2026-09-05T14:48+02:00,A4,R,51.388,2,speedlimit
2026-09-05T14:48+02:00,A4,m,73.544,2,speedlimit
2026-09-05T14:48+02:00,A4,R,72.736,1,speedlimit
2026-09-05T14:48+02:00,A15,R,48.69,4,speedlimit
2026-09-05T14:48+02:00,A20,R,27.79,2,speedlimit
2026-09-05T14:48+02:00,A13,R,18.5,3,speedlimit
2026-09-05T14:48+02:00,A20,R,28.57,4,speedlimit
2026-09-05T14:48+02:00,A20,R,31.26,4,speedlimit
2026-09-05T14:48+02:00,A20,L,29.826,2,speedlimit
2026-09-05T14:48+02:00,A4,n,73.746,2,speedlimit
2026-09-05T14:48+02:00,A4,R,73.284,1,speedlimit
2026-09-05T14:48+02:00,A20,L,28.57,1,speedlimit
2026-09-05T14:48+02:00,A20,R,34.684,1,speedlimit
2026-09-05T14:48+02:00,A4,m,72.443,1,speedlimit
2026-09-05T14:48+02:00,A16,R,33.958,1,speedlimit
2026-09-05T14:48+02:00,A20,R,33.36,1,speedlimit
2026-09-05T14:48+02:00,A20,R,29.5,4,speedlimit
2026-09-05T14:48+02:00,A15,x,46.135,1,speedlimit
2026-09-05T14:48+02:00,A15,n,96.82,2,speedlimit
2026-09-05T14:48+02:00,A15,R,54.04,3,lane_closed
2026-09-05T14:48+02:00,A4,L,7.526,2,speedlimit
2026-09-05T14:48+02:00,A15,m,60.07,1,speedlimit
2026-09-05T14:48+02:00,A16,R,33.43,2,speedlimit
2026-09-05T14:48+02:00,A16,R,16.3,3,speedlimit
2026-09-05T14:48+02:00,A4,L,7.072,1,speedlimit
2026-09-05T14:48+02:00,A4,R,73.414,1,speedlimit
2026-09-05T14:48+02:00,A20,R,28.1,2,speedlimit
2026-09-05T14:48+02:00,A20,R,26.64,1,speedlimit
2026-09-05T14:48+02:00,A4,L,73.544,2,speedlimit
2026-09-05T14:48+02:00,A20,R,25.7,3,speedlimit
2026-09-05T14:48+02:00,A4,n,74.204,1,speedlimit
2026-09-05T14:48+02:00,A15,L,64.2,2,speedlimit
2026-09-05T14:48+02:00,A4,L,7.841,4,speedlimit
2026-09-05T14:48+02:00,A15,R,60.49,3,lane_closed
2026-09-05T14:48+02:00,A13,L,9.2,1,speedlimit
2026-09-05T14:48+02:00,A4,L,72.391,1,speedlimit
2026-09-05T14:48+02:00,A15,R,48.69,3,lane_closed
2026-09-05T14:48+02:00,A16,L,24.82,3,speedlimit
2026-09-05T14:48+02:00,A4,f,6.9,1,speedlimit
2026-09-05T14:48+02:00,A20,L,32.8,2,speedlimit
2026-09-05T14:48+02:00,A15,L,65.25,4,speedlimit
2026-09-05T14:48+02:00,A15,R,59.2,1,lane_closed
2026-09-05T14:48+02:00,A15,R,77.865,1,speedlimit
2026-09-05T14:48+02:00,A13,L,17.1,3,speedlimit
2026-09-05T14:48+02:00,A13,L,15.55,1,speedlimit
2026-09-05T14:48+02:00,A20,R,42.0,1,speedlimit
2026-09-05T14:48+02:00,A4,L,7.22,3,speedlimit
2026-09-05T14:48+02:00,A20,L,37.3,3,speedlimit
2026-09-05T14:48+02:00,A20,R,34.29,2,speedlimit
2026-09-05T14:48+02:00,A4,L,45.28,1,speedlimit
2026-09-05T14:48+02:00,A20,L,36.625,1,speedlimit
2026-09-05T14:48+02:00,A4,L,73.284,1,speedlimit
2026-09-05T14:48+02:00,A4,L,5.549,6,speedlimit
2026-09-05T14:48+02:00,A16,R,33.135,2,speedlimit
2026-09-05T14:48+02:00,A15,x,47.025,2,speedlimit
2026-09-05T14:48+02:00,A20,R,33.85,1,speedlimit
2026-09-05T14:48+02:00,A4,R,32.85,3,speedlimit
2026-09-05T14:48+02:00,A20,L,27.488,1,speedlimit
2026-09-05T14:48+02:00,A4,L,69.949,4,speedlimit
2026-09-05T14:48+02:00,A20,L,27.2,1,speedlimit
2026-09-05T14:48+02:00,A4,h,46.06,2,speedlimit
2026-09-05T14:48+02:00,A4,R,74.737,2,speedlimit
2026-09-05T14:48+02:00,A15,R,59.57,2,lane_closed
2026-09-05T14:48+02:00,A20,L,27.8,2,speedlimit
2026-09-05T14:48+02:00,A15,L,71.42,4,speedlimit
2026-09-05T14:48+02:00,A16,L,23.535,1,speedlimit
2026-09-05T14:48+02:00,A15,R,58.05,5,lane_closed
2026-09-05T14:48+02:00,A13,L,18.2,3,speedlimit
2026-09-05T14:48+02:00,A4,L,71.041,1,speedlimit
2026-09-05T14:48+02:00,A4,m,3.83,3,lane_closed
2026-09-05T14:48+02:00,A16,R,12.07,2,speedlimit
2026-09-05T14:48+02:00,A4,L,74.737,2,speedlimit
2026-09-05T14:48+02:00,A4,R,32.4,2,speedlimit
2026-09-05T14:48+02:00,A16,R,11.392,1,speedlimit
2026-09-05T14:48+02:00,A4,R,73.544,1,speedlimit
2026-09-05T14:48+02:00,A4,L,72.591,1,speedlimit
2026-09-05T14:48+02:00,A4,m,72.58,2,speedlimit
2026-09-05T14:48+02:00,A4,R,71.726,1,speedlimit
2026-09-05T14:48+02:00,A4,L,70.215,3,speedlimit
2026-09-05T14:48+02:00,A4,m,73.156,2,speedlimit
2026-09-05T14:48+02:00,A16,L,24.82,1,speedlimit
2026-09-05T14:48+02:00,A20,L,31.88,1,speedlimit
2026-09-05T14:48+02:00,A16,R,11.392,2,speedlimit
2026-09-05T14:48+02:00,A15,R,77.613,2,speedlimit
2026-09-05T14:48+02:00,A15,R,51.88,4,lane_closed
2026-09-05T14:48+02:00,A4,m,3.83,4,lane_closed
2026-09-05T14:48+02:00,A13,L,16.7,2,speedlimit
2026-09-05T14:48+02:00,A16,R,33.958,2,speedlimit
2026-09-05T14:48+02:00,A4,n,73.284,1,speedlimit
2026-09-05T14:48+02:00,A4,R,34.3,1,speedlimit
2026-09-05T14:48+02:00,A20,L,30.9,2,speedlimit
2026-09-05T14:48+02:00,A15,R,46.859,2,speedlimit
2026-09-05T14:48+02:00,A4,f,7.5,1,speedlimit
2026-09-05T14:48+02:00,A20,L,38.91,2,speedlimit
2026-09-05T14:48+02:00,A20,L,36.625,3,speedlimit
2026-09-05T14:48+02:00,A4,R,48.79,2,speedlimit
2026-09-05T14:48+02:00,A20,L,28.085,1,speedlimit
2026-09-05T14:48+02:00,A16,x,18.229,2,speedlimit
2026-09-05T14:48+02:00,A4,L,38.01,1,speedlimit
2026-09-05T14:48+02:00,A20,s,35.6,1,speedlimit
2026-09-05T14:48+02:00,A15,R,58.05,3,lane_closed
2026-09-05T14:48+02:00,A15,p,58.05,1,speedlimit
2026-09-05T14:48+02:00,A16,R,33.609,2,speedlimit
2026-09-05T14:48+02:00,A4,R,54.487,3,speedlimit
2026-09-05T14:48+02:00,A15,R,53.47,1,lane_closed
2026-09-05T14:48+02:00,A4,R,33.8,1,speedlimit
2026-09-05T14:48+02:00,A20,R,30.6,1,speedlimit
2026-09-05T14:48+02:00,A13,R,17.1,3,speedlimit
2026-09-05T14:48+02:00,A4,L,44.01,3,speedlimit
2026-09-05T14:48+02:00,A13,L,9.9,1,speedlimit
2026-09-05T14:48+02:00,A20,R,26.93,3,speedlimit
2026-09-05T14:48+02:00,A4,R,73.544,2,speedlimit
2026-09-05T14:48+02:00,A20,L,31.4,1,speedlimit
2026-09-05T14:48+02:00,A15,p,58.05,2,speedlimit
2026-09-05T14:48+02:00,A4,m,73.974,1,speedlimit
2026-09-05T14:48+02:00,A4,L,73.954,2,speedlimit
2026-09-05T14:48+02:00,A4,L,38.49,3,speedlimit
2026-09-05T14:48+02:00,A15,m,95.3,1,speedlimit
2026-09-05T14:48+02:00,A4,L,5.225,3,speedlimit
2026-09-05T14:48+02:00,A15,m,59.11,2,speedlimit
2026-09-05T14:48+02:00,A15,R,54.7,2,lane_closed
2026-09-05T14:48+02:00,A4,L,7.526,4,speedlimit
2026-09-05T14:48+02:00,A4,L,74.404,1,speedlimit
2026-09-05T14:48+02:00,A4,L,69.949,3,speedlimit
2026-09-05T14:48+02:00,A4,n,73.414,1,speedlimit
2026-09-05T14:48+02:00,A20,u,23.853,1,speedlimit
2026-09-05T14:48+02:00,A20,L,31.1,2,speedlimit
2026-09-05T14:48+02:00,A4,L,70.611,4,speedlimit
2026-09-05T14:48+02:00,A4,L,71.726,1,speedlimit
2026-09-05T14:48+02:00,A16,R,9.35,2,speedlimit
2026-09-05T14:48+02:00,A15,R,53.47,2,lane_closed
2026-09-05T14:48+02:00,A4,R,32.85,4,speedlimit
2026-09-05T14:48+02:00,A16,R,33.778,1,speedlimit
2026-09-05T14:48+02:00,A13,g,18.7,2,speedlimit
2026-09-05T14:48+02:00,A4,m,72.443,2,speedlimit
2026-09-05T14:48+02:00,A20,R,32.8,1,speedlimit
2026-09-05T14:48+02:00,A15,L,65.685,2,speedlimit
2026-09-05T14:48+02:00,A15,x,55.59,1,lane_closed_ahead
2026-09-05T14:48+02:00,A20,L,31.4,2,speedlimit
2026-09-05T14:48+02:00,A4,L,70.611,3,speedlimit
2026-09-05T14:48+02:00,A20,L,24.715,1,speedlimit
2026-09-05T14:48+02:00,A20,R,23.27,2,speedlimit
2026-09-05T14:48+02:00,A4,n,71.376,2,speedlimit
2026-09-05T14:48+02:00,A4,L,7.072,3,speedlimit
2026-09-05T14:48+02:00,A13,L,9.9,3,speedlimit
2026-09-05T14:48+02:00,A4,L,70.611,6,speedlimit
2026-09-05T14:48+02:00,A20,L,37.3,4,speedlimit
2026-09-05T14:48+02:00,A4,R,75.214,2,speedlimit
2026-09-05T14:48+02:00,A20,R,33.36,3,speedlimit
2026-09-05T14:48+02:00,A16,L,14.32,1,speedlimit
2026-09-05T14:48+02:00,A15,L,71.42,3,speedlimit
2026-09-05T14:48+02:00,A15,R,46.356,2,speedlimit
2026-09-05T14:48+02:00,A4,f,7.4,1,speedlimit
2026-09-05T14:48+02:00,A15,y,47.43,3,speedlimit
2026-09-05T14:48+02:00,A16,R,34.068,2,speedlimit
2026-09-05T14:48+02:00,A4,R,54.927,1,speedlimit
2026-09-05T14:48+02:00,A20,L,24.715,4,speedlimit
2026-09-05T14:48+02:00,A13,L,15.9,3,lane_closed
2026-09-05T14:48+02:00,A20,L,24.715,3,speedlimit
2026-09-05T14:48+02:00,A20,R,43.32,2,speedlimit
2026-09-05T14:48+02:00,A15,m,95.3,3,speedlimit
2026-09-05T14:48+02:00,A20,R,33.36,2,speedlimit
2026-09-05T14:48+02:00,A4,L,7.841,2,speedlimit
2026-09-05T14:48+02:00,A15,x,55.14,1,speedlimit
2026-09-05T14:48+02:00,A15,R,56.1,3,lane_closed
2026-09-05T14:48+02:00,A38,p,21.25,1,speedlimit
2026-09-05T14:48+02:00,A4,R,3.27,1,speedlimit
2026-09-05T14:48+02:00,A13,R,16.2,1,speedlimit
2026-09-05T14:48+02:00,A20,L,37.8,2,speedlimit
2026-09-05T14:48+02:00,A4,R,74.737,4,speedlimit
2026-09-05T14:48+02:00,A15,R,49.99,2,lane_closed
2026-09-05T14:48+02:00,A13,R,18.5,2,speedlimit
2026-09-05T14:48+02:00,A4,L,74.737,4,speedlimit
2026-09-05T14:48+02:00,A20,L,36.94,3,speedlimit
2026-09-05T14:48+02:00,A20,L,30.196,1,speedlimit
2026-09-05T14:48+02:00,A4,f,6.6,1,speedlimit
2026-09-05T14:48+02:00,A4,R,51.388,3,speedlimit
2026-09-05T14:48+02:00,A16,R,33.778,2,speedlimit
2026-09-05T14:48+02:00,A4,m,72.321,1,speedlimit
2026-09-05T14:48+02:00,A4,R,76.6,3,speedlimit
2026-09-05T14:48+02:00,A4,L,44.01,2,speedlimit
2026-09-05T14:48+02:00,A20,R,34.684,4,speedlimit
2026-09-05T14:48+02:00,A20,R,27.79,1,speedlimit
2026-09-05T14:48+02:00,A20,r,35.245,1,speedlimit
2026-09-05T14:48+02:00,A16,R,11.13,2,speedlimit
2026-09-05T14:48+02:00,A20,L,29.826,1,speedlimit
2026-09-05T14:48+02:00,A4,R,52.598,4,speedlimit
2026-09-05T14:48+02:00,A4,m,73.006,2,speedlimit
2026-09-05T14:48+02:00,A15,R,56.1,2,lane_closed
2026-09-05T14:48+02:00,A15,x,54.4,2,speedlimit
2026-09-05T14:48+02:00,A4,R,73.691,1,speedlimit
2026-09-05T14:48+02:00,A4,n,73.414,2,speedlimit
2026-09-05T14:48+02:00,A15,x,53.86,1,speedlimit
2026-09-05T14:48+02:00,A20,R,34.29,1,speedlimit
2026-09-05T14:48+02:00,A4,R,55.08,1,speedlimit
2026-09-05T14:48+02:00,A20,u,36.23,2,speedlimit
2026-09-05T14:48+02:00,A4,R,50.898,2,speedlimit
2026-09-05T14:48+02:00,A20,R,28.41,2,speedlimit
2026-09-05T14:48+02:00,A4,L,6.902,4,speedlimit
2026-09-05T14:48+02:00,A4,R,75.214,1,lane_closed
2026-09-05T14:48+02:00,A15,R,55.14,2,lane_closed
2026-09-05T14:48+02:00,A15,R,48.69,5,speedlimit
2026-09-05T14:48+02:00,A13,L,15.9,2,speedlimit
2026-09-05T14:48+02:00,A16,L,14.17,1,speedlimit
2026-09-05T14:48+02:00,A4,R,75.214,3,speedlimit
2026-09-05T14:48+02:00,A4,L,5.549,1,speedlimit
2026-09-05T14:48+02:00,A4,R,52.598,5,lane_closed
2026-09-05T14:48+02:00,A16,L,23.535,2,speedlimit
2026-09-05T14:48+02:00,A20,L,48.2,2,lane_closed
2026-09-05T14:48+02:00,A4,R,74.194,1,speedlimit
2026-09-05T14:48+02:00,A20,R,29.1,1,speedlimit
2026-09-05T14:48+02:00,A13,L,16.19,1,speedlimit
2026-09-05T14:48+02:00,A15,R,52.92,2,lane_closed
2026-09-05T14:48+02:00,A16,m,33.778,2,speedlimit
2026-09-05T14:48+02:00,A15,R,46.17,2,speedlimit
2026-09-05T14:48+02:00,A13,R,17.8,1,speedlimit
2026-09-05T14:48+02:00,A20,R,28.41,1,speedlimit
2026-09-05T14:48+02:00,A13,L,16.19,2,speedlimit
2026-09-05T14:48+02:00,A15,p,57.31,2,speedlimit
2026-09-05T14:48+02:00,A13,L,15.55,3,speedlimit
2026-09-05T14:48+02:00,A20,R,31.9,2,speedlimit
2026-09-05T14:48+02:00,A4,f,6.9,2,speedlimit
2026-09-05T14:48+02:00,A4,R,3.27,2,speedlimit
2026-09-05T14:48+02:00,A20,L,31.1,3,speedlimit
2026-09-05T14:48+02:00,A4,R,76.9,3,lane_closed
2026-09-05T14:48+02:00,A15,x,55.14,3,speedlimit
2026-09-05T14:48+02:00,A20,u,24.415,2,speedlimit
2026-09-05T14:48+02:00,A15,R,57.78,4,lane_closed
2026-09-05T14:48+02:00,A15,R,57.31,3,lane_closed
2026-09-05T14:48+02:00,A16,L,15.73,2,speedlimit
2026-09-05T14:48+02:00,A4,m,49.33,1,speedlimit
2026-09-05T14:48+02:00,A15,R,49.61,2,lane_closed
2026-09-05T14:48+02:00,A4,R,72.58,2,speedlimit
2026-09-05T14:48+02:00,A15,R,54.04,2,lane_closed
2026-09-05T14:48+02:00,A15,R,60.49,2,lane_closed
2026-09-05T14:48+02:00,A20,R,27.488,2,speedlimit
2026-09-05T14:48+02:00,A4,R,53.944,1,speedlimit
2026-09-05T14:48+02:00,A20,t,28.895,1,speedlimit
2026-09-05T14:48+02:00,A20,L,32.8,1,speedlimit
2026-09-05T14:48+02:00,A4,L,74.737,5,speedlimit
2026-09-05T14:48+02:00,A16,L,16.48,3,speedlimit
2026-09-05T14:48+02:00,A15,p,50.05,1,lane_closed
2026-09-05T14:48+02:00,A4,L,45.75,3,speedlimit
2026-09-05T14:48+02:00,A20,R,32.8,2,speedlimit
2026-09-05T14:48+02:00,A20,R,28.8,2,speedlimit
2026-09-05T14:48+02:00,A4,m,49.33,3,speedlimit
2026-09-05T14:48+02:00,A16,L,5.6,1,speedlimit
2026-09-05T14:48+02:00,A16,L,24.03,2,speedlimit
2026-09-05T14:48+02:00,A16,R,16.3,2,speedlimit
2026-09-05T14:48+02:00,A20,L,31.1,1,speedlimit
2026-09-05T14:48+02:00,A13,L,16.19,3,lane_closed
2026-09-05T14:48+02:00,A4,R,76.07,1,lane_closed
2026-09-05T14:48+02:00,A13,L,15.035,5,lane_closed
2026-09-05T14:48+02:00,A15,p,57.31,1,speedlimit
2026-09-05T14:48+02:00,A4,m,3.83,2,speedlimit
2026-09-05T14:48+02:00,A16,L,16.48,2,speedlimit
2026-09-05T14:48+02:00,A4,R,52.018,2,speedlimit
2026-09-05T14:48+02:00,A4,R,49.33,3,speedlimit
2026-09-05T14:48+02:00,A4,m,72.012,3,speedlimit
2026-09-05T14:48+02:00,A20,u,23.853,2,speedlimit
2026-09-05T14:48+02:00,A4,L,45.28,3,speedlimit
2026-09-05T14:48+02:00,A20,L,27.8,1,speedlimit
2026-09-05T14:48+02:00,A16,L,14.32,2,speedlimit
2026-09-05T14:48+02:00,A15,R,51.88,2,lane_closed
2026-09-05T14:48+02:00,A4,R,76.6,1,lane_closed
2026-09-05T14:48+02:00,A4,R,54.487,1,speedlimit
2026-09-05T14:48+02:00,A20,R,29.1,2,speedlimit
2026-09-05T14:48+02:00,A13,g,18.7,1,speedlimit
2026-09-05T14:48+02:00,A15,R,51.28,2,lane_closed
2026-09-05T14:48+02:00,A20,u,36.23,1,speedlimit
2026-09-05T14:48+02:00,A15,R,55.14,3,lane_closed
2026-09-05T14:48+02:00,A4,R,73.006,1,speedlimit
2026-09-05T14:48+02:00,A20,R,28.57,2,speedlimit
2026-09-05T14:48+02:00,A4,m,72.012,1,speedlimit
2026-09-05T14:48+02:00,A20,R,40.985,2,speedlimit
2026-09-05T14:48+02:00,A4,L,44.62,2,speedlimit
2026-09-05T14:48+02:00,A20,R,26.64,2,speedlimit
2026-09-05T14:48+02:00,A4,L,7.22,2,speedlimit
2026-09-05T14:48+02:00,A15,L,64.2,3,speedlimit
2026-09-05T14:48+02:00,A16,L,5.6,2,speedlimit
2026-09-05T14:48+02:00,A20,L,29.1,1,speedlimit
2026-09-05T14:48+02:00,A15,x,53.47,2,speedlimit
2026-09-05T14:48+02:00,A4,R,33.17,1,speedlimit
2026-09-05T14:48+02:00,A4,L,71.041,5,speedlimit
2026-09-05T14:48+02:00,A13,L,18.2,1,speedlimit
2026-09-05T14:48+02:00,A15,L,64.67,2,speedlimit
2026-09-05T14:48+02:00,A4,m,72.321,2,speedlimit
2026-09-05T14:48+02:00,A13,L,12.7,4,lane_closed
2026-09-05T14:48+02:00,A20,L,31.88,2,speedlimit
2026-09-05T14:48+02:00,A4,L,71.376,2,speedlimit
2026-09-05T14:48+02:00,A4,R,49.84,1,speedlimit
2026-09-05T14:48+02:00,A4,R,76.07,2,lane_closed
2026-09-05T14:48+02:00,A4,R,32.85,5,speedlimit
2026-09-05T14:48+02:00,A13,L,19.7,2,speedlimit
2026-09-05T14:48+02:00,A15,R,48.332,2,lane_closed
2026-09-05T14:48+02:00,A20,u,23.65,1,speedlimit
2026-09-05T14:48+02:00,A15,R,51.88,1,lane_closed
2026-09-05T14:48+02:00,A15,m,95.76,3,lane_closed
2026-09-05T14:48+02:00,A20,L,28.085,2,speedlimit
2026-09-05T14:48+02:00,A15,R,54.7,3,lane_closed
2026-09-05T14:48+02:00,A16,m,33.609,2,speedlimit
2026-09-05T14:48+02:00,A38,p,21.25,2,speedlimit
2026-09-05T14:48+02:00,A4,R,34.3,2,speedlimit
2026-09-05T14:48+02:00,A13,L,15.035,4,speedlimit
2026-09-05T14:48+02:00,A20,R,34.29,3,speedlimit
2026-09-05T14:48+02:00,A4,R,76.07,3,speedlimit
2026-09-05T14:48+02:00,A16,L,15.16,2,speedlimit
2026-09-05T14:48+02:00,A15,x,46.135,2,speedlimit
2026-09-05T14:48+02:00,A15,R,55.14,1,lane_closed
2026-09-05T14:48+02:00,A20,R,30.6,3,speedlimit
2026-09-05T14:48+02:00,A4,R,55.08,4,speedlimit
2026-09-05T14:48+02:00,A15,m,58.65,3,speedlimit
2026-09-05T14:48+02:00,A4,m,73.544,3,speedlimit
2026-09-05T14:48+02:00,A15,m,95.3,2,speedlimit
2026-09-05T14:48+02:00,A16,R,9.35,1,speedlimit
2026-09-05T14:48+02:00,A20,R,43.32,1,speedlimit
2026-09-05T14:48+02:00,A4,R,72.321,2,speedlimit
2026-09-05T14:48+02:00,A4,R,48.79,3,speedlimit
2026-09-05T14:48+02:00,A4,m,74.194,1,speedlimit
2026-09-05T14:48+02:00,A16,R,11.7,1,speedlimit
2026-09-05T14:48+02:00,A20,R,29.8,2,speedlimit
2026-09-05T14:48+02:00,A4,L,71.041,3,speedlimit
2026-09-05T14:48+02:00,A4,R,52.018,4,lane_closed
2026-09-05T14:48+02:00,A15,m,95.76,1,speedlimit
2026-09-05T14:48+02:00,A15,L,64.2,1,lane_closed
2026-09-05T14:48+02:00,A20,R,27.235,2,speedlimit
2026-09-05T14:48+02:00,A20,L,37.3,1,speedlimit
2026-09-05T14:48+02:00,A15,R,59.95,1,lane_closed
2026-09-05T14:48+02:00,A13,R,18.2,1,speedlimit
2026-09-05T14:48+02:00,A16,m,33.848,1,speedlimit
2026-09-05T14:48+02:00,A4,n,73.954,2,speedlimit
2026-09-05T14:48+02:00,A4,L,4.44,2,speedlimit
2026-09-05T14:48+02:00,A20,R,32.8,3,speedlimit
2026-09-05T14:48+02:00,A15,x,55.59,3,speedlimit
2026-09-05T14:48+02:00,A20,R,40.2,1,speedlimit
2026-09-05T14:48+02:00,A15,L,65.25,1,lane_closed_ahead
2026-09-05T14:48+02:00,A15,R,55.59,3,lane_closed
2026-09-05T14:48+02:00,A15,R,47.775,4,speedlimit
2026-09-05T14:48+02:00,A4,f,7.841,4,speedlimit
2026-09-05T14:48+02:00,A4,f,7.1,1,speedlimit
2026-09-05T14:48+02:00,A15,e,95.55,1,speedlimit
2026-09-05T14:48+02:00,A4,L,70.215,1,speedlimit
2026-09-05T14:48+02:00,A13,L,15.55,2,speedlimit
2026-09-05T14:48+02:00,A4,L,6.592,3,speedlimit
2026-09-05T14:48+02:00,A13,e,19.1,1,speedlimit
2026-09-05T14:48+02:00,A13,L,15.55,4,speedlimit
2026-09-05T14:48+02:00,A4,m,71.726,2,speedlimit
2026-09-05T14:48+02:00,A16,L,14.46,1,speedlimit
2026-09-05T14:48+02:00,A20,L,47.5,1,speedlimit
2026-09-05T14:48+02:00,A15,R,46.356,1,speedlimit
2026-09-05T14:48+02:00,A4,L,38.01,3,speedlimit
2026-09-05T14:48+02:00,A15,n,96.42,2,speedlimit
2026-09-05T14:48+02:00,A15,R,60.49,1,lane_closed
2026-09-05T14:48+02:00,A13,L,17.8,3,speedlimit
2026-09-05T14:48+02:00,A15,R,49.61,3,lane_closed
2026-09-05T14:48+02:00,A4,f,7.841,3,speedlimit
2026-09-05T14:48+02:00,A15,R,48.332,5,speedlimit
2026-09-05T14:48+02:00,A4,R,3.01,5,speedlimit
2026-09-05T14:48+02:00,A4,L,5.93,3,speedlimit
2026-09-05T14:48+02:00,A13,L,9.9,4,speedlimit
2026-09-05T14:48+02:00,A4,R,73.691,2,speedlimit
2026-09-05T14:48+02:00,A4,m,73.691,1,speedlimit
2026-09-05T14:48+02:00,A4,m,73.691,2,speedlimit
2026-09-05T14:48+02:00,A4,R,75.71,1,lane_closed
2026-09-05T14:48+02:00,A15,R,57.78,5,lane_closed
2026-09-05T14:48+02:00,A16,R,11.866,2,speedlimit
2026-09-05T14:48+02:00,A20,R,31.26,1,speedlimit
2026-09-05T14:48+02:00,A16,x,18.543,2,speedlimit
2026-09-05T14:48+02:00,A20,u,35.09,1,speedlimit
2026-09-05T14:48+02:00,A4,L,72.391,2,speedlimit
2026-09-05T14:48+02:00,A4,L,5.93,5,speedlimit
2026-09-05T14:48+02:00,A4,L,7.526,1,speedlimit
2026-09-05T14:48+02:00,A15,R,45.92,1,speedlimit
2026-09-05T14:48+02:00,A16,L,16.48,4,speedlimit
2026-09-05T14:48+02:00,A4,L,7.841,1,speedlimit
2026-09-05T14:48+02:00,A15,R,50.31,2,lane_closed
2026-09-05T14:48+02:00,A4,R,76.9,2,lane_closed
2026-09-05T14:48+02:00,A20,R,42.0,2,speedlimit
2026-09-05T14:48+02:00,A13,L,9.2,3,speedlimit
2026-09-05T14:48+02:00,A20,R,40.985,3,speedlimit
2026-09-05T14:48+02:00,A13,L,9.9,2,speedlimit
2026-09-05T14:48+02:00,A15,R,59.2,4,lane_closed
2026-09-05T14:48+02:00,A13,L,15.9,1,speedlimit
2026-09-05T14:48+02:00,A20,L,36.625,4,speedlimit
2026-09-05T14:48+02:00,A4,L,71.726,2,speedlimit
2026-09-05T14:48+02:00,A20,R,41.6,3,speedlimit
2026-09-05T14:48+02:00,A4,L,73.156,1,speedlimit
2026-09-05T14:48+02:00,A15,R,46.468,2,speedlimit
2026-09-05T14:48+02:00,A15,L,70.95,1,speedlimit
2026-09-05T14:48+02:00,A15,y,47.092,1,speedlimit
2026-09-05T14:48+02:00,A4,L,74.204,1,speedlimit
2026-09-05T14:48+02:00,A20,L,29.826,3,speedlimit
2026-09-05T14:48+02:00,A20,L,37.8,3,speedlimit
2026-09-05T14:48+02:00,A15,R,77.865,4,speedlimit
2026-09-05T14:48+02:00,A15,x,53.47,1,speedlimit
2026-09-05T14:48+02:00,A4,R,72.443,1,speedlimit
2026-09-05T14:48+02:00,A4,h,45.58,3,lane_closed
2026-09-05T14:48+02:00,A20,u,23.853,3,speedlimit
2026-09-05T14:48+02:00,A20,L,29.5,1,speedlimit
2026-09-05T14:48+02:00,A20,R,28.8,3,speedlimit
2026-09-05T14:48+02:00,A20,R,29.5,1,speedlimit
2026-09-05T14:48+02:00,A4,f,7.2,1,speedlimit
2026-09-05T14:48+02:00,A16,m,33.609,1,speedlimit
2026-09-05T14:48+02:00,A20,R,41.6,1,speedlimit
2026-09-05T14:48+02:00,A4,R,73.974,1,speedlimit
2026-09-05T14:48+02:00,A4,n,71.376,3,speedlimit
2026-09-05T14:48+02:00,A15,R,60.76,3,lane_closed
2026-09-05T14:48+02:00,A15,R,46.769,2,speedlimit
2026-09-05T14:48+02:00,A20,L,39.515,3,speedlimit
2026-09-05T14:48+02:00,A20,u,23.65,3,speedlimit
2026-09-05T14:48+02:00,A16,R,33.135,3,speedlimit
2026-09-05T14:48+02:00,A15,R,59.95,2,lane_closed
2026-09-05T14:48+02:00,A15,R,46.614,3,speedlimit
2026-09-05T14:48+02:00,A13,L,11.25,4,lane_closed
2026-09-05T14:48+02:00,A20,R,40.985,1,speedlimit
2026-09-05T14:48+02:00,A20,L,30.9,1,speedlimit
2026-09-05T14:48+02:00,A4,L,74.737,1,speedlimit
2026-09-05T14:48+02:00,A4,f,7.2,2,speedlimit
2026-09-05T14:48+02:00,A15,R,56.6,1,lane_closed
2026-09-05T14:48+02:00,A4,L,6.592,2,speedlimit
2026-09-05T14:48+02:00,A20,u,35.09,2,speedlimit
2026-09-05T14:48+02:00,A13,R,18.2,4,speedlimit
2026-09-05T14:48+02:00,A4,L,5.93,4,speedlimit
2026-09-05T14:48+02:00,A15,R,47.332,1,lane_closed
2026-09-05T14:48+02:00,A16,R,9.95,2,speedlimit
2026-09-05T14:48+02:00,A15,r,45.853,2,speedlimit
2026-09-05T14:48+02:00,A13,L,10.3,1,speedlimit
2026-09-05T14:48+02:00,A15,x,56.6,3,speedlimit
2026-09-05T14:48+02:00,A4,L,4.44,1,speedlimit
2026-09-05T14:48+02:00,A4,R,52.018,3,speedlimit
2026-09-05T14:48+02:00,A16,R,33.609,1,speedlimit
2026-09-05T14:48+02:00,A4,L,69.949,1,speedlimit
2026-09-05T14:48+02:00,A4,L,45.75,1,speedlimit
2026-09-05T14:48+02:00,A4,L,70.611,1,speedlimit
2026-09-05T14:48+02:00,A13,R,18.7,1,speedlimit
2026-09-05T14:48+02:00,A15,L,64.67,5,speedlimit
2026-09-05T14:48+02:00,A15,n,95.855,1,speedlimit
2026-09-05T14:48+02:00,A4,L,5.93,6,speedlimit
2026-09-05T14:48+02:00,A20,c,27.488,1,speedlimit
2026-09-05T14:48+02:00,A20,R,31.9,3,speedlimit
2026-09-05T14:48+02:00,A13,R,16.655,3,speedlimit
2026-09-05T14:48+02:00,A4,R,72.012,2,speedlimit
2026-09-05T14:48+02:00,A4,L,7.22,4,speedlimit
2026-09-05T14:48+02:00,A4,R,72.58,1,speedlimit
2026-09-05T14:48+02:00,A15,m,94.725,2,speedlimit
2026-09-05T14:48+02:00,A20,L,29.1,2,speedlimit
2026-09-05T14:48+02:00,A15,L,63.56,1,lane_closed
2026-09-05T14:48+02:00,A15,f,96.0,1,lane_closed
2026-09-05T14:48+02:00,A15,R,46.859,3,speedlimit
2026-09-05T14:48+02:00,A20,R,29.8,3,speedlimit
2026-09-05T14:48+02:00,A13,L,18.2,2,speedlimit
2026-09-05T14:48+02:00,A20,R,26.4,3,speedlimit
2026-09-05T14:48+02:00,A4,f,6.6,2,speedlimit
2026-09-05T14:48+02:00,A16,m,33.958,1,speedlimit
2026-09-05T14:48+02:00,A15,R,60.76,4,speedlimit
2026-09-05T14:48+02:00,A15,R,77.865,2,speedlimit
2026-09-05T14:48+02:00,A4,m,73.974,3,speedlimit
2026-09-05T14:48+02:00,A20,u,35.71,2,speedlimit
2026-09-05T14:48+02:00,A4,L,38.01,4,speedlimit
2026-09-05T14:48+02:00,A15,m,58.65,1,speedlimit
2026-09-05T14:48+02:00,A20,R,34.29,4,speedlimit
2026-09-05T14:48+02:00,A20,R,26.93,1,speedlimit
2026-09-05T14:48+02:00,A15,R,46.859,1,speedlimit
2026-09-05T14:48+02:00,A15,R,48.332,3,lane_closed
2026-09-05T14:48+02:00,A15,R,58.46,3,lane_closed
2026-09-05T14:48+02:00,A15,R,60.76,1,lane_closed
2026-09-05T14:48+02:00,A4,L,5.549,3,speedlimit
2026-09-05T14:48+02:00,A4,L,6.592,1,speedlimit
2026-09-05T14:48+02:00,A20,R,26.4,2,speedlimit
2026-09-05T14:48+02:00,A15,R,48.332,4,speedlimit
2026-09-05T14:48+02:00,A16,L,45.805,3,speedlimit
2026-09-05T14:48+02:00,A4,R,32.4,1,speedlimit
2026-09-05T14:48+02:00,A15,L,63.56,3,speedlimit
2026-09-05T14:48+02:00,A20,L,27.488,2,speedlimit
2026-09-05T14:48+02:00,A20,L,30.196,3,speedlimit
2026-09-05T14:48+02:00,A4,h,46.06,1,speedlimit
2026-09-05T14:48+02:00,A4,n,73.746,1,speedlimit
2026-09-05T14:48+02:00,A4,R,3.01,2,speedlimit
2026-09-05T14:48+02:00,A4,L,5.549,4,lane_closed_ahead
2026-09-05T14:48+02:00,A15,R,49.61,1,lane_closed
2026-09-05T14:48+02:00,A4,f,7.1,2,speedlimit
2026-09-05T14:48+02:00,A20,L,28.41,1,speedlimit
2026-09-05T14:48+02:00,A15,R,45.92,3,speedlimit
2026-09-05T14:48+02:00,A13,L,13.18,4,lane_closed
2026-09-05T14:48+02:00,A20,L,24.715,2,speedlimit
2026-09-05T14:48+02:00,A15,R,57.78,2,lane_closed
2026-09-05T14:48+02:00,A15,R,57.78,3,lane_closed
2026-09-05T14:48+02:00,A15,x,47.025,1,speedlimit
2026-09-05T14:48+02:00,A15,R,57.31,2,lane_closed
2026-09-05T14:48+02:00,A13,L,17.8,2,speedlimit
2026-09-05T14:48+02:00,A16,R,9.95,4,speedlimit
2026-09-05T14:48+02:00,A16,m,33.778,1,speedlimit
2026-09-05T14:48+02:00,A20,L,46.045,2,speedlimit
2026-09-05T14:48+02:00,A15,R,56.6,2,lane_closed
2026-09-05T14:48+02:00,A15,x,45.853,1,speedlimit
2026-09-05T14:48+02:00,A16,R,9.35,3,speedlimit
2026-09-05T14:48+02:00,A4,L,5.93,2,speedlimit
2026-09-05T14:48+02:00,A20,R,28.57,1,speedlimit
2026-09-05T14:48+02:00,A4,L,5.549,5,speedlimit
2026-09-05T14:48+02:00,A20,R,25.3,3,speedlimit
2026-09-05T14:48+02:00,A20,R,30.196,4,speedlimit
2026-09-05T14:48+02:00,A4,R,32.85,2,speedlimit
2026-09-05T14:48+02:00,A16,L,15.16,1,speedlimit
2026-09-05T14:48+02:00,A13,L,15.035,2,speedlimit
2026-09-05T14:48+02:00,A4,L,6.902,2,speedlimit
2026-09-05T14:48+02:00,A4,L,69.949,2,speedlimit
2026-09-05T14:48+02:00,A4,L,5.225,2,speedlimit
2026-09-05T14:48+02:00,A20,R,42.485,3,speedlimit
2026-09-05T14:48+02:00,A16,L,23.535,3,speedlimit
2026-09-05T14:48+02:00,A15,R,47.332,2,lane_closed_ahead
2026-09-05T14:48+02:00,A4,L,73.746,1,speedlimit
2026-09-05T14:48+02:00,A20,t,29.6,2,speedlimit
2026-09-05T14:48+02:00,A4,L,5.225,4,lane_closed
2026-09-05T14:48+02:00,A16,m,33.958,2,speedlimit
2026-09-05T14:48+02:00,A20,L,38.3,1,speedlimit
2026-09-05T14:48+02:00,A16,L,16.48,5,speedlimit
2026-09-05T14:48+02:00,A15,R,46.769,3,speedlimit
2026-09-05T14:48+02:00,A15,R,57.31,4,lane_closed
2026-09-05T14:48+02:00,A15,L,64.67,4,speedlimit
2026-09-05T14:48+02:00,A15,R,49.0,2,lane_closed
2026-09-05T14:48+02:00,A4,m,73.414,1,speedlimit
2026-09-05T14:48+02:00,A15,L,71.42,1,speedlimit
2026-09-05T14:48+02:00,A20,L,47.5,2,speedlimit
2026-09-05T14:48+02:00,A20,R,42.485,1,speedlimit
2026-09-05T14:48+02:00,A15,L,65.685,1,speedlimit
2026-09-05T14:48+02:00,A4,m,73.974,2,speedlimit
2026-09-05T14:48+02:00,A4,n,73.954,1,speedlimit
2026-09-05T14:48+02:00,A15,L,64.67,1,lane_closed
2026-09-05T14:48+02:00,A13,L,10.3,2,speedlimit
2026-09-05T14:48+02:00,A15,r,45.853,1,speedlimit
2026-09-05T14:48+02:00,A4,R,76.6,2,lane_closed
2026-09-05T14:48+02:00,A15,R,54.7,1,lane_closed
2026-09-05T14:48+02:00,A15,R,52.32,1,lane_closed
2026-09-05T14:48+02:00,A15,m,94.725,1,speedlimit
2026-09-05T14:48+02:00,A4,L,7.369,3,speedlimit
2026-09-05T14:48+02:00,A20,R,26.93,2,speedlimit
2026-09-05T14:48+02:00,A4,R,3.27,3,speedlimit
2026-09-05T14:48+02:00,A4,L,74.404,4,speedlimit
2026-09-05T14:48+02:00,A20,L,30.9,3,speedlimit
2026-09-05T14:48+02:00,A13,L,18.8,3,speedlimit
2026-09-05T14:48+02:00,A20,L,46.045,1,speedlimit
2026-09-05T14:48+02:00,A15,R,46.614,1,speedlimit
2026-09-05T14:48+02:00,A13,L,10.3,4,speedlimit
2026-09-05T14:48+02:00,A4,L,7.22,1,speedlimit
2026-09-05T14:48+02:00,A20,L,37.8,1,speedlimit
2026-09-05T14:48+02:00,A20,R,28.8,1,speedlimit
2026-09-05T14:48+02:00,A4,m,73.284,1,speedlimit
2026-09-05T14:48+02:00,A16,R,15.73,1,speedlimit
2026-09-05T14:48+02:00,A16,L,6.29,2,speedlimit
2026-09-05T14:48+02:00,A15,L,70.95,4,speedlimit
2026-09-05T14:48+02:00,A4,L,71.376,1,speedlimit
2026-09-05T14:48+02:00,A16,L,16.48,1,speedlimit
2026-09-05T14:48+02:00,A20,u,23.65,2,speedlimit
2026-09-05T14:48+02:00,A4,R,49.33,1,speedlimit
2026-09-05T14:48+02:00,A4,R,72.012,1,speedlimit
2026-09-05T14:48+02:00,A16,R,9.95,3,speedlimit
2026-09-05T14:48+02:00,A4,L,73.746,2,speedlimit
2026-09-05T14:48+02:00,A13,L,18.8,1,speedlimit
2026-09-05T14:48+02:00,A4,L,73.954,1,speedlimit
2026-09-05T14:48+02:00,A4,h,46.4,2,speedlimit
2026-09-05T14:48+02:00,A4,L,73.006,1,speedlimit
2026-09-05T14:48+02:00,A20,L,39.515,2,speedlimit
2026-09-05T14:48+02:00,A15,R,46.614,2,speedlimit
2026-09-05T14:48+02:00,A4,m,73.156,1,speedlimit
2026-09-05T14:48+02:00,A13,R,16.2,2,speedlimit
2026-09-05T14:48+02:00,A15,x,53.86,2,speedlimit
2026-09-05T14:48+02:00,A16,L,15.73,1,speedlimit
2026-09-05T14:48+02:00,A4,L,72.061,1,speedlimit
2026-09-05T14:48+02:00,A16,R,33.848,2,speedlimit
2026-09-05T14:48+02:00,A4,m,3.83,1,speedlimit
2026-09-05T14:48+02:00,A16,L,14.768,1,speedlimit
2026-09-05T14:48+02:00,A4,L,5.549,2,speedlimit
2026-09-05T14:48+02:00,A4,R,33.8,2,speedlimit
2026-09-05T14:48+02:00,A4,L,6.592,4,speedlimit
2026-09-05T14:48+02:00,A4,R,52.598,1,speedlimit
2026-09-05T14:48+02:00,A4,L,45.28,2,speedlimit
2026-09-05T14:48+02:00,A20,L,31.4,3,speedlimit
2026-09-05T14:48+02:00,A20,R,40.2,2,speedlimit
2026-09-05T14:48+02:00,A16,R,10.5,1,speedlimit
2026-09-05T14:48+02:00,A16,L,14.768,3,speedlimit
2026-09-05T14:48+02:00,A20,L,30.196,4,speedlimit
2026-09-05T14:48+02:00,A4,L,37.53,2,speedlimit
2026-09-05T14:48+02:00,A15,L,71.42,2,speedlimit
2026-09-05T14:48+02:00,A20,L,37.3,5,speedlimit
2026-09-05T14:48+02:00,A20,L,48.2,1,speedlimit
2026-09-05T14:48+02:00,A15,R,49.99,1,lane_closed
2026-09-05T14:48+02:00,A4,L,44.01,1,speedlimit
2026-09-05T14:48+02:00,A16,L,24.82,2,speedlimit
2026-09-05T14:48+02:00,A4,L,5.225,5,speedlimit
2026-09-05T14:48+02:00,A4,n,71.376,1,speedlimit
2026-09-05T14:48+02:00,A13,R,18.2,2,speedlimit
2026-09-05T14:48+02:00,A13,L,10.3,3,speedlimit
2026-09-05T14:48+02:00,A16,x,18.543,3,speedlimit
2026-09-05T14:48+02:00,A4,R,3.01,1,speedlimit
2026-09-05T14:48+02:00,A4,L,6.902,3,speedlimit
2026-09-05T14:48+02:00,A15,R,48.332,1,lane_closed
2026-09-05T14:48+02:00,A4,R,76.9,4,speedlimit
2026-09-05T14:48+02:00,A13,L,17.8,1,speedlimit
2026-09-05T14:48+02:00,A4,R,50.898,1,speedlimit
2026-09-05T14:48+02:00,A16,R,10.5,2,speedlimit
2026-09-05T14:48+02:00,A20,u,24.07,2,speedlimit
2026-09-05T14:48+02:00,A20,R,29.8,1,speedlimit
2026-09-05T14:48+02:00,A16,R,33.135,1,speedlimit
2026-09-05T14:48+02:00,A20,R,31.26,2,speedlimit
2026-09-05T14:48+02:00,A4,L,73.414,1,speedlimit
2026-09-05T14:48+02:00,A20,r,35.245,2,speedlimit
2026-09-05T14:48+02:00,A15,x,49.37,3,speedlimit
2026-09-05T14:48+02:00,A15,m,58.46,1,speedlimit
2026-09-05T14:48+02:00,A4,f,7.5,2,speedlimit
2026-09-05T14:48+02:00,A20,R,25.7,1,speedlimit
2026-09-05T14:48+02:00,A20,L,38.91,1,speedlimit
2026-09-05T14:48+02:00,A4,R,3.27,5,speedlimit
2026-09-05T14:48+02:00,A15,m,59.11,3,speedlimit
2026-09-05T14:48+02:00,A15,R,50.87,2,lane_closed
2026-09-05T14:48+02:00,A4,m,73.006,1,speedlimit
2026-09-05T14:48+02:00,A4,L,72.061,2,speedlimit
2026-09-05T14:48+02:00,A4,n,73.544,1,speedlimit
2026-09-05T14:48+02:00,A4,L,73.414,2,speedlimit
2026-09-05T14:48+02:00,A15,x,56.6,1,lane_closed
2026-09-05T14:48+02:00,A4,R,73.156,1,speedlimit
2026-09-05T14:48+02:00,A16,L,14.768,2,speedlimit
2026-09-05T14:48+02:00,A4,R,3.01,3,speedlimit
2026-09-05T14:48+02:00,A20,R,31.26,3,speedlimit
2026-09-05T14:48+02:00,A4,R,74.737,3,speedlimit
2026-09-05T14:48+02:00,A20,L,46.4,2,speedlimit
2026-09-05T14:48+02:00,A15,L,70.95,2,speedlimit
2026-09-05T14:48+02:00,A20,R,26.64,3,speedlimit
2026-09-05T14:48+02:00,A20,R,26.64,4,speedlimit
2026-09-05T14:48+02:00,A15,y,47.43,1,speedlimit
2026-09-05T14:48+02:00,A20,R,26.4,1,speedlimit
2026-09-05T14:48+02:00,A13,R,17.1,1,speedlimit
2026-09-05T14:48+02:00,A15,R,59.2,3,lane_closed
2026-09-05T14:48+02:00,A4,L,7.369,1,speedlimit
2026-09-05T14:48+02:00,A15,k,70.5,1,speedlimit
2026-09-05T14:48+02:00,A4,L,37.53,4,speedlimit
2026-09-05T14:48+02:00,A16,R,16.3,4,speedlimit
2026-09-05T14:48+02:00,A20,R,29.5,3,speedlimit
2026-09-05T14:48+02:00,A15,R,77.865,3,speedlimit
2026-09-05T14:48+02:00,A20,L,47.0,2,speedlimit
2026-09-05T14:48+02:00,A16,L,24.82,4,speedlimit
2026-09-05T14:48+02:00,A15,R,58.46,4,lane_closed
2026-09-05T14:48+02:00,A4,L,38.49,2,speedlimit
2026-09-05T14:48+02:00,A20,L,47.8,2,speedlimit
2026-09-05T14:48+02:00,A4,R,75.214,5,speedlimit
2026-09-05T14:48+02:00,A4,R,55.08,3,speedlimit
2026-09-05T14:48+02:00,A13,L,13.7,4,lane_closed
2026-09-05T14:48+02:00,A15,R,47.775,3,lane_closed_ahead
2026-09-05T14:48+02:00,A15,L,63.56,2,speedlimit
2026-09-05T14:48+02:00,A20,L,47.0,1,speedlimit
2026-09-05T14:48+02:00,A20,R,41.6,2,speedlimit
2026-09-05T14:48+02:00,A13,L,14.2,4,lane_closed
2026-09-05T14:48+02:00,A4,R,74.737,5,speedlimit
2026-09-05T14:48+02:00,A15,R,60.76,2,lane_closed
2026-09-05T14:48+02:00,A4,R,73.156,2,speedlimit
2026-09-05T14:48+02:00,A16,R,16.3,5,speedlimit
2026-09-05T14:48+02:00,A4,h,46.4,1,speedlimit
2026-09-05T14:48+02:00,A15,R,46.17,1,speedlimit
2026-09-05T14:48+02:00,A15,x,56.25,2,speedlimit
2026-09-05T14:48+02:00,A15,x,55.14,2,speedlimit
2026-09-05T14:48+02:00,A4,R,52.598,3,speedlimit
2026-09-05T14:48+02:00,A4,L,44.62,3,speedlimit
2026-09-05T14:48+02:00,A4,R,49.84,3,speedlimit
2026-09-05T14:48+02:00,A20,t,29.6,1,speedlimit
2026-09-05T14:48+02:00,A16,R,33.43,1,speedlimit
2026-09-05T14:48+02:00,A4,L,70.611,5,speedlimit
2026-09-05T14:48+02:00,A15,R,47.775,2,lane_closed
2026-09-05T14:48+02:00,A15,n,96.42,1,speedlimit
2026-09-05T14:48+02:00,A15,L,65.685,4,speedlimit
2026-09-05T14:48+02:00,A20,R,23.27,1,speedlimit
2026-09-05T14:48+02:00,A20,R,29.8,4,speedlimit
2026-09-05T14:48+02:00,A16,R,34.068,1,speedlimit
2026-09-05T14:48+02:00,A20,L,46.4,1,speedlimit
2026-09-05T14:48+02:00,A20,L,36.94,2,speedlimit
2026-09-05T14:48+02:00,A13,R,18.7,2,speedlimit
2026-09-05T14:48+02:00,A16,m,33.43,2,speedlimit
2026-09-05T14:48+02:00,A16,R,12.07,1,speedlimit
2026-09-05T14:48+02:00,A4,R,50.433,3,speedlimit
2026-09-05T14:48+02:00,A16,m,33.848,2,speedlimit
2026-09-05T14:48+02:00,A20,R,27.488,1,speedlimit
2026-09-05T14:48+02:00,A4,R,55.08,2,speedlimit
2026-09-05T14:48+02:00,A15,R,48.69,2,lane_closed
2026-09-05T14:48+02:00,A4,R,32.85,1,speedlimit
2026-09-05T14:48+02:00,A15,m,59.11,1,speedlimit
2026-09-05T14:48+02:00,A15,R,77.003,2,speedlimit
2026-09-05T14:48+02:00,A16,m,33.43,1,speedlimit
2026-09-05T14:48+02:00,A16,L,14.46,2,speedlimit
2026-09-05T14:48+02:00,A20,R,29.5,2,speedlimit
2026-09-05T14:48+02:00,A20,L,27.2,2,speedlimit
2026-09-05T14:48+02:00,A13,R,18.963,1,speedlimit
2026-09-05T14:48+02:00,A4,n,71.771,1,speedlimit
2026-09-05T14:48+02:00,A15,R,46.468,3,speedlimit
2026-09-05T14:48+02:00,A4,n,73.156,2,speedlimit
2026-09-05T14:48+02:00,A13,L,17.1,1,speedlimit
2026-09-05T14:48+02:00,A4,R,33.17,3,speedlimit
2026-09-05T14:48+02:00,A4,L,38.01,2,speedlimit
2026-09-05T14:48+02:00,A4,R,74.194,2,speedlimit
2026-09-05T14:48+02:00,A20,L,31.88,3,speedlimit
2026-09-05T14:48+02:00,A20,R,23.27,3,speedlimit
2026-09-05T14:48+02:00,A4,L,72.591,2,speedlimit
2026-09-05T14:48+02:00,A13,L,19.7,1,speedlimit
2026-09-05T14:48+02:00,A4,R,75.214,4,speedlimit
2026-09-05T14:48+02:00,A13,L,17.1,4,speedlimit
2026-09-05T14:48+02:00,A4,R,50.433,1,speedlimit
2026-09-05T14:48+02:00,A4,L,7.072,2,speedlimit
2026-09-05T14:48+02:00,A4,R,52.018,1,speedlimit
2026-09-05T14:48+02:00,A13,R,16.655,2,speedlimit
2026-09-05T14:48+02:00,A4,R,75.71,2,speedlimit
2026-09-05T14:48+02:00,A4,R,50.433,4,speedlimit
2026-09-05T14:48+02:00,A15,R,56.1,1,lane_closed
2026-09-05T14:48+02:00,A13,L,15.55,5,lane_closed
2026-09-05T14:48+02:00,A20,u,35.09,3,speedlimit
2026-09-05T14:48+02:00,A16,R,11.13,1,speedlimit
2026-09-05T14:48+02:00,A4,L,74.204,2,speedlimit
2026-09-05T14:48+02:00,A4,R,51.388,1,speedlimit
2026-09-05T14:48+02:00,A16,L,24.03,1,speedlimit
2026-09-05T14:48+02:00,A4,L,7.072,4,speedlimit
2026-09-05T14:48+02:00,A4,m,72.012,2,speedlimit
2026-09-05T14:48+02:00,A15,x,56.6,2,speedlimit
2026-09-05T14:48+02:00,A15,R,47.07,2,speedlimit
2026-09-05T14:48+02:00,A15,m,58.65,2,speedlimit
2026-09-05T14:48+02:00,A16,d,15.73,1,speedlimit
2026-09-05T14:48+02:00,A4,m,71.726,1,speedlimit
2026-09-05T14:48+02:00,A4,L,37.53,1,speedlimit
2026-09-05T14:48+02:00,A20,R,33.85,2,speedlimit
2026-09-05T14:48+02:00,A15,R,59.95,3,lane_closed
2026-09-05T14:48+02:00,A4,R,52.598,2,speedlimit
2026-09-05T14:48+02:00,A4,L,5.225,1,speedlimit
2026-09-05T14:48+02:00,A20,R,33.85,3,speedlimit
2026-09-05T14:48+02:00,A20,L,32.8,3,speedlimit
2026-09-05T14:48+02:00,A38,p,21.25,3,speedlimit
2026-09-05T14:48+02:00,A15,R,77.613,3,speedlimit
2026-09-05T14:48+02:00,A15,R,58.46,1,lane_closed
2026-09-05T14:48+02:00,A20,R,25.3,2,speedlimit
2026-09-05T14:48+02:00,A15,R,52.32,2,lane_closed
2026-09-05T14:48+02:00,A4,L,7.369,2,speedlimit
2026-09-05T14:48+02:00,A20,R,30.196,1,speedlimit
2026-09-05T14:48+02:00,A16,x,18.543,1,speedlimit
2026-09-05T14:48+02:00,A20,L,29.826,4,speedlimit
2026-09-05T14:48+02:00,A15,R,52.92,3,lane_closed
2026-09-05T14:48+02:00,A20,L,38.3,3,speedlimit
2026-09-05T14:48+02:00,A20,L,38.91,3,speedlimit
2026-09-05T14:48+02:00,A15,x,55.59,2,speedlimit
2026-09-05T14:48+02:00,A16,L,6.29,1,speedlimit
2026-09-05T14:48+02:00,A4,L,71.041,4,speedlimit
2026-09-05T14:48+02:00,A4,m,72.58,1,speedlimit
2026-09-05T14:48+02:00,A15,R,46.356,3,speedlimit
2026-09-05T14:48+02:00,A20,s,29.6,1,speedlimit
2026-09-05T14:48+02:00,A4,L,7.526,3,speedlimit
2026-09-05T14:48+02:00,A20,L,28.57,2,speedlimit
2026-09-05T14:48+02:00,A4,L,74.404,3,speedlimit
2026-09-05T14:48+02:00,A20,R,30.6,2,speedlimit
2026-09-05T14:48+02:00,A15,R,59.57,1,lane_closed
2026-09-05T14:48+02:00,A20,L,37.3,2,speedlimit
2026-09-05T14:48+02:00,A15,n,96.42,3,lane_closed
2026-09-05T14:48+02:00,A15,L,65.25,3,speedlimit
2026-09-05T14:48+02:00,A13,L,17.1,2,speedlimit
2026-09-05T14:48+02:00,A4,L,45.75,4,speedlimit
2026-09-05T14:48+02:00,A4,m,73.691,3,speedlimit
2026-09-05T14:48+02:00,A15,R,57.31,5,lane_closed
2026-09-05T14:48+02:00,A20,L,36.94,5,speedlimit
2026-09-05T14:48+02:00,A16,R,11.7,3,speedlimit
2026-09-05T14:48+02:00,A20,L,28.57,3,speedlimit
2026-09-05T14:48+02:00,A15,R,59.57,3,lane_closed
2026-09-05T14:48+02:00,A15,L,64.67,3,speedlimit
2026-09-05T14:48+02:00,A20,R,26.4,4,speedlimit
2026-09-05T14:48+02:00,A20,R,30.196,2,speedlimit
2026-09-05T14:48+02:00,A13,R,17.8,3,speedlimit
2026-09-05T14:48+02:00,A20,u,24.07,1,speedlimit
2026-09-05T14:48+02:00,A15,m,94.725,3,speedlimit
2026-09-05T14:48+02:00,A15,n,95.855,2,speedlimit
2026-09-05T14:48+02:00,A4,L,71.041,6,speedlimit
2026-09-05T15:49+02:00,A4,L,7.369,4,speedlimit
2026-09-05T15:49+02:00,A15,R,47.07,3,speedlimit
2026-09-05T15:49+02:00,A15,R,49.0,1,lane_closed
2026-09-05T15:49+02:00,A4,L,11.24,2,speedlimit
2026-09-05T15:49+02:00,A13,L,16.7,1,speedlimit
2026-09-05T15:49+02:00,A4,R,72.321,1,speedlimit
2026-09-05T15:49+02:00,A4,L,39.81,4,speedlimit
2026-09-05T15:49+02:00,A4,R,54.927,3,speedlimit
2026-09-05T15:49+02:00,A15,R,46.769,1,speedlimit
2026-09-05T15:49+02:00,A4,L,26.58,2,speedlimit
2026-09-05T15:49+02:00,A15,y,47.092,2,speedlimit
2026-09-05T15:49+02:00,A20,R,40.2,3,speedlimit
2026-09-05T15:49+02:00,A20,L,34.28,1,speedlimit
2026-09-05T15:49+02:00,A4,R,50.898,4,speedlimit
2026-09-05T15:49+02:00,A15,R,59.2,2,lane_closed
2026-09-05T15:49+02:00,A16,R,11.7,2,speedlimit
2026-09-05T15:49+02:00,A4,L,36.73,3,speedlimit
2026-09-05T15:49+02:00,A4,L,12.766,4,speedlimit
2026-09-05T15:49+02:00,A15,R,45.92,4,speedlimit
2026-09-05T15:49+02:00,A4,L,37.53,5,speedlimit
2026-09-05T15:49+02:00,A4,L,44.62,1,speedlimit
2026-09-05T15:49+02:00,A20,L,30.196,2,speedlimit
2026-09-05T15:49+02:00,A16,R,10.5,4,speedlimit
2026-09-05T15:49+02:00,A15,R,77.003,3,speedlimit
2026-09-05T15:49+02:00,A20,R,25.7,2,speedlimit
2026-09-05T15:49+02:00,A15,R,45.92,2,speedlimit
2026-09-05T15:49+02:00,A15,R,52.92,1,lane_closed
2026-09-05T15:49+02:00,A4,L,10.831,5,speedlimit
2026-09-05T15:49+02:00,A13,R,16.655,1,speedlimit
2026-09-05T15:49+02:00,A4,L,13.747,6,speedlimit
2026-09-05T15:49+02:00,A4,L,12.15,2,speedlimit
2026-09-05T15:49+02:00,A4,R,49.84,2,speedlimit
2026-09-05T15:49+02:00,A13,R,17.1,2,speedlimit
2026-09-05T15:49+02:00,A15,R,54.04,1,lane_closed
2026-09-05T15:49+02:00,A4,L,6.902,1,speedlimit
2026-09-05T15:49+02:00,A4,L,5.93,1,speedlimit
2026-09-05T15:49+02:00,A4,j,4.65,2,lane_closed
2026-09-05T15:49+02:00,A4,L,13.25,4,speedlimit
2026-09-05T15:49+02:00,A15,R,58.05,4,lane_closed
2026-09-05T15:49+02:00,A15,R,53.47,3,lane_closed
2026-09-05T15:49+02:00,A15,R,55.59,2,lane_closed
2026-09-05T15:49+02:00,A15,R,51.28,1,lane_closed
2026-09-05T15:49+02:00,A4,R,50.898,3,speedlimit
2026-09-05T15:49+02:00,A15,R,48.69,1,lane_closed
2026-09-05T15:49+02:00,A15,R,55.59,1,lane_closed
2026-09-05T15:49+02:00,A16,y,23.535,2,speedlimit
2026-09-05T15:49+02:00,A16,L,21.6,3,lane_closed
2026-09-05T15:49+02:00,A20,L,34.695,4,speedlimit
2026-09-05T15:49+02:00,A4,L,38.49,4,speedlimit
2026-09-05T15:49+02:00,A15,R,77.003,1,speedlimit
2026-09-05T15:49+02:00,A4,L,25.35,3,lane_closed
2026-09-05T15:49+02:00,A15,R,47.775,1,lane_closed
2026-09-05T15:49+02:00,A4,R,54.487,2,speedlimit
2026-09-05T15:49+02:00,A4,L,11.24,5,speedlimit
2026-09-05T15:49+02:00,A20,R,34.684,2,speedlimit
2026-09-05T15:49+02:00,A13,R,18.5,1,speedlimit
2026-09-05T15:49+02:00,A20,R,34.684,3,speedlimit
2026-09-05T15:49+02:00,A4,R,3.27,4,speedlimit
2026-09-05T15:49+02:00,A20,L,29.5,2,speedlimit
2026-09-05T15:49+02:00,A15,R,50.87,1,lane_closed
2026-09-05T15:49+02:00,A4,L,37.53,3,speedlimit
2026-09-05T15:49+02:00,A4,L,46.55,2,speedlimit
2026-09-05T15:49+02:00,A13,R,18.5,4,speedlimit
2026-09-05T15:49+02:00,A29,R,11.625,1,speedlimit
2026-09-05T15:49+02:00,A4,R,48.79,1,speedlimit
2026-09-05T15:49+02:00,A15,m,58.46,3,speedlimit
2026-09-05T15:49+02:00,A4,L,38.49,1,speedlimit
2026-09-05T15:49+02:00,A4,L,46.55,4,speedlimit
2026-09-05T15:49+02:00,A20,R,42.485,2,speedlimit
2026-09-05T15:49+02:00,A13,R,18.2,3,speedlimit
2026-09-05T15:49+02:00,A4,R,50.433,2,speedlimit
2026-09-05T15:49+02:00,A15,R,49.0,3,lane_closed
2026-09-05T15:49+02:00,A16,R,10.5,3,speedlimit
2026-09-05T15:49+02:00,A20,R,28.1,1,speedlimit
2026-09-05T15:49+02:00,A20,R,30.196,3,speedlimit
2026-09-05T15:49+02:00,A4,L,4.44,3,lane_closed
2026-09-05T15:49+02:00,A4,L,13.25,3,speedlimit
2026-09-05T15:49+02:00,A15,R,47.775,5,speedlimit
2026-09-05T15:49+02:00,A15,R,46.468,1,speedlimit
2026-09-05T15:49+02:00,A15,R,51.88,3,lane_closed
2026-09-05T15:49+02:00,A4,j,4.65,1,lane_closed
2026-09-05T15:49+02:00,A15,p,50.4,1,lane_closed
2026-09-05T15:49+02:00,A20,L,47.8,1,speedlimit
2026-09-05T15:49+02:00,A4,m,49.33,2,speedlimit
2026-09-05T15:49+02:00,A20,L,36.94,1,speedlimit
2026-09-05T15:49+02:00,A15,R,58.05,1,lane_closed
2026-09-05T15:49+02:00,A4,R,72.443,2,speedlimit
2026-09-05T15:49+02:00,A4,f,7.841,2,speedlimit
2026-09-05T15:49+02:00,A15,R,58.46,2,lane_closed
2026-09-05T15:49+02:00,A16,b,11.392,1,speedlimit
2026-09-05T15:49+02:00,A4,R,73.974,2,speedlimit
2026-09-05T15:49+02:00,A15,R,46.17,3,speedlimit
2026-09-05T15:49+02:00,A4,R,71.726,2,speedlimit
2026-09-05T15:49+02:00,A15,R,56.6,3,lane_closed
2026-09-05T15:49+02:00,A15,n,95.855,3,speedlimit
2026-09-05T15:49+02:00,A4,R,76.9,1,lane_closed
2026-09-05T15:49+02:00,A13,R,17.8,2,speedlimit
2026-09-05T15:49+02:00,A20,L,36.625,5,speedlimit
2026-09-05T15:49+02:00,A4,m,74.194,3,speedlimit
2026-09-05T15:49+02:00,A4,L,5.225,6,speedlimit
2026-09-05T15:49+02:00,A4,f,7.4,2,speedlimit
2026-09-05T15:49+02:00,A15,x,56.25,1,lane_closed
2026-09-05T15:49+02:00,A20,s,29.6,2,speedlimit
2026-09-05T15:49+02:00,A15,L,65.25,2,speedlimit
2026-09-05T15:49+02:00,A16,L,22.2,1,speedlimit
2026-09-05T15:49+02:00,A15,L,65.685,3,speedlimit
2026-09-05T15:49+02:00,A4,R,49.33,2,speedlimit
2026-09-05T15:49+02:00,A15,R,52.32,3,lane_closed
2026-09-05T15:49+02:00,A4,L,7.841,3,speedlimit
2026-09-05T15:49+02:00,A15,y,47.43,2,speedlimit
2026-09-05T15:49+02:00,A15,n,96.82,1,speedlimit
2026-09-05T15:49+02:00,A15,m,95.76,2,speedlimit
2026-09-05T15:49+02:00,A15,R,58.05,2,lane_closed
2026-09-05T15:49+02:00,A4,R,74.737,1,lane_closed_ahead
2026-09-05T15:49+02:00,A15,x,46.135,3,speedlimit
2026-09-05T15:49+02:00,A4,L,11.62,3,speedlimit
2026-09-05T15:49+02:00,A20,R,26.93,4,speedlimit
2026-09-05T15:49+02:00,A20,R,28.57,3,speedlimit
2026-09-05T15:49+02:00,A20,L,36.625,2,speedlimit
2026-09-05T15:49+02:00,A4,m,74.194,2,speedlimit
2026-09-05T15:49+02:00,A4,R,3.01,4,speedlimit
2026-09-05T15:49+02:00,A13,L,18.8,2,speedlimit
2026-09-05T15:49+02:00,A15,R,60.49,4,speedlimit
2026-09-05T15:49+02:00,A4,R,54.927,2,speedlimit
2026-09-05T15:49+02:00,A15,R,50.31,1,lane_closed
2026-09-05T15:49+02:00,A20,R,27.235,1,speedlimit
2026-09-05T15:49+02:00,A4,L,39.2,3,speedlimit
2026-09-05T15:49+02:00,A20,L,28.41,2,speedlimit
2026-09-05T15:49+02:00,A4,L,25.35,1,speedlimit
2026-09-05T15:49+02:00,A15,R,47.07,1,lane_closed_ahead
2026-09-05T15:49+02:00,A15,R,57.78,1,lane_closed
2026-09-05T15:49+02:00,A4,R,51.388,2,speedlimit
2026-09-05T15:49+02:00,A4,R,72.736,1,speedlimit
2026-09-05T15:49+02:00,A15,R,48.69,4,speedlimit
2026-09-05T15:49+02:00,A20,R,27.79,2,speedlimit
2026-09-05T15:49+02:00,A13,R,18.5,3,speedlimit
2026-09-05T15:49+02:00,A20,R,28.57,4,speedlimit
2026-09-05T15:49+02:00,A20,R,31.26,4,speedlimit
2026-09-05T15:49+02:00,A20,L,29.826,2,speedlimit
2026-09-05T15:49+02:00,A4,R,73.284,1,speedlimit
2026-09-05T15:49+02:00,A4,L,25.95,3,lane_closed
2026-09-05T15:49+02:00,A20,L,28.57,1,speedlimit
2026-09-05T15:49+02:00,A20,R,34.684,1,speedlimit
2026-09-05T15:49+02:00,A20,R,33.36,1,speedlimit
2026-09-05T15:49+02:00,A20,R,29.5,4,speedlimit
2026-09-05T15:49+02:00,A15,x,46.135,1,speedlimit
2026-09-05T15:49+02:00,A15,n,96.82,2,speedlimit
2026-09-05T15:49+02:00,A15,R,54.04,3,lane_closed
2026-09-05T15:49+02:00,A4,L,7.526,2,speedlimit
2026-09-05T15:49+02:00,A15,m,60.07,1,speedlimit
2026-09-05T15:49+02:00,A4,L,26.58,3,lane_closed_ahead
2026-09-05T15:49+02:00,A4,L,7.072,1,speedlimit
2026-09-05T15:49+02:00,A4,R,73.414,1,speedlimit
2026-09-05T15:49+02:00,A20,R,28.1,2,speedlimit
2026-09-05T15:49+02:00,A20,R,26.64,1,speedlimit
2026-09-05T15:49+02:00,A20,R,25.7,3,speedlimit
2026-09-05T15:49+02:00,A15,L,64.2,2,speedlimit
2026-09-05T15:49+02:00,A4,L,7.841,4,speedlimit
2026-09-05T15:49+02:00,A15,R,60.49,3,lane_closed
2026-09-05T15:49+02:00,A4,L,46.27,2,speedlimit
2026-09-05T15:49+02:00,A15,R,48.69,3,lane_closed
2026-09-05T15:49+02:00,A16,L,24.82,3,speedlimit
2026-09-05T15:49+02:00,A4,f,6.9,1,speedlimit
2026-09-05T15:49+02:00,A20,L,32.8,2,speedlimit
2026-09-05T15:49+02:00,A15,L,65.25,4,speedlimit
2026-09-05T15:49+02:00,A16,L,21.6,2,speedlimit
2026-09-05T15:49+02:00,A15,R,59.2,1,lane_closed
2026-09-05T15:49+02:00,A4,L,36.73,4,speedlimit
2026-09-05T15:49+02:00,A13,L,17.1,3,speedlimit
2026-09-05T15:49+02:00,A20,L,34.28,4,speedlimit
2026-09-05T15:49+02:00,A20,R,42.0,1,speedlimit
2026-09-05T15:49+02:00,A4,L,7.22,3,speedlimit
2026-09-05T15:49+02:00,A20,L,37.3,3,speedlimit
2026-09-05T15:49+02:00,A20,R,34.29,2,speedlimit
2026-09-05T15:49+02:00,A4,L,45.28,1,speedlimit
2026-09-05T15:49+02:00,A20,L,36.625,1,speedlimit
2026-09-05T15:49+02:00,A4,L,39.2,2,speedlimit
2026-09-05T15:49+02:00,A4,L,5.549,6,speedlimit
2026-09-05T15:49+02:00,A4,L,36.73,2,speedlimit
2026-09-05T15:49+02:00,A16,y,23.9,1,speedlimit
2026-09-05T15:49+02:00,A15,x,47.025,2,speedlimit
2026-09-05T15:49+02:00,A20,R,33.85,1,speedlimit
2026-09-05T15:49+02:00,A4,L,46.55,1,speedlimit
2026-09-05T15:49+02:00,A4,L,46.55,3,speedlimit
2026-09-05T15:49+02:00,A20,L,27.488,1,speedlimit
2026-09-05T15:49+02:00,A20,L,27.2,1,speedlimit
2026-09-05T15:49+02:00,A4,h,46.06,2,speedlimit
2026-09-05T15:49+02:00,A4,R,74.737,2,speedlimit
2026-09-05T15:49+02:00,A4,n,10.831,2,speedlimit
2026-09-05T15:49+02:00,A15,R,59.57,2,lane_closed
2026-09-05T15:49+02:00,A20,L,27.8,2,speedlimit
2026-09-05T15:49+02:00,A4,L,12.766,3,speedlimit
2026-09-05T15:49+02:00,A16,L,23.535,1,speedlimit
2026-09-05T15:49+02:00,A15,R,58.05,5,lane_closed
2026-09-05T15:49+02:00,A13,L,18.2,3,speedlimit
2026-09-05T15:49+02:00,A4,m,3.83,3,lane_closed
2026-09-05T15:49+02:00,A16,R,11.392,1,speedlimit
2026-09-05T15:49+02:00,A4,R,73.544,1,speedlimit
2026-09-05T15:49+02:00,A16,L,22.2,2,speedlimit
2026-09-05T15:49+02:00,A4,R,71.726,1,speedlimit
2026-09-05T15:49+02:00,A16,L,24.82,1,speedlimit
2026-09-05T15:49+02:00,A20,L,31.88,1,speedlimit
2026-09-05T15:49+02:00,A16,R,11.392,2,speedlimit
2026-09-05T15:49+02:00,A15,R,51.88,4,lane_closed
2026-09-05T15:49+02:00,A4,m,3.83,4,lane_closed
2026-09-05T15:49+02:00,A13,L,16.7,2,speedlimit
2026-09-05T15:49+02:00,A20,L,30.9,2,speedlimit
2026-09-05T15:49+02:00,A15,R,46.859,2,speedlimit
2026-09-05T15:49+02:00,A4,f,7.5,1,speedlimit
2026-09-05T15:49+02:00,A20,L,38.91,2,speedlimit
2026-09-05T15:49+02:00,A20,L,36.625,3,speedlimit
2026-09-05T15:49+02:00,A4,R,48.79,2,speedlimit
2026-09-05T15:49+02:00,A20,L,28.085,1,speedlimit
2026-09-05T15:49+02:00,A4,L,38.01,1,speedlimit
2026-09-05T15:49+02:00,A15,R,58.05,3,lane_closed
2026-09-05T15:49+02:00,A15,p,58.05,1,speedlimit
2026-09-05T15:49+02:00,A16,y,23.535,1,speedlimit
2026-09-05T15:49+02:00,A4,R,54.487,3,speedlimit
2026-09-05T15:49+02:00,A15,R,53.47,1,lane_closed
2026-09-05T15:49+02:00,A20,R,30.6,1,speedlimit
2026-09-05T15:49+02:00,A13,R,17.1,3,speedlimit
2026-09-05T15:49+02:00,A4,L,25.95,2,speedlimit
2026-09-05T15:49+02:00,A4,L,44.01,3,speedlimit
2026-09-05T15:49+02:00,A20,R,26.93,3,speedlimit
2026-09-05T15:49+02:00,A4,R,73.544,2,speedlimit
2026-09-05T15:49+02:00,A20,L,31.4,1,speedlimit
2026-09-05T15:49+02:00,A15,p,58.05,2,speedlimit
2026-09-05T15:49+02:00,A4,m,73.974,1,speedlimit
2026-09-05T15:49+02:00,A29,R,11.625,3,speedlimit
2026-09-05T15:49+02:00,A4,L,38.49,3,speedlimit
2026-09-05T15:49+02:00,A15,m,95.3,1,speedlimit
2026-09-05T15:49+02:00,A4,L,5.225,3,speedlimit
2026-09-05T15:49+02:00,A15,m,59.11,2,speedlimit
2026-09-05T15:49+02:00,A4,L,13.747,1,speedlimit
2026-09-05T15:49+02:00,A15,R,54.7,2,lane_closed
2026-09-05T15:49+02:00,A4,L,7.526,4,speedlimit
2026-09-05T15:49+02:00,A20,L,31.1,2,speedlimit
2026-09-05T15:49+02:00,A15,R,53.47,2,lane_closed
2026-09-05T15:49+02:00,A29,R,11.95,2,speedlimit
2026-09-05T15:49+02:00,A13,g,18.7,2,speedlimit
2026-09-05T15:49+02:00,A4,L,46.27,1,speedlimit
2026-09-05T15:49+02:00,A15,L,65.685,2,speedlimit
2026-09-05T15:49+02:00,A4,L,39.81,3,speedlimit
2026-09-05T15:49+02:00,A4,L,40.7,4,speedlimit
2026-09-05T15:49+02:00,A15,x,55.59,1,lane_closed_ahead
2026-09-05T15:49+02:00,A20,L,31.4,2,speedlimit
2026-09-05T15:49+02:00,A29,R,11.95,4,speedlimit
2026-09-05T15:49+02:00,A4,L,7.072,3,speedlimit
2026-09-05T15:49+02:00,A20,L,37.3,4,speedlimit
2026-09-05T15:49+02:00,A4,L,13.25,1,speedlimit
2026-09-05T15:49+02:00,A4,R,75.214,2,speedlimit
2026-09-05T15:49+02:00,A20,R,33.36,3,speedlimit
2026-09-05T15:49+02:00,A15,R,46.356,2,speedlimit
2026-09-05T15:49+02:00,A4,f,7.4,1,speedlimit
2026-09-05T15:49+02:00,A15,y,47.43,3,speedlimit
2026-09-05T15:49+02:00,A4,R,54.927,1,speedlimit
2026-09-05T15:49+02:00,A13,L,15.9,3,lane_closed
2026-09-05T15:49+02:00,A20,R,43.32,2,speedlimit
2026-09-05T15:49+02:00,A15,m,95.3,3,speedlimit
2026-09-05T15:49+02:00,A20,R,33.36,2,speedlimit
2026-09-05T15:49+02:00,A4,L,7.841,2,speedlimit
2026-09-05T15:49+02:00,A15,x,55.14,1,speedlimit
2026-09-05T15:49+02:00,A15,R,56.1,3,lane_closed
2026-09-05T15:49+02:00,A38,p,21.25,1,speedlimit
2026-09-05T15:49+02:00,A4,R,3.27,1,speedlimit
2026-09-05T15:49+02:00,A13,R,16.2,1,speedlimit
2026-09-05T15:49+02:00,A20,L,37.8,2,speedlimit
2026-09-05T15:49+02:00,A4,R,74.737,4,speedlimit
2026-09-05T15:49+02:00,A15,R,49.99,2,lane_closed
2026-09-05T15:49+02:00,A13,R,18.5,2,speedlimit
2026-09-05T15:49+02:00,A20,L,36.94,3,speedlimit
2026-09-05T15:49+02:00,A20,L,30.196,1,speedlimit
2026-09-05T15:49+02:00,A4,f,6.6,1,speedlimit
2026-09-05T15:49+02:00,A4,R,51.388,3,speedlimit
2026-09-05T15:49+02:00,A4,R,76.6,3,speedlimit
2026-09-05T15:49+02:00,A4,L,44.01,2,speedlimit
2026-09-05T15:49+02:00,A20,R,34.684,4,speedlimit
2026-09-05T15:49+02:00,A20,R,27.79,1,speedlimit
2026-09-05T15:49+02:00,A20,r,35.245,1,speedlimit
2026-09-05T15:49+02:00,A16,R,11.13,2,speedlimit
2026-09-05T15:49+02:00,A20,L,29.826,1,speedlimit
2026-09-05T15:49+02:00,A4,R,52.598,4,speedlimit
2026-09-05T15:49+02:00,A15,R,56.1,2,lane_closed
2026-09-05T15:49+02:00,A4,L,13.747,2,speedlimit
2026-09-05T15:49+02:00,A4,R,73.691,1,speedlimit
2026-09-05T15:49+02:00,A4,L,13.25,2,speedlimit
2026-09-05T15:49+02:00,A20,R,34.29,1,speedlimit
2026-09-05T15:49+02:00,A4,R,55.08,1,speedlimit
2026-09-05T15:49+02:00,A20,u,36.23,2,speedlimit
2026-09-05T15:49+02:00,A4,n,10.831,3,speedlimit
2026-09-05T15:49+02:00,A4,R,50.898,2,speedlimit
2026-09-05T15:49+02:00,A20,R,28.41,2,speedlimit
2026-09-05T15:49+02:00,A4,L,6.902,4,speedlimit
2026-09-05T15:49+02:00,A4,R,75.214,1,lane_closed
2026-09-05T15:49+02:00,A15,R,55.14,2,lane_closed
2026-09-05T15:49+02:00,A15,R,48.69,5,speedlimit
2026-09-05T15:49+02:00,A4,R,75.214,3,speedlimit
2026-09-05T15:49+02:00,A4,L,5.549,1,speedlimit
2026-09-05T15:49+02:00,A4,R,52.598,5,lane_closed
2026-09-05T15:49+02:00,A16,L,23.535,2,speedlimit
2026-09-05T15:49+02:00,A16,h,14.765,2,speedlimit
2026-09-05T15:49+02:00,A20,L,48.2,2,speedlimit
2026-09-05T15:49+02:00,A4,R,74.194,1,speedlimit
2026-09-05T15:49+02:00,A4,L,39.81,1,speedlimit
2026-09-05T15:49+02:00,A20,R,29.1,1,speedlimit
2026-09-05T15:49+02:00,A15,R,52.92,2,lane_closed
2026-09-05T15:49+02:00,A4,L,12.15,1,speedlimit
2026-09-05T15:49+02:00,A15,R,46.17,2,speedlimit
2026-09-05T15:49+02:00,A13,R,17.8,1,speedlimit
2026-09-05T15:49+02:00,A20,R,28.41,1,speedlimit
2026-09-05T15:49+02:00,A15,p,57.31,2,speedlimit
2026-09-05T15:49+02:00,A20,R,31.9,2,speedlimit
2026-09-05T15:49+02:00,A29,R,11.625,2,speedlimit
2026-09-05T15:49+02:00,A29,R,11.625,4,speedlimit
2026-09-05T15:49+02:00,A4,f,6.9,2,speedlimit
2026-09-05T15:49+02:00,A4,R,3.27,2,speedlimit
2026-09-05T15:49+02:00,A20,L,31.1,3,speedlimit
2026-09-05T15:49+02:00,A4,R,76.9,3,lane_closed
2026-09-05T15:49+02:00,A38,w,20.55,1,speedlimit
2026-09-05T15:49+02:00,A15,x,55.14,3,speedlimit
2026-09-05T15:49+02:00,A15,R,57.78,4,lane_closed
2026-09-05T15:49+02:00,A15,R,57.31,3,lane_closed
2026-09-05T15:49+02:00,A4,L,39.2,4,speedlimit
2026-09-05T15:49+02:00,A4,m,49.33,1,speedlimit
2026-09-05T15:49+02:00,A15,R,49.61,2,lane_closed
2026-09-05T15:49+02:00,A4,R,72.58,2,speedlimit
2026-09-05T15:49+02:00,A15,R,54.04,2,lane_closed
2026-09-05T15:49+02:00,A16,y,23.9,2,speedlimit
2026-09-05T15:49+02:00,A15,R,60.49,2,lane_closed
2026-09-05T15:49+02:00,A4,L,36.73,1,speedlimit
2026-09-05T15:49+02:00,A20,R,27.488,2,speedlimit
2026-09-05T15:49+02:00,A20,t,28.895,1,speedlimit
2026-09-05T15:49+02:00,A4,L,11.24,1,speedlimit
2026-09-05T15:49+02:00,A20,L,32.8,1,speedlimit
2026-09-05T15:49+02:00,A15,p,50.05,1,lane_closed
2026-09-05T15:49+02:00,A4,L,45.75,3,speedlimit
2026-09-05T15:49+02:00,A20,R,28.8,2,speedlimit
2026-09-05T15:49+02:00,A4,m,49.33,3,speedlimit
2026-09-05T15:49+02:00,A16,L,24.03,2,speedlimit
2026-09-05T15:49+02:00,A20,L,31.1,1,speedlimit
2026-09-05T15:49+02:00,A13,L,16.19,3,lane_closed
2026-09-05T15:49+02:00,A4,R,76.07,1,lane_closed
2026-09-05T15:49+02:00,A13,L,15.035,5,lane_closed
2026-09-05T15:49+02:00,A15,p,57.31,1,speedlimit
2026-09-05T15:49+02:00,A4,m,3.83,2,speedlimit
2026-09-05T15:49+02:00,A4,R,52.018,2,speedlimit
2026-09-05T15:49+02:00,A4,R,49.33,3,speedlimit
2026-09-05T15:49+02:00,A4,L,12.766,2,speedlimit
2026-09-05T15:49+02:00,A4,L,45.28,3,speedlimit
2026-09-05T15:49+02:00,A20,L,27.8,1,speedlimit
2026-09-05T15:49+02:00,A16,L,22.6,3,lane_closed
2026-09-05T15:49+02:00,A15,R,51.88,2,lane_closed
2026-09-05T15:49+02:00,A4,R,76.6,1,lane_closed
2026-09-05T15:49+02:00,A4,R,54.487,1,speedlimit
2026-09-05T15:49+02:00,A20,R,29.1,2,speedlimit
2026-09-05T15:49+02:00,A13,g,18.7,1,speedlimit
2026-09-05T15:49+02:00,A4,L,46.27,3,speedlimit
2026-09-05T15:49+02:00,A15,R,51.28,2,lane_closed
2026-09-05T15:49+02:00,A20,u,36.23,1,lane_closed
2026-09-05T15:49+02:00,A15,R,55.14,3,lane_closed
2026-09-05T15:49+02:00,A4,R,73.006,1,speedlimit
2026-09-05T15:49+02:00,A4,L,13.747,7,speedlimit
2026-09-05T15:49+02:00,A20,R,28.57,2,speedlimit
2026-09-05T15:49+02:00,A4,n,10.831,1,speedlimit
2026-09-05T15:49+02:00,A20,R,40.985,2,speedlimit
2026-09-05T15:49+02:00,A4,L,44.62,2,speedlimit
2026-09-05T15:49+02:00,A20,R,26.64,2,speedlimit
2026-09-05T15:49+02:00,A4,L,7.22,2,speedlimit
2026-09-05T15:49+02:00,A15,L,64.2,3,speedlimit
2026-09-05T15:49+02:00,A20,L,29.1,1,speedlimit
2026-09-05T15:49+02:00,A16,L,23.075,2,speedlimit
2026-09-05T15:49+02:00,A13,L,18.2,1,speedlimit
2026-09-05T15:49+02:00,A4,L,27.05,1,speedlimit
2026-09-05T15:49+02:00,A15,L,64.67,2,speedlimit
2026-09-05T15:49+02:00,A13,L,12.7,4,lane_closed
2026-09-05T15:49+02:00,A20,L,31.88,2,speedlimit
2026-09-05T15:49+02:00,A4,R,49.84,1,speedlimit
2026-09-05T15:49+02:00,A4,R,76.07,2,lane_closed
2026-09-05T15:49+02:00,A13,L,19.7,2,speedlimit
2026-09-05T15:49+02:00,A15,R,48.332,2,lane_closed
2026-09-05T15:49+02:00,A4,L,39.81,2,speedlimit
2026-09-05T15:49+02:00,A15,R,51.88,1,lane_closed
2026-09-05T15:49+02:00,A15,m,95.76,3,lane_closed
2026-09-05T15:49+02:00,A20,L,28.085,2,speedlimit
2026-09-05T15:49+02:00,A15,R,54.7,3,lane_closed
2026-09-05T15:49+02:00,A38,p,21.25,2,speedlimit
2026-09-05T15:49+02:00,A20,R,34.29,3,speedlimit
2026-09-05T15:49+02:00,A4,R,76.07,3,speedlimit
2026-09-05T15:49+02:00,A15,x,46.135,2,speedlimit
2026-09-05T15:49+02:00,A15,R,55.14,1,lane_closed
2026-09-05T15:49+02:00,A20,R,30.6,3,speedlimit
2026-09-05T15:49+02:00,A4,R,55.08,4,speedlimit
2026-09-05T15:49+02:00,A4,L,26.58,1,speedlimit
2026-09-05T15:49+02:00,A15,m,58.65,3,speedlimit
2026-09-05T15:49+02:00,A15,m,95.3,2,speedlimit
2026-09-05T15:49+02:00,A20,R,43.32,1,speedlimit
2026-09-05T15:49+02:00,A4,n,11.078,2,speedlimit
2026-09-05T15:49+02:00,A4,R,72.321,2,speedlimit
2026-09-05T15:49+02:00,A4,R,48.79,3,speedlimit
2026-09-05T15:49+02:00,A4,m,74.194,1,speedlimit
2026-09-05T15:49+02:00,A16,R,11.7,1,speedlimit
2026-09-05T15:49+02:00,A20,R,29.8,2,speedlimit
2026-09-05T15:49+02:00,A4,R,52.018,4,lane_closed
2026-09-05T15:49+02:00,A15,m,95.76,1,speedlimit
2026-09-05T15:49+02:00,A4,L,25.95,1,speedlimit
2026-09-05T15:49+02:00,A15,L,64.2,1,lane_closed
2026-09-05T15:49+02:00,A20,R,27.235,2,speedlimit
2026-09-05T15:49+02:00,A29,R,11.3,3,speedlimit
2026-09-05T15:49+02:00,A20,L,37.3,1,speedlimit
2026-09-05T15:49+02:00,A15,R,59.95,1,lane_closed
2026-09-05T15:49+02:00,A13,R,18.2,1,speedlimit
2026-09-05T15:49+02:00,A4,L,4.44,2,speedlimit
2026-09-05T15:49+02:00,A4,L,10.831,1,speedlimit
2026-09-05T15:49+02:00,A4,L,11.24,4,speedlimit
2026-09-05T15:49+02:00,A15,x,55.59,3,speedlimit
2026-09-05T15:49+02:00,A4,L,10.831,3,speedlimit
2026-09-05T15:49+02:00,A4,L,25.35,2,speedlimit
2026-09-05T15:49+02:00,A20,R,40.2,1,speedlimit
2026-09-05T15:49+02:00,A20,L,34.28,2,speedlimit
2026-09-05T15:49+02:00,A4,L,13.747,3,speedlimit
2026-09-05T15:49+02:00,A15,L,65.25,1,lane_closed_ahead
2026-09-05T15:49+02:00,A15,R,55.59,3,lane_closed
2026-09-05T15:49+02:00,A4,L,39.2,1,speedlimit
2026-09-05T15:49+02:00,A15,R,47.775,4,speedlimit
2026-09-05T15:49+02:00,A4,L,12.766,5,speedlimit
2026-09-05T15:49+02:00,A4,f,7.841,4,speedlimit
2026-09-05T15:49+02:00,A4,f,7.1,1,speedlimit
2026-09-05T15:49+02:00,A15,e,95.55,1,speedlimit
2026-09-05T15:49+02:00,A4,L,6.592,3,speedlimit
2026-09-05T15:49+02:00,A13,e,19.1,1,speedlimit
2026-09-05T15:49+02:00,A20,L,47.5,1,speedlimit
2026-09-05T15:49+02:00,A15,R,46.356,1,speedlimit
2026-09-05T15:49+02:00,A4,L,12.15,5,speedlimit
2026-09-05T15:49+02:00,A4,L,38.01,3,speedlimit
2026-09-05T15:49+02:00,A20,L,34.695,1,speedlimit
2026-09-05T15:49+02:00,A15,n,96.42,2,speedlimit
2026-09-05T15:49+02:00,A15,R,60.49,1,lane_closed
2026-09-05T15:49+02:00,A13,L,17.8,3,speedlimit
2026-09-05T15:49+02:00,A15,R,49.61,3,lane_closed
2026-09-05T15:49+02:00,A4,f,7.841,3,speedlimit
2026-09-05T15:49+02:00,A15,R,48.332,5,speedlimit
2026-09-05T15:49+02:00,A4,R,3.01,5,speedlimit
2026-09-05T15:49+02:00,A4,L,5.93,3,speedlimit
2026-09-05T15:49+02:00,A4,R,73.691,2,speedlimit
2026-09-05T15:49+02:00,A4,R,75.71,1,lane_closed
2026-09-05T15:49+02:00,A15,R,57.78,5,lane_closed
2026-09-05T15:49+02:00,A20,R,31.26,1,speedlimit
2026-09-05T15:49+02:00,A4,L,5.93,5,speedlimit
2026-09-05T15:49+02:00,A4,L,7.526,1,speedlimit
2026-09-05T15:49+02:00,A15,R,45.92,1,speedlimit
2026-09-05T15:49+02:00,A20,L,45.61,1,speedlimit
2026-09-05T15:49+02:00,A16,y,24.3,2,speedlimit
2026-09-05T15:49+02:00,A4,L,7.841,1,speedlimit
2026-09-05T15:49+02:00,A15,R,50.31,2,lane_closed
2026-09-05T15:49+02:00,A4,R,76.9,2,lane_closed
2026-09-05T15:49+02:00,A20,R,42.0,2,speedlimit
2026-09-05T15:49+02:00,A20,R,40.985,3,speedlimit
2026-09-05T15:49+02:00,A15,R,59.2,4,lane_closed
2026-09-05T15:49+02:00,A20,L,36.625,4,lane_closed
2026-09-05T15:49+02:00,A20,R,41.6,3,speedlimit
2026-09-05T15:49+02:00,A15,R,46.468,2,speedlimit
2026-09-05T15:49+02:00,A15,y,47.092,1,speedlimit
2026-09-05T15:49+02:00,A20,L,29.826,3,speedlimit
2026-09-05T15:49+02:00,A20,L,37.8,3,speedlimit
2026-09-05T15:49+02:00,A4,R,72.443,1,speedlimit
2026-09-05T15:49+02:00,A20,L,29.5,1,speedlimit
2026-09-05T15:49+02:00,A20,R,28.8,3,speedlimit
2026-09-05T15:49+02:00,A20,R,29.5,1,speedlimit
2026-09-05T15:49+02:00,A4,f,7.2,1,speedlimit
2026-09-05T15:49+02:00,A20,R,41.6,1,speedlimit
2026-09-05T15:49+02:00,A38,p,20.55,1,speedlimit
2026-09-05T15:49+02:00,A20,L,34.28,3,speedlimit
2026-09-05T15:49+02:00,A4,R,73.974,1,speedlimit
2026-09-05T15:49+02:00,A15,R,60.76,3,lane_closed
2026-09-05T15:49+02:00,A4,L,13.747,5,speedlimit
2026-09-05T15:49+02:00,A16,L,23.075,1,speedlimit
2026-09-05T15:49+02:00,A15,R,46.769,2,speedlimit
2026-09-05T15:49+02:00,A20,L,39.515,3,speedlimit
2026-09-05T15:49+02:00,A15,R,59.95,2,lane_closed
2026-09-05T15:49+02:00,A15,R,46.614,3,speedlimit
2026-09-05T15:49+02:00,A13,L,11.25,4,lane_closed
2026-09-05T15:49+02:00,A20,R,40.985,1,speedlimit
2026-09-05T15:49+02:00,A20,L,30.9,1,speedlimit
2026-09-05T15:49+02:00,A4,f,7.2,2,speedlimit
2026-09-05T15:49+02:00,A15,R,56.6,1,lane_closed
2026-09-05T15:49+02:00,A4,L,6.592,2,speedlimit
2026-09-05T15:49+02:00,A13,R,18.2,4,speedlimit
2026-09-05T15:49+02:00,A4,L,5.93,4,speedlimit
2026-09-05T15:49+02:00,A15,m,59.58,1,speedlimit
2026-09-05T15:49+02:00,A15,R,47.332,1,lane_closed
2026-09-05T15:49+02:00,A15,r,45.853,2,speedlimit
2026-09-05T15:49+02:00,A15,x,56.6,3,speedlimit
2026-09-05T15:49+02:00,A38,p,20.55,2,speedlimit
2026-09-05T15:49+02:00,A4,L,4.44,1,speedlimit
2026-09-05T15:49+02:00,A4,R,52.018,3,speedlimit
2026-09-05T15:49+02:00,A4,L,45.75,1,speedlimit
2026-09-05T15:49+02:00,A13,R,18.7,1,speedlimit
2026-09-05T15:49+02:00,A15,L,64.67,5,speedlimit
2026-09-05T15:49+02:00,A4,L,11.24,3,speedlimit
2026-09-05T15:49+02:00,A15,n,95.855,1,speedlimit
2026-09-05T15:49+02:00,A4,L,5.93,6,speedlimit
2026-09-05T15:49+02:00,A20,c,27.488,1,speedlimit
2026-09-05T15:49+02:00,A20,R,31.9,3,speedlimit
2026-09-05T15:49+02:00,A4,L,27.05,3,speedlimit
2026-09-05T15:49+02:00,A4,n,11.078,3,speedlimit
2026-09-05T15:49+02:00,A13,R,16.655,3,speedlimit
2026-09-05T15:49+02:00,A4,R,72.012,2,speedlimit
2026-09-05T15:49+02:00,A4,L,7.22,4,speedlimit
2026-09-05T15:49+02:00,A4,R,72.58,1,speedlimit
2026-09-05T15:49+02:00,A4,L,27.05,2,speedlimit
2026-09-05T15:49+02:00,A15,m,94.725,2,speedlimit
2026-09-05T15:49+02:00,A20,L,29.1,2,speedlimit
2026-09-05T15:49+02:00,A15,L,63.56,1,lane_closed
2026-09-05T15:49+02:00,A15,f,96.0,1,lane_closed
2026-09-05T15:49+02:00,A15,R,46.859,3,speedlimit
2026-09-05T15:49+02:00,A20,R,29.8,3,speedlimit
2026-09-05T15:49+02:00,A13,L,18.2,2,speedlimit
2026-09-05T15:49+02:00,A20,R,26.4,3,speedlimit
2026-09-05T15:49+02:00,A4,f,6.6,2,speedlimit
2026-09-05T15:49+02:00,A15,R,60.76,4,speedlimit
2026-09-05T15:49+02:00,A4,m,73.974,3,speedlimit
2026-09-05T15:49+02:00,A4,L,38.01,4,speedlimit
2026-09-05T15:49+02:00,A15,m,58.65,1,speedlimit
2026-09-05T15:49+02:00,A20,R,34.29,4,speedlimit
2026-09-05T15:49+02:00,A20,R,26.93,1,speedlimit
2026-09-05T15:49+02:00,A15,R,46.859,1,speedlimit
2026-09-05T15:49+02:00,A15,R,48.332,3,lane_closed
2026-09-05T15:49+02:00,A15,R,58.46,3,lane_closed
2026-09-05T15:49+02:00,A15,R,60.76,1,lane_closed
2026-09-05T15:49+02:00,A4,L,5.549,3,speedlimit
2026-09-05T15:49+02:00,A4,L,6.592,1,speedlimit
2026-09-05T15:49+02:00,A20,R,26.4,2,speedlimit
2026-09-05T15:49+02:00,A15,R,48.332,4,speedlimit
2026-09-05T15:49+02:00,A29,R,11.95,3,speedlimit
2026-09-05T15:49+02:00,A15,L,63.56,3,speedlimit
2026-09-05T15:49+02:00,A20,L,27.488,2,speedlimit
2026-09-05T15:49+02:00,A20,L,30.196,3,speedlimit
2026-09-05T15:49+02:00,A4,h,46.06,1,speedlimit
2026-09-05T15:49+02:00,A4,R,3.01,2,speedlimit
2026-09-05T15:49+02:00,A4,L,5.549,4,lane_closed_ahead
2026-09-05T15:49+02:00,A15,R,49.61,1,lane_closed
2026-09-05T15:49+02:00,A4,f,7.1,2,speedlimit
2026-09-05T15:49+02:00,A20,L,28.41,1,speedlimit
2026-09-05T15:49+02:00,A15,R,45.92,3,speedlimit
2026-09-05T15:49+02:00,A13,L,13.18,4,lane_closed
2026-09-05T15:49+02:00,A15,R,57.78,2,lane_closed
2026-09-05T15:49+02:00,A15,R,57.78,3,lane_closed
2026-09-05T15:49+02:00,A15,x,47.025,1,speedlimit
2026-09-05T15:49+02:00,A15,R,57.31,2,lane_closed
2026-09-05T15:49+02:00,A13,L,17.8,2,speedlimit
2026-09-05T15:49+02:00,A20,L,46.045,2,speedlimit
2026-09-05T15:49+02:00,A15,R,56.6,2,lane_closed
2026-09-05T15:49+02:00,A15,x,45.853,1,speedlimit
2026-09-05T15:49+02:00,A4,L,5.93,2,speedlimit
2026-09-05T15:49+02:00,A4,L,12.766,1,speedlimit
2026-09-05T15:49+02:00,A20,R,28.57,1,speedlimit
2026-09-05T15:49+02:00,A4,L,5.549,5,speedlimit
2026-09-05T15:49+02:00,A16,L,22.6,1,speedlimit
2026-09-05T15:49+02:00,A20,R,30.196,4,speedlimit
2026-09-05T15:49+02:00,A4,L,6.902,2,speedlimit
2026-09-05T15:49+02:00,A20,L,34.695,3,speedlimit
2026-09-05T15:49+02:00,A4,L,5.225,2,speedlimit
2026-09-05T15:49+02:00,A20,R,42.485,3,speedlimit
2026-09-05T15:49+02:00,A16,L,23.535,3,lane_closed_ahead
2026-09-05T15:49+02:00,A15,R,47.332,2,lane_closed_ahead
2026-09-05T15:49+02:00,A20,t,29.6,2,speedlimit
2026-09-05T15:49+02:00,A4,L,5.225,4,lane_closed
2026-09-05T15:49+02:00,A20,L,38.3,1,speedlimit
2026-09-05T15:49+02:00,A16,y,23.9,3,speedlimit
2026-09-05T15:49+02:00,A29,R,11.3,4,speedlimit
2026-09-05T15:49+02:00,A15,R,46.769,3,speedlimit
2026-09-05T15:49+02:00,A15,R,57.31,4,lane_closed
2026-09-05T15:49+02:00,A15,L,64.67,4,speedlimit
2026-09-05T15:49+02:00,A15,R,49.0,2,lane_closed
2026-09-05T15:49+02:00,A20,L,47.5,2,speedlimit
2026-09-05T15:49+02:00,A20,R,42.485,1,speedlimit
2026-09-05T15:49+02:00,A15,L,65.685,1,speedlimit
2026-09-05T15:49+02:00,A4,m,73.974,2,speedlimit
2026-09-05T15:49+02:00,A15,L,64.67,1,lane_closed
2026-09-05T15:49+02:00,A15,r,45.853,1,speedlimit
2026-09-05T15:49+02:00,A4,R,76.6,2,lane_closed
2026-09-05T15:49+02:00,A4,L,13.25,5,speedlimit
2026-09-05T15:49+02:00,A15,R,54.7,1,lane_closed
2026-09-05T15:49+02:00,A15,R,52.32,1,lane_closed
2026-09-05T15:49+02:00,A15,m,94.725,1,speedlimit
2026-09-05T15:49+02:00,A4,L,13.747,4,speedlimit
2026-09-05T15:49+02:00,A4,L,7.369,3,speedlimit
2026-09-05T15:49+02:00,A20,R,26.93,2,speedlimit
2026-09-05T15:49+02:00,A4,R,3.27,3,speedlimit
2026-09-05T15:49+02:00,A20,L,30.9,3,speedlimit
2026-09-05T15:49+02:00,A13,L,18.8,3,speedlimit
2026-09-05T15:49+02:00,A4,L,46.27,4,speedlimit
2026-09-05T15:49+02:00,A20,L,46.045,1,speedlimit
2026-09-05T15:49+02:00,A15,R,46.614,1,speedlimit
2026-09-05T15:49+02:00,A4,L,7.22,1,speedlimit
2026-09-05T15:49+02:00,A20,L,37.8,1,speedlimit
2026-09-05T15:49+02:00,A20,R,28.8,1,speedlimit
2026-09-05T15:49+02:00,A4,R,49.33,1,speedlimit
2026-09-05T15:49+02:00,A4,R,72.012,1,speedlimit
2026-09-05T15:49+02:00,A16,h,14.765,1,speedlimit
2026-09-05T15:49+02:00,A13,L,18.8,1,speedlimit
2026-09-05T15:49+02:00,A4,L,11.62,1,speedlimit
2026-09-05T15:49+02:00,A4,h,46.4,2,speedlimit
2026-09-05T15:49+02:00,A4,L,10.831,6,speedlimit
2026-09-05T15:49+02:00,A20,L,39.515,2,speedlimit
2026-09-05T15:49+02:00,A15,R,46.614,2,speedlimit
2026-09-05T15:49+02:00,A13,R,16.2,2,speedlimit
2026-09-05T15:49+02:00,A29,R,11.95,1,speedlimit
2026-09-05T15:49+02:00,A4,m,3.83,1,speedlimit
2026-09-05T15:49+02:00,A4,L,5.549,2,speedlimit
2026-09-05T15:49+02:00,A4,L,6.592,4,speedlimit
2026-09-05T15:49+02:00,A4,R,52.598,1,speedlimit
2026-09-05T15:49+02:00,A20,L,34.695,2,speedlimit
2026-09-05T15:49+02:00,A4,L,12.15,3,speedlimit
2026-09-05T15:49+02:00,A4,L,45.28,2,speedlimit
2026-09-05T15:49+02:00,A20,L,31.4,3,speedlimit
2026-09-05T15:49+02:00,A4,L,40.7,1,speedlimit
2026-09-05T15:49+02:00,A20,R,40.2,2,speedlimit
2026-09-05T15:49+02:00,A16,R,10.5,1,speedlimit
2026-09-05T15:49+02:00,A20,L,30.196,4,speedlimit
2026-09-05T15:49+02:00,A4,L,37.53,2,speedlimit
2026-09-05T15:49+02:00,A20,L,37.3,5,speedlimit
2026-09-05T15:49+02:00,A20,L,48.2,1,speedlimit
2026-09-05T15:49+02:00,A15,R,49.99,1,lane_closed
2026-09-05T15:49+02:00,A4,L,44.01,1,speedlimit
2026-09-05T15:49+02:00,A16,L,24.82,2,speedlimit
2026-09-05T15:49+02:00,A4,L,5.225,5,speedlimit
2026-09-05T15:49+02:00,A13,R,18.2,2,speedlimit
2026-09-05T15:49+02:00,A4,R,3.01,1,speedlimit
2026-09-05T15:49+02:00,A4,L,6.902,3,speedlimit
2026-09-05T15:49+02:00,A15,R,48.332,1,lane_closed
2026-09-05T15:49+02:00,A4,R,76.9,4,speedlimit
2026-09-05T15:49+02:00,A13,L,17.8,1,speedlimit
2026-09-05T15:49+02:00,A4,R,50.898,1,speedlimit
2026-09-05T15:49+02:00,A16,R,10.5,2,speedlimit
2026-09-05T15:49+02:00,A20,R,29.8,1,speedlimit
2026-09-05T15:49+02:00,A20,R,31.26,2,speedlimit
2026-09-05T15:49+02:00,A20,r,35.245,2,speedlimit
2026-09-05T15:49+02:00,A15,m,58.46,1,speedlimit
2026-09-05T15:49+02:00,A16,L,21.6,1,speedlimit
2026-09-05T15:49+02:00,A4,f,7.5,2,speedlimit
2026-09-05T15:49+02:00,A20,R,25.7,1,speedlimit
2026-09-05T15:49+02:00,A20,L,38.91,1,speedlimit
2026-09-05T15:49+02:00,A4,R,3.27,5,speedlimit
2026-09-05T15:49+02:00,A15,m,59.11,3,speedlimit
2026-09-05T15:49+02:00,A15,R,50.87,2,lane_closed
2026-09-05T15:49+02:00,A15,x,56.6,1,lane_closed
2026-09-05T15:49+02:00,A4,R,73.156,1,speedlimit
2026-09-05T15:49+02:00,A4,R,3.01,3,speedlimit
2026-09-05T15:49+02:00,A20,R,31.26,3,speedlimit
2026-09-05T15:49+02:00,A4,R,74.737,3,speedlimit
2026-09-05T15:49+02:00,A20,L,46.4,2,speedlimit
2026-09-05T15:49+02:00,A20,R,26.64,3,speedlimit
2026-09-05T15:49+02:00,A20,R,26.64,4,speedlimit
2026-09-05T15:49+02:00,A15,y,47.43,1,speedlimit
2026-09-05T15:49+02:00,A20,R,26.4,1,speedlimit
2026-09-05T15:49+02:00,A13,R,17.1,1,speedlimit
2026-09-05T15:49+02:00,A15,R,59.2,3,lane_closed
2026-09-05T15:49+02:00,A4,L,7.369,1,speedlimit
2026-09-05T15:49+02:00,A4,L,37.53,4,speedlimit
2026-09-05T15:49+02:00,A4,L,40.7,2,speedlimit
2026-09-05T15:49+02:00,A20,R,29.5,3,speedlimit
2026-09-05T15:49+02:00,A20,L,47.0,2,speedlimit
2026-09-05T15:49+02:00,A16,L,24.82,4,speedlimit
2026-09-05T15:49+02:00,A15,R,58.46,4,lane_closed
2026-09-05T15:49+02:00,A4,L,38.49,2,speedlimit
2026-09-05T15:49+02:00,A20,L,47.8,2,speedlimit
2026-09-05T15:49+02:00,A4,R,75.214,5,speedlimit
2026-09-05T15:49+02:00,A4,R,55.08,3,speedlimit
2026-09-05T15:49+02:00,A13,L,13.7,4,lane_closed
2026-09-05T15:49+02:00,A15,R,47.775,3,lane_closed_ahead
2026-09-05T15:49+02:00,A15,L,63.56,2,speedlimit
2026-09-05T15:49+02:00,A20,L,47.0,1,speedlimit
2026-09-05T15:49+02:00,A20,R,41.6,2,speedlimit
2026-09-05T15:49+02:00,A13,L,14.2,4,lane_closed
2026-09-05T15:49+02:00,A4,R,74.737,5,speedlimit
2026-09-05T15:49+02:00,A15,R,60.76,2,lane_closed
2026-09-05T15:49+02:00,A4,R,73.156,2,speedlimit
2026-09-05T15:49+02:00,A4,h,46.4,1,speedlimit
2026-09-05T15:49+02:00,A15,R,46.17,1,speedlimit
2026-09-05T15:49+02:00,A15,x,56.25,2,speedlimit
2026-09-05T15:49+02:00,A15,x,55.14,2,speedlimit
2026-09-05T15:49+02:00,A4,R,52.598,3,speedlimit
2026-09-05T15:49+02:00,A4,L,44.62,3,speedlimit
2026-09-05T15:49+02:00,A4,R,49.84,3,speedlimit
2026-09-05T15:49+02:00,A20,t,29.6,1,speedlimit
2026-09-05T15:49+02:00,A15,R,47.775,2,lane_closed
2026-09-05T15:49+02:00,A15,n,96.42,1,speedlimit
2026-09-05T15:49+02:00,A15,L,65.685,4,speedlimit
2026-09-05T15:49+02:00,A20,R,29.8,4,speedlimit
2026-09-05T15:49+02:00,A20,L,46.4,1,speedlimit
2026-09-05T15:49+02:00,A20,L,36.94,2,speedlimit
2026-09-05T15:49+02:00,A13,R,18.7,2,speedlimit
2026-09-05T15:49+02:00,A16,y,23.535,3,speedlimit
2026-09-05T15:49+02:00,A4,R,50.433,3,speedlimit
2026-09-05T15:49+02:00,A20,R,27.488,1,speedlimit
2026-09-05T15:49+02:00,A4,R,55.08,2,speedlimit
2026-09-05T15:49+02:00,A15,R,48.69,2,lane_closed
2026-09-05T15:49+02:00,A15,m,59.11,1,speedlimit
2026-09-05T15:49+02:00,A15,R,77.003,2,speedlimit
2026-09-05T15:49+02:00,A20,R,29.5,2,speedlimit
2026-09-05T15:49+02:00,A20,L,27.2,2,speedlimit
2026-09-05T15:49+02:00,A13,R,18.963,1,speedlimit
2026-09-05T15:49+02:00,A29,R,11.3,1,speedlimit
2026-09-05T15:49+02:00,A15,R,46.468,3,speedlimit
2026-09-05T15:49+02:00,A4,L,10.831,2,speedlimit
2026-09-05T15:49+02:00,A13,L,17.1,1,speedlimit
2026-09-05T15:49+02:00,A4,L,38.01,2,speedlimit
2026-09-05T15:49+02:00,A4,R,74.194,2,speedlimit
2026-09-05T15:49+02:00,A20,L,31.88,3,speedlimit
2026-09-05T15:49+02:00,A20,L,45.61,2,speedlimit
2026-09-05T15:49+02:00,A13,L,19.7,1,speedlimit
2026-09-05T15:49+02:00,A4,R,75.214,4,speedlimit
2026-09-05T15:49+02:00,A4,n,11.078,1,speedlimit
2026-09-05T15:49+02:00,A13,L,17.1,4,speedlimit
2026-09-05T15:49+02:00,A4,R,50.433,1,speedlimit
2026-09-05T15:49+02:00,A4,L,7.072,2,speedlimit
2026-09-05T15:49+02:00,A4,R,52.018,1,speedlimit
2026-09-05T15:49+02:00,A13,R,16.655,2,speedlimit
2026-09-05T15:49+02:00,A4,R,75.71,2,speedlimit
2026-09-05T15:49+02:00,A4,R,50.433,4,speedlimit
2026-09-05T15:49+02:00,A15,R,56.1,1,lane_closed
2026-09-05T15:49+02:00,A13,L,15.55,5,lane_closed
2026-09-05T15:49+02:00,A16,R,11.13,1,speedlimit
2026-09-05T15:49+02:00,A4,R,51.388,1,speedlimit
2026-09-05T15:49+02:00,A4,L,12.15,4,speedlimit
2026-09-05T15:49+02:00,A16,L,24.03,1,speedlimit
2026-09-05T15:49+02:00,A4,L,7.072,4,speedlimit
2026-09-05T15:49+02:00,A4,L,10.831,4,speedlimit
2026-09-05T15:49+02:00,A15,x,56.6,2,speedlimit
2026-09-05T15:49+02:00,A16,y,24.3,1,speedlimit
2026-09-05T15:49+02:00,A15,R,47.07,2,speedlimit
2026-09-05T15:49+02:00,A15,m,58.65,2,speedlimit
2026-09-05T15:49+02:00,A4,L,37.53,1,speedlimit
2026-09-05T15:49+02:00,A4,L,11.62,2,speedlimit
2026-09-05T15:49+02:00,A20,R,33.85,2,speedlimit
2026-09-05T15:49+02:00,A15,R,59.95,3,lane_closed
2026-09-05T15:49+02:00,A4,R,52.598,2,speedlimit
2026-09-05T15:49+02:00,A4,L,5.225,1,speedlimit
2026-09-05T15:49+02:00,A20,R,33.85,3,speedlimit
2026-09-05T15:49+02:00,A20,L,32.8,3,speedlimit
2026-09-05T15:49+02:00,A38,p,21.25,3,speedlimit
2026-09-05T15:49+02:00,A15,R,58.46,1,lane_closed
2026-09-05T15:49+02:00,A15,R,52.32,2,lane_closed
2026-09-05T15:49+02:00,A4,L,7.369,2,speedlimit
2026-09-05T15:49+02:00,A20,R,30.196,1,speedlimit
2026-09-05T15:49+02:00,A20,L,29.826,4,speedlimit
2026-09-05T15:49+02:00,A15,R,52.92,3,lane_closed
2026-09-05T15:49+02:00,A20,L,38.3,3,speedlimit
2026-09-05T15:49+02:00,A20,L,38.91,3,speedlimit
2026-09-05T15:49+02:00,A15,x,55.59,2,speedlimit
2026-09-05T15:49+02:00,A16,L,22.2,3,lane_closed
2026-09-05T15:49+02:00,A16,L,22.6,2,speedlimit
2026-09-05T15:49+02:00,A15,R,46.356,3,speedlimit
2026-09-05T15:49+02:00,A20,s,29.6,1,speedlimit
2026-09-05T15:49+02:00,A4,L,7.526,3,speedlimit
2026-09-05T15:49+02:00,A20,L,28.57,2,speedlimit
2026-09-05T15:49+02:00,A4,L,40.7,3,speedlimit
2026-09-05T15:49+02:00,A20,R,30.6,2,speedlimit
2026-09-05T15:49+02:00,A15,R,59.57,1,lane_closed
2026-09-05T15:49+02:00,A16,L,23.075,3,lane_closed
2026-09-05T15:49+02:00,A20,L,37.3,2,speedlimit
2026-09-05T15:49+02:00,A15,n,96.42,3,lane_closed
2026-09-05T15:49+02:00,A15,L,65.25,3,speedlimit
2026-09-05T15:49+02:00,A13,L,17.1,2,speedlimit
2026-09-05T15:49+02:00,A4,L,45.75,4,speedlimit
2026-09-05T15:49+02:00,A15,R,57.31,5,lane_closed
2026-09-05T15:49+02:00,A20,L,36.94,5,speedlimit
2026-09-05T15:49+02:00,A16,R,11.7,3,speedlimit
2026-09-05T15:49+02:00,A4,L,11.62,5,speedlimit
2026-09-05T15:49+02:00,A20,L,28.57,3,speedlimit
2026-09-05T15:49+02:00,A15,R,59.57,3,lane_closed
2026-09-05T15:49+02:00,A15,L,64.67,3,speedlimit
2026-09-05T15:49+02:00,A20,R,26.4,4,speedlimit
2026-09-05T15:49+02:00,A20,R,30.196,2,speedlimit
2026-09-05T15:49+02:00,A13,R,17.8,3,speedlimit
2026-09-05T15:49+02:00,A29,R,11.3,2,speedlimit
2026-09-05T15:49+02:00,A15,m,94.725,3,speedlimit
2026-09-05T15:49+02:00,A15,n,95.855,2,speedlimit
2026-09-05T16:50+02:00,A4,L,7.369,4,speedlimit
2026-09-05T16:50+02:00,A15,R,47.07,3,speedlimit
2026-09-05T16:50+02:00,A15,R,49.0,1,lane_closed
2026-09-05T16:50+02:00,A13,L,16.7,1,speedlimit
2026-09-05T16:50+02:00,A4,R,72.321,1,speedlimit
2026-09-05T16:50+02:00,A4,R,54.927,3,speedlimit
2026-09-05T16:50+02:00,A15,R,46.769,1,speedlimit
2026-09-05T16:50+02:00,A15,y,47.092,2,speedlimit
2026-09-05T16:50+02:00,A4,R,61.555,3,speedlimit
2026-09-05T16:50+02:00,A4,R,50.898,4,speedlimit
2026-09-05T16:50+02:00,A16,x,18.9,3,speedlimit
2026-09-05T16:50+02:00,A15,R,59.2,2,lane_closed
2026-09-05T16:50+02:00,A16,R,11.7,2,speedlimit
2026-09-05T16:50+02:00,A4,L,36.73,3,speedlimit
2026-09-05T16:50+02:00,A15,R,45.92,4,speedlimit
2026-09-05T16:50+02:00,A4,L,37.53,5,speedlimit
2026-09-05T16:50+02:00,A4,L,44.62,1,speedlimit
2026-09-05T16:50+02:00,A20,L,30.196,2,speedlimit
2026-09-05T16:50+02:00,A16,R,10.5,4,speedlimit
2026-09-05T16:50+02:00,A4,R,32.4,3,speedlimit
2026-09-05T16:50+02:00,A15,R,77.003,3,speedlimit
2026-09-05T16:50+02:00,A15,R,45.92,2,speedlimit
2026-09-05T16:50+02:00,A15,R,52.92,1,lane_closed
2026-09-05T16:50+02:00,A13,R,16.655,1,speedlimit
2026-09-05T16:50+02:00,A4,L,13.747,6,speedlimit
2026-09-05T16:50+02:00,A4,R,49.84,2,speedlimit
2026-09-05T16:50+02:00,A13,R,17.1,2,speedlimit
2026-09-05T16:50+02:00,A13,R,12.0,2,speedlimit
2026-09-05T16:50+02:00,A15,R,54.04,1,lane_closed
2026-09-05T16:50+02:00,A4,L,6.902,1,speedlimit
2026-09-05T16:50+02:00,A4,L,5.93,1,speedlimit
2026-09-05T16:50+02:00,A16,x,18.9,1,speedlimit
2026-09-05T16:50+02:00,A15,R,58.05,4,lane_closed
2026-09-05T16:50+02:00,A15,R,53.47,3,lane_closed
2026-09-05T16:50+02:00,A15,R,55.59,2,lane_closed
2026-09-05T16:50+02:00,A15,R,51.28,1,lane_closed
2026-09-05T16:50+02:00,A4,R,50.898,3,speedlimit
2026-09-05T16:50+02:00,A15,R,48.69,1,lane_closed
2026-09-05T16:50+02:00,A15,R,55.59,1,lane_closed
2026-09-05T16:50+02:00,A4,L,38.49,4,speedlimit
2026-09-05T16:50+02:00,A15,R,77.003,1,speedlimit
2026-09-05T16:50+02:00,A15,R,47.775,1,lane_closed
2026-09-05T16:50+02:00,A4,R,54.487,2,speedlimit
2026-09-05T16:50+02:00,A20,R,34.684,2,speedlimit
2026-09-05T16:50+02:00,A13,R,18.5,1,speedlimit
2026-09-05T16:50+02:00,A16,R,9.95,1,speedlimit
2026-09-05T16:50+02:00,A20,R,34.684,3,speedlimit
2026-09-05T16:50+02:00,A13,R,12.3,1,speedlimit
2026-09-05T16:50+02:00,A20,L,29.5,2,speedlimit
2026-09-05T16:50+02:00,A15,R,50.87,1,lane_closed
2026-09-05T16:50+02:00,A4,L,37.53,3,speedlimit
2026-09-05T16:50+02:00,A16,R,11.866,1,speedlimit
2026-09-05T16:50+02:00,A13,R,18.5,4,speedlimit
2026-09-05T16:50+02:00,A29,R,11.625,1,speedlimit
2026-09-05T16:50+02:00,A4,L,38.49,1,speedlimit
2026-09-05T16:50+02:00,A20,R,42.485,2,speedlimit
2026-09-05T16:50+02:00,A13,R,18.2,3,speedlimit
2026-09-05T16:50+02:00,A4,R,50.433,2,speedlimit
2026-09-05T16:50+02:00,A15,R,49.0,3,lane_closed
2026-09-05T16:50+02:00,A16,R,10.5,3,speedlimit
2026-09-05T16:50+02:00,A13,R,12.0,1,speedlimit
2026-09-05T16:50+02:00,A20,R,28.1,1,speedlimit
2026-09-05T16:50+02:00,A20,R,30.196,3,speedlimit
2026-09-05T16:50+02:00,A4,L,4.44,3,lane_closed
2026-09-05T16:50+02:00,A15,R,47.775,5,speedlimit
2026-09-05T16:50+02:00,A4,R,33.17,2,speedlimit
2026-09-05T16:50+02:00,A4,L,15.447,6,speedlimit
2026-09-05T16:50+02:00,A15,R,46.468,1,speedlimit
2026-09-05T16:50+02:00,A15,R,51.88,3,lane_closed
2026-09-05T16:50+02:00,A15,p,50.4,1,lane_closed
2026-09-05T16:50+02:00,A4,L,15.749,4,speedlimit
2026-09-05T16:50+02:00,A20,L,36.94,1,speedlimit
2026-09-05T16:50+02:00,A15,R,58.05,1,lane_closed
2026-09-05T16:50+02:00,A4,R,72.443,2,speedlimit
2026-09-05T16:50+02:00,A4,f,7.841,2,speedlimit
2026-09-05T16:50+02:00,A15,R,58.46,2,lane_closed
2026-09-05T16:50+02:00,A16,b,11.392,1,speedlimit
2026-09-05T16:50+02:00,A4,R,73.974,2,speedlimit
2026-09-05T16:50+02:00,A15,R,46.17,3,speedlimit
2026-09-05T16:50+02:00,A4,R,59.72,1,speedlimit
2026-09-05T16:50+02:00,A4,R,71.726,2,speedlimit
2026-09-05T16:50+02:00,A15,R,56.6,3,lane_closed
2026-09-05T16:50+02:00,A4,R,61.155,2,speedlimit
2026-09-05T16:50+02:00,A15,n,95.855,3,speedlimit
2026-09-05T16:50+02:00,A4,R,60.95,1,speedlimit
2026-09-05T16:50+02:00,A4,R,76.9,1,lane_closed
2026-09-05T16:50+02:00,A13,R,17.8,2,speedlimit
2026-09-05T16:50+02:00,A4,m,74.194,3,speedlimit
2026-09-05T16:50+02:00,A4,L,5.225,6,speedlimit
2026-09-05T16:50+02:00,A4,f,7.4,2,speedlimit
2026-09-05T16:50+02:00,A15,x,56.25,1,lane_closed
2026-09-05T16:50+02:00,A20,s,29.6,2,speedlimit
2026-09-05T16:50+02:00,A15,L,65.25,2,speedlimit
2026-09-05T16:50+02:00,A15,L,65.685,3,speedlimit
2026-09-05T16:50+02:00,A15,R,52.32,3,lane_closed
2026-09-05T16:50+02:00,A4,L,7.841,3,speedlimit
2026-09-05T16:50+02:00,A15,y,47.43,2,speedlimit
2026-09-05T16:50+02:00,A15,n,96.82,1,speedlimit
2026-09-05T16:50+02:00,A15,m,95.76,2,speedlimit
2026-09-05T16:50+02:00,A15,R,58.05,2,lane_closed
2026-09-05T16:50+02:00,A4,R,74.737,1,lane_closed_ahead
2026-09-05T16:50+02:00,A15,x,46.135,3,speedlimit
2026-09-05T16:50+02:00,A20,R,26.93,4,speedlimit
2026-09-05T16:50+02:00,A20,R,28.57,3,speedlimit
2026-09-05T16:50+02:00,A16,x,18.229,1,speedlimit
2026-09-05T16:50+02:00,A4,m,74.194,2,speedlimit
2026-09-05T16:50+02:00,A13,L,18.8,2,speedlimit
2026-09-05T16:50+02:00,A15,R,60.49,4,speedlimit
2026-09-05T16:50+02:00,A4,R,54.927,2,speedlimit
2026-09-05T16:50+02:00,A15,R,50.31,1,lane_closed
2026-09-05T16:50+02:00,A20,R,27.235,1,speedlimit
2026-09-05T16:50+02:00,A4,L,39.2,3,speedlimit
2026-09-05T16:50+02:00,A20,L,28.41,2,speedlimit
2026-09-05T16:50+02:00,A4,L,16.21,6,speedlimit
2026-09-05T16:50+02:00,A15,R,47.07,1,lane_closed_ahead
2026-09-05T16:50+02:00,A4,R,60.6,2,speedlimit
2026-09-05T16:50+02:00,A15,R,57.78,1,lane_closed
2026-09-05T16:50+02:00,A4,R,51.388,2,speedlimit
2026-09-05T16:50+02:00,A4,R,72.736,1,speedlimit
2026-09-05T16:50+02:00,A15,R,48.69,4,speedlimit
2026-09-05T16:50+02:00,A20,R,27.79,2,speedlimit
2026-09-05T16:50+02:00,A13,R,18.5,3,speedlimit
2026-09-05T16:50+02:00,A20,R,28.57,4,speedlimit
2026-09-05T16:50+02:00,A20,R,31.26,4,speedlimit
2026-09-05T16:50+02:00,A20,L,29.826,2,speedlimit
2026-09-05T16:50+02:00,A4,R,73.284,1,speedlimit
2026-09-05T16:50+02:00,A20,L,28.57,1,speedlimit
2026-09-05T16:50+02:00,A20,R,34.684,1,speedlimit
2026-09-05T16:50+02:00,A20,R,29.5,4,speedlimit
2026-09-05T16:50+02:00,A15,x,46.135,1,speedlimit
2026-09-05T16:50+02:00,A15,n,96.82,2,speedlimit
2026-09-05T16:50+02:00,A15,R,54.04,3,lane_closed
2026-09-05T16:50+02:00,A4,L,7.526,2,speedlimit
2026-09-05T16:50+02:00,A15,m,60.07,1,speedlimit
2026-09-05T16:50+02:00,A4,L,7.072,1,speedlimit
2026-09-05T16:50+02:00,A4,R,73.414,1,speedlimit
2026-09-05T16:50+02:00,A20,R,28.1,2,speedlimit
2026-09-05T16:50+02:00,A20,R,26.64,1,speedlimit
2026-09-05T16:50+02:00,A15,L,64.2,2,speedlimit
2026-09-05T16:50+02:00,A4,L,7.841,4,speedlimit
2026-09-05T16:50+02:00,A15,R,60.49,3,lane_closed
2026-09-05T16:50+02:00,A15,R,48.69,3,lane_closed
2026-09-05T16:50+02:00,A4,f,6.9,1,speedlimit
2026-09-05T16:50+02:00,A20,L,32.8,2,speedlimit
2026-09-05T16:50+02:00,A15,L,65.25,4,speedlimit
2026-09-05T16:50+02:00,A15,R,59.2,1,lane_closed
2026-09-05T16:50+02:00,A4,L,36.73,4,speedlimit
2026-09-05T16:50+02:00,A13,L,17.1,3,speedlimit
2026-09-05T16:50+02:00,A20,R,42.0,1,speedlimit
2026-09-05T16:50+02:00,A4,L,7.22,3,speedlimit
2026-09-05T16:50+02:00,A20,L,37.3,3,speedlimit
2026-09-05T16:50+02:00,A20,R,34.29,2,speedlimit
2026-09-05T16:50+02:00,A4,L,45.28,1,speedlimit
2026-09-05T16:50+02:00,A4,L,39.2,2,speedlimit
2026-09-05T16:50+02:00,A4,L,5.549,6,speedlimit
2026-09-05T16:50+02:00,A4,L,36.73,2,speedlimit
2026-09-05T16:50+02:00,A15,x,47.025,2,speedlimit
2026-09-05T16:50+02:00,A4,R,32.85,3,speedlimit
2026-09-05T16:50+02:00,A20,L,27.488,1,speedlimit
2026-09-05T16:50+02:00,A4,L,16.21,3,speedlimit
2026-09-05T16:50+02:00,A20,L,27.2,1,speedlimit
2026-09-05T16:50+02:00,A4,h,46.06,2,speedlimit
2026-09-05T16:50+02:00,A4,R,74.737,2,speedlimit
2026-09-05T16:50+02:00,A15,R,59.57,2,lane_closed
2026-09-05T16:50+02:00,A20,L,27.8,2,speedlimit
2026-09-05T16:50+02:00,A15,R,58.05,5,lane_closed
2026-09-05T16:50+02:00,A13,L,18.2,3,speedlimit
2026-09-05T16:50+02:00,A16,R,12.07,2,speedlimit
2026-09-05T16:50+02:00,A4,R,32.4,2,speedlimit
2026-09-05T16:50+02:00,A16,R,11.392,1,speedlimit
2026-09-05T16:50+02:00,A4,R,73.544,1,speedlimit
2026-09-05T16:50+02:00,A4,R,71.726,1,speedlimit
2026-09-05T16:50+02:00,A4,L,14.794,2,lane_closed
2026-09-05T16:50+02:00,A20,L,31.88,1,speedlimit
2026-09-05T16:50+02:00,A16,R,11.392,2,speedlimit
2026-09-05T16:50+02:00,A15,R,51.88,4,lane_closed
2026-09-05T16:50+02:00,A13,L,16.7,2,speedlimit
2026-09-05T16:50+02:00,A20,L,30.9,2,speedlimit
2026-09-05T16:50+02:00,A15,R,46.859,2,speedlimit
2026-09-05T16:50+02:00,A4,f,7.5,1,speedlimit
2026-09-05T16:50+02:00,A20,L,38.91,2,speedlimit
2026-09-05T16:50+02:00,A20,L,28.085,1,speedlimit
2026-09-05T16:50+02:00,A16,x,18.229,2,speedlimit
2026-09-05T16:50+02:00,A4,L,38.01,1,speedlimit
2026-09-05T16:50+02:00,A15,R,58.05,3,lane_closed
2026-09-05T16:50+02:00,A13,R,11.1,2,speedlimit
2026-09-05T16:50+02:00,A4,R,54.487,3,speedlimit
2026-09-05T16:50+02:00,A15,R,53.47,1,lane_closed
2026-09-05T16:50+02:00,A20,R,30.6,1,speedlimit
2026-09-05T16:50+02:00,A13,R,17.1,3,speedlimit
2026-09-05T16:50+02:00,A4,L,15.749,5,speedlimit
2026-09-05T16:50+02:00,A4,L,44.01,3,speedlimit
2026-09-05T16:50+02:00,A20,R,26.93,3,speedlimit
2026-09-05T16:50+02:00,A4,R,73.544,2,speedlimit
2026-09-05T16:50+02:00,A20,L,31.4,1,speedlimit
2026-09-05T16:50+02:00,A4,m,73.974,1,speedlimit
2026-09-05T16:50+02:00,A29,R,11.625,3,speedlimit
2026-09-05T16:50+02:00,A4,L,38.49,3,speedlimit
2026-09-05T16:50+02:00,A15,m,95.3,1,speedlimit
2026-09-05T16:50+02:00,A4,L,5.225,3,speedlimit
2026-09-05T16:50+02:00,A15,m,59.11,2,speedlimit
2026-09-05T16:50+02:00,A4,L,13.747,1,lane_closed
2026-09-05T16:50+02:00,A15,R,54.7,2,lane_closed
2026-09-05T16:50+02:00,A4,L,7.526,4,speedlimit
2026-09-05T16:50+02:00,A13,R,12.3,3,speedlimit
2026-09-05T16:50+02:00,A20,L,31.1,2,speedlimit
2026-09-05T16:50+02:00,A16,R,9.35,2,speedlimit
2026-09-05T16:50+02:00,A15,R,53.47,2,lane_closed
2026-09-05T16:50+02:00,A29,R,11.95,2,speedlimit
2026-09-05T16:50+02:00,A4,R,61.555,2,speedlimit
2026-09-05T16:50+02:00,A4,L,14.37,2,lane_closed
2026-09-05T16:50+02:00,A4,R,32.85,4,speedlimit
2026-09-05T16:50+02:00,A13,g,18.7,2,speedlimit
2026-09-05T16:50+02:00,A15,L,65.685,2,speedlimit
2026-09-05T16:50+02:00,A15,x,55.59,1,lane_closed_ahead
2026-09-05T16:50+02:00,A20,L,31.4,2,speedlimit
2026-09-05T16:50+02:00,A4,R,60.95,3,speedlimit
2026-09-05T16:50+02:00,A29,R,11.95,4,speedlimit
2026-09-05T16:50+02:00,A4,L,16.975,3,speedlimit
2026-09-05T16:50+02:00,A4,L,7.072,3,speedlimit
2026-09-05T16:50+02:00,A20,L,37.3,4,speedlimit
2026-09-05T16:50+02:00,A4,R,75.214,2,speedlimit
2026-09-05T16:50+02:00,A15,R,46.356,2,speedlimit
2026-09-05T16:50+02:00,A4,f,7.4,1,speedlimit
2026-09-05T16:50+02:00,A15,y,47.43,3,speedlimit
2026-09-05T16:50+02:00,A4,R,54.927,1,speedlimit
2026-09-05T16:50+02:00,A13,L,15.9,3,lane_closed
2026-09-05T16:50+02:00,A15,m,95.3,3,speedlimit
2026-09-05T16:50+02:00,A4,L,7.841,2,speedlimit
2026-09-05T16:50+02:00,A4,L,16.21,1,lane_closed_ahead
2026-09-05T16:50+02:00,A15,x,55.14,1,speedlimit
2026-09-05T16:50+02:00,A15,R,56.1,3,lane_closed
2026-09-05T16:50+02:00,A13,R,16.2,1,speedlimit
2026-09-05T16:50+02:00,A4,R,61.36,2,speedlimit
2026-09-05T16:50+02:00,A20,L,37.8,2,speedlimit
2026-09-05T16:50+02:00,A4,R,74.737,4,speedlimit
2026-09-05T16:50+02:00,A15,R,49.99,2,lane_closed
2026-09-05T16:50+02:00,A13,R,18.5,2,speedlimit
2026-09-05T16:50+02:00,A20,L,36.94,3,speedlimit
2026-09-05T16:50+02:00,A20,L,30.196,1,speedlimit
2026-09-05T16:50+02:00,A4,f,6.6,1,speedlimit
2026-09-05T16:50+02:00,A4,R,51.388,3,speedlimit
2026-09-05T16:50+02:00,A13,R,11.1,1,speedlimit
2026-09-05T16:50+02:00,A4,R,76.6,3,speedlimit
2026-09-05T16:50+02:00,A4,L,44.01,2,speedlimit
2026-09-05T16:50+02:00,A13,R,11.1,3,speedlimit
2026-09-05T16:50+02:00,A20,R,34.684,4,speedlimit
2026-09-05T16:50+02:00,A20,R,27.79,1,speedlimit
2026-09-05T16:50+02:00,A20,r,35.245,1,speedlimit
2026-09-05T16:50+02:00,A16,R,11.13,2,speedlimit
2026-09-05T16:50+02:00,A20,L,29.826,1,speedlimit
2026-09-05T16:50+02:00,A4,R,52.598,4,speedlimit
2026-09-05T16:50+02:00,A4,L,16.975,1,speedlimit
2026-09-05T16:50+02:00,A15,R,56.1,2,lane_closed
2026-09-05T16:50+02:00,A4,L,13.747,2,lane_closed
2026-09-05T16:50+02:00,A4,R,73.691,1,speedlimit
2026-09-05T16:50+02:00,A20,R,34.29,1,speedlimit
2026-09-05T16:50+02:00,A4,R,55.08,1,speedlimit
2026-09-05T16:50+02:00,A4,L,16.975,5,speedlimit
2026-09-05T16:50+02:00,A4,R,50.898,2,speedlimit
2026-09-05T16:50+02:00,A20,R,28.41,2,speedlimit
2026-09-05T16:50+02:00,A4,L,6.902,4,speedlimit
2026-09-05T16:50+02:00,A4,R,75.214,1,lane_closed
2026-09-05T16:50+02:00,A15,R,55.14,2,lane_closed
2026-09-05T16:50+02:00,A15,R,48.69,5,speedlimit
2026-09-05T16:50+02:00,A4,R,75.214,3,speedlimit
2026-09-05T16:50+02:00,A4,L,5.549,1,speedlimit
2026-09-05T16:50+02:00,A4,R,52.598,5,lane_closed
2026-09-05T16:50+02:00,A4,R,74.194,1,speedlimit
2026-09-05T16:50+02:00,A20,R,29.1,1,speedlimit
2026-09-05T16:50+02:00,A4,L,14.37,5,speedlimit
2026-09-05T16:50+02:00,A15,R,52.92,2,lane_closed
2026-09-05T16:50+02:00,A15,R,46.17,2,speedlimit
2026-09-05T16:50+02:00,A13,R,17.8,1,speedlimit
2026-09-05T16:50+02:00,A20,R,28.41,1,speedlimit
2026-09-05T16:50+02:00,A20,R,31.9,2,speedlimit
2026-09-05T16:50+02:00,A29,R,11.625,2,speedlimit
2026-09-05T16:50+02:00,A29,R,11.625,4,speedlimit
2026-09-05T16:50+02:00,A4,f,6.9,2,speedlimit
2026-09-05T16:50+02:00,A20,L,31.1,3,speedlimit
2026-09-05T16:50+02:00,A4,R,76.9,3,lane_closed
2026-09-05T16:50+02:00,A15,x,55.14,3,speedlimit
2026-09-05T16:50+02:00,A15,R,57.78,4,lane_closed
2026-09-05T16:50+02:00,A15,R,57.31,3,lane_closed
2026-09-05T16:50+02:00,A4,L,39.2,4,speedlimit
2026-09-05T16:50+02:00,A15,R,49.61,2,lane_closed
2026-09-05T16:50+02:00,A4,R,72.58,2,speedlimit
2026-09-05T16:50+02:00,A15,R,54.04,2,lane_closed
2026-09-05T16:50+02:00,A15,R,60.49,2,lane_closed
2026-09-05T16:50+02:00,A4,L,36.73,1,speedlimit
2026-09-05T16:50+02:00,A20,R,27.488,2,speedlimit
2026-09-05T16:50+02:00,A20,t,28.895,1,speedlimit
2026-09-05T16:50+02:00,A20,L,32.8,1,speedlimit
2026-09-05T16:50+02:00,A15,p,50.05,1,lane_closed
2026-09-05T16:50+02:00,A20,R,28.8,2,speedlimit
2026-09-05T16:50+02:00,A16,x,19.3,2,speedlimit
2026-09-05T16:50+02:00,A4,L,14.794,3,lane_closed
2026-09-05T16:50+02:00,A13,R,12.0,4,speedlimit
2026-09-05T16:50+02:00,A20,L,31.1,1,speedlimit
2026-09-05T16:50+02:00,A13,L,16.19,3,lane_closed
2026-09-05T16:50+02:00,A4,R,76.07,1,lane_closed
2026-09-05T16:50+02:00,A13,L,15.035,5,lane_closed
2026-09-05T16:50+02:00,A4,L,15.749,3,speedlimit
2026-09-05T16:50+02:00,A4,R,52.018,2,speedlimit
2026-09-05T16:50+02:00,A4,L,45.28,3,speedlimit
2026-09-05T16:50+02:00,A20,L,27.8,1,speedlimit
2026-09-05T16:50+02:00,A15,R,51.88,2,lane_closed
2026-09-05T16:50+02:00,A4,R,76.6,1,lane_closed
2026-09-05T16:50+02:00,A4,R,54.487,1,speedlimit
2026-09-05T16:50+02:00,A20,R,29.1,2,speedlimit
2026-09-05T16:50+02:00,A13,g,18.7,1,speedlimit
2026-09-05T16:50+02:00,A15,R,51.28,2,lane_closed
2026-09-05T16:50+02:00,A4,L,16.975,2,speedlimit
2026-09-05T16:50+02:00,A15,R,55.14,3,lane_closed
2026-09-05T16:50+02:00,A4,R,73.006,1,speedlimit
2026-09-05T16:50+02:00,A4,L,13.747,7,speedlimit
2026-09-05T16:50+02:00,A20,R,28.57,2,speedlimit
2026-09-05T16:50+02:00,A20,R,40.985,2,speedlimit
2026-09-05T16:50+02:00,A4,L,44.62,2,speedlimit
2026-09-05T16:50+02:00,A20,R,26.64,2,speedlimit
2026-09-05T16:50+02:00,A4,L,7.22,2,speedlimit
2026-09-05T16:50+02:00,A15,L,64.2,3,speedlimit
2026-09-05T16:50+02:00,A20,L,29.1,1,speedlimit
2026-09-05T16:50+02:00,A4,R,33.17,1,speedlimit
2026-09-05T16:50+02:00,A13,L,18.2,1,speedlimit
2026-09-05T16:50+02:00,A15,L,64.67,2,speedlimit
2026-09-05T16:50+02:00,A13,L,12.7,4,lane_closed
2026-09-05T16:50+02:00,A20,L,31.88,2,speedlimit
2026-09-05T16:50+02:00,A4,R,49.84,1,speedlimit
2026-09-05T16:50+02:00,A4,R,76.07,2,lane_closed
2026-09-05T16:50+02:00,A4,R,32.85,5,speedlimit
2026-09-05T16:50+02:00,A13,L,19.7,2,speedlimit
2026-09-05T16:50+02:00,A15,R,48.332,2,lane_closed
2026-09-05T16:50+02:00,A15,R,51.88,1,lane_closed
2026-09-05T16:50+02:00,A15,m,95.76,3,lane_closed
2026-09-05T16:50+02:00,A20,L,28.085,2,speedlimit
2026-09-05T16:50+02:00,A15,R,54.7,3,lane_closed
2026-09-05T16:50+02:00,A20,R,34.29,3,speedlimit
2026-09-05T16:50+02:00,A4,R,76.07,3,speedlimit
2026-09-05T16:50+02:00,A15,x,46.135,2,speedlimit
2026-09-05T16:50+02:00,A15,R,55.14,1,lane_closed
2026-09-05T16:50+02:00,A20,R,30.6,3,speedlimit
2026-09-05T16:50+02:00,A4,R,55.08,4,speedlimit
2026-09-05T16:50+02:00,A15,m,58.65,3,speedlimit
2026-09-05T16:50+02:00,A15,m,95.3,2,speedlimit
2026-09-05T16:50+02:00,A16,R,9.35,1,speedlimit
2026-09-05T16:50+02:00,A4,R,72.321,2,speedlimit
2026-09-05T16:50+02:00,A4,m,74.194,1,speedlimit
2026-09-05T16:50+02:00,A16,R,11.7,1,speedlimit
2026-09-05T16:50+02:00,A20,R,29.8,2,speedlimit
2026-09-05T16:50+02:00,A4,R,61.36,3,speedlimit
2026-09-05T16:50+02:00,A4,R,52.018,4,lane_closed
2026-09-05T16:50+02:00,A15,m,95.76,1,speedlimit
2026-09-05T16:50+02:00,A15,L,64.2,1,lane_closed
2026-09-05T16:50+02:00,A20,R,27.235,2,speedlimit
2026-09-05T16:50+02:00,A4,L,15.749,6,speedlimit
2026-09-05T16:50+02:00,A29,R,11.3,3,speedlimit
2026-09-05T16:50+02:00,A20,L,37.3,1,speedlimit
2026-09-05T16:50+02:00,A15,R,59.95,1,lane_closed
2026-09-05T16:50+02:00,A13,R,18.2,1,speedlimit
2026-09-05T16:50+02:00,A4,L,4.44,2,speedlimit
2026-09-05T16:50+02:00,A15,x,55.59,3,speedlimit
2026-09-05T16:50+02:00,A4,L,13.747,3,lane_closed
2026-09-05T16:50+02:00,A15,L,65.25,1,lane_closed_ahead
2026-09-05T16:50+02:00,A15,R,55.59,3,lane_closed
2026-09-05T16:50+02:00,A4,L,39.2,1,speedlimit
2026-09-05T16:50+02:00,A15,R,47.775,4,speedlimit
2026-09-05T16:50+02:00,A4,L,15.447,1,lane_closed
2026-09-05T16:50+02:00,A4,f,7.841,4,speedlimit
2026-09-05T16:50+02:00,A4,f,7.1,1,speedlimit
2026-09-05T16:50+02:00,A15,e,95.55,1,speedlimit
2026-09-05T16:50+02:00,A4,L,6.592,3,speedlimit
2026-09-05T16:50+02:00,A13,e,19.1,1,speedlimit
2026-09-05T16:50+02:00,A20,L,47.5,1,speedlimit
2026-09-05T16:50+02:00,A15,R,46.356,1,speedlimit
2026-09-05T16:50+02:00,A4,L,38.01,3,speedlimit
2026-09-05T16:50+02:00,A15,n,96.42,2,speedlimit
2026-09-05T16:50+02:00,A15,R,60.49,1,lane_closed
2026-09-05T16:50+02:00,A13,L,17.8,3,speedlimit
2026-09-05T16:50+02:00,A4,R,61.155,1,speedlimit
2026-09-05T16:50+02:00,A15,R,49.61,3,lane_closed
2026-09-05T16:50+02:00,A4,f,7.841,3,speedlimit
2026-09-05T16:50+02:00,A15,R,48.332,5,speedlimit
2026-09-05T16:50+02:00,A4,L,5.93,3,speedlimit
2026-09-05T16:50+02:00,A4,R,73.691,2,speedlimit
2026-09-05T16:50+02:00,A4,R,75.71,1,lane_closed
2026-09-05T16:50+02:00,A15,R,57.78,5,lane_closed
2026-09-05T16:50+02:00,A16,R,11.866,2,speedlimit
2026-09-05T16:50+02:00,A20,R,31.26,1,speedlimit
2026-09-05T16:50+02:00,A16,x,18.543,2,speedlimit
2026-09-05T16:50+02:00,A4,L,5.93,5,speedlimit
2026-09-05T16:50+02:00,A4,L,7.526,1,speedlimit
2026-09-05T16:50+02:00,A15,R,45.92,1,speedlimit
2026-09-05T16:50+02:00,A20,L,45.61,1,speedlimit
2026-09-05T16:50+02:00,A4,L,7.841,1,speedlimit
2026-09-05T16:50+02:00,A15,R,50.31,2,lane_closed
2026-09-05T16:50+02:00,A4,R,76.9,2,lane_closed
2026-09-05T16:50+02:00,A20,R,42.0,2,speedlimit
2026-09-05T16:50+02:00,A20,R,40.985,3,speedlimit
2026-09-05T16:50+02:00,A15,R,59.2,4,lane_closed
2026-09-05T16:50+02:00,A4,L,16.975,6,speedlimit
2026-09-05T16:50+02:00,A20,R,41.6,3,speedlimit
2026-09-05T16:50+02:00,A15,R,46.468,2,speedlimit
2026-09-05T16:50+02:00,A15,y,47.092,1,speedlimit
2026-09-05T16:50+02:00,A20,L,29.826,3,speedlimit
2026-09-05T16:50+02:00,A20,L,37.8,3,speedlimit
2026-09-05T16:50+02:00,A4,R,72.443,1,speedlimit
2026-09-05T16:50+02:00,A16,x,18.9,4,speedlimit
2026-09-05T16:50+02:00,A20,L,29.5,1,speedlimit
2026-09-05T16:50+02:00,A20,R,28.8,3,speedlimit
2026-09-05T16:50+02:00,A20,R,29.5,1,speedlimit
2026-09-05T16:50+02:00,A4,f,7.2,1,speedlimit
2026-09-05T16:50+02:00,A20,R,41.6,1,speedlimit
2026-09-05T16:50+02:00,A4,R,73.974,1,speedlimit
2026-09-05T16:50+02:00,A15,R,60.76,3,lane_closed
2026-09-05T16:50+02:00,A4,L,13.747,5,speedlimit
2026-09-05T16:50+02:00,A15,R,46.769,2,speedlimit
2026-09-05T16:50+02:00,A15,R,59.95,2,lane_closed
2026-09-05T16:50+02:00,A15,R,46.614,3,speedlimit
2026-09-05T16:50+02:00,A13,L,11.25,4,lane_closed
2026-09-05T16:50+02:00,A20,R,40.985,1,speedlimit
2026-09-05T16:50+02:00,A20,L,30.9,1,speedlimit
2026-09-05T16:50+02:00,A4,f,7.2,2,speedlimit
2026-09-05T16:50+02:00,A15,R,56.6,1,lane_closed
2026-09-05T16:50+02:00,A4,L,6.592,2,speedlimit
2026-09-05T16:50+02:00,A13,R,18.2,4,speedlimit
2026-09-05T16:50+02:00,A4,L,5.93,4,speedlimit
2026-09-05T16:50+02:00,A15,m,59.58,1,speedlimit
2026-09-05T16:50+02:00,A15,R,47.332,1,lane_closed
2026-09-05T16:50+02:00,A16,R,9.95,2,speedlimit
2026-09-05T16:50+02:00,A15,r,45.853,2,speedlimit
2026-09-05T16:50+02:00,A15,x,56.6,3,speedlimit
2026-09-05T16:50+02:00,A4,L,4.44,1,speedlimit
2026-09-05T16:50+02:00,A4,R,52.018,3,speedlimit
2026-09-05T16:50+02:00,A13,R,18.7,1,speedlimit
2026-09-05T16:50+02:00,A15,L,64.67,5,speedlimit
2026-09-05T16:50+02:00,A15,n,95.855,1,speedlimit
2026-09-05T16:50+02:00,A4,L,5.93,6,speedlimit
2026-09-05T16:50+02:00,A20,c,27.488,1,speedlimit
2026-09-05T16:50+02:00,A20,R,31.9,3,speedlimit
2026-09-05T16:50+02:00,A16,x,18.9,2,speedlimit
2026-09-05T16:50+02:00,A13,R,16.655,3,speedlimit
2026-09-05T16:50+02:00,A4,R,72.012,2,speedlimit
2026-09-05T16:50+02:00,A4,L,7.22,4,speedlimit
2026-09-05T16:50+02:00,A4,R,72.58,1,speedlimit
2026-09-05T16:50+02:00,A15,m,94.725,2,speedlimit
2026-09-05T16:50+02:00,A20,L,29.1,2,speedlimit
2026-09-05T16:50+02:00,A4,L,16.975,4,speedlimit
2026-09-05T16:50+02:00,A15,L,63.56,1,lane_closed
2026-09-05T16:50+02:00,A15,f,96.0,1,lane_closed
2026-09-05T16:50+02:00,A15,R,46.859,3,speedlimit
2026-09-05T16:50+02:00,A20,R,29.8,3,speedlimit
2026-09-05T16:50+02:00,A13,L,18.2,2,speedlimit
2026-09-05T16:50+02:00,A20,R,26.4,3,speedlimit
2026-09-05T16:50+02:00,A4,f,6.6,2,speedlimit
2026-09-05T16:50+02:00,A15,R,60.76,4,speedlimit
2026-09-05T16:50+02:00,A4,m,73.974,3,speedlimit
2026-09-05T16:50+02:00,A4,L,38.01,4,speedlimit
2026-09-05T16:50+02:00,A15,m,58.65,1,speedlimit
2026-09-05T16:50+02:00,A20,R,34.29,4,speedlimit
2026-09-05T16:50+02:00,A20,R,26.93,1,speedlimit
2026-09-05T16:50+02:00,A15,R,46.859,1,speedlimit
2026-09-05T16:50+02:00,A4,L,14.37,1,lane_closed
2026-09-05T16:50+02:00,A15,R,48.332,3,lane_closed
2026-09-05T16:50+02:00,A15,R,58.46,3,lane_closed
2026-09-05T16:50+02:00,A15,R,60.76,1,lane_closed
2026-09-05T16:50+02:00,A4,L,5.549,3,speedlimit
2026-09-05T16:50+02:00,A4,L,6.592,1,speedlimit
2026-09-05T16:50+02:00,A20,R,26.4,2,speedlimit
2026-09-05T16:50+02:00,A15,R,48.332,4,speedlimit
2026-09-05T16:50+02:00,A29,R,11.95,3,speedlimit
2026-09-05T16:50+02:00,A4,L,15.447,3,lane_closed_ahead
2026-09-05T16:50+02:00,A4,R,32.4,1,speedlimit
2026-09-05T16:50+02:00,A15,L,63.56,3,speedlimit
2026-09-05T16:50+02:00,A20,L,27.488,2,speedlimit
2026-09-05T16:50+02:00,A20,L,30.196,3,speedlimit
2026-09-05T16:50+02:00,A4,h,46.06,1,speedlimit
2026-09-05T16:50+02:00,A4,L,5.549,4,lane_closed_ahead
2026-09-05T16:50+02:00,A15,R,49.61,1,lane_closed
2026-09-05T16:50+02:00,A4,f,7.1,2,speedlimit
2026-09-05T16:50+02:00,A20,L,28.41,1,speedlimit
2026-09-05T16:50+02:00,A15,R,45.92,3,speedlimit
2026-09-05T16:50+02:00,A13,L,13.18,4,lane_closed
2026-09-05T16:50+02:00,A15,R,57.78,2,lane_closed
2026-09-05T16:50+02:00,A15,R,57.78,3,lane_closed
2026-09-05T16:50+02:00,A15,x,47.025,1,speedlimit
2026-09-05T16:50+02:00,A15,R,57.31,2,lane_closed
2026-09-05T16:50+02:00,A13,L,17.8,2,speedlimit
2026-09-05T16:50+02:00,A16,R,9.95,4,speedlimit
2026-09-05T16:50+02:00,A20,L,46.045,2,speedlimit
2026-09-05T16:50+02:00,A15,R,56.6,2,lane_closed
2026-09-05T16:50+02:00,A15,x,45.853,1,speedlimit
2026-09-05T16:50+02:00,A16,R,9.35,3,speedlimit
2026-09-05T16:50+02:00,A4,L,5.93,2,speedlimit
2026-09-05T16:50+02:00,A20,R,28.57,1,speedlimit
2026-09-05T16:50+02:00,A4,L,5.549,5,speedlimit
2026-09-05T16:50+02:00,A20,R,30.196,4,speedlimit
2026-09-05T16:50+02:00,A4,R,32.85,2,speedlimit
2026-09-05T16:50+02:00,A4,L,6.902,2,speedlimit
2026-09-05T16:50+02:00,A4,L,5.225,2,speedlimit
2026-09-05T16:50+02:00,A20,R,42.485,3,speedlimit
2026-09-05T16:50+02:00,A15,R,47.332,2,lane_closed_ahead
2026-09-05T16:50+02:00,A20,t,29.6,2,speedlimit
2026-09-05T16:50+02:00,A4,L,5.225,4,lane_closed
2026-09-05T16:50+02:00,A4,L,16.21,4,speedlimit
2026-09-05T16:50+02:00,A20,L,38.3,1,speedlimit
2026-09-05T16:50+02:00,A29,R,11.3,4,speedlimit
2026-09-05T16:50+02:00,A15,R,46.769,3,speedlimit
2026-09-05T16:50+02:00,A15,R,57.31,4,lane_closed
2026-09-05T16:50+02:00,A15,L,64.67,4,speedlimit
2026-09-05T16:50+02:00,A15,R,49.0,2,lane_closed
2026-09-05T16:50+02:00,A20,L,47.5,2,speedlimit
2026-09-05T16:50+02:00,A20,R,42.485,1,speedlimit
2026-09-05T16:50+02:00,A15,L,65.685,1,speedlimit
2026-09-05T16:50+02:00,A4,m,73.974,2,speedlimit
2026-09-05T16:50+02:00,A15,L,64.67,1,lane_closed
2026-09-05T16:50+02:00,A15,r,45.853,1,speedlimit
2026-09-05T16:50+02:00,A4,R,76.6,2,lane_closed
2026-09-05T16:50+02:00,A15,R,54.7,1,lane_closed
2026-09-05T16:50+02:00,A15,R,52.32,1,lane_closed
2026-09-05T16:50+02:00,A15,m,94.725,1,speedlimit
2026-09-05T16:50+02:00,A4,L,13.747,4,lane_closed
2026-09-05T16:50+02:00,A4,L,7.369,3,speedlimit
2026-09-05T16:50+02:00,A20,R,26.93,2,speedlimit
2026-09-05T16:50+02:00,A20,L,30.9,3,speedlimit
2026-09-05T16:50+02:00,A13,L,18.8,3,speedlimit
2026-09-05T16:50+02:00,A20,L,46.045,1,speedlimit
2026-09-05T16:50+02:00,A15,R,46.614,1,speedlimit
2026-09-05T16:50+02:00,A13,R,12.0,3,speedlimit
2026-09-05T16:50+02:00,A4,L,7.22,1,speedlimit
2026-09-05T16:50+02:00,A20,L,37.8,1,speedlimit
2026-09-05T16:50+02:00,A20,R,28.8,1,speedlimit
2026-09-05T16:50+02:00,A4,R,61.36,1,speedlimit
2026-09-05T16:50+02:00,A4,R,61.555,1,speedlimit
2026-09-05T16:50+02:00,A4,R,72.012,1,speedlimit
2026-09-05T16:50+02:00,A16,R,9.95,3,speedlimit
2026-09-05T16:50+02:00,A13,L,18.8,1,speedlimit
2026-09-05T16:50+02:00,A4,L,16.21,2,speedlimit
2026-09-05T16:50+02:00,A4,h,46.4,2,speedlimit
2026-09-05T16:50+02:00,A15,R,46.614,2,speedlimit
2026-09-05T16:50+02:00,A13,R,16.2,2,speedlimit
2026-09-05T16:50+02:00,A4,L,15.447,4,speedlimit
2026-09-05T16:50+02:00,A29,R,11.95,1,speedlimit
2026-09-05T16:50+02:00,A4,L,5.549,2,speedlimit
2026-09-05T16:50+02:00,A4,L,6.592,4,speedlimit
2026-09-05T16:50+02:00,A4,R,52.598,1,speedlimit
2026-09-05T16:50+02:00,A4,L,45.28,2,speedlimit
2026-09-05T16:50+02:00,A20,L,31.4,3,speedlimit
2026-09-05T16:50+02:00,A16,R,10.5,1,speedlimit
2026-09-05T16:50+02:00,A20,L,30.196,4,speedlimit
2026-09-05T16:50+02:00,A4,L,37.53,2,speedlimit
2026-09-05T16:50+02:00,A20,L,37.3,5,lane_closed
2026-09-05T16:50+02:00,A15,R,49.99,1,lane_closed
2026-09-05T16:50+02:00,A4,L,44.01,1,speedlimit
2026-09-05T16:50+02:00,A4,L,5.225,5,speedlimit
2026-09-05T16:50+02:00,A13,R,18.2,2,speedlimit
2026-09-05T16:50+02:00,A16,x,18.543,3,speedlimit
2026-09-05T16:50+02:00,A4,L,6.902,3,speedlimit
2026-09-05T16:50+02:00,A15,R,48.332,1,lane_closed
2026-09-05T16:50+02:00,A4,R,76.9,4,speedlimit
2026-09-05T16:50+02:00,A13,L,17.8,1,speedlimit
2026-09-05T16:50+02:00,A4,R,50.898,1,speedlimit
2026-09-05T16:50+02:00,A16,R,10.5,2,speedlimit
2026-09-05T16:50+02:00,A20,R,29.8,1,speedlimit
2026-09-05T16:50+02:00,A20,R,31.26,2,speedlimit
2026-09-05T16:50+02:00,A4,L,15.447,5,speedlimit
2026-09-05T16:50+02:00,A20,r,35.245,2,speedlimit
2026-09-05T16:50+02:00,A4,f,7.5,2,speedlimit
2026-09-05T16:50+02:00,A4,L,15.749,2,lane_closed_ahead
2026-09-05T16:50+02:00,A20,L,38.91,1,speedlimit
2026-09-05T16:50+02:00,A15,m,59.11,3,speedlimit
2026-09-05T16:50+02:00,A15,R,50.87,2,lane_closed
2026-09-05T16:50+02:00,A4,L,16.21,5,speedlimit
2026-09-05T16:50+02:00,A4,L,14.37,3,lane_closed
2026-09-05T16:50+02:00,A15,x,56.6,1,lane_closed
2026-09-05T16:50+02:00,A4,R,73.156,1,speedlimit
2026-09-05T16:50+02:00,A20,R,31.26,3,speedlimit
2026-09-05T16:50+02:00,A4,R,74.737,3,speedlimit
2026-09-05T16:50+02:00,A20,L,46.4,2,speedlimit
2026-09-05T16:50+02:00,A20,R,26.64,3,speedlimit
2026-09-05T16:50+02:00,A20,R,26.64,4,speedlimit
2026-09-05T16:50+02:00,A15,y,47.43,1,speedlimit
2026-09-05T16:50+02:00,A20,R,26.4,1,speedlimit
2026-09-05T16:50+02:00,A13,R,17.1,1,speedlimit
2026-09-05T16:50+02:00,A15,R,59.2,3,lane_closed
2026-09-05T16:50+02:00,A4,L,7.369,1,speedlimit
2026-09-05T16:50+02:00,A4,L,37.53,4,speedlimit
2026-09-05T16:50+02:00,A20,R,29.5,3,speedlimit
2026-09-05T16:50+02:00,A20,L,47.0,2,speedlimit
2026-09-05T16:50+02:00,A15,R,58.46,4,lane_closed
2026-09-05T16:50+02:00,A4,L,38.49,2,speedlimit
2026-09-05T16:50+02:00,A4,L,15.749,1,lane_closed
2026-09-05T16:50+02:00,A4,R,75.214,5,speedlimit
2026-09-05T16:50+02:00,A4,R,59.72,2,speedlimit
2026-09-05T16:50+02:00,A4,R,55.08,3,speedlimit
2026-09-05T16:50+02:00,A13,L,13.7,4,lane_closed
2026-09-05T16:50+02:00,A15,R,47.775,3,lane_closed_ahead
2026-09-05T16:50+02:00,A15,L,63.56,2,speedlimit
2026-09-05T16:50+02:00,A20,L,47.0,1,speedlimit
2026-09-05T16:50+02:00,A20,R,41.6,2,speedlimit
2026-09-05T16:50+02:00,A13,L,14.2,4,lane_closed
2026-09-05T16:50+02:00,A4,R,74.737,5,speedlimit
2026-09-05T16:50+02:00,A15,R,60.76,2,lane_closed
2026-09-05T16:50+02:00,A4,R,73.156,2,speedlimit
2026-09-05T16:50+02:00,A4,h,46.4,1,speedlimit
2026-09-05T16:50+02:00,A15,R,46.17,1,speedlimit
2026-09-05T16:50+02:00,A15,x,56.25,2,speedlimit
2026-09-05T16:50+02:00,A15,x,55.14,2,speedlimit
2026-09-05T16:50+02:00,A4,R,52.598,3,speedlimit
2026-09-05T16:50+02:00,A4,L,44.62,3,speedlimit
2026-09-05T16:50+02:00,A4,R,49.84,3,speedlimit
2026-09-05T16:50+02:00,A20,t,29.6,1,speedlimit
2026-09-05T16:50+02:00,A4,R,60.95,2,speedlimit
2026-09-05T16:50+02:00,A15,R,47.775,2,lane_closed
2026-09-05T16:50+02:00,A15,n,96.42,1,speedlimit
2026-09-05T16:50+02:00,A15,L,65.685,4,speedlimit
2026-09-05T16:50+02:00,A20,R,29.8,4,speedlimit
2026-09-05T16:50+02:00,A4,L,14.37,6,speedlimit
2026-09-05T16:50+02:00,A20,L,46.4,1,speedlimit
2026-09-05T16:50+02:00,A20,L,36.94,2,speedlimit
2026-09-05T16:50+02:00,A13,R,18.7,2,speedlimit
2026-09-05T16:50+02:00,A16,R,12.07,1,speedlimit
2026-09-05T16:50+02:00,A4,R,50.433,3,speedlimit
2026-09-05T16:50+02:00,A20,R,27.488,1,speedlimit
2026-09-05T16:50+02:00,A4,R,55.08,2,speedlimit
2026-09-05T16:50+02:00,A15,R,48.69,2,lane_closed
2026-09-05T16:50+02:00,A4,R,32.85,1,speedlimit
2026-09-05T16:50+02:00,A15,m,59.11,1,speedlimit
2026-09-05T16:50+02:00,A15,R,77.003,2,speedlimit
2026-09-05T16:50+02:00,A13,R,12.3,2,speedlimit
2026-09-05T16:50+02:00,A20,R,29.5,2,speedlimit
2026-09-05T16:50+02:00,A13,R,12.3,4,speedlimit
2026-09-05T16:50+02:00,A20,L,27.2,2,speedlimit
2026-09-05T16:50+02:00,A13,R,18.963,1,speedlimit
2026-09-05T16:50+02:00,A29,R,11.3,1,speedlimit
2026-09-05T16:50+02:00,A15,R,46.468,3,speedlimit
2026-09-05T16:50+02:00,A13,L,17.1,1,speedlimit
2026-09-05T16:50+02:00,A4,R,33.17,3,speedlimit
2026-09-05T16:50+02:00,A4,L,38.01,2,speedlimit
2026-09-05T16:50+02:00,A4,R,74.194,2,speedlimit
2026-09-05T16:50+02:00,A20,L,31.88,3,speedlimit
2026-09-05T16:50+02:00,A20,L,45.61,2,speedlimit
2026-09-05T16:50+02:00,A13,L,19.7,1,speedlimit
2026-09-05T16:50+02:00,A4,R,60.6,1,speedlimit
2026-09-05T16:50+02:00,A4,R,75.214,4,speedlimit
2026-09-05T16:50+02:00,A13,L,17.1,4,speedlimit
2026-09-05T16:50+02:00,A4,R,50.433,1,speedlimit
2026-09-05T16:50+02:00,A4,L,7.072,2,speedlimit
2026-09-05T16:50+02:00,A4,R,52.018,1,speedlimit
2026-09-05T16:50+02:00,A13,R,16.655,2,speedlimit
2026-09-05T16:50+02:00,A4,R,75.71,2,speedlimit
2026-09-05T16:50+02:00,A4,R,50.433,4,speedlimit
2026-09-05T16:50+02:00,A4,L,14.794,4,lane_closed_ahead
2026-09-05T16:50+02:00,A15,R,56.1,1,lane_closed
2026-09-05T16:50+02:00,A13,L,15.55,5,lane_closed
2026-09-05T16:50+02:00,A16,R,11.13,1,speedlimit
2026-09-05T16:50+02:00,A4,R,51.388,1,speedlimit
2026-09-05T16:50+02:00,A4,L,7.072,4,speedlimit
2026-09-05T16:50+02:00,A15,x,56.6,2,speedlimit
2026-09-05T16:50+02:00,A15,R,47.07,2,speedlimit
2026-09-05T16:50+02:00,A15,m,58.65,2,speedlimit
2026-09-05T16:50+02:00,A4,L,14.794,5,speedlimit
2026-09-05T16:50+02:00,A4,L,14.794,1,lane_closed
2026-09-05T16:50+02:00,A4,L,37.53,1,speedlimit
2026-09-05T16:50+02:00,A15,R,59.95,3,lane_closed
2026-09-05T16:50+02:00,A4,R,52.598,2,speedlimit
2026-09-05T16:50+02:00,A4,L,5.225,1,speedlimit
2026-09-05T16:50+02:00,A20,L,32.8,3,speedlimit
2026-09-05T16:50+02:00,A15,R,58.46,1,lane_closed
2026-09-05T16:50+02:00,A15,R,52.32,2,lane_closed
2026-09-05T16:50+02:00,A4,L,7.369,2,speedlimit
2026-09-05T16:50+02:00,A20,R,30.196,1,speedlimit
2026-09-05T16:50+02:00,A16,x,18.543,1,speedlimit
2026-09-05T16:50+02:00,A16,x,19.3,1,speedlimit
2026-09-05T16:50+02:00,A20,L,29.826,4,speedlimit
2026-09-05T16:50+02:00,A15,R,52.92,3,lane_closed
2026-09-05T16:50+02:00,A20,L,38.3,3,speedlimit
2026-09-05T16:50+02:00,A20,L,38.91,3,speedlimit
2026-09-05T16:50+02:00,A15,x,55.59,2,speedlimit
2026-09-05T16:50+02:00,A4,R,61.155,3,speedlimit
2026-09-05T16:50+02:00,A4,L,14.37,4,lane_closed
2026-09-05T16:50+02:00,A15,R,46.356,3,speedlimit
2026-09-05T16:50+02:00,A20,s,29.6,1,speedlimit
2026-09-05T16:50+02:00,A4,L,7.526,3,speedlimit
2026-09-05T16:50+02:00,A20,L,28.57,2,speedlimit
2026-09-05T16:50+02:00,A20,R,30.6,2,speedlimit
2026-09-05T16:50+02:00,A15,R,59.57,1,lane_closed
2026-09-05T16:50+02:00,A20,L,37.3,2,speedlimit
2026-09-05T16:50+02:00,A15,n,96.42,3,lane_closed
2026-09-05T16:50+02:00,A15,L,65.25,3,speedlimit
2026-09-05T16:50+02:00,A13,L,17.1,2,speedlimit
2026-09-05T16:50+02:00,A15,R,57.31,5,lane_closed
2026-09-05T16:50+02:00,A20,L,36.94,5,lane_closed
2026-09-05T16:50+02:00,A16,R,11.7,3,speedlimit
2026-09-05T16:50+02:00,A20,L,28.57,3,speedlimit
2026-09-05T16:50+02:00,A15,R,59.57,3,lane_closed
2026-09-05T16:50+02:00,A15,L,64.67,3,speedlimit
2026-09-05T16:50+02:00,A20,R,26.4,4,speedlimit
2026-09-05T16:50+02:00,A20,R,30.196,2,speedlimit
2026-09-05T16:50+02:00,A4,L,15.447,2,lane_closed
2026-09-05T16:50+02:00,A13,R,17.8,3,speedlimit
2026-09-05T16:50+02:00,A29,R,11.3,2,speedlimit
2026-09-05T16:50+02:00,A15,m,94.725,3,speedlimit
2026-09-05T16:50+02:00,A15,n,95.855,2,speedlimit
2026-09-05T17:49+02:00,A15,R,47.07,3,speedlimit
2026-09-05T17:49+02:00,A15,R,49.0,1,lane_closed
2026-09-05T17:49+02:00,A13,L,16.7,1,speedlimit
2026-09-05T17:49+02:00,A4,R,54.927,3,speedlimit
2026-09-05T17:49+02:00,A15,R,46.769,1,speedlimit
2026-09-05T17:49+02:00,A20,R,40.2,3,speedlimit
2026-09-05T17:49+02:00,A4,R,50.898,4,speedlimit
2026-09-05T17:49+02:00,A15,R,59.2,2,lane_closed
2026-09-05T17:49+02:00,A4,L,19.48,2,speedlimit
2026-09-05T17:49+02:00,A15,R,45.92,4,speedlimit
2026-09-05T17:49+02:00,A20,L,30.196,2,speedlimit
2026-09-05T17:49+02:00,A15,R,77.003,3,speedlimit
2026-09-05T17:49+02:00,A15,R,45.92,2,speedlimit
2026-09-05T17:49+02:00,A15,R,52.92,1,lane_closed
2026-09-05T17:49+02:00,A13,R,16.655,1,speedlimit
2026-09-05T17:49+02:00,A4,L,13.747,6,speedlimit
2026-09-05T17:49+02:00,A4,R,49.84,2,speedlimit
2026-09-05T17:49+02:00,A13,R,17.1,2,speedlimit
2026-09-05T17:49+02:00,A15,R,54.04,1,lane_closed
2026-09-05T17:49+02:00,A4,L,5.93,1,speedlimit
2026-09-05T17:49+02:00,A4,L,20.08,2,speedlimit
2026-09-05T17:49+02:00,A29,v,10.39,1,speedlimit
2026-09-05T17:49+02:00,A15,R,58.05,4,lane_closed
2026-09-05T17:49+02:00,A15,R,53.47,3,lane_closed
2026-09-05T17:49+02:00,A15,R,55.59,2,lane_closed
2026-09-05T17:49+02:00,A15,R,51.28,1,lane_closed
2026-09-05T17:49+02:00,A4,R,50.898,3,speedlimit
2026-09-05T17:49+02:00,A15,R,48.69,1,lane_closed
2026-09-05T17:49+02:00,A15,R,55.59,1,lane_closed
2026-09-05T17:49+02:00,A4,L,19.48,1,speedlimit
2026-09-05T17:49+02:00,A15,R,77.003,1,speedlimit
2026-09-05T17:49+02:00,A15,R,47.775,1,lane_closed
2026-09-05T17:49+02:00,A4,R,54.487,2,speedlimit
2026-09-05T17:49+02:00,A13,R,18.5,1,speedlimit
2026-09-05T17:49+02:00,A20,L,29.5,2,speedlimit
2026-09-05T17:49+02:00,A15,R,50.87,1,lane_closed
2026-09-05T17:49+02:00,A16,R,15.73,2,speedlimit
2026-09-05T17:49+02:00,A16,R,16.3,1,speedlimit
2026-09-05T17:49+02:00,A4,L,22.537,3,speedlimit
2026-09-05T17:49+02:00,A13,R,18.5,4,speedlimit
2026-09-05T17:49+02:00,A20,R,42.485,2,speedlimit
2026-09-05T17:49+02:00,A13,R,18.2,3,speedlimit
2026-09-05T17:49+02:00,A4,R,50.433,2,speedlimit
2026-09-05T17:49+02:00,A15,R,49.0,3,lane_closed
2026-09-05T17:49+02:00,A20,R,28.1,1,speedlimit
2026-09-05T17:49+02:00,A20,R,30.196,3,speedlimit
2026-09-05T17:49+02:00,A4,L,4.44,3,lane_closed
2026-09-05T17:49+02:00,A15,R,47.775,5,speedlimit
2026-09-05T17:49+02:00,A4,L,15.447,6,speedlimit
2026-09-05T17:49+02:00,A15,R,46.468,1,speedlimit
2026-09-05T17:49+02:00,A15,R,51.88,3,lane_closed
2026-09-05T17:49+02:00,A15,p,50.4,1,lane_closed
2026-09-05T17:49+02:00,A4,L,15.749,4,speedlimit
2026-09-05T17:49+02:00,A20,L,47.8,1,speedlimit
2026-09-05T17:49+02:00,A15,R,58.05,1,lane_closed
2026-09-05T17:49+02:00,A15,R,58.46,2,lane_closed
2026-09-05T17:49+02:00,A4,R,73.974,2,speedlimit
2026-09-05T17:49+02:00,A15,R,46.17,3,speedlimit
2026-09-05T17:49+02:00,A15,R,56.6,3,lane_closed
2026-09-05T17:49+02:00,A15,n,95.855,3,speedlimit
2026-09-05T17:49+02:00,A4,R,76.9,1,lane_closed
2026-09-05T17:49+02:00,A13,R,17.8,2,speedlimit
2026-09-05T17:49+02:00,A4,m,74.194,3,speedlimit
2026-09-05T17:49+02:00,A4,L,17.525,3,speedlimit
2026-09-05T17:49+02:00,A4,L,5.225,6,speedlimit
2026-09-05T17:49+02:00,A15,x,56.25,1,lane_closed
2026-09-05T17:49+02:00,A20,s,29.6,2,speedlimit
2026-09-05T17:49+02:00,A15,L,65.25,2,speedlimit
2026-09-05T17:49+02:00,A4,L,18.17,3,speedlimit
2026-09-05T17:49+02:00,A15,L,65.685,3,speedlimit
2026-09-05T17:49+02:00,A15,R,52.32,3,lane_closed
2026-09-05T17:49+02:00,A15,n,96.82,1,speedlimit
2026-09-05T17:49+02:00,A15,m,95.76,2,speedlimit
2026-09-05T17:49+02:00,A15,R,58.05,2,lane_closed
2026-09-05T17:49+02:00,A4,R,74.737,1,lane_closed_ahead
2026-09-05T17:49+02:00,A20,R,38.91,3,speedlimit
2026-09-05T17:49+02:00,A20,R,26.93,4,speedlimit
2026-09-05T17:49+02:00,A20,R,28.57,3,speedlimit
2026-09-05T17:49+02:00,A4,m,74.194,2,speedlimit
2026-09-05T17:49+02:00,A29,v,10.8,1,speedlimit
2026-09-05T17:49+02:00,A13,L,18.8,2,speedlimit
2026-09-05T17:49+02:00,A15,R,60.49,4,speedlimit
2026-09-05T17:49+02:00,A4,R,54.927,2,speedlimit
2026-09-05T17:49+02:00,A15,R,50.31,1,lane_closed
2026-09-05T17:49+02:00,A20,R,27.235,1,speedlimit
2026-09-05T17:49+02:00,A20,R,39.515,2,speedlimit
2026-09-05T17:49+02:00,A20,L,28.41,2,speedlimit
2026-09-05T17:49+02:00,A4,L,16.21,6,speedlimit
2026-09-05T17:49+02:00,A15,R,47.07,1,lane_closed_ahead
2026-09-05T17:49+02:00,A15,R,57.78,1,lane_closed
2026-09-05T17:49+02:00,A4,R,51.388,2,speedlimit
2026-09-05T17:49+02:00,A15,R,48.69,4,speedlimit
2026-09-05T17:49+02:00,A20,R,27.79,2,speedlimit
2026-09-05T17:49+02:00,A13,R,18.5,3,speedlimit
2026-09-05T17:49+02:00,A20,R,28.57,4,speedlimit
2026-09-05T17:49+02:00,A20,R,31.26,4,speedlimit
2026-09-05T17:49+02:00,A20,L,29.826,2,speedlimit
2026-09-05T17:49+02:00,A20,L,28.57,1,speedlimit
2026-09-05T17:49+02:00,A4,L,17.525,5,speedlimit
2026-09-05T17:49+02:00,A20,R,29.5,4,speedlimit
2026-09-05T17:49+02:00,A4,L,20.56,3,speedlimit
2026-09-05T17:49+02:00,A15,n,96.82,2,speedlimit
2026-09-05T17:49+02:00,A15,R,54.04,3,lane_closed
2026-09-05T17:49+02:00,A16,R,23.2,2,speedlimit
2026-09-05T17:49+02:00,A15,m,60.07,1,speedlimit
2026-09-05T17:49+02:00,A4,L,22.537,2,speedlimit
2026-09-05T17:49+02:00,A16,R,16.3,3,speedlimit
2026-09-05T17:49+02:00,A20,R,28.1,2,speedlimit
2026-09-05T17:49+02:00,A20,R,26.64,1,speedlimit
2026-09-05T17:49+02:00,A16,R,22.7,5,speedlimit
2026-09-05T17:49+02:00,A15,L,64.2,2,speedlimit
2026-09-05T17:49+02:00,A15,R,60.49,3,lane_closed
2026-09-05T17:49+02:00,A15,R,48.69,3,lane_closed
2026-09-05T17:49+02:00,A20,L,32.8,2,speedlimit
2026-09-05T17:49+02:00,A15,L,65.25,4,speedlimit
2026-09-05T17:49+02:00,A15,R,59.2,1,lane_closed
2026-09-05T17:49+02:00,A13,L,17.1,3,speedlimit
2026-09-05T17:49+02:00,A4,L,21.425,2,speedlimit
2026-09-05T17:49+02:00,A20,R,42.0,1,speedlimit
2026-09-05T17:49+02:00,A4,L,20.56,2,speedlimit
2026-09-05T17:49+02:00,A4,L,5.549,6,speedlimit
2026-09-05T17:49+02:00,A15,x,47.025,2,speedlimit
2026-09-05T17:49+02:00,A20,L,27.488,1,speedlimit
2026-09-05T17:49+02:00,A4,L,16.21,3,speedlimit
2026-09-05T17:49+02:00,A20,L,27.2,1,speedlimit
2026-09-05T17:49+02:00,A4,h,46.06,2,speedlimit
2026-09-05T17:49+02:00,A4,R,74.737,2,speedlimit
2026-09-05T17:49+02:00,A15,R,59.57,2,lane_closed
2026-09-05T17:49+02:00,A20,L,27.8,2,speedlimit
2026-09-05T17:49+02:00,A15,R,58.05,5,lane_closed
2026-09-05T17:49+02:00,A13,L,18.2,3,speedlimit
2026-09-05T17:49+02:00,A4,L,18.17,2,speedlimit
2026-09-05T17:49+02:00,A4,L,14.794,2,lane_closed
2026-09-05T17:49+02:00,A20,L,31.88,1,speedlimit
2026-09-05T17:49+02:00,A15,R,51.88,4,lane_closed
2026-09-05T17:49+02:00,A13,L,16.7,2,speedlimit
2026-09-05T17:49+02:00,A20,L,30.9,2,speedlimit
2026-09-05T17:49+02:00,A15,R,46.859,2,speedlimit
2026-09-05T17:49+02:00,A20,L,28.085,1,speedlimit
2026-09-05T17:49+02:00,A15,R,58.05,3,lane_closed
2026-09-05T17:49+02:00,A15,y,53.85,2,lane_closed
2026-09-05T17:49+02:00,A4,R,54.487,3,speedlimit
2026-09-05T17:49+02:00,A15,R,53.47,1,lane_closed
2026-09-05T17:49+02:00,A16,R,22.7,4,speedlimit
2026-09-05T17:49+02:00,A20,R,30.6,1,speedlimit
2026-09-05T17:49+02:00,A13,R,17.1,3,speedlimit
2026-09-05T17:49+02:00,A4,L,15.749,5,speedlimit
2026-09-05T17:49+02:00,A4,L,23.5,3,speedlimit
2026-09-05T17:49+02:00,A20,R,26.93,3,speedlimit
2026-09-05T17:49+02:00,A20,L,31.4,1,speedlimit
2026-09-05T17:49+02:00,A4,m,73.974,1,speedlimit
2026-09-05T17:49+02:00,A15,m,95.3,1,speedlimit
2026-09-05T17:49+02:00,A4,L,5.225,3,speedlimit
2026-09-05T17:49+02:00,A16,R,23.5,3,speedlimit
2026-09-05T17:49+02:00,A15,m,59.11,2,speedlimit
2026-09-05T17:49+02:00,A4,L,13.747,1,lane_closed
2026-09-05T17:49+02:00,A15,R,54.7,2,lane_closed
2026-09-05T17:49+02:00,A20,L,31.1,2,speedlimit
2026-09-05T17:49+02:00,A15,R,53.47,2,lane_closed
2026-09-05T17:49+02:00,A4,L,23.0,3,speedlimit
2026-09-05T17:49+02:00,A4,L,14.37,2,lane_closed
2026-09-05T17:49+02:00,A13,g,18.7,2,speedlimit
2026-09-05T17:49+02:00,A15,L,65.685,2,speedlimit
2026-09-05T17:49+02:00,A15,x,55.59,1,lane_closed_ahead
2026-09-05T17:49+02:00,A20,L,31.4,2,speedlimit
2026-09-05T17:49+02:00,A4,L,16.975,3,speedlimit
2026-09-05T17:49+02:00,A4,R,75.214,2,speedlimit
2026-09-05T17:49+02:00,A16,R,22.7,1,speedlimit
2026-09-05T17:49+02:00,A15,R,46.356,2,speedlimit
2026-09-05T17:49+02:00,A4,R,54.927,1,speedlimit
2026-09-05T17:49+02:00,A13,L,15.9,3,lane_closed
2026-09-05T17:49+02:00,A20,R,43.32,2,speedlimit
2026-09-05T17:49+02:00,A15,m,95.3,3,speedlimit
2026-09-05T17:49+02:00,A4,L,16.21,1,lane_closed
2026-09-05T17:49+02:00,A15,x,55.14,1,speedlimit
2026-09-05T17:49+02:00,A15,R,56.1,3,lane_closed
2026-09-05T17:49+02:00,A13,R,16.2,1,speedlimit
2026-09-05T17:49+02:00,A4,R,74.737,4,speedlimit
2026-09-05T17:49+02:00,A15,R,49.99,2,lane_closed
2026-09-05T17:49+02:00,A13,R,18.5,2,speedlimit
2026-09-05T17:49+02:00,A20,L,30.196,1,speedlimit
2026-09-05T17:49+02:00,A15,y,53.85,1,speedlimit
2026-09-05T17:49+02:00,A4,R,51.388,3,speedlimit
2026-09-05T17:49+02:00,A4,R,76.6,3,speedlimit
2026-09-05T17:49+02:00,A4,L,23.5,2,speedlimit
2026-09-05T17:49+02:00,A20,R,27.79,1,speedlimit
2026-09-05T17:49+02:00,A20,r,35.245,1,speedlimit
2026-09-05T17:49+02:00,A20,L,29.826,1,speedlimit
2026-09-05T17:49+02:00,A4,R,52.598,4,speedlimit
2026-09-05T17:49+02:00,A4,L,16.975,1,lane_closed_ahead
2026-09-05T17:49+02:00,A15,R,56.1,2,lane_closed
2026-09-05T17:49+02:00,A4,L,13.747,2,lane_closed
2026-09-05T17:49+02:00,A4,L,20.975,3,speedlimit
2026-09-05T17:49+02:00,A4,R,55.08,1,speedlimit
2026-09-05T17:49+02:00,A4,L,16.975,5,speedlimit
2026-09-05T17:49+02:00,A4,R,50.898,2,speedlimit
2026-09-05T17:49+02:00,A20,R,28.41,2,speedlimit
2026-09-05T17:49+02:00,A4,R,75.214,1,lane_closed
2026-09-05T17:49+02:00,A15,R,55.14,2,lane_closed
2026-09-05T17:49+02:00,A15,R,48.69,5,speedlimit
2026-09-05T17:49+02:00,A4,R,75.214,3,speedlimit
2026-09-05T17:49+02:00,A4,L,5.549,1,speedlimit
2026-09-05T17:49+02:00,A4,R,52.598,5,lane_closed
2026-09-05T17:49+02:00,A20,L,48.2,2,speedlimit
2026-09-05T17:49+02:00,A4,R,74.194,1,speedlimit
2026-09-05T17:49+02:00,A20,R,39.515,1,speedlimit
2026-09-05T17:49+02:00,A20,R,29.1,1,speedlimit
2026-09-05T17:49+02:00,A4,L,14.37,5,lane_closed
2026-09-05T17:49+02:00,A15,R,52.92,2,lane_closed
2026-09-05T17:49+02:00,A15,R,46.17,2,speedlimit
2026-09-05T17:49+02:00,A13,R,17.8,1,speedlimit
2026-09-05T17:49+02:00,A20,R,28.41,1,speedlimit
2026-09-05T17:49+02:00,A20,R,31.9,2,speedlimit
2026-09-05T17:49+02:00,A4,L,18.17,1,speedlimit
2026-09-05T17:49+02:00,A20,L,31.1,3,speedlimit
2026-09-05T17:49+02:00,A4,R,76.9,3,lane_closed
2026-09-05T17:49+02:00,A15,x,55.14,3,speedlimit
2026-09-05T17:49+02:00,A15,R,57.78,4,lane_closed
2026-09-05T17:49+02:00,A15,R,57.31,3,lane_closed
2026-09-05T17:49+02:00,A4,L,21.867,3,speedlimit
2026-09-05T17:49+02:00,A16,R,23.2,5,speedlimit
2026-09-05T17:49+02:00,A15,R,49.61,2,lane_closed
2026-09-05T17:49+02:00,A15,R,54.04,2,lane_closed
2026-09-05T17:49+02:00,A15,R,60.49,2,lane_closed
2026-09-05T17:49+02:00,A20,R,27.488,2,speedlimit
2026-09-05T17:49+02:00,A20,t,28.895,1,speedlimit
2026-09-05T17:49+02:00,A20,L,32.8,1,speedlimit
2026-09-05T17:49+02:00,A15,p,50.05,1,lane_closed
2026-09-05T17:49+02:00,A20,R,28.8,2,speedlimit
2026-09-05T17:49+02:00,A4,L,14.794,3,lane_closed
2026-09-05T17:49+02:00,A16,R,16.3,2,speedlimit
2026-09-05T17:49+02:00,A20,L,31.1,1,speedlimit
2026-09-05T17:49+02:00,A13,L,16.19,3,lane_closed
2026-09-05T17:49+02:00,A4,R,76.07,1,lane_closed
2026-09-05T17:49+02:00,A13,L,15.035,5,lane_closed
2026-09-05T17:49+02:00,A4,L,15.749,3,lane_closed_ahead
2026-09-05T17:49+02:00,A4,R,52.018,2,speedlimit
2026-09-05T17:49+02:00,A20,L,27.8,1,speedlimit
2026-09-05T17:49+02:00,A16,R,23.2,1,speedlimit
2026-09-05T17:49+02:00,A15,R,51.88,2,lane_closed
2026-09-05T17:49+02:00,A4,R,76.6,1,lane_closed
2026-09-05T17:49+02:00,A4,R,54.487,1,speedlimit
2026-09-05T17:49+02:00,A20,R,29.1,2,speedlimit
2026-09-05T17:49+02:00,A13,g,18.7,1,speedlimit
2026-09-05T17:49+02:00,A15,R,51.28,2,lane_closed
2026-09-05T17:49+02:00,A4,L,16.975,2,speedlimit
2026-09-05T17:49+02:00,A15,R,55.14,3,lane_closed
2026-09-05T17:49+02:00,A4,L,13.747,7,speedlimit
2026-09-05T17:49+02:00,A20,R,28.57,2,speedlimit
2026-09-05T17:49+02:00,A20,R,40.985,2,speedlimit
2026-09-05T17:49+02:00,A20,R,26.64,2,speedlimit
2026-09-05T17:49+02:00,A15,L,64.2,3,speedlimit
2026-09-05T17:49+02:00,A20,L,29.1,1,speedlimit
2026-09-05T17:49+02:00,A13,L,18.2,1,speedlimit
2026-09-05T17:49+02:00,A15,L,64.67,2,speedlimit
2026-09-05T17:49+02:00,A13,L,12.7,4,lane_closed
2026-09-05T17:49+02:00,A20,L,31.88,2,speedlimit
2026-09-05T17:49+02:00,A4,R,49.84,1,speedlimit
2026-09-05T17:49+02:00,A4,R,76.07,2,lane_closed
2026-09-05T17:49+02:00,A13,L,19.7,2,speedlimit
2026-09-05T17:49+02:00,A15,R,48.332,2,lane_closed
2026-09-05T17:49+02:00,A15,R,51.88,1,lane_closed
2026-09-05T17:49+02:00,A15,m,95.76,3,lane_closed
2026-09-05T17:49+02:00,A20,L,28.085,2,speedlimit
2026-09-05T17:49+02:00,A15,R,54.7,3,lane_closed
2026-09-05T17:49+02:00,A4,R,76.07,3,speedlimit
2026-09-05T17:49+02:00,A15,R,55.14,1,lane_closed
2026-09-05T17:49+02:00,A20,R,30.6,3,speedlimit
2026-09-05T17:49+02:00,A4,R,55.08,4,speedlimit
2026-09-05T17:49+02:00,A4,L,20.08,1,speedlimit
2026-09-05T17:49+02:00,A15,m,95.3,2,speedlimit
2026-09-05T17:49+02:00,A20,R,43.32,1,speedlimit
2026-09-05T17:49+02:00,A4,m,74.194,1,speedlimit
2026-09-05T17:49+02:00,A20,R,29.8,2,speedlimit
2026-09-05T17:49+02:00,A4,R,52.018,4,lane_closed
2026-09-05T17:49+02:00,A15,m,95.76,1,speedlimit
2026-09-05T17:49+02:00,A15,L,64.2,1,lane_closed
2026-09-05T17:49+02:00,A20,R,27.235,2,speedlimit
2026-09-05T17:49+02:00,A4,L,15.749,6,speedlimit
2026-09-05T17:49+02:00,A15,R,59.95,1,lane_closed
2026-09-05T17:49+02:00,A13,R,18.2,1,speedlimit
2026-09-05T17:49+02:00,A4,L,4.44,2,speedlimit
2026-09-05T17:49+02:00,A15,x,55.59,3,speedlimit
2026-09-05T17:49+02:00,A20,R,40.2,1,speedlimit
2026-09-05T17:49+02:00,A4,L,13.747,3,lane_closed
2026-09-05T17:49+02:00,A15,L,65.25,1,lane_closed_ahead
2026-09-05T17:49+02:00,A15,R,55.59,3,lane_closed
2026-09-05T17:49+02:00,A15,R,47.775,4,speedlimit
2026-09-05T17:49+02:00,A4,L,15.447,1,lane_closed
2026-09-05T17:49+02:00,A15,e,95.55,1,speedlimit
2026-09-05T17:49+02:00,A13,e,19.1,1,speedlimit
2026-09-05T17:49+02:00,A4,L,23.5,1,speedlimit
2026-09-05T17:49+02:00,A20,L,47.5,1,speedlimit
2026-09-05T17:49+02:00,A15,R,46.356,1,speedlimit
2026-09-05T17:49+02:00,A15,n,96.42,2,speedlimit
2026-09-05T17:49+02:00,A15,R,60.49,1,lane_closed
2026-09-05T17:49+02:00,A13,L,17.8,3,speedlimit
2026-09-05T17:49+02:00,A15,R,49.61,3,lane_closed
2026-09-05T17:49+02:00,A15,R,48.332,5,speedlimit
2026-09-05T17:49+02:00,A4,L,5.93,3,speedlimit
2026-09-05T17:49+02:00,A4,R,75.71,1,lane_closed
2026-09-05T17:49+02:00,A15,R,57.78,5,lane_closed
2026-09-05T17:49+02:00,A20,R,31.26,1,speedlimit
2026-09-05T17:49+02:00,A16,R,23.5,1,speedlimit
2026-09-05T17:49+02:00,A20,u,35.09,1,speedlimit
2026-09-05T17:49+02:00,A4,L,5.93,5,speedlimit
2026-09-05T17:49+02:00,A15,R,45.92,1,speedlimit
2026-09-05T17:49+02:00,A20,L,45.61,1,speedlimit
2026-09-05T17:49+02:00,A15,R,50.31,2,lane_closed
2026-09-05T17:49+02:00,A4,R,76.9,2,lane_closed
2026-09-05T17:49+02:00,A20,R,42.0,2,speedlimit
2026-09-05T17:49+02:00,A20,R,40.985,3,speedlimit
2026-09-05T17:49+02:00,A15,R,59.2,4,lane_closed
2026-09-05T17:49+02:00,A4,L,16.975,6,speedlimit
2026-09-05T17:49+02:00,A16,R,23.5,2,speedlimit
2026-09-05T17:49+02:00,A20,R,41.6,3,speedlimit
2026-09-05T17:49+02:00,A15,R,46.468,2,speedlimit
2026-09-05T17:49+02:00,A20,L,29.826,3,speedlimit
2026-09-05T17:49+02:00,A4,h,45.58,3,lane_closed
2026-09-05T17:49+02:00,A20,L,29.5,1,speedlimit
2026-09-05T17:49+02:00,A4,L,17.525,2,speedlimit
2026-09-05T17:49+02:00,A20,R,28.8,3,speedlimit
2026-09-05T17:49+02:00,A20,R,29.5,1,speedlimit
2026-09-05T17:49+02:00,A20,R,41.6,1,speedlimit
2026-09-05T17:49+02:00,A4,R,73.974,1,speedlimit
2026-09-05T17:49+02:00,A15,R,60.76,3,lane_closed
2026-09-05T17:49+02:00,A4,L,13.747,5,lane_closed
2026-09-05T17:49+02:00,A15,R,46.769,2,speedlimit
2026-09-05T17:49+02:00,A15,R,59.95,2,lane_closed
2026-09-05T17:49+02:00,A15,R,46.614,3,speedlimit
2026-09-05T17:49+02:00,A13,L,11.25,4,lane_closed
2026-09-05T17:49+02:00,A20,R,40.985,1,speedlimit
2026-09-05T17:49+02:00,A20,L,30.9,1,speedlimit
2026-09-05T17:49+02:00,A15,R,56.6,1,lane_closed
2026-09-05T17:49+02:00,A20,u,35.09,2,speedlimit
2026-09-05T17:49+02:00,A13,R,18.2,4,speedlimit
2026-09-05T17:49+02:00,A4,L,5.93,4,speedlimit
2026-09-05T17:49+02:00,A15,m,59.58,1,speedlimit
2026-09-05T17:49+02:00,A15,R,47.332,1,lane_closed
2026-09-05T17:49+02:00,A15,x,56.6,3,speedlimit
2026-09-05T17:49+02:00,A20,R,38.91,2,speedlimit
2026-09-05T17:49+02:00,A4,L,4.44,1,speedlimit
2026-09-05T17:49+02:00,A4,R,52.018,3,speedlimit
2026-09-05T17:49+02:00,A13,R,18.7,1,speedlimit
2026-09-05T17:49+02:00,A15,L,64.67,5,speedlimit
2026-09-05T17:49+02:00,A15,n,95.855,1,speedlimit
2026-09-05T17:49+02:00,A4,L,23.0,1,speedlimit
2026-09-05T17:49+02:00,A4,L,5.93,6,speedlimit
2026-09-05T17:49+02:00,A20,c,27.488,1,speedlimit
2026-09-05T17:49+02:00,A20,R,31.9,3,speedlimit
2026-09-05T17:49+02:00,A13,R,16.655,3,speedlimit
2026-09-05T17:49+02:00,A15,m,94.725,2,speedlimit
2026-09-05T17:49+02:00,A4,L,18.71,3,speedlimit
2026-09-05T17:49+02:00,A20,L,29.1,2,speedlimit
2026-09-05T17:49+02:00,A4,L,16.975,4,speedlimit
2026-09-05T17:49+02:00,A15,L,63.56,1,lane_closed
2026-09-05T17:49+02:00,A15,f,96.0,1,lane_closed
2026-09-05T17:49+02:00,A15,R,46.859,3,speedlimit
2026-09-05T17:49+02:00,A20,R,29.8,3,speedlimit
2026-09-05T17:49+02:00,A13,L,18.2,2,speedlimit
2026-09-05T17:49+02:00,A20,R,26.4,3,speedlimit
2026-09-05T17:49+02:00,A15,R,60.76,4,speedlimit
2026-09-05T17:49+02:00,A4,m,73.974,3,speedlimit
2026-09-05T17:49+02:00,A20,u,35.71,2,speedlimit
2026-09-05T17:49+02:00,A20,R,26.93,1,speedlimit
2026-09-05T17:49+02:00,A15,R,46.859,1,speedlimit
2026-09-05T17:49+02:00,A4,L,14.37,1,lane_closed
2026-09-05T17:49+02:00,A15,R,48.332,3,lane_closed
2026-09-05T17:49+02:00,A15,R,58.46,3,lane_closed
2026-09-05T17:49+02:00,A4,L,17.525,1,speedlimit
2026-09-05T17:49+02:00,A15,R,60.76,1,lane_closed
2026-09-05T17:49+02:00,A4,L,5.549,3,speedlimit
2026-09-05T17:49+02:00,A20,R,26.4,2,speedlimit
2026-09-05T17:49+02:00,A15,R,48.332,4,speedlimit
2026-09-05T17:49+02:00,A4,L,15.447,3,lane_closed
2026-09-05T17:49+02:00,A15,L,63.56,3,speedlimit
2026-09-05T17:49+02:00,A20,L,27.488,2,speedlimit
2026-09-05T17:49+02:00,A20,L,30.196,3,speedlimit
2026-09-05T17:49+02:00,A4,h,46.06,1,speedlimit
2026-09-05T17:49+02:00,A4,L,5.549,4,lane_closed_ahead
2026-09-05T17:49+02:00,A15,R,49.61,1,lane_closed
2026-09-05T17:49+02:00,A20,L,28.41,1,speedlimit
2026-09-05T17:49+02:00,A15,R,45.92,3,speedlimit
2026-09-05T17:49+02:00,A13,L,13.18,4,lane_closed
2026-09-05T17:49+02:00,A15,R,57.78,2,lane_closed
2026-09-05T17:49+02:00,A15,R,57.78,3,lane_closed
2026-09-05T17:49+02:00,A15,x,47.025,1,speedlimit
2026-09-05T17:49+02:00,A15,R,57.31,2,lane_closed
2026-09-05T17:49+02:00,A13,L,17.8,2,speedlimit
2026-09-05T17:49+02:00,A20,L,46.045,2,speedlimit
2026-09-05T17:49+02:00,A15,R,56.6,2,lane_closed
2026-09-05T17:49+02:00,A4,L,5.93,2,speedlimit
2026-09-05T17:49+02:00,A20,R,28.57,1,speedlimit
2026-09-05T17:49+02:00,A4,L,5.549,5,speedlimit
2026-09-05T17:49+02:00,A20,R,30.196,4,speedlimit
2026-09-05T17:49+02:00,A4,L,20.56,1,speedlimit
2026-09-05T17:49+02:00,A4,L,5.225,2,speedlimit
2026-09-05T17:49+02:00,A20,R,42.485,3,speedlimit
2026-09-05T17:49+02:00,A15,R,47.332,2,lane_closed_ahead
2026-09-05T17:49+02:00,A20,t,29.6,2,speedlimit
2026-09-05T17:49+02:00,A4,L,5.225,4,lane_closed
2026-09-05T17:49+02:00,A4,L,16.21,4,speedlimit
2026-09-05T17:49+02:00,A15,R,46.769,3,speedlimit
2026-09-05T17:49+02:00,A15,R,57.31,4,lane_closed
2026-09-05T17:49+02:00,A15,L,64.67,4,speedlimit
2026-09-05T17:49+02:00,A15,R,49.0,2,lane_closed
2026-09-05T17:49+02:00,A20,L,47.5,2,speedlimit
2026-09-05T17:49+02:00,A20,R,42.485,1,speedlimit
2026-09-05T17:49+02:00,A15,L,65.685,1,speedlimit
2026-09-05T17:49+02:00,A4,m,73.974,2,speedlimit
2026-09-05T17:49+02:00,A4,L,18.71,1,speedlimit
2026-09-05T17:49+02:00,A15,L,64.67,1,lane_closed
2026-09-05T17:49+02:00,A4,L,17.525,4,speedlimit
2026-09-05T17:49+02:00,A4,L,20.975,1,speedlimit
2026-09-05T17:49+02:00,A4,R,76.6,2,lane_closed
2026-09-05T17:49+02:00,A15,R,54.7,1,lane_closed
2026-09-05T17:49+02:00,A15,R,52.32,1,lane_closed
2026-09-05T17:49+02:00,A15,m,94.725,1,speedlimit
2026-09-05T17:49+02:00,A4,L,13.747,4,lane_closed
2026-09-05T17:49+02:00,A20,R,26.93,2,speedlimit
2026-09-05T17:49+02:00,A20,L,30.9,3,speedlimit
2026-09-05T17:49+02:00,A13,L,18.8,3,speedlimit
2026-09-05T17:49+02:00,A20,L,46.045,1,speedlimit
2026-09-05T17:49+02:00,A15,R,46.614,1,speedlimit
2026-09-05T17:49+02:00,A20,R,28.8,1,speedlimit
2026-09-05T17:49+02:00,A16,R,15.73,1,speedlimit
2026-09-05T17:49+02:00,A13,L,18.8,1,speedlimit
2026-09-05T17:49+02:00,A4,L,16.21,2,lane_closed_ahead
2026-09-05T17:49+02:00,A4,h,46.4,2,speedlimit
2026-09-05T17:49+02:00,A15,R,46.614,2,speedlimit
2026-09-05T17:49+02:00,A4,L,21.867,2,speedlimit
2026-09-05T17:49+02:00,A13,R,16.2,2,speedlimit
2026-09-05T17:49+02:00,A4,L,15.447,4,lane_closed_ahead
2026-09-05T17:49+02:00,A16,R,22.7,2,speedlimit
2026-09-05T17:49+02:00,A4,L,5.549,2,speedlimit
2026-09-05T17:49+02:00,A4,R,52.598,1,speedlimit
2026-09-05T17:49+02:00,A20,L,31.4,3,speedlimit
2026-09-05T17:49+02:00,A20,R,40.2,2,speedlimit
2026-09-05T17:49+02:00,A20,L,30.196,4,speedlimit
2026-09-05T17:49+02:00,A20,L,48.2,1,speedlimit
2026-09-05T17:49+02:00,A15,R,49.99,1,lane_closed
2026-09-05T17:49+02:00,A4,L,19.48,3,speedlimit
2026-09-05T17:49+02:00,A4,L,5.225,5,speedlimit
2026-09-05T17:49+02:00,A13,R,18.2,2,speedlimit
2026-09-05T17:49+02:00,A15,R,48.332,1,lane_closed
2026-09-05T17:49+02:00,A4,R,76.9,4,speedlimit
2026-09-05T17:49+02:00,A13,L,17.8,1,speedlimit
2026-09-05T17:49+02:00,A4,R,50.898,1,speedlimit
2026-09-05T17:49+02:00,A20,R,29.8,1,speedlimit
2026-09-05T17:49+02:00,A20,R,31.26,2,speedlimit
2026-09-05T17:49+02:00,A4,L,15.447,5,speedlimit
2026-09-05T17:49+02:00,A20,r,35.245,2,speedlimit
2026-09-05T17:49+02:00,A4,L,15.749,2,lane_closed
2026-09-05T17:49+02:00,A15,m,59.11,3,speedlimit
2026-09-05T17:49+02:00,A15,R,50.87,2,lane_closed
2026-09-05T17:49+02:00,A4,L,16.21,5,speedlimit
2026-09-05T17:49+02:00,A20,R,39.515,3,speedlimit
2026-09-05T17:49+02:00,A4,L,14.37,3,lane_closed
2026-09-05T17:49+02:00,A15,x,56.6,1,lane_closed
2026-09-05T17:49+02:00,A20,R,31.26,3,speedlimit
2026-09-05T17:49+02:00,A4,R,74.737,3,speedlimit
2026-09-05T17:49+02:00,A20,L,46.4,2,speedlimit
2026-09-05T17:49+02:00,A20,R,26.64,3,speedlimit
2026-09-05T17:49+02:00,A20,R,26.64,4,speedlimit
2026-09-05T17:49+02:00,A4,L,21.867,1,speedlimit
2026-09-05T17:49+02:00,A20,R,38.91,1,speedlimit
2026-09-05T17:49+02:00,A20,R,26.4,1,speedlimit
2026-09-05T17:49+02:00,A13,R,17.1,1,speedlimit
2026-09-05T17:49+02:00,A15,R,59.2,3,lane_closed
2026-09-05T17:49+02:00,A4,L,20.08,3,speedlimit
2026-09-05T17:49+02:00,A16,R,16.3,4,speedlimit
2026-09-05T17:49+02:00,A20,R,29.5,3,speedlimit
2026-09-05T17:49+02:00,A20,L,47.0,2,speedlimit
2026-09-05T17:49+02:00,A15,R,58.46,4,lane_closed
2026-09-05T17:49+02:00,A20,L,47.8,2,speedlimit
2026-09-05T17:49+02:00,A4,L,15.749,1,lane_closed
2026-09-05T17:49+02:00,A4,R,75.214,5,speedlimit
2026-09-05T17:49+02:00,A4,R,55.08,3,speedlimit
2026-09-05T17:49+02:00,A13,L,13.7,4,lane_closed
2026-09-05T17:49+02:00,A15,R,47.775,3,lane_closed_ahead
2026-09-05T17:49+02:00,A15,L,63.56,2,speedlimit
2026-09-05T17:49+02:00,A20,L,47.0,1,speedlimit
2026-09-05T17:49+02:00,A20,R,41.6,2,speedlimit
2026-09-05T17:49+02:00,A13,L,14.2,4,lane_closed
2026-09-05T17:49+02:00,A4,R,74.737,5,speedlimit
2026-09-05T17:49+02:00,A15,R,60.76,2,lane_closed
2026-09-05T17:49+02:00,A16,R,16.3,5,speedlimit
2026-09-05T17:49+02:00,A4,h,46.4,1,speedlimit
2026-09-05T17:49+02:00,A15,y,54.475,2,speedlimit
2026-09-05T17:49+02:00,A15,R,46.17,1,speedlimit
2026-09-05T17:49+02:00,A15,x,56.25,2,speedlimit
2026-09-05T17:49+02:00,A15,x,55.14,2,speedlimit
2026-09-05T17:49+02:00,A4,R,52.598,3,speedlimit
2026-09-05T17:49+02:00,A4,R,49.84,3,speedlimit
2026-09-05T17:49+02:00,A20,t,29.6,1,speedlimit
2026-09-05T17:49+02:00,A15,R,47.775,2,lane_closed
2026-09-05T17:49+02:00,A15,n,96.42,1,speedlimit
2026-09-05T17:49+02:00,A15,L,65.685,4,speedlimit
2026-09-05T17:49+02:00,A16,R,22.7,3,speedlimit
2026-09-05T17:49+02:00,A20,R,29.8,4,speedlimit
2026-09-05T17:49+02:00,A4,L,14.37,6,speedlimit
2026-09-05T17:49+02:00,A20,L,46.4,1,speedlimit
2026-09-05T17:49+02:00,A13,R,18.7,2,speedlimit
2026-09-05T17:49+02:00,A4,R,50.433,3,speedlimit
2026-09-05T17:49+02:00,A20,R,27.488,1,speedlimit
2026-09-05T17:49+02:00,A4,L,18.71,2,speedlimit
2026-09-05T17:49+02:00,A4,R,55.08,2,speedlimit
2026-09-05T17:49+02:00,A15,R,48.69,2,lane_closed
2026-09-05T17:49+02:00,A16,R,23.2,3,speedlimit
2026-09-05T17:49+02:00,A15,m,59.11,1,speedlimit
2026-09-05T17:49+02:00,A15,R,77.003,2,speedlimit
2026-09-05T17:49+02:00,A20,R,29.5,2,speedlimit
2026-09-05T17:49+02:00,A20,L,27.2,2,speedlimit
2026-09-05T17:49+02:00,A13,R,18.963,1,speedlimit
2026-09-05T17:49+02:00,A15,R,46.468,3,speedlimit
2026-09-05T17:49+02:00,A13,L,17.1,1,speedlimit
2026-09-05T17:49+02:00,A4,R,74.194,2,speedlimit
2026-09-05T17:49+02:00,A20,L,31.88,3,speedlimit
2026-09-05T17:49+02:00,A20,L,45.61,2,speedlimit
2026-09-05T17:49+02:00,A13,L,19.7,1,speedlimit
2026-09-05T17:49+02:00,A4,R,75.214,4,speedlimit
2026-09-05T17:49+02:00,A13,L,17.1,4,speedlimit
2026-09-05T17:49+02:00,A4,R,50.433,1,speedlimit
2026-09-05T17:49+02:00,A4,R,52.018,1,speedlimit
2026-09-05T17:49+02:00,A13,R,16.655,2,speedlimit
2026-09-05T17:49+02:00,A4,R,75.71,2,speedlimit
2026-09-05T17:49+02:00,A4,R,50.433,4,speedlimit
2026-09-05T17:49+02:00,A4,L,14.794,4,lane_closed
2026-09-05T17:49+02:00,A15,R,56.1,1,lane_closed
2026-09-05T17:49+02:00,A13,L,15.55,5,lane_closed
2026-09-05T17:49+02:00,A20,u,35.09,3,speedlimit
2026-09-05T17:49+02:00,A4,R,51.388,1,speedlimit
2026-09-05T17:49+02:00,A15,x,56.6,2,speedlimit
2026-09-05T17:49+02:00,A15,R,47.07,2,speedlimit
2026-09-05T17:49+02:00,A4,L,14.794,5,lane_closed_ahead
2026-09-05T17:49+02:00,A4,L,14.794,1,lane_closed
2026-09-05T17:49+02:00,A4,L,23.0,2,speedlimit
2026-09-05T17:49+02:00,A15,R,59.95,3,lane_closed
2026-09-05T17:49+02:00,A4,L,20.975,2,speedlimit
2026-09-05T17:49+02:00,A4,R,52.598,2,speedlimit
2026-09-05T17:49+02:00,A4,L,5.225,1,speedlimit
2026-09-05T17:49+02:00,A20,L,32.8,3,speedlimit
2026-09-05T17:49+02:00,A4,L,22.537,1,speedlimit
2026-09-05T17:49+02:00,A15,R,58.46,1,lane_closed
2026-09-05T17:49+02:00,A15,R,52.32,2,lane_closed
2026-09-05T17:49+02:00,A16,R,23.2,4,speedlimit
2026-09-05T17:49+02:00,A20,R,30.196,1,speedlimit
2026-09-05T17:49+02:00,A20,L,29.826,4,speedlimit
2026-09-05T17:49+02:00,A15,R,52.92,3,lane_closed
2026-09-05T17:49+02:00,A15,x,55.59,2,speedlimit
2026-09-05T17:49+02:00,A4,L,14.37,4,lane_closed
2026-09-05T17:49+02:00,A15,R,46.356,3,speedlimit
2026-09-05T17:49+02:00,A20,s,29.6,1,speedlimit
2026-09-05T17:49+02:00,A20,L,28.57,2,speedlimit
2026-09-05T17:49+02:00,A20,R,30.6,2,speedlimit
2026-09-05T17:49+02:00,A15,R,59.57,1,lane_closed
2026-09-05T17:49+02:00,A15,n,96.42,3,lane_closed
2026-09-05T17:49+02:00,A15,L,65.25,3,speedlimit
2026-09-05T17:49+02:00,A13,L,17.1,2,speedlimit
2026-09-05T17:49+02:00,A15,y,54.475,1,speedlimit
2026-09-05T17:49+02:00,A15,R,57.31,5,lane_closed
2026-09-05T17:49+02:00,A20,L,28.57,3,speedlimit
2026-09-05T17:49+02:00,A15,R,59.57,3,lane_closed
2026-09-05T17:49+02:00,A15,L,64.67,3,speedlimit
2026-09-05T17:49+02:00,A20,R,26.4,4,speedlimit
2026-09-05T17:49+02:00,A20,R,30.196,2,speedlimit
2026-09-05T17:49+02:00,A4,L,15.447,2,lane_closed
2026-09-05T17:49+02:00,A13,R,17.8,3,speedlimit
2026-09-05T17:49+02:00,A15,m,94.725,3,speedlimit
2026-09-05T17:49+02:00,A15,n,95.855,2,speedlimit
2026-09-05T18:48+02:00,A4,L,7.369,4,speedlimit
2026-09-05T18:48+02:00,A15,R,47.07,3,speedlimit
2026-09-05T18:48+02:00,A15,R,49.0,1,lane_closed
2026-09-05T18:48+02:00,A13,L,16.7,1,speedlimit
2026-09-05T18:48+02:00,A15,R,46.769,1,speedlimit
2026-09-05T18:48+02:00,A15,y,47.092,2,speedlimit
2026-09-05T18:48+02:00,A4,R,50.898,4,speedlimit
2026-09-05T18:48+02:00,A15,R,59.2,2,lane_closed
2026-09-05T18:48+02:00,A4,L,19.48,2,speedlimit
2026-09-05T18:48+02:00,A15,R,45.92,4,speedlimit
2026-09-05T18:48+02:00,A20,R,22.735,2,speedlimit
2026-09-05T18:48+02:00,A20,L,30.196,2,speedlimit
2026-09-05T18:48+02:00,A15,R,77.003,3,speedlimit
2026-09-05T18:48+02:00,A15,R,45.92,2,speedlimit
2026-09-05T18:48+02:00,A15,R,52.92,1,lane_closed
2026-09-05T18:48+02:00,A13,R,16.655,1,speedlimit
2026-09-05T18:48+02:00,A13,R,17.1,2,speedlimit
2026-09-05T18:48+02:00,A15,R,54.04,1,lane_closed
2026-09-05T18:48+02:00,A4,L,6.902,1,speedlimit
2026-09-05T18:48+02:00,A4,L,5.93,1,speedlimit
2026-09-05T18:48+02:00,A4,L,20.08,2,speedlimit
2026-09-05T18:48+02:00,A15,R,58.05,4,lane_closed
2026-09-05T18:48+02:00,A15,R,53.47,3,lane_closed
2026-09-05T18:48+02:00,A15,R,55.59,2,lane_closed
2026-09-05T18:48+02:00,A15,R,51.28,1,lane_closed
2026-09-05T18:48+02:00,A4,R,50.898,3,speedlimit
2026-09-05T18:48+02:00,A15,R,48.69,1,lane_closed
2026-09-05T18:48+02:00,A15,R,55.59,1,lane_closed
2026-09-05T18:48+02:00,A4,L,19.48,1,speedlimit
2026-09-05T18:48+02:00,A15,R,77.003,1,speedlimit
2026-09-05T18:48+02:00,A15,R,47.775,1,lane_closed
2026-09-05T18:48+02:00,A13,R,18.5,1,speedlimit
2026-09-05T18:48+02:00,A20,L,29.5,2,speedlimit
2026-09-05T18:48+02:00,A15,R,50.87,1,lane_closed
2026-09-05T18:48+02:00,A16,y,22.6,1,speedlimit
2026-09-05T18:48+02:00,A13,R,18.5,4,speedlimit
2026-09-05T18:48+02:00,A13,R,18.2,3,speedlimit
2026-09-05T18:48+02:00,A4,R,50.433,2,speedlimit
2026-09-05T18:48+02:00,A15,R,49.0,3,lane_closed
2026-09-05T18:48+02:00,A20,R,28.1,1,speedlimit
2026-09-05T18:48+02:00,A20,R,30.196,3,speedlimit
2026-09-05T18:48+02:00,A4,L,4.44,3,lane_closed
2026-09-05T18:48+02:00,A15,R,47.775,5,speedlimit
2026-09-05T18:48+02:00,A15,R,46.468,1,speedlimit
2026-09-05T18:48+02:00,A15,R,51.88,3,lane_closed
2026-09-05T18:48+02:00,A15,p,50.4,1,lane_closed
2026-09-05T18:48+02:00,A20,L,36.94,1,lane_closed
2026-09-05T18:48+02:00,A15,R,58.05,1,lane_closed
2026-09-05T18:48+02:00,A4,f,7.841,2,speedlimit
2026-09-05T18:48+02:00,A15,R,58.46,2,lane_closed
2026-09-05T18:48+02:00,A15,R,46.17,3,speedlimit
2026-09-05T18:48+02:00,A15,R,56.6,3,lane_closed
2026-09-05T18:48+02:00,A15,n,95.855,3,speedlimit
2026-09-05T18:48+02:00,A4,R,76.9,1,lane_closed
2026-09-05T18:48+02:00,A13,R,17.8,2,speedlimit
2026-09-05T18:48+02:00,A4,L,5.225,6,speedlimit
2026-09-05T18:48+02:00,A4,f,7.4,2,speedlimit
2026-09-05T18:48+02:00,A15,x,56.25,1,lane_closed
2026-09-05T18:48+02:00,A20,s,29.6,2,speedlimit
2026-09-05T18:48+02:00,A15,L,65.25,2,speedlimit
2026-09-05T18:48+02:00,A4,L,18.17,3,lane_closed
2026-09-05T18:48+02:00,A15,L,65.685,3,speedlimit
2026-09-05T18:48+02:00,A4,L,70.215,2,speedlimit
2026-09-05T18:48+02:00,A15,R,52.32,3,lane_closed
2026-09-05T18:48+02:00,A4,L,7.841,3,speedlimit
2026-09-05T18:48+02:00,A15,y,47.43,2,speedlimit
2026-09-05T18:48+02:00,A15,n,96.82,1,speedlimit
2026-09-05T18:48+02:00,A15,m,95.76,2,speedlimit
2026-09-05T18:48+02:00,A15,R,58.05,2,lane_closed
2026-09-05T18:48+02:00,A4,R,74.737,1,lane_closed_ahead
2026-09-05T18:48+02:00,A15,x,46.135,3,speedlimit
2026-09-05T18:48+02:00,A20,R,26.93,4,speedlimit
2026-09-05T18:48+02:00,A20,R,28.57,3,speedlimit
2026-09-05T18:48+02:00,A13,L,18.8,2,speedlimit
2026-09-05T18:48+02:00,A15,R,60.49,4,speedlimit
2026-09-05T18:48+02:00,A15,R,50.31,1,lane_closed
2026-09-05T18:48+02:00,A20,R,27.235,1,speedlimit
2026-09-05T18:48+02:00,A20,L,28.41,2,speedlimit
2026-09-05T18:48+02:00,A20,v,23.52,1,lane_closed
2026-09-05T18:48+02:00,A15,R,47.07,1,lane_closed_ahead
2026-09-05T18:48+02:00,A15,R,57.78,1,lane_closed
2026-09-05T18:48+02:00,A4,R,51.388,2,speedlimit
2026-09-05T18:48+02:00,A20,R,23.0,4,speedlimit
2026-09-05T18:48+02:00,A15,R,48.69,4,speedlimit
2026-09-05T18:48+02:00,A20,R,27.79,2,speedlimit
2026-09-05T18:48+02:00,A13,R,18.5,3,speedlimit
2026-09-05T18:48+02:00,A20,R,28.57,4,speedlimit
2026-09-05T18:48+02:00,A20,R,31.26,4,speedlimit
2026-09-05T18:48+02:00,A20,L,29.826,2,speedlimit
2026-09-05T18:48+02:00,A20,L,35.925,1,lane_closed
2026-09-05T18:48+02:00,A20,L,28.57,1,speedlimit
2026-09-05T18:48+02:00,A20,R,29.5,4,speedlimit
2026-09-05T18:48+02:00,A4,L,20.56,3,speedlimit
2026-09-05T18:48+02:00,A15,x,46.135,1,speedlimit
2026-09-05T18:48+02:00,A15,n,96.82,2,speedlimit
2026-09-05T18:48+02:00,A15,R,54.04,3,lane_closed
2026-09-05T18:48+02:00,A4,L,7.526,2,speedlimit
2026-09-05T18:48+02:00,A15,m,60.07,1,speedlimit
2026-09-05T18:48+02:00,A4,L,7.072,1,speedlimit
2026-09-05T18:48+02:00,A20,R,28.1,2,speedlimit
2026-09-05T18:48+02:00,A20,R,26.64,1,speedlimit
2026-09-05T18:48+02:00,A15,L,64.2,2,speedlimit
2026-09-05T18:48+02:00,A4,L,7.841,4,speedlimit
2026-09-05T18:48+02:00,A15,R,60.49,3,lane_closed
2026-09-05T18:48+02:00,A15,R,48.69,3,lane_closed
2026-09-05T18:48+02:00,A4,f,6.9,1,speedlimit
2026-09-05T18:48+02:00,A20,L,32.8,2,speedlimit
2026-09-05T18:48+02:00,A4,L,8.14,2,speedlimit
2026-09-05T18:48+02:00,A15,L,65.25,4,speedlimit
2026-09-05T18:48+02:00,A15,R,59.2,1,lane_closed
2026-09-05T18:48+02:00,A13,L,17.1,3,speedlimit
2026-09-05T18:48+02:00,A4,L,7.22,3,speedlimit
2026-09-05T18:48+02:00,A4,L,20.56,2,speedlimit
2026-09-05T18:48+02:00,A20,L,36.625,1,lane_closed
2026-09-05T18:48+02:00,A4,L,5.549,6,speedlimit
2026-09-05T18:48+02:00,A15,x,47.025,2,speedlimit
2026-09-05T18:48+02:00,A20,L,27.488,1,speedlimit
2026-09-05T18:48+02:00,A4,L,69.949,4,lane_closed
2026-09-05T18:48+02:00,A20,L,27.2,1,speedlimit
2026-09-05T18:48+02:00,A4,h,46.06,2,speedlimit
2026-09-05T18:48+02:00,A4,R,74.737,2,speedlimit
2026-09-05T18:48+02:00,A15,R,59.57,2,lane_closed
2026-09-05T18:48+02:00,A20,L,27.8,2,speedlimit
2026-09-05T18:48+02:00,A15,R,58.05,5,lane_closed
2026-09-05T18:48+02:00,A13,L,18.2,3,speedlimit
2026-09-05T18:48+02:00,A4,L,18.17,2,speedlimit
2026-09-05T18:48+02:00,A20,R,22.735,1,speedlimit
2026-09-05T18:48+02:00,A4,L,70.215,3,speedlimit
2026-09-05T18:48+02:00,A20,L,31.88,1,speedlimit
2026-09-05T18:48+02:00,A15,R,51.88,4,lane_closed
2026-09-05T18:48+02:00,A13,L,16.7,2,speedlimit
2026-09-05T18:48+02:00,A20,L,30.9,2,speedlimit
2026-09-05T18:48+02:00,A15,R,46.859,2,speedlimit
2026-09-05T18:48+02:00,A4,f,7.5,1,speedlimit
2026-09-05T18:48+02:00,A20,L,28.085,1,speedlimit
2026-09-05T18:48+02:00,A15,R,58.05,3,lane_closed
2026-09-05T18:48+02:00,A15,R,53.47,1,lane_closed
2026-09-05T18:48+02:00,A20,R,30.6,1,speedlimit
2026-09-05T18:48+02:00,A13,R,17.1,3,speedlimit
2026-09-05T18:48+02:00,A20,R,26.93,3,speedlimit
2026-09-05T18:48+02:00,A20,L,31.4,1,speedlimit
2026-09-05T18:48+02:00,A15,m,95.3,1,speedlimit
2026-09-05T18:48+02:00,A4,L,5.225,3,speedlimit
2026-09-05T18:48+02:00,A15,R,54.7,2,lane_closed
2026-09-05T18:48+02:00,A4,L,7.526,4,speedlimit
2026-09-05T18:48+02:00,A4,L,8.14,4,speedlimit
2026-09-05T18:48+02:00,A4,L,69.949,3,speedlimit
2026-09-05T18:48+02:00,A20,L,31.1,2,speedlimit
2026-09-05T18:48+02:00,A15,R,53.47,2,lane_closed
2026-09-05T18:48+02:00,A13,g,18.7,2,speedlimit
2026-09-05T18:48+02:00,A15,L,65.685,2,speedlimit
2026-09-05T18:48+02:00,A15,x,55.59,1,lane_closed_ahead
2026-09-05T18:48+02:00,A20,L,31.4,2,speedlimit
2026-09-05T18:48+02:00,A20,R,23.27,2,speedlimit
2026-09-05T18:48+02:00,A4,L,7.072,3,speedlimit
2026-09-05T18:48+02:00,A4,R,75.214,2,speedlimit
2026-09-05T18:48+02:00,A15,R,46.356,2,speedlimit
2026-09-05T18:48+02:00,A4,f,7.4,1,speedlimit
2026-09-05T18:48+02:00,A15,y,47.43,3,speedlimit
2026-09-05T18:48+02:00,A13,L,15.9,3,lane_closed
2026-09-05T18:48+02:00,A15,m,95.3,3,speedlimit
2026-09-05T18:48+02:00,A4,L,7.841,2,speedlimit
2026-09-05T18:48+02:00,A15,x,55.14,1,speedlimit
2026-09-05T18:48+02:00,A15,R,56.1,3,lane_closed
2026-09-05T18:48+02:00,A13,R,16.2,1,speedlimit
2026-09-05T18:48+02:00,A4,R,74.737,4,speedlimit
2026-09-05T18:48+02:00,A15,R,49.99,2,lane_closed
2026-09-05T18:48+02:00,A13,R,18.5,2,speedlimit
2026-09-05T18:48+02:00,A20,L,30.196,1,speedlimit
2026-09-05T18:48+02:00,A4,f,6.6,1,speedlimit
2026-09-05T18:48+02:00,A4,R,51.388,3,speedlimit
2026-09-05T18:48+02:00,A4,R,76.6,3,speedlimit
2026-09-05T18:48+02:00,A20,R,27.79,1,speedlimit
2026-09-05T18:48+02:00,A20,L,29.826,1,speedlimit
2026-09-05T18:48+02:00,A4,R,52.598,4,speedlimit
2026-09-05T18:48+02:00,A15,R,56.1,2,lane_closed
2026-09-05T18:48+02:00,A4,R,50.898,2,speedlimit
2026-09-05T18:48+02:00,A20,R,28.41,2,speedlimit
2026-09-05T18:48+02:00,A4,L,6.902,4,speedlimit
2026-09-05T18:48+02:00,A4,R,75.214,1,lane_closed
2026-09-05T18:48+02:00,A15,R,55.14,2,lane_closed
2026-09-05T18:48+02:00,A15,R,48.69,5,speedlimit
2026-09-05T18:48+02:00,A4,R,75.214,3,speedlimit
2026-09-05T18:48+02:00,A4,L,5.549,1,speedlimit
2026-09-05T18:48+02:00,A4,R,52.598,5,lane_closed
2026-09-05T18:48+02:00,A4,R,74.194,1,speedlimit
2026-09-05T18:48+02:00,A20,R,29.1,1,speedlimit
2026-09-05T18:48+02:00,A15,R,52.92,2,lane_closed
2026-09-05T18:48+02:00,A15,R,46.17,2,speedlimit
2026-09-05T18:48+02:00,A13,R,17.8,1,speedlimit
2026-09-05T18:48+02:00,A20,R,28.41,1,speedlimit
2026-09-05T18:48+02:00,A20,R,31.9,2,speedlimit
2026-09-05T18:48+02:00,A4,f,6.9,2,speedlimit
2026-09-05T18:48+02:00,A4,L,18.17,1,speedlimit
2026-09-05T18:48+02:00,A20,L,31.1,3,speedlimit
2026-09-05T18:48+02:00,A4,R,76.9,3,lane_closed
2026-09-05T18:48+02:00,A15,x,55.14,3,speedlimit
2026-09-05T18:48+02:00,A15,R,57.78,4,lane_closed
2026-09-05T18:48+02:00,A15,R,57.31,3,lane_closed
2026-09-05T18:48+02:00,A15,R,49.61,2,lane_closed
2026-09-05T18:48+02:00,A15,R,54.04,2,lane_closed
2026-09-05T18:48+02:00,A15,R,60.49,2,lane_closed
2026-09-05T18:48+02:00,A20,R,27.488,2,speedlimit
2026-09-05T18:48+02:00,A16,y,21.1,1,speedlimit
2026-09-05T18:48+02:00,A20,t,28.895,1,speedlimit
2026-09-05T18:48+02:00,A20,L,32.8,1,speedlimit
2026-09-05T18:48+02:00,A15,p,50.05,1,lane_closed
2026-09-05T18:48+02:00,A20,R,28.8,2,speedlimit
2026-09-05T18:48+02:00,A20,L,31.1,1,speedlimit
2026-09-05T18:48+02:00,A13,L,16.19,3,lane_closed
2026-09-05T18:48+02:00,A4,R,76.07,1,lane_closed
2026-09-05T18:48+02:00,A13,L,15.035,5,lane_closed
2026-09-05T18:48+02:00,A4,R,52.018,2,speedlimit
2026-09-05T18:48+02:00,A16,y,21.1,3,speedlimit
2026-09-05T18:48+02:00,A20,L,27.8,1,speedlimit
2026-09-05T18:48+02:00,A15,R,51.88,2,lane_closed
2026-09-05T18:48+02:00,A20,R,23.0,2,speedlimit
2026-09-05T18:48+02:00,A4,R,76.6,1,lane_closed
2026-09-05T18:48+02:00,A20,R,29.1,2,speedlimit
2026-09-05T18:48+02:00,A13,g,18.7,1,speedlimit
2026-09-05T18:48+02:00,A15,R,51.28,2,lane_closed
2026-09-05T18:48+02:00,A15,R,55.14,3,lane_closed
2026-09-05T18:48+02:00,A20,R,28.57,2,speedlimit
2026-09-05T18:48+02:00,A20,R,26.64,2,speedlimit
2026-09-05T18:48+02:00,A4,L,7.22,2,speedlimit
2026-09-05T18:48+02:00,A15,L,64.2,3,speedlimit
2026-09-05T18:48+02:00,A20,L,29.1,1,speedlimit
2026-09-05T18:48+02:00,A13,L,18.2,1,speedlimit
2026-09-05T18:48+02:00,A16,y,21.6,1,speedlimit
2026-09-05T18:48+02:00,A15,L,64.67,2,speedlimit
2026-09-05T18:48+02:00,A13,L,12.7,4,lane_closed
2026-09-05T18:48+02:00,A20,L,31.88,2,speedlimit
2026-09-05T18:48+02:00,A4,R,76.07,2,lane_closed
2026-09-05T18:48+02:00,A13,L,19.7,2,speedlimit
2026-09-05T18:48+02:00,A16,y,21.1,2,speedlimit
2026-09-05T18:48+02:00,A15,R,48.332,2,lane_closed
2026-09-05T18:48+02:00,A15,R,51.88,1,lane_closed
2026-09-05T18:48+02:00,A20,R,22.735,3,speedlimit
2026-09-05T18:48+02:00,A15,m,95.76,3,lane_closed
2026-09-05T18:48+02:00,A20,L,28.085,2,speedlimit
2026-09-05T18:48+02:00,A15,R,54.7,3,lane_closed
2026-09-05T18:48+02:00,A4,R,76.07,3,speedlimit
2026-09-05T18:48+02:00,A15,x,46.135,2,speedlimit
2026-09-05T18:48+02:00,A15,R,55.14,1,lane_closed
2026-09-05T18:48+02:00,A20,R,30.6,3,speedlimit
2026-09-05T18:48+02:00,A4,L,20.08,1,speedlimit
2026-09-05T18:48+02:00,A20,L,35.52,1,lane_closed
2026-09-05T18:48+02:00,A15,m,95.3,2,speedlimit
2026-09-05T18:48+02:00,A20,R,29.8,2,speedlimit
2026-09-05T18:48+02:00,A4,R,52.018,4,lane_closed
2026-09-05T18:48+02:00,A15,m,95.76,1,speedlimit
2026-09-05T18:48+02:00,A15,L,64.2,1,lane_closed
2026-09-05T18:48+02:00,A20,R,27.235,2,speedlimit
2026-09-05T18:48+02:00,A20,L,37.3,1,lane_closed
2026-09-05T18:48+02:00,A15,R,59.95,1,lane_closed
2026-09-05T18:48+02:00,A13,R,18.2,1,speedlimit
2026-09-05T18:48+02:00,A4,L,4.44,2,speedlimit
2026-09-05T18:48+02:00,A15,x,55.59,3,speedlimit
2026-09-05T18:48+02:00,A15,L,65.25,1,lane_closed_ahead
2026-09-05T18:48+02:00,A16,y,21.6,2,speedlimit
2026-09-05T18:48+02:00,A15,R,55.59,3,lane_closed
2026-09-05T18:48+02:00,A15,R,47.775,4,speedlimit
2026-09-05T18:48+02:00,A4,f,7.841,4,speedlimit
2026-09-05T18:48+02:00,A4,f,7.1,1,speedlimit
2026-09-05T18:48+02:00,A15,e,95.55,1,speedlimit
2026-09-05T18:48+02:00,A4,L,70.215,1,speedlimit
2026-09-05T18:48+02:00,A4,L,6.592,3,speedlimit
2026-09-05T18:48+02:00,A13,e,19.1,1,speedlimit
2026-09-05T18:48+02:00,A15,R,46.356,1,speedlimit
2026-09-05T18:48+02:00,A4,L,8.14,1,speedlimit
2026-09-05T18:48+02:00,A15,n,96.42,2,speedlimit
2026-09-05T18:48+02:00,A15,R,60.49,1,lane_closed
2026-09-05T18:48+02:00,A13,L,17.8,3,speedlimit
2026-09-05T18:48+02:00,A20,R,22.735,5,speedlimit
2026-09-05T18:48+02:00,A15,R,49.61,3,lane_closed
2026-09-05T18:48+02:00,A4,f,7.841,3,speedlimit
2026-09-05T18:48+02:00,A15,R,48.332,5,speedlimit
2026-09-05T18:48+02:00,A4,L,5.93,3,speedlimit
2026-09-05T18:48+02:00,A4,R,75.71,1,lane_closed
2026-09-05T18:48+02:00,A15,R,57.78,5,lane_closed
2026-09-05T18:48+02:00,A20,R,31.26,1,speedlimit
2026-09-05T18:48+02:00,A4,L,5.93,5,speedlimit
2026-09-05T18:48+02:00,A4,L,7.526,1,speedlimit
2026-09-05T18:48+02:00,A15,R,45.92,1,speedlimit
2026-09-05T18:48+02:00,A4,L,7.841,1,speedlimit
2026-09-05T18:48+02:00,A15,R,50.31,2,lane_closed
2026-09-05T18:48+02:00,A4,R,76.9,2,lane_closed
2026-09-05T18:48+02:00,A15,R,59.2,4,lane_closed
2026-09-05T18:48+02:00,A15,R,46.468,2,speedlimit
2026-09-05T18:48+02:00,A15,y,47.092,1,speedlimit
2026-09-05T18:48+02:00,A20,L,29.826,3,speedlimit
2026-09-05T18:48+02:00,A4,h,45.58,3,lane_closed
2026-09-05T18:48+02:00,A20,L,29.5,1,speedlimit
2026-09-05T18:48+02:00,A20,R,28.8,3,speedlimit
2026-09-05T18:48+02:00,A20,R,29.5,1,speedlimit
2026-09-05T18:48+02:00,A4,f,7.2,1,speedlimit
2026-09-05T18:48+02:00,A15,R,60.76,3,lane_closed
2026-09-05T18:48+02:00,A15,R,46.769,2,speedlimit
2026-09-05T18:48+02:00,A15,R,59.95,2,lane_closed
2026-09-05T18:48+02:00,A15,R,46.614,3,speedlimit
2026-09-05T18:48+02:00,A13,L,11.25,4,lane_closed
2026-09-05T18:48+02:00,A20,L,30.9,1,speedlimit
2026-09-05T18:48+02:00,A4,f,7.2,2,speedlimit
2026-09-05T18:48+02:00,A15,R,56.6,1,lane_closed
2026-09-05T18:48+02:00,A4,L,6.592,2,speedlimit
2026-09-05T18:48+02:00,A13,R,18.2,4,speedlimit
2026-09-05T18:48+02:00,A4,L,5.93,4,speedlimit
2026-09-05T18:48+02:00,A15,R,47.332,1,lane_closed
2026-09-05T18:48+02:00,A15,r,45.853,2,speedlimit
2026-09-05T18:48+02:00,A15,x,56.6,3,speedlimit
2026-09-05T18:48+02:00,A4,L,4.44,1,speedlimit
2026-09-05T18:48+02:00,A4,R,52.018,3,speedlimit
2026-09-05T18:48+02:00,A4,L,69.949,1,speedlimit
2026-09-05T18:48+02:00,A13,R,18.7,1,speedlimit
2026-09-05T18:48+02:00,A15,L,64.67,5,speedlimit
2026-09-05T18:48+02:00,A16,y,22.2,2,speedlimit
2026-09-05T18:48+02:00,A15,n,95.855,1,speedlimit
2026-09-05T18:48+02:00,A4,L,5.93,6,speedlimit
2026-09-05T18:48+02:00,A20,c,27.488,1,speedlimit
2026-09-05T18:48+02:00,A20,R,31.9,3,speedlimit
2026-09-05T18:48+02:00,A13,R,16.655,3,speedlimit
2026-09-05T18:48+02:00,A4,L,7.22,4,speedlimit
2026-09-05T18:48+02:00,A15,m,94.725,2,speedlimit
2026-09-05T18:48+02:00,A4,L,18.71,3,lane_closed
2026-09-05T18:48+02:00,A20,L,29.1,2,speedlimit
2026-09-05T18:48+02:00,A15,L,63.56,1,lane_closed
2026-09-05T18:48+02:00,A15,f,96.0,1,lane_closed
2026-09-05T18:48+02:00,A15,R,46.859,3,speedlimit
2026-09-05T18:48+02:00,A20,R,29.8,3,speedlimit
2026-09-05T18:48+02:00,A13,L,18.2,2,speedlimit
2026-09-05T18:48+02:00,A20,R,26.4,3,speedlimit
2026-09-05T18:48+02:00,A4,f,6.6,2,speedlimit
2026-09-05T18:48+02:00,A15,R,60.76,4,speedlimit
2026-09-05T18:48+02:00,A20,R,26.93,1,speedlimit
2026-09-05T18:48+02:00,A15,R,46.859,1,speedlimit
2026-09-05T18:48+02:00,A15,R,48.332,3,lane_closed
2026-09-05T18:48+02:00,A15,R,58.46,3,lane_closed
2026-09-05T18:48+02:00,A15,R,60.76,1,lane_closed
2026-09-05T18:48+02:00,A4,L,5.549,3,speedlimit
2026-09-05T18:48+02:00,A4,L,6.592,1,speedlimit
2026-09-05T18:48+02:00,A20,R,26.4,2,speedlimit
2026-09-05T18:48+02:00,A15,R,48.332,4,speedlimit
2026-09-05T18:48+02:00,A15,L,63.56,3,speedlimit
2026-09-05T18:48+02:00,A20,L,27.488,2,speedlimit
2026-09-05T18:48+02:00,A20,L,30.196,3,speedlimit
2026-09-05T18:48+02:00,A4,h,46.06,1,speedlimit
2026-09-05T18:48+02:00,A20,R,23.0,5,speedlimit
2026-09-05T18:48+02:00,A4,L,5.549,4,lane_closed_ahead
2026-09-05T18:48+02:00,A20,R,23.0,1,speedlimit
2026-09-05T18:48+02:00,A15,R,49.61,1,lane_closed
2026-09-05T18:48+02:00,A4,f,7.1,2,speedlimit
2026-09-05T18:48+02:00,A20,L,28.41,1,speedlimit
2026-09-05T18:48+02:00,A15,R,45.92,3,speedlimit
2026-09-05T18:48+02:00,A13,L,13.18,4,lane_closed
2026-09-05T18:48+02:00,A15,R,57.78,2,lane_closed
2026-09-05T18:48+02:00,A15,R,57.78,3,lane_closed
2026-09-05T18:48+02:00,A15,x,47.025,1,speedlimit
2026-09-05T18:48+02:00,A15,R,57.31,2,lane_closed
2026-09-05T18:48+02:00,A13,L,17.8,2,speedlimit
2026-09-05T18:48+02:00,A15,R,56.6,2,lane_closed
2026-09-05T18:48+02:00,A15,x,45.853,1,speedlimit
2026-09-05T18:48+02:00,A4,L,5.93,2,speedlimit
2026-09-05T18:48+02:00,A20,R,28.57,1,speedlimit
2026-09-05T18:48+02:00,A4,L,5.549,5,speedlimit
2026-09-05T18:48+02:00,A20,R,30.196,4,speedlimit
2026-09-05T18:48+02:00,A4,L,6.902,2,speedlimit
2026-09-05T18:48+02:00,A4,L,20.56,1,speedlimit
2026-09-05T18:48+02:00,A4,L,69.949,2,speedlimit
2026-09-05T18:48+02:00,A16,y,21.6,3,speedlimit
2026-09-05T18:48+02:00,A4,L,5.225,2,speedlimit
2026-09-05T18:48+02:00,A15,R,47.332,2,lane_closed_ahead
2026-09-05T18:48+02:00,A20,t,29.6,2,speedlimit
2026-09-05T18:48+02:00,A4,L,5.225,4,lane_closed
2026-09-05T18:48+02:00,A20,L,38.3,1,lane_closed_ahead
2026-09-05T18:48+02:00,A15,R,46.769,3,speedlimit
2026-09-05T18:48+02:00,A15,R,57.31,4,lane_closed
2026-09-05T18:48+02:00,A15,L,64.67,4,speedlimit
2026-09-05T18:48+02:00,A15,R,49.0,2,lane_closed
2026-09-05T18:48+02:00,A15,L,65.685,1,speedlimit
2026-09-05T18:48+02:00,A4,L,18.71,1,speedlimit
2026-09-05T18:48+02:00,A15,L,64.67,1,lane_closed
2026-09-05T18:48+02:00,A15,r,45.853,1,speedlimit
2026-09-05T18:48+02:00,A4,R,76.6,2,lane_closed
2026-09-05T18:48+02:00,A15,R,54.7,1,lane_closed
2026-09-05T18:48+02:00,A15,R,52.32,1,lane_closed
2026-09-05T18:48+02:00,A15,m,94.725,1,speedlimit
2026-09-05T18:48+02:00,A4,L,7.369,3,speedlimit
2026-09-05T18:48+02:00,A20,R,26.93,2,speedlimit
2026-09-05T18:48+02:00,A20,L,30.9,3,speedlimit
2026-09-05T18:48+02:00,A13,L,18.8,3,speedlimit
2026-09-05T18:48+02:00,A16,y,22.6,2,speedlimit
2026-09-05T18:48+02:00,A15,R,46.614,1,speedlimit
2026-09-05T18:48+02:00,A4,L,7.22,1,speedlimit
2026-09-05T18:48+02:00,A20,L,37.8,1,lane_closed
2026-09-05T18:48+02:00,A20,R,28.8,1,speedlimit
2026-09-05T18:48+02:00,A13,L,18.8,1,speedlimit
2026-09-05T18:48+02:00,A4,h,46.4,2,speedlimit
2026-09-05T18:48+02:00,A15,R,46.614,2,speedlimit
2026-09-05T18:48+02:00,A13,R,16.2,2,speedlimit
2026-09-05T18:48+02:00,A4,L,5.549,2,speedlimit
2026-09-05T18:48+02:00,A4,L,6.592,4,speedlimit
2026-09-05T18:48+02:00,A4,R,52.598,1,speedlimit
2026-09-05T18:48+02:00,A20,L,31.4,3,speedlimit
2026-09-05T18:48+02:00,A20,L,30.196,4,speedlimit
2026-09-05T18:48+02:00,A15,R,49.99,1,lane_closed
2026-09-05T18:48+02:00,A4,L,19.48,3,lane_closed_ahead
2026-09-05T18:48+02:00,A4,L,5.225,5,speedlimit
2026-09-05T18:48+02:00,A13,R,18.2,2,speedlimit
2026-09-05T18:48+02:00,A4,L,6.902,3,speedlimit
2026-09-05T18:48+02:00,A15,R,48.332,1,lane_closed
2026-09-05T18:48+02:00,A4,R,76.9,4,speedlimit
2026-09-05T18:48+02:00,A13,L,17.8,1,speedlimit
2026-09-05T18:48+02:00,A4,R,50.898,1,speedlimit
2026-09-05T18:48+02:00,A20,R,29.8,1,speedlimit
2026-09-05T18:48+02:00,A20,R,31.26,2,speedlimit
2026-09-05T18:48+02:00,A4,f,7.5,2,speedlimit
2026-09-05T18:48+02:00,A15,R,50.87,2,lane_closed
2026-09-05T18:48+02:00,A15,x,56.6,1,lane_closed
2026-09-05T18:48+02:00,A20,R,31.26,3,speedlimit
2026-09-05T18:48+02:00,A4,R,74.737,3,speedlimit
2026-09-05T18:48+02:00,A20,R,26.64,3,speedlimit
2026-09-05T18:48+02:00,A20,R,26.64,4,speedlimit
2026-09-05T18:48+02:00,A15,y,47.43,1,speedlimit
2026-09-05T18:48+02:00,A20,R,26.4,1,speedlimit
2026-09-05T18:48+02:00,A13,R,17.1,1,speedlimit
2026-09-05T18:48+02:00,A15,R,59.2,3,lane_closed
2026-09-05T18:48+02:00,A4,L,7.369,1,speedlimit
2026-09-05T18:48+02:00,A4,L,20.08,3,speedlimit
2026-09-05T18:48+02:00,A20,R,29.5,3,speedlimit
2026-09-05T18:48+02:00,A15,R,58.46,4,lane_closed
2026-09-05T18:48+02:00,A4,R,75.214,5,speedlimit
2026-09-05T18:48+02:00,A13,L,13.7,4,lane_closed
2026-09-05T18:48+02:00,A15,R,47.775,3,lane_closed_ahead
2026-09-05T18:48+02:00,A15,L,63.56,2,speedlimit
2026-09-05T18:48+02:00,A13,L,14.2,4,lane_closed
2026-09-05T18:48+02:00,A4,R,74.737,5,speedlimit
2026-09-05T18:48+02:00,A15,R,60.76,2,lane_closed
2026-09-05T18:48+02:00,A4,h,46.4,1,speedlimit
2026-09-05T18:48+02:00,A15,R,46.17,1,speedlimit
2026-09-05T18:48+02:00,A15,x,56.25,2,speedlimit
2026-09-05T18:48+02:00,A15,x,55.14,2,speedlimit
2026-09-05T18:48+02:00,A4,R,52.598,3,speedlimit
2026-09-05T18:48+02:00,A20,t,29.6,1,speedlimit
2026-09-05T18:48+02:00,A15,R,47.775,2,lane_closed
2026-09-05T18:48+02:00,A15,n,96.42,1,speedlimit
2026-09-05T18:48+02:00,A15,L,65.685,4,speedlimit
2026-09-05T18:48+02:00,A20,R,23.27,1,speedlimit
2026-09-05T18:48+02:00,A20,R,29.8,4,speedlimit
2026-09-05T18:48+02:00,A4,L,8.14,3,speedlimit
2026-09-05T18:48+02:00,A13,R,18.7,2,speedlimit
2026-09-05T18:48+02:00,A4,R,50.433,3,speedlimit
2026-09-05T18:48+02:00,A20,R,27.488,1,speedlimit
2026-09-05T18:48+02:00,A4,L,18.71,2,speedlimit
2026-09-05T18:48+02:00,A15,R,48.69,2,lane_closed
2026-09-05T18:48+02:00,A15,R,77.003,2,speedlimit
2026-09-05T18:48+02:00,A20,R,29.5,2,speedlimit
2026-09-05T18:48+02:00,A20,L,27.2,2,speedlimit
2026-09-05T18:48+02:00,A13,R,18.963,1,speedlimit
2026-09-05T18:48+02:00,A15,R,46.468,3,speedlimit
2026-09-05T18:48+02:00,A13,L,17.1,1,speedlimit
2026-09-05T18:48+02:00,A4,R,74.194,2,speedlimit
2026-09-05T18:48+02:00,A20,L,31.88,3,speedlimit
2026-09-05T18:48+02:00,A20,R,23.27,3,lane_closed
2026-09-05T18:48+02:00,A13,L,19.7,1,speedlimit
2026-09-05T18:48+02:00,A4,R,75.214,4,speedlimit
2026-09-05T18:48+02:00,A13,L,17.1,4,speedlimit
2026-09-05T18:48+02:00,A4,R,50.433,1,speedlimit
2026-09-05T18:48+02:00,A4,L,7.072,2,speedlimit
2026-09-05T18:48+02:00,A4,R,52.018,1,speedlimit
2026-09-05T18:48+02:00,A13,R,16.655,2,speedlimit
2026-09-05T18:48+02:00,A4,R,75.71,2,speedlimit
2026-09-05T18:48+02:00,A4,R,50.433,4,speedlimit
2026-09-05T18:48+02:00,A15,R,56.1,1,lane_closed
2026-09-05T18:48+02:00,A13,L,15.55,5,lane_closed
2026-09-05T18:48+02:00,A4,R,51.388,1,speedlimit
2026-09-05T18:48+02:00,A4,L,7.072,4,speedlimit
2026-09-05T18:48+02:00,A15,x,56.6,2,speedlimit
2026-09-05T18:48+02:00,A15,R,47.07,2,speedlimit
2026-09-05T18:48+02:00,A15,R,59.95,3,lane_closed
2026-09-05T18:48+02:00,A4,R,52.598,2,speedlimit
2026-09-05T18:48+02:00,A4,L,5.225,1,speedlimit
2026-09-05T18:48+02:00,A20,L,32.8,3,speedlimit
2026-09-05T18:48+02:00,A15,R,58.46,1,lane_closed
2026-09-05T18:48+02:00,A20,R,23.0,3,lane_closed_ahead
2026-09-05T18:48+02:00,A20,R,22.735,4,speedlimit
2026-09-05T18:48+02:00,A15,R,52.32,2,lane_closed
2026-09-05T18:48+02:00,A4,L,7.369,2,speedlimit
2026-09-05T18:48+02:00,A20,R,30.196,1,speedlimit
2026-09-05T18:48+02:00,A20,L,29.826,4,speedlimit
2026-09-05T18:48+02:00,A15,R,52.92,3,lane_closed
2026-09-05T18:48+02:00,A15,x,55.59,2,speedlimit
2026-09-05T18:48+02:00,A16,y,22.2,1,speedlimit
2026-09-05T18:48+02:00,A15,R,46.356,3,speedlimit
2026-09-05T18:48+02:00,A20,s,29.6,1,speedlimit
2026-09-05T18:48+02:00,A4,L,7.526,3,speedlimit
2026-09-05T18:48+02:00,A20,L,28.57,2,speedlimit
2026-09-05T18:48+02:00,A20,R,30.6,2,speedlimit
2026-09-05T18:48+02:00,A15,R,59.57,1,lane_closed
2026-09-05T18:48+02:00,A15,n,96.42,3,lane_closed
2026-09-05T18:48+02:00,A15,L,65.25,3,speedlimit
2026-09-05T18:48+02:00,A13,L,17.1,2,speedlimit
2026-09-05T18:48+02:00,A15,R,57.31,5,lane_closed
2026-09-05T18:48+02:00,A20,L,28.57,3,speedlimit
2026-09-05T18:48+02:00,A15,R,59.57,3,lane_closed
2026-09-05T18:48+02:00,A15,L,64.67,3,speedlimit
2026-09-05T18:48+02:00,A20,R,26.4,4,speedlimit
2026-09-05T18:48+02:00,A20,R,30.196,2,speedlimit
2026-09-05T18:48+02:00,A13,R,17.8,3,speedlimit
2026-09-05T18:48+02:00,A15,m,94.725,3,speedlimit
2026-09-05T18:48+02:00,A15,n,95.855,2,speedlimit
2026-09-05T19:48+02:00,A15,R,47.07,3,speedlimit
2026-09-05T19:48+02:00,A15,R,49.0,1,lane_closed
2026-09-05T19:48+02:00,A13,L,16.7,1,speedlimit
2026-09-05T19:48+02:00,A15,R,46.769,1,speedlimit
2026-09-05T19:48+02:00,A15,R,59.2,2,lane_closed
2026-09-05T19:48+02:00,A15,R,45.92,4,speedlimit
2026-09-05T19:48+02:00,A20,L,30.196,2,speedlimit
2026-09-05T19:48+02:00,A15,R,77.003,3,speedlimit
2026-09-05T19:48+02:00,A15,R,45.92,2,speedlimit
2026-09-05T19:48+02:00,A15,R,52.92,1,lane_closed
2026-09-05T19:48+02:00,A13,R,16.655,1,speedlimit
2026-09-05T19:48+02:00,A13,R,17.1,2,speedlimit
2026-09-05T19:48+02:00,A15,R,54.04,1,lane_closed
2026-09-05T19:48+02:00,A4,L,5.93,1,speedlimit
2026-09-05T19:48+02:00,A15,R,58.05,4,lane_closed
2026-09-05T19:48+02:00,A15,R,53.47,3,lane_closed
2026-09-05T19:48+02:00,A15,R,55.59,2,lane_closed
2026-09-05T19:48+02:00,A15,R,51.28,1,lane_closed
2026-09-05T19:48+02:00,A15,R,48.69,1,lane_closed
2026-09-05T19:48+02:00,A15,R,55.59,1,lane_closed
2026-09-05T19:48+02:00,A15,R,77.003,1,speedlimit
2026-09-05T19:48+02:00,A15,R,47.775,1,lane_closed
2026-09-05T19:48+02:00,A13,R,18.5,1,speedlimit
2026-09-05T19:48+02:00,A20,L,29.5,2,speedlimit
2026-09-05T19:48+02:00,A15,R,50.87,1,lane_closed
2026-09-05T19:48+02:00,A13,R,18.5,4,speedlimit
2026-09-05T19:48+02:00,A13,R,18.2,3,speedlimit
2026-09-05T19:48+02:00,A15,R,49.0,3,lane_closed
2026-09-05T19:48+02:00,A20,R,28.1,1,speedlimit
2026-09-05T19:48+02:00,A20,R,30.196,3,speedlimit
2026-09-05T19:48+02:00,A4,L,4.44,3,lane_closed
2026-09-05T19:48+02:00,A15,R,47.775,5,speedlimit
2026-09-05T19:48+02:00,A15,R,46.468,1,speedlimit
2026-09-05T19:48+02:00,A15,R,51.88,3,lane_closed
2026-09-05T19:48+02:00,A15,p,50.4,1,lane_closed
2026-09-05T19:48+02:00,A20,L,36.94,1,lane_closed
2026-09-05T19:48+02:00,A4,R,2.367,4,lane_closed
2026-09-05T19:48+02:00,A15,R,58.05,1,lane_closed
2026-09-05T19:48+02:00,A15,R,58.46,2,lane_closed
2026-09-05T19:48+02:00,A15,R,46.17,3,speedlimit
2026-09-05T19:48+02:00,A15,R,56.6,3,lane_closed
2026-09-05T19:48+02:00,A15,n,95.855,3,speedlimit
2026-09-05T19:48+02:00,A4,R,76.9,1,lane_closed
2026-09-05T19:48+02:00,A13,R,17.8,2,speedlimit
2026-09-05T19:48+02:00,A4,L,5.225,6,speedlimit
2026-09-05T19:48+02:00,A15,x,56.25,1,lane_closed
2026-09-05T19:48+02:00,A20,s,29.6,2,speedlimit
2026-09-05T19:48+02:00,A15,L,65.25,2,speedlimit
2026-09-05T19:48+02:00,A15,L,65.685,3,speedlimit
2026-09-05T19:48+02:00,A15,R,52.32,3,lane_closed
2026-09-05T19:48+02:00,A15,n,96.82,1,speedlimit
2026-09-05T19:48+02:00,A15,m,95.76,2,speedlimit
2026-09-05T19:48+02:00,A15,R,58.05,2,lane_closed
2026-09-05T19:48+02:00,A4,R,74.737,1,lane_closed_ahead
2026-09-05T19:48+02:00,A20,R,26.93,4,speedlimit
2026-09-05T19:48+02:00,A20,R,28.57,3,speedlimit
2026-09-05T19:48+02:00,A13,L,18.8,2,speedlimit
2026-09-05T19:48+02:00,A15,R,60.49,4,speedlimit
2026-09-05T19:48+02:00,A15,R,50.31,1,lane_closed
2026-09-05T19:48+02:00,A20,R,27.235,1,speedlimit
2026-09-05T19:48+02:00,A20,L,28.41,2,speedlimit
2026-09-05T19:48+02:00,A15,R,47.07,1,lane_closed_ahead
2026-09-05T19:48+02:00,A15,R,57.78,1,lane_closed
2026-09-05T19:48+02:00,A4,R,51.388,2,speedlimit
2026-09-05T19:48+02:00,A15,R,48.69,4,speedlimit
2026-09-05T19:48+02:00,A20,R,27.79,2,speedlimit
2026-09-05T19:48+02:00,A13,R,18.5,3,speedlimit
2026-09-05T19:48+02:00,A20,R,28.57,4,speedlimit
2026-09-05T19:48+02:00,A20,R,31.26,4,speedlimit
2026-09-05T19:48+02:00,A20,L,29.826,2,speedlimit
2026-09-05T19:48+02:00,A20,L,35.925,1,lane_closed
2026-09-05T19:48+02:00,A20,L,28.57,1,speedlimit
2026-09-05T19:48+02:00,A20,R,29.5,4,speedlimit
2026-09-05T19:48+02:00,A15,n,96.82,2,speedlimit
2026-09-05T19:48+02:00,A15,R,54.04,3,lane_closed
2026-09-05T19:48+02:00,A15,m,60.07,1,speedlimit
2026-09-05T19:48+02:00,A20,R,28.1,2,speedlimit
2026-09-05T19:48+02:00,A20,R,26.64,1,speedlimit
2026-09-05T19:48+02:00,A15,L,64.2,2,speedlimit
2026-09-05T19:48+02:00,A15,R,60.49,3,lane_closed
2026-09-05T19:48+02:00,A15,R,48.69,3,lane_closed
2026-09-05T19:48+02:00,A20,L,32.8,2,speedlimit
2026-09-05T19:48+02:00,A15,L,65.25,4,speedlimit
2026-09-05T19:48+02:00,A15,R,59.2,1,lane_closed
2026-09-05T19:48+02:00,A13,L,17.1,3,speedlimit
2026-09-05T19:48+02:00,A20,L,36.625,1,lane_closed
2026-09-05T19:48+02:00,A4,L,5.549,6,speedlimit
2026-09-05T19:48+02:00,A15,x,47.025,2,speedlimit
2026-09-05T19:48+02:00,A20,L,27.488,1,speedlimit
2026-09-05T19:48+02:00,A20,L,27.2,1,speedlimit
2026-09-05T19:48+02:00,A4,h,46.06,2,speedlimit
2026-09-05T19:48+02:00,A4,R,74.737,2,speedlimit
2026-09-05T19:48+02:00,A15,R,59.57,2,lane_closed
2026-09-05T19:48+02:00,A20,L,27.8,2,speedlimit
2026-09-05T19:48+02:00,A15,R,58.05,5,lane_closed
2026-09-05T19:48+02:00,A13,L,18.2,3,speedlimit
2026-09-05T19:48+02:00,A20,L,31.88,1,speedlimit
2026-09-05T19:48+02:00,A15,R,51.88,4,lane_closed
2026-09-05T19:48+02:00,A13,L,16.7,2,speedlimit
2026-09-05T19:48+02:00,A20,L,30.9,2,speedlimit
2026-09-05T19:48+02:00,A15,R,46.859,2,speedlimit
2026-09-05T19:48+02:00,A20,L,28.085,1,speedlimit
2026-09-05T19:48+02:00,A15,R,58.05,3,lane_closed
2026-09-05T19:48+02:00,A15,R,53.47,1,lane_closed
2026-09-05T19:48+02:00,A20,R,30.6,1,speedlimit
2026-09-05T19:48+02:00,A13,R,17.1,3,speedlimit
2026-09-05T19:48+02:00,A20,R,26.93,3,speedlimit
2026-09-05T19:48+02:00,A20,L,31.4,1,speedlimit
2026-09-05T19:48+02:00,A15,m,95.3,1,speedlimit
2026-09-05T19:48+02:00,A4,L,5.225,3,speedlimit
2026-09-05T19:48+02:00,A15,R,54.7,2,lane_closed
2026-09-05T19:48+02:00,A20,L,31.1,2,speedlimit
2026-09-05T19:48+02:00,A15,R,53.47,2,lane_closed
2026-09-05T19:48+02:00,A13,g,18.7,2,speedlimit
2026-09-05T19:48+02:00,A15,L,65.685,2,speedlimit
2026-09-05T19:48+02:00,A15,x,55.59,1,lane_closed_ahead
2026-09-05T19:48+02:00,A20,L,31.4,2,speedlimit
2026-09-05T19:48+02:00,A4,R,75.214,2,speedlimit
2026-09-05T19:48+02:00,A15,R,46.356,2,speedlimit
2026-09-05T19:48+02:00,A13,L,15.9,3,lane_closed
2026-09-05T19:48+02:00,A15,m,95.3,3,speedlimit
2026-09-05T19:48+02:00,A15,x,55.14,1,speedlimit
2026-09-05T19:48+02:00,A15,R,56.1,3,lane_closed
2026-09-05T19:48+02:00,A13,R,16.2,1,speedlimit
2026-09-05T19:48+02:00,A4,R,74.737,4,speedlimit
2026-09-05T19:48+02:00,A15,R,49.99,2,lane_closed
2026-09-05T19:48+02:00,A13,R,18.5,2,speedlimit
2026-09-05T19:48+02:00,A20,L,30.196,1,speedlimit
2026-09-05T19:48+02:00,A4,R,51.388,3,speedlimit
2026-09-05T19:48+02:00,A4,R,76.6,3,speedlimit
2026-09-05T19:48+02:00,A20,R,27.79,1,speedlimit
2026-09-05T19:48+02:00,A20,L,29.826,1,speedlimit
2026-09-05T19:48+02:00,A4,R,52.598,4,speedlimit
2026-09-05T19:48+02:00,A15,R,56.1,2,lane_closed
2026-09-05T19:48+02:00,A20,R,28.41,2,speedlimit
2026-09-05T19:48+02:00,A4,R,75.214,1,lane_closed
2026-09-05T19:48+02:00,A15,R,55.14,2,lane_closed
2026-09-05T19:48+02:00,A15,R,48.69,5,speedlimit
2026-09-05T19:48+02:00,A4,R,75.214,3,speedlimit
2026-09-05T19:48+02:00,A4,L,5.549,1,speedlimit
2026-09-05T19:48+02:00,A4,R,52.598,5,lane_closed
2026-09-05T19:48+02:00,A4,R,74.194,1,speedlimit
2026-09-05T19:48+02:00,A20,R,29.1,1,speedlimit
2026-09-05T19:48+02:00,A15,R,52.92,2,lane_closed
2026-09-05T19:48+02:00,A15,R,46.17,2,speedlimit
2026-09-05T19:48+02:00,A13,R,17.8,1,speedlimit
2026-09-05T19:48+02:00,A20,R,28.41,1,speedlimit
2026-09-05T19:48+02:00,A20,R,31.9,2,speedlimit
2026-09-05T19:48+02:00,A20,L,31.1,3,speedlimit
2026-09-05T19:48+02:00,A4,R,76.9,3,lane_closed
2026-09-05T19:48+02:00,A15,x,55.14,3,speedlimit
2026-09-05T19:48+02:00,A15,R,57.78,4,lane_closed
2026-09-05T19:48+02:00,A15,R,57.31,3,lane_closed
2026-09-05T19:48+02:00,A15,R,49.61,2,lane_closed
2026-09-05T19:48+02:00,A15,R,54.04,2,lane_closed
2026-09-05T19:48+02:00,A15,h,153.39,2,speedlimit
2026-09-05T19:48+02:00,A15,R,60.49,2,lane_closed
2026-09-05T19:48+02:00,A20,R,27.488,2,speedlimit
2026-09-05T19:48+02:00,A20,t,28.895,1,speedlimit
2026-09-05T19:48+02:00,A20,L,32.8,1,speedlimit
2026-09-05T19:48+02:00,A15,p,50.05,1,lane_closed
2026-09-05T19:48+02:00,A20,R,28.8,2,speedlimit
2026-09-05T19:48+02:00,A20,L,31.1,1,speedlimit
2026-09-05T19:48+02:00,A13,L,16.19,3,lane_closed
2026-09-05T19:48+02:00,A4,R,76.07,1,lane_closed
2026-09-05T19:48+02:00,A13,L,15.035,5,lane_closed
2026-09-05T19:48+02:00,A4,R,52.018,2,speedlimit
2026-09-05T19:48+02:00,A20,L,27.8,1,speedlimit
2026-09-05T19:48+02:00,A15,R,51.88,2,lane_closed
2026-09-05T19:48+02:00,A4,R,76.6,1,lane_closed
2026-09-05T19:48+02:00,A20,R,29.1,2,speedlimit
2026-09-05T19:48+02:00,A13,g,18.7,1,speedlimit
2026-09-05T19:48+02:00,A15,R,51.28,2,lane_closed
2026-09-05T19:48+02:00,A15,R,55.14,3,lane_closed
2026-09-05T19:48+02:00,A20,R,28.57,2,speedlimit
2026-09-05T19:48+02:00,A20,R,26.64,2,speedlimit
2026-09-05T19:48+02:00,A15,L,64.2,3,speedlimit
2026-09-05T19:48+02:00,A20,L,29.1,1,speedlimit
2026-09-05T19:48+02:00,A13,L,18.2,1,speedlimit
2026-09-05T19:48+02:00,A15,L,64.67,2,speedlimit
2026-09-05T19:48+02:00,A13,L,12.7,4,lane_closed
2026-09-05T19:48+02:00,A20,L,31.88,2,speedlimit
2026-09-05T19:48+02:00,A4,R,76.07,2,lane_closed
2026-09-05T19:48+02:00,A13,L,19.7,2,speedlimit
2026-09-05T19:48+02:00,A15,R,48.332,2,lane_closed
2026-09-05T19:48+02:00,A15,R,51.88,1,lane_closed
2026-09-05T19:48+02:00,A15,m,95.76,3,lane_closed
2026-09-05T19:48+02:00,A20,L,28.085,2,speedlimit
2026-09-05T19:48+02:00,A15,R,54.7,3,lane_closed
2026-09-05T19:48+02:00,A4,R,76.07,3,speedlimit
2026-09-05T19:48+02:00,A15,R,55.14,1,lane_closed
2026-09-05T19:48+02:00,A20,R,30.6,3,speedlimit
2026-09-05T19:48+02:00,A20,L,35.52,1,lane_closed
2026-09-05T19:48+02:00,A15,m,95.3,2,speedlimit
2026-09-05T19:48+02:00,A20,R,29.8,2,speedlimit
2026-09-05T19:48+02:00,A4,R,52.018,4,lane_closed
2026-09-05T19:48+02:00,A15,m,95.76,1,speedlimit
2026-09-05T19:48+02:00,A15,L,64.2,1,lane_closed
2026-09-05T19:48+02:00,A20,R,27.235,2,speedlimit
2026-09-05T19:48+02:00,A20,L,37.3,1,lane_closed
2026-09-05T19:48+02:00,A15,R,59.95,1,lane_closed
2026-09-05T19:48+02:00,A13,R,18.2,1,speedlimit
2026-09-05T19:48+02:00,A4,L,4.44,2,speedlimit
2026-09-05T19:48+02:00,A15,x,55.59,3,speedlimit
2026-09-05T19:48+02:00,A15,L,65.25,1,lane_closed_ahead
2026-09-05T19:48+02:00,A15,R,55.59,3,lane_closed
2026-09-05T19:48+02:00,A15,R,47.775,4,speedlimit
2026-09-05T19:48+02:00,A15,e,95.55,1,speedlimit
2026-09-05T19:48+02:00,A13,e,19.1,1,speedlimit
2026-09-05T19:48+02:00,A15,R,46.356,1,speedlimit
2026-09-05T19:48+02:00,A15,n,96.42,2,speedlimit
2026-09-05T19:48+02:00,A15,R,60.49,1,lane_closed
2026-09-05T19:48+02:00,A13,L,17.8,3,speedlimit
2026-09-05T19:48+02:00,A15,R,49.61,3,lane_closed
2026-09-05T19:48+02:00,A15,R,48.332,5,speedlimit
2026-09-05T19:48+02:00,A4,L,5.93,3,speedlimit
2026-09-05T19:48+02:00,A4,R,75.71,1,lane_closed
2026-09-05T19:48+02:00,A15,R,57.78,5,lane_closed
2026-09-05T19:48+02:00,A20,R,31.26,1,speedlimit
2026-09-05T19:48+02:00,A4,L,5.93,5,speedlimit
2026-09-05T19:48+02:00,A15,R,45.92,1,speedlimit
2026-09-05T19:48+02:00,A15,R,50.31,2,lane_closed
2026-09-05T19:48+02:00,A4,R,76.9,2,lane_closed
2026-09-05T19:48+02:00,A15,R,59.2,4,lane_closed
2026-09-05T19:48+02:00,A15,R,46.468,2,speedlimit
2026-09-05T19:48+02:00,A20,L,29.826,3,speedlimit
2026-09-05T19:48+02:00,A4,h,45.58,3,lane_closed
2026-09-05T19:48+02:00,A20,L,29.5,1,speedlimit
2026-09-05T19:48+02:00,A20,R,28.8,3,speedlimit
2026-09-05T19:48+02:00,A20,R,29.5,1,speedlimit
2026-09-05T19:48+02:00,A15,R,60.76,3,lane_closed
2026-09-05T19:48+02:00,A15,R,46.769,2,speedlimit
2026-09-05T19:48+02:00,A15,R,59.95,2,lane_closed
2026-09-05T19:48+02:00,A15,R,46.614,3,speedlimit
2026-09-05T19:48+02:00,A13,L,11.25,4,lane_closed
2026-09-05T19:48+02:00,A20,L,30.9,1,speedlimit
2026-09-05T19:48+02:00,A15,R,56.6,1,lane_closed
2026-09-05T19:48+02:00,A13,R,18.2,4,speedlimit
2026-09-05T19:48+02:00,A4,L,5.93,4,speedlimit
2026-09-05T19:48+02:00,A15,R,47.332,1,lane_closed
2026-09-05T19:48+02:00,A15,e,154.59,1,speedlimit
2026-09-05T19:48+02:00,A15,x,56.6,3,speedlimit
2026-09-05T19:48+02:00,A4,L,4.44,1,speedlimit
2026-09-05T19:48+02:00,A4,R,52.018,3,speedlimit
2026-09-05T19:48+02:00,A13,R,18.7,1,speedlimit
2026-09-05T19:48+02:00,A15,L,64.67,5,speedlimit
2026-09-05T19:48+02:00,A15,n,95.855,1,speedlimit
2026-09-05T19:48+02:00,A4,L,5.93,6,speedlimit
2026-09-05T19:48+02:00,A20,c,27.488,1,speedlimit
2026-09-05T19:48+02:00,A20,R,31.9,3,speedlimit
2026-09-05T19:48+02:00,A13,R,16.655,3,speedlimit
2026-09-05T19:48+02:00,A15,m,94.725,2,speedlimit
2026-09-05T19:48+02:00,A20,L,29.1,2,speedlimit
2026-09-05T19:48+02:00,A15,L,63.56,1,lane_closed
2026-09-05T19:48+02:00,A15,f,96.0,1,lane_closed
2026-09-05T19:48+02:00,A15,R,46.859,3,speedlimit
2026-09-05T19:48+02:00,A20,R,29.8,3,speedlimit
2026-09-05T19:48+02:00,A13,L,18.2,2,speedlimit
2026-09-05T19:48+02:00,A20,R,26.4,3,speedlimit
2026-09-05T19:48+02:00,A15,R,60.76,4,speedlimit
2026-09-05T19:48+02:00,A20,R,26.93,1,speedlimit
2026-09-05T19:48+02:00,A15,R,46.859,1,speedlimit
2026-09-05T19:48+02:00,A15,R,48.332,3,lane_closed
2026-09-05T19:48+02:00,A15,R,58.46,3,lane_closed
2026-09-05T19:48+02:00,A15,R,60.76,1,lane_closed
2026-09-05T19:48+02:00,A4,L,5.549,3,speedlimit
2026-09-05T19:48+02:00,A20,R,26.4,2,speedlimit
2026-09-05T19:48+02:00,A15,R,48.332,4,speedlimit
2026-09-05T19:48+02:00,A15,L,63.56,3,speedlimit
2026-09-05T19:48+02:00,A20,L,27.488,2,speedlimit
2026-09-05T19:48+02:00,A20,L,30.196,3,speedlimit
2026-09-05T19:48+02:00,A4,h,46.06,1,speedlimit
2026-09-05T19:48+02:00,A4,L,5.549,4,lane_closed_ahead
2026-09-05T19:48+02:00,A15,R,49.61,1,lane_closed
2026-09-05T19:48+02:00,A20,L,28.41,1,speedlimit
2026-09-05T19:48+02:00,A15,R,45.92,3,speedlimit
2026-09-05T19:48+02:00,A13,L,13.18,4,lane_closed
2026-09-05T19:48+02:00,A15,R,57.78,2,lane_closed
2026-09-05T19:48+02:00,A15,R,57.78,3,lane_closed
2026-09-05T19:48+02:00,A15,x,47.025,1,speedlimit
2026-09-05T19:48+02:00,A15,R,57.31,2,lane_closed
2026-09-05T19:48+02:00,A13,L,17.8,2,speedlimit
2026-09-05T19:48+02:00,A15,R,56.6,2,lane_closed
2026-09-05T19:48+02:00,A4,L,5.93,2,speedlimit
2026-09-05T19:48+02:00,A20,R,28.57,1,speedlimit
2026-09-05T19:48+02:00,A4,L,5.549,5,speedlimit
2026-09-05T19:48+02:00,A20,R,30.196,4,speedlimit
2026-09-05T19:48+02:00,A4,L,5.225,2,speedlimit
2026-09-05T19:48+02:00,A15,R,47.332,2,lane_closed_ahead
2026-09-05T19:48+02:00,A20,t,29.6,2,speedlimit
2026-09-05T19:48+02:00,A4,L,5.225,4,lane_closed
2026-09-05T19:48+02:00,A20,L,38.3,1,lane_closed_ahead
2026-09-05T19:48+02:00,A15,R,46.769,3,speedlimit
2026-09-05T19:48+02:00,A15,R,57.31,4,lane_closed
2026-09-05T19:48+02:00,A15,L,64.67,4,speedlimit
2026-09-05T19:48+02:00,A15,R,49.0,2,lane_closed
2026-09-05T19:48+02:00,A15,h,154.29,1,speedlimit
2026-09-05T19:48+02:00,A15,h,153.39,1,speedlimit
2026-09-05T19:48+02:00,A15,L,65.685,1,speedlimit
2026-09-05T19:48+02:00,A15,L,64.67,1,lane_closed
2026-09-05T19:48+02:00,A4,R,76.6,2,lane_closed
2026-09-05T19:48+02:00,A15,R,54.7,1,lane_closed
2026-09-05T19:48+02:00,A15,R,52.32,1,lane_closed
2026-09-05T19:48+02:00,A15,m,94.725,1,speedlimit
2026-09-05T19:48+02:00,A20,R,26.93,2,speedlimit
2026-09-05T19:48+02:00,A20,L,30.9,3,speedlimit
2026-09-05T19:48+02:00,A13,L,18.8,3,speedlimit
2026-09-05T19:48+02:00,A15,R,46.614,1,speedlimit
2026-09-05T19:48+02:00,A20,L,37.8,1,lane_closed
2026-09-05T19:48+02:00,A20,R,28.8,1,speedlimit
2026-09-05T19:48+02:00,A13,L,18.8,1,speedlimit
2026-09-05T19:48+02:00,A4,h,46.4,2,speedlimit
2026-09-05T19:48+02:00,A15,R,46.614,2,speedlimit
2026-09-05T19:48+02:00,A13,R,16.2,2,speedlimit
2026-09-05T19:48+02:00,A4,L,5.549,2,speedlimit
2026-09-05T19:48+02:00,A4,R,52.598,1,speedlimit
2026-09-05T19:48+02:00,A20,L,31.4,3,speedlimit
2026-09-05T19:48+02:00,A20,L,30.196,4,speedlimit
2026-09-05T19:48+02:00,A15,R,49.99,1,lane_closed
2026-09-05T19:48+02:00,A4,L,5.225,5,speedlimit
2026-09-05T19:48+02:00,A13,R,18.2,2,speedlimit
2026-09-05T19:48+02:00,A15,R,48.332,1,lane_closed
2026-09-05T19:48+02:00,A4,R,76.9,4,speedlimit
2026-09-05T19:48+02:00,A13,L,17.8,1,speedlimit
2026-09-05T19:48+02:00,A20,R,29.8,1,speedlimit
2026-09-05T19:48+02:00,A20,R,31.26,2,speedlimit
2026-09-05T19:48+02:00,A15,R,50.87,2,lane_closed
2026-09-05T19:48+02:00,A15,x,56.6,1,lane_closed
2026-09-05T19:48+02:00,A20,R,31.26,3,speedlimit
2026-09-05T19:48+02:00,A4,R,74.737,3,speedlimit
2026-09-05T19:48+02:00,A20,R,26.64,3,speedlimit
2026-09-05T19:48+02:00,A20,R,26.64,4,speedlimit
2026-09-05T19:48+02:00,A20,R,26.4,1,speedlimit
2026-09-05T19:48+02:00,A13,R,17.1,1,speedlimit
2026-09-05T19:48+02:00,A15,R,59.2,3,lane_closed
2026-09-05T19:48+02:00,A20,R,29.5,3,speedlimit
2026-09-05T19:48+02:00,A15,R,58.46,4,lane_closed
2026-09-05T19:48+02:00,A4,R,75.214,5,speedlimit
2026-09-05T19:48+02:00,A13,L,13.7,4,lane_closed
2026-09-05T19:48+02:00,A15,R,47.775,3,lane_closed_ahead
2026-09-05T19:48+02:00,A15,L,63.56,2,speedlimit
2026-09-05T19:48+02:00,A13,L,14.2,4,lane_closed
2026-09-05T19:48+02:00,A4,R,74.737,5,speedlimit
2026-09-05T19:48+02:00,A15,R,60.76,2,lane_closed
2026-09-05T19:48+02:00,A4,h,46.4,1,speedlimit
2026-09-05T19:48+02:00,A15,R,46.17,1,speedlimit
2026-09-05T19:48+02:00,A15,x,56.25,2,speedlimit
2026-09-05T19:48+02:00,A15,x,55.14,2,speedlimit
2026-09-05T19:48+02:00,A4,R,52.598,3,speedlimit
2026-09-05T19:48+02:00,A20,t,29.6,1,speedlimit
2026-09-05T19:48+02:00,A15,R,47.775,2,lane_closed
2026-09-05T19:48+02:00,A15,n,96.42,1,speedlimit
2026-09-05T19:48+02:00,A15,L,65.685,4,speedlimit
2026-09-05T19:48+02:00,A20,R,29.8,4,speedlimit
2026-09-05T19:48+02:00,A13,R,18.7,2,speedlimit
2026-09-05T19:48+02:00,A20,R,27.488,1,speedlimit
2026-09-05T19:48+02:00,A15,R,48.69,2,lane_closed
2026-09-05T19:48+02:00,A15,R,77.003,2,speedlimit
2026-09-05T19:48+02:00,A20,R,29.5,2,speedlimit
2026-09-05T19:48+02:00,A20,L,27.2,2,speedlimit
2026-09-05T19:48+02:00,A13,R,18.963,1,speedlimit
2026-09-05T19:48+02:00,A15,R,46.468,3,speedlimit
2026-09-05T19:48+02:00,A13,L,17.1,1,speedlimit
2026-09-05T19:48+02:00,A4,R,74.194,2,speedlimit
2026-09-05T19:48+02:00,A20,L,31.88,3,speedlimit
2026-09-05T19:48+02:00,A13,L,19.7,1,speedlimit
2026-09-05T19:48+02:00,A4,R,75.214,4,speedlimit
2026-09-05T19:48+02:00,A13,L,17.1,4,speedlimit
2026-09-05T19:48+02:00,A4,R,52.018,1,speedlimit
2026-09-05T19:48+02:00,A13,R,16.655,2,speedlimit
2026-09-05T19:48+02:00,A4,R,75.71,2,speedlimit
2026-09-05T19:48+02:00,A15,R,56.1,1,lane_closed
2026-09-05T19:48+02:00,A13,L,15.55,5,lane_closed
2026-09-05T19:48+02:00,A4,R,51.388,1,speedlimit
2026-09-05T19:48+02:00,A15,x,56.6,2,speedlimit
2026-09-05T19:48+02:00,A15,R,47.07,2,speedlimit
2026-09-05T19:48+02:00,A15,R,59.95,3,lane_closed
2026-09-05T19:48+02:00,A4,R,52.598,2,speedlimit
2026-09-05T19:48+02:00,A4,L,5.225,1,speedlimit
2026-09-05T19:48+02:00,A20,L,32.8,3,speedlimit
2026-09-05T19:48+02:00,A15,R,58.46,1,lane_closed
2026-09-05T19:48+02:00,A15,R,52.32,2,lane_closed
2026-09-05T19:48+02:00,A20,R,30.196,1,speedlimit
2026-09-05T19:48+02:00,A20,L,29.826,4,speedlimit
2026-09-05T19:48+02:00,A15,R,52.92,3,lane_closed
2026-09-05T19:48+02:00,A15,x,55.59,2,speedlimit
2026-09-05T19:48+02:00,A15,R,46.356,3,speedlimit
2026-09-05T19:48+02:00,A20,s,29.6,1,speedlimit
2026-09-05T19:48+02:00,A20,L,28.57,2,speedlimit
2026-09-05T19:48+02:00,A20,R,30.6,2,speedlimit
2026-09-05T19:48+02:00,A15,R,59.57,1,lane_closed
2026-09-05T19:48+02:00,A15,n,96.42,3,lane_closed
2026-09-05T19:48+02:00,A15,L,65.25,3,speedlimit
2026-09-05T19:48+02:00,A13,L,17.1,2,speedlimit
2026-09-05T19:48+02:00,A15,R,57.31,5,lane_closed
2026-09-05T19:48+02:00,A20,L,28.57,3,speedlimit
2026-09-05T19:48+02:00,A15,R,59.57,3,lane_closed
2026-09-05T19:48+02:00,A15,L,64.67,3,speedlimit
2026-09-05T19:48+02:00,A20,R,26.4,4,speedlimit
2026-09-05T19:48+02:00,A20,R,30.196,2,speedlimit
2026-09-05T19:48+02:00,A13,R,17.8,3,speedlimit
2026-09-05T19:48+02:00,A15,m,94.725,3,speedlimit
2026-09-05T19:48+02:00,A15,n,95.855,2,speedlimit
2026-09-05T20:49+02:00,A15,R,47.07,3,speedlimit
2026-09-05T20:49+02:00,A15,R,49.0,1,lane_closed
2026-09-05T20:49+02:00,A13,L,16.7,1,speedlimit
2026-09-05T20:49+02:00,A15,R,46.769,1,speedlimit
2026-09-05T20:49+02:00,A16,L,7.15,1,speedlimit
2026-09-05T20:49+02:00,A15,R,59.2,2,lane_closed
2026-09-05T20:49+02:00,A15,R,45.92,4,speedlimit
2026-09-05T20:49+02:00,A20,L,30.196,2,speedlimit
2026-09-05T20:49+02:00,A15,R,77.003,3,speedlimit
2026-09-05T20:49+02:00,A15,R,45.92,2,speedlimit
2026-09-05T20:49+02:00,A15,R,52.92,1,lane_closed
2026-09-05T20:49+02:00,A13,R,16.655,1,speedlimit
2026-09-05T20:49+02:00,A13,R,17.1,2,speedlimit
2026-09-05T20:49+02:00,A15,R,54.04,1,lane_closed
2026-09-05T20:49+02:00,A4,L,5.93,1,speedlimit
2026-09-05T20:49+02:00,A15,R,58.05,4,lane_closed
2026-09-05T20:49+02:00,A15,R,53.47,3,lane_closed
2026-09-05T20:49+02:00,A15,R,55.59,2,lane_closed
2026-09-05T20:49+02:00,A15,R,51.28,1,lane_closed
2026-09-05T20:49+02:00,A4,m,5.64,3,speedlimit
2026-09-05T20:49+02:00,A15,R,48.69,1,lane_closed
2026-09-05T20:49+02:00,A15,R,55.59,1,lane_closed
2026-09-05T20:49+02:00,A15,R,77.003,1,speedlimit
2026-09-05T20:49+02:00,A15,R,47.775,1,lane_closed
2026-09-05T20:49+02:00,A13,R,18.5,1,speedlimit
2026-09-05T20:49+02:00,A20,L,29.5,2,speedlimit
2026-09-05T20:49+02:00,A15,R,50.87,1,lane_closed
2026-09-05T20:49+02:00,A13,R,18.5,4,speedlimit
2026-09-05T20:49+02:00,A13,R,18.2,3,speedlimit
2026-09-05T20:49+02:00,A15,R,49.0,3,lane_closed
2026-09-05T20:49+02:00,A20,R,28.1,1,speedlimit
2026-09-05T20:49+02:00,A20,R,30.196,3,speedlimit
2026-09-05T20:49+02:00,A4,L,4.44,3,lane_closed
2026-09-05T20:49+02:00,A15,R,47.775,5,speedlimit
2026-09-05T20:49+02:00,A15,R,46.468,1,speedlimit
2026-09-05T20:49+02:00,A15,R,51.88,3,lane_closed
2026-09-05T20:49+02:00,A15,p,50.4,1,lane_closed
2026-09-05T20:49+02:00,A20,L,36.94,1,lane_closed
2026-09-05T20:49+02:00,A4,R,2.367,4,lane_closed
2026-09-05T20:49+02:00,A15,R,58.05,1,lane_closed
2026-09-05T20:49+02:00,A15,R,58.46,2,lane_closed
2026-09-05T20:49+02:00,A15,R,46.17,3,speedlimit
2026-09-05T20:49+02:00,A15,R,56.6,3,lane_closed
2026-09-05T20:49+02:00,A15,n,95.855,3,speedlimit
2026-09-05T20:49+02:00,A4,R,76.9,1,lane_closed
2026-09-05T20:49+02:00,A13,R,17.8,2,speedlimit
2026-09-05T20:49+02:00,A4,L,5.225,6,speedlimit
2026-09-05T20:49+02:00,A15,x,56.25,1,lane_closed
2026-09-05T20:49+02:00,A20,s,29.6,2,speedlimit
2026-09-05T20:49+02:00,A15,L,65.25,2,speedlimit
2026-09-05T20:49+02:00,A15,L,65.685,3,speedlimit
2026-09-05T20:49+02:00,A15,R,52.32,3,lane_closed
2026-09-05T20:49+02:00,A15,n,96.82,1,speedlimit
2026-09-05T20:49+02:00,A15,m,95.76,2,speedlimit
2026-09-05T20:49+02:00,A15,R,58.05,2,lane_closed
2026-09-05T20:49+02:00,A4,R,74.737,1,lane_closed_ahead
2026-09-05T20:49+02:00,A20,R,26.93,4,speedlimit
2026-09-05T20:49+02:00,A20,R,28.57,3,speedlimit
2026-09-05T20:49+02:00,A4,m,5.64,2,speedlimit
2026-09-05T20:49+02:00,A4,L,2.447,4,lane_closed
2026-09-05T20:49+02:00,A13,L,18.8,2,speedlimit
2026-09-05T20:49+02:00,A15,R,60.49,4,speedlimit
2026-09-05T20:49+02:00,A15,R,50.31,1,lane_closed
2026-09-05T20:49+02:00,A20,R,27.235,1,speedlimit
2026-09-05T20:49+02:00,A13,L,10.7,3,speedlimit
2026-09-05T20:49+02:00,A20,L,28.41,2,speedlimit
2026-09-05T20:49+02:00,A15,R,47.07,1,lane_closed_ahead
2026-09-05T20:49+02:00,A15,R,57.78,1,lane_closed
2026-09-05T20:49+02:00,A4,R,51.388,2,speedlimit
2026-09-05T20:49+02:00,A15,R,48.69,4,speedlimit
2026-09-05T20:49+02:00,A20,R,27.79,2,speedlimit
2026-09-05T20:49+02:00,A13,R,18.5,3,speedlimit
2026-09-05T20:49+02:00,A20,R,28.57,4,speedlimit
2026-09-05T20:49+02:00,A20,R,31.26,4,speedlimit
2026-09-05T20:49+02:00,A20,L,29.826,2,speedlimit
2026-09-05T20:49+02:00,A20,L,35.925,1,lane_closed
2026-09-05T20:49+02:00,A20,L,28.57,1,speedlimit
2026-09-05T20:49+02:00,A20,R,29.5,4,speedlimit
2026-09-05T20:49+02:00,A15,n,96.82,2,speedlimit
2026-09-05T20:49+02:00,A15,R,54.04,3,lane_closed
2026-09-05T20:49+02:00,A15,m,60.07,1,speedlimit
2026-09-05T20:49+02:00,A13,L,11.25,1,speedlimit
2026-09-05T20:49+02:00,A20,R,28.1,2,speedlimit
2026-09-05T20:49+02:00,A20,R,26.64,1,speedlimit
2026-09-05T20:49+02:00,A15,L,64.2,2,speedlimit
2026-09-05T20:49+02:00,A15,R,60.49,3,lane_closed
2026-09-05T20:49+02:00,A15,R,48.69,3,lane_closed
2026-09-05T20:49+02:00,A20,L,32.8,2,speedlimit
2026-09-05T20:49+02:00,A15,L,65.25,4,speedlimit
2026-09-05T20:49+02:00,A15,R,59.2,1,lane_closed
2026-09-05T20:49+02:00,A13,L,17.1,3,speedlimit
2026-09-05T20:49+02:00,A20,L,36.625,1,lane_closed
2026-09-05T20:49+02:00,A4,L,5.549,6,speedlimit
2026-09-05T20:49+02:00,A15,x,47.025,2,speedlimit
2026-09-05T20:49+02:00,A20,L,27.488,1,speedlimit
2026-09-05T20:49+02:00,A20,L,27.2,1,speedlimit
2026-09-05T20:49+02:00,A4,h,46.06,2,speedlimit
2026-09-05T20:49+02:00,A4,R,74.737,2,speedlimit
2026-09-05T20:49+02:00,A15,R,59.57,2,lane_closed
2026-09-05T20:49+02:00,A20,L,27.8,2,speedlimit
2026-09-05T20:49+02:00,A15,R,58.05,5,lane_closed
2026-09-05T20:49+02:00,A13,L,18.2,3,speedlimit
2026-09-05T20:49+02:00,A20,L,31.88,1,speedlimit
2026-09-05T20:49+02:00,A15,R,51.88,4,lane_closed
2026-09-05T20:49+02:00,A13,L,16.7,2,speedlimit
2026-09-05T20:49+02:00,A20,L,30.9,2,speedlimit
2026-09-05T20:49+02:00,A15,R,46.859,2,speedlimit
2026-09-05T20:49+02:00,A20,L,28.085,1,speedlimit
2026-09-05T20:49+02:00,A15,R,58.05,3,lane_closed
2026-09-05T20:49+02:00,A15,R,53.47,1,lane_closed
2026-09-05T20:49+02:00,A20,R,30.6,1,speedlimit
2026-09-05T20:49+02:00,A13,R,17.1,3,speedlimit
2026-09-05T20:49+02:00,A20,R,26.93,3,speedlimit
2026-09-05T20:49+02:00,A20,L,31.4,1,speedlimit
2026-09-05T20:49+02:00,A15,m,95.3,1,speedlimit
2026-09-05T20:49+02:00,A4,L,5.225,3,speedlimit
2026-09-05T20:49+02:00,A15,R,54.7,2,lane_closed
2026-09-05T20:49+02:00,A16,L,7.15,2,speedlimit
2026-09-05T20:49+02:00,A20,L,31.1,2,speedlimit
2026-09-05T20:49+02:00,A15,R,53.47,2,lane_closed
2026-09-05T20:49+02:00,A13,g,18.7,2,speedlimit
2026-09-05T20:49+02:00,A15,L,65.685,2,speedlimit
2026-09-05T20:49+02:00,A15,x,55.59,1,lane_closed_ahead
2026-09-05T20:49+02:00,A20,L,31.4,2,speedlimit
2026-09-05T20:49+02:00,A4,R,75.214,2,speedlimit
2026-09-05T20:49+02:00,A15,R,46.356,2,speedlimit
2026-09-05T20:49+02:00,A13,L,15.9,3,lane_closed
2026-09-05T20:49+02:00,A15,m,95.3,3,speedlimit
2026-09-05T20:49+02:00,A4,L,2.006,4,lane_closed
2026-09-05T20:49+02:00,A15,x,55.14,1,speedlimit
2026-09-05T20:49+02:00,A15,R,56.1,3,lane_closed
2026-09-05T20:49+02:00,A13,R,16.2,1,speedlimit
2026-09-05T20:49+02:00,A4,R,74.737,4,speedlimit
2026-09-05T20:49+02:00,A15,R,49.99,2,lane_closed
2026-09-05T20:49+02:00,A13,R,18.5,2,speedlimit
2026-09-05T20:49+02:00,A20,L,30.196,1,speedlimit
2026-09-05T20:49+02:00,A4,R,51.388,3,speedlimit
2026-09-05T20:49+02:00,A4,R,76.6,3,speedlimit
2026-09-05T20:49+02:00,A20,R,27.79,1,speedlimit
2026-09-05T20:49+02:00,A20,L,29.826,1,speedlimit
2026-09-05T20:49+02:00,A4,R,52.598,4,speedlimit
2026-09-05T20:49+02:00,A15,R,56.1,2,lane_closed
2026-09-05T20:49+02:00,A13,L,11.25,2,speedlimit
2026-09-05T20:49+02:00,A20,R,28.41,2,speedlimit
2026-09-05T20:49+02:00,A4,R,75.214,1,lane_closed
2026-09-05T20:49+02:00,A15,R,55.14,2,lane_closed
2026-09-05T20:49+02:00,A15,R,48.69,5,speedlimit
2026-09-05T20:49+02:00,A4,R,75.214,3,speedlimit
2026-09-05T20:49+02:00,A4,L,5.549,1,speedlimit
2026-09-05T20:49+02:00,A4,R,52.598,5,lane_closed
2026-09-05T20:49+02:00,A4,R,74.194,1,speedlimit
2026-09-05T20:49+02:00,A20,R,29.1,1,speedlimit
2026-09-05T20:49+02:00,A15,R,52.92,2,lane_closed
2026-09-05T20:49+02:00,A15,R,46.17,2,speedlimit
2026-09-05T20:49+02:00,A13,R,17.8,1,speedlimit
2026-09-05T20:49+02:00,A20,R,28.41,1,speedlimit
2026-09-05T20:49+02:00,A20,R,31.9,2,speedlimit
2026-09-05T20:49+02:00,A20,L,31.1,3,speedlimit
2026-09-05T20:49+02:00,A4,R,76.9,3,lane_closed
2026-09-05T20:49+02:00,A15,x,55.14,3,speedlimit
2026-09-05T20:49+02:00,A15,R,57.78,4,lane_closed
2026-09-05T20:49+02:00,A15,R,57.31,3,lane_closed
2026-09-05T20:49+02:00,A15,R,49.61,2,lane_closed
2026-09-05T20:49+02:00,A15,R,54.04,2,lane_closed
2026-09-05T20:49+02:00,A15,R,60.49,2,lane_closed
2026-09-05T20:49+02:00,A20,R,27.488,2,speedlimit
2026-09-05T20:49+02:00,A20,t,28.895,1,speedlimit
2026-09-05T20:49+02:00,A20,L,32.8,1,speedlimit
2026-09-05T20:49+02:00,A15,p,50.05,1,lane_closed
2026-09-05T20:49+02:00,A20,R,28.8,2,speedlimit
2026-09-05T20:49+02:00,A16,L,5.6,1,speedlimit
2026-09-05T20:49+02:00,A20,L,31.1,1,speedlimit
2026-09-05T20:49+02:00,A13,L,16.19,3,lane_closed
2026-09-05T20:49+02:00,A4,R,76.07,1,lane_closed
2026-09-05T20:49+02:00,A13,L,15.035,5,lane_closed
2026-09-05T20:49+02:00,A4,R,52.018,2,speedlimit
2026-09-05T20:49+02:00,A4,m,5.64,1,speedlimit
2026-09-05T20:49+02:00,A20,L,27.8,1,speedlimit
2026-09-05T20:49+02:00,A15,R,51.88,2,lane_closed
2026-09-05T20:49+02:00,A4,R,76.6,1,lane_closed
2026-09-05T20:49+02:00,A20,R,29.1,2,speedlimit
2026-09-05T20:49+02:00,A13,g,18.7,1,speedlimit
2026-09-05T20:49+02:00,A15,R,51.28,2,lane_closed
2026-09-05T20:49+02:00,A15,R,55.14,3,lane_closed
2026-09-05T20:49+02:00,A20,R,28.57,2,speedlimit
2026-09-05T20:49+02:00,A20,R,26.64,2,speedlimit
2026-09-05T20:49+02:00,A15,L,64.2,3,speedlimit
2026-09-05T20:49+02:00,A16,L,5.6,2,speedlimit
2026-09-05T20:49+02:00,A20,L,29.1,1,speedlimit
2026-09-05T20:49+02:00,A13,L,18.2,1,speedlimit
2026-09-05T20:49+02:00,A15,L,64.67,2,speedlimit
2026-09-05T20:49+02:00,A13,L,12.7,4,lane_closed
2026-09-05T20:49+02:00,A20,L,31.88,2,speedlimit
2026-09-05T20:49+02:00,A4,R,76.07,2,lane_closed
2026-09-05T20:49+02:00,A13,L,19.7,2,speedlimit
2026-09-05T20:49+02:00,A15,R,48.332,2,lane_closed
2026-09-05T20:49+02:00,A15,R,51.88,1,lane_closed
2026-09-05T20:49+02:00,A15,m,95.76,3,lane_closed
2026-09-05T20:49+02:00,A20,L,28.085,2,speedlimit
2026-09-05T20:49+02:00,A15,R,54.7,3,lane_closed
2026-09-05T20:49+02:00,A4,R,76.07,3,speedlimit
2026-09-05T20:49+02:00,A15,R,55.14,1,lane_closed
2026-09-05T20:49+02:00,A20,R,30.6,3,speedlimit
2026-09-05T20:49+02:00,A20,L,35.52,1,lane_closed
2026-09-05T20:49+02:00,A15,m,95.3,2,speedlimit
2026-09-05T20:49+02:00,A20,R,29.8,2,speedlimit
2026-09-05T20:49+02:00,A4,R,52.018,4,lane_closed
2026-09-05T20:49+02:00,A15,m,95.76,1,speedlimit
2026-09-05T20:49+02:00,A15,L,64.2,1,lane_closed
2026-09-05T20:49+02:00,A20,R,27.235,2,speedlimit
2026-09-05T20:49+02:00,A13,L,10.7,2,speedlimit
2026-09-05T20:49+02:00,A20,L,37.3,1,lane_closed
2026-09-05T20:49+02:00,A15,R,59.95,1,lane_closed
2026-09-05T20:49+02:00,A13,R,18.2,1,speedlimit
2026-09-05T20:49+02:00,A4,L,4.44,2,speedlimit
2026-09-05T20:49+02:00,A15,x,55.59,3,speedlimit
2026-09-05T20:49+02:00,A15,L,65.25,1,lane_closed_ahead
2026-09-05T20:49+02:00,A15,R,55.59,3,lane_closed
2026-09-05T20:49+02:00,A15,R,47.775,4,speedlimit
2026-09-05T20:49+02:00,A15,e,95.55,1,speedlimit
2026-09-05T20:49+02:00,A13,e,19.1,1,speedlimit
2026-09-05T20:49+02:00,A15,R,46.356,1,speedlimit
2026-09-05T20:49+02:00,A13,L,10.7,1,speedlimit
2026-09-05T20:49+02:00,A15,n,96.42,2,speedlimit
2026-09-05T20:49+02:00,A15,R,60.49,1,lane_closed
2026-09-05T20:49+02:00,A13,L,17.8,3,speedlimit
2026-09-05T20:49+02:00,A15,R,49.61,3,lane_closed
2026-09-05T20:49+02:00,A15,R,48.332,5,speedlimit
2026-09-05T20:49+02:00,A4,L,5.93,3,speedlimit
2026-09-05T20:49+02:00,A4,R,75.71,1,lane_closed
2026-09-05T20:49+02:00,A15,R,57.78,5,lane_closed
2026-09-05T20:49+02:00,A20,R,31.26,1,speedlimit
2026-09-05T20:49+02:00,A4,L,5.93,5,speedlimit
2026-09-05T20:49+02:00,A15,R,45.92,1,speedlimit
2026-09-05T20:49+02:00,A15,R,50.31,2,lane_closed
2026-09-05T20:49+02:00,A4,R,76.9,2,lane_closed
2026-09-05T20:49+02:00,A15,R,59.2,4,lane_closed
2026-09-05T20:49+02:00,A15,R,46.468,2,speedlimit
2026-09-05T20:49+02:00,A13,L,11.25,3,speedlimit
2026-09-05T20:49+02:00,A20,L,29.826,3,speedlimit
2026-09-05T20:49+02:00,A4,h,45.58,3,lane_closed
2026-09-05T20:49+02:00,A20,L,29.5,1,speedlimit
2026-09-05T20:49+02:00,A20,R,28.8,3,speedlimit
2026-09-05T20:49+02:00,A20,R,29.5,1,speedlimit
2026-09-05T20:49+02:00,A15,R,60.76,3,lane_closed
2026-09-05T20:49+02:00,A15,R,46.769,2,speedlimit
2026-09-05T20:49+02:00,A15,R,59.95,2,lane_closed
2026-09-05T20:49+02:00,A15,R,46.614,3,speedlimit
2026-09-05T20:49+02:00,A16,L,7.15,3,speedlimit
2026-09-05T20:49+02:00,A13,L,11.25,4,lane_closed
2026-09-05T20:49+02:00,A20,L,30.9,1,speedlimit
2026-09-05T20:49+02:00,A15,R,56.6,1,lane_closed
2026-09-05T20:49+02:00,A13,R,18.2,4,speedlimit
2026-09-05T20:49+02:00,A4,L,5.93,4,speedlimit
2026-09-05T20:49+02:00,A15,R,47.332,1,lane_closed
2026-09-05T20:49+02:00,A13,L,10.3,1,speedlimit
2026-09-05T20:49+02:00,A15,x,56.6,3,speedlimit
2026-09-05T20:49+02:00,A4,L,4.44,1,speedlimit
2026-09-05T20:49+02:00,A4,R,52.018,3,speedlimit
2026-09-05T20:49+02:00,A13,R,18.7,1,speedlimit
2026-09-05T20:49+02:00,A15,L,64.67,5,speedlimit
2026-09-05T20:49+02:00,A15,n,95.855,1,speedlimit
2026-09-05T20:49+02:00,A4,L,5.93,6,speedlimit
2026-09-05T20:49+02:00,A20,c,27.488,1,speedlimit
2026-09-05T20:49+02:00,A20,R,31.9,3,speedlimit
2026-09-05T20:49+02:00,A13,R,16.655,3,speedlimit
2026-09-05T20:49+02:00,A15,m,94.725,2,speedlimit
2026-09-05T20:49+02:00,A20,L,29.1,2,speedlimit
2026-09-05T20:49+02:00,A15,L,63.56,1,lane_closed
2026-09-05T20:49+02:00,A15,f,96.0,1,lane_closed
2026-09-05T20:49+02:00,A15,R,46.859,3,speedlimit
2026-09-05T20:49+02:00,A20,R,29.8,3,speedlimit
2026-09-05T20:49+02:00,A13,L,18.2,2,speedlimit
2026-09-05T20:49+02:00,A20,R,26.4,3,speedlimit
2026-09-05T20:49+02:00,A15,R,60.76,4,speedlimit
2026-09-05T20:49+02:00,A20,R,26.93,1,speedlimit
2026-09-05T20:49+02:00,A15,R,46.859,1,speedlimit
2026-09-05T20:49+02:00,A15,R,48.332,3,lane_closed
2026-09-05T20:49+02:00,A15,R,58.46,3,lane_closed
2026-09-05T20:49+02:00,A15,R,60.76,1,lane_closed
2026-09-05T20:49+02:00,A4,L,5.549,3,speedlimit
2026-09-05T20:49+02:00,A20,R,26.4,2,speedlimit
2026-09-05T20:49+02:00,A15,R,48.332,4,speedlimit
2026-09-05T20:49+02:00,A15,L,63.56,3,speedlimit
2026-09-05T20:49+02:00,A20,L,27.488,2,speedlimit
2026-09-05T20:49+02:00,A20,L,30.196,3,speedlimit
2026-09-05T20:49+02:00,A4,h,46.06,1,speedlimit
2026-09-05T20:49+02:00,A4,L,5.549,4,lane_closed_ahead
2026-09-05T20:49+02:00,A15,R,49.61,1,lane_closed
2026-09-05T20:49+02:00,A20,L,28.41,1,speedlimit
2026-09-05T20:49+02:00,A15,R,45.92,3,speedlimit
2026-09-05T20:49+02:00,A13,L,13.18,4,lane_closed
2026-09-05T20:49+02:00,A15,R,57.78,2,lane_closed
2026-09-05T20:49+02:00,A15,R,57.78,3,lane_closed
2026-09-05T20:49+02:00,A15,x,47.025,1,speedlimit
2026-09-05T20:49+02:00,A15,R,57.31,2,lane_closed
2026-09-05T20:49+02:00,A13,L,17.8,2,speedlimit
2026-09-05T20:49+02:00,A15,R,56.6,2,lane_closed
2026-09-05T20:49+02:00,A4,L,5.93,2,speedlimit
2026-09-05T20:49+02:00,A20,R,28.57,1,speedlimit
2026-09-05T20:49+02:00,A4,L,5.549,5,speedlimit
2026-09-05T20:49+02:00,A20,R,30.196,4,speedlimit
2026-09-05T20:49+02:00,A4,L,5.225,2,speedlimit
2026-09-05T20:49+02:00,A15,R,47.332,2,lane_closed_ahead
2026-09-05T20:49+02:00,A20,t,29.6,2,speedlimit
2026-09-05T20:49+02:00,A4,L,5.225,4,lane_closed
2026-09-05T20:49+02:00,A20,L,38.3,1,lane_closed_ahead
2026-09-05T20:49+02:00,A15,R,46.769,3,speedlimit
2026-09-05T20:49+02:00,A15,R,57.31,4,lane_closed
2026-09-05T20:49+02:00,A15,L,64.67,4,speedlimit
2026-09-05T20:49+02:00,A15,R,49.0,2,lane_closed
2026-09-05T20:49+02:00,A15,L,65.685,1,speedlimit
2026-09-05T20:49+02:00,A15,L,64.67,1,lane_closed
2026-09-05T20:49+02:00,A13,L,10.3,2,speedlimit
2026-09-05T20:49+02:00,A4,R,76.6,2,lane_closed
2026-09-05T20:49+02:00,A15,R,54.7,1,lane_closed
2026-09-05T20:49+02:00,A15,R,52.32,1,lane_closed
2026-09-05T20:49+02:00,A15,m,94.725,1,speedlimit
2026-09-05T20:49+02:00,A20,R,26.93,2,speedlimit
2026-09-05T20:49+02:00,A20,L,30.9,3,speedlimit
2026-09-05T20:49+02:00,A13,L,18.8,3,speedlimit
2026-09-05T20:49+02:00,A15,R,46.614,1,speedlimit
2026-09-05T20:49+02:00,A13,L,10.3,4,speedlimit
2026-09-05T20:49+02:00,A20,L,37.8,1,lane_closed
2026-09-05T20:49+02:00,A20,R,28.8,1,speedlimit
2026-09-05T20:49+02:00,A16,L,6.29,2,speedlimit
2026-09-05T20:49+02:00,A13,L,18.8,1,speedlimit
2026-09-05T20:49+02:00,A4,h,46.4,2,speedlimit
2026-09-05T20:49+02:00,A15,R,46.614,2,speedlimit
2026-09-05T20:49+02:00,A13,R,16.2,2,speedlimit
2026-09-05T20:49+02:00,A4,L,5.549,2,speedlimit
2026-09-05T20:49+02:00,A4,R,52.598,1,speedlimit
2026-09-05T20:49+02:00,A20,L,31.4,3,speedlimit
2026-09-05T20:49+02:00,A20,L,30.196,4,speedlimit
2026-09-05T20:49+02:00,A15,R,49.99,1,lane_closed
2026-09-05T20:49+02:00,A4,L,5.225,5,speedlimit
2026-09-05T20:49+02:00,A13,R,18.2,2,speedlimit
2026-09-05T20:49+02:00,A13,L,10.3,3,speedlimit
2026-09-05T20:49+02:00,A15,R,48.332,1,lane_closed
2026-09-05T20:49+02:00,A4,R,76.9,4,speedlimit
2026-09-05T20:49+02:00,A13,L,17.8,1,speedlimit
2026-09-05T20:49+02:00,A20,R,29.8,1,speedlimit
2026-09-05T20:49+02:00,A20,R,31.26,2,speedlimit
2026-09-05T20:49+02:00,A15,R,50.87,2,lane_closed
2026-09-05T20:49+02:00,A4,m,5.64,4,speedlimit
2026-09-05T20:49+02:00,A15,x,56.6,1,lane_closed
2026-09-05T20:49+02:00,A20,R,31.26,3,speedlimit
2026-09-05T20:49+02:00,A4,R,74.737,3,speedlimit
2026-09-05T20:49+02:00,A20,R,26.64,3,speedlimit
2026-09-05T20:49+02:00,A20,R,26.64,4,speedlimit
2026-09-05T20:49+02:00,A20,R,26.4,1,speedlimit
2026-09-05T20:49+02:00,A13,R,17.1,1,speedlimit
2026-09-05T20:49+02:00,A15,R,59.2,3,lane_closed
2026-09-05T20:49+02:00,A20,R,29.5,3,speedlimit
2026-09-05T20:49+02:00,A15,R,58.46,4,lane_closed
2026-09-05T20:49+02:00,A4,R,75.214,5,speedlimit
2026-09-05T20:49+02:00,A13,L,13.7,4,lane_closed
2026-09-05T20:49+02:00,A15,R,47.775,3,lane_closed_ahead
2026-09-05T20:49+02:00,A15,L,63.56,2,speedlimit
2026-09-05T20:49+02:00,A13,L,14.2,4,lane_closed
2026-09-05T20:49+02:00,A4,R,74.737,5,speedlimit
2026-09-05T20:49+02:00,A15,R,60.76,2,lane_closed
2026-09-05T20:49+02:00,A4,h,46.4,1,speedlimit
2026-09-05T20:49+02:00,A4,m,5.93,2,speedlimit
2026-09-05T20:49+02:00,A15,R,46.17,1,speedlimit
2026-09-05T20:49+02:00,A15,x,56.25,2,speedlimit
2026-09-05T20:49+02:00,A15,x,55.14,2,speedlimit
2026-09-05T20:49+02:00,A4,R,52.598,3,speedlimit
2026-09-05T20:49+02:00,A20,t,29.6,1,speedlimit
2026-09-05T20:49+02:00,A15,R,47.775,2,lane_closed
2026-09-05T20:49+02:00,A15,n,96.42,1,speedlimit
2026-09-05T20:49+02:00,A15,L,65.685,4,speedlimit
2026-09-05T20:49+02:00,A20,R,29.8,4,speedlimit
2026-09-05T20:49+02:00,A13,R,18.7,2,speedlimit
2026-09-05T20:49+02:00,A20,R,27.488,1,speedlimit
2026-09-05T20:49+02:00,A15,R,48.69,2,lane_closed
2026-09-05T20:49+02:00,A15,R,77.003,2,speedlimit
2026-09-05T20:49+02:00,A20,R,29.5,2,speedlimit
2026-09-05T20:49+02:00,A20,L,27.2,2,speedlimit
2026-09-05T20:49+02:00,A13,R,18.963,1,speedlimit
2026-09-05T20:49+02:00,A15,R,46.468,3,speedlimit
2026-09-05T20:49+02:00,A13,L,17.1,1,speedlimit
2026-09-05T20:49+02:00,A4,R,74.194,2,speedlimit
2026-09-05T20:49+02:00,A20,L,31.88,3,speedlimit
2026-09-05T20:49+02:00,A13,L,19.7,1,speedlimit
2026-09-05T20:49+02:00,A4,R,75.214,4,speedlimit
2026-09-05T20:49+02:00,A13,L,17.1,4,speedlimit
2026-09-05T20:49+02:00,A4,R,52.018,1,speedlimit
2026-09-05T20:49+02:00,A13,R,16.655,2,speedlimit
2026-09-05T20:49+02:00,A4,R,75.71,2,speedlimit
2026-09-05T20:49+02:00,A15,R,56.1,1,lane_closed
2026-09-05T20:49+02:00,A13,L,15.55,5,lane_closed
2026-09-05T20:49+02:00,A4,R,51.388,1,speedlimit
2026-09-05T20:49+02:00,A15,x,56.6,2,speedlimit
2026-09-05T20:49+02:00,A15,R,47.07,2,speedlimit
2026-09-05T20:49+02:00,A15,R,59.95,3,lane_closed
2026-09-05T20:49+02:00,A4,R,52.598,2,speedlimit
2026-09-05T20:49+02:00,A4,L,5.225,1,speedlimit
2026-09-05T20:49+02:00,A4,m,5.93,1,speedlimit
2026-09-05T20:49+02:00,A20,L,32.8,3,speedlimit
2026-09-05T20:49+02:00,A15,R,58.46,1,lane_closed
2026-09-05T20:49+02:00,A15,R,52.32,2,lane_closed
2026-09-05T20:49+02:00,A20,R,30.196,1,speedlimit
2026-09-05T20:49+02:00,A20,L,29.826,4,speedlimit
2026-09-05T20:49+02:00,A15,R,52.92,3,lane_closed
2026-09-05T20:49+02:00,A15,x,55.59,2,speedlimit
2026-09-05T20:49+02:00,A16,L,6.29,1,speedlimit
2026-09-05T20:49+02:00,A15,R,46.356,3,speedlimit
2026-09-05T20:49+02:00,A20,s,29.6,1,speedlimit
2026-09-05T20:49+02:00,A20,L,28.57,2,speedlimit
2026-09-05T20:49+02:00,A20,R,30.6,2,speedlimit
2026-09-05T20:49+02:00,A15,R,59.57,1,lane_closed
2026-09-05T20:49+02:00,A15,n,96.42,3,lane_closed
2026-09-05T20:49+02:00,A15,L,65.25,3,speedlimit
2026-09-05T20:49+02:00,A13,L,17.1,2,speedlimit
2026-09-05T20:49+02:00,A15,R,57.31,5,lane_closed
2026-09-05T20:49+02:00,A20,L,28.57,3,speedlimit
2026-09-05T20:49+02:00,A15,R,59.57,3,lane_closed
2026-09-05T20:49+02:00,A15,L,64.67,3,speedlimit
2026-09-05T20:49+02:00,A20,R,26.4,4,speedlimit
2026-09-05T20:49+02:00,A20,R,30.196,2,speedlimit
2026-09-05T20:49+02:00,A13,R,17.8,3,speedlimit
2026-09-05T20:49+02:00,A15,m,94.725,3,speedlimit
2026-09-05T20:49+02:00,A15,n,95.855,2,speedlimit
2026-09-05T21:49+02:00,A15,R,47.07,3,speedlimit
2026-09-05T21:49+02:00,A15,R,49.0,1,lane_closed
2026-09-05T21:49+02:00,A13,L,16.7,1,speedlimit
2026-09-05T21:49+02:00,A15,R,46.769,1,speedlimit
2026-09-05T21:49+02:00,A4,R,61.555,3,speedlimit
2026-09-05T21:49+02:00,A4,R,70.711,2,speedlimit
2026-09-05T21:49+02:00,A15,R,59.2,2,lane_closed
2026-09-05T21:49+02:00,A15,R,45.92,4,speedlimit
2026-09-05T21:49+02:00,A20,L,30.196,2,speedlimit
2026-09-05T21:49+02:00,A15,R,77.003,3,speedlimit
2026-09-05T21:49+02:00,A4,R,61.825,2,speedlimit
2026-09-05T21:49+02:00,A15,R,45.92,2,speedlimit
2026-09-05T21:49+02:00,A15,R,52.92,1,lane_closed
2026-09-05T21:49+02:00,A13,R,16.655,1,speedlimit
2026-09-05T21:49+02:00,A13,R,17.1,2,speedlimit
2026-09-05T21:49+02:00,A15,R,54.04,1,lane_closed
2026-09-05T21:49+02:00,A4,L,5.93,1,speedlimit
2026-09-05T21:49+02:00,A15,R,58.05,4,lane_closed
2026-09-05T21:49+02:00,A15,R,53.47,3,lane_closed
2026-09-05T21:49+02:00,A15,R,55.59,2,lane_closed
2026-09-05T21:49+02:00,A15,R,51.28,1,lane_closed
2026-09-05T21:49+02:00,A15,R,48.69,1,lane_closed
2026-09-05T21:49+02:00,A15,R,55.59,1,lane_closed
2026-09-05T21:49+02:00,A15,R,77.003,1,speedlimit
2026-09-05T21:49+02:00,A15,R,47.775,1,lane_closed
2026-09-05T21:49+02:00,A4,R,62.135,1,speedlimit
2026-09-05T21:49+02:00,A4,R,61.98,3,speedlimit
2026-09-05T21:49+02:00,A13,R,18.5,1,speedlimit
2026-09-05T21:49+02:00,A4,R,63.075,3,speedlimit
2026-09-05T21:49+02:00,A20,L,29.5,2,speedlimit
2026-09-05T21:49+02:00,A15,R,50.87,1,lane_closed
2026-09-05T21:49+02:00,A13,R,18.5,4,speedlimit
2026-09-05T21:49+02:00,A13,R,18.2,3,speedlimit
2026-09-05T21:49+02:00,A15,R,49.0,3,lane_closed
2026-09-05T21:49+02:00,A20,R,28.1,1,speedlimit
2026-09-05T21:49+02:00,A20,R,30.196,3,speedlimit
2026-09-05T21:49+02:00,A4,L,4.44,3,lane_closed
2026-09-05T21:49+02:00,A15,R,47.775,5,speedlimit
2026-09-05T21:49+02:00,A15,R,46.468,1,speedlimit
2026-09-05T21:49+02:00,A15,R,51.88,3,lane_closed
2026-09-05T21:49+02:00,A4,R,62.135,2,speedlimit
2026-09-05T21:49+02:00,A15,p,50.4,1,lane_closed
2026-09-05T21:49+02:00,A20,L,36.94,1,lane_closed
2026-09-05T21:49+02:00,A4,R,2.367,4,lane_closed
2026-09-05T21:49+02:00,A15,R,58.05,1,lane_closed
2026-09-05T21:49+02:00,A4,R,61.98,1,speedlimit
2026-09-05T21:49+02:00,A15,R,58.46,2,lane_closed
2026-09-05T21:49+02:00,A15,R,46.17,3,speedlimit
2026-09-05T21:49+02:00,A15,R,56.6,3,lane_closed
2026-09-05T21:49+02:00,A15,n,95.855,3,speedlimit
2026-09-05T21:49+02:00,A4,R,76.9,1,lane_closed
2026-09-05T21:49+02:00,A13,R,17.8,2,speedlimit
2026-09-05T21:49+02:00,A4,L,5.225,6,speedlimit
2026-09-05T21:49+02:00,A15,x,56.25,1,lane_closed
2026-09-05T21:49+02:00,A20,s,29.6,2,speedlimit
2026-09-05T21:49+02:00,A15,L,65.25,2,speedlimit
2026-09-05T21:49+02:00,A15,L,65.685,3,speedlimit
2026-09-05T21:49+02:00,A15,R,52.32,3,lane_closed
2026-09-05T21:49+02:00,A15,n,96.82,1,speedlimit
2026-09-05T21:49+02:00,A15,m,95.76,2,speedlimit
2026-09-05T21:49+02:00,A15,R,58.05,2,lane_closed
2026-09-05T21:49+02:00,A4,R,74.737,1,lane_closed_ahead
2026-09-05T21:49+02:00,A15,x,46.135,3,speedlimit
2026-09-05T21:49+02:00,A20,R,26.93,4,speedlimit
2026-09-05T21:49+02:00,A20,R,28.57,3,speedlimit
2026-09-05T21:49+02:00,A4,L,2.447,4,lane_closed
2026-09-05T21:49+02:00,A13,L,18.8,2,speedlimit
2026-09-05T21:49+02:00,A15,R,60.49,4,speedlimit
2026-09-05T21:49+02:00,A15,R,50.31,1,lane_closed
2026-09-05T21:49+02:00,A20,R,27.235,1,speedlimit
2026-09-05T21:49+02:00,A13,L,10.7,3,speedlimit
2026-09-05T21:49+02:00,A20,L,28.41,2,speedlimit
2026-09-05T21:49+02:00,A15,R,47.07,1,lane_closed_ahead
2026-09-05T21:49+02:00,A15,R,57.78,1,lane_closed
2026-09-05T21:49+02:00,A4,R,51.388,2,speedlimit
2026-09-05T21:49+02:00,A15,R,48.69,4,speedlimit
2026-09-05T21:49+02:00,A20,R,27.79,2,speedlimit
2026-09-05T21:49+02:00,A13,R,18.5,3,speedlimit
2026-09-05T21:49+02:00,A20,R,28.57,4,speedlimit
2026-09-05T21:49+02:00,A20,R,31.26,4,speedlimit
2026-09-05T21:49+02:00,A20,L,29.826,2,speedlimit
2026-09-05T21:49+02:00,A20,L,35.925,1,lane_closed
2026-09-05T21:49+02:00,A20,L,28.57,1,speedlimit
2026-09-05T21:49+02:00,A20,R,29.5,4,speedlimit
2026-09-05T21:49+02:00,A15,x,46.135,1,speedlimit
2026-09-05T21:49+02:00,A15,n,96.82,2,speedlimit
2026-09-05T21:49+02:00,A15,R,54.04,3,lane_closed
2026-09-05T21:49+02:00,A15,m,60.07,1,speedlimit
2026-09-05T21:49+02:00,A13,L,11.25,1,speedlimit
2026-09-05T21:49+02:00,A20,R,28.1,2,speedlimit
2026-09-05T21:49+02:00,A20,R,26.64,1,speedlimit
2026-09-05T21:49+02:00,A15,L,64.2,2,speedlimit
2026-09-05T21:49+02:00,A15,R,60.49,3,lane_closed
2026-09-05T21:49+02:00,A4,R,62.3,2,speedlimit
2026-09-05T21:49+02:00,A15,R,48.69,3,lane_closed
2026-09-05T21:49+02:00,A20,L,32.8,2,speedlimit
2026-09-05T21:49+02:00,A15,L,65.25,4,speedlimit
2026-09-05T21:49+02:00,A15,R,59.2,1,lane_closed
2026-09-05T21:49+02:00,A13,L,17.1,3,speedlimit
2026-09-05T21:49+02:00,A4,R,61.98,2,speedlimit
2026-09-05T21:49+02:00,A4,R,62.755,3,speedlimit
2026-09-05T21:49+02:00,A20,L,36.625,1,lane_closed
2026-09-05T21:49+02:00,A4,L,5.549,6,speedlimit
2026-09-05T21:49+02:00,A15,x,47.025,2,speedlimit
2026-09-05T21:49+02:00,A20,L,27.488,1,speedlimit
2026-09-05T21:49+02:00,A20,L,27.2,1,speedlimit
2026-09-05T21:49+02:00,A4,h,46.06,2,speedlimit
2026-09-05T21:49+02:00,A4,R,74.737,2,speedlimit
2026-09-05T21:49+02:00,A15,R,59.57,2,lane_closed
2026-09-05T21:49+02:00,A20,L,27.8,2,speedlimit
2026-09-05T21:49+02:00,A15,R,58.05,5,lane_closed
2026-09-05T21:49+02:00,A13,L,18.2,3,speedlimit
2026-09-05T21:49+02:00,A20,L,31.88,1,speedlimit
2026-09-05T21:49+02:00,A15,R,51.88,4,lane_closed
2026-09-05T21:49+02:00,A13,L,16.7,2,speedlimit
2026-09-05T21:49+02:00,A20,L,30.9,2,speedlimit
2026-09-05T21:49+02:00,A15,R,46.859,2,speedlimit
2026-09-05T21:49+02:00,A20,L,28.085,1,speedlimit
2026-09-05T21:49+02:00,A15,R,58.05,3,lane_closed
2026-09-05T21:49+02:00,A15,R,53.47,1,lane_closed
2026-09-05T21:49+02:00,A20,R,30.6,1,speedlimit
2026-09-05T21:49+02:00,A13,R,17.1,3,speedlimit
2026-09-05T21:49+02:00,A20,R,26.93,3,speedlimit
2026-09-05T21:49+02:00,A20,L,31.4,1,speedlimit
2026-09-05T21:49+02:00,A15,m,95.3,1,speedlimit
2026-09-05T21:49+02:00,A4,L,5.225,3,speedlimit
2026-09-05T21:49+02:00,A15,R,54.7,2,lane_closed
2026-09-05T21:49+02:00,A20,L,31.1,2,speedlimit
2026-09-05T21:49+02:00,A15,R,53.47,2,lane_closed
2026-09-05T21:49+02:00,A4,R,61.555,2,speedlimit
2026-09-05T21:49+02:00,A13,g,18.7,2,speedlimit
2026-09-05T21:49+02:00,A15,L,65.685,2,speedlimit
2026-09-05T21:49+02:00,A15,x,55.59,1,lane_closed_ahead
2026-09-05T21:49+02:00,A20,L,31.4,2,speedlimit
2026-09-05T21:49+02:00,A4,R,63.378,2,speedlimit
2026-09-05T21:49+02:00,A4,R,75.214,2,speedlimit
2026-09-05T21:49+02:00,A15,R,46.356,2,speedlimit
2026-09-05T21:49+02:00,A13,L,15.9,3,lane_closed
2026-09-05T21:49+02:00,A15,m,95.3,3,speedlimit
2026-09-05T21:49+02:00,A4,R,70.711,1,speedlimit
2026-09-05T21:49+02:00,A4,L,2.006,4,lane_closed
2026-09-05T21:49+02:00,A15,x,55.14,1,speedlimit
2026-09-05T21:49+02:00,A15,R,56.1,3,lane_closed
2026-09-05T21:49+02:00,A13,R,16.2,1,speedlimit
2026-09-05T21:49+02:00,A4,R,74.737,4,speedlimit
2026-09-05T21:49+02:00,A15,R,49.99,2,lane_closed
2026-09-05T21:49+02:00,A13,R,18.5,2,speedlimit
2026-09-05T21:49+02:00,A20,L,30.196,1,speedlimit
2026-09-05T21:49+02:00,A4,R,51.388,3,speedlimit
2026-09-05T21:49+02:00,A4,R,76.6,3,speedlimit
2026-09-05T21:49+02:00,A20,R,27.79,1,speedlimit
2026-09-05T21:49+02:00,A4,R,63.075,2,speedlimit
2026-09-05T21:49+02:00,A20,L,29.826,1,speedlimit
2026-09-05T21:49+02:00,A20,u,22.778,1,speedlimit
2026-09-05T21:49+02:00,A4,R,52.598,4,speedlimit
2026-09-05T21:49+02:00,A15,R,56.1,2,lane_closed
2026-09-05T21:49+02:00,A4,R,61.825,1,speedlimit
2026-09-05T21:49+02:00,A13,L,11.25,2,speedlimit
2026-09-05T21:49+02:00,A20,R,28.41,2,speedlimit
2026-09-05T21:49+02:00,A4,R,75.214,1,lane_closed
2026-09-05T21:49+02:00,A15,R,55.14,2,lane_closed
2026-09-05T21:49+02:00,A15,R,48.69,5,speedlimit
2026-09-05T21:49+02:00,A4,R,75.214,3,speedlimit
2026-09-05T21:49+02:00,A4,L,5.549,1,speedlimit
2026-09-05T21:49+02:00,A4,R,52.598,5,lane_closed
2026-09-05T21:49+02:00,A4,R,74.194,1,speedlimit
2026-09-05T21:49+02:00,A20,R,29.1,1,speedlimit
2026-09-05T21:49+02:00,A4,R,63.234,2,speedlimit
2026-09-05T21:49+02:00,A15,R,52.92,2,lane_closed
2026-09-05T21:49+02:00,A15,R,46.17,2,speedlimit
2026-09-05T21:49+02:00,A13,R,17.8,1,speedlimit
2026-09-05T21:49+02:00,A20,R,28.41,1,speedlimit
2026-09-05T21:49+02:00,A20,R,31.9,2,speedlimit
2026-09-05T21:49+02:00,A4,R,70.213,2,speedlimit
2026-09-05T21:49+02:00,A20,L,31.1,3,speedlimit
2026-09-05T21:49+02:00,A4,R,76.9,3,lane_closed
2026-09-05T21:49+02:00,A15,x,55.14,3,speedlimit
2026-09-05T21:49+02:00,A15,R,57.78,4,lane_closed
2026-09-05T21:49+02:00,A15,R,57.31,3,lane_closed
2026-09-05T21:49+02:00,A15,R,49.61,2,lane_closed
2026-09-05T21:49+02:00,A15,R,54.04,2,lane_closed
2026-09-05T21:49+02:00,A15,R,60.49,2,lane_closed
2026-09-05T21:49+02:00,A20,R,27.488,2,speedlimit
2026-09-05T21:49+02:00,A20,t,28.895,1,speedlimit
2026-09-05T21:49+02:00,A20,L,32.8,1,speedlimit
2026-09-05T21:49+02:00,A15,p,50.05,1,lane_closed
2026-09-05T21:49+02:00,A20,R,28.8,2,speedlimit
2026-09-05T21:49+02:00,A20,L,31.1,1,speedlimit
2026-09-05T21:49+02:00,A13,L,16.19,3,lane_closed
2026-09-05T21:49+02:00,A4,R,76.07,1,lane_closed
2026-09-05T21:49+02:00,A13,L,15.035,5,lane_closed
2026-09-05T21:49+02:00,A4,R,52.018,2,speedlimit
2026-09-05T21:49+02:00,A20,L,27.8,1,speedlimit
2026-09-05T21:49+02:00,A15,R,51.88,2,lane_closed
2026-09-05T21:49+02:00,A4,R,76.6,1,lane_closed
2026-09-05T21:49+02:00,A20,R,29.1,2,speedlimit
2026-09-05T21:49+02:00,A13,g,18.7,1,speedlimit
2026-09-05T21:49+02:00,A15,R,51.28,2,lane_closed
2026-09-05T21:49+02:00,A15,R,55.14,3,lane_closed
2026-09-05T21:49+02:00,A20,R,28.57,2,speedlimit
2026-09-05T21:49+02:00,A20,R,26.64,2,speedlimit
2026-09-05T21:49+02:00,A15,L,64.2,3,speedlimit
2026-09-05T21:49+02:00,A20,L,29.1,1,speedlimit
2026-09-05T21:49+02:00,A4,R,62.3,1,speedlimit
2026-09-05T21:49+02:00,A13,L,18.2,1,speedlimit
2026-09-05T21:49+02:00,A15,L,64.67,2,speedlimit
2026-09-05T21:49+02:00,A13,L,12.7,4,lane_closed
2026-09-05T21:49+02:00,A20,L,31.88,2,speedlimit
2026-09-05T21:49+02:00,A4,R,76.07,2,lane_closed
2026-09-05T21:49+02:00,A4,R,62.6,3,speedlimit
2026-09-05T21:49+02:00,A13,L,19.7,2,speedlimit
2026-09-05T21:49+02:00,A15,R,48.332,2,lane_closed
2026-09-05T21:49+02:00,A15,R,51.88,1,lane_closed
2026-09-05T21:49+02:00,A15,m,95.76,3,lane_closed
2026-09-05T21:49+02:00,A20,L,28.085,2,speedlimit
2026-09-05T21:49+02:00,A15,R,54.7,3,lane_closed
2026-09-05T21:49+02:00,A4,R,76.07,3,speedlimit
2026-09-05T21:49+02:00,A15,x,46.135,2,speedlimit
2026-09-05T21:49+02:00,A15,R,55.14,1,lane_closed
2026-09-05T21:49+02:00,A20,R,30.6,3,speedlimit
2026-09-05T21:49+02:00,A20,L,35.52,1,lane_closed
2026-09-05T21:49+02:00,A15,m,95.3,2,speedlimit
2026-09-05T21:49+02:00,A4,R,62.407,2,speedlimit
2026-09-05T21:49+02:00,A20,R,29.8,2,speedlimit
2026-09-05T21:49+02:00,A4,R,52.018,4,lane_closed
2026-09-05T21:49+02:00,A15,m,95.76,1,speedlimit
2026-09-05T21:49+02:00,A15,L,64.2,1,lane_closed
2026-09-05T21:49+02:00,A20,R,27.235,2,speedlimit
2026-09-05T21:49+02:00,A13,L,10.7,2,speedlimit
2026-09-05T21:49+02:00,A20,L,37.3,1,lane_closed
2026-09-05T21:49+02:00,A15,R,59.95,1,lane_closed
2026-09-05T21:49+02:00,A13,R,18.2,1,speedlimit
2026-09-05T21:49+02:00,A4,L,4.44,2,speedlimit
2026-09-05T21:49+02:00,A15,x,55.59,3,speedlimit
2026-09-05T21:49+02:00,A15,L,65.25,1,lane_closed_ahead
2026-09-05T21:49+02:00,A15,R,55.59,3,lane_closed
2026-09-05T21:49+02:00,A15,R,47.775,4,speedlimit
2026-09-05T21:49+02:00,A15,e,95.55,1,speedlimit
2026-09-05T21:49+02:00,A13,e,19.1,1,speedlimit
2026-09-05T21:49+02:00,A4,R,62.6,1,speedlimit
2026-09-05T21:49+02:00,A15,R,46.356,1,speedlimit
2026-09-05T21:49+02:00,A13,L,10.7,1,speedlimit
2026-09-05T21:49+02:00,A15,n,96.42,2,speedlimit
2026-09-05T21:49+02:00,A15,R,60.49,1,lane_closed
2026-09-05T21:49+02:00,A13,L,17.8,3,speedlimit
2026-09-05T21:49+02:00,A15,R,49.61,3,lane_closed
2026-09-05T21:49+02:00,A15,R,48.332,5,speedlimit
2026-09-05T21:49+02:00,A4,L,5.93,3,speedlimit
2026-09-05T21:49+02:00,A20,u,22.778,2,speedlimit
2026-09-05T21:49+02:00,A4,R,75.71,1,lane_closed
2026-09-05T21:49+02:00,A15,R,57.78,5,lane_closed
2026-09-05T21:49+02:00,A20,R,31.26,1,speedlimit
2026-09-05T21:49+02:00,A4,L,5.93,5,speedlimit
2026-09-05T21:49+02:00,A15,R,45.92,1,speedlimit
2026-09-05T21:49+02:00,A15,R,50.31,2,lane_closed
2026-09-05T21:49+02:00,A4,R,76.9,2,lane_closed
2026-09-05T21:49+02:00,A15,R,59.2,4,lane_closed
2026-09-05T21:49+02:00,A4,R,62.91,1,speedlimit
2026-09-05T21:49+02:00,A15,R,46.468,2,speedlimit
2026-09-05T21:49+02:00,A13,L,11.25,3,speedlimit
2026-09-05T21:49+02:00,A20,L,29.826,3,speedlimit
2026-09-05T21:49+02:00,A4,h,45.58,3,lane_closed
2026-09-05T21:49+02:00,A20,L,29.5,1,speedlimit
2026-09-05T21:49+02:00,A20,R,28.8,3,speedlimit
2026-09-05T21:49+02:00,A20,R,29.5,1,speedlimit
2026-09-05T21:49+02:00,A15,R,60.76,3,lane_closed
2026-09-05T21:49+02:00,A15,R,46.769,2,speedlimit
2026-09-05T21:49+02:00,A15,R,59.95,2,lane_closed
2026-09-05T21:49+02:00,A15,R,46.614,3,speedlimit
2026-09-05T21:49+02:00,A13,L,11.25,4,lane_closed
2026-09-05T21:49+02:00,A20,L,30.9,1,speedlimit
2026-09-05T21:49+02:00,A15,R,56.6,1,lane_closed
2026-09-05T21:49+02:00,A13,R,18.2,4,speedlimit
2026-09-05T21:49+02:00,A4,L,5.93,4,speedlimit
2026-09-05T21:49+02:00,A15,R,47.332,1,lane_closed
2026-09-05T21:49+02:00,A4,R,63.234,4,speedlimit
2026-09-05T21:49+02:00,A15,r,45.853,2,speedlimit
2026-09-05T21:49+02:00,A13,L,10.3,1,speedlimit
2026-09-05T21:49+02:00,A15,x,56.6,3,speedlimit
2026-09-05T21:49+02:00,A4,L,4.44,1,speedlimit
2026-09-05T21:49+02:00,A4,R,52.018,3,speedlimit
2026-09-05T21:49+02:00,A13,R,18.7,1,speedlimit
2026-09-05T21:49+02:00,A15,L,64.67,5,speedlimit
2026-09-05T21:49+02:00,A15,n,95.855,1,speedlimit
2026-09-05T21:49+02:00,A4,L,5.93,6,speedlimit
2026-09-05T21:49+02:00,A20,c,27.488,1,speedlimit
2026-09-05T21:49+02:00,A20,R,31.9,3,speedlimit
2026-09-05T21:49+02:00,A4,R,62.755,2,speedlimit
2026-09-05T21:49+02:00,A4,R,70.711,5,speedlimit
2026-09-05T21:49+02:00,A13,R,16.655,3,speedlimit
2026-09-05T21:49+02:00,A15,m,94.725,2,speedlimit
2026-09-05T21:49+02:00,A4,R,63.234,1,speedlimit
2026-09-05T21:49+02:00,A20,u,22.778,3,speedlimit
2026-09-05T21:49+02:00,A20,L,29.1,2,speedlimit
2026-09-05T21:49+02:00,A15,L,63.56,1,lane_closed
2026-09-05T21:49+02:00,A15,f,96.0,1,lane_closed
2026-09-05T21:49+02:00,A15,R,46.859,3,speedlimit
2026-09-05T21:49+02:00,A20,R,29.8,3,speedlimit
2026-09-05T21:49+02:00,A13,L,18.2,2,speedlimit
2026-09-05T21:49+02:00,A20,R,26.4,3,speedlimit
2026-09-05T21:49+02:00,A15,R,60.76,4,speedlimit
2026-09-05T21:49+02:00,A20,R,26.93,1,speedlimit
2026-09-05T21:49+02:00,A15,R,46.859,1,speedlimit
2026-09-05T21:49+02:00,A4,R,62.135,3,speedlimit
2026-09-05T21:49+02:00,A15,R,48.332,3,lane_closed
2026-09-05T21:49+02:00,A15,R,58.46,3,lane_closed
2026-09-05T21:49+02:00,A15,R,60.76,1,lane_closed
2026-09-05T21:49+02:00,A4,L,5.549,3,speedlimit
2026-09-05T21:49+02:00,A20,R,26.4,2,speedlimit
2026-09-05T21:49+02:00,A15,R,48.332,4,speedlimit
2026-09-05T21:49+02:00,A15,L,63.56,3,speedlimit
2026-09-05T21:49+02:00,A20,L,27.488,2,speedlimit
2026-09-05T21:49+02:00,A20,L,30.196,3,speedlimit
2026-09-05T21:49+02:00,A4,h,46.06,1,speedlimit
2026-09-05T21:49+02:00,A4,L,5.549,4,lane_closed_ahead
2026-09-05T21:49+02:00,A15,R,49.61,1,lane_closed
2026-09-05T21:49+02:00,A20,L,28.41,1,speedlimit
2026-09-05T21:49+02:00,A15,R,45.92,3,speedlimit
2026-09-05T21:49+02:00,A13,L,13.18,4,lane_closed
2026-09-05T21:49+02:00,A15,R,57.78,2,lane_closed
2026-09-05T21:49+02:00,A15,R,57.78,3,lane_closed
2026-09-05T21:49+02:00,A15,x,47.025,1,speedlimit
2026-09-05T21:49+02:00,A15,R,57.31,2,lane_closed
2026-09-05T21:49+02:00,A13,L,17.8,2,speedlimit
2026-09-05T21:49+02:00,A15,R,56.6,2,lane_closed
2026-09-05T21:49+02:00,A15,x,45.853,1,speedlimit
2026-09-05T21:49+02:00,A4,L,5.93,2,speedlimit
2026-09-05T21:49+02:00,A20,R,28.57,1,speedlimit
2026-09-05T21:49+02:00,A4,L,5.549,5,speedlimit
2026-09-05T21:49+02:00,A20,R,30.196,4,speedlimit
2026-09-05T21:49+02:00,A4,R,62.755,1,speedlimit
2026-09-05T21:49+02:00,A4,L,5.225,2,speedlimit
2026-09-05T21:49+02:00,A4,R,61.69,3,speedlimit
2026-09-05T21:49+02:00,A15,R,47.332,2,lane_closed_ahead
2026-09-05T21:49+02:00,A20,t,29.6,2,speedlimit
2026-09-05T21:49+02:00,A4,R,62.6,2,speedlimit
2026-09-05T21:49+02:00,A4,L,5.225,4,lane_closed
2026-09-05T21:49+02:00,A20,L,38.3,1,lane_closed_ahead
2026-09-05T21:49+02:00,A15,R,46.769,3,speedlimit
2026-09-05T21:49+02:00,A15,R,57.31,4,lane_closed
2026-09-05T21:49+02:00,A15,L,64.67,4,speedlimit
2026-09-05T21:49+02:00,A15,R,49.0,2,lane_closed
2026-09-05T21:49+02:00,A15,L,65.685,1,speedlimit
2026-09-05T21:49+02:00,A4,R,62.91,3,speedlimit
2026-09-05T21:49+02:00,A15,L,64.67,1,lane_closed
2026-09-05T21:49+02:00,A13,L,10.3,2,speedlimit
2026-09-05T21:49+02:00,A15,r,45.853,1,speedlimit
2026-09-05T21:49+02:00,A4,R,76.6,2,lane_closed
2026-09-05T21:49+02:00,A15,R,54.7,1,lane_closed
2026-09-05T21:49+02:00,A15,R,52.32,1,lane_closed
2026-09-05T21:49+02:00,A15,m,94.725,1,speedlimit
2026-09-05T21:49+02:00,A4,R,62.3,3,speedlimit
2026-09-05T21:49+02:00,A4,R,61.825,3,speedlimit
2026-09-05T21:49+02:00,A20,R,26.93,2,speedlimit
2026-09-05T21:49+02:00,A20,L,30.9,3,speedlimit
2026-09-05T21:49+02:00,A13,L,18.8,3,speedlimit
2026-09-05T21:49+02:00,A15,R,46.614,1,speedlimit
2026-09-05T21:49+02:00,A13,L,10.3,4,speedlimit
2026-09-05T21:49+02:00,A20,L,37.8,1,lane_closed
2026-09-05T21:49+02:00,A20,R,28.8,1,speedlimit
2026-09-05T21:49+02:00,A4,R,61.555,1,speedlimit
2026-09-05T21:49+02:00,A13,L,18.8,1,speedlimit
2026-09-05T21:49+02:00,A4,h,46.4,2,speedlimit
2026-09-05T21:49+02:00,A15,R,46.614,2,speedlimit
2026-09-05T21:49+02:00,A13,R,16.2,2,speedlimit
2026-09-05T21:49+02:00,A4,L,5.549,2,speedlimit
2026-09-05T21:49+02:00,A4,R,52.598,1,speedlimit
2026-09-05T21:49+02:00,A20,L,31.4,3,speedlimit
2026-09-05T21:49+02:00,A20,L,30.196,4,speedlimit
2026-09-05T21:49+02:00,A15,R,49.99,1,lane_closed
2026-09-05T21:49+02:00,A4,L,5.225,5,speedlimit
2026-09-05T21:49+02:00,A13,R,18.2,2,speedlimit
2026-09-05T21:49+02:00,A15,d,48.05,1,speedlimit
2026-09-05T21:49+02:00,A13,L,10.3,3,speedlimit
2026-09-05T21:49+02:00,A15,R,48.332,1,lane_closed
2026-09-05T21:49+02:00,A4,R,61.69,1,speedlimit
2026-09-05T21:49+02:00,A4,R,76.9,4,speedlimit
2026-09-05T21:49+02:00,A13,L,17.8,1,speedlimit
2026-09-05T21:49+02:00,A20,R,29.8,1,speedlimit
2026-09-05T21:49+02:00,A20,R,31.26,2,speedlimit
2026-09-05T21:49+02:00,A15,R,50.87,2,lane_closed
2026-09-05T21:49+02:00,A15,x,56.6,1,lane_closed
2026-09-05T21:49+02:00,A20,R,31.26,3,speedlimit
2026-09-05T21:49+02:00,A4,R,74.737,3,speedlimit
2026-09-05T21:49+02:00,A20,R,26.64,3,speedlimit
2026-09-05T21:49+02:00,A20,R,26.64,4,speedlimit
2026-09-05T21:49+02:00,A4,R,70.213,1,speedlimit
2026-09-05T21:49+02:00,A20,R,26.4,1,speedlimit
2026-09-05T21:49+02:00,A13,R,17.1,1,speedlimit
2026-09-05T21:49+02:00,A15,R,59.2,3,lane_closed
2026-09-05T21:49+02:00,A4,R,70.711,4,speedlimit
2026-09-05T21:49+02:00,A20,R,29.5,3,speedlimit
2026-09-05T21:49+02:00,A15,R,58.46,4,lane_closed
2026-09-05T21:49+02:00,A4,R,63.234,3,speedlimit
2026-09-05T21:49+02:00,A4,R,75.214,5,speedlimit
2026-09-05T21:49+02:00,A13,L,13.7,4,lane_closed
2026-09-05T21:49+02:00,A15,R,47.775,3,lane_closed_ahead
2026-09-05T21:49+02:00,A4,R,63.075,1,speedlimit
2026-09-05T21:49+02:00,A15,L,63.56,2,speedlimit
2026-09-05T21:49+02:00,A13,L,14.2,4,lane_closed
2026-09-05T21:49+02:00,A4,R,74.737,5,speedlimit
2026-09-05T21:49+02:00,A15,R,60.76,2,lane_closed
2026-09-05T21:49+02:00,A4,h,46.4,1,speedlimit
2026-09-05T21:49+02:00,A15,R,46.17,1,speedlimit
2026-09-05T21:49+02:00,A15,x,56.25,2,speedlimit
2026-09-05T21:49+02:00,A15,x,55.14,2,speedlimit
2026-09-05T21:49+02:00,A4,R,52.598,3,speedlimit
2026-09-05T21:49+02:00,A20,t,29.6,1,speedlimit
2026-09-05T21:49+02:00,A15,R,47.775,2,lane_closed
2026-09-05T21:49+02:00,A15,n,96.42,1,speedlimit
2026-09-05T21:49+02:00,A15,L,65.685,4,speedlimit
2026-09-05T21:49+02:00,A20,R,29.8,4,speedlimit
2026-09-05T21:49+02:00,A13,R,18.7,2,speedlimit
2026-09-05T21:49+02:00,A20,R,27.488,1,speedlimit
2026-09-05T21:49+02:00,A15,R,48.69,2,lane_closed
2026-09-05T21:49+02:00,A15,R,77.003,2,speedlimit
2026-09-05T21:49+02:00,A20,R,29.5,2,speedlimit
2026-09-05T21:49+02:00,A20,L,27.2,2,speedlimit
2026-09-05T21:49+02:00,A13,R,18.963,1,speedlimit
2026-09-05T21:49+02:00,A15,R,46.468,3,speedlimit
2026-09-05T21:49+02:00,A13,L,17.1,1,speedlimit
2026-09-05T21:49+02:00,A4,R,74.194,2,speedlimit
2026-09-05T21:49+02:00,A20,L,31.88,3,speedlimit
2026-09-05T21:49+02:00,A13,L,19.7,1,speedlimit
2026-09-05T21:49+02:00,A4,R,75.214,4,speedlimit
2026-09-05T21:49+02:00,A4,R,62.407,1,speedlimit
2026-09-05T21:49+02:00,A13,L,17.1,4,speedlimit
2026-09-05T21:49+02:00,A4,R,52.018,1,speedlimit
2026-09-05T21:49+02:00,A13,R,16.655,2,speedlimit
2026-09-05T21:49+02:00,A4,R,75.71,2,speedlimit
2026-09-05T21:49+02:00,A15,R,56.1,1,lane_closed
2026-09-05T21:49+02:00,A13,L,15.55,5,lane_closed
2026-09-05T21:49+02:00,A4,R,62.407,3,speedlimit
2026-09-05T21:49+02:00,A4,R,51.388,1,speedlimit
2026-09-05T21:49+02:00,A4,R,62.91,2,speedlimit
2026-09-05T21:49+02:00,A15,x,56.6,2,speedlimit
2026-09-05T21:49+02:00,A15,R,47.07,2,speedlimit
2026-09-05T21:49+02:00,A4,R,63.378,1,speedlimit
2026-09-05T21:49+02:00,A15,R,59.95,3,lane_closed
2026-09-05T21:49+02:00,A4,R,52.598,2,speedlimit
2026-09-05T21:49+02:00,A4,L,5.225,1,speedlimit
2026-09-05T21:49+02:00,A20,L,32.8,3,speedlimit
2026-09-05T21:49+02:00,A15,R,58.46,1,lane_closed
2026-09-05T21:49+02:00,A15,R,52.32,2,lane_closed
2026-09-05T21:49+02:00,A20,R,30.196,1,speedlimit
2026-09-05T21:49+02:00,A20,L,29.826,4,speedlimit
2026-09-05T21:49+02:00,A15,R,52.92,3,lane_closed
2026-09-05T21:49+02:00,A15,x,55.59,2,speedlimit
2026-09-05T21:49+02:00,A15,R,46.356,3,speedlimit
2026-09-05T21:49+02:00,A20,s,29.6,1,speedlimit
2026-09-05T21:49+02:00,A20,L,28.57,2,speedlimit
2026-09-05T21:49+02:00,A20,R,30.6,2,speedlimit
2026-09-05T21:49+02:00,A15,R,59.57,1,lane_closed
2026-09-05T21:49+02:00,A15,n,96.42,3,lane_closed
2026-09-05T21:49+02:00,A15,L,65.25,3,speedlimit
2026-09-05T21:49+02:00,A13,L,17.1,2,speedlimit
2026-09-05T21:49+02:00,A15,R,57.31,5,lane_closed
2026-09-05T21:49+02:00,A4,R,61.69,2,speedlimit
2026-09-05T21:49+02:00,A20,L,28.57,3,speedlimit
2026-09-05T21:49+02:00,A15,R,59.57,3,lane_closed
2026-09-05T21:49+02:00,A15,L,64.67,3,speedlimit
2026-09-05T21:49+02:00,A20,R,26.4,4,speedlimit
2026-09-05T21:49+02:00,A20,R,30.196,2,speedlimit
2026-09-05T21:49+02:00,A13,R,17.8,3,speedlimit
2026-09-05T21:49+02:00,A15,m,94.725,3,speedlimit
2026-09-05T21:49+02:00,A15,n,95.855,2,speedlimit
2026-09-05T22:50+02:00,A15,R,47.07,3,speedlimit
2026-09-05T22:50+02:00,A15,R,49.0,1,lane_closed
2026-09-05T22:50+02:00,A13,L,16.7,1,speedlimit
2026-09-05T22:50+02:00,A15,R,46.769,1,speedlimit
2026-09-05T22:50+02:00,A15,R,59.2,2,lane_closed
2026-09-05T22:50+02:00,A15,R,45.92,4,speedlimit
2026-09-05T22:50+02:00,A20,L,30.196,2,speedlimit
2026-09-05T22:50+02:00,A15,R,77.003,3,speedlimit
2026-09-05T22:50+02:00,A15,R,45.92,2,speedlimit
2026-09-05T22:50+02:00,A15,R,52.92,1,lane_closed
2026-09-05T22:50+02:00,A13,R,16.655,1,speedlimit
2026-09-05T22:50+02:00,A13,R,17.1,2,speedlimit
2026-09-05T22:50+02:00,A15,R,54.04,1,lane_closed
2026-09-05T22:50+02:00,A4,L,5.93,1,speedlimit
2026-09-05T22:50+02:00,A15,R,58.05,4,lane_closed
2026-09-05T22:50+02:00,A15,R,53.47,3,lane_closed
2026-09-05T22:50+02:00,A15,R,55.59,2,lane_closed
2026-09-05T22:50+02:00,A15,R,51.28,1,lane_closed
2026-09-05T22:50+02:00,A15,R,48.69,1,lane_closed
2026-09-05T22:50+02:00,A15,R,55.59,1,lane_closed
2026-09-05T22:50+02:00,A15,R,77.003,1,speedlimit
2026-09-05T22:50+02:00,A15,R,47.775,1,lane_closed
2026-09-05T22:50+02:00,A13,R,18.5,1,speedlimit
2026-09-05T22:50+02:00,A20,L,29.5,2,speedlimit
2026-09-05T22:50+02:00,A15,R,50.87,1,lane_closed
2026-09-05T22:50+02:00,A13,R,18.5,4,speedlimit
2026-09-05T22:50+02:00,A13,R,18.2,3,speedlimit
2026-09-05T22:50+02:00,A15,R,49.0,3,lane_closed
2026-09-05T22:50+02:00,A20,R,28.1,1,speedlimit
2026-09-05T22:50+02:00,A20,R,30.196,3,speedlimit
2026-09-05T22:50+02:00,A4,L,4.44,3,lane_closed
2026-09-05T22:50+02:00,A15,R,47.775,5,speedlimit
2026-09-05T22:50+02:00,A15,R,46.468,1,speedlimit
2026-09-05T22:50+02:00,A15,R,51.88,3,lane_closed
2026-09-05T22:50+02:00,A15,p,50.4,1,lane_closed
2026-09-05T22:50+02:00,A20,L,36.94,1,lane_closed
2026-09-05T22:50+02:00,A15,R,58.05,1,lane_closed
2026-09-05T22:50+02:00,A15,R,58.46,2,lane_closed
2026-09-05T22:50+02:00,A15,R,46.17,3,speedlimit
2026-09-05T22:50+02:00,A15,R,56.6,3,lane_closed
2026-09-05T22:50+02:00,A15,n,95.855,3,speedlimit
2026-09-05T22:50+02:00,A4,R,76.9,1,lane_closed
2026-09-05T22:50+02:00,A13,R,17.8,2,speedlimit
2026-09-05T22:50+02:00,A4,L,5.225,6,speedlimit
2026-09-05T22:50+02:00,A15,x,56.25,1,lane_closed
2026-09-05T22:50+02:00,A20,s,29.6,2,speedlimit
2026-09-05T22:50+02:00,A15,L,65.25,2,speedlimit
2026-09-05T22:50+02:00,A15,L,65.685,3,speedlimit
2026-09-05T22:50+02:00,A15,R,52.32,3,lane_closed
2026-09-05T22:50+02:00,A15,n,96.82,1,speedlimit
2026-09-05T22:50+02:00,A15,m,95.76,2,speedlimit
2026-09-05T22:50+02:00,A15,R,58.05,2,lane_closed
2026-09-05T22:50+02:00,A4,R,74.737,1,lane_closed_ahead
2026-09-05T22:50+02:00,A20,R,26.93,4,speedlimit
2026-09-05T22:50+02:00,A20,R,28.57,3,speedlimit
2026-09-05T22:50+02:00,A4,L,2.447,4,lane_closed
2026-09-05T22:50+02:00,A13,L,18.8,2,speedlimit
2026-09-05T22:50+02:00,A15,R,60.49,4,speedlimit
2026-09-05T22:50+02:00,A15,R,50.31,1,lane_closed
2026-09-05T22:50+02:00,A20,R,27.235,1,speedlimit
2026-09-05T22:50+02:00,A20,L,28.41,2,speedlimit
2026-09-05T22:50+02:00,A15,R,47.07,1,lane_closed_ahead
2026-09-05T22:50+02:00,A15,R,57.78,1,lane_closed
2026-09-05T22:50+02:00,A4,R,51.388,2,speedlimit
2026-09-05T22:50+02:00,A15,R,48.69,4,speedlimit
2026-09-05T22:50+02:00,A20,R,27.79,2,speedlimit
2026-09-05T22:50+02:00,A13,R,18.5,3,speedlimit
2026-09-05T22:50+02:00,A20,R,28.57,4,speedlimit
2026-09-05T22:50+02:00,A20,R,31.26,4,speedlimit
2026-09-05T22:50+02:00,A20,L,29.826,2,speedlimit
2026-09-05T22:50+02:00,A20,L,35.925,1,lane_closed
2026-09-05T22:50+02:00,A20,L,28.57,1,speedlimit
2026-09-05T22:50+02:00,A20,R,29.5,4,speedlimit
2026-09-05T22:50+02:00,A15,n,96.82,2,speedlimit
2026-09-05T22:50+02:00,A15,R,54.04,3,lane_closed
2026-09-05T22:50+02:00,A15,m,60.07,1,speedlimit
2026-09-05T22:50+02:00,A20,R,28.1,2,speedlimit
2026-09-05T22:50+02:00,A20,R,26.64,1,speedlimit
2026-09-05T22:50+02:00,A15,L,64.2,2,speedlimit
2026-09-05T22:50+02:00,A15,R,60.49,3,lane_closed
2026-09-05T22:50+02:00,A15,R,48.69,3,lane_closed
2026-09-05T22:50+02:00,A20,L,32.8,2,speedlimit
2026-09-05T22:50+02:00,A15,L,65.25,4,speedlimit
2026-09-05T22:50+02:00,A15,R,59.2,1,lane_closed
2026-09-05T22:50+02:00,A13,L,17.1,3,speedlimit
2026-09-05T22:50+02:00,A20,L,36.625,1,lane_closed
2026-09-05T22:50+02:00,A4,L,5.549,6,speedlimit
2026-09-05T22:50+02:00,A15,x,47.025,2,speedlimit
2026-09-05T22:50+02:00,A20,L,27.488,1,speedlimit
2026-09-05T22:50+02:00,A20,L,27.2,1,speedlimit
2026-09-05T22:50+02:00,A4,h,46.06,2,speedlimit
2026-09-05T22:50+02:00,A4,R,74.737,2,speedlimit
2026-09-05T22:50+02:00,A4,n,10.831,2,lane_closed
2026-09-05T22:50+02:00,A15,R,59.57,2,lane_closed
2026-09-05T22:50+02:00,A20,L,27.8,2,speedlimit
2026-09-05T22:50+02:00,A15,R,58.05,5,lane_closed
2026-09-05T22:50+02:00,A13,L,18.2,3,speedlimit
2026-09-05T22:50+02:00,A4,n,10.243,1,lane_closed
2026-09-05T22:50+02:00,A20,L,31.88,1,speedlimit
2026-09-05T22:50+02:00,A15,R,51.88,4,lane_closed
2026-09-05T22:50+02:00,A13,L,16.7,2,speedlimit
2026-09-05T22:50+02:00,A20,L,30.9,2,speedlimit
2026-09-05T22:50+02:00,A15,R,46.859,2,speedlimit
2026-09-05T22:50+02:00,A20,L,28.085,1,speedlimit
2026-09-05T22:50+02:00,A15,R,58.05,3,lane_closed
2026-09-05T22:50+02:00,A15,R,53.47,1,lane_closed
2026-09-05T22:50+02:00,A20,R,30.6,1,speedlimit
2026-09-05T22:50+02:00,A13,R,17.1,3,speedlimit
2026-09-05T22:50+02:00,A4,n,11.392,1,speedlimit
2026-09-05T22:50+02:00,A20,R,26.93,3,speedlimit
2026-09-05T22:50+02:00,A20,L,31.4,1,speedlimit
2026-09-05T22:50+02:00,A15,m,95.3,1,speedlimit
2026-09-05T22:50+02:00,A4,L,5.225,3,speedlimit
2026-09-05T22:50+02:00,A15,R,54.7,2,lane_closed
2026-09-05T22:50+02:00,A20,L,31.1,2,speedlimit
2026-09-05T22:50+02:00,A15,R,53.47,2,lane_closed
2026-09-05T22:50+02:00,A13,g,18.7,2,speedlimit
2026-09-05T22:50+02:00,A15,L,65.685,2,speedlimit
2026-09-05T22:50+02:00,A15,x,55.59,1,lane_closed_ahead
2026-09-05T22:50+02:00,A20,L,31.4,2,speedlimit
2026-09-05T22:50+02:00,A4,R,75.214,2,speedlimit
2026-09-05T22:50+02:00,A15,R,46.356,2,speedlimit
2026-09-05T22:50+02:00,A4,n,12.15,1,speedlimit
2026-09-05T22:50+02:00,A13,L,15.9,3,lane_closed
2026-09-05T22:50+02:00,A4,n,11.392,3,lane_closed
2026-09-05T22:50+02:00,A15,m,95.3,3,speedlimit
2026-09-05T22:50+02:00,A4,L,2.006,4,lane_closed
2026-09-05T22:50+02:00,A15,x,55.14,1,speedlimit
2026-09-05T22:50+02:00,A15,R,56.1,3,lane_closed
2026-09-05T22:50+02:00,A13,R,16.2,1,speedlimit
2026-09-05T22:50+02:00,A4,R,74.737,4,speedlimit
2026-09-05T22:50+02:00,A15,R,49.99,2,lane_closed
2026-09-05T22:50+02:00,A13,R,18.5,2,speedlimit
2026-09-05T22:50+02:00,A20,L,30.196,1,speedlimit
2026-09-05T22:50+02:00,A4,R,51.388,3,speedlimit
2026-09-05T22:50+02:00,A4,R,76.6,3,speedlimit
2026-09-05T22:50+02:00,A20,R,27.79,1,speedlimit
2026-09-05T22:50+02:00,A20,L,29.826,1,speedlimit
2026-09-05T22:50+02:00,A4,R,52.598,4,speedlimit
2026-09-05T22:50+02:00,A15,R,56.1,2,lane_closed
2026-09-05T22:50+02:00,A4,n,10.831,3,lane_closed
2026-09-05T22:50+02:00,A20,R,28.41,2,speedlimit
2026-09-05T22:50+02:00,A4,R,75.214,1,lane_closed
2026-09-05T22:50+02:00,A15,R,55.14,2,lane_closed
2026-09-05T22:50+02:00,A15,R,48.69,5,speedlimit
2026-09-05T22:50+02:00,A4,R,75.214,3,speedlimit
2026-09-05T22:50+02:00,A4,L,5.549,1,speedlimit
2026-09-05T22:50+02:00,A4,R,52.598,5,lane_closed
2026-09-05T22:50+02:00,A4,R,74.194,1,speedlimit
2026-09-05T22:50+02:00,A20,R,29.1,1,speedlimit
2026-09-05T22:50+02:00,A15,R,52.92,2,lane_closed
2026-09-05T22:50+02:00,A15,R,46.17,2,speedlimit
2026-09-05T22:50+02:00,A13,R,17.8,1,speedlimit
2026-09-05T22:50+02:00,A20,R,28.41,1,speedlimit
2026-09-05T22:50+02:00,A20,R,31.9,2,speedlimit
2026-09-05T22:50+02:00,A20,L,31.1,3,speedlimit
2026-09-05T22:50+02:00,A4,R,76.9,3,lane_closed
2026-09-05T22:50+02:00,A15,x,55.14,3,speedlimit
2026-09-05T22:50+02:00,A15,R,57.78,4,lane_closed
2026-09-05T22:50+02:00,A15,R,57.31,3,lane_closed
2026-09-05T22:50+02:00,A15,R,49.61,2,lane_closed
2026-09-05T22:50+02:00,A15,R,54.04,2,lane_closed
2026-09-05T22:50+02:00,A15,R,60.49,2,lane_closed
2026-09-05T22:50+02:00,A20,R,27.488,2,speedlimit
2026-09-05T22:50+02:00,A20,t,28.895,1,speedlimit
2026-09-05T22:50+02:00,A20,L,32.8,1,speedlimit
2026-09-05T22:50+02:00,A15,p,50.05,1,lane_closed
2026-09-05T22:50+02:00,A20,R,28.8,2,speedlimit
2026-09-05T22:50+02:00,A4,n,11.392,2,lane_closed_ahead
2026-09-05T22:50+02:00,A20,L,31.1,1,speedlimit
2026-09-05T22:50+02:00,A13,L,16.19,3,lane_closed
2026-09-05T22:50+02:00,A4,R,76.07,1,lane_closed
2026-09-05T22:50+02:00,A13,L,15.035,5,lane_closed
2026-09-05T22:50+02:00,A4,R,52.018,2,speedlimit
2026-09-05T22:50+02:00,A20,L,27.8,1,speedlimit
2026-09-05T22:50+02:00,A15,R,51.88,2,lane_closed
2026-09-05T22:50+02:00,A4,R,76.6,1,lane_closed
2026-09-05T22:50+02:00,A4,n,12.15,4,speedlimit
2026-09-05T22:50+02:00,A20,R,29.1,2,speedlimit
2026-09-05T22:50+02:00,A13,g,18.7,1,speedlimit
2026-09-05T22:50+02:00,A15,R,51.28,2,lane_closed
2026-09-05T22:50+02:00,A15,R,55.14,3,lane_closed
2026-09-05T22:50+02:00,A20,R,28.57,2,speedlimit
2026-09-05T22:50+02:00,A4,n,10.831,1,speedlimit
2026-09-05T22:50+02:00,A20,R,26.64,2,speedlimit
2026-09-05T22:50+02:00,A15,L,64.2,3,speedlimit
2026-09-05T22:50+02:00,A20,L,29.1,1,speedlimit
2026-09-05T22:50+02:00,A4,n,12.15,2,speedlimit
2026-09-05T22:50+02:00,A13,L,18.2,1,speedlimit
2026-09-05T22:50+02:00,A15,L,64.67,2,speedlimit
2026-09-05T22:50+02:00,A13,L,12.7,4,lane_closed
2026-09-05T22:50+02:00,A20,L,31.88,2,speedlimit
2026-09-05T22:50+02:00,A4,R,76.07,2,lane_closed
2026-09-05T22:50+02:00,A13,L,19.7,2,speedlimit
2026-09-05T22:50+02:00,A15,R,48.332,2,lane_closed
2026-09-05T22:50+02:00,A15,R,51.88,1,lane_closed
2026-09-05T22:50+02:00,A15,m,95.76,3,lane_closed
2026-09-05T22:50+02:00,A20,L,28.085,2,speedlimit
2026-09-05T22:50+02:00,A15,R,54.7,3,lane_closed
2026-09-05T22:50+02:00,A4,R,76.07,3,speedlimit
2026-09-05T22:50+02:00,A15,R,55.14,1,lane_closed
2026-09-05T22:50+02:00,A20,R,30.6,3,speedlimit
2026-09-05T22:50+02:00,A20,L,35.52,1,lane_closed
2026-09-05T22:50+02:00,A15,m,95.3,2,speedlimit
2026-09-05T22:50+02:00,A4,n,11.078,2,lane_closed
2026-09-05T22:50+02:00,A20,R,29.8,2,speedlimit
2026-09-05T22:50+02:00,A4,R,52.018,4,lane_closed
2026-09-05T22:50+02:00,A15,m,95.76,1,speedlimit
2026-09-05T22:50+02:00,A15,L,64.2,1,lane_closed
2026-09-05T22:50+02:00,A20,R,27.235,2,speedlimit
2026-09-05T22:50+02:00,A20,L,37.3,1,lane_closed
2026-09-05T22:50+02:00,A15,R,59.95,1,lane_closed
2026-09-05T22:50+02:00,A13,R,18.2,1,speedlimit
2026-09-05T22:50+02:00,A4,L,4.44,2,speedlimit
2026-09-05T22:50+02:00,A15,x,55.59,3,speedlimit
2026-09-05T22:50+02:00,A15,L,65.25,1,lane_closed_ahead
2026-09-05T22:50+02:00,A15,R,55.59,3,lane_closed
2026-09-05T22:50+02:00,A15,R,47.775,4,speedlimit
2026-09-05T22:50+02:00,A15,e,95.55,1,speedlimit
2026-09-05T22:50+02:00,A13,e,19.1,1,speedlimit
2026-09-05T22:50+02:00,A15,R,46.356,1,speedlimit
2026-09-05T22:50+02:00,A15,n,96.42,2,speedlimit
2026-09-05T22:50+02:00,A15,R,60.49,1,lane_closed
2026-09-05T22:50+02:00,A13,L,17.8,3,speedlimit
2026-09-05T22:50+02:00,A15,R,49.61,3,lane_closed
2026-09-05T22:50+02:00,A15,R,48.332,5,speedlimit
2026-09-05T22:50+02:00,A4,L,5.93,3,speedlimit
2026-09-05T22:50+02:00,A4,R,75.71,1,lane_closed
2026-09-05T22:50+02:00,A15,R,57.78,5,lane_closed
2026-09-05T22:50+02:00,A20,R,31.26,1,speedlimit
2026-09-05T22:50+02:00,A4,L,5.93,5,speedlimit
2026-09-05T22:50+02:00,A15,R,45.92,1,speedlimit
2026-09-05T22:50+02:00,A4,n,12.15,3,speedlimit
2026-09-05T22:50+02:00,A15,R,50.31,2,lane_closed
2026-09-05T22:50+02:00,A4,R,76.9,2,lane_closed
2026-09-05T22:50+02:00,A15,R,59.2,4,lane_closed
2026-09-05T22:50+02:00,A15,R,46.468,2,speedlimit
2026-09-05T22:50+02:00,A20,L,29.826,3,speedlimit
2026-09-05T22:50+02:00,A4,h,45.58,3,lane_closed
2026-09-05T22:50+02:00,A20,L,29.5,1,speedlimit
2026-09-05T22:50+02:00,A20,R,28.8,3,speedlimit
2026-09-05T22:50+02:00,A20,R,29.5,1,speedlimit
2026-09-05T22:50+02:00,A15,R,60.76,3,lane_closed
2026-09-05T22:50+02:00,A15,R,46.769,2,speedlimit
2026-09-05T22:50+02:00,A15,R,59.95,2,lane_closed
2026-09-05T22:50+02:00,A15,R,46.614,3,speedlimit
2026-09-05T22:50+02:00,A13,L,11.25,4,lane_closed
2026-09-05T22:50+02:00,A20,L,30.9,1,speedlimit
2026-09-05T22:50+02:00,A15,R,56.6,1,lane_closed
2026-09-05T22:50+02:00,A13,R,18.2,4,speedlimit
2026-09-05T22:50+02:00,A4,L,5.93,4,speedlimit
2026-09-05T22:50+02:00,A15,R,47.332,1,lane_closed
2026-09-05T22:50+02:00,A15,x,56.6,3,speedlimit
2026-09-05T22:50+02:00,A4,L,4.44,1,speedlimit
2026-09-05T22:50+02:00,A4,R,52.018,3,speedlimit
2026-09-05T22:50+02:00,A13,R,18.7,1,speedlimit
2026-09-05T22:50+02:00,A15,L,64.67,5,speedlimit
2026-09-05T22:50+02:00,A15,n,95.855,1,speedlimit
2026-09-05T22:50+02:00,A4,L,5.93,6,speedlimit
2026-09-05T22:50+02:00,A20,c,27.488,1,speedlimit
2026-09-05T22:50+02:00,A20,R,31.9,3,speedlimit
2026-09-05T22:50+02:00,A4,n,11.078,3,lane_closed
2026-09-05T22:50+02:00,A13,R,16.655,3,speedlimit
2026-09-05T22:50+02:00,A15,m,94.725,2,speedlimit
2026-09-05T22:50+02:00,A20,L,29.1,2,speedlimit
2026-09-05T22:50+02:00,A15,L,63.56,1,lane_closed
2026-09-05T22:50+02:00,A15,f,96.0,1,lane_closed
2026-09-05T22:50+02:00,A15,R,46.859,3,speedlimit
2026-09-05T22:50+02:00,A20,R,29.8,3,speedlimit
2026-09-05T22:50+02:00,A13,L,18.2,2,speedlimit
2026-09-05T22:50+02:00,A20,R,26.4,3,speedlimit
2026-09-05T22:50+02:00,A15,R,60.76,4,speedlimit
2026-09-05T22:50+02:00,A20,R,26.93,1,speedlimit
2026-09-05T22:50+02:00,A15,R,46.859,1,speedlimit
2026-09-05T22:50+02:00,A15,R,48.332,3,lane_closed
2026-09-05T22:50+02:00,A15,R,58.46,3,lane_closed
2026-09-05T22:50+02:00,A15,R,60.76,1,lane_closed
2026-09-05T22:50+02:00,A4,L,5.549,3,speedlimit
2026-09-05T22:50+02:00,A20,R,26.4,2,speedlimit
2026-09-05T22:50+02:00,A15,R,48.332,4,speedlimit
2026-09-05T22:50+02:00,A15,L,63.56,3,speedlimit
2026-09-05T22:50+02:00,A20,L,27.488,2,speedlimit
2026-09-05T22:50+02:00,A20,L,30.196,3,speedlimit
2026-09-05T22:50+02:00,A4,h,46.06,1,speedlimit
2026-09-05T22:50+02:00,A4,L,5.549,4,lane_closed_ahead
2026-09-05T22:50+02:00,A15,R,49.61,1,lane_closed
2026-09-05T22:50+02:00,A20,L,28.41,1,speedlimit
2026-09-05T22:50+02:00,A15,R,45.92,3,speedlimit
2026-09-05T22:50+02:00,A13,L,13.18,4,lane_closed
2026-09-05T22:50+02:00,A15,R,57.78,2,lane_closed
2026-09-05T22:50+02:00,A15,R,57.78,3,lane_closed
2026-09-05T22:50+02:00,A15,x,47.025,1,speedlimit
2026-09-05T22:50+02:00,A15,R,57.31,2,lane_closed
2026-09-05T22:50+02:00,A13,L,17.8,2,speedlimit
2026-09-05T22:50+02:00,A15,R,56.6,2,lane_closed
2026-09-05T22:50+02:00,A4,L,5.93,2,speedlimit
2026-09-05T22:50+02:00,A20,R,28.57,1,speedlimit
2026-09-05T22:50+02:00,A4,L,5.549,5,speedlimit
2026-09-05T22:50+02:00,A20,R,30.196,4,speedlimit
2026-09-05T22:50+02:00,A4,L,5.225,2,speedlimit
2026-09-05T22:50+02:00,A15,R,47.332,2,lane_closed_ahead
2026-09-05T22:50+02:00,A20,t,29.6,2,speedlimit
2026-09-05T22:50+02:00,A4,L,5.225,4,lane_closed
2026-09-05T22:50+02:00,A20,L,38.3,1,lane_closed_ahead
2026-09-05T22:50+02:00,A4,n,10.243,2,lane_closed
2026-09-05T22:50+02:00,A15,R,46.769,3,speedlimit
2026-09-05T22:50+02:00,A15,R,57.31,4,lane_closed
2026-09-05T22:50+02:00,A15,L,64.67,4,speedlimit
2026-09-05T22:50+02:00,A15,R,49.0,2,lane_closed
2026-09-05T22:50+02:00,A15,L,65.685,1,speedlimit
2026-09-05T22:50+02:00,A15,L,64.67,1,lane_closed
2026-09-05T22:50+02:00,A4,R,76.6,2,lane_closed
2026-09-05T22:50+02:00,A15,R,54.7,1,lane_closed
2026-09-05T22:50+02:00,A15,R,52.32,1,lane_closed
2026-09-05T22:50+02:00,A15,m,94.725,1,speedlimit
2026-09-05T22:50+02:00,A20,R,26.93,2,speedlimit
2026-09-05T22:50+02:00,A20,L,30.9,3,speedlimit
2026-09-05T22:50+02:00,A13,L,18.8,3,speedlimit
2026-09-05T22:50+02:00,A15,R,46.614,1,speedlimit
2026-09-05T22:50+02:00,A20,L,37.8,1,lane_closed
2026-09-05T22:50+02:00,A20,R,28.8,1,speedlimit
2026-09-05T22:50+02:00,A13,L,18.8,1,speedlimit
2026-09-05T22:50+02:00,A4,h,46.4,2,speedlimit
2026-09-05T22:50+02:00,A15,R,46.614,2,speedlimit
2026-09-05T22:50+02:00,A13,R,16.2,2,speedlimit
2026-09-05T22:50+02:00,A4,L,5.549,2,speedlimit
2026-09-05T22:50+02:00,A4,R,52.598,1,speedlimit
2026-09-05T22:50+02:00,A20,L,31.4,3,speedlimit
2026-09-05T22:50+02:00,A20,L,30.196,4,speedlimit
2026-09-05T22:50+02:00,A15,R,49.99,1,lane_closed
2026-09-05T22:50+02:00,A4,L,5.225,5,speedlimit
2026-09-05T22:50+02:00,A13,R,18.2,2,speedlimit
2026-09-05T22:50+02:00,A15,R,48.332,1,lane_closed
2026-09-05T22:50+02:00,A4,R,76.9,4,speedlimit
2026-09-05T22:50+02:00,A13,L,17.8,1,speedlimit
2026-09-05T22:50+02:00,A20,R,29.8,1,speedlimit
2026-09-05T22:50+02:00,A20,R,31.26,2,speedlimit
2026-09-05T22:50+02:00,A15,R,50.87,2,lane_closed
2026-09-05T22:50+02:00,A15,x,56.6,1,lane_closed
2026-09-05T22:50+02:00,A20,R,31.26,3,speedlimit
2026-09-05T22:50+02:00,A4,R,74.737,3,speedlimit
2026-09-05T22:50+02:00,A20,R,26.64,3,speedlimit
2026-09-05T22:50+02:00,A20,R,26.64,4,speedlimit
2026-09-05T22:50+02:00,A20,R,26.4,1,speedlimit
2026-09-05T22:50+02:00,A13,R,17.1,1,speedlimit
2026-09-05T22:50+02:00,A15,R,59.2,3,lane_closed
2026-09-05T22:50+02:00,A20,R,29.5,3,speedlimit
2026-09-05T22:50+02:00,A15,R,58.46,4,lane_closed
2026-09-05T22:50+02:00,A4,R,75.214,5,speedlimit
2026-09-05T22:50+02:00,A13,L,13.7,4,lane_closed
2026-09-05T22:50+02:00,A15,R,47.775,3,lane_closed_ahead
2026-09-05T22:50+02:00,A15,L,63.56,2,speedlimit
2026-09-05T22:50+02:00,A13,L,14.2,4,lane_closed
2026-09-05T22:50+02:00,A4,R,74.737,5,speedlimit
2026-09-05T22:50+02:00,A15,R,60.76,2,lane_closed
2026-09-05T22:50+02:00,A4,h,46.4,1,speedlimit
2026-09-05T22:50+02:00,A15,R,46.17,1,speedlimit
2026-09-05T22:50+02:00,A15,x,56.25,2,speedlimit
2026-09-05T22:50+02:00,A15,x,55.14,2,speedlimit
2026-09-05T22:50+02:00,A4,R,52.598,3,speedlimit
2026-09-05T22:50+02:00,A20,t,29.6,1,speedlimit
2026-09-05T22:50+02:00,A15,R,47.775,2,lane_closed
2026-09-05T22:50+02:00,A15,n,96.42,1,speedlimit
2026-09-05T22:50+02:00,A15,L,65.685,4,speedlimit
2026-09-05T22:50+02:00,A20,R,29.8,4,speedlimit
2026-09-05T22:50+02:00,A13,R,18.7,2,speedlimit
2026-09-05T22:50+02:00,A20,R,27.488,1,speedlimit
2026-09-05T22:50+02:00,A15,R,48.69,2,lane_closed
2026-09-05T22:50+02:00,A15,R,77.003,2,speedlimit
2026-09-05T22:50+02:00,A20,R,29.5,2,speedlimit
2026-09-05T22:50+02:00,A20,L,27.2,2,speedlimit
2026-09-05T22:50+02:00,A13,R,18.963,1,speedlimit
2026-09-05T22:50+02:00,A15,R,46.468,3,speedlimit
2026-09-05T22:50+02:00,A13,L,17.1,1,speedlimit
2026-09-05T22:50+02:00,A4,R,74.194,2,speedlimit
2026-09-05T22:50+02:00,A20,L,31.88,3,speedlimit
2026-09-05T22:50+02:00,A13,L,19.7,1,speedlimit
2026-09-05T22:50+02:00,A4,R,75.214,4,speedlimit
2026-09-05T22:50+02:00,A4,n,11.078,1,speedlimit
2026-09-05T22:50+02:00,A13,L,17.1,4,speedlimit
2026-09-05T22:50+02:00,A4,R,52.018,1,speedlimit
2026-09-05T22:50+02:00,A13,R,16.655,2,speedlimit
2026-09-05T22:50+02:00,A4,R,75.71,2,speedlimit
2026-09-05T22:50+02:00,A15,R,56.1,1,lane_closed
2026-09-05T22:50+02:00,A13,L,15.55,5,lane_closed
2026-09-05T22:50+02:00,A4,R,51.388,1,speedlimit
2026-09-05T22:50+02:00,A15,x,56.6,2,speedlimit
2026-09-05T22:50+02:00,A15,R,47.07,2,speedlimit
2026-09-05T22:50+02:00,A15,R,59.95,3,lane_closed
2026-09-05T22:50+02:00,A4,R,52.598,2,speedlimit
2026-09-05T22:50+02:00,A4,L,5.225,1,speedlimit
2026-09-05T22:50+02:00,A20,L,32.8,3,speedlimit
2026-09-05T22:50+02:00,A15,R,58.46,1,lane_closed
2026-09-05T22:50+02:00,A15,R,52.32,2,lane_closed
2026-09-05T22:50+02:00,A20,R,30.196,1,speedlimit
2026-09-05T22:50+02:00,A20,L,29.826,4,speedlimit
2026-09-05T22:50+02:00,A15,R,52.92,3,lane_closed
2026-09-05T22:50+02:00,A15,x,55.59,2,speedlimit
2026-09-05T22:50+02:00,A15,R,46.356,3,speedlimit
2026-09-05T22:50+02:00,A20,s,29.6,1,speedlimit
2026-09-05T22:50+02:00,A20,L,28.57,2,speedlimit
2026-09-05T22:50+02:00,A20,R,30.6,2,speedlimit
2026-09-05T22:50+02:00,A15,R,59.57,1,lane_closed
2026-09-05T22:50+02:00,A15,n,96.42,3,lane_closed
2026-09-05T22:50+02:00,A15,L,65.25,3,speedlimit
2026-09-05T22:50+02:00,A13,L,17.1,2,speedlimit
2026-09-05T22:50+02:00,A15,R,57.31,5,lane_closed
2026-09-05T22:50+02:00,A20,L,28.57,3,speedlimit
2026-09-05T22:50+02:00,A15,R,59.57,3,lane_closed
2026-09-05T22:50+02:00,A15,L,64.67,3,speedlimit
2026-09-05T22:50+02:00,A20,R,26.4,4,speedlimit
2026-09-05T22:50+02:00,A20,R,30.196,2,speedlimit
2026-09-05T22:50+02:00,A13,R,17.8,3,speedlimit
2026-09-05T22:50+02:00,A15,m,94.725,3,speedlimit
2026-09-05T22:50+02:00,A15,n,95.855,2,speedlimit
