ts,weg,richting,km,strook,beeld
2026-09-10T01:50+02:00,A16,y,19.5,1,lane_closed
2026-09-10T01:50+02:00,A15,R,62.752,1,speedlimit
2026-09-10T01:50+02:00,A16,L,33.125,1,speedlimit
2026-09-10T01:50+02:00,A13,L,16.7,1,lane_closed
2026-09-10T01:50+02:00,A16,R,25.2,3,lane_closed
2026-09-10T01:50+02:00,A15,L,60.62,4,lane_closed
2026-09-10T01:50+02:00,A16,R,17.036,4,lane_closed
2026-09-10T01:50+02:00,A15,h,60.62,1,lane_closed
2026-09-10T01:50+02:00,A15,m,63.352,1,speedlimit
2026-09-10T01:50+02:00,A16,R,13.89,2,speedlimit
2026-09-10T01:50+02:00,A16,x,18.9,3,speedlimit
2026-09-10T01:50+02:00,A16,R,11.7,2,speedlimit
2026-09-10T01:50+02:00,A16,R,17.463,4,lane_closed
2026-09-10T01:50+02:00,A16,n,34.44,2,lane_closed
2026-09-10T01:50+02:00,A20,L,30.196,2,speedlimit
2026-09-10T01:50+02:00,A16,x,20.2,2,lane_closed
2026-09-10T01:50+02:00,A16,x,20.5,1,lane_closed
2026-09-10T01:50+02:00,A13,R,16.655,1,lane_closed
2026-09-10T01:50+02:00,A15,g,63.241,1,lane_closed
2026-09-10T01:50+02:00,A16,L,17.748,1,lane_closed
2026-09-10T01:50+02:00,A15,L,61.39,1,speedlimit
2026-09-10T01:50+02:00,A16,R,12.35,1,lane_closed
2026-09-10T01:50+02:00,A13,R,17.1,2,lane_closed
2026-09-10T01:50+02:00,A15,R,61.63,4,speedlimit
2026-09-10T01:50+02:00,A16,L,25.232,2,lane_closed
2026-09-10T01:50+02:00,A16,n,33.784,1,lane_closed
2026-09-10T01:50+02:00,A16,L,36.355,2,speedlimit
2026-09-10T01:50+02:00,A15,R,62.752,2,speedlimit
2026-09-10T01:50+02:00,A4,L,42.19,4,lane_closed
2026-09-10T01:50+02:00,A16,x,18.9,1,lane_closed
2026-09-10T01:50+02:00,A15,L,43.46,2,speedlimit
2026-09-10T01:50+02:00,A15,n,61.78,3,speedlimit
2026-09-10T01:50+02:00,A16,r,23.918,2,lane_closed
2026-09-10T01:50+02:00,A16,n,34.6,2,lane_closed
2026-09-10T01:50+02:00,A16,x,20.2,1,lane_closed
2026-09-10T01:50+02:00,A16,y,23.535,2,lane_closed
2026-09-10T01:50+02:00,A16,L,21.6,3,lane_closed
2026-09-10T01:50+02:00,A4,L,43.18,2,speedlimit
2026-09-10T01:50+02:00,A16,R,21.5,2,lane_closed
2026-09-10T01:50+02:00,A15,L,62.768,3,speedlimit
2026-09-10T01:50+02:00,A15,h,61.01,1,lane_closed
2026-09-10T01:50+02:00,A16,R,24.03,2,lane_closed
2026-09-10T01:50+02:00,A15,y,62.635,3,speedlimit
2026-09-10T01:50+02:00,A13,R,18.5,1,lane_closed
2026-09-10T01:50+02:00,A16,R,20.5,3,lane_closed
2026-09-10T01:50+02:00,A16,R,12.35,2,speedlimit
2026-09-10T01:50+02:00,A16,L,20.6,1,lane_closed
2026-09-10T01:50+02:00,A16,R,19.862,1,lane_closed
2026-09-10T01:50+02:00,A20,L,29.5,2,speedlimit
2026-09-10T01:50+02:00,A16,R,15.73,2,lane_closed
2026-09-10T01:50+02:00,A16,R,16.3,1,lane_closed
2026-09-10T01:50+02:00,A16,L,19.5,3,lane_closed
2026-09-10T01:50+02:00,A16,R,11.866,1,lane_closed
2026-09-10T01:50+02:00,A16,y,22.6,1,lane_closed
2026-09-10T01:50+02:00,A13,R,18.5,4,lane_closed
2026-09-10T01:50+02:00,A16,L,35.76,2,speedlimit
2026-09-10T01:50+02:00,A15,L,70.35,4,speedlimit
2026-09-10T01:50+02:00,A13,R,18.2,3,lane_closed
2026-09-10T01:50+02:00,A15,h,60.62,2,speedlimit
2026-09-10T01:50+02:00,A20,R,28.1,1,speedlimit
2026-09-10T01:50+02:00,A16,y,23.075,1,lane_closed
2026-09-10T01:50+02:00,A16,R,24.03,3,lane_closed
2026-09-10T01:50+02:00,A20,R,30.196,3,speedlimit
2026-09-10T01:50+02:00,A16,R,13.61,2,speedlimit
2026-09-10T01:50+02:00,A16,n,33.904,2,lane_closed
2026-09-10T01:50+02:00,A20,L,36.94,1,speedlimit
2026-09-10T01:50+02:00,A16,R,17.463,2,lane_closed
2026-09-10T01:50+02:00,A4,R,2.367,4,lane_closed
2026-09-10T01:50+02:00,A13,R,13.235,1,speedlimit
2026-09-10T01:50+02:00,A16,b,11.392,1,speedlimit
2026-09-10T01:50+02:00,A16,L,38.22,2,speedlimit
2026-09-10T01:50+02:00,A38,R,20.05,1,speedlimit
2026-09-10T01:50+02:00,A15,n,95.855,3,speedlimit
2026-09-10T01:50+02:00,A16,L,28.74,4,speedlimit
2026-09-10T01:50+02:00,A13,R,17.8,2,lane_closed
2026-09-10T01:50+02:00,A20,L,36.625,5,lane_closed
2026-09-10T01:50+02:00,A15,L,62.43,4,lane_closed
2026-09-10T01:50+02:00,A16,L,35.205,4,lane_closed
2026-09-10T01:50+02:00,A16,R,20.2,1,lane_closed
2026-09-10T01:50+02:00,A20,s,29.6,2,speedlimit
2026-09-10T01:50+02:00,A15,L,65.25,2,speedlimit
2026-09-10T01:50+02:00,A16,L,22.2,1,lane_closed
2026-09-10T01:50+02:00,A15,L,65.685,3,speedlimit
2026-09-10T01:50+02:00,A16,L,27.95,1,lane_closed
2026-09-10T01:50+02:00,A16,R,14.03,2,speedlimit
2026-09-10T01:50+02:00,A15,g,62.75,1,lane_closed
2026-09-10T01:50+02:00,A16,L,21.1,1,lane_closed
2026-09-10T01:50+02:00,A16,L,25.232,4,lane_closed
2026-09-10T01:50+02:00,A16,R,25.2,1,lane_closed
2026-09-10T01:50+02:00,A16,R,14.03,1,lane_closed
2026-09-10T01:50+02:00,A15,y,63.3,1,speedlimit
2026-09-10T01:50+02:00,A20,R,26.93,4,speedlimit
2026-09-10T01:50+02:00,A16,L,29.02,2,lane_closed
2026-09-10T01:50+02:00,A20,R,28.57,3,speedlimit
2026-09-10T01:50+02:00,A15,L,70.95,3,speedlimit
2026-09-10T01:50+02:00,A16,L,36.355,3,lane_closed
2026-09-10T01:50+02:00,A16,x,18.229,1,lane_closed
2026-09-10T01:50+02:00,A16,R,12.77,1,lane_closed
2026-09-10T01:50+02:00,A16,R,25.66,1,lane_closed
2026-09-10T01:50+02:00,A20,L,36.625,2,speedlimit
2026-09-10T01:50+02:00,A16,R,20.2,3,lane_closed
2026-09-10T01:50+02:00,A13,R,14.38,3,lane_closed
2026-09-10T01:50+02:00,A4,L,2.447,4,lane_closed
2026-09-10T01:50+02:00,A13,L,18.8,2,speedlimit
2026-09-10T01:50+02:00,A15,R,62.454,3,speedlimit
2026-09-10T01:50+02:00,A20,R,27.235,1,speedlimit
2026-09-10T01:50+02:00,A15,L,62.768,4,lane_closed_ahead
2026-09-10T01:50+02:00,A20,L,28.41,2,speedlimit
2026-09-10T01:50+02:00,A15,n,62.25,2,speedlimit
2026-09-10T01:50+02:00,A20,R,27.79,2,speedlimit
2026-09-10T01:50+02:00,A13,R,18.5,3,lane_closed
2026-09-10T01:50+02:00,A20,R,28.57,4,speedlimit
2026-09-10T01:50+02:00,A20,R,31.26,4,speedlimit
2026-09-10T01:50+02:00,A20,L,29.826,2,speedlimit
2026-09-10T01:50+02:00,A16,n,33.61,1,lane_closed
2026-09-10T01:50+02:00,A20,L,28.57,1,speedlimit
2026-09-10T01:50+02:00,A4,n,43.673,1,speedlimit
2026-09-10T01:50+02:00,A16,L,27.95,3,lane_closed
2026-09-10T01:50+02:00,A16,n,33.354,2,lane_closed
2026-09-10T01:50+02:00,A16,L,38.22,1,speedlimit
2026-09-10T01:50+02:00,A20,R,29.5,4,speedlimit
2026-09-10T01:50+02:00,A15,L,62.768,1,speedlimit
2026-09-10T01:50+02:00,A16,R,23.2,2,lane_closed
2026-09-10T01:50+02:00,A16,R,24.71,3,lane_closed
2026-09-10T01:50+02:00,A16,R,16.3,3,lane_closed
2026-09-10T01:50+02:00,A16,L,20.3,3,lane_closed
2026-09-10T01:50+02:00,A16,L,34.6,1,speedlimit
2026-09-10T01:50+02:00,A16,x,21.9,2,lane_closed
2026-09-10T01:50+02:00,A20,R,28.1,2,speedlimit
2026-09-10T01:50+02:00,A20,R,26.64,1,speedlimit
2026-09-10T01:50+02:00,A16,R,22.7,5,lane_closed
2026-09-10T01:50+02:00,A15,g,63.761,2,lane_closed
2026-09-10T01:50+02:00,A15,L,64.2,2,speedlimit
2026-09-10T01:50+02:00,A4,L,41.6,4,lane_closed
2026-09-10T01:50+02:00,A16,x,17.813,1,lane_closed
2026-09-10T01:50+02:00,A16,L,24.82,3,lane_closed
2026-09-10T01:50+02:00,A20,L,32.8,2,speedlimit
2026-09-10T01:50+02:00,A16,L,30.73,4,speedlimit
2026-09-10T01:50+02:00,A16,L,26.05,1,lane_closed
2026-09-10T01:50+02:00,A15,L,65.25,4,speedlimit
2026-09-10T01:50+02:00,A16,L,21.6,2,lane_closed
2026-09-10T01:50+02:00,A13,L,17.1,3,speedlimit
2026-09-10T01:50+02:00,A16,R,12.49,1,lane_closed
2026-09-10T01:50+02:00,A15,L,70.35,2,lane_closed
2026-09-10T01:50+02:00,A16,L,25.232,1,lane_closed
2026-09-10T01:50+02:00,A16,b,19.862,1,lane_closed
2026-09-10T01:50+02:00,A20,L,37.3,3,speedlimit
2026-09-10T01:50+02:00,A20,L,36.625,1,speedlimit
2026-09-10T01:50+02:00,A15,R,62.454,2,speedlimit
2026-09-10T01:50+02:00,A16,L,35.76,1,speedlimit
2026-09-10T01:50+02:00,A15,m,62.998,3,speedlimit
2026-09-10T01:50+02:00,A15,L,43.46,4,speedlimit
2026-09-10T01:50+02:00,A16,y,23.9,1,lane_closed
2026-09-10T01:50+02:00,A20,L,27.488,1,speedlimit
2026-09-10T01:50+02:00,A16,n,34.018,1,lane_closed
2026-09-10T01:50+02:00,A16,L,33.354,2,speedlimit
2026-09-10T01:50+02:00,A16,y,20.6,1,lane_closed
2026-09-10T01:50+02:00,A20,L,27.2,1,speedlimit
2026-09-10T01:50+02:00,A4,h,46.06,2,speedlimit
2026-09-10T01:50+02:00,A15,L,62.43,1,speedlimit
2026-09-10T01:50+02:00,A20,L,27.8,2,speedlimit
2026-09-10T01:50+02:00,A16,n,33.61,2,lane_closed
2026-09-10T01:50+02:00,A15,L,70.655,3,speedlimit
2026-09-10T01:50+02:00,A16,L,33.125,4,lane_closed
2026-09-10T01:50+02:00,A15,L,71.42,4,speedlimit
2026-09-10T01:50+02:00,A16,L,20.6,2,lane_closed
2026-09-10T01:50+02:00,A16,L,23.535,1,lane_closed
2026-09-10T01:50+02:00,A16,R,13.05,2,speedlimit
2026-09-10T01:50+02:00,A13,L,18.2,3,speedlimit
2026-09-10T01:50+02:00,A16,R,12.07,2,speedlimit
2026-09-10T01:50+02:00,A16,L,31.425,4,speedlimit
2026-09-10T01:50+02:00,A16,R,11.392,1,lane_closed_ahead
2026-09-10T01:50+02:00,A16,L,22.2,2,lane_closed
2026-09-10T01:50+02:00,A16,L,19.0,3,lane_closed
2026-09-10T01:50+02:00,A16,L,35.205,2,speedlimit
2026-09-10T01:50+02:00,A16,L,24.82,1,lane_closed
2026-09-10T01:50+02:00,A16,R,13.61,1,lane_closed
2026-09-10T01:50+02:00,A20,L,31.88,1,speedlimit
2026-09-10T01:50+02:00,A16,R,11.392,2,speedlimit
2026-09-10T01:50+02:00,A16,L,29.37,4,speedlimit
2026-09-10T01:50+02:00,A16,d,35.7,1,lane_closed
2026-09-10T01:50+02:00,A13,L,16.7,2,speedlimit
2026-09-10T01:50+02:00,A20,L,30.9,2,speedlimit
2026-09-10T01:50+02:00,A16,n,34.225,1,lane_closed
2026-09-10T01:50+02:00,A15,L,70.655,2,lane_closed
2026-09-10T01:50+02:00,A20,L,36.625,3,speedlimit
2026-09-10T01:50+02:00,A16,R,21.5,1,lane_closed
2026-09-10T01:50+02:00,A20,L,28.085,1,speedlimit
2026-09-10T01:50+02:00,A16,x,18.229,2,speedlimit
2026-09-10T01:50+02:00,A15,L,71.9,2,speedlimit
2026-09-10T01:50+02:00,A16,y,23.535,1,lane_closed
2026-09-10T01:50+02:00,A15,h,70.04,2,lane_closed
2026-09-10T01:50+02:00,A16,L,26.05,2,lane_closed
2026-09-10T01:50+02:00,A13,R,13.7,1,speedlimit
2026-09-10T01:50+02:00,A16,R,22.7,4,lane_closed
2026-09-10T01:50+02:00,A16,L,33.354,1,speedlimit
2026-09-10T01:50+02:00,A16,L,18.2,2,lane_closed
2026-09-10T01:50+02:00,A20,R,30.6,1,speedlimit
2026-09-10T01:50+02:00,A13,R,17.1,3,lane_closed
2026-09-10T01:50+02:00,A16,x,25.2,3,speedlimit
2026-09-10T01:50+02:00,A15,R,62.752,4,speedlimit
2026-09-10T01:50+02:00,A16,L,38.73,1,speedlimit
2026-09-10T01:50+02:00,A20,R,26.93,3,speedlimit
2026-09-10T01:50+02:00,A15,R,62.062,2,speedlimit
2026-09-10T01:50+02:00,A16,R,17.463,1,lane_closed
2026-09-10T01:50+02:00,A15,n,61.39,3,speedlimit
2026-09-10T01:50+02:00,A20,L,31.4,1,speedlimit
2026-09-10T01:50+02:00,A16,L,30.2,1,lane_closed
2026-09-10T01:50+02:00,A16,R,17.036,5,speedlimit
2026-09-10T01:50+02:00,A16,R,18.924,1,lane_closed
2026-09-10T01:50+02:00,A16,R,23.5,3,lane_closed
2026-09-10T01:50+02:00,A4,L,42.775,2,speedlimit
2026-09-10T01:50+02:00,A15,g,63.761,1,lane_closed
2026-09-10T01:50+02:00,A16,L,36.07,2,speedlimit
2026-09-10T01:50+02:00,A15,L,70.35,1,lane_closed
2026-09-10T01:50+02:00,A20,L,31.1,2,speedlimit
2026-09-10T01:50+02:00,A16,R,19.3,2,lane_closed
2026-09-10T01:50+02:00,A16,L,26.05,4,lane_closed
2026-09-10T01:50+02:00,A13,g,18.7,2,lane_closed
2026-09-10T01:50+02:00,A15,L,65.685,2,speedlimit
2026-09-10T01:50+02:00,A15,L,61.01,3,speedlimit
2026-09-10T01:50+02:00,A16,L,27.6,3,lane_closed
2026-09-10T01:50+02:00,A20,L,31.4,2,speedlimit
2026-09-10T01:50+02:00,A16,L,26.48,2,lane_closed
2026-09-10T01:50+02:00,A16,L,18.2,1,lane_closed
2026-09-10T01:50+02:00,A15,R,61.63,1,speedlimit
2026-09-10T01:50+02:00,A20,L,37.3,4,lane_closed_ahead
2026-09-10T01:50+02:00,A38,L,21.058,3,lane_closed
2026-09-10T01:50+02:00,A16,r,24.32,2,lane_closed
2026-09-10T01:50+02:00,A16,R,22.7,1,lane_closed
2026-09-10T01:50+02:00,A15,L,71.42,3,speedlimit
2026-09-10T01:50+02:00,A4,n,43.673,2,speedlimit
2026-09-10T01:50+02:00,A15,L,62.43,3,speedlimit
2026-09-10T01:50+02:00,A16,x,21.0,3,lane_closed
2026-09-10T01:50+02:00,A13,L,15.9,3,lane_closed
2026-09-10T01:50+02:00,A13,R,12.7,2,speedlimit
2026-09-10T01:50+02:00,A16,L,30.2,2,lane_closed_ahead
2026-09-10T01:50+02:00,A15,h,61.01,2,speedlimit
2026-09-10T01:50+02:00,A16,x,21.5,2,lane_closed
2026-09-10T01:50+02:00,A15,n,61.39,1,lane_closed
2026-09-10T01:50+02:00,A16,x,24.905,3,speedlimit
2026-09-10T01:50+02:00,A16,R,24.71,2,lane_closed
2026-09-10T01:50+02:00,A15,y,62.82,2,speedlimit
2026-09-10T01:50+02:00,A38,p,21.25,1,lane_closed
2026-09-10T01:50+02:00,A13,R,16.2,1,lane_closed
2026-09-10T01:50+02:00,A15,y,63.3,2,speedlimit
2026-09-10T01:50+02:00,A20,L,37.8,2,speedlimit
2026-09-10T01:50+02:00,A15,L,70.35,3,speedlimit
2026-09-10T01:50+02:00,A15,L,71.9,3,speedlimit
2026-09-10T01:50+02:00,A15,L,70.655,1,lane_closed
2026-09-10T01:50+02:00,A13,R,12.7,1,speedlimit
2026-09-10T01:50+02:00,A13,R,18.5,2,lane_closed
2026-09-10T01:50+02:00,A16,L,36.07,1,speedlimit
2026-09-10T01:50+02:00,A16,L,21.1,3,lane_closed
2026-09-10T01:50+02:00,A20,L,36.94,3,speedlimit
2026-09-10T01:50+02:00,A20,L,30.196,1,speedlimit
2026-09-10T01:50+02:00,A15,g,63.241,2,lane_closed
2026-09-10T01:50+02:00,A16,R,19.862,2,lane_closed
2026-09-10T01:50+02:00,A16,R,24.71,5,lane_closed
2026-09-10T01:50+02:00,A16,R,21.9,2,lane_closed
2026-09-10T01:50+02:00,A13,R,12.7,3,speedlimit
2026-09-10T01:50+02:00,A20,R,27.79,1,speedlimit
2026-09-10T01:50+02:00,A20,r,35.245,1,speedlimit
2026-09-10T01:50+02:00,A16,R,11.13,2,speedlimit
2026-09-10T01:50+02:00,A16,R,14.46,2,lane_closed_ahead
2026-09-10T01:50+02:00,A20,L,29.826,1,speedlimit
2026-09-10T01:50+02:00,A16,L,27.6,1,lane_closed
2026-09-10T01:50+02:00,A16,L,31.425,2,speedlimit
2026-09-10T01:50+02:00,A16,x,21.9,1,lane_closed
2026-09-10T01:50+02:00,A16,R,12.91,1,lane_closed
2026-09-10T01:50+02:00,A15,R,62.752,3,speedlimit
2026-09-10T01:50+02:00,A16,x,24.905,1,speedlimit
2026-09-10T01:50+02:00,A16,y,20.0,2,lane_closed
2026-09-10T01:50+02:00,A20,u,36.23,2,lane_closed
2026-09-10T01:50+02:00,A20,R,28.41,2,speedlimit
2026-09-10T01:50+02:00,A16,x,21.5,1,lane_closed
2026-09-10T01:50+02:00,A4,L,42.775,3,lane_closed_ahead
2026-09-10T01:50+02:00,A16,L,25.682,4,lane_closed
2026-09-10T01:50+02:00,A15,y,62.82,3,lane_closed
2026-09-10T01:50+02:00,A16,n,34.13,1,lane_closed
2026-09-10T01:50+02:00,A15,R,62.062,1,speedlimit
2026-09-10T01:50+02:00,A16,L,23.535,2,lane_closed
2026-09-10T01:50+02:00,A16,R,12.91,2,speedlimit
2026-09-10T01:50+02:00,A20,R,29.1,1,speedlimit
2026-09-10T01:50+02:00,A15,L,60.62,1,speedlimit
2026-09-10T01:50+02:00,A16,L,31.425,1,speedlimit
2026-09-10T01:50+02:00,A13,R,17.8,1,lane_closed
2026-09-10T01:50+02:00,A20,R,28.41,1,speedlimit
2026-09-10T01:50+02:00,A16,L,26.48,3,lane_closed
2026-09-10T01:50+02:00,A20,R,31.9,2,speedlimit
2026-09-10T01:50+02:00,A16,R,22.4,3,lane_closed
2026-09-10T01:50+02:00,A13,R,13.235,2,speedlimit
2026-09-10T01:50+02:00,A16,L,19.5,1,lane_closed
2026-09-10T01:50+02:00,A16,L,28.74,3,lane_closed
2026-09-10T01:50+02:00,A16,L,35.48,2,speedlimit
2026-09-10T01:50+02:00,A15,R,61.63,5,speedlimit
2026-09-10T01:50+02:00,A20,L,31.1,3,speedlimit
2026-09-10T01:50+02:00,A38,w,20.55,1,lane_closed_ahead
2026-09-10T01:50+02:00,A15,L,43.95,3,speedlimit
2026-09-10T01:50+02:00,A16,R,13.05,1,lane_closed
2026-09-10T01:50+02:00,A16,R,23.2,5,lane_closed
2026-09-10T01:50+02:00,A15,R,62.454,5,lane_closed
2026-09-10T01:50+02:00,A16,y,23.9,2,lane_closed
2026-09-10T01:50+02:00,A16,L,29.02,3,lane_closed
2026-09-10T01:50+02:00,A20,R,27.488,2,speedlimit
2026-09-10T01:50+02:00,A16,y,21.1,1,lane_closed
2026-09-10T01:50+02:00,A16,x,24.205,1,lane_closed
2026-09-10T01:50+02:00,A20,t,28.895,1,speedlimit
2026-09-10T01:50+02:00,A16,L,37.6,3,lane_closed
2026-09-10T01:50+02:00,A20,L,32.8,1,speedlimit
2026-09-10T01:50+02:00,A16,R,21.0,1,lane_closed
2026-09-10T01:50+02:00,A16,x,24.7,1,speedlimit
2026-09-10T01:50+02:00,A16,r,23.918,3,lane_closed
2026-09-10T01:50+02:00,A16,L,17.748,3,lane_closed
2026-09-10T01:50+02:00,A20,R,28.8,2,speedlimit
2026-09-10T01:50+02:00,A16,x,19.3,2,lane_closed
2026-09-10T01:50+02:00,A16,L,26.99,3,lane_closed
2026-09-10T01:50+02:00,A16,L,24.03,2,lane_closed
2026-09-10T01:50+02:00,A15,L,43.95,2,speedlimit
2026-09-10T01:50+02:00,A16,R,16.3,2,lane_closed
2026-09-10T01:50+02:00,A16,R,14.768,2,lane_closed
2026-09-10T01:50+02:00,A16,R,19.3,3,lane_closed
2026-09-10T01:50+02:00,A16,R,13.75,1,lane_closed
2026-09-10T01:50+02:00,A16,R,14.17,2,speedlimit
2026-09-10T01:50+02:00,A20,L,31.1,1,speedlimit
2026-09-10T01:50+02:00,A15,m,63.352,2,lane_closed_ahead
2026-09-10T01:50+02:00,A16,x,24.7,2,speedlimit
2026-09-10T01:50+02:00,A13,L,16.19,3,lane_closed
2026-09-10T01:50+02:00,A13,L,15.035,5,lane_closed
2026-09-10T01:50+02:00,A16,y,19.5,2,lane_closed
2026-09-10T01:50+02:00,A15,L,61.94,2,speedlimit
2026-09-10T01:50+02:00,A16,y,21.1,3,lane_closed
2026-09-10T01:50+02:00,A20,L,27.8,1,speedlimit
2026-09-10T01:50+02:00,A16,R,23.2,1,lane_closed
2026-09-10T01:50+02:00,A16,R,13.47,1,lane_closed
2026-09-10T01:50+02:00,A16,L,22.6,3,lane_closed
2026-09-10T01:50+02:00,A20,R,29.1,2,speedlimit
2026-09-10T01:50+02:00,A16,L,31.425,5,speedlimit
2026-09-10T01:50+02:00,A15,m,63.682,1,speedlimit
2026-09-10T01:50+02:00,A13,g,18.7,1,lane_closed
2026-09-10T01:50+02:00,A20,u,36.23,1,lane_closed
2026-09-10T01:50+02:00,A15,m,62.998,2,speedlimit
2026-09-10T01:50+02:00,A20,R,28.57,2,speedlimit
2026-09-10T01:50+02:00,A20,R,26.64,2,speedlimit
2026-09-10T01:50+02:00,A4,L,41.6,1,speedlimit
2026-09-10T01:50+02:00,A15,L,64.2,3,speedlimit
2026-09-10T01:50+02:00,A20,L,29.1,1,speedlimit
2026-09-10T01:50+02:00,A16,R,21.0,3,lane_closed
2026-09-10T01:50+02:00,A16,L,23.075,2,lane_closed
2026-09-10T01:50+02:00,A16,L,37.6,2,speedlimit
2026-09-10T01:50+02:00,A13,L,18.2,1,lane_closed_ahead
2026-09-10T01:50+02:00,A16,L,20.6,3,lane_closed
2026-09-10T01:50+02:00,A16,L,25.682,2,lane_closed
2026-09-10T01:50+02:00,A16,L,28.74,1,lane_closed
2026-09-10T01:50+02:00,A16,L,29.37,5,speedlimit
2026-09-10T01:50+02:00,A16,y,21.6,1,lane_closed
2026-09-10T01:50+02:00,A15,L,64.67,2,speedlimit
2026-09-10T01:50+02:00,A13,L,12.7,4,lane_closed
2026-09-10T01:50+02:00,A16,L,26.99,4,lane_closed
2026-09-10T01:50+02:00,A20,L,31.88,2,speedlimit
2026-09-10T01:50+02:00,A16,R,14.17,1,lane_closed
2026-09-10T01:50+02:00,A16,y,21.1,2,lane_closed
2026-09-10T01:50+02:00,A16,L,34.6,2,speedlimit
2026-09-10T01:50+02:00,A15,R,62.454,4,speedlimit
2026-09-10T01:50+02:00,A16,L,28.74,2,lane_closed
2026-09-10T01:50+02:00,A16,R,20.5,2,lane_closed
2026-09-10T01:50+02:00,A16,x,20.5,3,lane_closed
2026-09-10T01:50+02:00,A20,L,28.085,2,speedlimit
2026-09-10T01:50+02:00,A38,p,21.25,2,lane_closed
2026-09-10T01:50+02:00,A15,L,43.46,3,speedlimit
2026-09-10T01:50+02:00,A15,R,62.062,3,speedlimit
2026-09-10T01:50+02:00,A16,R,17.036,1,lane_closed
2026-09-10T01:50+02:00,A20,R,30.6,3,speedlimit
2026-09-10T01:50+02:00,A16,y,20.0,3,lane_closed
2026-09-10T01:50+02:00,A15,R,62.062,4,speedlimit
2026-09-10T01:50+02:00,A16,L,25.232,3,lane_closed
2026-09-10T01:50+02:00,A16,R,11.7,1,lane_closed
2026-09-10T01:50+02:00,A20,R,29.8,2,speedlimit
2026-09-10T01:50+02:00,A13,R,15.035,2,speedlimit
2026-09-10T01:50+02:00,A16,L,29.02,4,speedlimit
2026-09-10T01:50+02:00,A15,L,64.2,1,lane_closed
2026-09-10T01:50+02:00,A20,R,27.235,2,speedlimit
2026-09-10T01:50+02:00,A4,L,43.18,1,speedlimit
2026-09-10T01:50+02:00,A16,L,26.48,4,lane_closed
2026-09-10T01:50+02:00,A20,L,37.3,1,speedlimit
2026-09-10T01:50+02:00,A13,R,13.7,2,speedlimit
2026-09-10T01:50+02:00,A13,R,18.2,1,lane_closed
2026-09-10T01:50+02:00,A16,R,13.19,2,speedlimit
2026-09-10T01:50+02:00,A16,r,23.918,1,lane_closed
2026-09-10T01:50+02:00,A16,R,25.66,2,lane_closed
2026-09-10T01:50+02:00,A16,L,30.73,1,lane_closed_ahead
2026-09-10T01:50+02:00,A15,L,65.25,1,lane_closed_ahead
2026-09-10T01:50+02:00,A16,L,36.99,1,speedlimit
2026-09-10T01:50+02:00,A16,y,21.6,2,lane_closed
2026-09-10T01:50+02:00,A15,e,95.55,1,speedlimit
2026-09-10T01:50+02:00,A13,e,19.1,1,lane_closed
2026-09-10T01:50+02:00,A16,p,25.01,1,lane_closed
2026-09-10T01:50+02:00,A16,L,33.125,2,speedlimit
2026-09-10T01:50+02:00,A16,n,34.335,2,lane_closed
2026-09-10T01:50+02:00,A38,R,20.05,2,speedlimit
2026-09-10T01:50+02:00,A16,L,30.73,2,speedlimit
2026-09-10T01:50+02:00,A13,L,17.8,3,speedlimit
2026-09-10T01:50+02:00,A4,L,41.6,2,speedlimit
2026-09-10T01:50+02:00,A16,L,35.48,3,lane_closed
2026-09-10T01:50+02:00,A16,L,29.37,1,lane_closed
2026-09-10T01:50+02:00,A16,R,11.866,2,speedlimit
2026-09-10T01:50+02:00,A20,R,31.26,1,speedlimit
2026-09-10T01:50+02:00,A16,R,23.5,1,lane_closed
2026-09-10T01:50+02:00,A16,x,18.543,2,lane_closed_ahead
2026-09-10T01:50+02:00,A20,u,35.09,1,lane_closed
2026-09-10T01:50+02:00,A16,x,17.813,2,speedlimit
2026-09-10T01:50+02:00,A16,R,21.5,3,lane_closed
2026-09-10T01:50+02:00,A16,x,21.0,1,lane_closed
2026-09-10T01:50+02:00,A16,y,24.3,2,lane_closed
2026-09-10T01:50+02:00,A4,L,42.775,1,speedlimit
2026-09-10T01:50+02:00,A16,R,23.5,2,lane_closed
2026-09-10T01:50+02:00,A16,L,31.425,3,speedlimit
2026-09-10T01:50+02:00,A20,L,36.625,4,lane_closed
2026-09-10T01:50+02:00,A15,L,43.95,1,speedlimit
2026-09-10T01:50+02:00,A16,R,12.21,2,speedlimit
2026-09-10T01:50+02:00,A15,L,70.95,1,lane_closed
2026-09-10T01:50+02:00,A20,L,29.826,3,speedlimit
2026-09-10T01:50+02:00,A20,L,37.8,3,speedlimit
2026-09-10T01:50+02:00,A4,L,42.19,2,speedlimit
2026-09-10T01:50+02:00,A16,L,35.76,3,lane_closed
2026-09-10T01:50+02:00,A4,h,45.58,3,lane_closed
2026-09-10T01:50+02:00,A16,R,19.3,1,lane_closed
2026-09-10T01:50+02:00,A16,x,18.9,4,speedlimit
2026-09-10T01:50+02:00,A20,L,29.5,1,speedlimit
2026-09-10T01:50+02:00,A20,R,28.8,3,speedlimit
2026-09-10T01:50+02:00,A20,R,29.5,1,speedlimit
2026-09-10T01:50+02:00,A16,R,22.4,5,lane_closed
2026-09-10T01:50+02:00,A38,p,20.55,1,lane_closed
2026-09-10T01:50+02:00,A13,R,15.55,4,lane_closed
2026-09-10T01:50+02:00,A16,R,20.2,2,lane_closed
2026-09-10T01:50+02:00,A16,R,17.759,1,lane_closed
2026-09-10T01:50+02:00,A16,y,20.3,1,lane_closed
2026-09-10T01:50+02:00,A16,L,23.075,1,lane_closed
2026-09-10T01:50+02:00,A13,R,15.55,1,speedlimit
2026-09-10T01:50+02:00,A13,L,11.25,4,lane_closed
2026-09-10T01:50+02:00,A20,L,30.9,1,speedlimit
2026-09-10T01:50+02:00,A13,R,15.55,3,lane_closed
2026-09-10T01:50+02:00,A16,R,24.71,1,lane_closed
2026-09-10T01:50+02:00,A20,u,35.09,2,lane_closed
2026-09-10T01:50+02:00,A4,L,43.18,4,lane_closed_ahead
2026-09-10T01:50+02:00,A16,L,38.73,2,speedlimit
2026-09-10T01:50+02:00,A16,R,16.6,3,lane_closed
2026-09-10T01:50+02:00,A13,R,18.2,4,lane_closed
2026-09-10T01:50+02:00,A16,L,33.125,3,lane_closed
2026-09-10T01:50+02:00,A38,p,20.55,2,lane_closed
2026-09-10T01:50+02:00,A16,L,36.07,3,lane_closed
2026-09-10T01:50+02:00,A15,L,61.01,1,speedlimit
2026-09-10T01:50+02:00,A13,R,18.7,1,lane_closed
2026-09-10T01:50+02:00,A15,L,64.67,5,speedlimit
2026-09-10T01:50+02:00,A16,y,22.2,2,lane_closed
2026-09-10T01:50+02:00,A13,R,15.035,3,lane_closed
2026-09-10T01:50+02:00,A15,n,95.855,1,speedlimit
2026-09-10T01:50+02:00,A16,L,35.48,5,lane_closed
2026-09-10T01:50+02:00,A16,n,34.6,1,lane_closed
2026-09-10T01:50+02:00,A16,L,35.205,3,lane_closed
2026-09-10T01:50+02:00,A20,c,27.488,1,speedlimit
2026-09-10T01:50+02:00,A20,R,31.9,3,speedlimit
2026-09-10T01:50+02:00,A16,L,19.0,1,lane_closed
2026-09-10T01:50+02:00,A16,x,18.9,2,lane_closed
2026-09-10T01:50+02:00,A13,R,16.655,3,lane_closed
2026-09-10T01:50+02:00,A16,L,26.99,2,lane_closed
2026-09-10T01:50+02:00,A16,R,18.229,1,lane_closed
2026-09-10T01:50+02:00,A16,y,20.0,4,lane_closed
2026-09-10T01:50+02:00,A15,y,62.82,1,lane_closed_ahead
2026-09-10T01:50+02:00,A20,L,29.1,2,speedlimit
2026-09-10T01:50+02:00,A16,L,20.3,2,lane_closed
2026-09-10T01:50+02:00,A15,L,63.56,1,lane_closed
2026-09-10T01:50+02:00,A16,y,23.075,3,lane_closed
2026-09-10T01:50+02:00,A20,R,29.8,3,speedlimit
2026-09-10T01:50+02:00,A13,L,18.2,2,speedlimit
2026-09-10T01:50+02:00,A20,R,26.4,3,speedlimit
2026-09-10T01:50+02:00,A16,R,25.66,3,lane_closed
2026-09-10T01:50+02:00,A38,L,21.058,2,speedlimit
2026-09-10T01:50+02:00,A20,u,35.71,2,lane_closed
2026-09-10T01:50+02:00,A16,R,16.6,1,lane_closed
2026-09-10T01:50+02:00,A16,x,25.2,4,speedlimit
2026-09-10T01:50+02:00,A20,R,26.93,1,speedlimit
2026-09-10T01:50+02:00,A16,L,35.48,4,lane_closed
2026-09-10T01:50+02:00,A16,R,17.759,3,lane_closed
2026-09-10T01:50+02:00,A15,R,61.63,2,speedlimit
2026-09-10T01:50+02:00,A16,n,33.784,2,lane_closed
2026-09-10T01:50+02:00,A16,L,30.73,3,speedlimit
2026-09-10T01:50+02:00,A15,y,62.635,1,lane_closed
2026-09-10T01:50+02:00,A15,L,61.39,2,speedlimit
2026-09-10T01:50+02:00,A20,R,26.4,2,speedlimit
2026-09-10T01:50+02:00,A15,L,62.768,2,speedlimit
2026-09-10T01:50+02:00,A16,n,34.018,2,lane_closed
2026-09-10T01:50+02:00,A15,L,63.56,3,speedlimit
2026-09-10T01:50+02:00,A20,L,27.488,2,speedlimit
2026-09-10T01:50+02:00,A16,y,20.0,1,lane_closed
2026-09-10T01:50+02:00,A15,n,61.78,1,lane_closed
2026-09-10T01:50+02:00,A20,L,30.196,3,speedlimit
2026-09-10T01:50+02:00,A4,h,46.06,1,speedlimit
2026-09-10T01:50+02:00,A4,L,42.19,1,speedlimit
2026-09-10T01:50+02:00,A16,R,22.4,4,lane_closed
2026-09-10T01:50+02:00,A15,L,61.94,1,speedlimit
2026-09-10T01:50+02:00,A20,L,28.41,1,speedlimit
2026-09-10T01:50+02:00,A16,L,37.6,1,speedlimit
2026-09-10T01:50+02:00,A13,L,13.18,4,lane_closed
2026-09-10T01:50+02:00,A16,R,12.77,2,speedlimit
2026-09-10T01:50+02:00,A16,R,12.21,1,lane_closed
2026-09-10T01:50+02:00,A13,L,17.8,2,lane_closed_ahead
2026-09-10T01:50+02:00,A16,R,17.036,2,lane_closed
2026-09-10T01:50+02:00,A15,m,62.998,1,speedlimit
2026-09-10T01:50+02:00,A16,L,19.5,2,lane_closed
2026-09-10T01:50+02:00,A16,L,26.48,1,lane_closed
2026-09-10T01:50+02:00,A20,R,28.57,1,speedlimit
2026-09-10T01:50+02:00,A16,R,12.63,1,lane_closed
2026-09-10T01:50+02:00,A16,L,22.6,1,lane_closed
2026-09-10T01:50+02:00,A20,R,30.196,4,speedlimit
2026-09-10T01:50+02:00,A16,R,12.63,2,speedlimit
2026-09-10T01:50+02:00,A16,y,20.3,2,lane_closed
2026-09-10T01:50+02:00,A16,y,21.6,3,lane_closed
2026-09-10T01:50+02:00,A15,m,63.682,2,lane_closed
2026-09-10T01:50+02:00,A16,R,15.16,1,lane_closed
2026-09-10T01:50+02:00,A16,R,24.39,3,lane_closed
2026-09-10T01:50+02:00,A16,R,16.6,2,lane_closed
2026-09-10T01:50+02:00,A16,R,17.463,3,lane_closed
2026-09-10T01:50+02:00,A16,L,23.535,3,lane_closed
2026-09-10T01:50+02:00,A20,t,29.6,2,speedlimit
2026-09-10T01:50+02:00,A16,R,24.71,4,lane_closed
2026-09-10T01:50+02:00,A16,L,35.48,1,speedlimit
2026-09-10T01:50+02:00,A16,R,12.49,2,speedlimit
2026-09-10T01:50+02:00,A16,L,17.748,2,lane_closed
2026-09-10T01:50+02:00,A16,y,23.9,3,lane_closed
2026-09-10T01:50+02:00,A15,L,64.67,4,speedlimit
2026-09-10T01:50+02:00,A15,L,71.42,1,lane_closed_ahead
2026-09-10T01:50+02:00,A16,L,36.99,2,speedlimit
2026-09-10T01:50+02:00,A15,L,65.685,1,speedlimit
2026-09-10T01:50+02:00,A16,x,21.0,2,lane_closed
2026-09-10T01:50+02:00,A16,R,22.4,2,lane_closed
2026-09-10T01:50+02:00,A15,L,64.67,1,lane_closed
2026-09-10T01:50+02:00,A13,R,13.235,3,lane_closed_ahead
2026-09-10T01:50+02:00,A16,x,25.2,1,lane_closed
2026-09-10T01:50+02:00,A16,R,13.75,2,speedlimit
2026-09-10T01:50+02:00,A38,L,21.058,1,speedlimit
2026-09-10T01:50+02:00,A20,R,26.93,2,speedlimit
2026-09-10T01:50+02:00,A20,L,30.9,3,speedlimit
2026-09-10T01:50+02:00,A13,L,18.8,3,speedlimit
2026-09-10T01:50+02:00,A16,y,22.6,2,lane_closed
2026-09-10T01:50+02:00,A20,L,37.8,1,speedlimit
2026-09-10T01:50+02:00,A20,R,28.8,1,speedlimit
2026-09-10T01:50+02:00,A16,R,13.19,1,lane_closed
2026-09-10T01:50+02:00,A16,R,15.73,1,lane_closed
2026-09-10T01:50+02:00,A16,d,35.7,2,lane_closed
2026-09-10T01:50+02:00,A15,L,70.95,4,speedlimit
2026-09-10T01:50+02:00,A16,L,35.205,1,speedlimit
2026-09-10T01:50+02:00,A4,L,42.19,3,lane_closed
2026-09-10T01:50+02:00,A15,L,61.39,3,speedlimit
2026-09-10T01:50+02:00,A16,L,29.02,1,lane_closed
2026-09-10T01:50+02:00,A16,y,20.6,2,lane_closed
2026-09-10T01:50+02:00,A16,R,25.2,2,lane_closed
2026-09-10T01:50+02:00,A15,L,60.62,2,speedlimit
2026-09-10T01:50+02:00,A16,r,25.0,1,lane_closed
2026-09-10T01:50+02:00,A16,R,16.6,5,speedlimit
2026-09-10T01:50+02:00,A13,L,18.8,1,speedlimit
2026-09-10T01:50+02:00,A15,L,71.9,1,speedlimit
2026-09-10T01:50+02:00,A4,h,46.4,2,speedlimit
2026-09-10T01:50+02:00,A13,R,16.2,2,lane_closed
2026-09-10T01:50+02:00,A16,L,29.37,3,lane_closed_ahead
2026-09-10T01:50+02:00,A16,R,22.7,2,lane_closed
2026-09-10T01:50+02:00,A16,L,26.05,3,lane_closed
2026-09-10T01:50+02:00,A20,L,31.4,3,speedlimit
2026-09-10T01:50+02:00,A15,L,61.01,2,speedlimit
2026-09-10T01:50+02:00,A15,L,62.43,2,speedlimit
2026-09-10T01:50+02:00,A16,R,22.4,1,lane_closed
2026-09-10T01:50+02:00,A16,R,17.036,3,lane_closed
2026-09-10T01:50+02:00,A16,L,27.6,2,lane_closed
2026-09-10T01:50+02:00,A20,L,30.196,4,speedlimit
2026-09-10T01:50+02:00,A15,L,71.42,2,speedlimit
2026-09-10T01:50+02:00,A20,L,37.3,5,lane_closed
2026-09-10T01:50+02:00,A16,L,24.82,2,lane_closed
2026-09-10T01:50+02:00,A13,R,15.035,4,lane_closed
2026-09-10T01:50+02:00,A16,R,17.759,2,lane_closed
2026-09-10T01:50+02:00,A16,n,34.225,2,lane_closed
2026-09-10T01:50+02:00,A13,R,18.2,2,lane_closed
2026-09-10T01:50+02:00,A15,n,61.78,2,speedlimit
2026-09-10T01:50+02:00,A16,x,18.543,3,speedlimit
2026-09-10T01:50+02:00,A13,L,17.8,1,lane_closed
2026-09-10T01:50+02:00,A16,L,38.73,3,speedlimit
2026-09-10T01:50+02:00,A20,R,29.8,1,speedlimit
2026-09-10T01:50+02:00,A20,R,31.26,2,speedlimit
2026-09-10T01:50+02:00,A20,r,35.245,2,speedlimit
2026-09-10T01:50+02:00,A15,L,61.94,3,speedlimit
2026-09-10T01:50+02:00,A16,R,20.5,1,lane_closed
2026-09-10T01:50+02:00,A16,R,19.862,3,lane_closed
2026-09-10T01:50+02:00,A16,L,21.6,1,lane_closed
2026-09-10T01:50+02:00,A16,L,25.682,1,lane_closed
2026-09-10T01:50+02:00,A15,L,43.46,1,speedlimit
2026-09-10T01:50+02:00,A16,R,21.9,3,lane_closed
2026-09-10T01:50+02:00,A15,y,62.635,2,speedlimit
2026-09-10T01:50+02:00,A16,R,13.47,2,speedlimit
2026-09-10T01:50+02:00,A20,R,31.26,3,speedlimit
2026-09-10T01:50+02:00,A4,L,41.6,3,lane_closed
2026-09-10T01:50+02:00,A15,L,70.95,2,lane_closed_ahead
2026-09-10T01:50+02:00,A20,R,26.64,3,speedlimit
2026-09-10T01:50+02:00,A20,R,26.64,4,speedlimit
2026-09-10T01:50+02:00,A16,R,24.03,1,lane_closed
2026-09-10T01:50+02:00,A16,y,20.6,3,lane_closed
2026-09-10T01:50+02:00,A20,R,26.4,1,speedlimit
2026-09-10T01:50+02:00,A13,R,17.1,1,lane_closed
2026-09-10T01:50+02:00,A13,R,14.38,1,speedlimit
2026-09-10T01:50+02:00,A16,R,16.3,4,lane_closed
2026-09-10T01:50+02:00,A13,R,13.7,3,lane_closed
2026-09-10T01:50+02:00,A20,R,29.5,3,speedlimit
2026-09-10T01:50+02:00,A16,n,34.335,1,lane_closed
2026-09-10T01:50+02:00,A16,L,24.82,4,lane_closed
2026-09-10T01:50+02:00,A16,R,14.46,1,lane_closed
2026-09-10T01:50+02:00,A16,x,24.905,2,speedlimit
2026-09-10T01:50+02:00,A16,x,20.5,2,lane_closed
2026-09-10T01:50+02:00,A13,L,13.7,4,lane_closed
2026-09-10T01:50+02:00,A15,L,63.56,2,speedlimit
2026-09-10T01:50+02:00,A13,R,14.38,2,speedlimit
2026-09-10T01:50+02:00,A16,R,15.16,2,lane_closed
2026-09-10T01:50+02:00,A16,R,13.89,1,lane_closed
2026-09-10T01:50+02:00,A13,L,14.2,4,lane_closed
2026-09-10T01:50+02:00,A16,R,16.3,5,speedlimit
2026-09-10T01:50+02:00,A16,R,24.39,1,lane_closed
2026-09-10T01:50+02:00,A4,h,46.4,1,speedlimit
2026-09-10T01:50+02:00,A16,L,21.1,2,lane_closed
2026-09-10T01:50+02:00,A16,L,26.99,1,lane_closed
2026-09-10T01:50+02:00,A20,t,29.6,1,speedlimit
2026-09-10T01:50+02:00,A16,r,23.918,4,lane_closed
2026-09-10T01:50+02:00,A16,L,36.99,3,lane_closed
2026-09-10T01:50+02:00,A15,L,65.685,4,speedlimit
2026-09-10T01:50+02:00,A16,L,25.682,3,lane_closed
2026-09-10T01:50+02:00,A16,R,22.7,3,lane_closed
2026-09-10T01:50+02:00,A20,R,29.8,4,speedlimit
2026-09-10T01:50+02:00,A16,r,23.65,1,lane_closed
2026-09-10T01:50+02:00,A20,L,36.94,2,speedlimit
2026-09-10T01:50+02:00,A13,R,18.7,2,lane_closed
2026-09-10T01:50+02:00,A16,R,12.07,1,lane_closed
2026-09-10T01:50+02:00,A16,y,23.535,3,lane_closed
2026-09-10T01:50+02:00,A16,L,20.3,1,lane_closed
2026-09-10T01:50+02:00,A20,R,27.488,1,speedlimit
2026-09-10T01:50+02:00,A15,n,61.39,2,speedlimit
2026-09-10T01:50+02:00,A15,R,62.454,1,speedlimit
2026-09-10T01:50+02:00,A16,R,21.0,2,lane_closed
2026-09-10T01:50+02:00,A16,R,23.2,3,lane_closed
2026-09-10T01:50+02:00,A16,x,24.7,3,speedlimit
2026-09-10T01:50+02:00,A20,R,29.5,2,speedlimit
2026-09-10T01:50+02:00,A20,L,27.2,2,speedlimit
2026-09-10T01:50+02:00,A16,R,16.6,4,lane_closed
2026-09-10T01:50+02:00,A13,R,18.963,1,lane_closed
2026-09-10T01:50+02:00,A15,n,62.25,1,lane_closed
2026-09-10T01:50+02:00,A13,L,17.1,1,lane_closed
2026-09-10T01:50+02:00,A16,x,24.205,2,lane_closed
2026-09-10T01:50+02:00,A15,L,61.39,4,lane_closed
2026-09-10T01:50+02:00,A15,R,61.63,3,speedlimit
2026-09-10T01:50+02:00,A20,L,31.88,3,speedlimit
2026-09-10T01:50+02:00,A16,L,28.74,5,speedlimit
2026-09-10T01:50+02:00,A16,R,24.39,2,lane_closed
2026-09-10T01:50+02:00,A13,L,17.1,4,speedlimit
2026-09-10T01:50+02:00,A4,L,42.775,4,lane_closed
2026-09-10T01:50+02:00,A16,n,33.904,1,lane_closed
2026-09-10T01:50+02:00,A16,r,24.32,1,lane_closed
2026-09-10T01:50+02:00,A13,R,16.655,2,lane_closed
2026-09-10T01:50+02:00,A13,L,15.55,5,lane_closed
2026-09-10T01:50+02:00,A20,u,35.09,3,speedlimit
2026-09-10T01:50+02:00,A16,y,23.075,2,lane_closed
2026-09-10T01:50+02:00,A16,R,11.13,1,speedlimit
2026-09-10T01:50+02:00,A16,n,34.44,1,lane_closed
2026-09-10T01:50+02:00,A16,L,24.03,1,lane_closed
2026-09-10T01:50+02:00,A16,R,13.33,2,speedlimit
2026-09-10T01:50+02:00,A15,L,60.62,3,speedlimit
2026-09-10T01:50+02:00,A16,y,24.3,1,lane_closed
2026-09-10T01:50+02:00,A16,x,21.5,3,lane_closed
2026-09-10T01:50+02:00,A15,L,43.95,4,speedlimit
2026-09-10T01:50+02:00,A16,y,20.3,3,lane_closed
2026-09-10T01:50+02:00,A16,L,30.2,3,speedlimit
2026-09-10T01:50+02:00,A16,n,33.61,3,lane_closed
2026-09-10T01:50+02:00,A16,n,34.13,2,lane_closed
2026-09-10T01:50+02:00,A16,L,26.99,5,lane_closed
2026-09-10T01:50+02:00,A20,L,32.8,3,speedlimit
2026-09-10T01:50+02:00,A38,p,21.25,3,lane_closed
2026-09-10T01:50+02:00,A15,R,61.63,6,speedlimit
2026-09-10T01:50+02:00,A16,x,25.2,2,lane_closed
2026-09-10T01:50+02:00,A16,L,19.0,2,lane_closed
2026-09-10T01:50+02:00,A16,r,23.65,2,lane_closed
2026-09-10T01:50+02:00,A16,R,18.229,3,lane_closed
2026-09-10T01:50+02:00,A16,R,23.2,4,lane_closed
2026-09-10T01:50+02:00,A16,R,18.229,2,lane_closed
2026-09-10T01:50+02:00,A16,L,29.02,5,speedlimit
2026-09-10T01:50+02:00,A20,R,30.196,1,speedlimit
2026-09-10T01:50+02:00,A15,L,61.94,4,lane_closed
2026-09-10T01:50+02:00,A16,x,18.543,1,lane_closed
2026-09-10T01:50+02:00,A16,x,19.3,1,lane_closed
2026-09-10T01:50+02:00,A20,L,29.826,4,speedlimit
2026-09-10T01:50+02:00,A16,L,30.2,4,speedlimit
2026-09-10T01:50+02:00,A16,L,36.355,1,speedlimit
2026-09-10T01:50+02:00,A15,h,70.04,1,lane_closed
2026-09-10T01:50+02:00,A13,R,15.035,1,speedlimit
2026-09-10T01:50+02:00,A15,L,61.01,4,lane_closed
2026-09-10T01:50+02:00,A16,b,19.862,2,lane_closed
2026-09-10T01:50+02:00,A16,L,22.2,3,lane_closed
2026-09-10T01:50+02:00,A16,L,22.6,2,lane_closed
2026-09-10T01:50+02:00,A16,y,22.2,1,lane_closed
2026-09-10T01:50+02:00,A16,R,14.768,1,lane_closed
2026-09-10T01:50+02:00,A20,s,29.6,1,speedlimit
2026-09-10T01:50+02:00,A20,L,28.57,2,speedlimit
2026-09-10T01:50+02:00,A20,R,30.6,2,speedlimit
2026-09-10T01:50+02:00,A16,L,27.95,2,lane_closed
2026-09-10T01:50+02:00,A16,L,23.075,3,lane_closed
2026-09-10T01:50+02:00,A20,L,37.3,2,speedlimit
2026-09-10T01:50+02:00,A16,R,21.9,1,lane_closed
2026-09-10T01:50+02:00,A15,L,65.25,3,speedlimit
2026-09-10T01:50+02:00,A13,L,17.1,2,lane_closed
2026-09-10T01:50+02:00,A16,L,38.22,3,lane_closed_ahead
2026-09-10T01:50+02:00,A16,R,17.463,5,speedlimit
2026-09-10T01:50+02:00,A16,R,13.33,1,lane_closed
2026-09-10T01:50+02:00,A16,L,18.2,3,lane_closed
2026-09-10T01:50+02:00,A20,L,36.94,5,lane_closed
2026-09-10T01:50+02:00,A16,R,11.7,3,speedlimit
2026-09-10T01:50+02:00,A20,L,28.57,3,speedlimit
2026-09-10T01:50+02:00,A15,L,64.67,3,speedlimit
2026-09-10T01:50+02:00,A20,R,26.4,4,speedlimit
2026-09-10T01:50+02:00,A20,R,30.196,2,speedlimit
2026-09-10T01:50+02:00,A13,R,17.8,3,lane_closed
2026-09-10T01:50+02:00,A16,L,29.37,2,lane_closed
2026-09-10T01:50+02:00,A16,x,20.2,3,lane_closed
2026-09-10T01:50+02:00,A4,L,43.18,3,speedlimit
2026-09-10T01:50+02:00,A16,n,33.354,1,lane_closed
2026-09-10T01:50+02:00,A15,n,95.855,2,speedlimit
2026-09-10T02:48+02:00,A16,y,19.5,1,lane_closed
2026-09-10T02:48+02:00,A15,R,62.752,1,speedlimit
2026-09-10T02:48+02:00,A16,L,33.125,1,speedlimit
2026-09-10T02:48+02:00,A13,L,16.7,1,speedlimit
2026-09-10T02:48+02:00,A16,R,25.2,3,lane_closed
2026-09-10T02:48+02:00,A15,L,60.62,4,lane_closed
2026-09-10T02:48+02:00,A16,R,17.036,4,lane_closed
2026-09-10T02:48+02:00,A15,h,60.62,1,lane_closed
2026-09-10T02:48+02:00,A15,m,63.352,1,speedlimit
2026-09-10T02:48+02:00,A16,R,13.89,2,speedlimit
2026-09-10T02:48+02:00,A16,x,18.9,3,speedlimit
2026-09-10T02:48+02:00,A16,R,11.7,2,speedlimit
2026-09-10T02:48+02:00,A16,R,17.463,4,lane_closed
2026-09-10T02:48+02:00,A16,n,34.44,2,lane_closed
2026-09-10T02:48+02:00,A20,L,30.196,2,speedlimit
2026-09-10T02:48+02:00,A16,x,20.2,2,lane_closed
2026-09-10T02:48+02:00,A16,x,20.5,1,lane_closed
2026-09-10T02:48+02:00,A13,R,16.655,1,lane_closed
2026-09-10T02:48+02:00,A15,g,63.241,1,lane_closed
2026-09-10T02:48+02:00,A16,L,17.748,1,lane_closed
2026-09-10T02:48+02:00,A15,L,61.39,1,speedlimit
2026-09-10T02:48+02:00,A16,R,12.35,1,lane_closed
2026-09-10T02:48+02:00,A13,R,17.1,2,lane_closed
2026-09-10T02:48+02:00,A15,R,61.63,4,speedlimit
2026-09-10T02:48+02:00,A16,L,25.232,2,lane_closed
2026-09-10T02:48+02:00,A16,n,33.784,1,lane_closed
2026-09-10T02:48+02:00,A16,L,36.355,2,speedlimit
2026-09-10T02:48+02:00,A15,R,62.752,2,speedlimit
2026-09-10T02:48+02:00,A4,L,42.19,4,lane_closed
2026-09-10T02:48+02:00,A16,x,18.9,1,lane_closed
2026-09-10T02:48+02:00,A15,n,61.78,3,speedlimit
2026-09-10T02:48+02:00,A16,r,23.918,2,lane_closed
2026-09-10T02:48+02:00,A16,n,34.6,2,lane_closed
2026-09-10T02:48+02:00,A16,x,20.2,1,lane_closed
2026-09-10T02:48+02:00,A16,y,23.535,2,lane_closed
2026-09-10T02:48+02:00,A16,L,21.6,3,lane_closed
2026-09-10T02:48+02:00,A4,L,43.18,2,speedlimit
2026-09-10T02:48+02:00,A16,R,21.5,2,lane_closed
2026-09-10T02:48+02:00,A15,L,62.768,3,speedlimit
2026-09-10T02:48+02:00,A15,h,61.01,1,lane_closed
2026-09-10T02:48+02:00,A16,R,24.03,2,lane_closed
2026-09-10T02:48+02:00,A15,y,62.635,3,speedlimit
2026-09-10T02:48+02:00,A13,R,18.5,1,lane_closed
2026-09-10T02:48+02:00,A16,R,20.5,3,lane_closed
2026-09-10T02:48+02:00,A16,R,12.35,2,speedlimit
2026-09-10T02:48+02:00,A16,L,20.6,1,lane_closed
2026-09-10T02:48+02:00,A16,R,19.862,1,lane_closed
2026-09-10T02:48+02:00,A20,L,29.5,2,speedlimit
2026-09-10T02:48+02:00,A16,R,15.73,2,lane_closed
2026-09-10T02:48+02:00,A16,R,16.3,1,lane_closed
2026-09-10T02:48+02:00,A16,L,19.5,3,lane_closed
2026-09-10T02:48+02:00,A16,R,11.866,1,lane_closed
2026-09-10T02:48+02:00,A16,y,22.6,1,lane_closed
2026-09-10T02:48+02:00,A13,R,18.5,4,lane_closed
2026-09-10T02:48+02:00,A16,L,35.76,2,speedlimit
2026-09-10T02:48+02:00,A15,L,70.35,4,speedlimit
2026-09-10T02:48+02:00,A13,R,18.2,3,lane_closed
2026-09-10T02:48+02:00,A15,h,60.62,2,speedlimit
2026-09-10T02:48+02:00,A20,R,28.1,1,speedlimit
2026-09-10T02:48+02:00,A16,y,23.075,1,lane_closed
2026-09-10T02:48+02:00,A16,R,24.03,3,lane_closed
2026-09-10T02:48+02:00,A20,R,30.196,3,speedlimit
2026-09-10T02:48+02:00,A16,R,13.61,2,speedlimit
2026-09-10T02:48+02:00,A16,n,33.904,2,lane_closed
2026-09-10T02:48+02:00,A20,L,36.94,1,speedlimit
2026-09-10T02:48+02:00,A16,R,17.463,2,lane_closed
2026-09-10T02:48+02:00,A4,R,2.367,4,lane_closed
2026-09-10T02:48+02:00,A13,R,13.235,1,speedlimit
2026-09-10T02:48+02:00,A16,b,11.392,1,speedlimit
2026-09-10T02:48+02:00,A16,L,38.22,2,speedlimit
2026-09-10T02:48+02:00,A38,R,20.05,1,speedlimit
2026-09-10T02:48+02:00,A15,n,95.855,3,speedlimit
2026-09-10T02:48+02:00,A16,L,28.74,4,speedlimit
2026-09-10T02:48+02:00,A13,R,17.8,2,lane_closed
2026-09-10T02:48+02:00,A20,L,36.625,5,lane_closed
2026-09-10T02:48+02:00,A15,L,62.43,4,lane_closed
2026-09-10T02:48+02:00,A16,L,35.205,4,lane_closed
2026-09-10T02:48+02:00,A16,R,20.2,1,lane_closed
2026-09-10T02:48+02:00,A20,s,29.6,2,speedlimit
2026-09-10T02:48+02:00,A15,L,65.25,2,speedlimit
2026-09-10T02:48+02:00,A16,L,22.2,1,lane_closed
2026-09-10T02:48+02:00,A15,L,65.685,3,speedlimit
2026-09-10T02:48+02:00,A16,L,27.95,1,lane_closed
2026-09-10T02:48+02:00,A16,R,14.03,2,speedlimit
2026-09-10T02:48+02:00,A15,g,62.75,1,lane_closed
2026-09-10T02:48+02:00,A16,L,21.1,1,lane_closed
2026-09-10T02:48+02:00,A16,L,25.232,4,lane_closed
2026-09-10T02:48+02:00,A16,R,25.2,1,lane_closed
2026-09-10T02:48+02:00,A16,R,14.03,1,lane_closed
2026-09-10T02:48+02:00,A15,y,63.3,1,speedlimit
2026-09-10T02:48+02:00,A20,R,26.93,4,speedlimit
2026-09-10T02:48+02:00,A16,L,29.02,2,lane_closed
2026-09-10T02:48+02:00,A20,R,28.57,3,speedlimit
2026-09-10T02:48+02:00,A15,L,70.95,3,speedlimit
2026-09-10T02:48+02:00,A16,L,36.355,3,lane_closed
2026-09-10T02:48+02:00,A16,x,18.229,1,lane_closed
2026-09-10T02:48+02:00,A16,R,12.77,1,lane_closed
2026-09-10T02:48+02:00,A16,R,25.66,1,lane_closed
2026-09-10T02:48+02:00,A20,L,36.625,2,speedlimit
2026-09-10T02:48+02:00,A16,R,20.2,3,lane_closed
2026-09-10T02:48+02:00,A13,R,14.38,3,lane_closed
2026-09-10T02:48+02:00,A4,L,2.447,4,lane_closed
2026-09-10T02:48+02:00,A13,L,18.8,2,speedlimit
2026-09-10T02:48+02:00,A15,R,62.454,3,speedlimit
2026-09-10T02:48+02:00,A20,R,27.235,1,speedlimit
2026-09-10T02:48+02:00,A15,L,62.768,4,lane_closed_ahead
2026-09-10T02:48+02:00,A20,L,28.41,2,speedlimit
2026-09-10T02:48+02:00,A15,n,62.25,2,speedlimit
2026-09-10T02:48+02:00,A20,R,27.79,2,speedlimit
2026-09-10T02:48+02:00,A13,R,18.5,3,lane_closed
2026-09-10T02:48+02:00,A20,R,28.57,4,speedlimit
2026-09-10T02:48+02:00,A20,R,31.26,4,speedlimit
2026-09-10T02:48+02:00,A20,L,29.826,2,speedlimit
2026-09-10T02:48+02:00,A16,n,33.61,1,lane_closed
2026-09-10T02:48+02:00,A20,L,28.57,1,speedlimit
2026-09-10T02:48+02:00,A4,n,43.673,1,speedlimit
2026-09-10T02:48+02:00,A16,L,27.95,3,lane_closed
2026-09-10T02:48+02:00,A16,n,33.354,2,lane_closed
2026-09-10T02:48+02:00,A16,L,38.22,1,speedlimit
2026-09-10T02:48+02:00,A20,R,29.5,4,speedlimit
2026-09-10T02:48+02:00,A15,L,62.768,1,speedlimit
2026-09-10T02:48+02:00,A16,R,23.2,2,lane_closed
2026-09-10T02:48+02:00,A16,R,24.71,3,lane_closed
2026-09-10T02:48+02:00,A16,R,16.3,3,lane_closed
2026-09-10T02:48+02:00,A16,L,20.3,3,lane_closed
2026-09-10T02:48+02:00,A16,L,34.6,1,speedlimit
2026-09-10T02:48+02:00,A16,x,21.9,2,lane_closed
2026-09-10T02:48+02:00,A20,R,28.1,2,speedlimit
2026-09-10T02:48+02:00,A20,R,26.64,1,speedlimit
2026-09-10T02:48+02:00,A16,R,22.7,5,lane_closed
2026-09-10T02:48+02:00,A15,g,63.761,2,lane_closed
2026-09-10T02:48+02:00,A15,L,64.2,2,speedlimit
2026-09-10T02:48+02:00,A4,L,41.6,4,lane_closed
2026-09-10T02:48+02:00,A16,x,17.813,1,lane_closed
2026-09-10T02:48+02:00,A16,L,24.82,3,lane_closed
2026-09-10T02:48+02:00,A20,L,32.8,2,speedlimit
2026-09-10T02:48+02:00,A16,L,30.73,4,speedlimit
2026-09-10T02:48+02:00,A16,L,26.05,1,lane_closed
2026-09-10T02:48+02:00,A15,L,65.25,4,speedlimit
2026-09-10T02:48+02:00,A16,L,21.6,2,lane_closed
2026-09-10T02:48+02:00,A13,L,17.1,3,speedlimit
2026-09-10T02:48+02:00,A16,R,12.49,1,lane_closed
2026-09-10T02:48+02:00,A15,L,70.35,2,lane_closed
2026-09-10T02:48+02:00,A16,L,25.232,1,lane_closed
2026-09-10T02:48+02:00,A16,b,19.862,1,lane_closed
2026-09-10T02:48+02:00,A20,L,37.3,3,speedlimit
2026-09-10T02:48+02:00,A20,L,36.625,1,speedlimit
2026-09-10T02:48+02:00,A15,R,62.454,2,speedlimit
2026-09-10T02:48+02:00,A16,L,35.76,1,speedlimit
2026-09-10T02:48+02:00,A15,m,62.998,3,speedlimit
2026-09-10T02:48+02:00,A16,y,23.9,1,lane_closed
2026-09-10T02:48+02:00,A20,L,27.488,1,speedlimit
2026-09-10T02:48+02:00,A16,n,34.018,1,lane_closed
2026-09-10T02:48+02:00,A16,L,33.354,2,speedlimit
2026-09-10T02:48+02:00,A16,y,20.6,1,lane_closed
2026-09-10T02:48+02:00,A20,L,27.2,1,speedlimit
2026-09-10T02:48+02:00,A4,h,46.06,2,speedlimit
2026-09-10T02:48+02:00,A15,L,62.43,1,speedlimit
2026-09-10T02:48+02:00,A20,L,27.8,2,speedlimit
2026-09-10T02:48+02:00,A16,n,33.61,2,lane_closed
2026-09-10T02:48+02:00,A15,L,70.655,3,speedlimit
2026-09-10T02:48+02:00,A16,L,33.125,4,lane_closed
2026-09-10T02:48+02:00,A15,L,71.42,4,speedlimit
2026-09-10T02:48+02:00,A16,L,20.6,2,lane_closed
2026-09-10T02:48+02:00,A16,L,23.535,1,lane_closed
2026-09-10T02:48+02:00,A16,R,13.05,2,speedlimit
2026-09-10T02:48+02:00,A13,L,18.2,3,speedlimit
2026-09-10T02:48+02:00,A16,R,12.07,2,speedlimit
2026-09-10T02:48+02:00,A16,L,31.425,4,speedlimit
2026-09-10T02:48+02:00,A16,R,11.392,1,lane_closed_ahead
2026-09-10T02:48+02:00,A16,L,22.2,2,lane_closed
2026-09-10T02:48+02:00,A16,L,19.0,3,lane_closed
2026-09-10T02:48+02:00,A16,L,35.205,2,speedlimit
2026-09-10T02:48+02:00,A16,L,24.82,1,lane_closed
2026-09-10T02:48+02:00,A16,R,13.61,1,lane_closed
2026-09-10T02:48+02:00,A20,L,31.88,1,speedlimit
2026-09-10T02:48+02:00,A16,R,11.392,2,speedlimit
2026-09-10T02:48+02:00,A16,L,29.37,4,speedlimit
2026-09-10T02:48+02:00,A16,d,35.7,1,lane_closed
2026-09-10T02:48+02:00,A13,L,16.7,2,speedlimit
2026-09-10T02:48+02:00,A20,L,30.9,2,speedlimit
2026-09-10T02:48+02:00,A16,n,34.225,1,lane_closed
2026-09-10T02:48+02:00,A15,L,70.655,2,lane_closed
2026-09-10T02:48+02:00,A20,L,36.625,3,speedlimit
2026-09-10T02:48+02:00,A16,R,21.5,1,lane_closed
2026-09-10T02:48+02:00,A20,L,28.085,1,speedlimit
2026-09-10T02:48+02:00,A16,x,18.229,2,speedlimit
2026-09-10T02:48+02:00,A15,L,71.9,2,speedlimit
2026-09-10T02:48+02:00,A16,y,23.535,1,lane_closed
2026-09-10T02:48+02:00,A15,h,70.04,2,lane_closed
2026-09-10T02:48+02:00,A16,L,26.05,2,lane_closed
2026-09-10T02:48+02:00,A13,R,13.7,1,speedlimit
2026-09-10T02:48+02:00,A16,R,22.7,4,lane_closed
2026-09-10T02:48+02:00,A16,L,33.354,1,speedlimit
2026-09-10T02:48+02:00,A16,L,18.2,2,lane_closed
2026-09-10T02:48+02:00,A20,R,30.6,1,speedlimit
2026-09-10T02:48+02:00,A13,R,17.1,3,lane_closed
2026-09-10T02:48+02:00,A16,x,25.2,3,speedlimit
2026-09-10T02:48+02:00,A15,R,62.752,4,speedlimit
2026-09-10T02:48+02:00,A16,L,38.73,1,speedlimit
2026-09-10T02:48+02:00,A20,R,26.93,3,speedlimit
2026-09-10T02:48+02:00,A15,R,62.062,2,speedlimit
2026-09-10T02:48+02:00,A16,R,17.463,1,lane_closed
2026-09-10T02:48+02:00,A15,n,61.39,3,speedlimit
2026-09-10T02:48+02:00,A20,L,31.4,1,speedlimit
2026-09-10T02:48+02:00,A16,L,30.2,1,lane_closed
2026-09-10T02:48+02:00,A16,R,17.036,5,speedlimit
2026-09-10T02:48+02:00,A16,R,18.924,1,lane_closed
2026-09-10T02:48+02:00,A16,R,23.5,3,lane_closed
2026-09-10T02:48+02:00,A4,L,42.775,2,speedlimit
2026-09-10T02:48+02:00,A15,g,63.761,1,lane_closed
2026-09-10T02:48+02:00,A16,L,36.07,2,speedlimit
2026-09-10T02:48+02:00,A15,L,70.35,1,lane_closed
2026-09-10T02:48+02:00,A20,L,31.1,2,speedlimit
2026-09-10T02:48+02:00,A16,R,19.3,2,lane_closed
2026-09-10T02:48+02:00,A16,L,26.05,4,lane_closed
2026-09-10T02:48+02:00,A13,g,18.7,2,lane_closed
2026-09-10T02:48+02:00,A15,L,65.685,2,speedlimit
2026-09-10T02:48+02:00,A15,L,61.01,3,speedlimit
2026-09-10T02:48+02:00,A16,L,27.6,3,lane_closed
2026-09-10T02:48+02:00,A20,L,31.4,2,speedlimit
2026-09-10T02:48+02:00,A16,L,26.48,2,lane_closed
2026-09-10T02:48+02:00,A16,L,18.2,1,lane_closed
2026-09-10T02:48+02:00,A15,R,61.63,1,speedlimit
2026-09-10T02:48+02:00,A20,L,37.3,4,lane_closed_ahead
2026-09-10T02:48+02:00,A38,L,21.058,3,lane_closed
2026-09-10T02:48+02:00,A16,r,24.32,2,lane_closed
2026-09-10T02:48+02:00,A16,R,22.7,1,lane_closed
2026-09-10T02:48+02:00,A15,L,71.42,3,speedlimit
2026-09-10T02:48+02:00,A4,n,43.673,2,speedlimit
2026-09-10T02:48+02:00,A15,L,62.43,3,speedlimit
2026-09-10T02:48+02:00,A16,x,21.0,3,lane_closed
2026-09-10T02:48+02:00,A13,L,15.9,3,lane_closed
2026-09-10T02:48+02:00,A13,R,12.7,2,speedlimit
2026-09-10T02:48+02:00,A16,L,30.2,2,lane_closed_ahead
2026-09-10T02:48+02:00,A15,h,61.01,2,speedlimit
2026-09-10T02:48+02:00,A16,x,21.5,2,lane_closed
2026-09-10T02:48+02:00,A15,n,61.39,1,lane_closed
2026-09-10T02:48+02:00,A16,x,24.905,3,speedlimit
2026-09-10T02:48+02:00,A16,R,24.71,2,lane_closed
2026-09-10T02:48+02:00,A15,y,62.82,2,speedlimit
2026-09-10T02:48+02:00,A38,p,21.25,1,lane_closed
2026-09-10T02:48+02:00,A13,R,16.2,1,lane_closed
2026-09-10T02:48+02:00,A15,y,63.3,2,speedlimit
2026-09-10T02:48+02:00,A20,L,37.8,2,speedlimit
2026-09-10T02:48+02:00,A15,L,70.35,3,speedlimit
2026-09-10T02:48+02:00,A15,L,71.9,3,speedlimit
2026-09-10T02:48+02:00,A15,L,70.655,1,lane_closed
2026-09-10T02:48+02:00,A13,R,12.7,1,speedlimit
2026-09-10T02:48+02:00,A13,R,18.5,2,lane_closed
2026-09-10T02:48+02:00,A16,L,36.07,1,speedlimit
2026-09-10T02:48+02:00,A16,L,21.1,3,lane_closed
2026-09-10T02:48+02:00,A20,L,36.94,3,speedlimit
2026-09-10T02:48+02:00,A20,L,30.196,1,speedlimit
2026-09-10T02:48+02:00,A15,g,63.241,2,lane_closed
2026-09-10T02:48+02:00,A16,R,19.862,2,lane_closed
2026-09-10T02:48+02:00,A16,R,24.71,5,lane_closed
2026-09-10T02:48+02:00,A16,R,21.9,2,lane_closed
2026-09-10T02:48+02:00,A13,R,12.7,3,speedlimit
2026-09-10T02:48+02:00,A20,R,27.79,1,speedlimit
2026-09-10T02:48+02:00,A20,r,35.245,1,speedlimit
2026-09-10T02:48+02:00,A16,R,11.13,2,speedlimit
2026-09-10T02:48+02:00,A16,R,14.46,2,lane_closed_ahead
2026-09-10T02:48+02:00,A20,L,29.826,1,speedlimit
2026-09-10T02:48+02:00,A16,L,27.6,1,lane_closed
2026-09-10T02:48+02:00,A16,L,31.425,2,speedlimit
2026-09-10T02:48+02:00,A16,x,21.9,1,lane_closed
2026-09-10T02:48+02:00,A16,R,12.91,1,lane_closed
2026-09-10T02:48+02:00,A15,R,62.752,3,speedlimit
2026-09-10T02:48+02:00,A16,x,24.905,1,speedlimit
2026-09-10T02:48+02:00,A16,y,20.0,2,lane_closed
2026-09-10T02:48+02:00,A20,u,36.23,2,lane_closed
2026-09-10T02:48+02:00,A20,R,28.41,2,speedlimit
2026-09-10T02:48+02:00,A16,x,21.5,1,lane_closed
2026-09-10T02:48+02:00,A4,L,42.775,3,lane_closed_ahead
2026-09-10T02:48+02:00,A16,L,25.682,4,lane_closed
2026-09-10T02:48+02:00,A15,y,62.82,3,lane_closed
2026-09-10T02:48+02:00,A16,n,34.13,1,lane_closed
2026-09-10T02:48+02:00,A15,R,62.062,1,speedlimit
2026-09-10T02:48+02:00,A16,L,23.535,2,lane_closed
2026-09-10T02:48+02:00,A16,R,12.91,2,speedlimit
2026-09-10T02:48+02:00,A20,R,29.1,1,speedlimit
2026-09-10T02:48+02:00,A15,L,60.62,1,speedlimit
2026-09-10T02:48+02:00,A16,L,31.425,1,speedlimit
2026-09-10T02:48+02:00,A13,R,17.8,1,lane_closed
2026-09-10T02:48+02:00,A20,R,28.41,1,speedlimit
2026-09-10T02:48+02:00,A16,L,26.48,3,lane_closed
2026-09-10T02:48+02:00,A20,R,31.9,2,speedlimit
2026-09-10T02:48+02:00,A16,R,22.4,3,lane_closed
2026-09-10T02:48+02:00,A13,R,13.235,2,speedlimit
2026-09-10T02:48+02:00,A16,L,19.5,1,lane_closed
2026-09-10T02:48+02:00,A16,L,28.74,3,lane_closed
2026-09-10T02:48+02:00,A16,L,35.48,2,speedlimit
2026-09-10T02:48+02:00,A15,R,61.63,5,speedlimit
2026-09-10T02:48+02:00,A20,L,31.1,3,speedlimit
2026-09-10T02:48+02:00,A38,w,20.55,1,lane_closed_ahead
2026-09-10T02:48+02:00,A16,R,13.05,1,lane_closed
2026-09-10T02:48+02:00,A16,R,23.2,5,lane_closed
2026-09-10T02:48+02:00,A15,R,62.454,5,lane_closed
2026-09-10T02:48+02:00,A16,y,23.9,2,lane_closed
2026-09-10T02:48+02:00,A16,L,29.02,3,lane_closed
2026-09-10T02:48+02:00,A20,R,27.488,2,speedlimit
2026-09-10T02:48+02:00,A16,y,21.1,1,lane_closed
2026-09-10T02:48+02:00,A16,x,24.205,1,lane_closed
2026-09-10T02:48+02:00,A20,t,28.895,1,speedlimit
2026-09-10T02:48+02:00,A16,L,37.6,3,lane_closed
2026-09-10T02:48+02:00,A20,L,32.8,1,speedlimit
2026-09-10T02:48+02:00,A16,R,21.0,1,lane_closed
2026-09-10T02:48+02:00,A16,x,24.7,1,speedlimit
2026-09-10T02:48+02:00,A16,r,23.918,3,lane_closed
2026-09-10T02:48+02:00,A16,L,17.748,3,lane_closed
2026-09-10T02:48+02:00,A20,R,28.8,2,speedlimit
2026-09-10T02:48+02:00,A16,x,19.3,2,lane_closed
2026-09-10T02:48+02:00,A16,L,26.99,3,lane_closed
2026-09-10T02:48+02:00,A16,L,24.03,2,lane_closed
2026-09-10T02:48+02:00,A16,R,16.3,2,lane_closed
2026-09-10T02:48+02:00,A16,R,14.768,2,lane_closed
2026-09-10T02:48+02:00,A16,R,19.3,3,lane_closed
2026-09-10T02:48+02:00,A16,R,13.75,1,lane_closed
2026-09-10T02:48+02:00,A16,R,14.17,2,speedlimit
2026-09-10T02:48+02:00,A20,L,31.1,1,speedlimit
2026-09-10T02:48+02:00,A15,m,63.352,2,lane_closed_ahead
2026-09-10T02:48+02:00,A16,x,24.7,2,speedlimit
2026-09-10T02:48+02:00,A13,L,16.19,3,lane_closed
2026-09-10T02:48+02:00,A13,L,15.035,5,lane_closed
2026-09-10T02:48+02:00,A16,y,19.5,2,lane_closed
2026-09-10T02:48+02:00,A15,L,61.94,2,speedlimit
2026-09-10T02:48+02:00,A16,y,21.1,3,lane_closed
2026-09-10T02:48+02:00,A20,L,27.8,1,speedlimit
2026-09-10T02:48+02:00,A16,R,23.2,1,lane_closed
2026-09-10T02:48+02:00,A16,R,13.47,1,lane_closed
2026-09-10T02:48+02:00,A16,L,22.6,3,lane_closed
2026-09-10T02:48+02:00,A20,R,29.1,2,speedlimit
2026-09-10T02:48+02:00,A16,L,31.425,5,speedlimit
2026-09-10T02:48+02:00,A15,m,63.682,1,speedlimit
2026-09-10T02:48+02:00,A13,g,18.7,1,lane_closed
2026-09-10T02:48+02:00,A20,u,36.23,1,lane_closed
2026-09-10T02:48+02:00,A15,m,62.998,2,speedlimit
2026-09-10T02:48+02:00,A20,R,28.57,2,speedlimit
2026-09-10T02:48+02:00,A20,R,26.64,2,speedlimit
2026-09-10T02:48+02:00,A4,L,41.6,1,speedlimit
2026-09-10T02:48+02:00,A15,L,64.2,3,speedlimit
2026-09-10T02:48+02:00,A20,L,29.1,1,speedlimit
2026-09-10T02:48+02:00,A16,R,21.0,3,lane_closed
2026-09-10T02:48+02:00,A16,L,23.075,2,lane_closed
2026-09-10T02:48+02:00,A16,L,37.6,2,speedlimit
2026-09-10T02:48+02:00,A13,L,18.2,1,speedlimit
2026-09-10T02:48+02:00,A16,L,20.6,3,lane_closed
2026-09-10T02:48+02:00,A16,L,25.682,2,lane_closed
2026-09-10T02:48+02:00,A16,L,28.74,1,lane_closed
2026-09-10T02:48+02:00,A16,L,29.37,5,speedlimit
2026-09-10T02:48+02:00,A16,y,21.6,1,lane_closed
2026-09-10T02:48+02:00,A15,L,64.67,2,speedlimit
2026-09-10T02:48+02:00,A13,L,12.7,4,lane_closed
2026-09-10T02:48+02:00,A16,L,26.99,4,lane_closed
2026-09-10T02:48+02:00,A20,L,31.88,2,speedlimit
2026-09-10T02:48+02:00,A16,R,14.17,1,lane_closed
2026-09-10T02:48+02:00,A16,y,21.1,2,lane_closed
2026-09-10T02:48+02:00,A16,L,34.6,2,speedlimit
2026-09-10T02:48+02:00,A15,R,62.454,4,speedlimit
2026-09-10T02:48+02:00,A16,L,28.74,2,lane_closed
2026-09-10T02:48+02:00,A16,R,20.5,2,lane_closed
2026-09-10T02:48+02:00,A16,x,20.5,3,lane_closed
2026-09-10T02:48+02:00,A20,L,28.085,2,speedlimit
2026-09-10T02:48+02:00,A38,p,21.25,2,lane_closed
2026-09-10T02:48+02:00,A15,R,62.062,3,speedlimit
2026-09-10T02:48+02:00,A16,R,17.036,1,lane_closed
2026-09-10T02:48+02:00,A20,R,30.6,3,speedlimit
2026-09-10T02:48+02:00,A16,y,20.0,3,lane_closed
2026-09-10T02:48+02:00,A15,R,62.062,4,speedlimit
2026-09-10T02:48+02:00,A16,L,25.232,3,lane_closed
2026-09-10T02:48+02:00,A16,R,11.7,1,lane_closed
2026-09-10T02:48+02:00,A20,R,29.8,2,speedlimit
2026-09-10T02:48+02:00,A13,R,15.035,2,speedlimit
2026-09-10T02:48+02:00,A16,L,29.02,4,speedlimit
2026-09-10T02:48+02:00,A15,L,64.2,1,lane_closed
2026-09-10T02:48+02:00,A20,R,27.235,2,speedlimit
2026-09-10T02:48+02:00,A4,L,43.18,1,speedlimit
2026-09-10T02:48+02:00,A16,L,26.48,4,lane_closed
2026-09-10T02:48+02:00,A20,L,37.3,1,speedlimit
2026-09-10T02:48+02:00,A13,R,13.7,2,speedlimit
2026-09-10T02:48+02:00,A13,R,18.2,1,lane_closed
2026-09-10T02:48+02:00,A16,R,13.19,2,speedlimit
2026-09-10T02:48+02:00,A16,r,23.918,1,lane_closed
2026-09-10T02:48+02:00,A16,R,25.66,2,lane_closed
2026-09-10T02:48+02:00,A16,L,30.73,1,lane_closed_ahead
2026-09-10T02:48+02:00,A15,L,65.25,1,lane_closed_ahead
2026-09-10T02:48+02:00,A16,L,36.99,1,speedlimit
2026-09-10T02:48+02:00,A16,y,21.6,2,lane_closed
2026-09-10T02:48+02:00,A15,e,95.55,1,speedlimit
2026-09-10T02:48+02:00,A13,e,19.1,1,lane_closed
2026-09-10T02:48+02:00,A16,p,25.01,1,lane_closed
2026-09-10T02:48+02:00,A16,L,33.125,2,speedlimit
2026-09-10T02:48+02:00,A16,n,34.335,2,lane_closed
2026-09-10T02:48+02:00,A38,R,20.05,2,speedlimit
2026-09-10T02:48+02:00,A16,L,30.73,2,speedlimit
2026-09-10T02:48+02:00,A13,L,17.8,3,speedlimit
2026-09-10T02:48+02:00,A4,L,41.6,2,speedlimit
2026-09-10T02:48+02:00,A16,L,35.48,3,lane_closed
2026-09-10T02:48+02:00,A16,L,29.37,1,lane_closed
2026-09-10T02:48+02:00,A16,R,11.866,2,speedlimit
2026-09-10T02:48+02:00,A20,R,31.26,1,speedlimit
2026-09-10T02:48+02:00,A16,R,23.5,1,lane_closed
2026-09-10T02:48+02:00,A16,x,18.543,2,lane_closed_ahead
2026-09-10T02:48+02:00,A20,u,35.09,1,lane_closed
2026-09-10T02:48+02:00,A16,x,17.813,2,speedlimit
2026-09-10T02:48+02:00,A16,R,21.5,3,lane_closed
2026-09-10T02:48+02:00,A16,x,21.0,1,lane_closed
2026-09-10T02:48+02:00,A16,y,24.3,2,lane_closed
2026-09-10T02:48+02:00,A4,L,42.775,1,speedlimit
2026-09-10T02:48+02:00,A16,R,23.5,2,lane_closed
2026-09-10T02:48+02:00,A16,L,31.425,3,speedlimit
2026-09-10T02:48+02:00,A20,L,36.625,4,lane_closed
2026-09-10T02:48+02:00,A16,R,12.21,2,speedlimit
2026-09-10T02:48+02:00,A15,L,70.95,1,lane_closed
2026-09-10T02:48+02:00,A20,L,29.826,3,speedlimit
2026-09-10T02:48+02:00,A20,L,37.8,3,speedlimit
2026-09-10T02:48+02:00,A4,L,42.19,2,speedlimit
2026-09-10T02:48+02:00,A16,L,35.76,3,lane_closed
2026-09-10T02:48+02:00,A4,h,45.58,3,lane_closed
2026-09-10T02:48+02:00,A16,R,19.3,1,lane_closed
2026-09-10T02:48+02:00,A16,x,18.9,4,speedlimit
2026-09-10T02:48+02:00,A20,L,29.5,1,speedlimit
2026-09-10T02:48+02:00,A20,R,28.8,3,speedlimit
2026-09-10T02:48+02:00,A20,R,29.5,1,speedlimit
2026-09-10T02:48+02:00,A16,R,22.4,5,lane_closed
2026-09-10T02:48+02:00,A38,p,20.55,1,lane_closed
2026-09-10T02:48+02:00,A13,R,15.55,4,lane_closed
2026-09-10T02:48+02:00,A16,R,20.2,2,lane_closed
2026-09-10T02:48+02:00,A16,R,17.759,1,lane_closed
2026-09-10T02:48+02:00,A16,y,20.3,1,lane_closed
2026-09-10T02:48+02:00,A16,L,23.075,1,lane_closed
2026-09-10T02:48+02:00,A13,R,15.55,1,speedlimit
2026-09-10T02:48+02:00,A13,L,11.25,4,lane_closed
2026-09-10T02:48+02:00,A20,L,30.9,1,speedlimit
2026-09-10T02:48+02:00,A13,R,15.55,3,lane_closed
2026-09-10T02:48+02:00,A16,R,24.71,1,lane_closed
2026-09-10T02:48+02:00,A20,u,35.09,2,lane_closed
2026-09-10T02:48+02:00,A4,L,43.18,4,lane_closed_ahead
2026-09-10T02:48+02:00,A16,L,38.73,2,speedlimit
2026-09-10T02:48+02:00,A16,R,16.6,3,lane_closed
2026-09-10T02:48+02:00,A13,R,18.2,4,lane_closed
2026-09-10T02:48+02:00,A16,L,33.125,3,lane_closed
2026-09-10T02:48+02:00,A38,p,20.55,2,lane_closed
2026-09-10T02:48+02:00,A16,L,36.07,3,lane_closed
2026-09-10T02:48+02:00,A15,L,61.01,1,speedlimit
2026-09-10T02:48+02:00,A13,R,18.7,1,lane_closed
2026-09-10T02:48+02:00,A15,L,64.67,5,speedlimit
2026-09-10T02:48+02:00,A16,y,22.2,2,lane_closed
2026-09-10T02:48+02:00,A13,R,15.035,3,lane_closed
2026-09-10T02:48+02:00,A15,n,95.855,1,speedlimit
2026-09-10T02:48+02:00,A16,L,35.48,5,lane_closed
2026-09-10T02:48+02:00,A16,n,34.6,1,lane_closed
2026-09-10T02:48+02:00,A16,L,35.205,3,lane_closed
2026-09-10T02:48+02:00,A20,c,27.488,1,speedlimit
2026-09-10T02:48+02:00,A20,R,31.9,3,speedlimit
2026-09-10T02:48+02:00,A16,L,19.0,1,lane_closed
2026-09-10T02:48+02:00,A16,x,18.9,2,lane_closed
2026-09-10T02:48+02:00,A13,R,16.655,3,lane_closed
2026-09-10T02:48+02:00,A16,L,26.99,2,lane_closed
2026-09-10T02:48+02:00,A16,R,18.229,1,lane_closed
2026-09-10T02:48+02:00,A16,y,20.0,4,lane_closed
2026-09-10T02:48+02:00,A15,y,62.82,1,lane_closed_ahead
2026-09-10T02:48+02:00,A20,L,29.1,2,speedlimit
2026-09-10T02:48+02:00,A16,L,20.3,2,lane_closed
2026-09-10T02:48+02:00,A15,L,63.56,1,lane_closed
2026-09-10T02:48+02:00,A16,y,23.075,3,lane_closed
2026-09-10T02:48+02:00,A20,R,29.8,3,speedlimit
2026-09-10T02:48+02:00,A13,L,18.2,2,speedlimit
2026-09-10T02:48+02:00,A20,R,26.4,3,speedlimit
2026-09-10T02:48+02:00,A16,R,25.66,3,lane_closed
2026-09-10T02:48+02:00,A38,L,21.058,2,speedlimit
2026-09-10T02:48+02:00,A20,u,35.71,2,lane_closed
2026-09-10T02:48+02:00,A16,R,16.6,1,lane_closed
2026-09-10T02:48+02:00,A16,x,25.2,4,speedlimit
2026-09-10T02:48+02:00,A20,R,26.93,1,speedlimit
2026-09-10T02:48+02:00,A16,L,35.48,4,lane_closed
2026-09-10T02:48+02:00,A16,R,17.759,3,lane_closed
2026-09-10T02:48+02:00,A15,R,61.63,2,speedlimit
2026-09-10T02:48+02:00,A16,n,33.784,2,lane_closed
2026-09-10T02:48+02:00,A16,L,30.73,3,speedlimit
2026-09-10T02:48+02:00,A15,y,62.635,1,lane_closed
2026-09-10T02:48+02:00,A15,L,61.39,2,speedlimit
2026-09-10T02:48+02:00,A20,R,26.4,2,speedlimit
2026-09-10T02:48+02:00,A15,L,62.768,2,speedlimit
2026-09-10T02:48+02:00,A16,n,34.018,2,lane_closed
2026-09-10T02:48+02:00,A15,L,63.56,3,speedlimit
2026-09-10T02:48+02:00,A20,L,27.488,2,speedlimit
2026-09-10T02:48+02:00,A16,y,20.0,1,lane_closed
2026-09-10T02:48+02:00,A15,n,61.78,1,lane_closed
2026-09-10T02:48+02:00,A20,L,30.196,3,speedlimit
2026-09-10T02:48+02:00,A4,h,46.06,1,speedlimit
2026-09-10T02:48+02:00,A4,L,42.19,1,speedlimit
2026-09-10T02:48+02:00,A16,R,22.4,4,lane_closed
2026-09-10T02:48+02:00,A15,L,61.94,1,speedlimit
2026-09-10T02:48+02:00,A20,L,28.41,1,speedlimit
2026-09-10T02:48+02:00,A16,L,37.6,1,speedlimit
2026-09-10T02:48+02:00,A13,L,13.18,4,lane_closed
2026-09-10T02:48+02:00,A16,R,12.77,2,speedlimit
2026-09-10T02:48+02:00,A16,R,12.21,1,lane_closed
2026-09-10T02:48+02:00,A13,L,17.8,2,speedlimit
2026-09-10T02:48+02:00,A16,R,17.036,2,lane_closed
2026-09-10T02:48+02:00,A15,m,62.998,1,speedlimit
2026-09-10T02:48+02:00,A16,L,19.5,2,lane_closed
2026-09-10T02:48+02:00,A16,L,26.48,1,lane_closed
2026-09-10T02:48+02:00,A20,R,28.57,1,speedlimit
2026-09-10T02:48+02:00,A16,R,12.63,1,lane_closed
2026-09-10T02:48+02:00,A16,L,22.6,1,lane_closed
2026-09-10T02:48+02:00,A20,R,30.196,4,speedlimit
2026-09-10T02:48+02:00,A16,R,12.63,2,speedlimit
2026-09-10T02:48+02:00,A16,y,20.3,2,lane_closed
2026-09-10T02:48+02:00,A16,y,21.6,3,lane_closed
2026-09-10T02:48+02:00,A15,m,63.682,2,lane_closed
2026-09-10T02:48+02:00,A16,R,15.16,1,lane_closed
2026-09-10T02:48+02:00,A16,R,24.39,3,lane_closed
2026-09-10T02:48+02:00,A16,R,16.6,2,lane_closed
2026-09-10T02:48+02:00,A16,R,17.463,3,lane_closed
2026-09-10T02:48+02:00,A16,L,23.535,3,lane_closed
2026-09-10T02:48+02:00,A20,t,29.6,2,speedlimit
2026-09-10T02:48+02:00,A16,R,24.71,4,lane_closed
2026-09-10T02:48+02:00,A16,L,35.48,1,speedlimit
2026-09-10T02:48+02:00,A16,R,12.49,2,speedlimit
2026-09-10T02:48+02:00,A16,L,17.748,2,lane_closed
2026-09-10T02:48+02:00,A16,y,23.9,3,lane_closed
2026-09-10T02:48+02:00,A15,L,64.67,4,speedlimit
2026-09-10T02:48+02:00,A15,L,71.42,1,lane_closed_ahead
2026-09-10T02:48+02:00,A16,L,36.99,2,speedlimit
2026-09-10T02:48+02:00,A15,L,65.685,1,speedlimit
2026-09-10T02:48+02:00,A16,x,21.0,2,lane_closed
2026-09-10T02:48+02:00,A16,R,22.4,2,lane_closed
2026-09-10T02:48+02:00,A15,L,64.67,1,lane_closed
2026-09-10T02:48+02:00,A13,R,13.235,3,lane_closed_ahead
2026-09-10T02:48+02:00,A16,x,25.2,1,lane_closed
2026-09-10T02:48+02:00,A16,R,13.75,2,speedlimit
2026-09-10T02:48+02:00,A38,L,21.058,1,speedlimit
2026-09-10T02:48+02:00,A20,R,26.93,2,speedlimit
2026-09-10T02:48+02:00,A20,L,30.9,3,speedlimit
2026-09-10T02:48+02:00,A13,L,18.8,3,speedlimit
2026-09-10T02:48+02:00,A16,y,22.6,2,lane_closed
2026-09-10T02:48+02:00,A20,L,37.8,1,speedlimit
2026-09-10T02:48+02:00,A20,R,28.8,1,speedlimit
2026-09-10T02:48+02:00,A16,R,13.19,1,lane_closed
2026-09-10T02:48+02:00,A16,R,15.73,1,lane_closed
2026-09-10T02:48+02:00,A16,d,35.7,2,lane_closed
2026-09-10T02:48+02:00,A15,L,70.95,4,speedlimit
2026-09-10T02:48+02:00,A16,L,35.205,1,speedlimit
2026-09-10T02:48+02:00,A4,L,42.19,3,lane_closed
2026-09-10T02:48+02:00,A15,L,61.39,3,speedlimit
2026-09-10T02:48+02:00,A16,L,29.02,1,lane_closed
2026-09-10T02:48+02:00,A16,y,20.6,2,lane_closed
2026-09-10T02:48+02:00,A16,R,25.2,2,lane_closed
2026-09-10T02:48+02:00,A15,L,60.62,2,speedlimit
2026-09-10T02:48+02:00,A16,r,25.0,1,lane_closed
2026-09-10T02:48+02:00,A16,R,16.6,5,speedlimit
2026-09-10T02:48+02:00,A13,L,18.8,1,speedlimit
2026-09-10T02:48+02:00,A15,L,71.9,1,speedlimit
2026-09-10T02:48+02:00,A4,h,46.4,2,speedlimit
2026-09-10T02:48+02:00,A13,R,16.2,2,lane_closed
2026-09-10T02:48+02:00,A16,L,29.37,3,lane_closed_ahead
2026-09-10T02:48+02:00,A16,R,22.7,2,lane_closed
2026-09-10T02:48+02:00,A16,L,26.05,3,lane_closed
2026-09-10T02:48+02:00,A20,L,31.4,3,speedlimit
2026-09-10T02:48+02:00,A15,L,61.01,2,speedlimit
2026-09-10T02:48+02:00,A15,L,62.43,2,speedlimit
2026-09-10T02:48+02:00,A16,R,22.4,1,lane_closed
2026-09-10T02:48+02:00,A16,R,17.036,3,lane_closed
2026-09-10T02:48+02:00,A16,L,27.6,2,lane_closed
2026-09-10T02:48+02:00,A20,L,30.196,4,speedlimit
2026-09-10T02:48+02:00,A15,L,71.42,2,speedlimit
2026-09-10T02:48+02:00,A20,L,37.3,5,lane_closed
2026-09-10T02:48+02:00,A16,L,24.82,2,lane_closed
2026-09-10T02:48+02:00,A13,R,15.035,4,lane_closed
2026-09-10T02:48+02:00,A16,R,17.759,2,lane_closed
2026-09-10T02:48+02:00,A16,n,34.225,2,lane_closed
2026-09-10T02:48+02:00,A13,R,18.2,2,lane_closed
2026-09-10T02:48+02:00,A15,n,61.78,2,speedlimit
2026-09-10T02:48+02:00,A16,x,18.543,3,speedlimit
2026-09-10T02:48+02:00,A13,L,17.8,1,speedlimit
2026-09-10T02:48+02:00,A16,L,38.73,3,speedlimit
2026-09-10T02:48+02:00,A20,R,29.8,1,speedlimit
2026-09-10T02:48+02:00,A20,R,31.26,2,speedlimit
2026-09-10T02:48+02:00,A20,r,35.245,2,speedlimit
2026-09-10T02:48+02:00,A15,L,61.94,3,speedlimit
2026-09-10T02:48+02:00,A16,R,20.5,1,lane_closed
2026-09-10T02:48+02:00,A16,R,19.862,3,lane_closed
2026-09-10T02:48+02:00,A16,L,21.6,1,lane_closed
2026-09-10T02:48+02:00,A16,L,25.682,1,lane_closed
2026-09-10T02:48+02:00,A16,R,21.9,3,lane_closed
2026-09-10T02:48+02:00,A15,y,62.635,2,speedlimit
2026-09-10T02:48+02:00,A16,R,13.47,2,speedlimit
2026-09-10T02:48+02:00,A20,R,31.26,3,speedlimit
2026-09-10T02:48+02:00,A4,L,41.6,3,lane_closed
2026-09-10T02:48+02:00,A15,L,70.95,2,lane_closed_ahead
2026-09-10T02:48+02:00,A20,R,26.64,3,speedlimit
2026-09-10T02:48+02:00,A20,R,26.64,4,speedlimit
2026-09-10T02:48+02:00,A16,R,24.03,1,lane_closed
2026-09-10T02:48+02:00,A16,y,20.6,3,lane_closed
2026-09-10T02:48+02:00,A20,R,26.4,1,speedlimit
2026-09-10T02:48+02:00,A13,R,17.1,1,lane_closed
2026-09-10T02:48+02:00,A13,R,14.38,1,speedlimit
2026-09-10T02:48+02:00,A16,R,16.3,4,lane_closed
2026-09-10T02:48+02:00,A13,R,13.7,3,lane_closed
2026-09-10T02:48+02:00,A20,R,29.5,3,speedlimit
2026-09-10T02:48+02:00,A16,n,34.335,1,lane_closed
2026-09-10T02:48+02:00,A16,L,24.82,4,lane_closed
2026-09-10T02:48+02:00,A16,R,14.46,1,lane_closed
2026-09-10T02:48+02:00,A16,x,24.905,2,speedlimit
2026-09-10T02:48+02:00,A16,x,20.5,2,lane_closed
2026-09-10T02:48+02:00,A13,L,13.7,4,lane_closed
2026-09-10T02:48+02:00,A15,L,63.56,2,speedlimit
2026-09-10T02:48+02:00,A13,R,14.38,2,speedlimit
2026-09-10T02:48+02:00,A16,R,15.16,2,lane_closed
2026-09-10T02:48+02:00,A16,R,13.89,1,lane_closed
2026-09-10T02:48+02:00,A13,L,14.2,4,lane_closed
2026-09-10T02:48+02:00,A16,R,16.3,5,speedlimit
2026-09-10T02:48+02:00,A16,R,24.39,1,lane_closed
2026-09-10T02:48+02:00,A4,h,46.4,1,speedlimit
2026-09-10T02:48+02:00,A16,L,21.1,2,lane_closed
2026-09-10T02:48+02:00,A16,L,26.99,1,lane_closed
2026-09-10T02:48+02:00,A20,t,29.6,1,speedlimit
2026-09-10T02:48+02:00,A16,r,23.918,4,lane_closed
2026-09-10T02:48+02:00,A16,L,36.99,3,lane_closed
2026-09-10T02:48+02:00,A15,L,65.685,4,speedlimit
2026-09-10T02:48+02:00,A16,L,25.682,3,lane_closed
2026-09-10T02:48+02:00,A16,R,22.7,3,lane_closed
2026-09-10T02:48+02:00,A20,R,29.8,4,speedlimit
2026-09-10T02:48+02:00,A16,r,23.65,1,lane_closed
2026-09-10T02:48+02:00,A20,L,36.94,2,speedlimit
2026-09-10T02:48+02:00,A13,R,18.7,2,lane_closed
2026-09-10T02:48+02:00,A16,R,12.07,1,lane_closed
2026-09-10T02:48+02:00,A16,y,23.535,3,lane_closed
2026-09-10T02:48+02:00,A16,L,20.3,1,lane_closed
2026-09-10T02:48+02:00,A20,R,27.488,1,speedlimit
2026-09-10T02:48+02:00,A15,n,61.39,2,speedlimit
2026-09-10T02:48+02:00,A15,R,62.454,1,speedlimit
2026-09-10T02:48+02:00,A16,R,21.0,2,lane_closed
2026-09-10T02:48+02:00,A16,R,23.2,3,lane_closed
2026-09-10T02:48+02:00,A16,x,24.7,3,speedlimit
2026-09-10T02:48+02:00,A20,R,29.5,2,speedlimit
2026-09-10T02:48+02:00,A20,L,27.2,2,speedlimit
2026-09-10T02:48+02:00,A16,R,16.6,4,lane_closed
2026-09-10T02:48+02:00,A13,R,18.963,1,lane_closed
2026-09-10T02:48+02:00,A15,n,62.25,1,lane_closed
2026-09-10T02:48+02:00,A13,L,17.1,1,speedlimit
2026-09-10T02:48+02:00,A16,x,24.205,2,lane_closed
2026-09-10T02:48+02:00,A15,L,61.39,4,lane_closed
2026-09-10T02:48+02:00,A15,R,61.63,3,speedlimit
2026-09-10T02:48+02:00,A20,L,31.88,3,speedlimit
2026-09-10T02:48+02:00,A16,L,28.74,5,speedlimit
2026-09-10T02:48+02:00,A16,R,24.39,2,lane_closed
2026-09-10T02:48+02:00,A13,L,17.1,4,speedlimit
2026-09-10T02:48+02:00,A4,L,42.775,4,lane_closed
2026-09-10T02:48+02:00,A16,n,33.904,1,lane_closed
2026-09-10T02:48+02:00,A16,r,24.32,1,lane_closed
2026-09-10T02:48+02:00,A13,R,16.655,2,lane_closed
2026-09-10T02:48+02:00,A13,L,15.55,5,lane_closed
2026-09-10T02:48+02:00,A20,u,35.09,3,speedlimit
2026-09-10T02:48+02:00,A16,y,23.075,2,lane_closed
2026-09-10T02:48+02:00,A16,R,11.13,1,speedlimit
2026-09-10T02:48+02:00,A16,n,34.44,1,lane_closed
2026-09-10T02:48+02:00,A16,L,24.03,1,lane_closed
2026-09-10T02:48+02:00,A16,R,13.33,2,speedlimit
2026-09-10T02:48+02:00,A15,L,60.62,3,speedlimit
2026-09-10T02:48+02:00,A16,y,24.3,1,lane_closed
2026-09-10T02:48+02:00,A16,x,21.5,3,lane_closed
2026-09-10T02:48+02:00,A16,y,20.3,3,lane_closed
2026-09-10T02:48+02:00,A16,L,30.2,3,speedlimit
2026-09-10T02:48+02:00,A16,n,33.61,3,lane_closed
2026-09-10T02:48+02:00,A16,n,34.13,2,lane_closed
2026-09-10T02:48+02:00,A16,L,26.99,5,lane_closed
2026-09-10T02:48+02:00,A20,L,32.8,3,speedlimit
2026-09-10T02:48+02:00,A38,p,21.25,3,lane_closed
2026-09-10T02:48+02:00,A15,R,61.63,6,speedlimit
2026-09-10T02:48+02:00,A16,x,25.2,2,lane_closed
2026-09-10T02:48+02:00,A16,L,19.0,2,lane_closed
2026-09-10T02:48+02:00,A16,r,23.65,2,lane_closed
2026-09-10T02:48+02:00,A16,R,18.229,3,lane_closed
2026-09-10T02:48+02:00,A16,R,23.2,4,lane_closed
2026-09-10T02:48+02:00,A16,R,18.229,2,lane_closed
2026-09-10T02:48+02:00,A16,L,29.02,5,speedlimit
2026-09-10T02:48+02:00,A20,R,30.196,1,speedlimit
2026-09-10T02:48+02:00,A15,L,61.94,4,lane_closed
2026-09-10T02:48+02:00,A16,x,18.543,1,lane_closed
2026-09-10T02:48+02:00,A16,x,19.3,1,lane_closed
2026-09-10T02:48+02:00,A20,L,29.826,4,speedlimit
2026-09-10T02:48+02:00,A16,L,30.2,4,speedlimit
2026-09-10T02:48+02:00,A16,L,36.355,1,speedlimit
2026-09-10T02:48+02:00,A15,h,70.04,1,lane_closed
2026-09-10T02:48+02:00,A13,R,15.035,1,speedlimit
2026-09-10T02:48+02:00,A15,L,61.01,4,lane_closed
2026-09-10T02:48+02:00,A16,b,19.862,2,lane_closed
2026-09-10T02:48+02:00,A16,L,22.2,3,lane_closed
2026-09-10T02:48+02:00,A16,L,22.6,2,lane_closed
2026-09-10T02:48+02:00,A16,y,22.2,1,lane_closed
2026-09-10T02:48+02:00,A16,R,14.768,1,lane_closed
2026-09-10T02:48+02:00,A20,s,29.6,1,speedlimit
2026-09-10T02:48+02:00,A20,L,28.57,2,speedlimit
2026-09-10T02:48+02:00,A20,R,30.6,2,speedlimit
2026-09-10T02:48+02:00,A16,L,27.95,2,lane_closed
2026-09-10T02:48+02:00,A16,L,23.075,3,lane_closed
2026-09-10T02:48+02:00,A20,L,37.3,2,speedlimit
2026-09-10T02:48+02:00,A16,R,21.9,1,lane_closed
2026-09-10T02:48+02:00,A15,L,65.25,3,speedlimit
2026-09-10T02:48+02:00,A13,L,17.1,2,speedlimit
2026-09-10T02:48+02:00,A16,L,38.22,3,lane_closed_ahead
2026-09-10T02:48+02:00,A16,R,17.463,5,speedlimit
2026-09-10T02:48+02:00,A16,R,13.33,1,lane_closed
2026-09-10T02:48+02:00,A16,L,18.2,3,lane_closed
2026-09-10T02:48+02:00,A20,L,36.94,5,lane_closed
2026-09-10T02:48+02:00,A16,R,11.7,3,speedlimit
2026-09-10T02:48+02:00,A20,L,28.57,3,speedlimit
2026-09-10T02:48+02:00,A15,L,64.67,3,speedlimit
2026-09-10T02:48+02:00,A20,R,26.4,4,speedlimit
2026-09-10T02:48+02:00,A20,R,30.196,2,speedlimit
2026-09-10T02:48+02:00,A13,R,17.8,3,lane_closed
2026-09-10T02:48+02:00,A16,L,29.37,2,lane_closed
2026-09-10T02:48+02:00,A16,x,20.2,3,lane_closed
2026-09-10T02:48+02:00,A4,L,43.18,3,speedlimit
2026-09-10T02:48+02:00,A16,n,33.354,1,lane_closed
2026-09-10T02:48+02:00,A15,n,95.855,2,speedlimit
2026-09-10T03:49+02:00,A15,R,62.752,1,speedlimit
2026-09-10T03:49+02:00,A16,L,33.125,1,speedlimit
2026-09-10T03:49+02:00,A13,L,16.7,1,speedlimit
2026-09-10T03:49+02:00,A15,L,60.62,4,lane_closed
2026-09-10T03:49+02:00,A16,R,17.036,4,lane_closed
2026-09-10T03:49+02:00,A15,m,63.352,1,speedlimit
2026-09-10T03:49+02:00,A16,R,13.89,2,speedlimit
2026-09-10T03:49+02:00,A16,x,18.9,3,speedlimit
2026-09-10T03:49+02:00,A16,R,11.7,2,speedlimit
2026-09-10T03:49+02:00,A16,R,17.463,4,lane_closed
2026-09-10T03:49+02:00,A16,n,34.44,2,lane_closed
2026-09-10T03:49+02:00,A20,L,30.196,2,speedlimit
2026-09-10T03:49+02:00,A13,R,16.655,1,lane_closed
2026-09-10T03:49+02:00,A15,g,63.241,1,lane_closed
2026-09-10T03:49+02:00,A16,L,17.748,1,lane_closed
2026-09-10T03:49+02:00,A15,L,61.39,1,speedlimit
2026-09-10T03:49+02:00,A16,R,12.35,1,lane_closed
2026-09-10T03:49+02:00,A13,R,17.1,2,lane_closed
2026-09-10T03:49+02:00,A15,R,61.63,4,speedlimit
2026-09-10T03:49+02:00,A16,L,25.232,2,lane_closed
2026-09-10T03:49+02:00,A16,n,33.784,1,lane_closed
2026-09-10T03:49+02:00,A16,L,36.355,2,speedlimit
2026-09-10T03:49+02:00,A15,R,62.752,2,speedlimit
2026-09-10T03:49+02:00,A4,L,42.19,4,lane_closed
2026-09-10T03:49+02:00,A16,x,18.9,1,lane_closed
2026-09-10T03:49+02:00,A16,n,34.6,2,lane_closed
2026-09-10T03:49+02:00,A16,L,21.6,3,lane_closed
2026-09-10T03:49+02:00,A4,L,43.18,2,speedlimit
2026-09-10T03:49+02:00,A15,L,62.768,3,speedlimit
2026-09-10T03:49+02:00,A13,R,18.5,1,lane_closed
2026-09-10T03:49+02:00,A16,R,12.35,2,speedlimit
2026-09-10T03:49+02:00,A16,L,20.6,1,lane_closed
2026-09-10T03:49+02:00,A20,L,29.5,2,speedlimit
2026-09-10T03:49+02:00,A16,R,15.73,2,lane_closed
2026-09-10T03:49+02:00,A16,R,16.3,1,lane_closed
2026-09-10T03:49+02:00,A16,L,19.5,3,lane_closed
2026-09-10T03:49+02:00,A16,R,11.866,1,lane_closed
2026-09-10T03:49+02:00,A13,R,18.5,4,lane_closed
2026-09-10T03:49+02:00,A16,L,35.76,2,speedlimit
2026-09-10T03:49+02:00,A15,L,70.35,4,speedlimit
2026-09-10T03:49+02:00,A13,R,18.2,3,lane_closed
2026-09-10T03:49+02:00,A20,R,28.1,1,speedlimit
2026-09-10T03:49+02:00,A20,R,30.196,3,speedlimit
2026-09-10T03:49+02:00,A16,R,13.61,2,speedlimit
2026-09-10T03:49+02:00,A16,n,33.904,2,lane_closed
2026-09-10T03:49+02:00,A20,L,36.94,1,speedlimit
2026-09-10T03:49+02:00,A16,R,17.463,2,lane_closed
2026-09-10T03:49+02:00,A4,R,2.367,4,lane_closed
2026-09-10T03:49+02:00,A13,R,13.235,1,speedlimit
2026-09-10T03:49+02:00,A16,b,11.392,1,speedlimit
2026-09-10T03:49+02:00,A16,L,38.22,2,speedlimit
2026-09-10T03:49+02:00,A38,R,20.05,1,speedlimit
2026-09-10T03:49+02:00,A15,n,95.855,3,speedlimit
2026-09-10T03:49+02:00,A16,L,28.74,4,speedlimit
2026-09-10T03:49+02:00,A13,R,17.8,2,lane_closed
2026-09-10T03:49+02:00,A20,L,36.625,5,lane_closed
2026-09-10T03:49+02:00,A15,L,62.43,4,lane_closed
2026-09-10T03:49+02:00,A16,L,35.205,4,lane_closed
2026-09-10T03:49+02:00,A20,s,29.6,2,speedlimit
2026-09-10T03:49+02:00,A15,L,65.25,2,speedlimit
2026-09-10T03:49+02:00,A16,L,22.2,1,lane_closed
2026-09-10T03:49+02:00,A15,L,65.685,3,speedlimit
2026-09-10T03:49+02:00,A16,L,27.95,1,lane_closed
2026-09-10T03:49+02:00,A16,R,14.03,2,speedlimit
2026-09-10T03:49+02:00,A15,g,62.75,1,lane_closed
2026-09-10T03:49+02:00,A16,L,21.1,1,lane_closed
2026-09-10T03:49+02:00,A16,L,25.232,4,lane_closed
2026-09-10T03:49+02:00,A16,R,14.03,1,lane_closed
2026-09-10T03:49+02:00,A20,R,26.93,4,speedlimit
2026-09-10T03:49+02:00,A16,L,29.02,2,lane_closed
2026-09-10T03:49+02:00,A20,R,28.57,3,speedlimit
2026-09-10T03:49+02:00,A15,L,70.95,3,speedlimit
2026-09-10T03:49+02:00,A16,L,36.355,3,lane_closed
2026-09-10T03:49+02:00,A16,x,18.229,1,lane_closed
2026-09-10T03:49+02:00,A16,R,12.77,1,lane_closed
2026-09-10T03:49+02:00,A20,L,36.625,2,speedlimit
2026-09-10T03:49+02:00,A13,R,14.38,3,lane_closed
2026-09-10T03:49+02:00,A4,L,2.447,4,lane_closed
2026-09-10T03:49+02:00,A13,L,18.8,2,speedlimit
2026-09-10T03:49+02:00,A15,R,62.454,3,speedlimit
2026-09-10T03:49+02:00,A20,R,27.235,1,speedlimit
2026-09-10T03:49+02:00,A15,L,62.768,4,lane_closed_ahead
2026-09-10T03:49+02:00,A20,L,28.41,2,speedlimit
2026-09-10T03:49+02:00,A20,R,27.79,2,speedlimit
2026-09-10T03:49+02:00,A13,R,18.5,3,lane_closed
2026-09-10T03:49+02:00,A20,R,28.57,4,speedlimit
2026-09-10T03:49+02:00,A20,R,31.26,4,speedlimit
2026-09-10T03:49+02:00,A20,L,29.826,2,speedlimit
2026-09-10T03:49+02:00,A16,n,33.61,1,lane_closed
2026-09-10T03:49+02:00,A20,L,28.57,1,speedlimit
2026-09-10T03:49+02:00,A4,n,43.673,1,speedlimit
2026-09-10T03:49+02:00,A16,L,27.95,3,lane_closed
2026-09-10T03:49+02:00,A16,n,33.354,2,lane_closed
2026-09-10T03:49+02:00,A16,L,38.22,1,speedlimit
2026-09-10T03:49+02:00,A20,R,29.5,4,speedlimit
2026-09-10T03:49+02:00,A15,L,62.768,1,speedlimit
2026-09-10T03:49+02:00,A16,R,16.3,3,lane_closed
2026-09-10T03:49+02:00,A16,L,20.3,3,lane_closed
2026-09-10T03:49+02:00,A16,L,34.6,1,speedlimit
2026-09-10T03:49+02:00,A16,x,21.9,2,lane_closed
2026-09-10T03:49+02:00,A20,R,28.1,2,speedlimit
2026-09-10T03:49+02:00,A20,R,26.64,1,speedlimit
2026-09-10T03:49+02:00,A15,g,63.761,2,lane_closed
2026-09-10T03:49+02:00,A15,L,64.2,2,speedlimit
2026-09-10T03:49+02:00,A4,L,41.6,4,lane_closed
2026-09-10T03:49+02:00,A16,x,17.813,1,lane_closed
2026-09-10T03:49+02:00,A16,L,24.82,3,lane_closed
2026-09-10T03:49+02:00,A20,L,32.8,2,speedlimit
2026-09-10T03:49+02:00,A16,L,30.73,4,speedlimit
2026-09-10T03:49+02:00,A16,L,26.05,1,lane_closed
2026-09-10T03:49+02:00,A15,L,65.25,4,speedlimit
2026-09-10T03:49+02:00,A16,L,21.6,2,lane_closed
2026-09-10T03:49+02:00,A13,L,17.1,3,speedlimit
2026-09-10T03:49+02:00,A16,R,12.49,1,lane_closed
2026-09-10T03:49+02:00,A15,L,70.35,2,lane_closed
2026-09-10T03:49+02:00,A16,L,25.232,1,lane_closed
2026-09-10T03:49+02:00,A16,b,19.862,1,lane_closed
2026-09-10T03:49+02:00,A20,L,37.3,3,speedlimit
2026-09-10T03:49+02:00,A20,L,36.625,1,speedlimit
2026-09-10T03:49+02:00,A15,R,62.454,2,speedlimit
2026-09-10T03:49+02:00,A16,L,35.76,1,speedlimit
2026-09-10T03:49+02:00,A15,m,62.998,3,speedlimit
2026-09-10T03:49+02:00,A16,y,23.9,1,lane_closed
2026-09-10T03:49+02:00,A20,L,27.488,1,speedlimit
2026-09-10T03:49+02:00,A16,n,34.018,1,lane_closed
2026-09-10T03:49+02:00,A16,L,33.354,2,speedlimit
2026-09-10T03:49+02:00,A20,L,27.2,1,speedlimit
2026-09-10T03:49+02:00,A4,h,46.06,2,speedlimit
2026-09-10T03:49+02:00,A15,L,62.43,1,speedlimit
2026-09-10T03:49+02:00,A20,L,27.8,2,speedlimit
2026-09-10T03:49+02:00,A16,n,33.61,2,lane_closed
2026-09-10T03:49+02:00,A15,L,70.655,3,speedlimit
2026-09-10T03:49+02:00,A16,L,33.125,4,lane_closed
2026-09-10T03:49+02:00,A15,L,71.42,4,speedlimit
2026-09-10T03:49+02:00,A16,L,20.6,2,lane_closed
2026-09-10T03:49+02:00,A16,L,23.535,1,lane_closed
2026-09-10T03:49+02:00,A16,R,13.05,2,speedlimit
2026-09-10T03:49+02:00,A13,L,18.2,3,speedlimit
2026-09-10T03:49+02:00,A16,R,12.07,2,speedlimit
2026-09-10T03:49+02:00,A16,L,31.425,4,speedlimit
2026-09-10T03:49+02:00,A16,R,11.392,1,lane_closed_ahead
2026-09-10T03:49+02:00,A16,L,22.2,2,lane_closed
2026-09-10T03:49+02:00,A16,L,19.0,3,lane_closed
2026-09-10T03:49+02:00,A16,L,35.205,2,speedlimit
2026-09-10T03:49+02:00,A16,L,24.82,1,lane_closed
2026-09-10T03:49+02:00,A16,R,13.61,1,lane_closed
2026-09-10T03:49+02:00,A20,L,31.88,1,speedlimit
2026-09-10T03:49+02:00,A16,R,11.392,2,speedlimit
2026-09-10T03:49+02:00,A16,L,29.37,4,speedlimit
2026-09-10T03:49+02:00,A16,d,35.7,1,lane_closed
2026-09-10T03:49+02:00,A13,L,16.7,2,speedlimit
2026-09-10T03:49+02:00,A20,L,30.9,2,speedlimit
2026-09-10T03:49+02:00,A16,n,34.225,1,lane_closed
2026-09-10T03:49+02:00,A15,L,70.655,2,lane_closed
2026-09-10T03:49+02:00,A20,L,36.625,3,speedlimit
2026-09-10T03:49+02:00,A20,L,28.085,1,speedlimit
2026-09-10T03:49+02:00,A16,x,18.229,2,speedlimit
2026-09-10T03:49+02:00,A15,L,71.9,2,speedlimit
2026-09-10T03:49+02:00,A15,h,70.04,2,lane_closed
2026-09-10T03:49+02:00,A16,L,26.05,2,lane_closed
2026-09-10T03:49+02:00,A13,R,13.7,1,speedlimit
2026-09-10T03:49+02:00,A16,L,33.354,1,speedlimit
2026-09-10T03:49+02:00,A16,L,18.2,2,lane_closed
2026-09-10T03:49+02:00,A20,R,30.6,1,speedlimit
2026-09-10T03:49+02:00,A13,R,17.1,3,lane_closed
2026-09-10T03:49+02:00,A15,R,62.752,4,speedlimit
2026-09-10T03:49+02:00,A16,L,38.73,1,speedlimit
2026-09-10T03:49+02:00,A20,R,26.93,3,speedlimit
2026-09-10T03:49+02:00,A15,R,62.062,2,speedlimit
2026-09-10T03:49+02:00,A16,R,17.463,1,lane_closed
2026-09-10T03:49+02:00,A20,L,31.4,1,speedlimit
2026-09-10T03:49+02:00,A16,L,30.2,1,lane_closed
2026-09-10T03:49+02:00,A16,R,17.036,5,speedlimit
2026-09-10T03:49+02:00,A16,R,18.924,1,lane_closed
2026-09-10T03:49+02:00,A4,L,42.775,2,speedlimit
2026-09-10T03:49+02:00,A15,g,63.761,1,lane_closed
2026-09-10T03:49+02:00,A16,L,36.07,2,speedlimit
2026-09-10T03:49+02:00,A15,L,70.35,1,lane_closed
2026-09-10T03:49+02:00,A20,L,31.1,2,speedlimit
2026-09-10T03:49+02:00,A16,L,26.05,4,lane_closed
2026-09-10T03:49+02:00,A13,g,18.7,2,lane_closed
2026-09-10T03:49+02:00,A15,L,65.685,2,speedlimit
2026-09-10T03:49+02:00,A15,L,61.01,3,speedlimit
2026-09-10T03:49+02:00,A16,L,27.6,3,lane_closed
2026-09-10T03:49+02:00,A20,L,31.4,2,speedlimit
2026-09-10T03:49+02:00,A16,L,26.48,2,lane_closed
2026-09-10T03:49+02:00,A16,L,18.2,1,lane_closed
2026-09-10T03:49+02:00,A15,R,61.63,1,speedlimit
2026-09-10T03:49+02:00,A20,L,37.3,4,lane_closed_ahead
2026-09-10T03:49+02:00,A38,L,21.058,3,lane_closed
2026-09-10T03:49+02:00,A15,L,71.42,3,speedlimit
2026-09-10T03:49+02:00,A4,n,43.673,2,speedlimit
2026-09-10T03:49+02:00,A15,L,62.43,3,speedlimit
2026-09-10T03:49+02:00,A13,L,15.9,3,lane_closed
2026-09-10T03:49+02:00,A13,R,12.7,2,speedlimit
2026-09-10T03:49+02:00,A16,L,30.2,2,lane_closed_ahead
2026-09-10T03:49+02:00,A16,x,21.5,2,speedlimit
2026-09-10T03:49+02:00,A16,x,24.905,3,speedlimit
2026-09-10T03:49+02:00,A38,p,21.25,1,lane_closed
2026-09-10T03:49+02:00,A13,R,16.2,1,lane_closed
2026-09-10T03:49+02:00,A20,L,37.8,2,speedlimit
2026-09-10T03:49+02:00,A15,L,70.35,3,speedlimit
2026-09-10T03:49+02:00,A15,L,71.9,3,speedlimit
2026-09-10T03:49+02:00,A15,L,70.655,1,lane_closed
2026-09-10T03:49+02:00,A13,R,12.7,1,speedlimit
2026-09-10T03:49+02:00,A13,R,18.5,2,lane_closed
2026-09-10T03:49+02:00,A16,L,36.07,1,speedlimit
2026-09-10T03:49+02:00,A16,L,21.1,3,lane_closed
2026-09-10T03:49+02:00,A20,L,36.94,3,speedlimit
2026-09-10T03:49+02:00,A20,L,30.196,1,speedlimit
2026-09-10T03:49+02:00,A15,g,63.241,2,lane_closed
2026-09-10T03:49+02:00,A13,R,12.7,3,speedlimit
2026-09-10T03:49+02:00,A20,R,27.79,1,speedlimit
2026-09-10T03:49+02:00,A20,r,35.245,1,speedlimit
2026-09-10T03:49+02:00,A16,R,11.13,2,speedlimit
2026-09-10T03:49+02:00,A16,R,14.46,2,lane_closed_ahead
2026-09-10T03:49+02:00,A20,L,29.826,1,speedlimit
2026-09-10T03:49+02:00,A16,L,27.6,1,lane_closed
2026-09-10T03:49+02:00,A16,L,31.425,2,speedlimit
2026-09-10T03:49+02:00,A16,x,21.9,1,lane_closed
2026-09-10T03:49+02:00,A16,R,12.91,1,lane_closed
2026-09-10T03:49+02:00,A15,R,62.752,3,speedlimit
2026-09-10T03:49+02:00,A16,x,24.905,1,speedlimit
2026-09-10T03:49+02:00,A20,u,36.23,2,lane_closed
2026-09-10T03:49+02:00,A20,R,28.41,2,speedlimit
2026-09-10T03:49+02:00,A16,x,21.5,1,speedlimit
2026-09-10T03:49+02:00,A4,L,42.775,3,lane_closed_ahead
2026-09-10T03:49+02:00,A16,L,25.682,4,lane_closed
2026-09-10T03:49+02:00,A16,n,34.13,1,lane_closed
2026-09-10T03:49+02:00,A15,R,62.062,1,speedlimit
2026-09-10T03:49+02:00,A16,L,23.535,2,lane_closed
2026-09-10T03:49+02:00,A16,R,12.91,2,speedlimit
2026-09-10T03:49+02:00,A20,R,29.1,1,speedlimit
2026-09-10T03:49+02:00,A15,L,60.62,1,speedlimit
2026-09-10T03:49+02:00,A16,L,31.425,1,speedlimit
2026-09-10T03:49+02:00,A13,R,17.8,1,lane_closed
2026-09-10T03:49+02:00,A20,R,28.41,1,speedlimit
2026-09-10T03:49+02:00,A16,L,26.48,3,lane_closed
2026-09-10T03:49+02:00,A20,R,31.9,2,speedlimit
2026-09-10T03:49+02:00,A13,R,13.235,2,speedlimit
2026-09-10T03:49+02:00,A16,L,19.5,1,lane_closed
2026-09-10T03:49+02:00,A16,L,28.74,3,lane_closed
2026-09-10T03:49+02:00,A16,L,35.48,2,speedlimit
2026-09-10T03:49+02:00,A15,R,61.63,5,speedlimit
2026-09-10T03:49+02:00,A20,L,31.1,3,speedlimit
2026-09-10T03:49+02:00,A38,w,20.55,1,lane_closed_ahead
2026-09-10T03:49+02:00,A16,R,13.05,1,lane_closed
2026-09-10T03:49+02:00,A15,R,62.454,5,lane_closed
2026-09-10T03:49+02:00,A16,y,23.9,2,lane_closed
2026-09-10T03:49+02:00,A16,L,29.02,3,lane_closed
2026-09-10T03:49+02:00,A20,R,27.488,2,speedlimit
2026-09-10T03:49+02:00,A20,t,28.895,1,speedlimit
2026-09-10T03:49+02:00,A16,L,37.6,3,lane_closed
2026-09-10T03:49+02:00,A20,L,32.8,1,speedlimit
2026-09-10T03:49+02:00,A16,x,24.7,1,speedlimit
2026-09-10T03:49+02:00,A16,L,17.748,3,lane_closed
2026-09-10T03:49+02:00,A20,R,28.8,2,speedlimit
2026-09-10T03:49+02:00,A16,x,19.3,2,lane_closed
2026-09-10T03:49+02:00,A16,L,26.99,3,lane_closed
2026-09-10T03:49+02:00,A16,L,24.03,2,lane_closed
2026-09-10T03:49+02:00,A16,R,16.3,2,lane_closed
2026-09-10T03:49+02:00,A16,R,14.768,2,lane_closed
2026-09-10T03:49+02:00,A16,R,13.75,1,lane_closed
2026-09-10T03:49+02:00,A16,R,14.17,2,speedlimit
2026-09-10T03:49+02:00,A20,L,31.1,1,speedlimit
2026-09-10T03:49+02:00,A15,m,63.352,2,lane_closed_ahead
2026-09-10T03:49+02:00,A16,x,24.7,2,speedlimit
2026-09-10T03:49+02:00,A13,L,16.19,3,lane_closed
2026-09-10T03:49+02:00,A13,L,15.035,5,lane_closed
2026-09-10T03:49+02:00,A15,L,61.94,2,speedlimit
2026-09-10T03:49+02:00,A20,L,27.8,1,speedlimit
2026-09-10T03:49+02:00,A16,R,13.47,1,lane_closed
2026-09-10T03:49+02:00,A16,L,22.6,3,lane_closed
2026-09-10T03:49+02:00,A20,R,29.1,2,speedlimit
2026-09-10T03:49+02:00,A16,L,31.425,5,speedlimit
2026-09-10T03:49+02:00,A15,m,63.682,1,speedlimit
2026-09-10T03:49+02:00,A13,g,18.7,1,lane_closed
2026-09-10T03:49+02:00,A20,u,36.23,1,lane_closed
2026-09-10T03:49+02:00,A15,m,62.998,2,speedlimit
2026-09-10T03:49+02:00,A20,R,28.57,2,speedlimit
2026-09-10T03:49+02:00,A20,R,26.64,2,speedlimit
2026-09-10T03:49+02:00,A4,L,41.6,1,speedlimit
2026-09-10T03:49+02:00,A15,L,64.2,3,speedlimit
2026-09-10T03:49+02:00,A20,L,29.1,1,speedlimit
2026-09-10T03:49+02:00,A16,L,23.075,2,lane_closed
2026-09-10T03:49+02:00,A16,L,37.6,2,speedlimit
2026-09-10T03:49+02:00,A13,L,18.2,1,speedlimit
2026-09-10T03:49+02:00,A16,L,20.6,3,lane_closed
2026-09-10T03:49+02:00,A16,L,25.682,2,lane_closed
2026-09-10T03:49+02:00,A16,L,28.74,1,lane_closed
2026-09-10T03:49+02:00,A16,L,29.37,5,speedlimit
2026-09-10T03:49+02:00,A15,L,64.67,2,speedlimit
2026-09-10T03:49+02:00,A13,L,12.7,4,lane_closed
2026-09-10T03:49+02:00,A16,L,26.99,4,lane_closed
2026-09-10T03:49+02:00,A20,L,31.88,2,speedlimit
2026-09-10T03:49+02:00,A16,R,14.17,1,lane_closed
2026-09-10T03:49+02:00,A16,L,34.6,2,speedlimit
2026-09-10T03:49+02:00,A15,R,62.454,4,speedlimit
2026-09-10T03:49+02:00,A16,L,28.74,2,lane_closed
2026-09-10T03:49+02:00,A20,L,28.085,2,speedlimit
2026-09-10T03:49+02:00,A38,p,21.25,2,lane_closed
2026-09-10T03:49+02:00,A15,R,62.062,3,speedlimit
2026-09-10T03:49+02:00,A16,R,17.036,1,lane_closed
2026-09-10T03:49+02:00,A20,R,30.6,3,speedlimit
2026-09-10T03:49+02:00,A15,R,62.062,4,speedlimit
2026-09-10T03:49+02:00,A16,L,25.232,3,lane_closed
2026-09-10T03:49+02:00,A16,R,11.7,1,lane_closed
2026-09-10T03:49+02:00,A20,R,29.8,2,speedlimit
2026-09-10T03:49+02:00,A13,R,15.035,2,speedlimit
2026-09-10T03:49+02:00,A16,L,29.02,4,speedlimit
2026-09-10T03:49+02:00,A15,L,64.2,1,lane_closed
2026-09-10T03:49+02:00,A20,R,27.235,2,speedlimit
2026-09-10T03:49+02:00,A4,L,43.18,1,speedlimit
2026-09-10T03:49+02:00,A16,L,26.48,4,lane_closed
2026-09-10T03:49+02:00,A20,L,37.3,1,speedlimit
2026-09-10T03:49+02:00,A13,R,13.7,2,speedlimit
2026-09-10T03:49+02:00,A13,R,18.2,1,lane_closed
2026-09-10T03:49+02:00,A16,R,13.19,2,speedlimit
2026-09-10T03:49+02:00,A16,L,30.73,1,lane_closed_ahead
2026-09-10T03:49+02:00,A15,L,65.25,1,lane_closed_ahead
2026-09-10T03:49+02:00,A16,L,36.99,1,speedlimit
2026-09-10T03:49+02:00,A15,e,95.55,1,speedlimit
2026-09-10T03:49+02:00,A13,e,19.1,1,lane_closed
2026-09-10T03:49+02:00,A16,L,33.125,2,speedlimit
2026-09-10T03:49+02:00,A16,n,34.335,2,lane_closed
2026-09-10T03:49+02:00,A38,R,20.05,2,speedlimit
2026-09-10T03:49+02:00,A16,L,30.73,2,speedlimit
2026-09-10T03:49+02:00,A13,L,17.8,3,speedlimit
2026-09-10T03:49+02:00,A4,L,41.6,2,speedlimit
2026-09-10T03:49+02:00,A16,L,35.48,3,lane_closed
2026-09-10T03:49+02:00,A16,L,29.37,1,lane_closed
2026-09-10T03:49+02:00,A16,R,11.866,2,speedlimit
2026-09-10T03:49+02:00,A20,R,31.26,1,speedlimit
2026-09-10T03:49+02:00,A16,x,18.543,2,lane_closed_ahead
2026-09-10T03:49+02:00,A20,u,35.09,1,lane_closed
2026-09-10T03:49+02:00,A16,x,17.813,2,speedlimit
2026-09-10T03:49+02:00,A16,y,24.3,2,lane_closed
2026-09-10T03:49+02:00,A4,L,42.775,1,speedlimit
2026-09-10T03:49+02:00,A16,L,31.425,3,speedlimit
2026-09-10T03:49+02:00,A20,L,36.625,4,lane_closed
2026-09-10T03:49+02:00,A16,R,12.21,2,speedlimit
2026-09-10T03:49+02:00,A15,L,70.95,1,lane_closed
2026-09-10T03:49+02:00,A20,L,29.826,3,speedlimit
2026-09-10T03:49+02:00,A20,L,37.8,3,speedlimit
2026-09-10T03:49+02:00,A4,L,42.19,2,speedlimit
2026-09-10T03:49+02:00,A16,L,35.76,3,lane_closed
2026-09-10T03:49+02:00,A4,h,45.58,3,lane_closed
2026-09-10T03:49+02:00,A16,x,18.9,4,speedlimit
2026-09-10T03:49+02:00,A20,L,29.5,1,speedlimit
2026-09-10T03:49+02:00,A20,R,28.8,3,speedlimit
2026-09-10T03:49+02:00,A20,R,29.5,1,speedlimit
2026-09-10T03:49+02:00,A38,p,20.55,1,lane_closed
2026-09-10T03:49+02:00,A13,R,15.55,4,lane_closed
2026-09-10T03:49+02:00,A16,R,17.759,1,lane_closed
2026-09-10T03:49+02:00,A16,L,23.075,1,lane_closed
2026-09-10T03:49+02:00,A13,R,15.55,1,speedlimit
2026-09-10T03:49+02:00,A13,L,11.25,4,lane_closed
2026-09-10T03:49+02:00,A20,L,30.9,1,speedlimit
2026-09-10T03:49+02:00,A13,R,15.55,3,lane_closed
2026-09-10T03:49+02:00,A20,u,35.09,2,lane_closed
2026-09-10T03:49+02:00,A4,L,43.18,4,lane_closed_ahead
2026-09-10T03:49+02:00,A16,L,38.73,2,speedlimit
2026-09-10T03:49+02:00,A16,R,16.6,3,lane_closed
2026-09-10T03:49+02:00,A13,R,18.2,4,lane_closed
2026-09-10T03:49+02:00,A16,L,33.125,3,lane_closed
2026-09-10T03:49+02:00,A38,p,20.55,2,lane_closed
2026-09-10T03:49+02:00,A16,L,36.07,3,lane_closed
2026-09-10T03:49+02:00,A15,L,61.01,1,speedlimit
2026-09-10T03:49+02:00,A13,R,18.7,1,lane_closed
2026-09-10T03:49+02:00,A15,L,64.67,5,speedlimit
2026-09-10T03:49+02:00,A13,R,15.035,3,lane_closed
2026-09-10T03:49+02:00,A15,n,95.855,1,speedlimit
2026-09-10T03:49+02:00,A16,L,35.48,5,lane_closed
2026-09-10T03:49+02:00,A16,n,34.6,1,lane_closed
2026-09-10T03:49+02:00,A16,L,35.205,3,lane_closed
2026-09-10T03:49+02:00,A20,c,27.488,1,speedlimit
2026-09-10T03:49+02:00,A20,R,31.9,3,speedlimit
2026-09-10T03:49+02:00,A16,L,19.0,1,lane_closed
2026-09-10T03:49+02:00,A16,x,18.9,2,lane_closed
2026-09-10T03:49+02:00,A13,R,16.655,3,lane_closed
2026-09-10T03:49+02:00,A16,L,26.99,2,lane_closed
2026-09-10T03:49+02:00,A16,R,18.229,1,lane_closed
2026-09-10T03:49+02:00,A20,L,29.1,2,speedlimit
2026-09-10T03:49+02:00,A16,L,20.3,2,lane_closed
2026-09-10T03:49+02:00,A15,L,63.56,1,lane_closed
2026-09-10T03:49+02:00,A20,R,29.8,3,speedlimit
2026-09-10T03:49+02:00,A13,L,18.2,2,speedlimit
2026-09-10T03:49+02:00,A20,R,26.4,3,speedlimit
2026-09-10T03:49+02:00,A38,L,21.058,2,speedlimit
2026-09-10T03:49+02:00,A20,u,35.71,2,lane_closed
2026-09-10T03:49+02:00,A16,R,16.6,1,lane_closed
2026-09-10T03:49+02:00,A20,R,26.93,1,speedlimit
2026-09-10T03:49+02:00,A16,L,35.48,4,lane_closed
2026-09-10T03:49+02:00,A16,R,17.759,3,lane_closed
2026-09-10T03:49+02:00,A15,R,61.63,2,speedlimit
2026-09-10T03:49+02:00,A16,n,33.784,2,lane_closed
2026-09-10T03:49+02:00,A16,L,30.73,3,speedlimit
2026-09-10T03:49+02:00,A15,L,61.39,2,speedlimit
2026-09-10T03:49+02:00,A20,R,26.4,2,speedlimit
2026-09-10T03:49+02:00,A15,L,62.768,2,speedlimit
2026-09-10T03:49+02:00,A16,n,34.018,2,lane_closed
2026-09-10T03:49+02:00,A15,L,63.56,3,speedlimit
2026-09-10T03:49+02:00,A20,L,27.488,2,speedlimit
2026-09-10T03:49+02:00,A20,L,30.196,3,speedlimit
2026-09-10T03:49+02:00,A4,h,46.06,1,speedlimit
2026-09-10T03:49+02:00,A4,L,42.19,1,speedlimit
2026-09-10T03:49+02:00,A15,L,61.94,1,speedlimit
2026-09-10T03:49+02:00,A20,L,28.41,1,speedlimit
2026-09-10T03:49+02:00,A16,L,37.6,1,speedlimit
2026-09-10T03:49+02:00,A13,L,13.18,4,lane_closed
2026-09-10T03:49+02:00,A16,R,12.77,2,speedlimit
2026-09-10T03:49+02:00,A16,R,12.21,1,lane_closed
2026-09-10T03:49+02:00,A13,L,17.8,2,speedlimit
2026-09-10T03:49+02:00,A16,R,17.036,2,lane_closed
2026-09-10T03:49+02:00,A15,m,62.998,1,speedlimit
2026-09-10T03:49+02:00,A16,L,19.5,2,lane_closed
2026-09-10T03:49+02:00,A16,L,26.48,1,lane_closed
2026-09-10T03:49+02:00,A20,R,28.57,1,speedlimit
2026-09-10T03:49+02:00,A16,R,12.63,1,lane_closed
2026-09-10T03:49+02:00,A16,L,22.6,1,lane_closed
2026-09-10T03:49+02:00,A20,R,30.196,4,speedlimit
2026-09-10T03:49+02:00,A16,R,12.63,2,speedlimit
2026-09-10T03:49+02:00,A15,m,63.682,2,lane_closed
2026-09-10T03:49+02:00,A16,R,15.16,1,lane_closed
2026-09-10T03:49+02:00,A16,R,16.6,2,lane_closed
2026-09-10T03:49+02:00,A16,R,17.463,3,lane_closed
2026-09-10T03:49+02:00,A16,L,23.535,3,lane_closed
2026-09-10T03:49+02:00,A20,t,29.6,2,speedlimit
2026-09-10T03:49+02:00,A16,L,35.48,1,speedlimit
2026-09-10T03:49+02:00,A16,R,12.49,2,speedlimit
2026-09-10T03:49+02:00,A16,L,17.748,2,lane_closed
2026-09-10T03:49+02:00,A16,y,23.9,3,lane_closed
2026-09-10T03:49+02:00,A15,L,64.67,4,speedlimit
2026-09-10T03:49+02:00,A15,L,71.42,1,lane_closed_ahead
2026-09-10T03:49+02:00,A16,L,36.99,2,speedlimit
2026-09-10T03:49+02:00,A15,L,65.685,1,speedlimit
2026-09-10T03:49+02:00,A15,L,64.67,1,lane_closed
2026-09-10T03:49+02:00,A13,R,13.235,3,lane_closed_ahead
2026-09-10T03:49+02:00,A16,R,13.75,2,speedlimit
2026-09-10T03:49+02:00,A38,L,21.058,1,speedlimit
2026-09-10T03:49+02:00,A20,R,26.93,2,speedlimit
2026-09-10T03:49+02:00,A20,L,30.9,3,speedlimit
2026-09-10T03:49+02:00,A13,L,18.8,3,speedlimit
2026-09-10T03:49+02:00,A20,L,37.8,1,speedlimit
2026-09-10T03:49+02:00,A20,R,28.8,1,speedlimit
2026-09-10T03:49+02:00,A16,R,13.19,1,lane_closed
2026-09-10T03:49+02:00,A16,R,15.73,1,lane_closed
2026-09-10T03:49+02:00,A16,d,35.7,2,lane_closed
2026-09-10T03:49+02:00,A15,L,70.95,4,speedlimit
2026-09-10T03:49+02:00,A16,L,35.205,1,speedlimit
2026-09-10T03:49+02:00,A4,L,42.19,3,lane_closed
2026-09-10T03:49+02:00,A15,L,61.39,3,speedlimit
2026-09-10T03:49+02:00,A16,L,29.02,1,lane_closed
2026-09-10T03:49+02:00,A15,L,60.62,2,speedlimit
2026-09-10T03:49+02:00,A16,r,25.0,1,speedlimit
2026-09-10T03:49+02:00,A16,R,16.6,5,speedlimit
2026-09-10T03:49+02:00,A13,L,18.8,1,speedlimit
2026-09-10T03:49+02:00,A15,L,71.9,1,speedlimit
2026-09-10T03:49+02:00,A4,h,46.4,2,speedlimit
2026-09-10T03:49+02:00,A13,R,16.2,2,lane_closed
2026-09-10T03:49+02:00,A16,L,29.37,3,lane_closed_ahead
2026-09-10T03:49+02:00,A16,L,26.05,3,lane_closed
2026-09-10T03:49+02:00,A20,L,31.4,3,speedlimit
2026-09-10T03:49+02:00,A15,L,61.01,2,speedlimit
2026-09-10T03:49+02:00,A15,L,62.43,2,speedlimit
2026-09-10T03:49+02:00,A16,R,17.036,3,lane_closed
2026-09-10T03:49+02:00,A16,L,27.6,2,lane_closed
2026-09-10T03:49+02:00,A20,L,30.196,4,speedlimit
2026-09-10T03:49+02:00,A15,L,71.42,2,speedlimit
2026-09-10T03:49+02:00,A20,L,37.3,5,lane_closed
2026-09-10T03:49+02:00,A16,L,24.82,2,lane_closed
2026-09-10T03:49+02:00,A13,R,15.035,4,lane_closed
2026-09-10T03:49+02:00,A16,R,17.759,2,lane_closed
2026-09-10T03:49+02:00,A16,n,34.225,2,lane_closed
2026-09-10T03:49+02:00,A13,R,18.2,2,lane_closed
2026-09-10T03:49+02:00,A16,x,18.543,3,speedlimit
2026-09-10T03:49+02:00,A13,L,17.8,1,speedlimit
2026-09-10T03:49+02:00,A16,L,38.73,3,speedlimit
2026-09-10T03:49+02:00,A20,R,29.8,1,speedlimit
2026-09-10T03:49+02:00,A20,R,31.26,2,speedlimit
2026-09-10T03:49+02:00,A20,r,35.245,2,speedlimit
2026-09-10T03:49+02:00,A15,L,61.94,3,speedlimit
2026-09-10T03:49+02:00,A16,L,21.6,1,lane_closed
2026-09-10T03:49+02:00,A16,L,25.682,1,lane_closed
2026-09-10T03:49+02:00,A16,R,13.47,2,speedlimit
2026-09-10T03:49+02:00,A20,R,31.26,3,speedlimit
2026-09-10T03:49+02:00,A4,L,41.6,3,lane_closed
2026-09-10T03:49+02:00,A15,L,70.95,2,lane_closed_ahead
2026-09-10T03:49+02:00,A20,R,26.64,3,speedlimit
2026-09-10T03:49+02:00,A20,R,26.64,4,speedlimit
2026-09-10T03:49+02:00,A20,R,26.4,1,speedlimit
2026-09-10T03:49+02:00,A13,R,17.1,1,lane_closed
2026-09-10T03:49+02:00,A13,R,14.38,1,speedlimit
2026-09-10T03:49+02:00,A16,R,16.3,4,lane_closed
2026-09-10T03:49+02:00,A13,R,13.7,3,lane_closed
2026-09-10T03:49+02:00,A20,R,29.5,3,speedlimit
2026-09-10T03:49+02:00,A16,n,34.335,1,lane_closed
2026-09-10T03:49+02:00,A16,L,24.82,4,lane_closed
2026-09-10T03:49+02:00,A16,R,14.46,1,lane_closed
2026-09-10T03:49+02:00,A16,x,24.905,2,speedlimit
2026-09-10T03:49+02:00,A13,L,13.7,4,lane_closed
2026-09-10T03:49+02:00,A15,L,63.56,2,speedlimit
2026-09-10T03:49+02:00,A13,R,14.38,2,speedlimit
2026-09-10T03:49+02:00,A16,R,15.16,2,lane_closed
2026-09-10T03:49+02:00,A16,R,13.89,1,lane_closed
2026-09-10T03:49+02:00,A13,L,14.2,4,lane_closed
2026-09-10T03:49+02:00,A16,R,16.3,5,speedlimit
2026-09-10T03:49+02:00,A4,h,46.4,1,speedlimit
2026-09-10T03:49+02:00,A16,L,21.1,2,lane_closed
2026-09-10T03:49+02:00,A16,L,26.99,1,lane_closed
2026-09-10T03:49+02:00,A20,t,29.6,1,speedlimit
2026-09-10T03:49+02:00,A16,L,36.99,3,lane_closed
2026-09-10T03:49+02:00,A15,L,65.685,4,speedlimit
2026-09-10T03:49+02:00,A16,L,25.682,3,lane_closed
2026-09-10T03:49+02:00,A20,R,29.8,4,speedlimit
2026-09-10T03:49+02:00,A20,L,36.94,2,speedlimit
2026-09-10T03:49+02:00,A13,R,18.7,2,lane_closed
2026-09-10T03:49+02:00,A16,R,12.07,1,lane_closed
2026-09-10T03:49+02:00,A16,L,20.3,1,lane_closed
2026-09-10T03:49+02:00,A20,R,27.488,1,speedlimit
2026-09-10T03:49+02:00,A15,R,62.454,1,speedlimit
2026-09-10T03:49+02:00,A16,x,24.7,3,speedlimit
2026-09-10T03:49+02:00,A20,R,29.5,2,speedlimit
2026-09-10T03:49+02:00,A20,L,27.2,2,speedlimit
2026-09-10T03:49+02:00,A16,R,16.6,4,lane_closed
2026-09-10T03:49+02:00,A13,R,18.963,1,lane_closed
2026-09-10T03:49+02:00,A13,L,17.1,1,speedlimit
2026-09-10T03:49+02:00,A15,L,61.39,4,lane_closed
2026-09-10T03:49+02:00,A15,R,61.63,3,speedlimit
2026-09-10T03:49+02:00,A20,L,31.88,3,speedlimit
2026-09-10T03:49+02:00,A16,L,28.74,5,speedlimit
2026-09-10T03:49+02:00,A13,L,17.1,4,speedlimit
2026-09-10T03:49+02:00,A4,L,42.775,4,lane_closed
2026-09-10T03:49+02:00,A16,n,33.904,1,lane_closed
2026-09-10T03:49+02:00,A13,R,16.655,2,lane_closed
2026-09-10T03:49+02:00,A13,L,15.55,5,lane_closed
2026-09-10T03:49+02:00,A20,u,35.09,3,speedlimit
2026-09-10T03:49+02:00,A16,R,11.13,1,speedlimit
2026-09-10T03:49+02:00,A16,n,34.44,1,lane_closed
2026-09-10T03:49+02:00,A16,L,24.03,1,lane_closed
2026-09-10T03:49+02:00,A16,R,13.33,2,speedlimit
2026-09-10T03:49+02:00,A15,L,60.62,3,speedlimit
2026-09-10T03:49+02:00,A16,y,24.3,1,lane_closed
2026-09-10T03:49+02:00,A16,x,21.5,3,speedlimit
2026-09-10T03:49+02:00,A16,L,30.2,3,speedlimit
2026-09-10T03:49+02:00,A16,n,33.61,3,lane_closed
2026-09-10T03:49+02:00,A16,n,34.13,2,lane_closed
2026-09-10T03:49+02:00,A16,L,26.99,5,lane_closed
2026-09-10T03:49+02:00,A20,L,32.8,3,speedlimit
2026-09-10T03:49+02:00,A38,p,21.25,3,lane_closed
2026-09-10T03:49+02:00,A15,R,61.63,6,speedlimit
2026-09-10T03:49+02:00,A16,L,19.0,2,lane_closed
2026-09-10T03:49+02:00,A16,R,18.229,3,speedlimit
2026-09-10T03:49+02:00,A16,R,18.229,2,lane_closed
2026-09-10T03:49+02:00,A16,L,29.02,5,speedlimit
2026-09-10T03:49+02:00,A20,R,30.196,1,speedlimit
2026-09-10T03:49+02:00,A15,L,61.94,4,lane_closed
2026-09-10T03:49+02:00,A16,x,18.543,1,lane_closed
2026-09-10T03:49+02:00,A16,x,19.3,1,lane_closed
2026-09-10T03:49+02:00,A20,L,29.826,4,speedlimit
2026-09-10T03:49+02:00,A16,L,30.2,4,speedlimit
2026-09-10T03:49+02:00,A16,L,36.355,1,speedlimit
2026-09-10T03:49+02:00,A15,h,70.04,1,lane_closed
2026-09-10T03:49+02:00,A13,R,15.035,1,speedlimit
2026-09-10T03:49+02:00,A15,L,61.01,4,lane_closed
2026-09-10T03:49+02:00,A16,b,19.862,2,lane_closed
2026-09-10T03:49+02:00,A16,L,22.2,3,lane_closed
2026-09-10T03:49+02:00,A16,L,22.6,2,lane_closed
2026-09-10T03:49+02:00,A16,R,14.768,1,lane_closed
2026-09-10T03:49+02:00,A20,s,29.6,1,speedlimit
2026-09-10T03:49+02:00,A20,L,28.57,2,speedlimit
2026-09-10T03:49+02:00,A20,R,30.6,2,speedlimit
2026-09-10T03:49+02:00,A16,L,27.95,2,lane_closed
2026-09-10T03:49+02:00,A16,L,23.075,3,lane_closed
2026-09-10T03:49+02:00,A20,L,37.3,2,speedlimit
2026-09-10T03:49+02:00,A15,L,65.25,3,speedlimit
2026-09-10T03:49+02:00,A13,L,17.1,2,speedlimit
2026-09-10T03:49+02:00,A16,L,38.22,3,lane_closed_ahead
2026-09-10T03:49+02:00,A16,R,17.463,5,speedlimit
2026-09-10T03:49+02:00,A16,R,13.33,1,lane_closed
2026-09-10T03:49+02:00,A16,L,18.2,3,lane_closed
2026-09-10T03:49+02:00,A20,L,36.94,5,lane_closed
2026-09-10T03:49+02:00,A16,R,11.7,3,speedlimit
2026-09-10T03:49+02:00,A20,L,28.57,3,speedlimit
2026-09-10T03:49+02:00,A15,L,64.67,3,speedlimit
2026-09-10T03:49+02:00,A20,R,26.4,4,speedlimit
2026-09-10T03:49+02:00,A20,R,30.196,2,speedlimit
2026-09-10T03:49+02:00,A13,R,17.8,3,lane_closed
2026-09-10T03:49+02:00,A16,L,29.37,2,lane_closed
2026-09-10T03:49+02:00,A4,L,43.18,3,speedlimit
2026-09-10T03:49+02:00,A16,n,33.354,1,lane_closed
2026-09-10T03:49+02:00,A15,n,95.855,2,speedlimit
2026-09-10T04:48+02:00,A13,L,16.7,1,speedlimit
2026-09-10T04:48+02:00,A20,L,30.196,2,speedlimit
2026-09-10T04:48+02:00,A13,R,16.655,1,speedlimit
2026-09-10T04:48+02:00,A15,g,63.241,1,lane_closed
2026-09-10T04:48+02:00,A13,R,17.1,2,speedlimit
2026-09-10T04:48+02:00,A4,L,42.19,4,lane_closed
2026-09-10T04:48+02:00,A4,L,43.18,2,speedlimit
2026-09-10T04:48+02:00,A13,R,18.5,1,speedlimit
2026-09-10T04:48+02:00,A20,L,29.5,2,speedlimit
2026-09-10T04:48+02:00,A13,R,18.5,4,speedlimit
2026-09-10T04:48+02:00,A15,L,70.35,4,speedlimit
2026-09-10T04:48+02:00,A13,R,18.2,3,speedlimit
2026-09-10T04:48+02:00,A20,R,28.1,1,speedlimit
2026-09-10T04:48+02:00,A20,R,30.196,3,speedlimit
2026-09-10T04:48+02:00,A4,R,2.367,4,lane_closed
2026-09-10T04:48+02:00,A15,n,95.855,3,speedlimit
2026-09-10T04:48+02:00,A13,R,17.8,2,speedlimit
2026-09-10T04:48+02:00,A20,s,29.6,2,speedlimit
2026-09-10T04:48+02:00,A15,L,65.25,2,speedlimit
2026-09-10T04:48+02:00,A15,L,65.685,3,speedlimit
2026-09-10T04:48+02:00,A15,g,62.75,1,lane_closed
2026-09-10T04:48+02:00,A20,R,26.93,4,speedlimit
2026-09-10T04:48+02:00,A20,R,28.57,3,speedlimit
2026-09-10T04:48+02:00,A15,L,70.95,3,speedlimit
2026-09-10T04:48+02:00,A4,L,2.447,4,lane_closed
2026-09-10T04:48+02:00,A13,L,18.8,2,speedlimit
2026-09-10T04:48+02:00,A15,R,62.454,3,speedlimit
2026-09-10T04:48+02:00,A20,R,27.235,1,speedlimit
2026-09-10T04:48+02:00,A20,L,28.41,2,speedlimit
2026-09-10T04:48+02:00,A20,R,27.79,2,speedlimit
2026-09-10T04:48+02:00,A13,R,18.5,3,speedlimit
2026-09-10T04:48+02:00,A20,R,28.57,4,speedlimit
2026-09-10T04:48+02:00,A20,R,31.26,4,speedlimit
2026-09-10T04:48+02:00,A20,L,29.826,2,speedlimit
2026-09-10T04:48+02:00,A20,L,28.57,1,speedlimit
2026-09-10T04:48+02:00,A4,n,43.673,1,speedlimit
2026-09-10T04:48+02:00,A20,R,29.5,4,speedlimit
2026-09-10T04:48+02:00,A20,R,28.1,2,speedlimit
2026-09-10T04:48+02:00,A20,R,26.64,1,speedlimit
2026-09-10T04:48+02:00,A15,g,63.761,2,lane_closed
2026-09-10T04:48+02:00,A15,L,64.2,2,speedlimit
2026-09-10T04:48+02:00,A4,L,41.6,4,lane_closed
2026-09-10T04:48+02:00,A20,L,32.8,2,speedlimit
2026-09-10T04:48+02:00,A15,L,65.25,4,speedlimit
2026-09-10T04:48+02:00,A13,L,17.1,3,speedlimit
2026-09-10T04:48+02:00,A15,L,70.35,2,lane_closed
2026-09-10T04:48+02:00,A15,R,62.454,2,speedlimit
2026-09-10T04:48+02:00,A20,L,27.488,1,speedlimit
2026-09-10T04:48+02:00,A20,L,27.2,1,speedlimit
2026-09-10T04:48+02:00,A4,h,46.06,2,speedlimit
2026-09-10T04:48+02:00,A20,L,27.8,2,speedlimit
2026-09-10T04:48+02:00,A15,L,70.655,3,speedlimit
2026-09-10T04:48+02:00,A15,L,71.42,4,speedlimit
2026-09-10T04:48+02:00,A13,L,18.2,3,speedlimit
2026-09-10T04:48+02:00,A20,L,31.88,1,speedlimit
2026-09-10T04:48+02:00,A16,d,35.7,1,speedlimit
2026-09-10T04:48+02:00,A13,L,16.7,2,speedlimit
2026-09-10T04:48+02:00,A20,L,30.9,2,speedlimit
2026-09-10T04:48+02:00,A15,L,70.655,2,lane_closed
2026-09-10T04:48+02:00,A20,L,28.085,1,speedlimit
2026-09-10T04:48+02:00,A15,L,71.9,2,speedlimit
2026-09-10T04:48+02:00,A15,h,70.04,2,lane_closed
2026-09-10T04:48+02:00,A20,R,30.6,1,speedlimit
2026-09-10T04:48+02:00,A13,R,17.1,3,speedlimit
2026-09-10T04:48+02:00,A20,R,26.93,3,speedlimit
2026-09-10T04:48+02:00,A20,L,31.4,1,speedlimit
2026-09-10T04:48+02:00,A4,L,42.775,2,speedlimit
2026-09-10T04:48+02:00,A15,g,63.761,1,lane_closed
2026-09-10T04:48+02:00,A15,L,70.35,1,lane_closed
2026-09-10T04:48+02:00,A20,L,31.1,2,speedlimit
2026-09-10T04:48+02:00,A13,g,18.7,2,speedlimit
2026-09-10T04:48+02:00,A15,L,65.685,2,speedlimit
2026-09-10T04:48+02:00,A16,L,27.6,3,speedlimit
2026-09-10T04:48+02:00,A20,L,31.4,2,speedlimit
2026-09-10T04:48+02:00,A15,L,71.42,3,speedlimit
2026-09-10T04:48+02:00,A4,n,43.673,2,speedlimit
2026-09-10T04:48+02:00,A13,L,15.9,3,lane_closed
2026-09-10T04:48+02:00,A38,p,21.25,1,lane_closed
2026-09-10T04:48+02:00,A13,R,16.2,1,speedlimit
2026-09-10T04:48+02:00,A15,L,70.35,3,speedlimit
2026-09-10T04:48+02:00,A15,L,71.9,3,speedlimit
2026-09-10T04:48+02:00,A15,L,70.655,1,lane_closed
2026-09-10T04:48+02:00,A13,R,18.5,2,speedlimit
2026-09-10T04:48+02:00,A20,L,30.196,1,speedlimit
2026-09-10T04:48+02:00,A15,g,63.241,2,lane_closed
2026-09-10T04:48+02:00,A20,R,27.79,1,speedlimit
2026-09-10T04:48+02:00,A20,L,29.826,1,speedlimit
2026-09-10T04:48+02:00,A16,L,27.6,1,speedlimit
2026-09-10T04:48+02:00,A20,R,28.41,2,speedlimit
2026-09-10T04:48+02:00,A4,L,42.775,3,lane_closed_ahead
2026-09-10T04:48+02:00,A20,R,29.1,1,speedlimit
2026-09-10T04:48+02:00,A13,R,17.8,1,speedlimit
2026-09-10T04:48+02:00,A20,R,28.41,1,speedlimit
2026-09-10T04:48+02:00,A20,R,31.9,2,speedlimit
2026-09-10T04:48+02:00,A20,L,31.1,3,speedlimit
2026-09-10T04:48+02:00,A15,R,62.454,5,lane_closed
2026-09-10T04:48+02:00,A20,R,27.488,2,speedlimit
2026-09-10T04:48+02:00,A20,t,28.895,1,speedlimit
2026-09-10T04:48+02:00,A20,L,32.8,1,speedlimit
2026-09-10T04:48+02:00,A20,R,28.8,2,speedlimit
2026-09-10T04:48+02:00,A16,L,26.99,3,speedlimit
2026-09-10T04:48+02:00,A20,L,31.1,1,speedlimit
2026-09-10T04:48+02:00,A13,L,16.19,3,lane_closed
2026-09-10T04:48+02:00,A13,L,15.035,5,lane_closed
2026-09-10T04:48+02:00,A20,L,27.8,1,speedlimit
2026-09-10T04:48+02:00,A20,R,29.1,2,speedlimit
2026-09-10T04:48+02:00,A13,g,18.7,1,speedlimit
2026-09-10T04:48+02:00,A20,R,28.57,2,speedlimit
2026-09-10T04:48+02:00,A20,R,26.64,2,speedlimit
2026-09-10T04:48+02:00,A4,L,41.6,1,speedlimit
2026-09-10T04:48+02:00,A15,L,64.2,3,speedlimit
2026-09-10T04:48+02:00,A20,L,29.1,1,speedlimit
2026-09-10T04:48+02:00,A13,L,18.2,1,speedlimit
2026-09-10T04:48+02:00,A15,L,64.67,2,speedlimit
2026-09-10T04:48+02:00,A13,L,12.7,4,lane_closed
2026-09-10T04:48+02:00,A16,L,26.99,4,lane_closed
2026-09-10T04:48+02:00,A20,L,31.88,2,speedlimit
2026-09-10T04:48+02:00,A15,R,62.454,4,speedlimit
2026-09-10T04:48+02:00,A20,L,28.085,2,speedlimit
2026-09-10T04:48+02:00,A38,p,21.25,2,lane_closed
2026-09-10T04:48+02:00,A15,R,62.062,3,speedlimit
2026-09-10T04:48+02:00,A20,R,30.6,3,speedlimit
2026-09-10T04:48+02:00,A15,R,62.062,4,speedlimit
2026-09-10T04:48+02:00,A20,R,29.8,2,speedlimit
2026-09-10T04:48+02:00,A15,L,64.2,1,lane_closed
2026-09-10T04:48+02:00,A20,R,27.235,2,speedlimit
2026-09-10T04:48+02:00,A4,L,43.18,1,speedlimit
2026-09-10T04:48+02:00,A13,R,18.2,1,speedlimit
2026-09-10T04:48+02:00,A15,L,65.25,1,lane_closed_ahead
2026-09-10T04:48+02:00,A15,e,95.55,1,speedlimit
2026-09-10T04:48+02:00,A13,e,19.1,1,speedlimit
2026-09-10T04:48+02:00,A13,L,17.8,3,speedlimit
2026-09-10T04:48+02:00,A4,L,41.6,2,speedlimit
2026-09-10T04:48+02:00,A20,R,31.26,1,speedlimit
2026-09-10T04:48+02:00,A4,L,42.775,1,speedlimit
2026-09-10T04:48+02:00,A15,L,70.95,1,lane_closed
2026-09-10T04:48+02:00,A20,L,29.826,3,speedlimit
2026-09-10T04:48+02:00,A4,L,42.19,2,speedlimit
2026-09-10T04:48+02:00,A4,h,45.58,3,lane_closed
2026-09-10T04:48+02:00,A20,L,29.5,1,speedlimit
2026-09-10T04:48+02:00,A20,R,28.8,3,speedlimit
2026-09-10T04:48+02:00,A20,R,29.5,1,speedlimit
2026-09-10T04:48+02:00,A38,p,20.55,1,speedlimit
2026-09-10T04:48+02:00,A13,L,11.25,4,lane_closed
2026-09-10T04:48+02:00,A20,L,30.9,1,speedlimit
2026-09-10T04:48+02:00,A4,L,43.18,4,lane_closed_ahead
2026-09-10T04:48+02:00,A13,R,18.2,4,speedlimit
2026-09-10T04:48+02:00,A38,p,20.55,2,lane_closed_ahead
2026-09-10T04:48+02:00,A13,R,18.7,1,speedlimit
2026-09-10T04:48+02:00,A15,L,64.67,5,speedlimit
2026-09-10T04:48+02:00,A15,n,95.855,1,speedlimit
2026-09-10T04:48+02:00,A20,c,27.488,1,speedlimit
2026-09-10T04:48+02:00,A20,R,31.9,3,speedlimit
2026-09-10T04:48+02:00,A13,R,16.655,3,speedlimit
2026-09-10T04:48+02:00,A16,L,26.99,2,speedlimit
2026-09-10T04:48+02:00,A20,L,29.1,2,speedlimit
2026-09-10T04:48+02:00,A15,L,63.56,1,lane_closed
2026-09-10T04:48+02:00,A20,R,29.8,3,speedlimit
2026-09-10T04:48+02:00,A13,L,18.2,2,speedlimit
2026-09-10T04:48+02:00,A20,R,26.4,3,speedlimit
2026-09-10T04:48+02:00,A20,R,26.93,1,speedlimit
2026-09-10T04:48+02:00,A20,R,26.4,2,speedlimit
2026-09-10T04:48+02:00,A15,L,63.56,3,speedlimit
2026-09-10T04:48+02:00,A20,L,27.488,2,speedlimit
2026-09-10T04:48+02:00,A20,L,30.196,3,speedlimit
2026-09-10T04:48+02:00,A4,h,46.06,1,speedlimit
2026-09-10T04:48+02:00,A4,L,42.19,1,speedlimit
2026-09-10T04:48+02:00,A20,L,28.41,1,speedlimit
2026-09-10T04:48+02:00,A13,L,13.18,4,lane_closed
2026-09-10T04:48+02:00,A13,L,17.8,2,speedlimit
2026-09-10T04:48+02:00,A20,R,28.57,1,speedlimit
2026-09-10T04:48+02:00,A20,R,30.196,4,speedlimit
2026-09-10T04:48+02:00,A20,t,29.6,2,speedlimit
2026-09-10T04:48+02:00,A15,L,64.67,4,speedlimit
2026-09-10T04:48+02:00,A15,L,71.42,1,lane_closed_ahead
2026-09-10T04:48+02:00,A15,L,65.685,1,speedlimit
2026-09-10T04:48+02:00,A15,L,64.67,1,lane_closed
2026-09-10T04:48+02:00,A20,R,26.93,2,speedlimit
2026-09-10T04:48+02:00,A20,L,30.9,3,speedlimit
2026-09-10T04:48+02:00,A13,L,18.8,3,speedlimit
2026-09-10T04:48+02:00,A20,R,28.8,1,speedlimit
2026-09-10T04:48+02:00,A16,d,35.7,2,speedlimit
2026-09-10T04:48+02:00,A15,L,70.95,4,speedlimit
2026-09-10T04:48+02:00,A4,L,42.19,3,lane_closed
2026-09-10T04:48+02:00,A13,L,18.8,1,speedlimit
2026-09-10T04:48+02:00,A15,L,71.9,1,speedlimit
2026-09-10T04:48+02:00,A4,h,46.4,2,speedlimit
2026-09-10T04:48+02:00,A13,R,16.2,2,speedlimit
2026-09-10T04:48+02:00,A20,L,31.4,3,speedlimit
2026-09-10T04:48+02:00,A16,L,27.6,2,speedlimit
2026-09-10T04:48+02:00,A20,L,30.196,4,speedlimit
2026-09-10T04:48+02:00,A15,L,71.42,2,speedlimit
2026-09-10T04:48+02:00,A13,R,18.2,2,speedlimit
2026-09-10T04:48+02:00,A15,d,48.05,1,speedlimit
2026-09-10T04:48+02:00,A13,L,17.8,1,speedlimit
2026-09-10T04:48+02:00,A20,R,29.8,1,speedlimit
2026-09-10T04:48+02:00,A20,R,31.26,2,speedlimit
2026-09-10T04:48+02:00,A20,R,31.26,3,speedlimit
2026-09-10T04:48+02:00,A4,L,41.6,3,lane_closed
2026-09-10T04:48+02:00,A15,L,70.95,2,lane_closed_ahead
2026-09-10T04:48+02:00,A20,R,26.64,3,speedlimit
2026-09-10T04:48+02:00,A20,R,26.64,4,speedlimit
2026-09-10T04:48+02:00,A20,R,26.4,1,speedlimit
2026-09-10T04:48+02:00,A13,R,17.1,1,speedlimit
2026-09-10T04:48+02:00,A20,R,29.5,3,speedlimit
2026-09-10T04:48+02:00,A13,L,13.7,4,lane_closed
2026-09-10T04:48+02:00,A15,L,63.56,2,speedlimit
2026-09-10T04:48+02:00,A13,L,14.2,4,lane_closed
2026-09-10T04:48+02:00,A4,h,46.4,1,speedlimit
2026-09-10T04:48+02:00,A16,L,26.99,1,speedlimit
2026-09-10T04:48+02:00,A20,t,29.6,1,speedlimit
2026-09-10T04:48+02:00,A15,L,65.685,4,speedlimit
2026-09-10T04:48+02:00,A20,R,29.8,4,speedlimit
2026-09-10T04:48+02:00,A13,R,18.7,2,speedlimit
2026-09-10T04:48+02:00,A20,R,27.488,1,speedlimit
2026-09-10T04:48+02:00,A15,R,62.454,1,speedlimit
2026-09-10T04:48+02:00,A20,R,29.5,2,speedlimit
2026-09-10T04:48+02:00,A20,L,27.2,2,speedlimit
2026-09-10T04:48+02:00,A13,R,18.963,1,speedlimit
2026-09-10T04:48+02:00,A13,L,17.1,1,speedlimit
2026-09-10T04:48+02:00,A20,L,31.88,3,speedlimit
2026-09-10T04:48+02:00,A13,L,17.1,4,speedlimit
2026-09-10T04:48+02:00,A4,L,42.775,4,lane_closed
2026-09-10T04:48+02:00,A13,R,16.655,2,speedlimit
2026-09-10T04:48+02:00,A13,L,15.55,5,lane_closed
2026-09-10T04:48+02:00,A16,L,26.99,5,lane_closed
2026-09-10T04:48+02:00,A20,L,32.8,3,speedlimit
2026-09-10T04:48+02:00,A38,p,21.25,3,lane_closed
2026-09-10T04:48+02:00,A20,R,30.196,1,speedlimit
2026-09-10T04:48+02:00,A20,L,29.826,4,speedlimit
2026-09-10T04:48+02:00,A15,h,70.04,1,lane_closed
2026-09-10T04:48+02:00,A20,s,29.6,1,speedlimit
2026-09-10T04:48+02:00,A20,L,28.57,2,speedlimit
2026-09-10T04:48+02:00,A20,R,30.6,2,speedlimit
2026-09-10T04:48+02:00,A15,L,65.25,3,speedlimit
2026-09-10T04:48+02:00,A13,L,17.1,2,speedlimit
2026-09-10T04:48+02:00,A20,L,28.57,3,speedlimit
2026-09-10T04:48+02:00,A15,L,64.67,3,speedlimit
2026-09-10T04:48+02:00,A20,R,26.4,4,speedlimit
2026-09-10T04:48+02:00,A20,R,30.196,2,speedlimit
2026-09-10T04:48+02:00,A13,R,17.8,3,speedlimit
2026-09-10T04:48+02:00,A4,L,43.18,3,speedlimit
2026-09-10T04:48+02:00,A15,n,95.855,2,speedlimit
2026-09-10T06:50+02:00,A16,L,33.125,1,speedlimit
2026-09-10T06:50+02:00,A13,L,16.7,1,speedlimit
2026-09-10T06:50+02:00,A15,L,35.19,1,speedlimit
2026-09-10T06:50+02:00,A16,L,40.4,2,speedlimit
2026-09-10T06:50+02:00,A20,L,42.0,2,speedlimit
2026-09-10T06:50+02:00,A15,L,37.389,1,speedlimit
2026-09-10T06:50+02:00,A15,L,79.42,1,speedlimit
2026-09-10T06:50+02:00,A15,L,76.31,1,speedlimit
2026-09-10T06:50+02:00,A15,L,36.658,2,speedlimit
2026-09-10T06:50+02:00,A4,L,36.73,3,speedlimit
2026-09-10T06:50+02:00,A4,n,12.498,2,speedlimit
2026-09-10T06:50+02:00,A4,L,19.48,2,speedlimit
2026-09-10T06:50+02:00,A4,L,37.53,5,speedlimit
2026-09-10T06:50+02:00,A4,L,44.62,1,speedlimit
2026-09-10T06:50+02:00,A20,L,30.196,2,speedlimit
2026-09-10T06:50+02:00,A4,n,12.498,1,speedlimit
2026-09-10T06:50+02:00,A20,R,25.7,2,speedlimit
2026-09-10T06:50+02:00,A16,L,41.96,3,speedlimit
2026-09-10T06:50+02:00,A13,R,16.655,1,speedlimit
2026-09-10T06:50+02:00,A16,R,66.52,2,lane_closed_ahead
2026-09-10T06:50+02:00,A13,R,17.1,2,speedlimit
2026-09-10T06:50+02:00,A4,n,12.975,2,speedlimit
2026-09-10T06:50+02:00,A15,k,70.5,2,speedlimit
2026-09-10T06:50+02:00,A15,R,90.64,1,speedlimit
2026-09-10T06:50+02:00,A15,L,43.46,2,speedlimit
2026-09-10T06:50+02:00,A15,L,74.625,2,speedlimit
2026-09-10T06:50+02:00,A15,L,77.045,4,speedlimit
2026-09-10T06:50+02:00,A15,L,37.199,3,speedlimit
2026-09-10T06:50+02:00,A4,L,45.75,2,speedlimit
2026-09-10T06:50+02:00,A4,L,19.48,1,speedlimit
2026-09-10T06:50+02:00,A13,R,18.5,1,speedlimit
2026-09-10T06:50+02:00,A15,L,73.25,1,speedlimit
2026-09-10T06:50+02:00,A20,L,29.5,2,speedlimit
2026-09-10T06:50+02:00,A15,L,74.275,3,speedlimit
2026-09-10T06:50+02:00,A4,L,37.53,3,speedlimit
2026-09-10T06:50+02:00,A15,L,37.199,1,speedlimit
2026-09-10T06:50+02:00,A13,R,18.5,4,speedlimit
2026-09-10T06:50+02:00,A20,R,42.485,2,speedlimit
2026-09-10T06:50+02:00,A13,R,18.2,3,speedlimit
2026-09-10T06:50+02:00,A20,R,28.1,1,speedlimit
2026-09-10T06:50+02:00,A20,R,30.196,3,speedlimit
2026-09-10T06:50+02:00,A15,L,73.25,2,speedlimit
2026-09-10T06:50+02:00,A15,L,73.25,3,speedlimit
2026-09-10T06:50+02:00,A20,L,36.94,1,lane_closed
2026-09-10T06:50+02:00,A4,R,2.367,4,lane_closed
2026-09-10T06:50+02:00,A4,L,32.64,2,speedlimit
2026-09-10T06:50+02:00,A15,L,36.999,3,speedlimit
2026-09-10T06:50+02:00,A15,L,76.745,2,speedlimit
2026-09-10T06:50+02:00,A15,n,95.855,3,speedlimit
2026-09-10T06:50+02:00,A15,L,75.075,1,speedlimit
2026-09-10T06:50+02:00,A13,R,17.8,2,speedlimit
2026-09-10T06:50+02:00,A15,L,79.73,3,speedlimit
2026-09-10T06:50+02:00,A20,s,29.6,2,speedlimit
2026-09-10T06:50+02:00,A15,L,65.25,2,speedlimit
2026-09-10T06:50+02:00,A4,L,18.17,3,speedlimit
2026-09-10T06:50+02:00,A15,L,65.685,3,speedlimit
2026-09-10T06:50+02:00,A15,R,90.64,2,speedlimit
2026-09-10T06:50+02:00,A20,R,26.93,4,speedlimit
2026-09-10T06:50+02:00,A16,L,29.02,2,speedlimit
2026-09-10T06:50+02:00,A20,R,28.57,3,speedlimit
2026-09-10T06:50+02:00,A15,L,70.95,3,speedlimit
2026-09-10T06:50+02:00,A16,L,43.69,1,speedlimit
2026-09-10T06:50+02:00,A13,L,18.8,2,speedlimit
2026-09-10T06:50+02:00,A20,R,27.235,1,speedlimit
2026-09-10T06:50+02:00,A20,L,28.41,2,speedlimit
2026-09-10T06:50+02:00,A20,R,27.79,2,speedlimit
2026-09-10T06:50+02:00,A16,L,32.396,3,speedlimit
2026-09-10T06:50+02:00,A13,R,18.5,3,speedlimit
2026-09-10T06:50+02:00,A20,R,28.57,4,speedlimit
2026-09-10T06:50+02:00,A20,R,31.26,4,speedlimit
2026-09-10T06:50+02:00,A20,L,29.826,2,speedlimit
2026-09-10T06:50+02:00,A20,L,35.925,1,lane_closed
2026-09-10T06:50+02:00,A20,L,28.57,1,speedlimit
2026-09-10T06:50+02:00,A16,L,31.805,2,speedlimit
2026-09-10T06:50+02:00,A20,R,29.5,4,speedlimit
2026-09-10T06:50+02:00,A4,L,20.56,3,speedlimit
2026-09-10T06:50+02:00,A4,L,32.115,2,speedlimit
2026-09-10T06:50+02:00,A15,L,73.755,1,speedlimit
2026-09-10T06:50+02:00,A20,R,28.1,2,speedlimit
2026-09-10T06:50+02:00,A20,R,26.64,1,speedlimit
2026-09-10T06:50+02:00,A16,L,32.396,1,speedlimit
2026-09-10T06:50+02:00,A20,R,25.7,3,speedlimit
2026-09-10T06:50+02:00,A15,L,64.2,2,speedlimit
2026-09-10T06:50+02:00,A15,L,74.085,3,speedlimit
2026-09-10T06:50+02:00,A20,L,32.8,2,speedlimit
2026-09-10T06:50+02:00,A16,L,30.73,4,speedlimit
2026-09-10T06:50+02:00,A15,L,65.25,4,speedlimit
2026-09-10T06:50+02:00,A4,L,36.73,4,speedlimit
2026-09-10T06:50+02:00,A13,L,17.1,3,speedlimit
2026-09-10T06:50+02:00,A16,R,66.22,2,speedlimit
2026-09-10T06:50+02:00,A4,L,21.425,2,speedlimit
2026-09-10T06:50+02:00,A20,R,42.0,1,speedlimit
2026-09-10T06:50+02:00,A4,L,20.56,2,speedlimit
2026-09-10T06:50+02:00,A4,L,45.28,1,speedlimit
2026-09-10T06:50+02:00,A20,L,36.625,1,lane_closed
2026-09-10T06:50+02:00,A4,L,31.63,2,speedlimit
2026-09-10T06:50+02:00,A4,L,36.73,2,speedlimit
2026-09-10T06:50+02:00,A15,L,43.46,4,speedlimit
2026-09-10T06:50+02:00,A15,L,36.898,3,speedlimit
2026-09-10T06:50+02:00,A16,R,66.81,3,speedlimit
2026-09-10T06:50+02:00,A20,L,27.488,1,speedlimit
2026-09-10T06:50+02:00,A20,L,27.2,1,speedlimit
2026-09-10T06:50+02:00,A4,h,46.06,2,speedlimit
2026-09-10T06:50+02:00,A20,L,27.8,2,speedlimit
2026-09-10T06:50+02:00,A15,L,37.098,2,speedlimit
2026-09-10T06:50+02:00,A16,L,33.125,4,speedlimit
2026-09-10T06:50+02:00,A15,L,71.42,4,speedlimit
2026-09-10T06:50+02:00,A13,L,18.2,3,speedlimit
2026-09-10T06:50+02:00,A15,L,37.61,2,speedlimit
2026-09-10T06:50+02:00,A16,L,31.425,4,speedlimit
2026-09-10T06:50+02:00,A15,L,79.73,2,speedlimit
2026-09-10T06:50+02:00,A4,L,18.17,2,speedlimit
2026-09-10T06:50+02:00,A20,L,31.88,1,speedlimit
2026-09-10T06:50+02:00,A15,L,73.92,2,speedlimit
2026-09-10T06:50+02:00,A16,L,29.37,4,speedlimit
2026-09-10T06:50+02:00,A15,L,35.64,2,speedlimit
2026-09-10T06:50+02:00,A15,L,37.5,1,speedlimit
2026-09-10T06:50+02:00,A13,L,16.7,2,speedlimit
2026-09-10T06:50+02:00,A20,L,30.9,2,speedlimit
2026-09-10T06:50+02:00,A15,L,73.92,3,speedlimit
2026-09-10T06:50+02:00,A4,L,32.115,3,speedlimit
2026-09-10T06:50+02:00,A16,L,43.145,1,speedlimit
2026-09-10T06:50+02:00,A20,L,28.085,1,speedlimit
2026-09-10T06:50+02:00,A4,L,38.01,1,speedlimit
2026-09-10T06:50+02:00,A15,L,71.9,2,speedlimit
2026-09-10T06:50+02:00,A15,L,37.8,2,speedlimit
2026-09-10T06:50+02:00,A15,L,37.098,3,speedlimit
2026-09-10T06:50+02:00,A20,R,30.6,1,speedlimit
2026-09-10T06:50+02:00,A13,R,17.1,3,speedlimit
2026-09-10T06:50+02:00,A15,L,79.05,1,speedlimit
2026-09-10T06:50+02:00,A16,L,31.805,3,speedlimit
2026-09-10T06:50+02:00,A4,L,44.01,3,speedlimit
2026-09-10T06:50+02:00,A15,L,36.778,2,speedlimit
2026-09-10T06:50+02:00,A20,R,26.93,3,speedlimit
2026-09-10T06:50+02:00,A15,L,36.898,2,speedlimit
2026-09-10T06:50+02:00,A15,L,39.66,2,speedlimit
2026-09-10T06:50+02:00,A20,L,31.4,1,speedlimit
2026-09-10T06:50+02:00,A16,L,30.2,1,speedlimit
2026-09-10T06:50+02:00,A15,L,37.61,1,speedlimit
2026-09-10T06:50+02:00,A4,L,32.115,1,speedlimit
2026-09-10T06:50+02:00,A20,L,31.1,2,speedlimit
2026-09-10T06:50+02:00,A13,g,18.7,2,speedlimit
2026-09-10T06:50+02:00,A15,L,77.865,2,speedlimit
2026-09-10T06:50+02:00,A15,L,65.685,2,speedlimit
2026-09-10T06:50+02:00,A20,L,31.4,2,speedlimit
2026-09-10T06:50+02:00,A15,L,71.42,3,speedlimit
2026-09-10T06:50+02:00,A4,L,31.28,2,speedlimit
2026-09-10T06:50+02:00,A15,L,74.625,1,speedlimit
2026-09-10T06:50+02:00,A15,R,91.69,1,speedlimit
2026-09-10T06:50+02:00,A4,n,12.15,1,speedlimit
2026-09-10T06:50+02:00,A13,L,15.9,3,lane_closed
2026-09-10T06:50+02:00,A20,R,43.32,2,speedlimit
2026-09-10T06:50+02:00,A16,L,30.2,2,speedlimit
2026-09-10T06:50+02:00,A15,L,77.045,1,speedlimit
2026-09-10T06:50+02:00,A16,L,32.843,4,speedlimit
2026-09-10T06:50+02:00,A15,L,78.48,1,speedlimit
2026-09-10T06:50+02:00,A13,R,16.2,1,speedlimit
2026-09-10T06:50+02:00,A15,L,76.745,3,lane_closed_ahead
2026-09-10T06:50+02:00,A15,L,71.9,3,speedlimit
2026-09-10T06:50+02:00,A13,R,18.5,2,speedlimit
2026-09-10T06:50+02:00,A15,L,37.8,3,speedlimit
2026-09-10T06:50+02:00,A20,L,30.196,1,speedlimit
2026-09-10T06:50+02:00,A15,L,73.59,3,speedlimit
2026-09-10T06:50+02:00,A4,L,44.01,2,speedlimit
2026-09-10T06:50+02:00,A20,R,27.79,1,speedlimit
2026-09-10T06:50+02:00,A15,L,92.24,1,speedlimit
2026-09-10T06:50+02:00,A20,L,29.826,1,speedlimit
2026-09-10T06:50+02:00,A16,L,32.396,4,speedlimit
2026-09-10T06:50+02:00,A16,L,31.425,2,speedlimit
2026-09-10T06:50+02:00,A20,L,42.0,3,speedlimit
2026-09-10T06:50+02:00,A15,L,92.65,1,speedlimit
2026-09-10T06:50+02:00,A16,R,66.52,1,speedlimit
2026-09-10T06:50+02:00,A4,L,20.975,3,speedlimit
2026-09-10T06:50+02:00,A4,L,32.3,2,speedlimit
2026-09-10T06:50+02:00,A20,R,28.41,2,speedlimit
2026-09-10T06:50+02:00,A16,L,31.805,5,speedlimit
2026-09-10T06:50+02:00,A16,L,32.843,2,speedlimit
2026-09-10T06:50+02:00,A20,R,29.1,1,speedlimit
2026-09-10T06:50+02:00,A15,L,91.69,1,speedlimit
2026-09-10T06:50+02:00,A16,L,31.425,1,speedlimit
2026-09-10T06:50+02:00,A13,R,17.8,1,speedlimit
2026-09-10T06:50+02:00,A20,R,28.41,1,speedlimit
2026-09-10T06:50+02:00,A20,R,31.9,2,speedlimit
2026-09-10T06:50+02:00,A15,L,35.19,2,speedlimit
2026-09-10T06:50+02:00,A4,L,18.17,1,speedlimit
2026-09-10T06:50+02:00,A15,L,75.86,1,speedlimit
2026-09-10T06:50+02:00,A20,L,31.1,3,speedlimit
2026-09-10T06:50+02:00,A15,L,40.22,3,speedlimit
2026-09-10T06:50+02:00,A16,L,41.96,1,speedlimit
2026-09-10T06:50+02:00,A4,L,21.867,3,speedlimit
2026-09-10T06:50+02:00,A15,L,35.89,2,speedlimit
2026-09-10T06:50+02:00,A16,L,29.02,3,speedlimit
2026-09-10T06:50+02:00,A4,L,36.73,1,speedlimit
2026-09-10T06:50+02:00,A20,R,27.488,2,speedlimit
2026-09-10T06:50+02:00,A20,t,28.895,1,speedlimit
2026-09-10T06:50+02:00,A16,L,32.396,5,speedlimit
2026-09-10T06:50+02:00,A20,L,32.8,1,speedlimit
2026-09-10T06:50+02:00,A15,L,37.298,1,speedlimit
2026-09-10T06:50+02:00,A15,L,35.64,1,speedlimit
2026-09-10T06:50+02:00,A16,L,43.69,3,speedlimit
2026-09-10T06:50+02:00,A4,L,45.75,3,speedlimit
2026-09-10T06:50+02:00,A20,R,28.8,2,speedlimit
2026-09-10T06:50+02:00,A15,L,35.89,1,speedlimit
2026-09-10T06:50+02:00,A20,L,31.1,1,speedlimit
2026-09-10T06:50+02:00,A15,L,73.25,4,speedlimit
2026-09-10T06:50+02:00,A15,L,93.04,2,speedlimit
2026-09-10T06:50+02:00,A13,L,16.19,3,lane_closed
2026-09-10T06:50+02:00,A13,L,15.035,5,lane_closed
2026-09-10T06:50+02:00,A15,L,79.42,3,speedlimit
2026-09-10T06:50+02:00,A4,L,45.28,3,speedlimit
2026-09-10T06:50+02:00,A20,L,27.8,1,speedlimit
2026-09-10T06:50+02:00,A4,n,12.498,3,speedlimit
2026-09-10T06:50+02:00,A4,n,12.15,4,speedlimit
2026-09-10T06:50+02:00,A20,R,29.1,2,speedlimit
2026-09-10T06:50+02:00,A16,L,31.425,5,speedlimit
2026-09-10T06:50+02:00,A13,g,18.7,1,speedlimit
2026-09-10T06:50+02:00,A15,L,74.625,3,speedlimit
2026-09-10T06:50+02:00,A20,R,28.57,2,speedlimit
2026-09-10T06:50+02:00,A20,R,40.985,2,speedlimit
2026-09-10T06:50+02:00,A4,L,44.62,2,speedlimit
2026-09-10T06:50+02:00,A20,R,26.64,2,speedlimit
2026-09-10T06:50+02:00,A15,L,64.2,3,speedlimit
2026-09-10T06:50+02:00,A20,L,29.1,1,speedlimit
2026-09-10T06:50+02:00,A4,n,12.15,2,speedlimit
2026-09-10T06:50+02:00,A16,L,41.53,2,speedlimit
2026-09-10T06:50+02:00,A13,L,18.2,1,speedlimit
2026-09-10T06:50+02:00,A15,L,37.098,1,speedlimit
2026-09-10T06:50+02:00,A16,L,29.37,5,speedlimit
2026-09-10T06:50+02:00,A15,L,64.67,2,speedlimit
2026-09-10T06:50+02:00,A13,L,12.7,4,lane_closed
2026-09-10T06:50+02:00,A20,L,31.88,2,speedlimit
2026-09-10T06:50+02:00,A20,L,28.085,2,speedlimit
2026-09-10T06:50+02:00,A15,L,43.46,3,speedlimit
2026-09-10T06:50+02:00,A4,L,31.28,1,speedlimit
2026-09-10T06:50+02:00,A20,R,30.6,3,speedlimit
2026-09-10T06:50+02:00,A20,L,35.52,1,lane_closed
2026-09-10T06:50+02:00,A15,L,73.59,2,speedlimit
2026-09-10T06:50+02:00,A4,L,31.28,3,speedlimit
2026-09-10T06:50+02:00,A15,L,91.13,2,speedlimit
2026-09-10T06:50+02:00,A16,L,40.4,3,speedlimit
2026-09-10T06:50+02:00,A16,R,66.52,4,speedlimit
2026-09-10T06:50+02:00,A20,R,43.32,1,speedlimit
2026-09-10T06:50+02:00,A20,L,43.48,2,speedlimit
2026-09-10T06:50+02:00,A20,R,29.8,2,speedlimit
2026-09-10T06:50+02:00,A16,L,42.61,3,speedlimit
2026-09-10T06:50+02:00,A16,L,29.02,4,speedlimit
2026-09-10T06:50+02:00,A15,L,64.2,1,lane_closed
2026-09-10T06:50+02:00,A20,R,27.235,2,speedlimit
2026-09-10T06:50+02:00,A20,L,37.3,1,lane_closed
2026-09-10T06:50+02:00,A15,L,77.045,3,speedlimit
2026-09-10T06:50+02:00,A13,R,18.2,1,speedlimit
2026-09-10T06:50+02:00,A16,R,66.52,3,speedlimit
2026-09-10T06:50+02:00,A15,L,75.86,2,speedlimit
2026-09-10T06:50+02:00,A16,L,30.73,1,speedlimit
2026-09-10T06:50+02:00,A16,L,32.843,1,speedlimit
2026-09-10T06:50+02:00,A15,L,65.25,1,lane_closed_ahead
2026-09-10T06:50+02:00,A16,L,40.93,1,speedlimit
2026-09-10T06:50+02:00,A4,L,32.3,3,speedlimit
2026-09-10T06:50+02:00,A15,R,91.69,2,speedlimit
2026-09-10T06:50+02:00,A15,L,76.745,1,speedlimit
2026-09-10T06:50+02:00,A15,e,95.55,1,speedlimit
2026-09-10T06:50+02:00,A13,e,19.1,1,speedlimit
2026-09-10T06:50+02:00,A15,L,39.36,1,speedlimit
2026-09-10T06:50+02:00,A16,L,40.4,1,speedlimit
2026-09-10T06:50+02:00,A16,L,33.125,2,speedlimit
2026-09-10T06:50+02:00,A4,L,38.01,3,speedlimit
2026-09-10T06:50+02:00,A15,L,75.86,3,lane_closed
2026-09-10T06:50+02:00,A15,L,93.04,1,speedlimit
2026-09-10T06:50+02:00,A16,R,66.81,4,speedlimit
2026-09-10T06:50+02:00,A16,L,30.73,2,speedlimit
2026-09-10T06:50+02:00,A16,L,42.61,1,speedlimit
2026-09-10T06:50+02:00,A13,L,17.8,3,speedlimit
2026-09-10T06:50+02:00,A15,L,91.13,1,speedlimit
2026-09-10T06:50+02:00,A16,L,29.37,1,speedlimit
2026-09-10T06:50+02:00,A20,R,31.26,1,speedlimit
2026-09-10T06:50+02:00,A15,L,36.999,2,speedlimit
2026-09-10T06:50+02:00,A4,n,12.15,3,speedlimit
2026-09-10T06:50+02:00,A16,L,41.53,3,speedlimit
2026-09-10T06:50+02:00,A20,R,42.0,2,speedlimit
2026-09-10T06:50+02:00,A20,R,40.985,3,speedlimit
2026-09-10T06:50+02:00,A16,L,31.425,3,speedlimit
2026-09-10T06:50+02:00,A15,L,36.778,1,speedlimit
2026-09-10T06:50+02:00,A15,L,75.075,3,speedlimit
2026-09-10T06:50+02:00,A20,R,41.6,3,speedlimit
2026-09-10T06:50+02:00,A15,L,70.95,1,speedlimit
2026-09-10T06:50+02:00,A20,L,29.826,3,speedlimit
2026-09-10T06:50+02:00,A15,L,34.78,2,speedlimit
2026-09-10T06:50+02:00,A4,h,45.58,3,lane_closed
2026-09-10T06:50+02:00,A20,L,29.5,1,speedlimit
2026-09-10T06:50+02:00,A20,R,28.8,3,speedlimit
2026-09-10T06:50+02:00,A20,R,29.5,1,speedlimit
2026-09-10T06:50+02:00,A20,R,41.6,1,speedlimit
2026-09-10T06:50+02:00,A15,L,36.778,3,speedlimit
2026-09-10T06:50+02:00,A13,L,11.25,4,lane_closed
2026-09-10T06:50+02:00,A20,R,40.985,1,speedlimit
2026-09-10T06:50+02:00,A20,L,30.9,1,speedlimit
2026-09-10T06:50+02:00,A15,L,36.658,1,speedlimit
2026-09-10T06:50+02:00,A13,R,18.2,4,speedlimit
2026-09-10T06:50+02:00,A16,L,31.805,4,speedlimit
2026-09-10T06:50+02:00,A16,L,32.843,3,speedlimit
2026-09-10T06:50+02:00,A16,L,33.125,3,speedlimit
2026-09-10T06:50+02:00,A15,L,37.5,3,speedlimit
2026-09-10T06:50+02:00,A4,L,45.75,1,speedlimit
2026-09-10T06:50+02:00,A13,R,18.7,1,speedlimit
2026-09-10T06:50+02:00,A15,L,64.67,5,speedlimit
2026-09-10T06:50+02:00,A15,n,95.855,1,speedlimit
2026-09-10T06:50+02:00,A20,c,27.488,1,speedlimit
2026-09-10T06:50+02:00,A20,R,31.9,3,speedlimit
2026-09-10T06:50+02:00,A13,R,16.655,3,speedlimit
2026-09-10T06:50+02:00,A15,L,77.865,3,speedlimit
2026-09-10T06:50+02:00,A15,L,37.298,3,speedlimit
2026-09-10T06:50+02:00,A15,L,74.275,1,speedlimit
2026-09-10T06:50+02:00,A15,L,77.613,2,speedlimit
2026-09-10T06:50+02:00,A4,L,18.71,3,speedlimit
2026-09-10T06:50+02:00,A20,L,29.1,2,speedlimit
2026-09-10T06:50+02:00,A15,L,63.56,1,lane_closed
2026-09-10T06:50+02:00,A20,R,29.8,3,speedlimit
2026-09-10T06:50+02:00,A13,L,18.2,2,speedlimit
2026-09-10T06:50+02:00,A20,R,26.4,3,speedlimit
2026-09-10T06:50+02:00,A16,L,43.145,3,speedlimit
2026-09-10T06:50+02:00,A4,L,38.01,4,speedlimit
2026-09-10T06:50+02:00,A20,R,26.93,1,speedlimit
2026-09-10T06:50+02:00,A20,L,43.48,1,speedlimit
2026-09-10T06:50+02:00,A4,L,32.3,1,speedlimit
2026-09-10T06:50+02:00,A16,L,30.73,3,speedlimit
2026-09-10T06:50+02:00,A4,L,31.63,1,speedlimit
2026-09-10T06:50+02:00,A20,R,26.4,2,speedlimit
2026-09-10T06:50+02:00,A20,L,42.7,1,speedlimit
2026-09-10T06:50+02:00,A16,L,32.396,2,speedlimit
2026-09-10T06:50+02:00,A15,L,63.56,3,speedlimit
2026-09-10T06:50+02:00,A20,L,27.488,2,speedlimit
2026-09-10T06:50+02:00,A20,L,30.196,3,speedlimit
2026-09-10T06:50+02:00,A4,h,46.06,1,speedlimit
2026-09-10T06:50+02:00,A20,L,42.7,3,speedlimit
2026-09-10T06:50+02:00,A20,L,28.41,1,speedlimit
2026-09-10T06:50+02:00,A13,L,13.18,4,lane_closed
2026-09-10T06:50+02:00,A13,L,17.8,2,speedlimit
2026-09-10T06:50+02:00,A20,L,46.045,2,speedlimit
2026-09-10T06:50+02:00,A20,L,42.0,1,speedlimit
2026-09-10T06:50+02:00,A20,R,28.57,1,speedlimit
2026-09-10T06:50+02:00,A20,R,30.196,4,speedlimit
2026-09-10T06:50+02:00,A15,L,76.31,3,lane_closed
2026-09-10T06:50+02:00,A4,L,32.64,1,speedlimit
2026-09-10T06:50+02:00,A4,L,20.56,1,speedlimit
2026-09-10T06:50+02:00,A15,L,92.65,2,speedlimit
2026-09-10T06:50+02:00,A20,R,42.485,3,speedlimit
2026-09-10T06:50+02:00,A15,L,75.075,2,speedlimit
2026-09-10T06:50+02:00,A15,L,37.5,2,speedlimit
2026-09-10T06:50+02:00,A15,L,77.045,2,speedlimit
2026-09-10T06:50+02:00,A20,t,29.6,2,speedlimit
2026-09-10T06:50+02:00,A15,L,78.48,2,speedlimit
2026-09-10T06:50+02:00,A20,L,38.3,1,lane_closed_ahead
2026-09-10T06:50+02:00,A15,L,73.59,1,speedlimit
2026-09-10T06:50+02:00,A15,L,64.67,4,speedlimit
2026-09-10T06:50+02:00,A16,L,40.93,2,speedlimit
2026-09-10T06:50+02:00,A15,L,71.42,1,speedlimit
2026-09-10T06:50+02:00,A20,R,42.485,1,speedlimit
2026-09-10T06:50+02:00,A15,L,65.685,1,speedlimit
2026-09-10T06:50+02:00,A4,L,18.71,1,speedlimit
2026-09-10T06:50+02:00,A15,L,64.67,1,lane_closed
2026-09-10T06:50+02:00,A4,L,20.975,1,speedlimit
2026-09-10T06:50+02:00,A4,L,31.63,3,speedlimit
2026-09-10T06:50+02:00,A20,R,26.93,2,speedlimit
2026-09-10T06:50+02:00,A20,L,30.9,3,speedlimit
2026-09-10T06:50+02:00,A13,L,18.8,3,speedlimit
2026-09-10T06:50+02:00,A20,L,46.045,1,speedlimit
2026-09-10T06:50+02:00,A20,L,37.8,1,lane_closed
2026-09-10T06:50+02:00,A20,R,28.8,1,speedlimit
2026-09-10T06:50+02:00,A15,L,70.95,4,speedlimit
2026-09-10T06:50+02:00,A16,L,29.02,1,speedlimit
2026-09-10T06:50+02:00,A13,L,18.8,1,speedlimit
2026-09-10T06:50+02:00,A15,L,71.9,1,speedlimit
2026-09-10T06:50+02:00,A4,h,46.4,2,speedlimit
2026-09-10T06:50+02:00,A4,L,21.867,2,speedlimit
2026-09-10T06:50+02:00,A13,R,16.2,2,speedlimit
2026-09-10T06:50+02:00,A16,L,29.37,3,speedlimit
2026-09-10T06:50+02:00,A15,L,73.92,1,speedlimit
2026-09-10T06:50+02:00,A15,L,74.275,2,speedlimit
2026-09-10T06:50+02:00,A4,L,45.28,2,speedlimit
2026-09-10T06:50+02:00,A20,L,31.4,3,speedlimit
2026-09-10T06:50+02:00,A16,R,66.22,3,speedlimit
2026-09-10T06:50+02:00,A20,L,30.196,4,speedlimit
2026-09-10T06:50+02:00,A4,L,37.53,2,speedlimit
2026-09-10T06:50+02:00,A15,L,37.61,3,speedlimit
2026-09-10T06:50+02:00,A15,L,71.42,2,speedlimit
2026-09-10T06:50+02:00,A4,L,19.48,3,speedlimit
2026-09-10T06:50+02:00,A4,L,44.01,1,speedlimit
2026-09-10T06:50+02:00,A13,R,18.2,2,speedlimit
2026-09-10T06:50+02:00,A15,d,48.05,1,speedlimit
2026-09-10T06:50+02:00,A13,L,17.8,1,speedlimit
2026-09-10T06:50+02:00,A15,L,34.78,1,speedlimit
2026-09-10T06:50+02:00,A20,R,29.8,1,speedlimit
2026-09-10T06:50+02:00,A20,R,31.26,2,speedlimit
2026-09-10T06:50+02:00,A15,L,40.22,2,speedlimit
2026-09-10T06:50+02:00,A15,L,91.69,2,speedlimit
2026-09-10T06:50+02:00,A20,R,25.7,1,speedlimit
2026-09-10T06:50+02:00,A15,L,43.46,1,speedlimit
2026-09-10T06:50+02:00,A15,L,79.73,1,speedlimit
2026-09-10T06:50+02:00,A15,L,76.745,4,speedlimit
2026-09-10T06:50+02:00,A15,L,37.199,2,speedlimit
2026-09-10T06:50+02:00,A20,R,31.26,3,speedlimit
2026-09-10T06:50+02:00,A20,L,46.4,2,speedlimit
2026-09-10T06:50+02:00,A15,L,70.95,2,speedlimit
2026-09-10T06:50+02:00,A15,L,77.865,1,speedlimit
2026-09-10T06:50+02:00,A20,R,26.64,3,speedlimit
2026-09-10T06:50+02:00,A20,R,26.64,4,speedlimit
2026-09-10T06:50+02:00,A4,L,21.867,1,speedlimit
2026-09-10T06:50+02:00,A16,L,40.93,3,speedlimit
2026-09-10T06:50+02:00,A16,L,43.69,2,speedlimit
2026-09-10T06:50+02:00,A16,L,41.96,2,speedlimit
2026-09-10T06:50+02:00,A20,R,26.4,1,speedlimit
2026-09-10T06:50+02:00,A13,R,17.1,1,speedlimit
2026-09-10T06:50+02:00,A15,k,70.5,1,speedlimit
2026-09-10T06:50+02:00,A4,L,37.53,4,speedlimit
2026-09-10T06:50+02:00,A15,L,39.66,1,speedlimit
2026-09-10T06:50+02:00,A20,R,29.5,3,speedlimit
2026-09-10T06:50+02:00,A20,L,47.0,2,speedlimit
2026-09-10T06:50+02:00,A13,L,13.7,4,lane_closed
2026-09-10T06:50+02:00,A15,L,63.56,2,speedlimit
2026-09-10T06:50+02:00,A20,L,47.0,1,speedlimit
2026-09-10T06:50+02:00,A20,R,41.6,2,speedlimit
2026-09-10T06:50+02:00,A13,L,14.2,4,lane_closed
2026-09-10T06:50+02:00,A4,h,46.4,1,speedlimit
2026-09-10T06:50+02:00,A16,L,42.61,2,speedlimit
2026-09-10T06:50+02:00,A4,L,44.62,3,speedlimit
2026-09-10T06:50+02:00,A20,t,29.6,1,speedlimit
2026-09-10T06:50+02:00,A15,L,77.613,3,speedlimit
2026-09-10T06:50+02:00,A4,n,12.975,1,speedlimit
2026-09-10T06:50+02:00,A15,L,65.685,4,speedlimit
2026-09-10T06:50+02:00,A20,R,29.8,4,speedlimit
2026-09-10T06:50+02:00,A20,L,46.4,1,speedlimit
2026-09-10T06:50+02:00,A13,R,18.7,2,speedlimit
2026-09-10T06:50+02:00,A20,R,27.488,1,speedlimit
2026-09-10T06:50+02:00,A4,L,18.71,2,speedlimit
2026-09-10T06:50+02:00,A15,L,37.8,1,speedlimit
2026-09-10T06:50+02:00,A15,L,40.22,1,speedlimit
2026-09-10T06:50+02:00,A20,R,29.5,2,speedlimit
2026-09-10T06:50+02:00,A20,L,27.2,2,speedlimit
2026-09-10T06:50+02:00,A13,R,18.963,1,speedlimit
2026-09-10T06:50+02:00,A13,L,17.1,1,speedlimit
2026-09-10T06:50+02:00,A20,L,42.7,2,speedlimit
2026-09-10T06:50+02:00,A4,L,38.01,2,speedlimit
2026-09-10T06:50+02:00,A20,L,31.88,3,speedlimit
2026-09-10T06:50+02:00,A16,R,66.22,1,speedlimit
2026-09-10T06:50+02:00,A16,R,66.81,1,speedlimit
2026-09-10T06:50+02:00,A15,L,37.389,3,speedlimit
2026-09-10T06:50+02:00,A13,L,17.1,4,speedlimit
2026-09-10T06:50+02:00,A13,R,16.655,2,speedlimit
2026-09-10T06:50+02:00,A13,L,15.55,5,lane_closed
2026-09-10T06:50+02:00,A15,R,91.13,1,speedlimit
2026-09-10T06:50+02:00,A15,L,74.085,1,speedlimit
2026-09-10T06:50+02:00,A15,L,37.298,2,speedlimit
2026-09-10T06:50+02:00,A16,L,30.2,3,speedlimit
2026-09-10T06:50+02:00,A15,L,76.31,2,speedlimit
2026-09-10T06:50+02:00,A4,L,37.53,1,speedlimit
2026-09-10T06:50+02:00,A4,L,20.975,2,speedlimit
2026-09-10T06:50+02:00,A15,L,37.389,2,speedlimit
2026-09-10T06:50+02:00,A15,L,77.613,1,speedlimit
2026-09-10T06:50+02:00,A20,L,32.8,3,speedlimit
2026-09-10T06:50+02:00,A15,L,36.658,3,speedlimit
2026-09-10T06:50+02:00,A15,L,36.999,1,speedlimit
2026-09-10T06:50+02:00,A15,L,79.05,2,speedlimit
2026-09-10T06:50+02:00,A15,L,73.755,3,speedlimit
2026-09-10T06:50+02:00,A15,L,36.898,1,speedlimit
2026-09-10T06:50+02:00,A15,L,73.755,2,speedlimit
2026-09-10T06:50+02:00,A16,L,29.02,5,speedlimit
2026-09-10T06:50+02:00,A20,R,30.196,1,speedlimit
2026-09-10T06:50+02:00,A15,L,79.42,2,speedlimit
2026-09-10T06:50+02:00,A20,L,29.826,4,speedlimit
2026-09-10T06:50+02:00,A16,L,30.2,4,speedlimit
2026-09-10T06:50+02:00,A4,n,32.64,1,speedlimit
2026-09-10T06:50+02:00,A15,R,91.13,2,speedlimit
2026-09-10T06:50+02:00,A15,L,92.24,2,speedlimit
2026-09-10T06:50+02:00,A16,L,31.805,1,speedlimit
2026-09-10T06:50+02:00,A16,L,41.53,1,speedlimit
2026-09-10T06:50+02:00,A16,R,66.81,2,lane_closed
2026-09-10T06:50+02:00,A15,L,74.085,2,speedlimit
2026-09-10T06:50+02:00,A20,s,29.6,1,speedlimit
2026-09-10T06:50+02:00,A20,L,28.57,2,speedlimit
2026-09-10T06:50+02:00,A20,R,30.6,2,speedlimit
2026-09-10T06:50+02:00,A15,L,65.25,3,speedlimit
2026-09-10T06:50+02:00,A13,L,17.1,2,speedlimit
2026-09-10T06:50+02:00,A4,L,45.75,4,speedlimit
2026-09-10T06:50+02:00,A16,L,43.145,2,speedlimit
2026-09-10T06:50+02:00,A20,L,28.57,3,speedlimit
2026-09-10T06:50+02:00,A15,L,64.67,3,speedlimit
2026-09-10T06:50+02:00,A20,R,26.4,4,speedlimit
2026-09-10T06:50+02:00,A20,R,30.196,2,speedlimit
2026-09-10T06:50+02:00,A13,R,17.8,3,speedlimit
2026-09-10T06:50+02:00,A16,L,29.37,2,speedlimit
2026-09-10T06:50+02:00,A15,n,95.855,2,speedlimit
2026-09-10T07:49+02:00,A4,L,7.369,4,speedlimit
2026-09-10T07:49+02:00,A15,R,62.752,1,lane_closed
2026-09-10T07:49+02:00,A13,L,16.7,1,speedlimit
2026-09-10T07:49+02:00,A4,R,72.321,1,speedlimit
2026-09-10T07:49+02:00,A4,R,54.927,3,speedlimit
2026-09-10T07:49+02:00,A15,m,62.708,1,speedlimit
2026-09-10T07:49+02:00,A16,L,51.84,2,speedlimit
2026-09-10T07:49+02:00,A16,R,25.2,3,lane_closed
2026-09-10T07:49+02:00,A4,L,26.58,2,speedlimit
2026-09-10T07:49+02:00,A15,y,47.092,2,speedlimit
2026-09-10T07:49+02:00,A16,R,58.91,2,speedlimit
2026-09-10T07:49+02:00,A4,L,53.954,2,speedlimit
2026-09-10T07:49+02:00,A20,R,40.2,3,speedlimit
2026-09-10T07:49+02:00,A15,R,85.262,2,speedlimit
2026-09-10T07:49+02:00,A16,R,17.036,4,speedlimit
2026-09-10T07:49+02:00,A15,R,63.052,3,speedlimit
2026-09-10T07:49+02:00,A15,R,84.87,1,speedlimit
2026-09-10T07:49+02:00,A16,L,40.4,2,speedlimit
2026-09-10T07:49+02:00,A16,x,18.9,3,speedlimit
2026-09-10T07:49+02:00,A4,L,3.062,4,speedlimit
2026-09-10T07:49+02:00,A15,L,76.31,1,speedlimit
2026-09-10T07:49+02:00,A15,R,59.2,2,speedlimit
2026-09-10T07:49+02:00,A15,L,75.375,4,speedlimit
2026-09-10T07:49+02:00,A16,R,30.05,1,speedlimit
2026-09-10T07:49+02:00,A16,R,17.463,4,speedlimit
2026-09-10T07:49+02:00,A4,L,36.73,3,speedlimit
2026-09-10T07:49+02:00,A16,n,34.44,2,lane_closed
2026-09-10T07:49+02:00,A15,n,95.285,2,speedlimit
2026-09-10T07:49+02:00,A20,R,25.3,1,speedlimit
2026-09-10T07:49+02:00,A15,R,64.49,2,speedlimit
2026-09-10T07:49+02:00,A20,R,22.735,2,speedlimit
2026-09-10T07:49+02:00,A4,L,37.53,5,speedlimit
2026-09-10T07:49+02:00,A4,m,7.8,2,speedlimit
2026-09-10T07:49+02:00,A20,L,30.196,2,speedlimit
2026-09-10T07:49+02:00,A4,R,32.4,3,speedlimit
2026-09-10T07:49+02:00,A16,x,20.2,2,speedlimit
2026-09-10T07:49+02:00,A20,R,25.7,2,speedlimit
2026-09-10T07:49+02:00,A16,x,20.5,1,speedlimit
2026-09-10T07:49+02:00,A16,R,32.22,3,speedlimit
2026-09-10T07:49+02:00,A16,L,41.96,3,speedlimit
2026-09-10T07:49+02:00,A13,R,16.655,1,speedlimit
2026-09-10T07:49+02:00,A16,R,66.52,2,lane_closed_ahead
2026-09-10T07:49+02:00,A13,R,17.1,2,speedlimit
2026-09-10T07:49+02:00,A15,R,61.63,4,speedlimit
2026-09-10T07:49+02:00,A4,n,34.29,2,speedlimit
2026-09-10T07:49+02:00,A4,L,36.23,2,speedlimit
2026-09-10T07:49+02:00,A4,m,7.0,2,speedlimit
2026-09-10T07:49+02:00,A16,L,39.875,3,speedlimit
2026-09-10T07:49+02:00,A4,L,6.902,1,speedlimit
2026-09-10T07:49+02:00,A16,n,33.784,1,speedlimit
2026-09-10T07:49+02:00,A29,L,97.985,2,speedlimit
2026-09-10T07:49+02:00,A16,h,61.37,1,speedlimit
2026-09-10T07:49+02:00,A4,L,5.93,1,speedlimit
2026-09-10T07:49+02:00,A4,m,7.0,1,speedlimit
2026-09-10T07:49+02:00,A4,j,4.65,2,speedlimit
2026-09-10T07:49+02:00,A16,L,36.355,2,speedlimit
2026-09-10T07:49+02:00,A15,k,70.5,2,speedlimit
2026-09-10T07:49+02:00,A16,L,16.935,5,speedlimit
2026-09-10T07:49+02:00,A15,R,62.752,2,lane_closed
2026-09-10T07:49+02:00,A15,R,61.33,5,speedlimit
2026-09-10T07:49+02:00,A16,x,18.9,1,speedlimit
2026-09-10T07:49+02:00,A15,L,43.46,2,speedlimit
2026-09-10T07:49+02:00,A29,v,10.39,1,speedlimit
2026-09-10T07:49+02:00,A15,L,74.625,2,speedlimit
2026-09-10T07:49+02:00,A16,n,34.6,2,lane_closed
2026-09-10T07:49+02:00,A16,x,20.2,1,speedlimit
2026-09-10T07:49+02:00,A15,R,58.05,4,speedlimit
2026-09-10T07:49+02:00,A29,L,11.06,4,speedlimit
2026-09-10T07:49+02:00,A29,L,11.06,2,speedlimit
2026-09-10T07:49+02:00,A16,R,58.25,3,speedlimit
2026-09-10T07:49+02:00,A16,L,50.38,1,speedlimit
2026-09-10T07:49+02:00,A15,R,83.55,3,speedlimit
2026-09-10T07:49+02:00,A15,R,65.3,3,speedlimit
2026-09-10T07:49+02:00,A4,L,2.006,1,speedlimit
2026-09-10T07:49+02:00,A15,L,77.045,4,speedlimit
2026-09-10T07:49+02:00,A4,L,36.36,4,speedlimit
2026-09-10T07:49+02:00,A15,R,64.9,3,speedlimit
2026-09-10T07:49+02:00,A16,R,21.5,2,speedlimit
2026-09-10T07:49+02:00,A4,R,31.905,2,speedlimit
2026-09-10T07:49+02:00,A4,L,2.447,2,speedlimit
2026-09-10T07:49+02:00,A4,L,25.35,3,speedlimit
2026-09-10T07:49+02:00,A4,n,35.46,1,speedlimit
2026-09-10T07:49+02:00,A4,R,54.487,2,speedlimit
2026-09-10T07:49+02:00,A16,R,24.03,2,speedlimit
2026-09-10T07:49+02:00,A20,R,34.684,2,speedlimit
2026-09-10T07:49+02:00,A13,R,18.5,1,speedlimit
2026-09-10T07:49+02:00,A20,R,16.96,1,speedlimit
2026-09-10T07:49+02:00,A16,R,20.5,3,speedlimit
2026-09-10T07:49+02:00,A20,R,34.684,3,speedlimit
2026-09-10T07:49+02:00,A4,L,49.37,1,speedlimit
2026-09-10T07:49+02:00,A15,L,73.25,1,speedlimit
2026-09-10T07:49+02:00,A16,R,19.862,1,speedlimit
2026-09-10T07:49+02:00,A20,L,29.5,2,speedlimit
2026-09-10T07:49+02:00,A15,L,74.275,3,speedlimit
2026-09-10T07:49+02:00,A4,L,37.53,3,speedlimit
2026-09-10T07:49+02:00,A15,R,63.052,2,lane_closed
2026-09-10T07:49+02:00,A16,R,15.73,2,speedlimit
2026-09-10T07:49+02:00,A16,R,16.3,1,speedlimit
2026-09-10T07:49+02:00,A4,L,22.537,3,speedlimit
2026-09-10T07:49+02:00,A4,L,1.555,5,speedlimit
2026-09-10T07:49+02:00,A13,R,18.5,4,speedlimit
2026-09-10T07:49+02:00,A16,L,35.76,2,speedlimit
2026-09-10T07:49+02:00,A20,L,40.985,1,speedlimit
2026-09-10T07:49+02:00,A15,m,58.46,3,speedlimit
2026-09-10T07:49+02:00,A4,m,7.3,1,speedlimit
2026-09-10T07:49+02:00,A20,R,42.485,2,speedlimit
2026-09-10T07:49+02:00,A13,R,18.2,3,speedlimit
2026-09-10T07:49+02:00,A15,x,51.0,1,speedlimit
2026-09-10T07:49+02:00,A16,L,59.51,2,speedlimit
2026-09-10T07:49+02:00,A20,R,28.1,1,speedlimit
2026-09-10T07:49+02:00,A16,R,24.03,3,lane_closed_ahead
2026-09-10T07:49+02:00,A20,R,30.196,3,speedlimit
2026-09-10T07:49+02:00,A4,L,4.44,3,speedlimit
2026-09-10T07:49+02:00,A15,L,73.25,2,speedlimit
2026-09-10T07:49+02:00,A4,R,33.17,2,speedlimit
2026-09-10T07:49+02:00,A4,j,4.65,1,speedlimit
2026-09-10T07:49+02:00,A4,L,3.65,2,speedlimit
2026-09-10T07:49+02:00,A15,p,50.4,1,speedlimit
2026-09-10T07:49+02:00,A16,n,33.904,2,speedlimit
2026-09-10T07:49+02:00,A20,L,47.8,1,speedlimit
2026-09-10T07:49+02:00,A4,L,52.448,4,speedlimit
2026-09-10T07:49+02:00,A15,L,73.25,3,speedlimit
2026-09-10T07:49+02:00,A20,L,36.94,1,lane_closed
2026-09-10T07:49+02:00,A16,R,17.463,2,speedlimit
2026-09-10T07:49+02:00,A15,R,58.05,1,speedlimit
2026-09-10T07:49+02:00,A4,R,72.443,2,speedlimit
2026-09-10T07:49+02:00,A4,f,7.841,2,speedlimit
2026-09-10T07:49+02:00,A15,L,76.745,2,speedlimit
2026-09-10T07:49+02:00,A15,R,58.46,2,speedlimit
2026-09-10T07:49+02:00,A4,m,8.15,3,speedlimit
2026-09-10T07:49+02:00,A16,L,46.935,2,speedlimit
2026-09-10T07:49+02:00,A4,R,73.974,2,speedlimit
2026-09-10T07:49+02:00,A15,e,64.5,1,lane_closed
2026-09-10T07:49+02:00,A16,L,38.22,2,speedlimit
2026-09-10T07:49+02:00,A29,L,97.985,1,speedlimit
2026-09-10T07:49+02:00,A15,R,56.6,3,speedlimit
2026-09-10T07:49+02:00,A15,n,95.855,3,speedlimit
2026-09-10T07:49+02:00,A15,L,75.075,1,speedlimit
2026-09-10T07:49+02:00,A4,L,50.798,3,speedlimit
2026-09-10T07:49+02:00,A13,R,17.8,2,speedlimit
2026-09-10T07:49+02:00,A15,R,61.05,6,speedlimit
2026-09-10T07:49+02:00,A16,L,35.205,4,speedlimit
2026-09-10T07:49+02:00,A4,R,53.944,2,speedlimit
2026-09-10T07:49+02:00,A4,L,5.225,6,speedlimit
2026-09-10T07:49+02:00,A4,f,7.4,2,speedlimit
2026-09-10T07:49+02:00,A29,L,11.95,4,speedlimit
2026-09-10T07:49+02:00,A16,R,20.2,1,speedlimit
2026-09-10T07:49+02:00,A20,s,29.6,2,speedlimit
2026-09-10T07:49+02:00,A16,L,14.17,2,speedlimit
2026-09-10T07:49+02:00,A15,L,65.25,2,speedlimit
2026-09-10T07:49+02:00,A15,L,65.685,3,speedlimit
2026-09-10T07:49+02:00,A16,R,33.135,4,speedlimit
2026-09-10T07:49+02:00,A4,L,7.841,3,speedlimit
2026-09-10T07:49+02:00,A15,y,47.43,2,speedlimit
2026-09-10T07:49+02:00,A4,d,53.0,1,speedlimit
2026-09-10T07:49+02:00,A16,L,34.335,1,speedlimit
2026-09-10T07:49+02:00,A16,R,25.2,1,speedlimit
2026-09-10T07:49+02:00,A4,L,2.006,2,speedlimit
2026-09-10T07:49+02:00,A15,R,58.05,2,speedlimit
2026-09-10T07:49+02:00,A15,x,46.135,3,speedlimit
2026-09-10T07:49+02:00,A4,L,0.86,1,speedlimit
2026-09-10T07:49+02:00,A20,R,38.91,3,speedlimit
2026-09-10T07:49+02:00,A20,R,26.93,4,speedlimit
2026-09-10T07:49+02:00,A20,R,28.57,3,speedlimit
2026-09-10T07:49+02:00,A15,L,70.95,3,speedlimit
2026-09-10T07:49+02:00,A16,L,36.355,3,speedlimit
2026-09-10T07:49+02:00,A16,x,18.229,1,speedlimit
2026-09-10T07:49+02:00,A15,R,63.533,2,speedlimit
2026-09-10T07:49+02:00,A16,R,25.66,1,speedlimit
2026-09-10T07:49+02:00,A16,L,43.69,1,speedlimit
2026-09-10T07:49+02:00,A15,R,61.05,1,speedlimit
2026-09-10T07:49+02:00,A16,R,20.2,3,speedlimit
2026-09-10T07:49+02:00,A29,v,10.8,1,speedlimit
2026-09-10T07:49+02:00,A16,L,34.018,1,speedlimit
2026-09-10T07:49+02:00,A16,R,31.74,5,speedlimit
2026-09-10T07:49+02:00,A4,L,2.447,4,speedlimit
2026-09-10T07:49+02:00,A29,s,9.64,2,speedlimit
2026-09-10T07:49+02:00,A29,L,98.33,2,speedlimit
2026-09-10T07:49+02:00,A13,L,18.8,2,speedlimit
2026-09-10T07:49+02:00,A15,R,60.49,4,speedlimit
2026-09-10T07:49+02:00,A15,R,62.454,3,speedlimit
2026-09-10T07:49+02:00,A4,R,54.927,2,speedlimit
2026-09-10T07:49+02:00,A20,R,27.235,1,speedlimit
2026-09-10T07:49+02:00,A20,R,39.515,2,speedlimit
2026-09-10T07:49+02:00,A20,L,28.41,2,speedlimit
2026-09-10T07:49+02:00,A4,L,25.35,1,speedlimit
2026-09-10T07:49+02:00,A16,R,58.91,3,speedlimit
2026-09-10T07:49+02:00,A4,L,52.018,2,speedlimit
2026-09-10T07:49+02:00,A15,R,57.78,1,speedlimit
2026-09-10T07:49+02:00,A16,R,31.25,4,speedlimit
2026-09-10T07:49+02:00,A20,R,24.715,1,speedlimit
2026-09-10T07:49+02:00,A4,n,35.06,1,speedlimit
2026-09-10T07:49+02:00,A4,R,51.388,2,speedlimit
2026-09-10T07:49+02:00,A4,L,52.018,3,speedlimit
2026-09-10T07:49+02:00,A4,R,72.736,1,speedlimit
2026-09-10T07:49+02:00,A4,L,3.65,4,speedlimit
2026-09-10T07:49+02:00,A20,R,23.0,4,speedlimit
2026-09-10T07:49+02:00,A20,R,27.79,2,speedlimit
2026-09-10T07:49+02:00,A13,R,18.5,3,speedlimit
2026-09-10T07:49+02:00,A20,R,28.57,4,speedlimit
2026-09-10T07:49+02:00,A20,R,31.26,4,speedlimit
2026-09-10T07:49+02:00,A20,L,29.826,2,speedlimit
2026-09-10T07:49+02:00,A29,L,96.343,1,speedlimit
2026-09-10T07:49+02:00,A20,L,35.925,1,lane_closed
2026-09-10T07:49+02:00,A4,R,73.284,1,speedlimit
2026-09-10T07:49+02:00,A16,L,45.805,1,speedlimit
2026-09-10T07:49+02:00,A16,n,33.61,1,speedlimit
2026-09-10T07:49+02:00,A4,L,25.95,3,speedlimit
2026-09-10T07:49+02:00,A15,L,48.05,3,speedlimit
2026-09-10T07:49+02:00,A20,L,28.57,1,speedlimit
2026-09-10T07:49+02:00,A20,R,34.684,1,speedlimit
2026-09-10T07:49+02:00,A16,L,31.805,2,speedlimit
2026-09-10T07:49+02:00,A4,L,24.75,1,speedlimit
2026-09-10T07:49+02:00,A4,L,24.165,1,speedlimit
2026-09-10T07:49+02:00,A15,R,83.55,2,speedlimit
2026-09-10T07:49+02:00,A16,R,32.22,5,speedlimit
2026-09-10T07:49+02:00,A16,n,33.354,2,speedlimit
2026-09-10T07:49+02:00,A16,L,38.22,1,speedlimit
2026-09-10T07:49+02:00,A20,R,29.5,4,speedlimit
2026-09-10T07:49+02:00,A4,L,49.84,1,speedlimit
2026-09-10T07:49+02:00,A15,x,46.135,1,speedlimit
2026-09-10T07:49+02:00,A4,L,32.115,2,speedlimit
2026-09-10T07:49+02:00,A4,L,7.526,2,speedlimit
2026-09-10T07:49+02:00,A16,R,23.2,2,speedlimit
2026-09-10T07:49+02:00,A15,L,73.755,1,speedlimit
2026-09-10T07:49+02:00,A15,m,60.07,1,speedlimit
2026-09-10T07:49+02:00,A15,R,84.87,3,speedlimit
2026-09-10T07:49+02:00,A15,L,72.96,1,speedlimit
2026-09-10T07:49+02:00,A4,L,26.58,3,speedlimit
2026-09-10T07:49+02:00,A16,R,24.71,3,lane_closed
2026-09-10T07:49+02:00,A4,m,6.901,1,speedlimit
2026-09-10T07:49+02:00,A15,L,72.58,2,speedlimit
2026-09-10T07:49+02:00,A4,L,22.537,2,speedlimit
2026-09-10T07:49+02:00,A16,R,32.76,5,speedlimit
2026-09-10T07:49+02:00,A20,R,16.96,2,speedlimit
2026-09-10T07:49+02:00,A4,L,24.165,3,speedlimit
2026-09-10T07:49+02:00,A16,R,16.3,3,speedlimit
2026-09-10T07:49+02:00,A4,L,7.072,1,speedlimit
2026-09-10T07:49+02:00,A16,R,31.74,4,speedlimit
2026-09-10T07:49+02:00,A4,R,73.414,1,speedlimit
2026-09-10T07:49+02:00,A16,L,34.6,1,lane_closed
2026-09-10T07:49+02:00,A16,x,21.9,2,speedlimit
2026-09-10T07:49+02:00,A20,R,28.1,2,speedlimit
2026-09-10T07:49+02:00,A20,R,26.64,1,speedlimit
2026-09-10T07:49+02:00,A16,R,22.7,5,speedlimit
2026-09-10T07:49+02:00,A20,R,25.7,3,speedlimit
2026-09-10T07:49+02:00,A15,R,61.05,4,speedlimit
2026-09-10T07:49+02:00,A15,L,64.2,2,speedlimit
2026-09-10T07:49+02:00,A4,L,7.841,4,speedlimit
2026-09-10T07:49+02:00,A15,R,60.49,3,speedlimit
2026-09-10T07:49+02:00,A4,L,50.798,4,speedlimit
2026-09-10T07:49+02:00,A15,L,74.085,3,speedlimit
2026-09-10T07:49+02:00,A29,L,98.69,1,speedlimit
2026-09-10T07:49+02:00,A29,R,9.83,1,speedlimit
2026-09-10T07:49+02:00,A16,L,45.39,1,speedlimit
2026-09-10T07:49+02:00,A16,x,17.813,1,speedlimit
2026-09-10T07:49+02:00,A4,f,6.9,1,speedlimit
2026-09-10T07:49+02:00,A20,L,32.8,2,speedlimit
2026-09-10T07:49+02:00,A4,L,0.86,3,speedlimit
2026-09-10T07:49+02:00,A20,R,21.83,1,speedlimit
2026-09-10T07:49+02:00,A16,L,30.73,4,speedlimit
2026-09-10T07:49+02:00,A4,L,8.14,2,speedlimit
2026-09-10T07:49+02:00,A4,L,24.165,2,speedlimit
2026-09-10T07:49+02:00,A16,L,48.03,1,speedlimit
2026-09-10T07:49+02:00,A16,L,26.05,1,speedlimit
2026-09-10T07:49+02:00,A4,L,36.23,1,speedlimit
2026-09-10T07:49+02:00,A15,L,65.25,4,speedlimit
2026-09-10T07:49+02:00,A15,R,59.2,1,speedlimit
2026-09-10T07:49+02:00,A4,L,36.73,4,speedlimit
2026-09-10T07:49+02:00,A13,L,17.1,3,speedlimit
2026-09-10T07:49+02:00,A16,R,66.22,2,speedlimit
2026-09-10T07:49+02:00,A4,R,35.8,1,speedlimit
2026-09-10T07:49+02:00,A20,R,42.0,1,speedlimit
2026-09-10T07:49+02:00,A16,b,19.862,1,speedlimit
2026-09-10T07:49+02:00,A4,L,7.22,3,speedlimit
2026-09-10T07:49+02:00,A29,L,10.63,1,speedlimit
2026-09-10T07:49+02:00,A4,R,35.8,2,speedlimit
2026-09-10T07:49+02:00,A16,L,59.51,1,speedlimit
2026-09-10T07:49+02:00,A16,L,39.25,3,speedlimit
2026-09-10T07:49+02:00,A16,h,61.37,2,speedlimit
2026-09-10T07:49+02:00,A20,L,36.625,1,lane_closed
2026-09-10T07:49+02:00,A4,L,31.63,2,speedlimit
2026-09-10T07:49+02:00,A15,R,62.454,2,lane_closed_ahead
2026-09-10T07:49+02:00,A29,L,11.525,1,speedlimit
2026-09-10T07:49+02:00,A4,L,5.549,6,speedlimit
2026-09-10T07:49+02:00,A4,L,36.73,2,speedlimit
2026-09-10T07:49+02:00,A16,R,33.135,2,speedlimit
2026-09-10T07:49+02:00,A16,L,35.76,1,speedlimit
2026-09-10T07:49+02:00,A15,m,62.998,3,speedlimit
2026-09-10T07:49+02:00,A15,L,43.46,4,speedlimit
2026-09-10T07:49+02:00,A20,R,16.665,2,speedlimit
2026-09-10T07:49+02:00,A4,h,70.25,2,speedlimit
2026-09-10T07:49+02:00,A15,R,84.01,3,speedlimit
2026-09-10T07:49+02:00,A4,R,32.85,3,speedlimit
2026-09-10T07:49+02:00,A16,R,66.81,3,speedlimit
2026-09-10T07:49+02:00,A29,s,9.64,1,speedlimit
2026-09-10T07:49+02:00,A20,L,27.488,1,speedlimit
2026-09-10T07:49+02:00,A4,L,58.82,1,speedlimit
2026-09-10T07:49+02:00,A16,n,34.018,1,speedlimit
2026-09-10T07:49+02:00,A20,L,27.2,1,speedlimit
2026-09-10T07:49+02:00,A4,h,46.06,2,speedlimit
2026-09-10T07:49+02:00,A15,R,59.57,2,speedlimit
2026-09-10T07:49+02:00,A20,L,27.8,2,speedlimit
2026-09-10T07:49+02:00,A16,n,33.61,2,speedlimit
2026-09-10T07:49+02:00,A29,L,13.18,1,speedlimit
2026-09-10T07:49+02:00,A15,L,71.42,4,speedlimit
2026-09-10T07:49+02:00,A16,L,16.935,2,speedlimit
2026-09-10T07:49+02:00,A15,R,58.05,5,speedlimit
2026-09-10T07:49+02:00,A13,L,18.2,3,speedlimit
2026-09-10T07:49+02:00,A4,L,1.156,2,speedlimit
2026-09-10T07:49+02:00,A29,L,12.635,3,speedlimit
2026-09-10T07:49+02:00,A15,R,64.9,4,speedlimit
2026-09-10T07:49+02:00,A16,L,31.425,4,speedlimit
2026-09-10T07:49+02:00,A16,R,29.28,5,speedlimit
2026-09-10T07:49+02:00,A4,R,32.4,2,speedlimit
2026-09-10T07:49+02:00,A16,R,32.933,1,speedlimit
2026-09-10T07:49+02:00,A4,n,33.79,1,speedlimit
2026-09-10T07:49+02:00,A4,n,33.79,2,speedlimit
2026-09-10T07:49+02:00,A4,L,53.26,2,speedlimit
2026-09-10T07:49+02:00,A4,R,73.544,1,speedlimit
2026-09-10T07:49+02:00,A29,L,10.63,2,speedlimit
2026-09-10T07:49+02:00,A16,R,32.518,4,speedlimit
2026-09-10T07:49+02:00,A20,R,22.735,1,speedlimit
2026-09-10T07:49+02:00,A16,L,35.205,2,speedlimit
2026-09-10T07:49+02:00,A16,L,51.84,1,speedlimit
2026-09-10T07:49+02:00,A20,L,31.88,1,speedlimit
2026-09-10T07:49+02:00,A16,L,51.84,3,speedlimit
2026-09-10T07:49+02:00,A15,L,73.92,2,speedlimit
2026-09-10T07:49+02:00,A16,d,35.7,1,speedlimit
2026-09-10T07:49+02:00,A29,L,11.06,1,speedlimit
2026-09-10T07:49+02:00,A13,L,16.7,2,speedlimit
2026-09-10T07:49+02:00,A4,R,34.3,1,speedlimit
2026-09-10T07:49+02:00,A20,L,30.9,2,speedlimit
2026-09-10T07:49+02:00,A15,L,94.27,2,speedlimit
2026-09-10T07:49+02:00,A16,n,34.225,1,speedlimit
2026-09-10T07:49+02:00,A16,R,31.25,5,speedlimit
2026-09-10T07:49+02:00,A15,L,73.92,3,speedlimit
2026-09-10T07:49+02:00,A16,R,60.5,3,speedlimit
2026-09-10T07:49+02:00,A4,L,32.115,3,speedlimit
2026-09-10T07:49+02:00,A4,f,7.5,1,speedlimit
2026-09-10T07:49+02:00,A20,L,38.91,2,speedlimit
2026-09-10T07:49+02:00,A4,L,35.46,1,speedlimit
2026-09-10T07:49+02:00,A16,L,43.145,1,speedlimit
2026-09-10T07:49+02:00,A16,R,21.5,1,speedlimit
2026-09-10T07:49+02:00,A15,R,65.3,2,speedlimit
2026-09-10T07:49+02:00,A20,L,28.085,1,speedlimit
2026-09-10T07:49+02:00,A16,x,18.229,2,speedlimit
2026-09-10T07:49+02:00,A4,m,8.15,1,speedlimit
2026-09-10T07:49+02:00,A4,L,38.01,1,speedlimit
2026-09-10T07:49+02:00,A20,s,35.6,1,speedlimit
2026-09-10T07:49+02:00,A15,R,58.05,3,speedlimit
2026-09-10T07:49+02:00,A15,L,71.9,2,speedlimit
2026-09-10T07:49+02:00,A15,h,70.04,2,speedlimit
2026-09-10T07:49+02:00,A16,R,32.76,4,speedlimit
2026-09-10T07:49+02:00,A16,L,26.05,2,speedlimit
2026-09-10T07:49+02:00,A16,R,33.609,2,lane_closed
2026-09-10T07:49+02:00,A16,R,32.22,2,speedlimit
2026-09-10T07:49+02:00,A15,L,93.81,1,speedlimit
2026-09-10T07:49+02:00,A15,R,61.33,3,speedlimit
2026-09-10T07:49+02:00,A29,L,99.1,2,speedlimit
2026-09-10T07:49+02:00,A4,R,54.487,3,speedlimit
2026-09-10T07:49+02:00,A16,R,60.05,1,speedlimit
2026-09-10T07:49+02:00,A16,R,22.7,4,speedlimit
2026-09-10T07:49+02:00,A4,R,33.8,1,speedlimit
2026-09-10T07:49+02:00,A20,R,30.6,1,speedlimit
2026-09-10T07:49+02:00,A13,R,17.1,3,speedlimit
2026-09-10T07:49+02:00,A4,L,25.95,2,speedlimit
2026-09-10T07:49+02:00,A4,n,35.46,4,speedlimit
2026-09-10T07:49+02:00,A16,x,25.2,3,speedlimit
2026-09-10T07:49+02:00,A15,R,62.752,4,speedlimit
2026-09-10T07:49+02:00,A16,L,31.805,3,speedlimit
2026-09-10T07:49+02:00,A16,L,38.73,1,speedlimit
2026-09-10T07:49+02:00,A16,L,51.08,3,speedlimit
2026-09-10T07:49+02:00,A4,L,23.5,3,speedlimit
2026-09-10T07:49+02:00,A20,R,26.93,3,speedlimit
2026-09-10T07:49+02:00,A15,R,62.062,2,speedlimit
2026-09-10T07:49+02:00,A16,R,17.463,1,speedlimit
2026-09-10T07:49+02:00,A4,R,73.544,2,speedlimit
2026-09-10T07:49+02:00,A20,L,31.4,1,speedlimit
2026-09-10T07:49+02:00,A16,L,30.2,1,speedlimit
2026-09-10T07:49+02:00,A29,s,10.4,1,speedlimit
2026-09-10T07:49+02:00,A16,R,59.51,1,speedlimit
2026-09-10T07:49+02:00,A15,R,61.05,3,speedlimit
2026-09-10T07:49+02:00,A16,R,17.036,5,speedlimit
2026-09-10T07:49+02:00,A16,R,18.924,1,speedlimit
2026-09-10T07:49+02:00,A4,L,5.225,3,speedlimit
2026-09-10T07:49+02:00,A4,m,6.6,2,speedlimit
2026-09-10T07:49+02:00,A16,R,23.5,3,speedlimit
2026-09-10T07:49+02:00,A15,m,59.11,2,speedlimit
2026-09-10T07:49+02:00,A15,m,62.708,3,speedlimit
2026-09-10T07:49+02:00,A16,L,34.44,2,lane_closed
2026-09-10T07:49+02:00,A4,L,7.526,4,speedlimit
2026-09-10T07:49+02:00,A4,L,8.14,4,speedlimit
2026-09-10T07:49+02:00,A4,m,7.3,2,speedlimit
2026-09-10T07:49+02:00,A16,L,33.904,1,speedlimit
2026-09-10T07:49+02:00,A4,L,32.115,1,speedlimit
2026-09-10T07:49+02:00,A16,L,36.07,2,speedlimit
2026-09-10T07:49+02:00,A4,m,7.2,1,speedlimit
2026-09-10T07:49+02:00,A20,L,31.1,2,speedlimit
2026-09-10T07:49+02:00,A15,e,63.942,1,lane_closed
2026-09-10T07:49+02:00,A16,R,19.3,2,speedlimit
2026-09-10T07:49+02:00,A4,g,63.875,2,speedlimit
2026-09-10T07:49+02:00,A4,h,70.25,1,speedlimit
2026-09-10T07:49+02:00,A4,L,23.0,3,speedlimit
2026-09-10T07:49+02:00,A16,L,26.05,4,speedlimit
2026-09-10T07:49+02:00,A4,R,32.85,4,speedlimit
2026-09-10T07:49+02:00,A13,g,18.7,2,speedlimit
2026-09-10T07:49+02:00,A15,L,65.685,2,speedlimit
2026-09-10T07:49+02:00,A16,L,27.6,3,speedlimit
2026-09-10T07:49+02:00,A20,L,31.4,2,speedlimit
2026-09-10T07:49+02:00,A16,L,26.48,2,speedlimit
2026-09-10T07:49+02:00,A4,L,1.555,2,speedlimit
2026-09-10T07:49+02:00,A4,R,35.48,1,speedlimit
2026-09-10T07:49+02:00,A4,L,49.84,3,speedlimit
2026-09-10T07:49+02:00,A20,R,23.27,2,speedlimit
2026-09-10T07:49+02:00,A4,L,7.072,3,speedlimit
2026-09-10T07:49+02:00,A15,R,61.63,1,speedlimit
2026-09-10T07:49+02:00,A16,R,30.05,2,speedlimit
2026-09-10T07:49+02:00,A16,L,14.32,1,speedlimit
2026-09-10T07:49+02:00,A16,R,22.7,1,speedlimit
2026-09-10T07:49+02:00,A15,L,71.42,3,speedlimit
2026-09-10T07:49+02:00,A15,L,75.375,2,speedlimit
2026-09-10T07:49+02:00,A15,R,61.33,4,speedlimit
2026-09-10T07:49+02:00,A20,R,24.07,2,speedlimit
2026-09-10T07:49+02:00,A4,f,7.4,1,speedlimit
2026-09-10T07:49+02:00,A15,y,47.43,3,speedlimit
2026-09-10T07:49+02:00,A4,L,31.28,2,speedlimit
2026-09-10T07:49+02:00,A4,d,53.0,2,speedlimit
2026-09-10T07:49+02:00,A15,L,74.625,1,speedlimit
2026-09-10T07:49+02:00,A16,x,21.0,3,speedlimit
2026-09-10T07:49+02:00,A4,R,54.927,1,speedlimit
2026-09-10T07:49+02:00,A13,L,15.9,3,lane_closed
2026-09-10T07:49+02:00,A15,L,75.375,1,speedlimit
2026-09-10T07:49+02:00,A20,R,43.32,2,speedlimit
2026-09-10T07:49+02:00,A16,L,30.2,2,speedlimit
2026-09-10T07:49+02:00,A20,R,21.53,3,speedlimit
2026-09-10T07:49+02:00,A16,x,21.5,2,speedlimit
2026-09-10T07:49+02:00,A16,x,24.905,3,speedlimit
2026-09-10T07:49+02:00,A16,R,24.71,2,lane_closed
2026-09-10T07:49+02:00,A15,L,77.045,1,speedlimit
2026-09-10T07:49+02:00,A4,L,7.841,2,speedlimit
2026-09-10T07:49+02:00,A4,L,3.062,3,speedlimit
2026-09-10T07:49+02:00,A13,R,16.2,1,speedlimit
2026-09-10T07:49+02:00,A20,L,37.8,2,speedlimit
2026-09-10T07:49+02:00,A16,L,47.41,1,speedlimit
2026-09-10T07:49+02:00,A15,L,76.745,3,speedlimit
2026-09-10T07:49+02:00,A15,L,71.9,3,speedlimit
2026-09-10T07:49+02:00,A4,h,70.25,4,speedlimit
2026-09-10T07:49+02:00,A29,s,10.4,2,speedlimit
2026-09-10T07:49+02:00,A13,R,18.5,2,speedlimit
2026-09-10T07:49+02:00,A16,L,36.07,1,speedlimit
2026-09-10T07:49+02:00,A20,L,30.196,1,speedlimit
2026-09-10T07:49+02:00,A4,f,6.6,1,speedlimit
2026-09-10T07:49+02:00,A4,R,51.388,3,speedlimit
2026-09-10T07:49+02:00,A16,R,19.862,2,speedlimit
2026-09-10T07:49+02:00,A15,L,73.59,3,speedlimit
2026-09-10T07:49+02:00,A4,L,24.75,2,speedlimit
2026-09-10T07:49+02:00,A16,L,34.225,1,speedlimit
2026-09-10T07:49+02:00,A16,R,24.71,5,speedlimit
2026-09-10T07:49+02:00,A4,L,2.792,1,speedlimit
2026-09-10T07:49+02:00,A16,R,21.9,2,speedlimit
2026-09-10T07:49+02:00,A16,R,59.51,3,speedlimit
2026-09-10T07:49+02:00,A20,R,34.684,4,speedlimit
2026-09-10T07:49+02:00,A4,L,23.5,2,speedlimit
2026-09-10T07:49+02:00,A20,R,27.79,1,speedlimit
2026-09-10T07:49+02:00,A4,L,2.447,1,speedlimit
2026-09-10T07:49+02:00,A20,r,35.245,1,speedlimit
2026-09-10T07:49+02:00,A16,L,51.08,2,speedlimit
2026-09-10T07:49+02:00,A15,R,61.33,1,speedlimit
2026-09-10T07:49+02:00,A15,R,82.4,1,speedlimit
2026-09-10T07:49+02:00,A16,R,58.25,2,speedlimit
2026-09-10T07:49+02:00,A20,L,29.826,1,speedlimit
2026-09-10T07:49+02:00,A16,L,27.6,1,speedlimit
2026-09-10T07:49+02:00,A16,L,45.805,2,speedlimit
2026-09-10T07:49+02:00,A4,R,52.598,4,speedlimit
2026-09-10T07:49+02:00,A16,L,31.425,2,speedlimit
2026-09-10T07:49+02:00,A15,R,84.475,1,speedlimit
2026-09-10T07:49+02:00,A4,m,7.4,1,speedlimit
2026-09-10T07:49+02:00,A16,x,21.9,1,speedlimit
2026-09-10T07:49+02:00,A15,R,62.752,3,speedlimit
2026-09-10T07:49+02:00,A16,x,24.905,1,speedlimit
2026-09-10T07:49+02:00,A4,R,73.691,1,speedlimit
2026-09-10T07:49+02:00,A16,R,66.52,1,speedlimit
2026-09-10T07:49+02:00,A4,R,55.08,1,speedlimit
2026-09-10T07:49+02:00,A16,R,30.05,4,speedlimit
2026-09-10T07:49+02:00,A20,R,28.41,2,speedlimit
2026-09-10T07:49+02:00,A4,L,6.902,4,speedlimit
2026-09-10T07:49+02:00,A16,x,21.5,1,speedlimit
2026-09-10T07:49+02:00,A16,L,31.805,5,speedlimit
2026-09-10T07:49+02:00,A16,L,14.17,1,speedlimit
2026-09-10T07:49+02:00,A16,R,29.28,4,speedlimit
2026-09-10T07:49+02:00,A15,R,84.01,2,speedlimit
2026-09-10T07:49+02:00,A16,L,25.682,4,speedlimit
2026-09-10T07:49+02:00,A4,L,5.549,1,speedlimit
2026-09-10T07:49+02:00,A16,n,34.13,1,speedlimit
2026-09-10T07:49+02:00,A15,x,50.475,1,speedlimit
2026-09-10T07:49+02:00,A15,R,62.062,1,lane_closed_ahead
2026-09-10T07:49+02:00,A4,R,52.598,5,speedlimit
2026-09-10T07:49+02:00,A20,R,22.181,1,speedlimit
2026-09-10T07:49+02:00,A20,L,48.2,2,speedlimit
2026-09-10T07:49+02:00,A20,L,40.2,2,speedlimit
2026-09-10T07:49+02:00,A4,R,74.194,1,speedlimit
2026-09-10T07:49+02:00,A20,R,39.515,1,speedlimit
2026-09-10T07:49+02:00,A15,L,94.625,1,speedlimit
2026-09-10T07:49+02:00,A20,R,29.1,1,speedlimit
2026-09-10T07:49+02:00,A4,R,31.905,1,speedlimit
2026-09-10T07:49+02:00,A16,L,31.425,1,speedlimit
2026-09-10T07:49+02:00,A4,L,0.86,2,speedlimit
2026-09-10T07:49+02:00,A13,R,17.8,1,speedlimit
2026-09-10T07:49+02:00,A29,L,11.06,3,speedlimit
2026-09-10T07:49+02:00,A20,R,28.41,1,speedlimit
2026-09-10T07:49+02:00,A4,n,33.18,2,speedlimit
2026-09-10T07:49+02:00,A16,L,26.48,3,speedlimit
2026-09-10T07:49+02:00,A20,R,31.9,2,speedlimit
2026-09-10T07:49+02:00,A16,R,22.4,3,speedlimit
2026-09-10T07:49+02:00,A4,f,6.9,2,speedlimit
2026-09-10T07:49+02:00,A4,n,35.46,2,speedlimit
2026-09-10T07:49+02:00,A16,L,34.44,1,lane_closed
2026-09-10T07:49+02:00,A15,L,75.86,1,speedlimit
2026-09-10T07:49+02:00,A15,R,61.63,5,speedlimit
2026-09-10T07:49+02:00,A29,L,11.525,3,speedlimit
2026-09-10T07:49+02:00,A29,L,12.635,2,speedlimit
2026-09-10T07:49+02:00,A4,L,3.062,5,speedlimit
2026-09-10T07:49+02:00,A20,L,31.1,3,speedlimit
2026-09-10T07:49+02:00,A16,L,41.96,1,speedlimit
2026-09-10T07:49+02:00,A15,R,57.78,4,speedlimit
2026-09-10T07:49+02:00,A15,R,57.31,3,speedlimit
2026-09-10T07:49+02:00,A15,R,61.33,6,speedlimit
2026-09-10T07:49+02:00,A16,R,23.2,5,speedlimit
2026-09-10T07:49+02:00,A29,R,9.83,3,speedlimit
2026-09-10T07:49+02:00,A15,R,62.454,5,speedlimit
2026-09-10T07:49+02:00,A16,L,49.78,1,speedlimit
2026-09-10T07:49+02:00,A16,L,15.73,2,speedlimit
2026-09-10T07:49+02:00,A16,L,61.99,1,speedlimit
2026-09-10T07:49+02:00,A4,R,72.58,2,speedlimit
2026-09-10T07:49+02:00,A15,R,60.49,2,speedlimit
2026-09-10T07:49+02:00,A16,R,58.91,1,speedlimit
2026-09-10T07:49+02:00,A4,L,36.73,1,speedlimit
2026-09-10T07:49+02:00,A20,R,27.488,2,speedlimit
2026-09-10T07:49+02:00,A4,R,53.944,1,speedlimit
2026-09-10T07:49+02:00,A20,t,28.895,1,speedlimit
2026-09-10T07:49+02:00,A16,L,37.6,3,speedlimit
2026-09-10T07:49+02:00,A20,L,32.8,1,speedlimit
2026-09-10T07:49+02:00,A16,R,21.0,1,speedlimit
2026-09-10T07:49+02:00,A29,L,12.52,2,speedlimit
2026-09-10T07:49+02:00,A16,L,43.69,3,speedlimit
2026-09-10T07:49+02:00,A16,L,16.48,3,speedlimit
2026-09-10T07:49+02:00,A15,p,50.05,1,speedlimit
2026-09-10T07:49+02:00,A4,L,60.268,3,speedlimit
2026-09-10T07:49+02:00,A20,R,28.8,2,speedlimit
2026-09-10T07:49+02:00,A16,x,19.3,2,speedlimit
2026-09-10T07:49+02:00,A16,L,26.99,3,speedlimit
2026-09-10T07:49+02:00,A4,L,49.37,3,speedlimit
2026-09-10T07:49+02:00,A16,R,16.3,2,speedlimit
2026-09-10T07:49+02:00,A16,R,19.3,3,speedlimit
2026-09-10T07:49+02:00,A16,e,61.15,2,speedlimit
2026-09-10T07:49+02:00,A4,f,69.17,1,speedlimit
2026-09-10T07:49+02:00,A20,L,31.1,1,speedlimit
2026-09-10T07:49+02:00,A15,L,73.25,4,speedlimit
2026-09-10T07:49+02:00,A13,L,16.19,3,lane_closed
2026-09-10T07:49+02:00,A16,L,61.99,2,speedlimit
2026-09-10T07:49+02:00,A13,L,15.035,5,lane_closed
2026-09-10T07:49+02:00,A16,R,32.76,2,speedlimit
2026-09-10T07:49+02:00,A16,L,16.48,2,speedlimit
2026-09-10T07:49+02:00,A16,R,32.518,3,speedlimit
2026-09-10T07:49+02:00,A4,R,52.018,2,speedlimit
2026-09-10T07:49+02:00,A15,L,48.05,4,speedlimit
2026-09-10T07:49+02:00,A4,L,52.018,4,speedlimit
2026-09-10T07:49+02:00,A4,R,53.111,2,speedlimit
2026-09-10T07:49+02:00,A20,L,27.8,1,speedlimit
2026-09-10T07:49+02:00,A16,R,23.2,1,speedlimit
2026-09-10T07:49+02:00,A15,L,72.96,2,speedlimit
2026-09-10T07:49+02:00,A16,L,39.875,1,speedlimit
2026-09-10T07:49+02:00,A16,R,29.28,3,speedlimit
2026-09-10T07:49+02:00,A16,L,14.32,2,speedlimit
2026-09-10T07:49+02:00,A4,n,35.46,3,speedlimit
2026-09-10T07:49+02:00,A16,R,32.933,2,speedlimit
2026-09-10T07:49+02:00,A16,L,39.25,1,speedlimit
2026-09-10T07:49+02:00,A20,R,23.0,2,speedlimit
2026-09-10T07:49+02:00,A4,R,54.487,1,speedlimit
2026-09-10T07:49+02:00,A20,R,29.1,2,speedlimit
2026-09-10T07:49+02:00,A16,L,31.425,5,speedlimit
2026-09-10T07:49+02:00,A13,g,18.7,1,speedlimit
2026-09-10T07:49+02:00,A15,L,74.625,3,speedlimit
2026-09-10T07:49+02:00,A15,L,72.58,1,speedlimit
2026-09-10T07:49+02:00,A4,R,73.006,1,speedlimit
2026-09-10T07:49+02:00,A15,m,62.998,2,speedlimit
2026-09-10T07:49+02:00,A20,R,28.57,2,speedlimit
2026-09-10T07:49+02:00,A20,R,40.985,2,speedlimit
2026-09-10T07:49+02:00,A20,R,26.64,2,speedlimit
2026-09-10T07:49+02:00,A4,L,7.22,2,speedlimit
2026-09-10T07:49+02:00,A4,L,0.493,3,speedlimit
2026-09-10T07:49+02:00,A15,L,64.2,3,speedlimit
2026-09-10T07:49+02:00,A20,L,29.1,1,speedlimit
2026-09-10T07:49+02:00,A16,R,21.0,3,speedlimit
2026-09-10T07:49+02:00,A16,R,60.05,2,speedlimit
2026-09-10T07:49+02:00,A16,L,39.875,2,speedlimit
2026-09-10T07:49+02:00,A4,R,33.17,1,speedlimit
2026-09-10T07:49+02:00,A16,L,37.6,2,speedlimit
2026-09-10T07:49+02:00,A16,L,41.53,2,speedlimit
2026-09-10T07:49+02:00,A13,L,18.2,1,speedlimit
2026-09-10T07:49+02:00,A16,L,25.682,2,speedlimit
2026-09-10T07:49+02:00,A4,L,1.156,5,speedlimit
2026-09-10T07:49+02:00,A15,e,63.451,1,lane_closed
2026-09-10T07:49+02:00,A15,L,64.67,2,speedlimit
2026-09-10T07:49+02:00,A13,L,12.7,4,lane_closed
2026-09-10T07:49+02:00,A16,L,26.99,4,speedlimit
2026-09-10T07:49+02:00,A20,L,31.88,2,speedlimit
2026-09-10T07:49+02:00,A16,L,59.51,3,speedlimit
2026-09-10T07:49+02:00,A4,R,32.85,5,speedlimit
2026-09-10T07:49+02:00,A20,R,21.83,4,speedlimit
2026-09-10T07:49+02:00,A16,L,49.78,3,speedlimit
2026-09-10T07:49+02:00,A15,L,93.81,2,speedlimit
2026-09-10T07:49+02:00,A16,L,34.6,2,lane_closed
2026-09-10T07:49+02:00,A15,R,62.454,4,speedlimit
2026-09-10T07:49+02:00,A20,R,22.735,3,speedlimit
2026-09-10T07:49+02:00,A16,R,20.5,2,speedlimit
2026-09-10T07:49+02:00,A16,R,32.933,3,speedlimit
2026-09-10T07:49+02:00,A16,x,20.5,3,speedlimit
2026-09-10T07:49+02:00,A20,L,28.085,2,speedlimit
2026-09-10T07:49+02:00,A16,m,33.609,2,lane_closed
2026-09-10T07:49+02:00,A15,L,43.46,3,speedlimit
2026-09-10T07:49+02:00,A4,R,34.3,2,speedlimit
2026-09-10T07:49+02:00,A15,R,62.062,3,speedlimit
2026-09-10T07:49+02:00,A4,L,31.28,1,speedlimit
2026-09-10T07:49+02:00,A16,L,15.16,2,speedlimit
2026-09-10T07:49+02:00,A15,x,46.135,2,speedlimit
2026-09-10T07:49+02:00,A15,R,82.4,2,speedlimit
2026-09-10T07:49+02:00,A4,f,69.17,2,speedlimit
2026-09-10T07:49+02:00,A16,R,17.036,1,speedlimit
2026-09-10T07:49+02:00,A29,L,12.52,1,speedlimit
2026-09-10T07:49+02:00,A20,R,30.6,3,speedlimit
2026-09-10T07:49+02:00,A4,R,55.08,4,speedlimit
2026-09-10T07:49+02:00,A4,L,26.58,1,speedlimit
2026-09-10T07:49+02:00,A15,m,58.65,3,speedlimit
2026-09-10T07:49+02:00,A20,L,35.52,1,lane_closed
2026-09-10T07:49+02:00,A15,R,62.062,4,speedlimit
2026-09-10T07:49+02:00,A15,L,73.59,2,speedlimit
2026-09-10T07:49+02:00,A29,s,9.91,1,speedlimit
2026-09-10T07:49+02:00,A4,L,31.28,3,speedlimit
2026-09-10T07:49+02:00,A16,L,40.4,3,speedlimit
2026-09-10T07:49+02:00,A16,R,66.52,4,speedlimit
2026-09-10T07:49+02:00,A20,R,43.32,1,speedlimit
2026-09-10T07:49+02:00,A4,R,72.321,2,speedlimit
2026-09-10T07:49+02:00,A16,x,25.66,2,speedlimit
2026-09-10T07:49+02:00,A20,R,29.8,2,speedlimit
2026-09-10T07:49+02:00,A16,L,42.61,3,speedlimit
2026-09-10T07:49+02:00,A4,R,52.018,4,speedlimit
2026-09-10T07:49+02:00,A4,L,25.95,1,speedlimit
2026-09-10T07:49+02:00,A15,L,64.2,1,lane_closed
2026-09-10T07:49+02:00,A20,R,27.235,2,speedlimit
2026-09-10T07:49+02:00,A16,L,26.48,4,speedlimit
2026-09-10T07:49+02:00,A4,L,53.0,2,speedlimit
2026-09-10T07:49+02:00,A20,L,37.3,1,lane_closed
2026-09-10T07:49+02:00,A4,L,2.792,2,speedlimit
2026-09-10T07:49+02:00,A15,R,59.95,1,speedlimit
2026-09-10T07:49+02:00,A15,L,77.045,3,speedlimit
2026-09-10T07:49+02:00,A13,R,18.2,1,speedlimit
2026-09-10T07:49+02:00,A16,L,34.13,2,speedlimit
2026-09-10T07:49+02:00,A16,R,25.66,2,lane_closed
2026-09-10T07:49+02:00,A16,R,66.52,3,speedlimit
2026-09-10T07:49+02:00,A16,R,31.25,2,speedlimit
2026-09-10T07:49+02:00,A4,L,4.44,2,speedlimit
2026-09-10T07:49+02:00,A15,L,75.86,2,speedlimit
2026-09-10T07:49+02:00,A16,L,30.73,1,speedlimit
2026-09-10T07:49+02:00,A4,L,25.35,2,speedlimit
2026-09-10T07:49+02:00,A20,R,40.2,1,speedlimit
2026-09-10T07:49+02:00,A15,L,65.25,1,lane_closed_ahead
2026-09-10T07:49+02:00,A16,L,36.99,1,speedlimit
2026-09-10T07:49+02:00,A16,L,40.93,1,speedlimit
2026-09-10T07:49+02:00,A4,L,36.36,3,speedlimit
2026-09-10T07:49+02:00,A29,L,10.78,1,speedlimit
2026-09-10T07:49+02:00,A4,f,7.841,4,speedlimit
2026-09-10T07:49+02:00,A15,L,76.745,1,speedlimit
2026-09-10T07:49+02:00,A4,f,7.1,1,speedlimit
2026-09-10T07:49+02:00,A15,e,95.55,1,speedlimit
2026-09-10T07:49+02:00,A4,L,6.592,3,speedlimit
2026-09-10T07:49+02:00,A13,e,19.1,1,speedlimit
2026-09-10T07:49+02:00,A4,n,35.06,2,speedlimit
2026-09-10T07:49+02:00,A4,n,34.6,2,speedlimit
2026-09-10T07:49+02:00,A20,R,17.33,1,speedlimit
2026-09-10T07:49+02:00,A29,L,10.63,4,speedlimit
2026-09-10T07:49+02:00,A4,L,23.5,1,speedlimit
2026-09-10T07:49+02:00,A4,L,3.65,1,speedlimit
2026-09-10T07:49+02:00,A16,L,14.46,1,speedlimit
2026-09-10T07:49+02:00,A29,R,9.83,2,speedlimit
2026-09-10T07:49+02:00,A16,L,40.4,1,speedlimit
2026-09-10T07:49+02:00,A20,L,47.5,1,speedlimit
2026-09-10T07:49+02:00,A4,L,58.82,2,speedlimit
2026-09-10T07:49+02:00,A4,L,2.792,4,speedlimit
2026-09-10T07:49+02:00,A4,L,38.01,3,speedlimit
2026-09-10T07:49+02:00,A20,R,17.33,2,speedlimit
2026-09-10T07:49+02:00,A15,L,75.86,3,speedlimit
2026-09-10T07:49+02:00,A16,n,34.335,2,speedlimit
2026-09-10T07:49+02:00,A16,R,66.81,4,speedlimit
2026-09-10T07:49+02:00,A16,L,30.73,2,speedlimit
2026-09-10T07:49+02:00,A4,L,8.14,1,speedlimit
2026-09-10T07:49+02:00,A4,m,6.901,2,speedlimit
2026-09-10T07:49+02:00,A16,L,42.61,1,speedlimit
2026-09-10T07:49+02:00,A15,R,60.49,1,speedlimit
2026-09-10T07:49+02:00,A13,L,17.8,3,speedlimit
2026-09-10T07:49+02:00,A4,L,51.458,2,speedlimit
2026-09-10T07:49+02:00,A15,R,65.3,4,speedlimit
2026-09-10T07:49+02:00,A4,f,69.8,1,speedlimit
2026-09-10T07:49+02:00,A20,R,22.735,5,speedlimit
2026-09-10T07:49+02:00,A4,f,7.841,3,speedlimit
2026-09-10T07:49+02:00,A16,R,31.74,1,speedlimit
2026-09-10T07:49+02:00,A4,L,5.93,3,speedlimit
2026-09-10T07:49+02:00,A4,R,73.691,2,speedlimit
2026-09-10T07:49+02:00,A15,R,57.78,5,speedlimit
2026-09-10T07:49+02:00,A4,m,7.8,1,speedlimit
2026-09-10T07:49+02:00,A20,R,31.26,1,speedlimit
2026-09-10T07:49+02:00,A16,R,23.5,1,speedlimit
2026-09-10T07:49+02:00,A16,x,18.543,2,speedlimit
2026-09-10T07:49+02:00,A20,u,35.09,1,speedlimit
2026-09-10T07:49+02:00,A4,L,5.93,5,speedlimit
2026-09-10T07:49+02:00,A16,x,17.813,2,speedlimit
2026-09-10T07:49+02:00,A4,L,7.526,1,speedlimit
2026-09-10T07:49+02:00,A15,L,94.27,1,speedlimit
2026-09-10T07:49+02:00,A16,R,21.5,3,speedlimit
2026-09-10T07:49+02:00,A15,R,61.05,5,speedlimit
2026-09-10T07:49+02:00,A16,L,16.48,4,speedlimit
2026-09-10T07:49+02:00,A16,L,41.53,3,speedlimit
2026-09-10T07:49+02:00,A16,x,21.0,1,speedlimit
2026-09-10T07:49+02:00,A4,L,7.841,1,speedlimit
2026-09-10T07:49+02:00,A4,f,69.8,2,speedlimit
2026-09-10T07:49+02:00,A20,R,42.0,2,speedlimit
2026-09-10T07:49+02:00,A20,R,40.985,3,speedlimit
2026-09-10T07:49+02:00,A15,R,59.2,4,speedlimit
2026-09-10T07:49+02:00,A16,R,23.5,2,speedlimit
2026-09-10T07:49+02:00,A16,L,31.425,3,speedlimit
2026-09-10T07:49+02:00,A16,L,16.935,3,speedlimit
2026-09-10T07:49+02:00,A15,L,75.075,3,speedlimit
2026-09-10T07:49+02:00,A15,R,61.33,2,speedlimit
2026-09-10T07:49+02:00,A4,L,2.792,3,speedlimit
2026-09-10T07:49+02:00,A20,R,41.6,3,speedlimit
2026-09-10T07:49+02:00,A20,L,40.985,3,speedlimit
2026-09-10T07:49+02:00,A4,m,8.15,2,speedlimit
2026-09-10T07:49+02:00,A15,L,70.95,1,speedlimit
2026-09-10T07:49+02:00,A16,R,30.71,3,speedlimit
2026-09-10T07:49+02:00,A15,y,47.092,1,speedlimit
2026-09-10T07:49+02:00,A20,L,29.826,3,speedlimit
2026-09-10T07:49+02:00,A16,R,30.71,1,speedlimit
2026-09-10T07:49+02:00,A20,L,37.8,3,speedlimit
2026-09-10T07:49+02:00,A4,L,59.72,3,speedlimit
2026-09-10T07:49+02:00,A4,L,58.82,3,speedlimit
2026-09-10T07:49+02:00,A4,R,72.443,1,speedlimit
2026-09-10T07:49+02:00,A16,L,35.76,3,speedlimit
2026-09-10T07:49+02:00,A4,h,45.58,3,lane_closed
2026-09-10T07:49+02:00,A16,L,44.26,2,speedlimit
2026-09-10T07:49+02:00,A16,R,19.3,1,speedlimit
2026-09-10T07:49+02:00,A15,e,64.5,2,lane_closed
2026-09-10T07:49+02:00,A4,L,36.23,3,speedlimit
2026-09-10T07:49+02:00,A16,x,18.9,4,speedlimit
2026-09-10T07:49+02:00,A20,L,29.5,1,speedlimit
2026-09-10T07:49+02:00,A16,L,61.99,4,speedlimit
2026-09-10T07:49+02:00,A20,R,28.8,3,speedlimit
2026-09-10T07:49+02:00,A20,R,29.5,1,speedlimit
2026-09-10T07:49+02:00,A4,f,7.2,1,speedlimit
2026-09-10T07:49+02:00,A16,R,22.4,5,speedlimit
2026-09-10T07:49+02:00,A16,m,33.609,1,lane_closed
2026-09-10T07:49+02:00,A20,R,41.6,1,speedlimit
2026-09-10T07:49+02:00,A4,R,73.974,1,speedlimit
2026-09-10T07:49+02:00,A16,R,58.25,1,speedlimit
2026-09-10T07:49+02:00,A16,R,20.2,2,speedlimit
2026-09-10T07:49+02:00,A16,R,17.759,1,speedlimit
2026-09-10T07:49+02:00,A15,R,60.76,3,speedlimit
2026-09-10T07:49+02:00,A15,R,63.052,1,lane_closed
2026-09-10T07:49+02:00,A4,L,1.156,1,speedlimit
2026-09-10T07:49+02:00,A4,g,64.378,1,speedlimit
2026-09-10T07:49+02:00,A20,L,39.515,3,speedlimit
2026-09-10T07:49+02:00,A16,R,59.51,2,speedlimit
2026-09-10T07:49+02:00,A15,n,94.625,1,speedlimit
2026-09-10T07:49+02:00,A16,R,33.135,3,speedlimit
2026-09-10T07:49+02:00,A4,L,57.975,3,speedlimit
2026-09-10T07:49+02:00,A15,R,59.95,2,speedlimit
2026-09-10T07:49+02:00,A13,L,11.25,4,lane_closed
2026-09-10T07:49+02:00,A20,R,40.985,1,speedlimit
2026-09-10T07:49+02:00,A20,L,30.9,1,speedlimit
2026-09-10T07:49+02:00,A16,L,51.08,1,speedlimit
2026-09-10T07:49+02:00,A16,R,24.71,1,speedlimit
2026-09-10T07:49+02:00,A4,f,7.2,2,speedlimit
2026-09-10T07:49+02:00,A15,R,56.6,1,speedlimit
2026-09-10T07:49+02:00,A4,L,6.592,2,speedlimit
2026-09-10T07:49+02:00,A20,u,35.09,2,speedlimit
2026-09-10T07:49+02:00,A16,L,38.73,2,speedlimit
2026-09-10T07:49+02:00,A16,R,16.6,3,speedlimit
2026-09-10T07:49+02:00,A16,R,32.518,2,speedlimit
2026-09-10T07:49+02:00,A13,R,18.2,4,speedlimit
2026-09-10T07:49+02:00,A16,L,31.805,4,speedlimit
2026-09-10T07:49+02:00,A16,R,32.22,4,speedlimit
2026-09-10T07:49+02:00,A4,L,5.93,4,speedlimit
2026-09-10T07:49+02:00,A15,m,59.58,1,speedlimit
2026-09-10T07:49+02:00,A4,R,34.8,2,speedlimit
2026-09-10T07:49+02:00,A15,r,45.853,2,speedlimit
2026-09-10T07:49+02:00,A20,R,21.53,4,speedlimit
2026-09-10T07:49+02:00,A20,R,38.91,2,speedlimit
2026-09-10T07:49+02:00,A16,L,36.07,3,speedlimit
2026-09-10T07:49+02:00,A4,L,4.44,1,speedlimit
2026-09-10T07:49+02:00,A4,R,52.018,3,speedlimit
2026-09-10T07:49+02:00,A16,R,33.609,1,lane_closed
2026-09-10T07:49+02:00,A4,L,53.0,1,speedlimit
2026-09-10T07:49+02:00,A13,R,18.7,1,speedlimit
2026-09-10T07:49+02:00,A15,L,64.67,5,speedlimit
2026-09-10T07:49+02:00,A16,R,30.05,3,speedlimit
2026-09-10T07:49+02:00,A4,L,50.798,2,speedlimit
2026-09-10T07:49+02:00,A15,n,95.855,1,speedlimit
2026-09-10T07:49+02:00,A15,R,84.01,1,speedlimit
2026-09-10T07:49+02:00,A16,n,34.6,1,lane_closed
2026-09-10T07:49+02:00,A16,L,35.205,3,speedlimit
2026-09-10T07:49+02:00,A4,L,23.0,1,speedlimit
2026-09-10T07:49+02:00,A15,R,85.262,1,speedlimit
2026-09-10T07:49+02:00,A4,L,5.93,6,speedlimit
2026-09-10T07:49+02:00,A20,c,27.488,1,speedlimit
2026-09-10T07:49+02:00,A20,R,31.9,3,speedlimit
2026-09-10T07:49+02:00,A15,R,84.475,2,speedlimit
2026-09-10T07:49+02:00,A15,m,62.708,2,speedlimit
2026-09-10T07:49+02:00,A16,R,60.5,1,speedlimit
2026-09-10T07:49+02:00,A15,R,83.1,3,speedlimit
2026-09-10T07:49+02:00,A16,x,18.9,2,speedlimit
2026-09-10T07:49+02:00,A20,R,23.515,2,speedlimit
2026-09-10T07:49+02:00,A13,R,16.655,3,speedlimit
2026-09-10T07:49+02:00,A4,R,72.012,2,speedlimit
2026-09-10T07:49+02:00,A4,L,7.22,4,speedlimit
2026-09-10T07:49+02:00,A4,R,72.58,1,speedlimit
2026-09-10T07:49+02:00,A16,L,26.99,2,speedlimit
2026-09-10T07:49+02:00,A4,L,59.72,1,speedlimit
2026-09-10T07:49+02:00,A16,R,18.229,1,speedlimit
2026-09-10T07:49+02:00,A4,L,50.253,3,speedlimit
2026-09-10T07:49+02:00,A15,L,74.275,1,speedlimit
2026-09-10T07:49+02:00,A15,e,63.451,2,lane_closed
2026-09-10T07:49+02:00,A4,L,24.75,3,speedlimit
2026-09-10T07:49+02:00,A20,L,29.1,2,speedlimit
2026-09-10T07:49+02:00,A16,R,32.76,1,speedlimit
2026-09-10T07:49+02:00,A4,L,1.156,3,speedlimit
2026-09-10T07:49+02:00,A15,L,63.56,1,lane_closed
2026-09-10T07:49+02:00,A4,n,34.6,3,speedlimit
2026-09-10T07:49+02:00,A20,R,29.8,3,speedlimit
2026-09-10T07:49+02:00,A13,L,18.2,2,speedlimit
2026-09-10T07:49+02:00,A20,R,26.4,3,speedlimit
2026-09-10T07:49+02:00,A16,L,43.145,3,speedlimit
2026-09-10T07:49+02:00,A16,R,25.66,3,lane_closed
2026-09-10T07:49+02:00,A4,f,6.6,2,speedlimit
2026-09-10T07:49+02:00,A16,L,46.935,1,speedlimit
2026-09-10T07:49+02:00,A15,R,60.76,4,speedlimit
2026-09-10T07:49+02:00,A16,L,47.41,4,speedlimit
2026-09-10T07:49+02:00,A20,u,35.71,2,speedlimit
2026-09-10T07:49+02:00,A16,R,16.6,1,speedlimit
2026-09-10T07:49+02:00,A4,L,38.01,4,speedlimit
2026-09-10T07:49+02:00,A15,m,58.65,1,speedlimit
2026-09-10T07:49+02:00,A16,x,25.2,4,speedlimit
2026-09-10T07:49+02:00,A29,L,11.525,2,speedlimit
2026-09-10T07:49+02:00,A4,L,53.26,1,speedlimit
2026-09-10T07:49+02:00,A4,L,50.253,2,speedlimit
2026-09-10T07:49+02:00,A20,R,26.93,1,speedlimit
2026-09-10T07:49+02:00,A4,n,34.29,1,speedlimit
2026-09-10T07:49+02:00,A15,R,63.052,4,speedlimit
2026-09-10T07:49+02:00,A16,R,17.759,3,speedlimit
2026-09-10T07:49+02:00,A15,R,61.63,2,speedlimit
2026-09-10T07:49+02:00,A15,R,58.46,3,speedlimit
2026-09-10T07:49+02:00,A4,R,34.8,1,speedlimit
2026-09-10T07:49+02:00,A15,R,60.76,1,speedlimit
2026-09-10T07:49+02:00,A16,n,33.784,2,speedlimit
2026-09-10T07:49+02:00,A4,L,5.549,3,speedlimit
2026-09-10T07:49+02:00,A16,L,30.73,3,speedlimit
2026-09-10T07:49+02:00,A4,L,6.592,1,speedlimit
2026-09-10T07:49+02:00,A4,L,31.63,1,speedlimit
2026-09-10T07:49+02:00,A20,R,26.4,2,speedlimit
2026-09-10T07:49+02:00,A4,m,7.2,2,speedlimit
2026-09-10T07:49+02:00,A16,n,34.018,2,speedlimit
2026-09-10T07:49+02:00,A4,L,0.493,2,speedlimit
2026-09-10T07:49+02:00,A16,L,45.805,3,speedlimit
2026-09-10T07:49+02:00,A4,R,32.4,1,speedlimit
2026-09-10T07:49+02:00,A15,L,63.56,3,speedlimit
2026-09-10T07:49+02:00,A20,L,27.488,2,speedlimit
2026-09-10T07:49+02:00,A20,L,30.196,3,speedlimit
2026-09-10T07:49+02:00,A4,L,50.798,1,speedlimit
2026-09-10T07:49+02:00,A4,h,46.06,1,speedlimit
2026-09-10T07:49+02:00,A20,R,23.0,5,speedlimit
2026-09-10T07:49+02:00,A4,L,5.549,4,speedlimit
2026-09-10T07:49+02:00,A20,R,23.0,1,speedlimit
2026-09-10T07:49+02:00,A16,R,22.4,4,speedlimit
2026-09-10T07:49+02:00,A4,f,7.1,2,speedlimit
2026-09-10T07:49+02:00,A20,L,28.41,1,speedlimit
2026-09-10T07:49+02:00,A16,L,37.6,1,speedlimit
2026-09-10T07:49+02:00,A13,L,13.18,4,lane_closed
2026-09-10T07:49+02:00,A4,L,1.555,1,speedlimit
2026-09-10T07:49+02:00,A16,R,60.5,2,speedlimit
2026-09-10T07:49+02:00,A15,R,57.78,2,speedlimit
2026-09-10T07:49+02:00,A15,R,57.78,3,speedlimit
2026-09-10T07:49+02:00,A16,L,47.41,3,speedlimit
2026-09-10T07:49+02:00,A15,n,95.285,1,speedlimit
2026-09-10T07:49+02:00,A16,L,34.018,2,speedlimit
2026-09-10T07:49+02:00,A15,R,57.31,2,speedlimit
2026-09-10T07:49+02:00,A13,L,17.8,2,speedlimit
2026-09-10T07:49+02:00,A4,L,2.792,5,speedlimit
2026-09-10T07:49+02:00,A16,R,17.036,2,speedlimit
2026-09-10T07:49+02:00,A15,m,62.998,1,speedlimit
2026-09-10T07:49+02:00,A20,L,46.045,2,speedlimit
2026-09-10T07:49+02:00,A15,R,56.6,2,speedlimit
2026-09-10T07:49+02:00,A15,R,64.9,1,speedlimit
2026-09-10T07:49+02:00,A16,R,30.71,2,speedlimit
2026-09-10T07:49+02:00,A15,x,45.853,1,speedlimit
2026-09-10T07:49+02:00,A15,L,48.05,2,speedlimit
2026-09-10T07:49+02:00,A15,e,63.942,2,lane_closed
2026-09-10T07:49+02:00,A16,L,26.48,1,speedlimit
2026-09-10T07:49+02:00,A15,L,72.96,4,speedlimit
2026-09-10T07:49+02:00,A16,L,34.225,2,speedlimit
2026-09-10T07:49+02:00,A4,L,5.93,2,speedlimit
2026-09-10T07:49+02:00,A4,L,35.46,2,speedlimit
2026-09-10T07:49+02:00,A16,L,46.935,3,speedlimit
2026-09-10T07:49+02:00,A20,R,28.57,1,speedlimit
2026-09-10T07:49+02:00,A4,L,5.549,5,speedlimit
2026-09-10T07:49+02:00,A15,n,95.285,3,speedlimit
2026-09-10T07:49+02:00,A20,R,25.3,3,speedlimit
2026-09-10T07:49+02:00,A20,R,30.196,4,speedlimit
2026-09-10T07:49+02:00,A4,R,31.905,3,speedlimit
2026-09-10T07:49+02:00,A15,L,76.31,3,speedlimit
2026-09-10T07:49+02:00,A4,L,51.458,3,speedlimit
2026-09-10T07:49+02:00,A4,R,32.85,2,speedlimit
2026-09-10T07:49+02:00,A16,L,15.16,1,speedlimit
2026-09-10T07:49+02:00,A4,L,6.902,2,speedlimit
2026-09-10T07:49+02:00,A29,L,10.78,2,speedlimit
2026-09-10T07:49+02:00,A4,L,3.65,3,speedlimit
2026-09-10T07:49+02:00,A4,d,53.0,3,speedlimit
2026-09-10T07:49+02:00,A4,L,5.225,2,speedlimit
2026-09-10T07:49+02:00,A4,L,52.448,1,speedlimit
2026-09-10T07:49+02:00,A4,L,52.448,3,speedlimit
2026-09-10T07:49+02:00,A29,L,98.33,1,speedlimit
2026-09-10T07:49+02:00,A20,R,42.485,3,speedlimit
2026-09-10T07:49+02:00,A4,R,53.111,1,speedlimit
2026-09-10T07:49+02:00,A16,R,24.39,3,lane_closed
2026-09-10T07:49+02:00,A15,L,75.075,2,speedlimit
2026-09-10T07:49+02:00,A16,R,16.6,2,speedlimit
2026-09-10T07:49+02:00,A16,R,17.463,3,speedlimit
2026-09-10T07:49+02:00,A15,L,77.045,2,speedlimit
2026-09-10T07:49+02:00,A4,L,49.84,2,speedlimit
2026-09-10T07:49+02:00,A20,t,29.6,2,speedlimit
2026-09-10T07:49+02:00,A16,R,24.71,4,speedlimit
2026-09-10T07:49+02:00,A4,L,5.225,4,speedlimit
2026-09-10T07:49+02:00,A20,L,38.3,1,lane_closed_ahead
2026-09-10T07:49+02:00,A15,R,64.013,1,speedlimit
2026-09-10T07:49+02:00,A16,L,16.48,5,speedlimit
2026-09-10T07:49+02:00,A15,L,73.59,1,speedlimit
2026-09-10T07:49+02:00,A15,R,57.31,4,speedlimit
2026-09-10T07:49+02:00,A15,L,64.67,4,speedlimit
2026-09-10T07:49+02:00,A16,L,40.93,2,speedlimit
2026-09-10T07:49+02:00,A15,R,84.87,2,speedlimit
2026-09-10T07:49+02:00,A4,L,52.448,2,speedlimit
2026-09-10T07:49+02:00,A15,L,71.42,1,speedlimit
2026-09-10T07:49+02:00,A20,L,47.5,2,speedlimit
2026-09-10T07:49+02:00,A20,R,42.485,1,speedlimit
2026-09-10T07:49+02:00,A16,L,36.99,2,speedlimit
2026-09-10T07:49+02:00,A15,L,65.685,1,speedlimit
2026-09-10T07:49+02:00,A29,L,99.1,1,speedlimit
2026-09-10T07:49+02:00,A16,L,50.38,2,speedlimit
2026-09-10T07:49+02:00,A16,x,21.0,2,speedlimit
2026-09-10T07:49+02:00,A16,R,22.4,2,speedlimit
2026-09-10T07:49+02:00,A15,L,64.67,1,lane_closed
2026-09-10T07:49+02:00,A16,L,44.26,1,speedlimit
2026-09-10T07:49+02:00,A4,L,57.975,2,speedlimit
2026-09-10T07:49+02:00,A15,r,45.853,1,speedlimit
2026-09-10T07:49+02:00,A16,L,48.03,2,speedlimit
2026-09-10T07:49+02:00,A4,L,52.018,1,speedlimit
2026-09-10T07:49+02:00,A16,x,25.2,1,speedlimit
2026-09-10T07:49+02:00,A16,R,60.05,4,speedlimit
2026-09-10T07:49+02:00,A4,L,31.63,3,speedlimit
2026-09-10T07:49+02:00,A16,R,31.74,3,speedlimit
2026-09-10T07:49+02:00,A4,L,7.369,3,speedlimit
2026-09-10T07:49+02:00,A20,R,26.93,2,speedlimit
2026-09-10T07:49+02:00,A15,R,84.475,3,speedlimit
2026-09-10T07:49+02:00,A20,L,30.9,3,speedlimit
2026-09-10T07:49+02:00,A15,R,64.013,2,speedlimit
2026-09-10T07:49+02:00,A29,L,12.52,3,speedlimit
2026-09-10T07:49+02:00,A13,L,18.8,3,speedlimit
2026-09-10T07:49+02:00,A20,L,46.045,1,speedlimit
2026-09-10T07:49+02:00,A4,L,60.268,2,speedlimit
2026-09-10T07:49+02:00,A4,L,7.22,1,speedlimit
2026-09-10T07:49+02:00,A4,g,63.875,1,speedlimit
2026-09-10T07:49+02:00,A20,L,37.8,1,lane_closed
2026-09-10T07:49+02:00,A20,R,28.8,1,speedlimit
2026-09-10T07:49+02:00,A4,h,70.25,3,speedlimit
2026-09-10T07:49+02:00,A16,R,15.73,1,speedlimit
2026-09-10T07:49+02:00,A4,L,36.36,1,speedlimit
2026-09-10T07:49+02:00,A16,b,32.5,1,speedlimit
2026-09-10T07:49+02:00,A16,d,35.7,2,speedlimit
2026-09-10T07:49+02:00,A4,n,34.6,1,speedlimit
2026-09-10T07:49+02:00,A15,L,70.95,4,speedlimit
2026-09-10T07:49+02:00,A16,L,35.205,1,speedlimit
2026-09-10T07:49+02:00,A15,x,51.0,2,speedlimit
2026-09-10T07:49+02:00,A16,L,16.48,1,speedlimit
2026-09-10T07:49+02:00,A4,R,72.012,1,speedlimit
2026-09-10T07:49+02:00,A16,R,25.2,2,lane_closed
2026-09-10T07:49+02:00,A15,R,61.05,2,speedlimit
2026-09-10T07:49+02:00,A15,R,63.533,1,speedlimit
2026-09-10T07:49+02:00,A16,R,16.6,5,speedlimit
2026-09-10T07:49+02:00,A13,L,18.8,1,speedlimit
2026-09-10T07:49+02:00,A20,R,21.83,3,speedlimit
2026-09-10T07:49+02:00,A15,L,72.96,3,speedlimit
2026-09-10T07:49+02:00,A29,L,11.95,1,speedlimit
2026-09-10T07:49+02:00,A15,L,71.9,1,speedlimit
2026-09-10T07:49+02:00,A4,h,46.4,2,speedlimit
2026-09-10T07:49+02:00,A15,R,83.55,1,speedlimit
2026-09-10T07:49+02:00,A20,L,39.515,2,speedlimit
2026-09-10T07:49+02:00,A13,R,16.2,2,speedlimit
2026-09-10T07:49+02:00,A16,L,15.73,1,speedlimit
2026-09-10T07:49+02:00,A4,L,2.447,3,speedlimit
2026-09-10T07:49+02:00,A4,L,3.062,1,speedlimit
2026-09-10T07:49+02:00,A15,L,73.92,1,speedlimit
2026-09-10T07:49+02:00,A4,L,60.268,1,speedlimit
2026-09-10T07:49+02:00,A16,L,14.768,1,speedlimit
2026-09-10T07:49+02:00,A16,R,22.7,2,speedlimit
2026-09-10T07:49+02:00,A4,L,5.549,2,speedlimit
2026-09-10T07:49+02:00,A4,R,33.8,2,speedlimit
2026-09-10T07:49+02:00,A16,L,59.51,4,speedlimit
2026-09-10T07:49+02:00,A15,L,74.275,2,speedlimit
2026-09-10T07:49+02:00,A4,L,6.592,4,speedlimit
2026-09-10T07:49+02:00,A16,L,46.935,4,speedlimit
2026-09-10T07:49+02:00,A16,L,26.05,3,speedlimit
2026-09-10T07:49+02:00,A4,R,52.598,1,speedlimit
2026-09-10T07:49+02:00,A20,L,31.4,3,speedlimit
2026-09-10T07:49+02:00,A4,L,1.555,4,speedlimit
2026-09-10T07:49+02:00,A16,R,31.25,3,speedlimit
2026-09-10T07:49+02:00,A20,R,40.2,2,speedlimit
2026-09-10T07:49+02:00,A16,R,22.4,1,speedlimit
2026-09-10T07:49+02:00,A16,R,17.036,3,speedlimit
2026-09-10T07:49+02:00,A16,L,27.6,2,speedlimit
2026-09-10T07:49+02:00,A16,R,66.22,3,speedlimit
2026-09-10T07:49+02:00,A16,L,14.768,3,speedlimit
2026-09-10T07:49+02:00,A20,L,30.196,4,speedlimit
2026-09-10T07:49+02:00,A4,L,37.53,2,speedlimit
2026-09-10T07:49+02:00,A15,L,71.42,2,speedlimit
2026-09-10T07:49+02:00,A20,L,48.2,1,speedlimit
2026-09-10T07:49+02:00,A4,n,33.18,1,speedlimit
2026-09-10T07:49+02:00,A4,L,5.225,5,speedlimit
2026-09-10T07:49+02:00,A4,m,6.6,1,speedlimit
2026-09-10T07:49+02:00,A16,R,17.759,2,speedlimit
2026-09-10T07:49+02:00,A16,n,34.225,2,speedlimit
2026-09-10T07:49+02:00,A4,L,51.458,1,speedlimit
2026-09-10T07:49+02:00,A29,L,13.18,3,speedlimit
2026-09-10T07:49+02:00,A13,R,18.2,2,speedlimit
2026-09-10T07:49+02:00,A15,d,48.05,1,speedlimit
2026-09-10T07:49+02:00,A16,x,18.543,3,speedlimit
2026-09-10T07:49+02:00,A16,L,47.41,2,speedlimit
2026-09-10T07:49+02:00,A15,L,72.58,3,speedlimit
2026-09-10T07:49+02:00,A4,L,6.902,3,speedlimit
2026-09-10T07:49+02:00,A13,L,17.8,1,speedlimit
2026-09-10T07:49+02:00,A20,L,40.2,1,speedlimit
2026-09-10T07:49+02:00,A16,L,38.73,3,speedlimit
2026-09-10T07:49+02:00,A16,R,59.51,4,speedlimit
2026-09-10T07:49+02:00,A20,R,29.8,1,speedlimit
2026-09-10T07:49+02:00,A4,n,33.79,3,speedlimit
2026-09-10T07:49+02:00,A4,L,3.062,2,speedlimit
2026-09-10T07:49+02:00,A16,R,33.135,1,speedlimit
2026-09-10T07:49+02:00,A20,R,31.26,2,speedlimit
2026-09-10T07:49+02:00,A20,r,35.245,2,speedlimit
2026-09-10T07:49+02:00,A4,L,50.253,4,speedlimit
2026-09-10T07:49+02:00,A15,m,58.46,1,speedlimit
2026-09-10T07:49+02:00,A16,R,20.5,1,speedlimit
2026-09-10T07:49+02:00,A15,L,94.625,2,speedlimit
2026-09-10T07:49+02:00,A16,R,19.862,3,speedlimit
2026-09-10T07:49+02:00,A4,f,7.5,2,speedlimit
2026-09-10T07:49+02:00,A16,L,45.39,3,speedlimit
2026-09-10T07:49+02:00,A20,R,25.7,1,speedlimit
2026-09-10T07:49+02:00,A20,L,38.91,1,speedlimit
2026-09-10T07:49+02:00,A15,m,59.11,3,speedlimit
2026-09-10T07:49+02:00,A20,R,23.515,1,speedlimit
2026-09-10T07:49+02:00,A16,L,39.25,2,speedlimit
2026-09-10T07:49+02:00,A16,L,25.682,1,speedlimit
2026-09-10T07:49+02:00,A15,L,43.46,1,speedlimit
2026-09-10T07:49+02:00,A20,R,39.515,3,speedlimit
2026-09-10T07:49+02:00,A15,L,95.19,1,speedlimit
2026-09-10T07:49+02:00,A15,L,76.745,4,speedlimit
2026-09-10T07:49+02:00,A4,L,57.975,1,speedlimit
2026-09-10T07:49+02:00,A16,R,21.9,3,speedlimit
2026-09-10T07:49+02:00,A4,R,73.156,1,speedlimit
2026-09-10T07:49+02:00,A4,L,2.006,3,speedlimit
2026-09-10T07:49+02:00,A16,L,14.768,2,speedlimit
2026-09-10T07:49+02:00,A16,L,44.26,3,speedlimit
2026-09-10T07:49+02:00,A29,L,96.343,2,speedlimit
2026-09-10T07:49+02:00,A20,R,31.26,3,speedlimit
2026-09-10T07:49+02:00,A20,L,46.4,2,speedlimit
2026-09-10T07:49+02:00,A15,L,70.95,2,speedlimit
2026-09-10T07:49+02:00,A20,R,26.64,3,speedlimit
2026-09-10T07:49+02:00,A20,R,26.64,4,speedlimit
2026-09-10T07:49+02:00,A16,L,40.93,3,speedlimit
2026-09-10T07:49+02:00,A20,R,38.91,1,speedlimit
2026-09-10T07:49+02:00,A15,R,65.3,1,speedlimit
2026-09-10T07:49+02:00,A16,L,43.69,2,speedlimit
2026-09-10T07:49+02:00,A16,L,41.96,2,speedlimit
2026-09-10T07:49+02:00,A15,y,47.43,1,speedlimit
2026-09-10T07:49+02:00,A16,R,24.03,1,speedlimit
2026-09-10T07:49+02:00,A20,R,26.4,1,speedlimit
2026-09-10T07:49+02:00,A15,p,63.533,2,speedlimit
2026-09-10T07:49+02:00,A13,R,17.1,1,speedlimit
2026-09-10T07:49+02:00,A15,R,59.2,3,speedlimit
2026-09-10T07:49+02:00,A4,L,7.369,1,speedlimit
2026-09-10T07:49+02:00,A15,k,70.5,1,speedlimit
2026-09-10T07:49+02:00,A4,L,37.53,4,speedlimit
2026-09-10T07:49+02:00,A16,R,16.3,4,speedlimit
2026-09-10T07:49+02:00,A15,R,82.1,1,speedlimit
2026-09-10T07:49+02:00,A15,R,82.1,2,speedlimit
2026-09-10T07:49+02:00,A4,n,34.29,3,speedlimit
2026-09-10T07:49+02:00,A20,R,29.5,3,speedlimit
2026-09-10T07:49+02:00,A16,n,34.335,1,speedlimit
2026-09-10T07:49+02:00,A20,R,24.07,1,speedlimit
2026-09-10T07:49+02:00,A20,L,47.0,2,speedlimit
2026-09-10T07:49+02:00,A15,R,58.46,4,speedlimit
2026-09-10T07:49+02:00,A20,L,47.8,2,speedlimit
2026-09-10T07:49+02:00,A29,L,10.63,3,speedlimit
2026-09-10T07:49+02:00,A4,R,55.08,3,speedlimit
2026-09-10T07:49+02:00,A16,x,24.905,2,speedlimit
2026-09-10T07:49+02:00,A16,x,20.5,2,speedlimit
2026-09-10T07:49+02:00,A16,R,32.76,3,speedlimit
2026-09-10T07:49+02:00,A16,R,30.71,4,speedlimit
2026-09-10T07:49+02:00,A13,L,13.7,4,lane_closed
2026-09-10T07:49+02:00,A16,L,33.904,2,speedlimit
2026-09-10T07:49+02:00,A16,L,45.39,2,speedlimit
2026-09-10T07:49+02:00,A15,L,63.56,2,speedlimit
2026-09-10T07:49+02:00,A20,L,47.0,1,speedlimit
2026-09-10T07:49+02:00,A20,R,41.6,2,speedlimit
2026-09-10T07:49+02:00,A15,p,63.533,1,speedlimit
2026-09-10T07:49+02:00,A13,L,14.2,4,lane_closed
2026-09-10T07:49+02:00,A4,L,0.493,1,speedlimit
2026-09-10T07:49+02:00,A29,L,98.69,2,speedlimit
2026-09-10T07:49+02:00,A15,R,60.76,2,speedlimit
2026-09-10T07:49+02:00,A4,R,73.156,2,speedlimit
2026-09-10T07:49+02:00,A16,R,16.3,5,speedlimit
2026-09-10T07:49+02:00,A16,R,24.39,1,speedlimit
2026-09-10T07:49+02:00,A4,h,46.4,1,speedlimit
2026-09-10T07:49+02:00,A15,R,83.1,1,speedlimit
2026-09-10T07:49+02:00,A16,R,31.74,2,speedlimit
2026-09-10T07:49+02:00,A29,L,11.525,4,speedlimit
2026-09-10T07:49+02:00,A16,L,42.61,2,speedlimit
2026-09-10T07:49+02:00,A4,R,52.598,3,speedlimit
2026-09-10T07:49+02:00,A16,L,26.99,1,speedlimit
2026-09-10T07:49+02:00,A16,L,34.335,2,speedlimit
2026-09-10T07:49+02:00,A20,L,40.985,2,speedlimit
2026-09-10T07:49+02:00,A20,R,24.715,2,speedlimit
2026-09-10T07:49+02:00,A20,R,21.53,2,speedlimit
2026-09-10T07:49+02:00,A20,t,29.6,1,speedlimit
2026-09-10T07:49+02:00,A16,L,36.99,3,speedlimit
2026-09-10T07:49+02:00,A15,L,65.685,4,speedlimit
2026-09-10T07:49+02:00,A15,L,48.05,1,speedlimit
2026-09-10T07:49+02:00,A20,R,23.27,1,speedlimit
2026-09-10T07:49+02:00,A16,L,25.682,3,speedlimit
2026-09-10T07:49+02:00,A16,R,22.7,3,speedlimit
2026-09-10T07:49+02:00,A20,R,29.8,4,speedlimit
2026-09-10T07:49+02:00,A20,L,40.2,3,speedlimit
2026-09-10T07:49+02:00,A4,L,8.14,3,speedlimit
2026-09-10T07:49+02:00,A20,L,46.4,1,speedlimit
2026-09-10T07:49+02:00,A4,L,36.36,2,speedlimit
2026-09-10T07:49+02:00,A13,R,18.7,2,speedlimit
2026-09-10T07:49+02:00,A4,L,49.37,2,speedlimit
2026-09-10T07:49+02:00,A16,R,60.05,3,speedlimit
2026-09-10T07:49+02:00,A16,L,49.78,2,speedlimit
2026-09-10T07:49+02:00,A20,R,27.488,1,speedlimit
2026-09-10T07:49+02:00,A16,L,48.03,3,speedlimit
2026-09-10T07:49+02:00,A15,L,72.58,4,speedlimit
2026-09-10T07:49+02:00,A4,R,55.08,2,speedlimit
2026-09-10T07:49+02:00,A4,R,32.85,1,speedlimit
2026-09-10T07:49+02:00,A15,R,64.49,1,speedlimit
2026-09-10T07:49+02:00,A15,R,62.454,1,lane_closed
2026-09-10T07:49+02:00,A16,R,21.0,2,speedlimit
2026-09-10T07:49+02:00,A16,R,23.2,3,speedlimit
2026-09-10T07:49+02:00,A15,m,59.11,1,speedlimit
2026-09-10T07:49+02:00,A4,L,53.954,1,speedlimit
2026-09-10T07:49+02:00,A20,R,21.83,2,speedlimit
2026-09-10T07:49+02:00,A16,L,14.46,2,speedlimit
2026-09-10T07:49+02:00,A20,R,29.5,2,speedlimit
2026-09-10T07:49+02:00,A20,L,27.2,2,speedlimit
2026-09-10T07:49+02:00,A16,R,32.518,1,speedlimit
2026-09-10T07:49+02:00,A4,R,35.48,2,speedlimit
2026-09-10T07:49+02:00,A16,R,16.6,4,speedlimit
2026-09-10T07:49+02:00,A13,R,18.963,1,speedlimit
2026-09-10T07:49+02:00,A13,L,17.1,1,speedlimit
2026-09-10T07:49+02:00,A29,L,12.635,4,speedlimit
2026-09-10T07:49+02:00,A4,R,33.17,3,speedlimit
2026-09-10T07:49+02:00,A4,L,38.01,2,speedlimit
2026-09-10T07:49+02:00,A15,R,61.63,3,speedlimit
2026-09-10T07:49+02:00,A16,R,31.25,1,speedlimit
2026-09-10T07:49+02:00,A4,R,74.194,2,speedlimit
2026-09-10T07:49+02:00,A20,L,31.88,3,speedlimit
2026-09-10T07:49+02:00,A20,R,23.27,3,speedlimit
2026-09-10T07:49+02:00,A16,R,66.22,1,speedlimit
2026-09-10T07:49+02:00,A16,R,66.81,1,speedlimit
2026-09-10T07:49+02:00,A15,R,64.9,2,speedlimit
2026-09-10T07:49+02:00,A16,R,24.39,2,lane_closed_ahead
2026-09-10T07:49+02:00,A16,L,16.935,4,speedlimit
2026-09-10T07:49+02:00,A13,L,17.1,4,speedlimit
2026-09-10T07:49+02:00,A4,L,7.072,2,speedlimit
2026-09-10T07:49+02:00,A4,R,52.018,1,speedlimit
2026-09-10T07:49+02:00,A16,n,33.904,1,speedlimit
2026-09-10T07:49+02:00,A13,R,16.655,2,speedlimit
2026-09-10T07:49+02:00,A20,R,16.665,1,speedlimit
2026-09-10T07:49+02:00,A15,R,82.1,3,speedlimit
2026-09-10T07:49+02:00,A13,L,15.55,5,lane_closed
2026-09-10T07:49+02:00,A20,u,35.09,3,speedlimit
2026-09-10T07:49+02:00,A4,R,51.388,1,speedlimit
2026-09-10T07:49+02:00,A16,n,34.44,1,lane_closed
2026-09-10T07:49+02:00,A15,L,75.375,3,speedlimit
2026-09-10T07:49+02:00,A15,L,74.085,1,speedlimit
2026-09-10T07:49+02:00,A4,L,7.072,4,speedlimit
2026-09-10T07:49+02:00,A29,L,11.95,2,speedlimit
2026-09-10T07:49+02:00,A15,m,58.65,2,speedlimit
2026-09-10T07:49+02:00,A20,R,22.181,2,speedlimit
2026-09-10T07:49+02:00,A16,x,21.5,3,speedlimit
2026-09-10T07:49+02:00,A20,R,22.181,3,speedlimit
2026-09-10T07:49+02:00,A16,d,15.73,1,speedlimit
2026-09-10T07:49+02:00,A16,L,30.2,3,speedlimit
2026-09-10T07:49+02:00,A16,L,50.38,3,speedlimit
2026-09-10T07:49+02:00,A16,n,33.61,3,speedlimit
2026-09-10T07:49+02:00,A15,L,76.31,2,speedlimit
2026-09-10T07:49+02:00,A16,n,34.13,2,speedlimit
2026-09-10T07:49+02:00,A16,L,26.99,5,speedlimit
2026-09-10T07:49+02:00,A4,L,23.0,2,speedlimit
2026-09-10T07:49+02:00,A4,L,37.53,1,speedlimit
2026-09-10T07:49+02:00,A4,L,50.253,1,speedlimit
2026-09-10T07:49+02:00,A15,R,59.95,3,speedlimit
2026-09-10T07:49+02:00,A4,R,52.598,2,speedlimit
2026-09-10T07:49+02:00,A4,L,5.225,1,speedlimit
2026-09-10T07:49+02:00,A20,L,32.8,3,speedlimit
2026-09-10T07:49+02:00,A15,R,61.63,6,speedlimit
2026-09-10T07:49+02:00,A16,x,25.2,2,speedlimit
2026-09-10T07:49+02:00,A4,L,22.537,1,speedlimit
2026-09-10T07:49+02:00,A15,L,73.755,3,speedlimit
2026-09-10T07:49+02:00,A15,R,58.46,1,speedlimit
2026-09-10T07:49+02:00,A16,R,18.229,3,speedlimit
2026-09-10T07:49+02:00,A20,R,23.0,3,speedlimit
2026-09-10T07:49+02:00,A16,R,29.28,1,speedlimit
2026-09-10T07:49+02:00,A20,R,25.3,2,speedlimit
2026-09-10T07:49+02:00,A20,R,22.735,4,speedlimit
2026-09-10T07:49+02:00,A16,R,23.2,4,speedlimit
2026-09-10T07:49+02:00,A15,L,73.755,2,speedlimit
2026-09-10T07:49+02:00,A15,R,82.4,3,speedlimit
2026-09-10T07:49+02:00,A16,R,18.229,2,speedlimit
2026-09-10T07:49+02:00,A4,L,36.23,4,speedlimit
2026-09-10T07:49+02:00,A4,L,7.369,2,speedlimit
2026-09-10T07:49+02:00,A16,e,61.15,1,speedlimit
2026-09-10T07:49+02:00,A29,L,12.52,4,speedlimit
2026-09-10T07:49+02:00,A20,R,30.196,1,speedlimit
2026-09-10T07:49+02:00,A16,x,18.543,1,speedlimit
2026-09-10T07:49+02:00,A16,x,19.3,1,speedlimit
2026-09-10T07:49+02:00,A20,L,29.826,4,speedlimit
2026-09-10T07:49+02:00,A16,R,32.933,4,speedlimit
2026-09-10T07:49+02:00,A20,L,38.3,3,speedlimit
2026-09-10T07:49+02:00,A16,L,30.2,4,speedlimit
2026-09-10T07:49+02:00,A20,L,38.91,3,speedlimit
2026-09-10T07:49+02:00,A16,R,60.5,4,speedlimit
2026-09-10T07:49+02:00,A16,L,36.355,1,speedlimit
2026-09-10T07:49+02:00,A29,L,12.635,1,speedlimit
2026-09-10T07:49+02:00,A15,h,70.04,1,speedlimit
2026-09-10T07:49+02:00,A4,L,59.72,2,speedlimit
2026-09-10T07:49+02:00,A15,R,83.1,2,speedlimit
2026-09-10T07:49+02:00,A16,b,19.862,2,speedlimit
2026-09-10T07:49+02:00,A20,R,21.53,1,speedlimit
2026-09-10T07:49+02:00,A16,R,29.28,2,speedlimit
2026-09-10T07:49+02:00,A16,L,31.805,1,speedlimit
2026-09-10T07:49+02:00,A16,L,34.13,1,speedlimit
2026-09-10T07:49+02:00,A16,L,41.53,1,speedlimit
2026-09-10T07:49+02:00,A16,R,66.81,2,lane_closed
2026-09-10T07:49+02:00,A29,L,11.95,3,speedlimit
2026-09-10T07:49+02:00,A15,L,74.085,2,speedlimit
2026-09-10T07:49+02:00,A4,L,1.555,3,speedlimit
2026-09-10T07:49+02:00,A20,s,29.6,1,speedlimit
2026-09-10T07:49+02:00,A4,L,7.526,3,speedlimit
2026-09-10T07:49+02:00,A20,L,28.57,2,speedlimit
2026-09-10T07:49+02:00,A20,R,30.6,2,speedlimit
2026-09-10T07:49+02:00,A15,R,59.57,1,speedlimit
2026-09-10T07:49+02:00,A4,L,1.156,4,speedlimit
2026-09-10T07:49+02:00,A16,R,29.28,6,speedlimit
2026-09-10T07:49+02:00,A29,s,9.91,2,speedlimit
2026-09-10T07:49+02:00,A16,R,21.9,1,speedlimit
2026-09-10T07:49+02:00,A15,L,65.25,3,speedlimit
2026-09-10T07:49+02:00,A16,x,25.66,1,speedlimit
2026-09-10T07:49+02:00,A4,m,7.4,2,speedlimit
2026-09-10T07:49+02:00,A13,L,17.1,2,speedlimit
2026-09-10T07:49+02:00,A15,R,57.31,5,speedlimit
2026-09-10T07:49+02:00,A16,L,38.22,3,speedlimit
2026-09-10T07:49+02:00,A16,R,17.463,5,speedlimit
2026-09-10T07:49+02:00,A16,L,43.145,2,speedlimit
2026-09-10T07:49+02:00,A20,L,28.57,3,speedlimit
2026-09-10T07:49+02:00,A15,R,59.57,3,speedlimit
2026-09-10T07:49+02:00,A15,L,64.67,3,speedlimit
2026-09-10T07:49+02:00,A20,R,26.4,4,speedlimit
2026-09-10T07:49+02:00,A20,R,30.196,2,speedlimit
2026-09-10T07:49+02:00,A13,R,17.8,3,speedlimit
2026-09-10T07:49+02:00,A16,R,32.22,1,speedlimit
2026-09-10T07:49+02:00,A15,L,95.19,2,speedlimit
2026-09-10T07:49+02:00,A16,x,20.2,3,speedlimit
2026-09-10T07:49+02:00,A16,n,33.354,1,speedlimit
2026-09-10T07:49+02:00,A15,n,95.855,2,speedlimit
2026-09-10T08:49+02:00,A4,L,7.369,4,speedlimit
2026-09-10T08:49+02:00,A15,R,62.752,1,lane_closed
2026-09-10T08:49+02:00,A4,L,11.24,2,speedlimit
2026-09-10T08:49+02:00,A16,L,33.125,1,speedlimit
2026-09-10T08:49+02:00,A13,L,16.7,1,speedlimit
2026-09-10T08:49+02:00,A4,R,72.321,1,speedlimit
2026-09-10T08:49+02:00,A15,m,62.708,1,speedlimit
2026-09-10T08:49+02:00,A16,L,51.84,2,speedlimit
2026-09-10T08:49+02:00,A16,R,25.2,3,lane_closed
2026-09-10T08:49+02:00,A4,L,26.58,2,speedlimit
2026-09-10T08:49+02:00,A4,L,53.954,2,speedlimit
2026-09-10T08:49+02:00,A20,R,40.2,3,speedlimit
2026-09-10T08:49+02:00,A4,n,73.284,2,speedlimit
2026-09-10T08:49+02:00,A20,L,34.28,1,speedlimit
2026-09-10T08:49+02:00,A16,R,17.036,4,speedlimit
2026-09-10T08:49+02:00,A15,R,63.052,3,speedlimit
2026-09-10T08:49+02:00,A16,L,7.15,1,speedlimit
2026-09-10T08:49+02:00,A16,R,13.89,2,speedlimit
2026-09-10T08:49+02:00,A29,L,97.503,1,speedlimit
2026-09-10T08:49+02:00,A16,L,40.4,2,speedlimit
2026-09-10T08:49+02:00,A4,L,70.611,2,speedlimit
2026-09-10T08:49+02:00,A4,R,70.711,2,speedlimit
2026-09-10T08:49+02:00,A4,L,62.3,1,speedlimit
2026-09-10T08:49+02:00,A16,L,53.2,2,speedlimit
2026-09-10T08:49+02:00,A15,R,71.42,4,speedlimit
2026-09-10T08:49+02:00,A16,y,27.95,2,speedlimit
2026-09-10T08:49+02:00,A20,R,36.6,2,speedlimit
2026-09-10T08:49+02:00,A16,x,18.9,3,speedlimit
2026-09-10T08:49+02:00,A15,L,76.31,1,speedlimit
2026-09-10T08:49+02:00,A15,R,71.42,2,speedlimit
2026-09-10T08:49+02:00,A15,R,59.2,2,speedlimit
2026-09-10T08:49+02:00,A15,L,75.375,4,speedlimit
2026-09-10T08:49+02:00,A16,R,11.7,2,speedlimit
2026-09-10T08:49+02:00,A16,R,30.05,1,speedlimit
2026-09-10T08:49+02:00,A16,R,17.463,4,speedlimit
2026-09-10T08:49+02:00,A4,n,12.498,2,speedlimit
2026-09-10T08:49+02:00,A16,y,18.7,2,speedlimit
2026-09-10T08:49+02:00,A4,L,60.69,1,speedlimit
2026-09-10T08:49+02:00,A20,R,25.3,1,speedlimit
2026-09-10T08:49+02:00,A4,L,12.766,4,speedlimit
2026-09-10T08:49+02:00,A4,L,62.755,1,speedlimit
2026-09-10T08:49+02:00,A15,R,64.49,2,speedlimit
2026-09-10T08:49+02:00,A20,R,22.735,2,speedlimit
2026-09-10T08:49+02:00,A20,L,30.196,2,speedlimit
2026-09-10T08:49+02:00,A15,R,72.96,1,speedlimit
2026-09-10T08:49+02:00,A4,R,32.4,3,speedlimit
2026-09-10T08:49+02:00,A4,n,12.498,1,speedlimit
2026-09-10T08:49+02:00,A4,L,62.6,4,speedlimit
2026-09-10T08:49+02:00,A16,x,20.2,2,speedlimit
2026-09-10T08:49+02:00,A13,L,13.18,3,speedlimit
2026-09-10T08:49+02:00,A20,R,25.7,2,speedlimit
2026-09-10T08:49+02:00,A16,x,20.5,1,speedlimit
2026-09-10T08:49+02:00,A16,R,32.22,3,speedlimit
2026-09-10T08:49+02:00,A4,L,10.831,5,speedlimit
2026-09-10T08:49+02:00,A16,L,41.96,3,speedlimit
2026-09-10T08:49+02:00,A13,R,16.655,1,speedlimit
2026-09-10T08:49+02:00,A4,L,13.747,6,speedlimit
2026-09-10T08:49+02:00,A4,L,12.15,2,speedlimit
2026-09-10T08:49+02:00,A4,n,73.156,1,speedlimit
2026-09-10T08:49+02:00,A4,L,75.5,3,speedlimit
2026-09-10T08:49+02:00,A16,R,66.52,2,speedlimit
2026-09-10T08:49+02:00,A16,L,17.748,1,speedlimit
2026-09-10T08:49+02:00,A16,R,12.35,1,speedlimit
2026-09-10T08:49+02:00,A4,L,74.404,5,speedlimit
2026-09-10T08:49+02:00,A4,m,43.975,2,speedlimit
2026-09-10T08:49+02:00,A13,R,17.1,2,speedlimit
2026-09-10T08:49+02:00,A15,R,61.63,4,speedlimit
2026-09-10T08:49+02:00,A4,n,12.975,2,speedlimit
2026-09-10T08:49+02:00,A16,L,39.875,3,speedlimit
2026-09-10T08:49+02:00,A4,L,6.902,1,speedlimit
2026-09-10T08:49+02:00,A4,L,63.0,4,speedlimit
2026-09-10T08:49+02:00,A4,g,45.69,1,speedlimit
2026-09-10T08:49+02:00,A4,L,5.93,1,speedlimit
2026-09-10T08:49+02:00,A4,j,4.65,2,speedlimit
2026-09-10T08:49+02:00,A4,m,35.48,2,speedlimit
2026-09-10T08:49+02:00,A15,k,70.5,2,speedlimit
2026-09-10T08:49+02:00,A16,L,16.935,5,speedlimit
2026-09-10T08:49+02:00,A15,R,62.752,2,lane_closed
2026-09-10T08:49+02:00,A4,R,29.44,1,speedlimit
2026-09-10T08:49+02:00,A15,R,61.33,5,speedlimit
2026-09-10T08:49+02:00,A4,n,73.006,2,speedlimit
2026-09-10T08:49+02:00,A16,x,18.9,1,speedlimit
2026-09-10T08:49+02:00,A15,L,43.46,2,speedlimit
2026-09-10T08:49+02:00,A20,R,46.51,1,speedlimit
2026-09-10T08:49+02:00,A20,R,48.3,2,speedlimit
2026-09-10T08:49+02:00,A29,v,10.39,1,speedlimit
2026-09-10T08:49+02:00,A15,L,74.625,2,speedlimit
2026-09-10T08:49+02:00,A4,L,13.25,4,speedlimit
2026-09-10T08:49+02:00,A16,x,20.2,1,speedlimit
2026-09-10T08:49+02:00,A15,R,58.05,4,speedlimit
2026-09-10T08:49+02:00,A15,R,55.59,2,speedlimit
2026-09-10T08:49+02:00,A4,R,30.76,1,speedlimit
2026-09-10T08:49+02:00,A13,L,12.7,3,speedlimit
2026-09-10T08:49+02:00,A29,L,11.06,4,speedlimit
2026-09-10T08:49+02:00,A4,L,74.404,2,speedlimit
2026-09-10T08:49+02:00,A29,L,13.75,3,speedlimit
2026-09-10T08:49+02:00,A29,L,11.06,2,speedlimit
2026-09-10T08:49+02:00,A16,L,53.73,2,speedlimit
2026-09-10T08:49+02:00,A15,R,65.3,3,speedlimit
2026-09-10T08:49+02:00,A15,R,55.59,1,speedlimit
2026-09-10T08:49+02:00,A13,L,12.7,1,speedlimit
2026-09-10T08:49+02:00,A4,L,55.15,2,speedlimit
2026-09-10T08:49+02:00,A20,L,34.695,4,speedlimit
2026-09-10T08:49+02:00,A15,R,64.9,3,speedlimit
2026-09-10T08:49+02:00,A4,n,13.25,3,speedlimit
2026-09-10T08:49+02:00,A16,R,21.5,2,speedlimit
2026-09-10T08:49+02:00,A4,R,31.905,2,speedlimit
2026-09-10T08:49+02:00,A20,R,37.29,1,speedlimit
2026-09-10T08:49+02:00,A4,L,25.35,3,speedlimit
2026-09-10T08:49+02:00,A4,R,54.487,2,speedlimit
2026-09-10T08:49+02:00,A13,L,15.035,3,speedlimit
2026-09-10T08:49+02:00,A16,R,24.03,2,speedlimit
2026-09-10T08:49+02:00,A4,L,11.24,5,speedlimit
2026-09-10T08:49+02:00,A20,R,34.684,2,speedlimit
2026-09-10T08:49+02:00,A13,R,18.5,1,speedlimit
2026-09-10T08:49+02:00,A16,R,20.5,3,speedlimit
2026-09-10T08:49+02:00,A20,R,34.684,3,speedlimit
2026-09-10T08:49+02:00,A16,R,12.35,2,speedlimit
2026-09-10T08:49+02:00,A16,R,19.862,1,speedlimit
2026-09-10T08:49+02:00,A20,L,29.5,2,speedlimit
2026-09-10T08:49+02:00,A15,L,74.275,3,speedlimit
2026-09-10T08:49+02:00,A4,n,73.544,2,speedlimit
2026-09-10T08:49+02:00,A15,R,63.052,2,lane_closed
2026-09-10T08:49+02:00,A16,R,15.73,2,speedlimit
2026-09-10T08:49+02:00,A16,R,16.3,1,speedlimit
2026-09-10T08:49+02:00,A29,L,14.05,3,speedlimit
2026-09-10T08:49+02:00,A4,L,22.537,3,speedlimit
2026-09-10T08:49+02:00,A4,n,74.204,2,speedlimit
2026-09-10T08:49+02:00,A16,R,11.866,1,speedlimit
2026-09-10T08:49+02:00,A13,R,18.5,4,speedlimit
2026-09-10T08:49+02:00,A29,R,11.625,1,speedlimit
2026-09-10T08:49+02:00,A4,L,71.041,2,speedlimit
2026-09-10T08:49+02:00,A20,L,40.985,1,speedlimit
2026-09-10T08:49+02:00,A15,m,58.46,3,speedlimit
2026-09-10T08:49+02:00,A20,R,42.485,2,speedlimit
2026-09-10T08:49+02:00,A13,R,18.2,3,speedlimit
2026-09-10T08:49+02:00,A16,L,59.51,2,speedlimit
2026-09-10T08:49+02:00,A20,R,28.1,1,speedlimit
2026-09-10T08:49+02:00,A16,R,24.03,3,lane_closed_ahead
2026-09-10T08:49+02:00,A20,R,30.196,3,speedlimit
2026-09-10T08:49+02:00,A4,L,4.44,3,speedlimit
2026-09-10T08:49+02:00,A4,R,71.21,3,speedlimit
2026-09-10T08:49+02:00,A4,L,13.25,3,speedlimit
2026-09-10T08:49+02:00,A16,R,13.61,2,speedlimit
2026-09-10T08:49+02:00,A4,R,33.17,2,speedlimit
2026-09-10T08:49+02:00,A4,j,4.65,1,speedlimit
2026-09-10T08:49+02:00,A4,L,62.885,3,speedlimit
2026-09-10T08:49+02:00,A4,L,52.448,4,speedlimit
2026-09-10T08:49+02:00,A4,L,62.468,4,speedlimit
2026-09-10T08:49+02:00,A4,R,70.964,1,speedlimit
2026-09-10T08:49+02:00,A20,L,36.94,1,lane_closed
2026-09-10T08:49+02:00,A16,R,17.463,2,speedlimit
2026-09-10T08:49+02:00,A4,L,75.105,5,speedlimit
2026-09-10T08:49+02:00,A15,R,58.05,1,speedlimit
2026-09-10T08:49+02:00,A20,R,37.29,5,speedlimit
2026-09-10T08:49+02:00,A4,R,72.443,2,speedlimit
2026-09-10T08:49+02:00,A4,L,74.737,3,speedlimit
2026-09-10T08:49+02:00,A4,f,7.841,2,speedlimit
2026-09-10T08:49+02:00,A4,R,31.52,3,speedlimit
2026-09-10T08:49+02:00,A15,R,58.46,2,speedlimit
2026-09-10T08:49+02:00,A20,R,48.3,1,speedlimit
2026-09-10T08:49+02:00,A16,b,11.392,1,speedlimit
2026-09-10T08:49+02:00,A20,R,46.51,2,speedlimit
2026-09-10T08:49+02:00,A16,L,46.935,2,speedlimit
2026-09-10T08:49+02:00,A4,R,73.974,2,speedlimit
2026-09-10T08:49+02:00,A15,e,64.5,1,lane_closed
2026-09-10T08:49+02:00,A4,R,71.726,2,speedlimit
2026-09-10T08:49+02:00,A15,R,56.6,3,speedlimit
2026-09-10T08:49+02:00,A15,n,95.855,3,speedlimit
2026-09-10T08:49+02:00,A15,L,75.075,1,speedlimit
2026-09-10T08:49+02:00,A4,L,55.15,3,speedlimit
2026-09-10T08:49+02:00,A16,L,28.74,4,speedlimit
2026-09-10T08:49+02:00,A4,L,50.798,3,speedlimit
2026-09-10T08:49+02:00,A13,R,17.8,2,speedlimit
2026-09-10T08:49+02:00,A20,L,36.625,5,speedlimit
2026-09-10T08:49+02:00,A15,R,61.05,6,speedlimit
2026-09-10T08:49+02:00,A4,m,74.194,3,speedlimit
2026-09-10T08:49+02:00,A4,R,53.944,2,speedlimit
2026-09-10T08:49+02:00,A4,L,5.225,6,speedlimit
2026-09-10T08:49+02:00,A4,f,7.4,2,speedlimit
2026-09-10T08:49+02:00,A15,x,56.25,1,speedlimit
2026-09-10T08:49+02:00,A29,L,11.95,4,speedlimit
2026-09-10T08:49+02:00,A16,R,20.2,1,speedlimit
2026-09-10T08:49+02:00,A20,s,29.6,2,speedlimit
2026-09-10T08:49+02:00,A15,L,65.25,2,speedlimit
2026-09-10T08:49+02:00,A15,L,65.685,3,speedlimit
2026-09-10T08:49+02:00,A16,R,33.135,4,speedlimit
2026-09-10T08:49+02:00,A4,L,70.215,2,speedlimit
2026-09-10T08:49+02:00,A16,R,14.03,2,speedlimit
2026-09-10T08:49+02:00,A4,L,7.841,3,speedlimit
2026-09-10T08:49+02:00,A29,L,14.52,3,speedlimit
2026-09-10T08:49+02:00,A4,d,53.0,1,speedlimit
2026-09-10T08:49+02:00,A4,L,61.164,4,speedlimit
2026-09-10T08:49+02:00,A15,R,71.99,2,speedlimit
2026-09-10T08:49+02:00,A13,L,15.035,1,speedlimit
2026-09-10T08:49+02:00,A16,R,25.2,1,speedlimit
2026-09-10T08:49+02:00,A15,R,58.05,2,speedlimit
2026-09-10T08:49+02:00,A4,R,74.737,1,speedlimit
2026-09-10T08:49+02:00,A4,m,35.13,1,speedlimit
2026-09-10T08:49+02:00,A29,L,14.8,3,speedlimit
2026-09-10T08:49+02:00,A4,L,11.62,3,speedlimit
2026-09-10T08:49+02:00,A16,R,14.03,1,speedlimit
2026-09-10T08:49+02:00,A20,R,26.93,4,speedlimit
2026-09-10T08:49+02:00,A16,L,29.02,2,speedlimit
2026-09-10T08:49+02:00,A20,R,28.57,3,speedlimit
2026-09-10T08:49+02:00,A15,L,70.95,3,speedlimit
2026-09-10T08:49+02:00,A16,x,18.229,1,speedlimit
2026-09-10T08:49+02:00,A15,R,63.533,2,speedlimit
2026-09-10T08:49+02:00,A16,R,12.77,1,speedlimit
2026-09-10T08:49+02:00,A16,R,25.66,1,speedlimit
2026-09-10T08:49+02:00,A20,L,36.625,2,speedlimit
2026-09-10T08:49+02:00,A4,m,74.194,2,speedlimit
2026-09-10T08:49+02:00,A29,L,14.2,1,speedlimit
2026-09-10T08:49+02:00,A15,R,61.05,1,speedlimit
2026-09-10T08:49+02:00,A16,R,20.2,3,speedlimit
2026-09-10T08:49+02:00,A29,v,10.8,1,speedlimit
2026-09-10T08:49+02:00,A15,L,86.3,2,speedlimit
2026-09-10T08:49+02:00,A16,R,31.74,5,speedlimit
2026-09-10T08:49+02:00,A29,s,9.64,2,speedlimit
2026-09-10T08:49+02:00,A13,L,18.8,2,speedlimit
2026-09-10T08:49+02:00,A15,R,65.6,4,speedlimit
2026-09-10T08:49+02:00,A15,R,60.49,4,speedlimit
2026-09-10T08:49+02:00,A15,R,62.454,3,speedlimit
2026-09-10T08:49+02:00,A20,R,27.235,1,speedlimit
2026-09-10T08:49+02:00,A13,L,10.7,3,speedlimit
2026-09-10T08:49+02:00,A20,L,28.41,2,speedlimit
2026-09-10T08:49+02:00,A20,R,47.0,2,speedlimit
2026-09-10T08:49+02:00,A4,n,13.25,2,speedlimit
2026-09-10T08:49+02:00,A4,L,25.35,1,speedlimit
2026-09-10T08:49+02:00,A4,h,45.58,1,speedlimit
2026-09-10T08:49+02:00,A4,L,52.018,2,speedlimit
2026-09-10T08:49+02:00,A15,R,57.78,1,speedlimit
2026-09-10T08:49+02:00,A16,R,31.25,4,speedlimit
2026-09-10T08:49+02:00,A20,R,24.715,1,speedlimit
2026-09-10T08:49+02:00,A15,L,85.78,1,speedlimit
2026-09-10T08:49+02:00,A13,R,9.9,2,speedlimit
2026-09-10T08:49+02:00,A4,L,52.018,3,speedlimit
2026-09-10T08:49+02:00,A4,R,72.736,1,speedlimit
2026-09-10T08:49+02:00,A15,R,70.12,1,speedlimit
2026-09-10T08:49+02:00,A20,R,23.0,4,speedlimit
2026-09-10T08:49+02:00,A20,R,27.79,2,speedlimit
2026-09-10T08:49+02:00,A16,L,32.396,3,speedlimit
2026-09-10T08:49+02:00,A13,R,18.5,3,speedlimit
2026-09-10T08:49+02:00,A20,R,28.57,4,speedlimit
2026-09-10T08:49+02:00,A20,R,31.26,4,speedlimit
2026-09-10T08:49+02:00,A20,L,29.826,2,speedlimit
2026-09-10T08:49+02:00,A29,L,96.343,1,speedlimit
2026-09-10T08:49+02:00,A4,n,73.746,2,speedlimit
2026-09-10T08:49+02:00,A20,R,37.29,4,speedlimit
2026-09-10T08:49+02:00,A20,L,35.925,1,lane_closed
2026-09-10T08:49+02:00,A4,R,73.284,1,speedlimit
2026-09-10T08:49+02:00,A16,L,45.805,1,speedlimit
2026-09-10T08:49+02:00,A4,L,25.95,3,speedlimit
2026-09-10T08:49+02:00,A20,L,28.57,1,speedlimit
2026-09-10T08:49+02:00,A20,R,34.684,1,speedlimit
2026-09-10T08:49+02:00,A16,L,31.805,2,speedlimit
2026-09-10T08:49+02:00,A15,R,72.54,2,speedlimit
2026-09-10T08:49+02:00,A4,L,24.75,1,speedlimit
2026-09-10T08:49+02:00,A4,L,24.165,1,speedlimit
2026-09-10T08:49+02:00,A20,L,33.36,2,speedlimit
2026-09-10T08:49+02:00,A16,R,32.22,5,speedlimit
2026-09-10T08:49+02:00,A20,R,29.5,4,speedlimit
2026-09-10T08:49+02:00,A4,n,72.881,2,speedlimit
2026-09-10T08:49+02:00,A4,L,32.115,2,speedlimit
2026-09-10T08:49+02:00,A4,L,7.526,2,speedlimit
2026-09-10T08:49+02:00,A16,R,23.2,2,speedlimit
2026-09-10T08:49+02:00,A15,m,60.07,1,speedlimit
2026-09-10T08:49+02:00,A16,y,28.29,1,speedlimit
2026-09-10T08:49+02:00,A4,L,61.69,2,speedlimit
2026-09-10T08:49+02:00,A4,L,26.58,3,speedlimit
2026-09-10T08:49+02:00,A16,R,24.71,3,lane_closed
2026-09-10T08:49+02:00,A15,L,72.58,2,speedlimit
2026-09-10T08:49+02:00,A4,L,22.537,2,speedlimit
2026-09-10T08:49+02:00,A4,L,54.48,3,speedlimit
2026-09-10T08:49+02:00,A16,R,32.76,5,speedlimit
2026-09-10T08:49+02:00,A4,L,24.165,3,speedlimit
2026-09-10T08:49+02:00,A4,L,61.69,1,speedlimit
2026-09-10T08:49+02:00,A16,R,16.3,3,speedlimit
2026-09-10T08:49+02:00,A4,L,7.072,1,speedlimit
2026-09-10T08:49+02:00,A16,R,31.74,4,speedlimit
2026-09-10T08:49+02:00,A4,R,73.414,1,speedlimit
2026-09-10T08:49+02:00,A13,L,11.25,1,speedlimit
2026-09-10T08:49+02:00,A15,R,71.42,1,speedlimit
2026-09-10T08:49+02:00,A16,x,21.9,2,speedlimit
2026-09-10T08:49+02:00,A20,R,28.1,2,speedlimit
2026-09-10T08:49+02:00,A20,R,26.64,1,speedlimit
2026-09-10T08:49+02:00,A16,L,32.396,1,speedlimit
2026-09-10T08:49+02:00,A16,R,22.7,5,speedlimit
2026-09-10T08:49+02:00,A20,R,25.7,3,speedlimit
2026-09-10T08:49+02:00,A4,n,74.204,1,speedlimit
2026-09-10T08:49+02:00,A15,R,61.05,4,speedlimit
2026-09-10T08:49+02:00,A15,L,64.2,2,speedlimit
2026-09-10T08:49+02:00,A4,L,7.841,4,speedlimit
2026-09-10T08:49+02:00,A15,R,60.49,3,speedlimit
2026-09-10T08:49+02:00,A4,L,50.798,4,speedlimit
2026-09-10T08:49+02:00,A15,L,87.05,2,speedlimit
2026-09-10T08:49+02:00,A29,L,13.575,3,speedlimit
2026-09-10T08:49+02:00,A15,L,74.085,3,speedlimit
2026-09-10T08:49+02:00,A15,R,72.54,3,speedlimit
2026-09-10T08:49+02:00,A29,R,9.83,1,speedlimit
2026-09-10T08:49+02:00,A16,L,53.73,1,speedlimit
2026-09-10T08:49+02:00,A16,L,45.39,1,speedlimit
2026-09-10T08:49+02:00,A16,x,17.813,1,speedlimit
2026-09-10T08:49+02:00,A4,f,6.9,1,speedlimit
2026-09-10T08:49+02:00,A20,L,32.8,2,speedlimit
2026-09-10T08:49+02:00,A29,R,9.5,3,speedlimit
2026-09-10T08:49+02:00,A16,L,30.73,4,speedlimit
2026-09-10T08:49+02:00,A4,L,8.14,2,speedlimit
2026-09-10T08:49+02:00,A4,L,24.165,2,speedlimit
2026-09-10T08:49+02:00,A16,L,48.03,1,speedlimit
2026-09-10T08:49+02:00,A15,L,65.25,4,speedlimit
2026-09-10T08:49+02:00,A15,R,71.07,1,speedlimit
2026-09-10T08:49+02:00,A15,R,59.2,1,speedlimit
2026-09-10T08:49+02:00,A4,L,62.6,1,speedlimit
2026-09-10T08:49+02:00,A13,L,17.1,3,speedlimit
2026-09-10T08:49+02:00,A16,R,12.49,1,speedlimit
2026-09-10T08:49+02:00,A20,L,34.28,4,speedlimit
2026-09-10T08:49+02:00,A13,L,15.55,1,speedlimit
2026-09-10T08:49+02:00,A20,R,42.0,1,speedlimit
2026-09-10T08:49+02:00,A16,b,19.862,1,speedlimit
2026-09-10T08:49+02:00,A4,L,7.22,3,speedlimit
2026-09-10T08:49+02:00,A29,L,10.63,1,speedlimit
2026-09-10T08:49+02:00,A20,L,37.3,3,speedlimit
2026-09-10T08:49+02:00,A4,L,62.135,3,speedlimit
2026-09-10T08:49+02:00,A20,R,34.29,2,speedlimit
2026-09-10T08:49+02:00,A20,R,36.1,3,speedlimit
2026-09-10T08:49+02:00,A16,L,59.51,1,speedlimit
2026-09-10T08:49+02:00,A16,L,39.25,3,speedlimit
2026-09-10T08:49+02:00,A20,L,36.625,1,lane_closed
2026-09-10T08:49+02:00,A4,L,31.63,2,speedlimit
2026-09-10T08:49+02:00,A15,R,62.454,2,lane_closed_ahead
2026-09-10T08:49+02:00,A29,L,11.525,1,speedlimit
2026-09-10T08:49+02:00,A4,L,5.549,6,speedlimit
2026-09-10T08:49+02:00,A16,R,33.135,2,speedlimit
2026-09-10T08:49+02:00,A4,L,62.3,4,speedlimit
2026-09-10T08:49+02:00,A15,m,62.998,3,speedlimit
2026-09-10T08:49+02:00,A15,L,43.46,4,speedlimit
2026-09-10T08:49+02:00,A20,R,36.1,1,speedlimit
2026-09-10T08:49+02:00,A4,h,70.25,2,speedlimit
2026-09-10T08:49+02:00,A4,R,32.85,3,speedlimit
2026-09-10T08:49+02:00,A16,R,66.81,3,speedlimit
2026-09-10T08:49+02:00,A29,s,9.64,1,speedlimit
2026-09-10T08:49+02:00,A20,L,27.488,1,speedlimit
2026-09-10T08:49+02:00,A4,L,58.82,1,speedlimit
2026-09-10T08:49+02:00,A4,L,69.949,4,speedlimit
2026-09-10T08:49+02:00,A20,L,27.2,1,speedlimit
2026-09-10T08:49+02:00,A4,h,46.06,2,speedlimit
2026-09-10T08:49+02:00,A4,R,74.737,2,speedlimit
2026-09-10T08:49+02:00,A4,n,10.831,2,speedlimit
2026-09-10T08:49+02:00,A15,R,59.57,2,speedlimit
2026-09-10T08:49+02:00,A20,L,27.8,2,speedlimit
2026-09-10T08:49+02:00,A20,R,36.1,2,speedlimit
2026-09-10T08:49+02:00,A29,L,13.18,1,speedlimit
2026-09-10T08:49+02:00,A16,L,33.125,4,speedlimit
2026-09-10T08:49+02:00,A15,L,71.42,4,speedlimit
2026-09-10T08:49+02:00,A20,L,41.6,2,speedlimit
2026-09-10T08:49+02:00,A4,L,12.766,3,speedlimit
2026-09-10T08:49+02:00,A16,R,13.05,2,speedlimit
2026-09-10T08:49+02:00,A16,L,16.935,2,speedlimit
2026-09-10T08:49+02:00,A15,R,58.05,5,speedlimit
2026-09-10T08:49+02:00,A13,L,18.2,3,speedlimit
2026-09-10T08:49+02:00,A4,L,71.041,1,speedlimit
2026-09-10T08:49+02:00,A16,R,12.07,2,speedlimit
2026-09-10T08:49+02:00,A29,L,12.635,3,speedlimit
2026-09-10T08:49+02:00,A15,R,64.9,4,speedlimit
2026-09-10T08:49+02:00,A16,L,31.425,4,speedlimit
2026-09-10T08:49+02:00,A4,L,74.737,2,speedlimit
2026-09-10T08:49+02:00,A4,R,32.4,2,speedlimit
2026-09-10T08:49+02:00,A16,R,32.933,1,speedlimit
2026-09-10T08:49+02:00,A16,L,54.2,1,speedlimit
2026-09-10T08:49+02:00,A4,L,53.26,2,speedlimit
2026-09-10T08:49+02:00,A16,y,18.2,1,speedlimit
2026-09-10T08:49+02:00,A29,L,14.35,2,speedlimit
2026-09-10T08:49+02:00,A16,R,11.392,1,speedlimit
2026-09-10T08:49+02:00,A4,R,73.544,1,speedlimit
2026-09-10T08:49+02:00,A4,R,71.726,1,speedlimit
2026-09-10T08:49+02:00,A4,L,14.794,2,speedlimit
2026-09-10T08:49+02:00,A29,L,10.63,2,speedlimit
2026-09-10T08:49+02:00,A16,R,32.518,4,speedlimit
2026-09-10T08:49+02:00,A16,L,48.54,1,speedlimit
2026-09-10T08:49+02:00,A20,R,22.735,1,speedlimit
2026-09-10T08:49+02:00,A4,L,63.0,1,speedlimit
2026-09-10T08:49+02:00,A4,L,70.215,3,speedlimit
2026-09-10T08:49+02:00,A16,R,13.61,1,speedlimit
2026-09-10T08:49+02:00,A16,L,51.84,1,speedlimit
2026-09-10T08:49+02:00,A16,y,27.95,3,speedlimit
2026-09-10T08:49+02:00,A20,L,31.88,1,speedlimit
2026-09-10T08:49+02:00,A16,L,51.84,3,speedlimit
2026-09-10T08:49+02:00,A15,L,73.92,2,speedlimit
2026-09-10T08:49+02:00,A15,L,85.78,2,speedlimit
2026-09-10T08:49+02:00,A16,R,11.392,2,speedlimit
2026-09-10T08:49+02:00,A16,L,29.37,4,speedlimit
2026-09-10T08:49+02:00,A15,R,65.9,1,speedlimit
2026-09-10T08:49+02:00,A29,L,11.06,1,speedlimit
2026-09-10T08:49+02:00,A4,L,63.0,2,speedlimit
2026-09-10T08:49+02:00,A13,L,16.7,2,speedlimit
2026-09-10T08:49+02:00,A4,n,73.284,1,speedlimit
2026-09-10T08:49+02:00,A15,R,72.54,1,speedlimit
2026-09-10T08:49+02:00,A20,L,30.9,2,speedlimit
2026-09-10T08:49+02:00,A16,R,31.25,5,speedlimit
2026-09-10T08:49+02:00,A15,L,73.92,3,speedlimit
2026-09-10T08:49+02:00,A16,L,48.54,3,speedlimit
2026-09-10T08:49+02:00,A4,L,32.115,3,speedlimit
2026-09-10T08:49+02:00,A4,f,7.5,1,speedlimit
2026-09-10T08:49+02:00,A20,L,38.91,2,speedlimit
2026-09-10T08:49+02:00,A4,n,72.881,1,speedlimit
2026-09-10T08:49+02:00,A16,L,43.145,1,speedlimit
2026-09-10T08:49+02:00,A15,R,70.12,2,speedlimit
2026-09-10T08:49+02:00,A20,L,36.625,3,speedlimit
2026-09-10T08:49+02:00,A16,R,21.5,1,speedlimit
2026-09-10T08:49+02:00,A15,R,65.3,2,speedlimit
2026-09-10T08:49+02:00,A20,L,28.085,1,speedlimit
2026-09-10T08:49+02:00,A16,L,54.825,2,speedlimit
2026-09-10T08:49+02:00,A16,x,18.229,2,speedlimit
2026-09-10T08:49+02:00,A20,s,35.6,1,speedlimit
2026-09-10T08:49+02:00,A15,R,58.05,3,speedlimit
2026-09-10T08:49+02:00,A15,L,71.9,2,speedlimit
2026-09-10T08:49+02:00,A15,p,58.05,1,speedlimit
2026-09-10T08:49+02:00,A15,q,50.745,2,speedlimit
2026-09-10T08:49+02:00,A16,R,32.76,4,speedlimit
2026-09-10T08:49+02:00,A29,L,13.575,2,speedlimit
2026-09-10T08:49+02:00,A16,R,32.22,2,speedlimit
2026-09-10T08:49+02:00,A15,R,61.33,3,speedlimit
2026-09-10T08:49+02:00,A4,R,71.511,2,speedlimit
2026-09-10T08:49+02:00,A4,R,54.487,3,speedlimit
2026-09-10T08:49+02:00,A16,R,22.7,4,speedlimit
2026-09-10T08:49+02:00,A20,R,30.6,1,speedlimit
2026-09-10T08:49+02:00,A4,m,45.146,1,speedlimit
2026-09-10T08:49+02:00,A13,R,17.1,3,speedlimit
2026-09-10T08:49+02:00,A4,L,25.95,2,speedlimit
2026-09-10T08:49+02:00,A16,x,25.2,3,speedlimit
2026-09-10T08:49+02:00,A15,R,62.752,4,speedlimit
2026-09-10T08:49+02:00,A16,L,31.805,3,speedlimit
2026-09-10T08:49+02:00,A16,L,38.73,1,speedlimit
2026-09-10T08:49+02:00,A13,L,9.9,1,speedlimit
2026-09-10T08:49+02:00,A4,L,23.5,3,speedlimit
2026-09-10T08:49+02:00,A20,R,26.93,3,speedlimit
2026-09-10T08:49+02:00,A15,R,62.062,2,speedlimit
2026-09-10T08:49+02:00,A16,R,17.463,1,speedlimit
2026-09-10T08:49+02:00,A4,R,73.544,2,speedlimit
2026-09-10T08:49+02:00,A4,m,45.146,2,speedlimit
2026-09-10T08:49+02:00,A20,L,31.4,1,speedlimit
2026-09-10T08:49+02:00,A16,L,30.2,1,speedlimit
2026-09-10T08:49+02:00,A15,p,58.05,2,speedlimit
2026-09-10T08:49+02:00,A4,m,73.974,1,speedlimit
2026-09-10T08:49+02:00,A4,L,62.3,2,speedlimit
2026-09-10T08:49+02:00,A29,s,10.4,1,speedlimit
2026-09-10T08:49+02:00,A29,R,11.625,3,speedlimit
2026-09-10T08:49+02:00,A15,R,61.05,3,speedlimit
2026-09-10T08:49+02:00,A16,R,17.036,5,speedlimit
2026-09-10T08:49+02:00,A16,R,18.924,1,speedlimit
2026-09-10T08:49+02:00,A15,s,50.745,1,speedlimit
2026-09-10T08:49+02:00,A4,L,5.225,3,speedlimit
2026-09-10T08:49+02:00,A16,R,23.5,3,speedlimit
2026-09-10T08:49+02:00,A15,m,59.11,2,speedlimit
2026-09-10T08:49+02:00,A4,L,13.747,1,speedlimit
2026-09-10T08:49+02:00,A15,R,54.7,2,speedlimit
2026-09-10T08:49+02:00,A15,m,62.708,3,speedlimit
2026-09-10T08:49+02:00,A4,L,7.526,4,speedlimit
2026-09-10T08:49+02:00,A4,L,8.14,4,speedlimit
2026-09-10T08:49+02:00,A4,L,74.404,1,speedlimit
2026-09-10T08:49+02:00,A4,R,31.52,1,speedlimit
2026-09-10T08:49+02:00,A13,L,12.0,1,speedlimit
2026-09-10T08:49+02:00,A4,L,61.164,1,speedlimit
2026-09-10T08:49+02:00,A16,L,7.15,2,speedlimit
2026-09-10T08:49+02:00,A4,L,69.949,3,speedlimit
2026-09-10T08:49+02:00,A4,n,73.414,1,speedlimit
2026-09-10T08:49+02:00,A4,L,32.115,1,speedlimit
2026-09-10T08:49+02:00,A20,u,23.853,1,speedlimit
2026-09-10T08:49+02:00,A20,L,31.1,2,speedlimit
2026-09-10T08:49+02:00,A15,e,63.942,1,lane_closed
2026-09-10T08:49+02:00,A20,R,36.94,3,speedlimit
2026-09-10T08:49+02:00,A16,R,19.3,2,speedlimit
2026-09-10T08:49+02:00,A4,L,70.611,4,speedlimit
2026-09-10T08:49+02:00,A4,g,63.875,2,speedlimit
2026-09-10T08:49+02:00,A4,L,54.907,1,speedlimit
2026-09-10T08:49+02:00,A4,h,70.25,1,speedlimit
2026-09-10T08:49+02:00,A4,L,23.0,3,speedlimit
2026-09-10T08:49+02:00,A29,R,11.95,2,speedlimit
2026-09-10T08:49+02:00,A4,L,14.37,2,speedlimit
2026-09-10T08:49+02:00,A4,R,32.85,4,speedlimit
2026-09-10T08:49+02:00,A13,g,18.7,2,speedlimit
2026-09-10T08:49+02:00,A15,L,65.685,2,speedlimit
2026-09-10T08:49+02:00,A4,R,71.21,1,speedlimit
2026-09-10T08:49+02:00,A20,L,31.4,2,speedlimit
2026-09-10T08:49+02:00,A4,L,70.611,3,speedlimit
2026-09-10T08:49+02:00,A4,f,3.96,1,speedlimit
2026-09-10T08:49+02:00,A29,R,11.95,4,speedlimit
2026-09-10T08:49+02:00,A20,R,23.27,2,speedlimit
2026-09-10T08:49+02:00,A4,L,7.072,3,speedlimit
2026-09-10T08:49+02:00,A13,L,9.9,3,speedlimit
2026-09-10T08:49+02:00,A15,R,61.63,1,speedlimit
2026-09-10T08:49+02:00,A4,L,70.611,6,speedlimit
2026-09-10T08:49+02:00,A15,L,86.7,2,speedlimit
2026-09-10T08:49+02:00,A20,L,37.3,4,speedlimit
2026-09-10T08:49+02:00,A4,L,13.25,1,speedlimit
2026-09-10T08:49+02:00,A4,m,35.13,2,speedlimit
2026-09-10T08:49+02:00,A16,R,30.05,2,speedlimit
2026-09-10T08:49+02:00,A16,R,22.7,1,speedlimit
2026-09-10T08:49+02:00,A4,L,62.135,1,speedlimit
2026-09-10T08:49+02:00,A15,L,71.42,3,speedlimit
2026-09-10T08:49+02:00,A15,L,75.375,2,speedlimit
2026-09-10T08:49+02:00,A29,R,9.5,1,speedlimit
2026-09-10T08:49+02:00,A15,R,61.33,4,speedlimit
2026-09-10T08:49+02:00,A20,R,24.07,2,speedlimit
2026-09-10T08:49+02:00,A4,f,7.4,1,speedlimit
2026-09-10T08:49+02:00,A4,L,31.28,2,speedlimit
2026-09-10T08:49+02:00,A4,d,53.0,2,speedlimit
2026-09-10T08:49+02:00,A15,R,71.42,3,speedlimit
2026-09-10T08:49+02:00,A15,L,74.625,1,speedlimit
2026-09-10T08:49+02:00,A16,x,21.0,3,speedlimit
2026-09-10T08:49+02:00,A4,n,12.15,1,speedlimit
2026-09-10T08:49+02:00,A13,L,15.9,3,lane_closed
2026-09-10T08:49+02:00,A15,L,75.375,1,speedlimit
2026-09-10T08:49+02:00,A20,R,43.32,2,speedlimit
2026-09-10T08:49+02:00,A16,L,30.2,2,speedlimit
2026-09-10T08:49+02:00,A4,L,63.19,2,speedlimit
2026-09-10T08:49+02:00,A4,R,70.711,1,speedlimit
2026-09-10T08:49+02:00,A16,x,21.5,2,speedlimit
2026-09-10T08:49+02:00,A16,R,24.71,2,lane_closed
2026-09-10T08:49+02:00,A4,L,7.841,2,speedlimit
2026-09-10T08:49+02:00,A16,L,32.843,4,speedlimit
2026-09-10T08:49+02:00,A4,L,54.907,3,speedlimit
2026-09-10T08:49+02:00,A15,R,56.1,3,speedlimit
2026-09-10T08:49+02:00,A13,R,16.2,1,speedlimit
2026-09-10T08:49+02:00,A20,R,36.94,5,speedlimit
2026-09-10T08:49+02:00,A20,L,37.8,2,speedlimit
2026-09-10T08:49+02:00,A16,L,47.41,1,speedlimit
2026-09-10T08:49+02:00,A4,R,74.737,4,speedlimit
2026-09-10T08:49+02:00,A15,L,71.9,3,speedlimit
2026-09-10T08:49+02:00,A4,h,70.25,4,speedlimit
2026-09-10T08:49+02:00,A29,s,10.4,2,speedlimit
2026-09-10T08:49+02:00,A13,R,18.5,2,speedlimit
2026-09-10T08:49+02:00,A4,L,74.737,4,speedlimit
2026-09-10T08:49+02:00,A20,L,36.94,3,speedlimit
2026-09-10T08:49+02:00,A20,L,30.196,1,speedlimit
2026-09-10T08:49+02:00,A4,L,61.825,4,speedlimit
2026-09-10T08:49+02:00,A4,f,6.6,1,speedlimit
2026-09-10T08:49+02:00,A16,R,19.862,2,speedlimit
2026-09-10T08:49+02:00,A4,L,24.75,2,speedlimit
2026-09-10T08:49+02:00,A16,R,24.71,5,speedlimit
2026-09-10T08:49+02:00,A16,R,21.9,2,speedlimit
2026-09-10T08:49+02:00,A13,L,12.0,3,speedlimit
2026-09-10T08:49+02:00,A20,R,34.684,4,speedlimit
2026-09-10T08:49+02:00,A4,L,23.5,2,speedlimit
2026-09-10T08:49+02:00,A20,R,27.79,1,speedlimit
2026-09-10T08:49+02:00,A20,r,35.245,1,speedlimit
2026-09-10T08:49+02:00,A16,R,11.13,2,speedlimit
2026-09-10T08:49+02:00,A15,R,61.33,1,speedlimit
2026-09-10T08:49+02:00,A16,R,14.46,2,speedlimit
2026-09-10T08:49+02:00,A20,L,29.826,1,speedlimit
2026-09-10T08:49+02:00,A16,L,32.396,4,speedlimit
2026-09-10T08:49+02:00,A20,u,22.778,1,speedlimit
2026-09-10T08:49+02:00,A16,L,45.805,2,speedlimit
2026-09-10T08:49+02:00,A4,R,52.598,4,speedlimit
2026-09-10T08:49+02:00,A16,L,31.425,2,speedlimit
2026-09-10T08:49+02:00,A13,R,9.9,1,speedlimit
2026-09-10T08:49+02:00,A16,x,21.9,1,speedlimit
2026-09-10T08:49+02:00,A15,R,56.1,2,speedlimit
2026-09-10T08:49+02:00,A16,R,12.91,1,speedlimit
2026-09-10T08:49+02:00,A4,L,13.747,2,speedlimit
2026-09-10T08:49+02:00,A15,R,62.752,3,speedlimit
2026-09-10T08:49+02:00,A4,R,73.691,1,speedlimit
2026-09-10T08:49+02:00,A29,L,97.503,2,speedlimit
2026-09-10T08:49+02:00,A4,L,61.98,1,speedlimit
2026-09-10T08:49+02:00,A4,L,62.6,3,speedlimit
2026-09-10T08:49+02:00,A4,L,13.25,2,speedlimit
2026-09-10T08:49+02:00,A16,R,66.52,1,speedlimit
2026-09-10T08:49+02:00,A4,n,73.414,2,speedlimit
2026-09-10T08:49+02:00,A13,L,11.25,2,speedlimit
2026-09-10T08:49+02:00,A4,R,31.135,3,speedlimit
2026-09-10T08:49+02:00,A20,R,34.29,1,speedlimit
2026-09-10T08:49+02:00,A4,L,32.3,2,speedlimit
2026-09-10T08:49+02:00,A20,R,46.12,1,speedlimit
2026-09-10T08:49+02:00,A20,u,36.23,2,speedlimit
2026-09-10T08:49+02:00,A4,n,10.831,3,speedlimit
2026-09-10T08:49+02:00,A16,R,30.05,4,speedlimit
2026-09-10T08:49+02:00,A20,R,28.41,2,speedlimit
2026-09-10T08:49+02:00,A4,L,6.902,4,speedlimit
2026-09-10T08:49+02:00,A20,R,43.9,1,speedlimit
2026-09-10T08:49+02:00,A16,x,21.5,1,speedlimit
2026-09-10T08:49+02:00,A16,L,31.805,5,speedlimit
2026-09-10T08:49+02:00,A29,L,96.823,1,speedlimit
2026-09-10T08:49+02:00,A15,R,55.14,2,speedlimit
2026-09-10T08:49+02:00,A13,L,15.9,2,speedlimit
2026-09-10T08:49+02:00,A16,L,17.299,1,speedlimit
2026-09-10T08:49+02:00,A4,L,62.135,2,speedlimit
2026-09-10T08:49+02:00,A20,L,33.85,2,speedlimit
2026-09-10T08:49+02:00,A16,L,32.843,2,speedlimit
2026-09-10T08:49+02:00,A4,L,5.549,1,speedlimit
2026-09-10T08:49+02:00,A29,L,14.35,1,speedlimit
2026-09-10T08:49+02:00,A15,R,62.062,1,lane_closed_ahead
2026-09-10T08:49+02:00,A4,R,52.598,5,speedlimit
2026-09-10T08:49+02:00,A29,L,14.2,2,speedlimit
2026-09-10T08:49+02:00,A16,R,12.91,2,speedlimit
2026-09-10T08:49+02:00,A15,q,50.745,1,speedlimit
2026-09-10T08:49+02:00,A20,L,40.2,2,speedlimit
2026-09-10T08:49+02:00,A4,R,74.194,1,speedlimit
2026-09-10T08:49+02:00,A20,R,29.1,1,speedlimit
2026-09-10T08:49+02:00,A4,R,31.905,1,speedlimit
2026-09-10T08:49+02:00,A13,L,16.19,1,speedlimit
2026-09-10T08:49+02:00,A4,L,14.37,5,speedlimit
2026-09-10T08:49+02:00,A16,L,31.425,1,speedlimit
2026-09-10T08:49+02:00,A20,R,47.0,1,speedlimit
2026-09-10T08:49+02:00,A16,L,48.54,2,speedlimit
2026-09-10T08:49+02:00,A4,L,12.15,1,speedlimit
2026-09-10T08:49+02:00,A16,m,33.778,2,speedlimit
2026-09-10T08:49+02:00,A13,R,17.8,1,speedlimit
2026-09-10T08:49+02:00,A29,L,11.06,3,speedlimit
2026-09-10T08:49+02:00,A20,R,28.41,1,speedlimit
2026-09-10T08:49+02:00,A13,L,16.19,2,speedlimit
2026-09-10T08:49+02:00,A20,L,33.36,1,speedlimit
2026-09-10T08:49+02:00,A15,p,57.31,2,speedlimit
2026-09-10T08:49+02:00,A15,R,72.96,2,speedlimit
2026-09-10T08:49+02:00,A13,L,15.55,3,speedlimit
2026-09-10T08:49+02:00,A20,R,31.9,2,speedlimit
2026-09-10T08:49+02:00,A29,R,11.625,2,speedlimit
2026-09-10T08:49+02:00,A13,R,9.9,4,speedlimit
2026-09-10T08:49+02:00,A16,R,22.4,3,speedlimit
2026-09-10T08:49+02:00,A29,R,11.625,4,speedlimit
2026-09-10T08:49+02:00,A4,f,6.9,2,speedlimit
2026-09-10T08:49+02:00,A16,L,28.74,3,speedlimit
2026-09-10T08:49+02:00,A15,L,75.86,1,speedlimit
2026-09-10T08:49+02:00,A4,R,70.213,2,speedlimit
2026-09-10T08:49+02:00,A15,R,61.63,5,speedlimit
2026-09-10T08:49+02:00,A29,L,11.525,3,speedlimit
2026-09-10T08:49+02:00,A4,g,45.69,2,speedlimit
2026-09-10T08:49+02:00,A29,L,12.635,2,speedlimit
2026-09-10T08:49+02:00,A20,L,31.1,3,speedlimit
2026-09-10T08:49+02:00,A16,f,15.3,1,speedlimit
2026-09-10T08:49+02:00,A16,R,13.05,1,speedlimit
2026-09-10T08:49+02:00,A16,L,41.96,1,speedlimit
2026-09-10T08:49+02:00,A15,R,57.78,4,speedlimit
2026-09-10T08:49+02:00,A15,R,57.31,3,speedlimit
2026-09-10T08:49+02:00,A15,R,61.33,6,speedlimit
2026-09-10T08:49+02:00,A16,R,23.2,5,speedlimit
2026-09-10T08:49+02:00,A29,R,9.5,2,speedlimit
2026-09-10T08:49+02:00,A29,R,9.83,3,speedlimit
2026-09-10T08:49+02:00,A15,R,62.454,5,speedlimit
2026-09-10T08:49+02:00,A4,L,63.19,1,speedlimit
2026-09-10T08:49+02:00,A13,L,12.0,2,speedlimit
2026-09-10T08:49+02:00,A16,L,15.73,2,speedlimit
2026-09-10T08:49+02:00,A4,R,72.58,2,speedlimit
2026-09-10T08:49+02:00,A15,R,60.49,2,speedlimit
2026-09-10T08:49+02:00,A16,L,29.02,3,speedlimit
2026-09-10T08:49+02:00,A20,R,27.488,2,speedlimit
2026-09-10T08:49+02:00,A4,R,53.944,1,speedlimit
2026-09-10T08:49+02:00,A20,t,28.895,1,speedlimit
2026-09-10T08:49+02:00,A4,L,11.24,1,speedlimit
2026-09-10T08:49+02:00,A16,L,32.396,5,speedlimit
2026-09-10T08:49+02:00,A20,L,32.8,1,speedlimit
2026-09-10T08:49+02:00,A16,R,21.0,1,speedlimit
2026-09-10T08:49+02:00,A4,L,74.737,5,speedlimit
2026-09-10T08:49+02:00,A29,L,12.52,2,speedlimit
2026-09-10T08:49+02:00,A16,L,16.48,3,speedlimit
2026-09-10T08:49+02:00,A16,L,17.748,3,speedlimit
2026-09-10T08:49+02:00,A20,R,28.8,2,speedlimit
2026-09-10T08:49+02:00,A4,n,73.006,1,speedlimit
2026-09-10T08:49+02:00,A16,x,19.3,2,speedlimit
2026-09-10T08:49+02:00,A4,L,14.794,3,speedlimit
2026-09-10T08:49+02:00,A29,L,14.2,3,speedlimit
2026-09-10T08:49+02:00,A4,R,30.1,3,speedlimit
2026-09-10T08:49+02:00,A16,L,5.6,1,speedlimit
2026-09-10T08:49+02:00,A16,R,16.3,2,speedlimit
2026-09-10T08:49+02:00,A16,R,14.768,2,speedlimit
2026-09-10T08:49+02:00,A16,R,19.3,3,speedlimit
2026-09-10T08:49+02:00,A16,R,13.75,1,speedlimit
2026-09-10T08:49+02:00,A4,f,69.17,1,speedlimit
2026-09-10T08:49+02:00,A16,R,14.17,2,speedlimit
2026-09-10T08:49+02:00,A20,L,31.1,1,speedlimit
2026-09-10T08:49+02:00,A29,L,13.75,2,speedlimit
2026-09-10T08:49+02:00,A13,L,16.19,3,lane_closed
2026-09-10T08:49+02:00,A20,L,33.85,3,speedlimit
2026-09-10T08:49+02:00,A13,L,15.035,5,lane_closed
2026-09-10T08:49+02:00,A16,R,32.76,2,speedlimit
2026-09-10T08:49+02:00,A15,p,57.31,1,speedlimit
2026-09-10T08:49+02:00,A16,L,16.48,2,speedlimit
2026-09-10T08:49+02:00,A16,R,32.518,3,speedlimit
2026-09-10T08:49+02:00,A4,m,72.012,3,speedlimit
2026-09-10T08:49+02:00,A20,u,23.853,2,speedlimit
2026-09-10T08:49+02:00,A4,L,12.766,2,speedlimit
2026-09-10T08:49+02:00,A4,L,52.018,4,speedlimit
2026-09-10T08:49+02:00,A4,R,53.111,2,speedlimit
2026-09-10T08:49+02:00,A20,L,27.8,1,speedlimit
2026-09-10T08:49+02:00,A16,R,23.2,1,speedlimit
2026-09-10T08:49+02:00,A16,R,13.47,1,speedlimit
2026-09-10T08:49+02:00,A16,L,53.73,3,speedlimit
2026-09-10T08:49+02:00,A4,n,12.498,3,speedlimit
2026-09-10T08:49+02:00,A16,L,39.875,1,speedlimit
2026-09-10T08:49+02:00,A16,L,53.2,1,speedlimit
2026-09-10T08:49+02:00,A16,R,32.933,2,speedlimit
2026-09-10T08:49+02:00,A16,L,39.25,1,speedlimit
2026-09-10T08:49+02:00,A20,R,23.0,2,speedlimit
2026-09-10T08:49+02:00,A4,n,12.15,4,speedlimit
2026-09-10T08:49+02:00,A4,R,54.487,1,speedlimit
2026-09-10T08:49+02:00,A15,L,88.02,2,speedlimit
2026-09-10T08:49+02:00,A20,R,29.1,2,speedlimit
2026-09-10T08:49+02:00,A16,L,31.425,5,speedlimit
2026-09-10T08:49+02:00,A13,g,18.7,1,speedlimit
2026-09-10T08:49+02:00,A15,L,85.262,1,speedlimit
2026-09-10T08:49+02:00,A15,L,74.625,3,speedlimit
2026-09-10T08:49+02:00,A15,L,72.58,1,speedlimit
2026-09-10T08:49+02:00,A4,L,61.825,3,speedlimit
2026-09-10T08:49+02:00,A20,u,36.23,1,speedlimit
2026-09-10T08:49+02:00,A15,R,55.14,3,speedlimit
2026-09-10T08:49+02:00,A4,R,73.006,1,speedlimit
2026-09-10T08:49+02:00,A15,m,62.998,2,speedlimit
2026-09-10T08:49+02:00,A4,L,75.105,4,speedlimit
2026-09-10T08:49+02:00,A4,L,13.747,7,speedlimit
2026-09-10T08:49+02:00,A20,R,28.57,2,speedlimit
2026-09-10T08:49+02:00,A4,m,72.012,1,speedlimit
2026-09-10T08:49+02:00,A4,n,10.831,1,speedlimit
2026-09-10T08:49+02:00,A20,R,40.985,2,speedlimit
2026-09-10T08:49+02:00,A4,R,70.964,4,speedlimit
2026-09-10T08:49+02:00,A20,R,26.64,2,speedlimit
2026-09-10T08:49+02:00,A4,L,7.22,2,speedlimit
2026-09-10T08:49+02:00,A15,L,64.2,3,speedlimit
2026-09-10T08:49+02:00,A20,R,43.9,2,speedlimit
2026-09-10T08:49+02:00,A16,L,5.6,2,speedlimit
2026-09-10T08:49+02:00,A20,L,29.1,1,speedlimit
2026-09-10T08:49+02:00,A16,R,21.0,3,speedlimit
2026-09-10T08:49+02:00,A4,n,12.15,2,speedlimit
2026-09-10T08:49+02:00,A16,L,39.875,2,speedlimit
2026-09-10T08:49+02:00,A4,R,33.17,1,speedlimit
2026-09-10T08:49+02:00,A4,L,71.041,5,speedlimit
2026-09-10T08:49+02:00,A16,L,41.53,2,speedlimit
2026-09-10T08:49+02:00,A13,L,18.2,1,speedlimit
2026-09-10T08:49+02:00,A13,L,11.77,5,speedlimit
2026-09-10T08:49+02:00,A4,R,29.44,3,speedlimit
2026-09-10T08:49+02:00,A16,L,28.74,1,speedlimit
2026-09-10T08:49+02:00,A15,R,70.72,2,speedlimit
2026-09-10T08:49+02:00,A15,L,87.4,2,speedlimit
2026-09-10T08:49+02:00,A15,e,63.451,1,lane_closed
2026-09-10T08:49+02:00,A16,L,29.37,5,speedlimit
2026-09-10T08:49+02:00,A15,L,64.67,2,speedlimit
2026-09-10T08:49+02:00,A13,L,11.77,1,speedlimit
2026-09-10T08:49+02:00,A13,L,12.7,4,lane_closed
2026-09-10T08:49+02:00,A4,L,61.164,2,speedlimit
2026-09-10T08:49+02:00,A20,L,31.88,2,speedlimit
2026-09-10T08:49+02:00,A16,R,14.17,1,speedlimit
2026-09-10T08:49+02:00,A16,L,59.51,3,speedlimit
2026-09-10T08:49+02:00,A20,s,23.26,1,speedlimit
2026-09-10T08:49+02:00,A4,R,32.85,5,speedlimit
2026-09-10T08:49+02:00,A15,R,62.454,4,speedlimit
2026-09-10T08:49+02:00,A16,L,28.74,2,speedlimit
2026-09-10T08:49+02:00,A16,y,17.748,2,speedlimit
2026-09-10T08:49+02:00,A15,R,70.72,4,speedlimit
2026-09-10T08:49+02:00,A20,u,23.65,1,speedlimit
2026-09-10T08:49+02:00,A20,R,22.735,3,speedlimit
2026-09-10T08:49+02:00,A16,R,20.5,2,speedlimit
2026-09-10T08:49+02:00,A20,R,37.29,2,speedlimit
2026-09-10T08:49+02:00,A16,R,32.933,3,speedlimit
2026-09-10T08:49+02:00,A16,x,20.5,3,speedlimit
2026-09-10T08:49+02:00,A20,L,28.085,2,speedlimit
2026-09-10T08:49+02:00,A15,R,54.7,3,speedlimit
2026-09-10T08:49+02:00,A16,m,33.609,2,speedlimit
2026-09-10T08:49+02:00,A15,L,43.46,3,speedlimit
2026-09-10T08:49+02:00,A13,L,15.035,4,speedlimit
2026-09-10T08:49+02:00,A4,R,71.21,5,speedlimit
2026-09-10T08:49+02:00,A4,L,61.69,4,speedlimit
2026-09-10T08:49+02:00,A20,R,34.29,3,speedlimit
2026-09-10T08:49+02:00,A20,R,47.8,2,speedlimit
2026-09-10T08:49+02:00,A15,R,62.062,3,speedlimit
2026-09-10T08:49+02:00,A4,L,31.28,1,speedlimit
2026-09-10T08:49+02:00,A16,L,15.16,2,speedlimit
2026-09-10T08:49+02:00,A15,R,72.96,3,speedlimit
2026-09-10T08:49+02:00,A4,m,35.8,2,speedlimit
2026-09-10T08:49+02:00,A4,f,69.17,2,speedlimit
2026-09-10T08:49+02:00,A16,R,17.036,1,speedlimit
2026-09-10T08:49+02:00,A29,L,12.52,1,speedlimit
2026-09-10T08:49+02:00,A15,R,55.14,1,speedlimit
2026-09-10T08:49+02:00,A20,R,30.6,3,speedlimit
2026-09-10T08:49+02:00,A4,L,26.58,1,speedlimit
2026-09-10T08:49+02:00,A15,m,58.65,3,speedlimit
2026-09-10T08:49+02:00,A20,L,35.52,1,lane_closed
2026-09-10T08:49+02:00,A4,L,60.69,2,speedlimit
2026-09-10T08:49+02:00,A15,R,62.062,4,speedlimit
2026-09-10T08:49+02:00,A4,n,72.736,1,speedlimit
2026-09-10T08:49+02:00,A29,s,9.91,1,speedlimit
2026-09-10T08:49+02:00,A4,L,31.28,3,speedlimit
2026-09-10T08:49+02:00,A16,L,40.4,3,speedlimit
2026-09-10T08:49+02:00,A16,R,66.52,4,speedlimit
2026-09-10T08:49+02:00,A20,R,43.32,1,speedlimit
2026-09-10T08:49+02:00,A4,R,31.135,2,speedlimit
2026-09-10T08:49+02:00,A4,n,11.078,2,speedlimit
2026-09-10T08:49+02:00,A4,R,72.321,2,speedlimit
2026-09-10T08:49+02:00,A4,m,74.194,1,speedlimit
2026-09-10T08:49+02:00,A16,R,11.7,1,speedlimit
2026-09-10T08:49+02:00,A16,x,25.66,2,speedlimit
2026-09-10T08:49+02:00,A20,R,29.8,2,speedlimit
2026-09-10T08:49+02:00,A16,L,42.61,3,speedlimit
2026-09-10T08:49+02:00,A16,L,29.02,4,speedlimit
2026-09-10T08:49+02:00,A4,L,62.755,4,speedlimit
2026-09-10T08:49+02:00,A4,L,71.041,3,speedlimit
2026-09-10T08:49+02:00,A4,L,62.885,4,speedlimit
2026-09-10T08:49+02:00,A16,y,17.748,1,speedlimit
2026-09-10T08:49+02:00,A4,L,25.95,1,speedlimit
2026-09-10T08:49+02:00,A15,L,64.2,1,lane_closed
2026-09-10T08:49+02:00,A20,R,27.235,2,speedlimit
2026-09-10T08:49+02:00,A20,R,37.29,3,speedlimit
2026-09-10T08:49+02:00,A29,R,11.3,3,speedlimit
2026-09-10T08:49+02:00,A13,L,10.7,2,speedlimit
2026-09-10T08:49+02:00,A4,L,53.0,2,speedlimit
2026-09-10T08:49+02:00,A20,L,37.3,1,lane_closed
2026-09-10T08:49+02:00,A15,R,59.95,1,speedlimit
2026-09-10T08:49+02:00,A13,R,18.2,1,speedlimit
2026-09-10T08:49+02:00,A16,m,33.848,1,speedlimit
2026-09-10T08:49+02:00,A16,R,13.19,2,speedlimit
2026-09-10T08:49+02:00,A16,R,25.66,2,lane_closed
2026-09-10T08:49+02:00,A16,R,66.52,3,speedlimit
2026-09-10T08:49+02:00,A4,n,73.954,2,speedlimit
2026-09-10T08:49+02:00,A16,R,31.25,2,speedlimit
2026-09-10T08:49+02:00,A4,L,4.44,2,speedlimit
2026-09-10T08:49+02:00,A4,L,10.831,1,speedlimit
2026-09-10T08:49+02:00,A15,L,75.86,2,speedlimit
2026-09-10T08:49+02:00,A4,L,62.135,4,speedlimit
2026-09-10T08:49+02:00,A13,L,13.18,1,speedlimit
2026-09-10T08:49+02:00,A16,L,30.73,1,speedlimit
2026-09-10T08:49+02:00,A4,L,11.24,4,speedlimit
2026-09-10T08:49+02:00,A4,L,10.831,3,speedlimit
2026-09-10T08:49+02:00,A4,L,25.35,2,speedlimit
2026-09-10T08:49+02:00,A16,L,32.843,1,speedlimit
2026-09-10T08:49+02:00,A20,R,40.2,1,speedlimit
2026-09-10T08:49+02:00,A20,L,34.28,2,speedlimit
2026-09-10T08:49+02:00,A4,L,13.747,3,speedlimit
2026-09-10T08:49+02:00,A15,L,65.25,1,lane_closed_ahead
2026-09-10T08:49+02:00,A15,R,55.59,3,speedlimit
2026-09-10T08:49+02:00,A4,L,32.3,3,speedlimit
2026-09-10T08:49+02:00,A29,L,13.9,2,speedlimit
2026-09-10T08:49+02:00,A29,L,10.78,1,speedlimit
2026-09-10T08:49+02:00,A4,L,12.766,5,speedlimit
2026-09-10T08:49+02:00,A4,f,7.841,4,speedlimit
2026-09-10T08:49+02:00,A4,f,7.1,1,speedlimit
2026-09-10T08:49+02:00,A15,e,95.55,1,speedlimit
2026-09-10T08:49+02:00,A4,L,70.215,1,speedlimit
2026-09-10T08:49+02:00,A4,m,71.511,2,speedlimit
2026-09-10T08:49+02:00,A13,L,15.55,2,speedlimit
2026-09-10T08:49+02:00,A4,L,6.592,3,speedlimit
2026-09-10T08:49+02:00,A13,e,19.1,1,speedlimit
2026-09-10T08:49+02:00,A13,L,15.55,4,speedlimit
2026-09-10T08:49+02:00,A29,L,10.63,4,speedlimit
2026-09-10T08:49+02:00,A4,L,23.5,1,speedlimit
2026-09-10T08:49+02:00,A4,m,71.726,2,speedlimit
2026-09-10T08:49+02:00,A16,L,14.46,1,speedlimit
2026-09-10T08:49+02:00,A13,L,12.0,4,speedlimit
2026-09-10T08:49+02:00,A29,R,9.83,2,speedlimit
2026-09-10T08:49+02:00,A16,L,40.4,1,speedlimit
2026-09-10T08:49+02:00,A16,L,33.125,2,speedlimit
2026-09-10T08:49+02:00,A4,L,58.82,2,speedlimit
2026-09-10T08:49+02:00,A4,L,12.15,5,speedlimit
2026-09-10T08:49+02:00,A16,y,19.0,3,speedlimit
2026-09-10T08:49+02:00,A20,L,34.695,1,speedlimit
2026-09-10T08:49+02:00,A15,L,75.86,3,speedlimit
2026-09-10T08:49+02:00,A4,m,71.511,3,speedlimit
2026-09-10T08:49+02:00,A16,R,66.81,4,speedlimit
2026-09-10T08:49+02:00,A13,L,10.7,1,speedlimit
2026-09-10T08:49+02:00,A16,L,30.73,2,speedlimit
2026-09-10T08:49+02:00,A4,L,8.14,1,speedlimit
2026-09-10T08:49+02:00,A20,R,47.8,1,speedlimit
2026-09-10T08:49+02:00,A16,L,42.61,1,speedlimit
2026-09-10T08:49+02:00,A15,R,60.49,1,speedlimit
2026-09-10T08:49+02:00,A13,L,17.8,3,speedlimit
2026-09-10T08:49+02:00,A4,L,51.458,2,speedlimit
2026-09-10T08:49+02:00,A15,R,65.3,4,speedlimit
2026-09-10T08:49+02:00,A4,f,69.8,1,speedlimit
2026-09-10T08:49+02:00,A4,R,70.964,5,speedlimit
2026-09-10T08:49+02:00,A4,m,35.8,3,speedlimit
2026-09-10T08:49+02:00,A20,R,22.735,5,speedlimit
2026-09-10T08:49+02:00,A4,f,7.841,3,speedlimit
2026-09-10T08:49+02:00,A16,R,31.74,1,speedlimit
2026-09-10T08:49+02:00,A4,L,5.93,3,speedlimit
2026-09-10T08:49+02:00,A13,L,9.9,4,speedlimit
2026-09-10T08:49+02:00,A20,u,22.778,2,speedlimit
2026-09-10T08:49+02:00,A4,R,73.691,2,speedlimit
2026-09-10T08:49+02:00,A16,L,29.37,1,speedlimit
2026-09-10T08:49+02:00,A15,L,88.65,2,speedlimit
2026-09-10T08:49+02:00,A15,R,57.78,5,speedlimit
2026-09-10T08:49+02:00,A16,R,11.866,2,speedlimit
2026-09-10T08:49+02:00,A20,R,31.26,1,speedlimit
2026-09-10T08:49+02:00,A16,R,23.5,1,speedlimit
2026-09-10T08:49+02:00,A16,x,18.543,2,speedlimit
2026-09-10T08:49+02:00,A20,u,35.09,1,speedlimit
2026-09-10T08:49+02:00,A4,L,5.93,5,speedlimit
2026-09-10T08:49+02:00,A29,L,13.9,3,speedlimit
2026-09-10T08:49+02:00,A16,x,17.813,2,speedlimit
2026-09-10T08:49+02:00,A4,L,7.526,1,speedlimit
2026-09-10T08:49+02:00,A29,L,14.05,1,speedlimit
2026-09-10T08:49+02:00,A4,L,75.105,3,speedlimit
2026-09-10T08:49+02:00,A16,R,21.5,3,speedlimit
2026-09-10T08:49+02:00,A15,R,61.05,5,speedlimit
2026-09-10T08:49+02:00,A4,n,12.15,3,speedlimit
2026-09-10T08:49+02:00,A16,L,16.48,4,speedlimit
2026-09-10T08:49+02:00,A16,L,41.53,3,speedlimit
2026-09-10T08:49+02:00,A16,x,21.0,1,speedlimit
2026-09-10T08:49+02:00,A4,L,7.841,1,speedlimit
2026-09-10T08:49+02:00,A4,L,62.468,2,speedlimit
2026-09-10T08:49+02:00,A4,f,69.8,2,speedlimit
2026-09-10T08:49+02:00,A13,R,10.3,1,speedlimit
2026-09-10T08:49+02:00,A20,R,42.0,2,speedlimit
2026-09-10T08:49+02:00,A20,R,40.985,3,speedlimit
2026-09-10T08:49+02:00,A13,L,9.9,2,speedlimit
2026-09-10T08:49+02:00,A15,R,59.2,4,speedlimit
2026-09-10T08:49+02:00,A16,R,23.5,2,speedlimit
2026-09-10T08:49+02:00,A16,L,31.425,3,speedlimit
2026-09-10T08:49+02:00,A16,y,28.29,2,speedlimit
2026-09-10T08:49+02:00,A16,L,16.935,3,speedlimit
2026-09-10T08:49+02:00,A15,L,75.075,3,speedlimit
2026-09-10T08:49+02:00,A13,L,15.9,1,speedlimit
2026-09-10T08:49+02:00,A20,L,36.625,4,speedlimit
2026-09-10T08:49+02:00,A15,R,61.33,2,speedlimit
2026-09-10T08:49+02:00,A13,R,10.3,3,speedlimit
2026-09-10T08:49+02:00,A20,R,41.6,3,speedlimit
2026-09-10T08:49+02:00,A20,L,40.985,3,speedlimit
2026-09-10T08:49+02:00,A16,R,12.21,2,speedlimit
2026-09-10T08:49+02:00,A29,L,14.8,2,speedlimit
2026-09-10T08:49+02:00,A4,R,70.964,3,speedlimit
2026-09-10T08:49+02:00,A15,L,70.95,1,speedlimit
2026-09-10T08:49+02:00,A13,L,11.25,3,speedlimit
2026-09-10T08:49+02:00,A16,R,30.71,3,speedlimit
2026-09-10T08:49+02:00,A20,L,29.826,3,speedlimit
2026-09-10T08:49+02:00,A29,L,14.35,3,speedlimit
2026-09-10T08:49+02:00,A16,R,30.71,1,speedlimit
2026-09-10T08:49+02:00,A20,L,37.8,3,speedlimit
2026-09-10T08:49+02:00,A4,L,59.72,3,speedlimit
2026-09-10T08:49+02:00,A4,L,58.82,3,speedlimit
2026-09-10T08:49+02:00,A15,L,85.262,2,speedlimit
2026-09-10T08:49+02:00,A4,R,72.443,1,speedlimit
2026-09-10T08:49+02:00,A4,h,45.58,3,lane_closed
2026-09-10T08:49+02:00,A16,R,19.3,1,speedlimit
2026-09-10T08:49+02:00,A20,u,23.853,3,speedlimit
2026-09-10T08:49+02:00,A15,e,64.5,2,lane_closed
2026-09-10T08:49+02:00,A16,x,18.9,4,speedlimit
2026-09-10T08:49+02:00,A20,L,29.5,1,speedlimit
2026-09-10T08:49+02:00,A20,R,28.8,3,speedlimit
2026-09-10T08:49+02:00,A20,R,36.6,3,speedlimit
2026-09-10T08:49+02:00,A20,R,29.5,1,speedlimit
2026-09-10T08:49+02:00,A4,f,7.2,1,speedlimit
2026-09-10T08:49+02:00,A4,n,13.25,1,speedlimit
2026-09-10T08:49+02:00,A20,L,33.36,3,speedlimit
2026-09-10T08:49+02:00,A16,R,22.4,5,speedlimit
2026-09-10T08:49+02:00,A16,m,33.609,1,speedlimit
2026-09-10T08:49+02:00,A20,R,41.6,1,speedlimit
2026-09-10T08:49+02:00,A20,L,34.28,3,speedlimit
2026-09-10T08:49+02:00,A4,R,73.974,1,speedlimit
2026-09-10T08:49+02:00,A15,L,87.4,1,speedlimit
2026-09-10T08:49+02:00,A16,R,20.2,2,speedlimit
2026-09-10T08:49+02:00,A16,R,17.759,1,speedlimit
2026-09-10T08:49+02:00,A15,R,60.76,3,speedlimit
2026-09-10T08:49+02:00,A4,L,13.747,5,speedlimit
2026-09-10T08:49+02:00,A15,R,63.052,1,lane_closed
2026-09-10T08:49+02:00,A4,R,71.21,4,speedlimit
2026-09-10T08:49+02:00,A4,g,64.378,1,speedlimit
2026-09-10T08:49+02:00,A20,L,39.515,3,speedlimit
2026-09-10T08:49+02:00,A20,u,23.65,3,speedlimit
2026-09-10T08:49+02:00,A4,R,31.135,1,speedlimit
2026-09-10T08:49+02:00,A16,R,33.135,3,speedlimit
2026-09-10T08:49+02:00,A4,L,57.975,3,speedlimit
2026-09-10T08:49+02:00,A15,R,59.95,2,speedlimit
2026-09-10T08:49+02:00,A16,L,7.15,3,speedlimit
2026-09-10T08:49+02:00,A13,L,11.25,4,lane_closed
2026-09-10T08:49+02:00,A20,R,40.985,1,speedlimit
2026-09-10T08:49+02:00,A20,L,30.9,1,speedlimit
2026-09-10T08:49+02:00,A4,L,74.737,1,speedlimit
2026-09-10T08:49+02:00,A16,R,24.71,1,speedlimit
2026-09-10T08:49+02:00,A15,R,65.9,3,speedlimit
2026-09-10T08:49+02:00,A4,f,7.2,2,speedlimit
2026-09-10T08:49+02:00,A15,R,56.6,1,speedlimit
2026-09-10T08:49+02:00,A4,L,6.592,2,speedlimit
2026-09-10T08:49+02:00,A20,R,47.5,2,speedlimit
2026-09-10T08:49+02:00,A4,L,61.164,3,speedlimit
2026-09-10T08:49+02:00,A20,u,35.09,2,speedlimit
2026-09-10T08:49+02:00,A16,L,38.73,2,speedlimit
2026-09-10T08:49+02:00,A16,R,16.6,3,speedlimit
2026-09-10T08:49+02:00,A16,R,32.518,2,speedlimit
2026-09-10T08:49+02:00,A13,R,18.2,4,speedlimit
2026-09-10T08:49+02:00,A16,L,31.805,4,speedlimit
2026-09-10T08:49+02:00,A16,R,32.22,4,speedlimit
2026-09-10T08:49+02:00,A16,L,17.299,5,speedlimit
2026-09-10T08:49+02:00,A4,L,5.93,4,speedlimit
2026-09-10T08:49+02:00,A15,m,59.58,1,speedlimit
2026-09-10T08:49+02:00,A16,L,32.843,3,speedlimit
2026-09-10T08:49+02:00,A16,L,33.125,3,speedlimit
2026-09-10T08:49+02:00,A13,L,10.3,1,speedlimit
2026-09-10T08:49+02:00,A20,R,36.94,1,speedlimit
2026-09-10T08:49+02:00,A15,R,65.6,2,speedlimit
2026-09-10T08:49+02:00,A15,x,56.6,3,speedlimit
2026-09-10T08:49+02:00,A29,L,97.123,2,speedlimit
2026-09-10T08:49+02:00,A4,L,4.44,1,speedlimit
2026-09-10T08:49+02:00,A15,R,71.07,4,speedlimit
2026-09-10T08:49+02:00,A4,L,69.949,1,speedlimit
2026-09-10T08:49+02:00,A4,L,53.0,1,speedlimit
2026-09-10T08:49+02:00,A4,L,70.611,1,speedlimit
2026-09-10T08:49+02:00,A13,R,18.7,1,speedlimit
2026-09-10T08:49+02:00,A15,L,64.67,5,speedlimit
2026-09-10T08:49+02:00,A4,m,35.8,1,speedlimit
2026-09-10T08:49+02:00,A16,L,54.2,3,speedlimit
2026-09-10T08:49+02:00,A16,R,30.05,3,speedlimit
2026-09-10T08:49+02:00,A4,L,11.24,3,speedlimit
2026-09-10T08:49+02:00,A4,L,50.798,2,speedlimit
2026-09-10T08:49+02:00,A15,n,95.855,1,speedlimit
2026-09-10T08:49+02:00,A4,L,23.0,1,speedlimit
2026-09-10T08:49+02:00,A4,L,5.93,6,speedlimit
2026-09-10T08:49+02:00,A20,c,27.488,1,speedlimit
2026-09-10T08:49+02:00,A20,R,31.9,3,speedlimit
2026-09-10T08:49+02:00,A4,R,70.711,5,speedlimit
2026-09-10T08:49+02:00,A15,m,62.708,2,speedlimit
2026-09-10T08:49+02:00,A4,n,11.078,3,speedlimit
2026-09-10T08:49+02:00,A16,x,18.9,2,speedlimit
2026-09-10T08:49+02:00,A20,R,23.515,2,speedlimit
2026-09-10T08:49+02:00,A13,R,16.655,3,speedlimit
2026-09-10T08:49+02:00,A4,R,72.012,2,speedlimit
2026-09-10T08:49+02:00,A4,L,7.22,4,speedlimit
2026-09-10T08:49+02:00,A4,R,72.58,1,speedlimit
2026-09-10T08:49+02:00,A4,L,59.72,1,speedlimit
2026-09-10T08:49+02:00,A16,f,15.3,2,speedlimit
2026-09-10T08:49+02:00,A13,L,13.18,2,speedlimit
2026-09-10T08:49+02:00,A16,R,18.229,1,speedlimit
2026-09-10T08:49+02:00,A20,R,46.12,2,speedlimit
2026-09-10T08:49+02:00,A15,L,74.275,1,speedlimit
2026-09-10T08:49+02:00,A20,u,22.778,3,speedlimit
2026-09-10T08:49+02:00,A15,e,63.451,2,lane_closed
2026-09-10T08:49+02:00,A4,L,24.75,3,speedlimit
2026-09-10T08:49+02:00,A20,L,29.1,2,speedlimit
2026-09-10T08:49+02:00,A16,R,32.76,1,speedlimit
2026-09-10T08:49+02:00,A15,L,63.56,1,lane_closed
2026-09-10T08:49+02:00,A4,n,13.25,4,speedlimit
2026-09-10T08:49+02:00,A20,R,29.8,3,speedlimit
2026-09-10T08:49+02:00,A13,L,18.2,2,speedlimit
2026-09-10T08:49+02:00,A20,R,26.4,3,speedlimit
2026-09-10T08:49+02:00,A16,L,43.145,3,speedlimit
2026-09-10T08:49+02:00,A16,R,25.66,3,lane_closed
2026-09-10T08:49+02:00,A4,f,6.6,2,speedlimit
2026-09-10T08:49+02:00,A16,L,46.935,1,speedlimit
2026-09-10T08:49+02:00,A16,m,33.958,1,speedlimit
2026-09-10T08:49+02:00,A15,R,60.76,4,speedlimit
2026-09-10T08:49+02:00,A4,m,73.974,3,speedlimit
2026-09-10T08:49+02:00,A16,L,47.41,4,speedlimit
2026-09-10T08:49+02:00,A20,u,35.71,2,speedlimit
2026-09-10T08:49+02:00,A16,R,16.6,1,speedlimit
2026-09-10T08:49+02:00,A15,m,58.65,1,speedlimit
2026-09-10T08:49+02:00,A20,R,34.29,4,speedlimit
2026-09-10T08:49+02:00,A16,x,25.2,4,speedlimit
2026-09-10T08:49+02:00,A29,L,11.525,2,speedlimit
2026-09-10T08:49+02:00,A15,R,71.99,1,speedlimit
2026-09-10T08:49+02:00,A4,L,53.26,1,speedlimit
2026-09-10T08:49+02:00,A4,L,61.69,3,speedlimit
2026-09-10T08:49+02:00,A20,R,26.93,1,speedlimit
2026-09-10T08:49+02:00,A15,R,63.052,4,speedlimit
2026-09-10T08:49+02:00,A16,R,17.759,3,speedlimit
2026-09-10T08:49+02:00,A15,R,61.63,2,speedlimit
2026-09-10T08:49+02:00,A4,L,62.468,3,speedlimit
2026-09-10T08:49+02:00,A4,L,14.37,1,speedlimit
2026-09-10T08:49+02:00,A15,R,58.46,3,speedlimit
2026-09-10T08:49+02:00,A15,R,60.76,1,speedlimit
2026-09-10T08:49+02:00,A4,L,32.3,1,speedlimit
2026-09-10T08:49+02:00,A4,L,5.549,3,speedlimit
2026-09-10T08:49+02:00,A16,L,30.73,3,speedlimit
2026-09-10T08:49+02:00,A4,L,6.592,1,speedlimit
2026-09-10T08:49+02:00,A4,L,31.63,1,speedlimit
2026-09-10T08:49+02:00,A20,R,26.4,2,speedlimit
2026-09-10T08:49+02:00,A4,L,61.555,4,speedlimit
2026-09-10T08:49+02:00,A29,R,11.95,3,speedlimit
2026-09-10T08:49+02:00,A16,L,32.396,2,speedlimit
2026-09-10T08:49+02:00,A16,L,45.805,3,speedlimit
2026-09-10T08:49+02:00,A4,R,32.4,1,speedlimit
2026-09-10T08:49+02:00,A15,L,63.56,3,speedlimit
2026-09-10T08:49+02:00,A20,L,27.488,2,speedlimit
2026-09-10T08:49+02:00,A16,y,18.7,1,speedlimit
2026-09-10T08:49+02:00,A20,L,30.196,3,speedlimit
2026-09-10T08:49+02:00,A4,L,50.798,1,speedlimit
2026-09-10T08:49+02:00,A4,h,46.06,1,speedlimit
2026-09-10T08:49+02:00,A20,R,23.0,5,speedlimit
2026-09-10T08:49+02:00,A4,L,62.6,2,speedlimit
2026-09-10T08:49+02:00,A4,n,73.746,1,speedlimit
2026-09-10T08:49+02:00,A4,L,54.907,2,speedlimit
2026-09-10T08:49+02:00,A4,L,5.549,4,speedlimit
2026-09-10T08:49+02:00,A20,R,23.0,1,speedlimit
2026-09-10T08:49+02:00,A16,R,22.4,4,speedlimit
2026-09-10T08:49+02:00,A4,f,7.1,2,speedlimit
2026-09-10T08:49+02:00,A20,L,28.41,1,speedlimit
2026-09-10T08:49+02:00,A4,L,55.15,1,speedlimit
2026-09-10T08:49+02:00,A13,L,13.18,4,lane_closed
2026-09-10T08:49+02:00,A13,R,10.3,4,speedlimit
2026-09-10T08:49+02:00,A15,R,57.78,2,speedlimit
2026-09-10T08:49+02:00,A20,R,36.94,4,speedlimit
2026-09-10T08:49+02:00,A4,L,61.825,1,speedlimit
2026-09-10T08:49+02:00,A15,R,57.78,3,speedlimit
2026-09-10T08:49+02:00,A16,L,47.41,3,speedlimit
2026-09-10T08:49+02:00,A16,R,12.77,2,speedlimit
2026-09-10T08:49+02:00,A29,L,14.52,1,speedlimit
2026-09-10T08:49+02:00,A16,R,12.21,1,speedlimit
2026-09-10T08:49+02:00,A15,R,57.31,2,speedlimit
2026-09-10T08:49+02:00,A13,L,17.8,2,speedlimit
2026-09-10T08:49+02:00,A16,R,17.036,2,speedlimit
2026-09-10T08:49+02:00,A15,m,62.998,1,speedlimit
2026-09-10T08:49+02:00,A4,R,70.964,2,speedlimit
2026-09-10T08:49+02:00,A16,m,33.778,1,speedlimit
2026-09-10T08:49+02:00,A15,R,56.6,2,speedlimit
2026-09-10T08:49+02:00,A15,R,64.9,1,speedlimit
2026-09-10T08:49+02:00,A16,R,30.71,2,speedlimit
2026-09-10T08:49+02:00,A29,L,13.9,1,speedlimit
2026-09-10T08:49+02:00,A20,L,33.85,1,speedlimit
2026-09-10T08:49+02:00,A13,L,11.77,4,speedlimit
2026-09-10T08:49+02:00,A4,L,61.555,3,speedlimit
2026-09-10T08:49+02:00,A15,e,63.942,2,lane_closed
2026-09-10T08:49+02:00,A4,L,5.93,2,speedlimit
2026-09-10T08:49+02:00,A4,L,12.766,1,speedlimit
2026-09-10T08:49+02:00,A16,L,46.935,3,speedlimit
2026-09-10T08:49+02:00,A16,L,54.825,3,speedlimit
2026-09-10T08:49+02:00,A20,R,28.57,1,speedlimit
2026-09-10T08:49+02:00,A4,L,5.549,5,speedlimit
2026-09-10T08:49+02:00,A16,R,12.63,1,speedlimit
2026-09-10T08:49+02:00,A20,R,25.3,3,speedlimit
2026-09-10T08:49+02:00,A13,L,11.77,3,speedlimit
2026-09-10T08:49+02:00,A20,R,30.196,4,speedlimit
2026-09-10T08:49+02:00,A4,R,31.905,3,speedlimit
2026-09-10T08:49+02:00,A16,R,12.63,2,speedlimit
2026-09-10T08:49+02:00,A15,L,76.31,3,speedlimit
2026-09-10T08:49+02:00,A4,L,51.458,3,speedlimit
2026-09-10T08:49+02:00,A4,R,32.85,2,speedlimit
2026-09-10T08:49+02:00,A4,m,35.48,1,speedlimit
2026-09-10T08:49+02:00,A4,m,35.48,3,speedlimit
2026-09-10T08:49+02:00,A16,L,15.16,1,speedlimit
2026-09-10T08:49+02:00,A16,L,54.2,2,speedlimit
2026-09-10T08:49+02:00,A13,L,15.035,2,speedlimit
2026-09-10T08:49+02:00,A4,L,6.902,2,speedlimit
2026-09-10T08:49+02:00,A4,L,61.825,2,speedlimit
2026-09-10T08:49+02:00,A29,L,10.78,2,speedlimit
2026-09-10T08:49+02:00,A20,L,34.695,3,speedlimit
2026-09-10T08:49+02:00,A15,t,50.97,2,speedlimit
2026-09-10T08:49+02:00,A20,R,44.4,1,speedlimit
2026-09-10T08:49+02:00,A4,L,69.949,2,speedlimit
2026-09-10T08:49+02:00,A4,d,53.0,3,speedlimit
2026-09-10T08:49+02:00,A4,L,5.225,2,speedlimit
2026-09-10T08:49+02:00,A4,L,52.448,1,speedlimit
2026-09-10T08:49+02:00,A4,L,52.448,3,speedlimit
2026-09-10T08:49+02:00,A4,R,31.52,2,speedlimit
2026-09-10T08:49+02:00,A16,R,15.16,1,speedlimit
2026-09-10T08:49+02:00,A20,R,42.485,3,speedlimit
2026-09-10T08:49+02:00,A4,R,53.111,1,speedlimit
2026-09-10T08:49+02:00,A20,R,44.4,2,speedlimit
2026-09-10T08:49+02:00,A16,R,24.39,3,lane_closed
2026-09-10T08:49+02:00,A15,L,75.075,2,speedlimit
2026-09-10T08:49+02:00,A16,R,16.6,2,speedlimit
2026-09-10T08:49+02:00,A16,R,17.463,3,speedlimit
2026-09-10T08:49+02:00,A20,t,29.6,2,speedlimit
2026-09-10T08:49+02:00,A16,R,24.71,4,speedlimit
2026-09-10T08:49+02:00,A4,L,5.225,4,speedlimit
2026-09-10T08:49+02:00,A16,m,33.958,2,speedlimit
2026-09-10T08:49+02:00,A16,R,12.49,2,speedlimit
2026-09-10T08:49+02:00,A16,L,17.748,2,speedlimit
2026-09-10T08:49+02:00,A20,L,38.3,1,lane_closed_ahead
2026-09-10T08:49+02:00,A4,L,61.98,4,speedlimit
2026-09-10T08:49+02:00,A15,R,64.013,1,speedlimit
2026-09-10T08:49+02:00,A16,L,16.48,5,speedlimit
2026-09-10T08:49+02:00,A29,R,11.3,4,speedlimit
2026-09-10T08:49+02:00,A29,L,14.52,2,speedlimit
2026-09-10T08:49+02:00,A15,R,57.31,4,speedlimit
2026-09-10T08:49+02:00,A4,n,72.736,2,speedlimit
2026-09-10T08:49+02:00,A15,L,64.67,4,speedlimit
2026-09-10T08:49+02:00,A4,L,52.448,2,speedlimit
2026-09-10T08:49+02:00,A15,L,71.42,1,speedlimit
2026-09-10T08:49+02:00,A20,R,42.485,1,speedlimit
2026-09-10T08:49+02:00,A15,L,65.685,1,speedlimit
2026-09-10T08:49+02:00,A4,m,73.974,2,speedlimit
2026-09-10T08:49+02:00,A16,x,21.0,2,speedlimit
2026-09-10T08:49+02:00,A4,n,73.954,1,speedlimit
2026-09-10T08:49+02:00,A13,R,10.3,2,speedlimit
2026-09-10T08:49+02:00,A16,R,22.4,2,speedlimit
2026-09-10T08:49+02:00,A15,L,64.67,1,lane_closed
2026-09-10T08:49+02:00,A4,L,57.975,2,speedlimit
2026-09-10T08:49+02:00,A13,L,10.3,2,speedlimit
2026-09-10T08:49+02:00,A4,L,13.25,5,speedlimit
2026-09-10T08:49+02:00,A15,R,54.7,1,speedlimit
2026-09-10T08:49+02:00,A4,R,30.1,2,speedlimit
2026-09-10T08:49+02:00,A16,L,48.03,2,speedlimit
2026-09-10T08:49+02:00,A4,L,52.018,1,speedlimit
2026-09-10T08:49+02:00,A4,L,75.5,2,speedlimit
2026-09-10T08:49+02:00,A16,x,25.2,1,speedlimit
2026-09-10T08:49+02:00,A4,L,63.0,3,speedlimit
2026-09-10T08:49+02:00,A4,L,13.747,4,speedlimit
2026-09-10T08:49+02:00,A4,L,63.19,3,speedlimit
2026-09-10T08:49+02:00,A4,L,31.63,3,speedlimit
2026-09-10T08:49+02:00,A16,R,31.74,3,speedlimit
2026-09-10T08:49+02:00,A16,R,13.75,2,speedlimit
2026-09-10T08:49+02:00,A4,L,7.369,3,speedlimit
2026-09-10T08:49+02:00,A20,R,26.93,2,speedlimit
2026-09-10T08:49+02:00,A4,L,74.404,4,speedlimit
2026-09-10T08:49+02:00,A20,L,30.9,3,speedlimit
2026-09-10T08:49+02:00,A15,R,64.013,2,speedlimit
2026-09-10T08:49+02:00,A29,L,12.52,3,speedlimit
2026-09-10T08:49+02:00,A13,L,18.8,3,speedlimit
2026-09-10T08:49+02:00,A13,L,10.3,4,speedlimit
2026-09-10T08:49+02:00,A20,R,36.6,1,speedlimit
2026-09-10T08:49+02:00,A4,L,7.22,1,speedlimit
2026-09-10T08:49+02:00,A4,g,63.875,1,speedlimit
2026-09-10T08:49+02:00,A20,L,37.8,1,lane_closed
2026-09-10T08:49+02:00,A20,R,28.8,1,speedlimit
2026-09-10T08:49+02:00,A16,R,13.19,1,speedlimit
2026-09-10T08:49+02:00,A4,L,61.555,1,speedlimit
2026-09-10T08:49+02:00,A15,R,65.6,1,speedlimit
2026-09-10T08:49+02:00,A4,h,70.25,3,speedlimit
2026-09-10T08:49+02:00,A16,R,15.73,1,speedlimit
2026-09-10T08:49+02:00,A16,b,32.5,1,speedlimit
2026-09-10T08:49+02:00,A4,L,57.05,2,speedlimit
2026-09-10T08:49+02:00,A16,L,6.29,2,speedlimit
2026-09-10T08:49+02:00,A15,L,70.95,4,speedlimit
2026-09-10T08:49+02:00,A16,L,16.48,1,speedlimit
2026-09-10T08:49+02:00,A20,u,23.65,2,speedlimit
2026-09-10T08:49+02:00,A4,R,30.76,3,speedlimit
2026-09-10T08:49+02:00,A4,R,72.012,1,speedlimit
2026-09-10T08:49+02:00,A16,L,29.02,1,speedlimit
2026-09-10T08:49+02:00,A16,R,25.2,2,lane_closed
2026-09-10T08:49+02:00,A4,R,71.511,1,speedlimit
2026-09-10T08:49+02:00,A15,R,61.05,2,speedlimit
2026-09-10T08:49+02:00,A15,R,63.533,1,speedlimit
2026-09-10T08:49+02:00,A16,R,16.6,5,speedlimit
2026-09-10T08:49+02:00,A13,L,18.8,1,speedlimit
2026-09-10T08:49+02:00,A29,L,11.95,1,speedlimit
2026-09-10T08:49+02:00,A29,L,97.123,1,speedlimit
2026-09-10T08:49+02:00,A15,L,71.9,1,speedlimit
2026-09-10T08:49+02:00,A4,L,11.62,1,speedlimit
2026-09-10T08:49+02:00,A4,h,46.4,2,speedlimit
2026-09-10T08:49+02:00,A4,L,10.831,6,speedlimit
2026-09-10T08:49+02:00,A20,L,39.515,2,speedlimit
2026-09-10T08:49+02:00,A29,L,13.75,1,speedlimit
2026-09-10T08:49+02:00,A13,R,16.2,2,speedlimit
2026-09-10T08:49+02:00,A16,L,15.73,1,speedlimit
2026-09-10T08:49+02:00,A16,L,29.37,3,speedlimit
2026-09-10T08:49+02:00,A15,L,73.92,1,speedlimit
2026-09-10T08:49+02:00,A20,R,36.6,4,speedlimit
2026-09-10T08:49+02:00,A29,R,11.95,1,speedlimit
2026-09-10T08:49+02:00,A16,L,14.768,1,speedlimit
2026-09-10T08:49+02:00,A16,R,22.7,2,speedlimit
2026-09-10T08:49+02:00,A4,L,5.549,2,speedlimit
2026-09-10T08:49+02:00,A16,L,59.51,4,speedlimit
2026-09-10T08:49+02:00,A15,L,74.275,2,speedlimit
2026-09-10T08:49+02:00,A4,L,6.592,4,speedlimit
2026-09-10T08:49+02:00,A29,L,13.575,1,speedlimit
2026-09-10T08:49+02:00,A16,L,46.935,4,speedlimit
2026-09-10T08:49+02:00,A4,R,52.598,1,speedlimit
2026-09-10T08:49+02:00,A20,L,34.695,2,speedlimit
2026-09-10T08:49+02:00,A4,L,12.15,3,speedlimit
2026-09-10T08:49+02:00,A20,L,31.4,3,speedlimit
2026-09-10T08:49+02:00,A16,R,31.25,3,speedlimit
2026-09-10T08:49+02:00,A4,L,57.05,1,speedlimit
2026-09-10T08:49+02:00,A20,R,40.2,2,speedlimit
2026-09-10T08:49+02:00,A16,R,22.4,1,speedlimit
2026-09-10T08:49+02:00,A4,L,75.5,1,speedlimit
2026-09-10T08:49+02:00,A16,R,17.036,3,speedlimit
2026-09-10T08:49+02:00,A16,L,14.768,3,speedlimit
2026-09-10T08:49+02:00,A20,L,30.196,4,speedlimit
2026-09-10T08:49+02:00,A15,L,71.42,2,speedlimit
2026-09-10T08:49+02:00,A20,L,37.3,5,speedlimit
2026-09-10T08:49+02:00,A4,L,5.225,5,speedlimit
2026-09-10T08:49+02:00,A16,R,17.759,2,speedlimit
2026-09-10T08:49+02:00,A4,f,3.96,2,speedlimit
2026-09-10T08:49+02:00,A4,L,51.458,1,speedlimit
2026-09-10T08:49+02:00,A29,L,13.18,3,speedlimit
2026-09-10T08:49+02:00,A13,R,18.2,2,speedlimit
2026-09-10T08:49+02:00,A13,L,12.0,5,speedlimit
2026-09-10T08:49+02:00,A13,L,10.3,3,speedlimit
2026-09-10T08:49+02:00,A16,x,18.543,3,speedlimit
2026-09-10T08:49+02:00,A16,L,47.41,2,speedlimit
2026-09-10T08:49+02:00,A15,L,72.58,3,speedlimit
2026-09-10T08:49+02:00,A4,L,6.902,3,speedlimit
2026-09-10T08:49+02:00,A13,L,17.8,1,speedlimit
2026-09-10T08:49+02:00,A20,u,24.07,2,speedlimit
2026-09-10T08:49+02:00,A20,L,40.2,1,speedlimit
2026-09-10T08:49+02:00,A16,L,38.73,3,speedlimit
2026-09-10T08:49+02:00,A20,R,29.8,1,speedlimit
2026-09-10T08:49+02:00,A16,R,33.135,1,speedlimit
2026-09-10T08:49+02:00,A20,R,31.26,2,speedlimit
2026-09-10T08:49+02:00,A20,r,35.245,2,speedlimit
2026-09-10T08:49+02:00,A15,m,58.46,1,speedlimit
2026-09-10T08:49+02:00,A16,R,20.5,1,speedlimit
2026-09-10T08:49+02:00,A16,R,19.862,3,speedlimit
2026-09-10T08:49+02:00,A4,f,7.5,2,speedlimit
2026-09-10T08:49+02:00,A20,L,41.6,1,speedlimit
2026-09-10T08:49+02:00,A4,L,62.885,1,speedlimit
2026-09-10T08:49+02:00,A16,L,45.39,3,speedlimit
2026-09-10T08:49+02:00,A20,R,25.7,1,speedlimit
2026-09-10T08:49+02:00,A20,L,38.91,1,speedlimit
2026-09-10T08:49+02:00,A15,m,59.11,3,speedlimit
2026-09-10T08:49+02:00,A20,R,23.515,1,speedlimit
2026-09-10T08:49+02:00,A16,L,39.25,2,speedlimit
2026-09-10T08:49+02:00,A15,L,43.46,1,speedlimit
2026-09-10T08:49+02:00,A4,L,57.975,1,speedlimit
2026-09-10T08:49+02:00,A16,R,21.9,3,speedlimit
2026-09-10T08:49+02:00,A4,n,73.544,1,speedlimit
2026-09-10T08:49+02:00,A4,L,14.37,3,speedlimit
2026-09-10T08:49+02:00,A15,x,56.6,1,speedlimit
2026-09-10T08:49+02:00,A4,R,73.156,1,speedlimit
2026-09-10T08:49+02:00,A16,R,13.47,2,speedlimit
2026-09-10T08:49+02:00,A16,L,14.768,2,speedlimit
2026-09-10T08:49+02:00,A15,R,70.72,1,speedlimit
2026-09-10T08:49+02:00,A4,L,61.98,2,speedlimit
2026-09-10T08:49+02:00,A15,R,65.9,2,speedlimit
2026-09-10T08:49+02:00,A29,L,96.343,2,speedlimit
2026-09-10T08:49+02:00,A20,R,31.26,3,speedlimit
2026-09-10T08:49+02:00,A4,R,74.737,3,speedlimit
2026-09-10T08:49+02:00,A15,L,70.95,2,speedlimit
2026-09-10T08:49+02:00,A4,n,72.591,1,speedlimit
2026-09-10T08:49+02:00,A20,R,26.64,3,speedlimit
2026-09-10T08:49+02:00,A20,R,26.64,4,speedlimit
2026-09-10T08:49+02:00,A4,R,30.1,1,speedlimit
2026-09-10T08:49+02:00,A4,R,70.213,1,speedlimit
2026-09-10T08:49+02:00,A15,R,65.3,1,speedlimit
2026-09-10T08:49+02:00,A16,L,41.96,2,speedlimit
2026-09-10T08:49+02:00,A16,R,24.03,1,speedlimit
2026-09-10T08:49+02:00,A4,L,62.468,1,speedlimit
2026-09-10T08:49+02:00,A20,R,26.4,1,speedlimit
2026-09-10T08:49+02:00,A15,p,63.533,2,speedlimit
2026-09-10T08:49+02:00,A13,R,17.1,1,speedlimit
2026-09-10T08:49+02:00,A15,R,59.2,3,speedlimit
2026-09-10T08:49+02:00,A4,L,7.369,1,speedlimit
2026-09-10T08:49+02:00,A15,k,70.5,1,speedlimit
2026-09-10T08:49+02:00,A15,R,71.07,3,speedlimit
2026-09-10T08:49+02:00,A4,R,70.711,4,speedlimit
2026-09-10T08:49+02:00,A16,R,16.3,4,speedlimit
2026-09-10T08:49+02:00,A16,L,17.299,2,speedlimit
2026-09-10T08:49+02:00,A15,t,50.97,1,speedlimit
2026-09-10T08:49+02:00,A20,R,29.5,3,speedlimit
2026-09-10T08:49+02:00,A20,R,36.94,2,speedlimit
2026-09-10T08:49+02:00,A20,R,24.07,1,speedlimit
2026-09-10T08:49+02:00,A15,R,58.46,4,speedlimit
2026-09-10T08:49+02:00,A4,L,75.5,4,speedlimit
2026-09-10T08:49+02:00,A16,R,14.46,1,speedlimit
2026-09-10T08:49+02:00,A20,L,41.6,3,speedlimit
2026-09-10T08:49+02:00,A29,L,10.63,3,speedlimit
2026-09-10T08:49+02:00,A15,R,70.12,3,speedlimit
2026-09-10T08:49+02:00,A16,x,20.5,2,speedlimit
2026-09-10T08:49+02:00,A15,R,65.6,3,speedlimit
2026-09-10T08:49+02:00,A16,R,32.76,3,speedlimit
2026-09-10T08:49+02:00,A20,R,36.6,5,speedlimit
2026-09-10T08:49+02:00,A16,R,30.71,4,speedlimit
2026-09-10T08:49+02:00,A13,L,13.7,4,lane_closed
2026-09-10T08:49+02:00,A16,L,45.39,2,speedlimit
2026-09-10T08:49+02:00,A15,L,63.56,2,speedlimit
2026-09-10T08:49+02:00,A20,R,41.6,2,speedlimit
2026-09-10T08:49+02:00,A15,p,63.533,1,speedlimit
2026-09-10T08:49+02:00,A29,L,14.8,1,speedlimit
2026-09-10T08:49+02:00,A16,R,15.16,2,speedlimit
2026-09-10T08:49+02:00,A16,R,13.89,1,speedlimit
2026-09-10T08:49+02:00,A13,L,14.2,4,lane_closed
2026-09-10T08:49+02:00,A4,R,74.737,5,speedlimit
2026-09-10T08:49+02:00,A15,R,60.76,2,speedlimit
2026-09-10T08:49+02:00,A4,R,73.156,2,speedlimit
2026-09-10T08:49+02:00,A16,R,16.3,5,speedlimit
2026-09-10T08:49+02:00,A16,R,24.39,1,speedlimit
2026-09-10T08:49+02:00,A4,h,46.4,1,speedlimit
2026-09-10T08:49+02:00,A16,R,31.74,2,speedlimit
2026-09-10T08:49+02:00,A29,L,11.525,4,speedlimit
2026-09-10T08:49+02:00,A15,x,56.25,2,speedlimit
2026-09-10T08:49+02:00,A20,R,47.5,1,speedlimit
2026-09-10T08:49+02:00,A16,L,42.61,2,speedlimit
2026-09-10T08:49+02:00,A4,R,52.598,3,speedlimit
2026-09-10T08:49+02:00,A20,L,40.985,2,speedlimit
2026-09-10T08:49+02:00,A20,R,24.715,2,speedlimit
2026-09-10T08:49+02:00,A20,t,29.6,1,speedlimit
2026-09-10T08:49+02:00,A4,L,70.611,5,speedlimit
2026-09-10T08:49+02:00,A4,L,62.755,3,speedlimit
2026-09-10T08:49+02:00,A4,L,62.755,2,speedlimit
2026-09-10T08:49+02:00,A4,n,12.975,1,speedlimit
2026-09-10T08:49+02:00,A15,L,65.685,4,speedlimit
2026-09-10T08:49+02:00,A20,R,23.27,1,speedlimit
2026-09-10T08:49+02:00,A4,L,75.105,2,speedlimit
2026-09-10T08:49+02:00,A16,R,22.7,3,speedlimit
2026-09-10T08:49+02:00,A20,R,29.8,4,speedlimit
2026-09-10T08:49+02:00,A20,L,40.2,3,speedlimit
2026-09-10T08:49+02:00,A15,L,86.3,1,speedlimit
2026-09-10T08:49+02:00,A15,R,70.72,3,speedlimit
2026-09-10T08:49+02:00,A4,L,14.37,6,speedlimit
2026-09-10T08:49+02:00,A4,L,8.14,3,speedlimit
2026-09-10T08:49+02:00,A4,m,43.975,1,speedlimit
2026-09-10T08:49+02:00,A20,L,36.94,2,speedlimit
2026-09-10T08:49+02:00,A13,R,18.7,2,speedlimit
2026-09-10T08:49+02:00,A16,m,33.43,2,speedlimit
2026-09-10T08:49+02:00,A16,R,12.07,1,speedlimit
2026-09-10T08:49+02:00,A4,L,75.5,5,speedlimit
2026-09-10T08:49+02:00,A4,R,30.76,2,speedlimit
2026-09-10T08:49+02:00,A16,m,33.848,2,speedlimit
2026-09-10T08:49+02:00,A13,R,9.1,2,speedlimit
2026-09-10T08:49+02:00,A15,L,87.05,1,speedlimit
2026-09-10T08:49+02:00,A20,R,27.488,1,speedlimit
2026-09-10T08:49+02:00,A16,L,48.03,3,speedlimit
2026-09-10T08:49+02:00,A15,L,72.58,4,speedlimit
2026-09-10T08:49+02:00,A4,R,32.85,1,speedlimit
2026-09-10T08:49+02:00,A15,R,64.49,1,speedlimit
2026-09-10T08:49+02:00,A15,R,62.454,1,lane_closed
2026-09-10T08:49+02:00,A16,R,21.0,2,speedlimit
2026-09-10T08:49+02:00,A16,R,23.2,3,speedlimit
2026-09-10T08:49+02:00,A15,m,59.11,1,speedlimit
2026-09-10T08:49+02:00,A4,L,53.954,1,speedlimit
2026-09-10T08:49+02:00,A16,m,33.43,1,speedlimit
2026-09-10T08:49+02:00,A16,L,14.46,2,speedlimit
2026-09-10T08:49+02:00,A20,R,29.5,2,speedlimit
2026-09-10T08:49+02:00,A20,L,27.2,2,speedlimit
2026-09-10T08:49+02:00,A16,R,32.518,1,speedlimit
2026-09-10T08:49+02:00,A16,R,16.6,4,speedlimit
2026-09-10T08:49+02:00,A4,L,60.69,3,speedlimit
2026-09-10T08:49+02:00,A13,R,18.963,1,speedlimit
2026-09-10T08:49+02:00,A29,R,11.3,1,speedlimit
2026-09-10T08:49+02:00,A4,n,73.156,2,speedlimit
2026-09-10T08:49+02:00,A15,R,71.99,3,speedlimit
2026-09-10T08:49+02:00,A16,y,27.95,1,speedlimit
2026-09-10T08:49+02:00,A4,L,10.831,2,speedlimit
2026-09-10T08:49+02:00,A13,L,17.1,1,speedlimit
2026-09-10T08:49+02:00,A29,L,12.635,4,speedlimit
2026-09-10T08:49+02:00,A4,R,33.17,3,speedlimit
2026-09-10T08:49+02:00,A15,R,61.63,3,speedlimit
2026-09-10T08:49+02:00,A16,R,31.25,1,speedlimit
2026-09-10T08:49+02:00,A4,R,74.194,2,speedlimit
2026-09-10T08:49+02:00,A20,L,31.88,3,speedlimit
2026-09-10T08:49+02:00,A16,L,53.2,3,speedlimit
2026-09-10T08:49+02:00,A16,L,28.74,5,speedlimit
2026-09-10T08:49+02:00,A20,R,23.27,3,speedlimit
2026-09-10T08:49+02:00,A16,R,66.81,1,speedlimit
2026-09-10T08:49+02:00,A15,R,64.9,2,speedlimit
2026-09-10T08:49+02:00,A16,R,24.39,2,lane_closed_ahead
2026-09-10T08:49+02:00,A13,L,11.77,2,speedlimit
2026-09-10T08:49+02:00,A13,L,12.7,2,speedlimit
2026-09-10T08:49+02:00,A16,L,16.935,4,speedlimit
2026-09-10T08:49+02:00,A4,n,11.078,1,speedlimit
2026-09-10T08:49+02:00,A13,L,17.1,4,speedlimit
2026-09-10T08:49+02:00,A4,L,7.072,2,speedlimit
2026-09-10T08:49+02:00,A4,L,54.48,1,speedlimit
2026-09-10T08:49+02:00,A13,R,16.655,2,speedlimit
2026-09-10T08:49+02:00,A4,L,14.794,4,speedlimit
2026-09-10T08:49+02:00,A15,R,56.1,1,speedlimit
2026-09-10T08:49+02:00,A13,L,15.55,5,lane_closed
2026-09-10T08:49+02:00,A20,u,35.09,3,speedlimit
2026-09-10T08:49+02:00,A16,R,11.13,1,speedlimit
2026-09-10T08:49+02:00,A4,n,72.591,2,speedlimit
2026-09-10T08:49+02:00,A4,m,45.146,3,speedlimit
2026-09-10T08:49+02:00,A4,L,12.15,4,speedlimit
2026-09-10T08:49+02:00,A4,L,61.98,3,speedlimit
2026-09-10T08:49+02:00,A15,L,75.375,3,speedlimit
2026-09-10T08:49+02:00,A15,L,74.085,1,speedlimit
2026-09-10T08:49+02:00,A4,h,45.58,2,speedlimit
2026-09-10T08:49+02:00,A4,L,7.072,4,speedlimit
2026-09-10T08:49+02:00,A4,L,10.831,4,speedlimit
2026-09-10T08:49+02:00,A4,m,72.012,2,speedlimit
2026-09-10T08:49+02:00,A15,x,56.6,2,speedlimit
2026-09-10T08:49+02:00,A4,L,62.3,3,speedlimit
2026-09-10T08:49+02:00,A16,R,13.33,2,speedlimit
2026-09-10T08:49+02:00,A29,L,11.95,2,speedlimit
2026-09-10T08:49+02:00,A16,y,19.0,1,speedlimit
2026-09-10T08:49+02:00,A16,y,18.2,2,speedlimit
2026-09-10T08:49+02:00,A15,m,58.65,2,speedlimit
2026-09-10T08:49+02:00,A4,m,44.85,1,speedlimit
2026-09-10T08:49+02:00,A16,x,21.5,3,speedlimit
2026-09-10T08:49+02:00,A4,L,14.794,5,speedlimit
2026-09-10T08:49+02:00,A16,d,15.73,1,speedlimit
2026-09-10T08:49+02:00,A4,m,71.726,1,speedlimit
2026-09-10T08:49+02:00,A16,L,30.2,3,speedlimit
2026-09-10T08:49+02:00,A4,m,44.85,2,speedlimit
2026-09-10T08:49+02:00,A4,L,14.794,1,speedlimit
2026-09-10T08:49+02:00,A15,L,76.31,2,speedlimit
2026-09-10T08:49+02:00,A15,L,86.7,1,speedlimit
2026-09-10T08:49+02:00,A4,L,23.0,2,speedlimit
2026-09-10T08:49+02:00,A4,L,11.62,2,speedlimit
2026-09-10T08:49+02:00,A15,R,59.95,3,speedlimit
2026-09-10T08:49+02:00,A16,L,17.299,3,speedlimit
2026-09-10T08:49+02:00,A4,R,52.598,2,speedlimit
2026-09-10T08:49+02:00,A4,L,61.555,2,speedlimit
2026-09-10T08:49+02:00,A4,L,5.225,1,speedlimit
2026-09-10T08:49+02:00,A20,L,32.8,3,speedlimit
2026-09-10T08:49+02:00,A15,R,61.63,6,speedlimit
2026-09-10T08:49+02:00,A16,x,25.2,2,speedlimit
2026-09-10T08:49+02:00,A16,L,17.299,4,speedlimit
2026-09-10T08:49+02:00,A4,L,75.105,1,speedlimit
2026-09-10T08:49+02:00,A4,L,22.537,1,speedlimit
2026-09-10T08:49+02:00,A4,L,54.48,2,speedlimit
2026-09-10T08:49+02:00,A15,R,58.46,1,speedlimit
2026-09-10T08:49+02:00,A16,R,18.229,3,speedlimit
2026-09-10T08:49+02:00,A20,R,23.0,3,speedlimit
2026-09-10T08:49+02:00,A4,m,71.511,1,speedlimit
2026-09-10T08:49+02:00,A20,R,25.3,2,speedlimit
2026-09-10T08:49+02:00,A20,R,22.735,4,speedlimit
2026-09-10T08:49+02:00,A16,R,23.2,4,speedlimit
2026-09-10T08:49+02:00,A29,L,96.823,2,speedlimit
2026-09-10T08:49+02:00,A16,R,18.229,2,speedlimit
2026-09-10T08:49+02:00,A16,L,29.02,5,speedlimit
2026-09-10T08:49+02:00,A4,L,7.369,2,speedlimit
2026-09-10T08:49+02:00,A29,L,12.52,4,speedlimit
2026-09-10T08:49+02:00,A20,R,30.196,1,speedlimit
2026-09-10T08:49+02:00,A16,x,18.543,1,speedlimit
2026-09-10T08:49+02:00,A4,R,71.21,2,speedlimit
2026-09-10T08:49+02:00,A16,x,19.3,1,speedlimit
2026-09-10T08:49+02:00,A20,L,29.826,4,speedlimit
2026-09-10T08:49+02:00,A16,R,32.933,4,speedlimit
2026-09-10T08:49+02:00,A20,L,38.3,3,speedlimit
2026-09-10T08:49+02:00,A16,L,30.2,4,speedlimit
2026-09-10T08:49+02:00,A20,L,38.91,3,speedlimit
2026-09-10T08:49+02:00,A29,L,12.635,1,speedlimit
2026-09-10T08:49+02:00,A4,L,59.72,2,speedlimit
2026-09-10T08:49+02:00,A16,L,6.29,1,speedlimit
2026-09-10T08:49+02:00,A4,L,14.37,4,speedlimit
2026-09-10T08:49+02:00,A16,b,19.862,2,speedlimit
2026-09-10T08:49+02:00,A4,L,71.041,4,speedlimit
2026-09-10T08:49+02:00,A16,L,31.805,1,speedlimit
2026-09-10T08:49+02:00,A13,R,9.9,3,speedlimit
2026-09-10T08:49+02:00,A16,L,41.53,1,speedlimit
2026-09-10T08:49+02:00,A16,R,66.81,2,speedlimit
2026-09-10T08:49+02:00,A29,L,11.95,3,speedlimit
2026-09-10T08:49+02:00,A15,L,74.085,2,speedlimit
2026-09-10T08:49+02:00,A16,R,14.768,1,speedlimit
2026-09-10T08:49+02:00,A20,s,29.6,1,speedlimit
2026-09-10T08:49+02:00,A4,L,7.526,3,speedlimit
2026-09-10T08:49+02:00,A13,R,9.1,3,speedlimit
2026-09-10T08:49+02:00,A20,L,28.57,2,speedlimit
2026-09-10T08:49+02:00,A4,L,74.404,3,speedlimit
2026-09-10T08:49+02:00,A20,R,30.6,2,speedlimit
2026-09-10T08:49+02:00,A15,R,59.57,1,speedlimit
2026-09-10T08:49+02:00,A20,L,37.3,2,speedlimit
2026-09-10T08:49+02:00,A4,R,29.44,2,speedlimit
2026-09-10T08:49+02:00,A16,L,54.825,1,speedlimit
2026-09-10T08:49+02:00,A29,s,9.91,2,speedlimit
2026-09-10T08:49+02:00,A16,R,21.9,1,speedlimit
2026-09-10T08:49+02:00,A15,L,65.25,3,speedlimit
2026-09-10T08:49+02:00,A16,x,25.66,1,speedlimit
2026-09-10T08:49+02:00,A13,L,17.1,2,speedlimit
2026-09-10T08:49+02:00,A15,R,71.07,2,speedlimit
2026-09-10T08:49+02:00,A15,R,57.31,5,speedlimit
2026-09-10T08:49+02:00,A16,R,17.463,5,speedlimit
2026-09-10T08:49+02:00,A16,R,13.33,1,speedlimit
2026-09-10T08:49+02:00,A16,L,43.145,2,speedlimit
2026-09-10T08:49+02:00,A20,L,36.94,5,speedlimit
2026-09-10T08:49+02:00,A16,R,11.7,3,speedlimit
2026-09-10T08:49+02:00,A4,L,11.62,5,speedlimit
2026-09-10T08:49+02:00,A20,L,28.57,3,speedlimit
2026-09-10T08:49+02:00,A4,m,44.85,3,speedlimit
2026-09-10T08:49+02:00,A15,R,59.57,3,speedlimit
2026-09-10T08:49+02:00,A15,L,64.67,3,speedlimit
2026-09-10T08:49+02:00,A15,L,88.02,1,speedlimit
2026-09-10T08:49+02:00,A20,R,26.4,4,speedlimit
2026-09-10T08:49+02:00,A20,R,30.196,2,speedlimit
2026-09-10T08:49+02:00,A13,R,17.8,3,speedlimit
2026-09-10T08:49+02:00,A16,L,29.37,2,speedlimit
2026-09-10T08:49+02:00,A16,R,32.22,1,speedlimit
2026-09-10T08:49+02:00,A16,x,20.2,3,speedlimit
2026-09-10T08:49+02:00,A29,R,11.3,2,speedlimit
2026-09-10T08:49+02:00,A20,u,24.07,1,speedlimit
2026-09-10T08:49+02:00,A15,n,95.855,2,speedlimit
2026-09-10T08:49+02:00,A4,L,71.041,6,speedlimit
2026-09-10T08:49+02:00,A4,L,62.885,2,speedlimit
2026-09-10T09:48+02:00,A15,R,62.752,1,lane_closed
2026-09-10T09:48+02:00,A13,L,16.7,1,speedlimit
2026-09-10T09:48+02:00,A16,R,25.2,3,speedlimit
2026-09-10T09:48+02:00,A4,L,53.954,2,speedlimit
2026-09-10T09:48+02:00,A15,R,63.052,3,speedlimit
2026-09-10T09:48+02:00,A16,x,18.9,3,speedlimit
2026-09-10T09:48+02:00,A15,R,59.2,2,speedlimit
2026-09-10T09:48+02:00,A15,L,75.375,4,speedlimit
2026-09-10T09:48+02:00,A20,R,25.3,1,speedlimit
2026-09-10T09:48+02:00,A4,L,44.62,1,speedlimit
2026-09-10T09:48+02:00,A20,L,30.196,2,speedlimit
2026-09-10T09:48+02:00,A16,x,20.2,2,speedlimit
2026-09-10T09:48+02:00,A20,R,25.7,2,speedlimit
2026-09-10T09:48+02:00,A16,x,20.5,1,speedlimit
2026-09-10T09:48+02:00,A15,x,54.7,2,speedlimit
2026-09-10T09:48+02:00,A16,R,32.22,3,speedlimit
2026-09-10T09:48+02:00,A13,R,16.655,1,speedlimit
2026-09-10T09:48+02:00,A16,R,66.52,2,speedlimit
2026-09-10T09:48+02:00,A13,R,17.1,2,speedlimit
2026-09-10T09:48+02:00,A15,R,61.63,4,speedlimit
2026-09-10T09:48+02:00,A15,R,54.04,1,speedlimit
2026-09-10T09:48+02:00,A16,L,36.355,2,speedlimit
2026-09-10T09:48+02:00,A15,k,70.5,2,speedlimit
2026-09-10T09:48+02:00,A15,R,62.752,2,lane_closed
2026-09-10T09:48+02:00,A15,R,61.33,5,speedlimit
2026-09-10T09:48+02:00,A16,x,18.9,1,speedlimit
2026-09-10T09:48+02:00,A4,h,0.7,2,speedlimit
2026-09-10T09:48+02:00,A15,L,43.46,2,speedlimit
2026-09-10T09:48+02:00,A29,v,10.39,1,speedlimit
2026-09-10T09:48+02:00,A15,L,74.625,2,speedlimit
2026-09-10T09:48+02:00,A16,x,20.2,1,speedlimit
2026-09-10T09:48+02:00,A15,R,58.05,4,speedlimit
2026-09-10T09:48+02:00,A15,R,53.47,3,speedlimit
2026-09-10T09:48+02:00,A15,R,55.59,2,speedlimit
2026-09-10T09:48+02:00,A15,R,55.59,1,speedlimit
2026-09-10T09:48+02:00,A4,L,45.75,2,speedlimit
2026-09-10T09:48+02:00,A4,L,55.15,2,speedlimit
2026-09-10T09:48+02:00,A16,R,21.5,2,speedlimit
2026-09-10T09:48+02:00,A13,R,18.5,1,speedlimit
2026-09-10T09:48+02:00,A16,R,20.5,3,speedlimit
2026-09-10T09:48+02:00,A4,L,49.37,1,speedlimit
2026-09-10T09:48+02:00,A15,L,73.25,1,speedlimit
2026-09-10T09:48+02:00,A20,L,29.5,2,speedlimit
2026-09-10T09:48+02:00,A15,L,74.275,3,speedlimit
2026-09-10T09:48+02:00,A15,R,63.052,2,lane_closed
2026-09-10T09:48+02:00,A13,R,18.5,4,speedlimit
2026-09-10T09:48+02:00,A16,L,48.875,2,speedlimit
2026-09-10T09:48+02:00,A15,m,58.46,3,speedlimit
2026-09-10T09:48+02:00,A20,R,42.485,2,speedlimit
2026-09-10T09:48+02:00,A13,R,18.2,3,speedlimit
2026-09-10T09:48+02:00,A15,x,54.7,1,speedlimit
2026-09-10T09:48+02:00,A20,R,28.1,1,speedlimit
2026-09-10T09:48+02:00,A20,R,30.196,3,speedlimit
2026-09-10T09:48+02:00,A15,L,73.25,2,speedlimit
2026-09-10T09:48+02:00,A15,L,58.47,1,speedlimit
2026-09-10T09:48+02:00,A4,L,52.448,4,speedlimit
2026-09-10T09:48+02:00,A15,L,73.25,3,speedlimit
2026-09-10T09:48+02:00,A15,R,58.05,1,speedlimit
2026-09-10T09:48+02:00,A15,R,58.46,2,speedlimit
2026-09-10T09:48+02:00,A16,L,46.935,2,speedlimit
2026-09-10T09:48+02:00,A15,e,64.5,1,lane_closed
2026-09-10T09:48+02:00,A16,L,38.22,2,speedlimit
2026-09-10T09:48+02:00,A15,R,56.6,3,speedlimit
2026-09-10T09:48+02:00,A15,n,95.855,3,speedlimit
2026-09-10T09:48+02:00,A15,L,75.075,1,speedlimit
2026-09-10T09:48+02:00,A4,L,55.15,3,speedlimit
2026-09-10T09:48+02:00,A4,L,50.798,3,speedlimit
2026-09-10T09:48+02:00,A13,R,17.8,2,speedlimit
2026-09-10T09:48+02:00,A15,R,61.05,6,speedlimit
2026-09-10T09:48+02:00,A15,x,56.25,1,speedlimit
2026-09-10T09:48+02:00,A20,s,29.6,2,speedlimit
2026-09-10T09:48+02:00,A15,L,65.25,2,speedlimit
2026-09-10T09:48+02:00,A15,L,65.685,3,speedlimit
2026-09-10T09:48+02:00,A4,d,53.0,1,speedlimit
2026-09-10T09:48+02:00,A16,R,25.2,1,speedlimit
2026-09-10T09:48+02:00,A15,R,58.05,2,speedlimit
2026-09-10T09:48+02:00,A20,R,26.93,4,speedlimit
2026-09-10T09:48+02:00,A16,L,29.02,2,speedlimit
2026-09-10T09:48+02:00,A20,R,28.57,3,speedlimit
2026-09-10T09:48+02:00,A15,L,70.95,3,speedlimit
2026-09-10T09:48+02:00,A16,L,36.355,3,speedlimit
2026-09-10T09:48+02:00,A15,R,63.533,2,speedlimit
2026-09-10T09:48+02:00,A16,R,25.66,1,speedlimit
2026-09-10T09:48+02:00,A15,R,61.05,1,speedlimit
2026-09-10T09:48+02:00,A29,v,10.8,1,speedlimit
2026-09-10T09:48+02:00,A29,s,9.64,2,speedlimit
2026-09-10T09:48+02:00,A13,L,18.8,2,speedlimit
2026-09-10T09:48+02:00,A15,R,60.49,4,speedlimit
2026-09-10T09:48+02:00,A15,R,62.454,3,speedlimit
2026-09-10T09:48+02:00,A20,R,27.235,1,speedlimit
2026-09-10T09:48+02:00,A20,L,28.41,2,speedlimit
2026-09-10T09:48+02:00,A4,L,52.018,2,speedlimit
2026-09-10T09:48+02:00,A15,R,57.78,1,speedlimit
2026-09-10T09:48+02:00,A20,R,24.715,1,speedlimit
2026-09-10T09:48+02:00,A4,L,52.018,3,speedlimit
2026-09-10T09:48+02:00,A15,L,57.78,1,speedlimit
2026-09-10T09:48+02:00,A20,R,27.79,2,speedlimit
2026-09-10T09:48+02:00,A13,R,18.5,3,speedlimit
2026-09-10T09:48+02:00,A20,R,28.57,4,speedlimit
2026-09-10T09:48+02:00,A20,R,31.26,4,speedlimit
2026-09-10T09:48+02:00,A20,L,29.826,2,speedlimit
2026-09-10T09:48+02:00,A20,L,28.57,1,speedlimit
2026-09-10T09:48+02:00,A16,L,31.805,2,speedlimit
2026-09-10T09:48+02:00,A16,R,32.22,5,speedlimit
2026-09-10T09:48+02:00,A16,L,38.22,1,speedlimit
2026-09-10T09:48+02:00,A20,R,29.5,4,speedlimit
2026-09-10T09:48+02:00,A4,L,49.84,1,speedlimit
2026-09-10T09:48+02:00,A15,R,54.04,3,speedlimit
2026-09-10T09:48+02:00,A15,L,73.755,1,speedlimit
2026-09-10T09:48+02:00,A15,m,60.07,1,speedlimit
2026-09-10T09:48+02:00,A15,L,72.96,1,speedlimit
2026-09-10T09:48+02:00,A16,R,24.71,3,speedlimit
2026-09-10T09:48+02:00,A15,L,72.58,2,speedlimit
2026-09-10T09:48+02:00,A4,L,54.48,3,speedlimit
2026-09-10T09:48+02:00,A16,R,32.76,5,speedlimit
2026-09-10T09:48+02:00,A16,L,48.875,3,speedlimit
2026-09-10T09:48+02:00,A16,x,21.9,2,speedlimit
2026-09-10T09:48+02:00,A20,R,28.1,2,speedlimit
2026-09-10T09:48+02:00,A20,R,26.64,1,speedlimit
2026-09-10T09:48+02:00,A20,R,25.7,3,speedlimit
2026-09-10T09:48+02:00,A15,R,61.05,4,speedlimit
2026-09-10T09:48+02:00,A15,L,64.2,2,speedlimit
2026-09-10T09:48+02:00,A15,R,60.49,3,speedlimit
2026-09-10T09:48+02:00,A4,L,50.798,4,speedlimit
2026-09-10T09:48+02:00,A15,L,74.085,3,speedlimit
2026-09-10T09:48+02:00,A29,R,9.83,1,speedlimit
2026-09-10T09:48+02:00,A20,L,32.8,2,speedlimit
2026-09-10T09:48+02:00,A16,L,46.43,1,speedlimit
2026-09-10T09:48+02:00,A16,L,30.73,4,speedlimit
2026-09-10T09:48+02:00,A16,L,48.03,1,speedlimit
2026-09-10T09:48+02:00,A15,L,65.25,4,speedlimit
2026-09-10T09:48+02:00,A15,R,59.2,1,speedlimit
2026-09-10T09:48+02:00,A13,L,17.1,3,speedlimit
2026-09-10T09:48+02:00,A20,R,42.0,1,speedlimit
2026-09-10T09:48+02:00,A16,b,19.862,1,speedlimit
2026-09-10T09:48+02:00,A4,L,45.28,1,speedlimit
2026-09-10T09:48+02:00,A15,L,59.2,1,speedlimit
2026-09-10T09:48+02:00,A15,R,62.454,2,lane_closed_ahead
2026-09-10T09:48+02:00,A15,m,62.998,3,speedlimit
2026-09-10T09:48+02:00,A15,L,43.46,4,speedlimit
2026-09-10T09:48+02:00,A16,R,66.81,3,speedlimit
2026-09-10T09:48+02:00,A29,s,9.64,1,speedlimit
2026-09-10T09:48+02:00,A20,L,27.488,1,speedlimit
2026-09-10T09:48+02:00,A4,h,0.3,2,speedlimit
2026-09-10T09:48+02:00,A4,L,58.82,1,speedlimit
2026-09-10T09:48+02:00,A20,L,27.2,1,speedlimit
2026-09-10T09:48+02:00,A4,h,46.06,2,speedlimit
2026-09-10T09:48+02:00,A15,R,59.57,2,speedlimit
2026-09-10T09:48+02:00,A20,L,27.8,2,speedlimit
2026-09-10T09:48+02:00,A15,L,71.42,4,speedlimit
2026-09-10T09:48+02:00,A15,R,58.05,5,speedlimit
2026-09-10T09:48+02:00,A13,L,18.2,3,speedlimit
2026-09-10T09:48+02:00,A16,L,31.425,4,speedlimit
2026-09-10T09:48+02:00,A4,L,53.26,2,speedlimit
2026-09-10T09:48+02:00,A16,R,32.518,4,speedlimit
2026-09-10T09:48+02:00,A16,L,48.54,1,speedlimit
2026-09-10T09:48+02:00,A20,L,31.88,1,speedlimit
2026-09-10T09:48+02:00,A15,L,73.92,2,speedlimit
2026-09-10T09:48+02:00,A16,L,29.37,4,speedlimit
2026-09-10T09:48+02:00,A13,L,16.7,2,speedlimit
2026-09-10T09:48+02:00,A20,L,30.9,2,speedlimit
2026-09-10T09:48+02:00,A15,L,73.92,3,speedlimit
2026-09-10T09:48+02:00,A16,L,48.54,3,speedlimit
2026-09-10T09:48+02:00,A16,R,21.5,1,speedlimit
2026-09-10T09:48+02:00,A20,L,28.085,1,speedlimit
2026-09-10T09:48+02:00,A20,s,35.6,1,speedlimit
2026-09-10T09:48+02:00,A15,R,58.05,3,speedlimit
2026-09-10T09:48+02:00,A15,L,71.9,2,speedlimit
2026-09-10T09:48+02:00,A15,p,58.05,1,speedlimit
2026-09-10T09:48+02:00,A16,R,32.76,4,speedlimit
2026-09-10T09:48+02:00,A16,R,32.22,2,speedlimit
2026-09-10T09:48+02:00,A15,R,61.33,3,speedlimit
2026-09-10T09:48+02:00,A15,R,53.47,1,speedlimit
2026-09-10T09:48+02:00,A20,R,30.6,1,speedlimit
2026-09-10T09:48+02:00,A13,R,17.1,3,speedlimit
2026-09-10T09:48+02:00,A15,R,62.752,4,speedlimit
2026-09-10T09:48+02:00,A16,L,31.805,3,speedlimit
2026-09-10T09:48+02:00,A16,L,38.73,1,speedlimit
2026-09-10T09:48+02:00,A4,L,44.01,3,speedlimit
2026-09-10T09:48+02:00,A20,R,26.93,3,speedlimit
2026-09-10T09:48+02:00,A15,R,62.062,2,speedlimit
2026-09-10T09:48+02:00,A20,L,31.4,1,speedlimit
2026-09-10T09:48+02:00,A16,L,30.2,1,speedlimit
2026-09-10T09:48+02:00,A15,p,58.05,2,speedlimit
2026-09-10T09:48+02:00,A15,R,61.05,3,speedlimit
2026-09-10T09:48+02:00,A15,m,59.11,2,speedlimit
2026-09-10T09:48+02:00,A15,R,54.7,2,speedlimit
2026-09-10T09:48+02:00,A16,L,36.07,2,speedlimit
2026-09-10T09:48+02:00,A20,L,31.1,2,speedlimit
2026-09-10T09:48+02:00,A15,e,63.942,1,lane_closed
2026-09-10T09:48+02:00,A4,g,63.875,2,speedlimit
2026-09-10T09:48+02:00,A4,L,54.907,1,speedlimit
2026-09-10T09:48+02:00,A15,R,53.47,2,speedlimit
2026-09-10T09:48+02:00,A13,g,18.7,2,speedlimit
2026-09-10T09:48+02:00,A15,L,65.685,2,speedlimit
2026-09-10T09:48+02:00,A15,x,55.59,1,speedlimit
2026-09-10T09:48+02:00,A20,L,31.4,2,speedlimit
2026-09-10T09:48+02:00,A4,L,49.84,3,speedlimit
2026-09-10T09:48+02:00,A20,R,23.27,2,speedlimit
2026-09-10T09:48+02:00,A15,R,61.63,1,speedlimit
2026-09-10T09:48+02:00,A16,L,14.32,1,speedlimit
2026-09-10T09:48+02:00,A15,L,71.42,3,speedlimit
2026-09-10T09:48+02:00,A15,L,75.375,2,speedlimit
2026-09-10T09:48+02:00,A16,L,48.875,1,speedlimit
2026-09-10T09:48+02:00,A15,R,61.33,4,speedlimit
2026-09-10T09:48+02:00,A20,R,24.07,2,speedlimit
2026-09-10T09:48+02:00,A4,d,53.0,2,speedlimit
2026-09-10T09:48+02:00,A15,L,74.625,1,speedlimit
2026-09-10T09:48+02:00,A16,x,21.0,3,speedlimit
2026-09-10T09:48+02:00,A13,L,15.9,3,lane_closed
2026-09-10T09:48+02:00,A15,L,75.375,1,speedlimit
2026-09-10T09:48+02:00,A20,R,43.32,2,speedlimit
2026-09-10T09:48+02:00,A16,L,30.2,2,speedlimit
2026-09-10T09:48+02:00,A16,x,21.5,2,speedlimit
2026-09-10T09:48+02:00,A16,R,24.71,2,speedlimit
2026-09-10T09:48+02:00,A4,L,54.907,3,speedlimit
2026-09-10T09:48+02:00,A15,x,55.14,1,speedlimit
2026-09-10T09:48+02:00,A15,R,56.1,3,speedlimit
2026-09-10T09:48+02:00,A13,R,16.2,1,speedlimit
2026-09-10T09:48+02:00,A16,L,47.41,1,speedlimit
2026-09-10T09:48+02:00,A15,L,71.9,3,speedlimit
2026-09-10T09:48+02:00,A13,R,18.5,2,speedlimit
2026-09-10T09:48+02:00,A16,L,36.07,1,speedlimit
2026-09-10T09:48+02:00,A20,L,30.196,1,speedlimit
2026-09-10T09:48+02:00,A15,L,58.47,2,speedlimit
2026-09-10T09:48+02:00,A15,L,73.59,3,speedlimit
2026-09-10T09:48+02:00,A4,L,44.01,2,speedlimit
2026-09-10T09:48+02:00,A16,R,24.71,5,speedlimit
2026-09-10T09:48+02:00,A16,R,21.9,2,speedlimit
2026-09-10T09:48+02:00,A20,R,27.79,1,speedlimit
2026-09-10T09:48+02:00,A15,R,61.33,1,speedlimit
2026-09-10T09:48+02:00,A15,L,57.78,3,speedlimit
2026-09-10T09:48+02:00,A20,L,29.826,1,speedlimit
2026-09-10T09:48+02:00,A16,L,31.425,2,speedlimit
2026-09-10T09:48+02:00,A16,x,21.9,1,speedlimit
2026-09-10T09:48+02:00,A15,R,56.1,2,speedlimit
2026-09-10T09:48+02:00,A15,R,62.752,3,speedlimit
2026-09-10T09:48+02:00,A16,R,66.52,1,speedlimit
2026-09-10T09:48+02:00,A20,R,28.41,2,speedlimit
2026-09-10T09:48+02:00,A16,x,21.5,1,speedlimit
2026-09-10T09:48+02:00,A16,L,31.805,5,speedlimit
2026-09-10T09:48+02:00,A15,R,55.14,2,speedlimit
2026-09-10T09:48+02:00,A15,R,62.062,1,lane_closed_ahead
2026-09-10T09:48+02:00,A20,R,29.1,1,speedlimit
2026-09-10T09:48+02:00,A16,L,31.425,1,speedlimit
2026-09-10T09:48+02:00,A16,L,48.54,2,speedlimit
2026-09-10T09:48+02:00,A16,m,33.778,2,speedlimit
2026-09-10T09:48+02:00,A13,R,17.8,1,speedlimit
2026-09-10T09:48+02:00,A20,R,28.41,1,speedlimit
2026-09-10T09:48+02:00,A15,p,57.31,2,speedlimit
2026-09-10T09:48+02:00,A20,R,31.9,2,speedlimit
2026-09-10T09:48+02:00,A16,R,22.4,3,speedlimit
2026-09-10T09:48+02:00,A15,R,61.63,5,speedlimit
2026-09-10T09:48+02:00,A20,L,31.1,3,speedlimit
2026-09-10T09:48+02:00,A15,x,55.14,3,speedlimit
2026-09-10T09:48+02:00,A15,R,57.78,4,speedlimit
2026-09-10T09:48+02:00,A15,R,57.31,3,speedlimit
2026-09-10T09:48+02:00,A15,R,61.33,6,speedlimit
2026-09-10T09:48+02:00,A29,R,9.83,3,speedlimit
2026-09-10T09:48+02:00,A15,R,62.454,5,speedlimit
2026-09-10T09:48+02:00,A16,L,49.78,1,speedlimit
2026-09-10T09:48+02:00,A16,L,15.73,2,speedlimit
2026-09-10T09:48+02:00,A15,R,54.04,2,speedlimit
2026-09-10T09:48+02:00,A15,R,60.49,2,speedlimit
2026-09-10T09:48+02:00,A16,L,29.02,3,speedlimit
2026-09-10T09:48+02:00,A20,R,27.488,2,speedlimit
2026-09-10T09:48+02:00,A4,h,0.7,1,speedlimit
2026-09-10T09:48+02:00,A20,t,28.895,1,speedlimit
2026-09-10T09:48+02:00,A16,L,37.6,3,speedlimit
2026-09-10T09:48+02:00,A20,L,32.8,1,speedlimit
2026-09-10T09:48+02:00,A16,R,21.0,1,speedlimit
2026-09-10T09:48+02:00,A16,L,16.48,3,speedlimit
2026-09-10T09:48+02:00,A4,L,45.75,3,speedlimit
2026-09-10T09:48+02:00,A20,R,28.8,2,speedlimit
2026-09-10T09:48+02:00,A16,x,19.3,2,speedlimit
2026-09-10T09:48+02:00,A4,L,49.37,3,speedlimit
2026-09-10T09:48+02:00,A4,f,69.17,1,speedlimit
2026-09-10T09:48+02:00,A20,L,31.1,1,speedlimit
2026-09-10T09:48+02:00,A15,L,73.25,4,speedlimit
2026-09-10T09:48+02:00,A13,L,16.19,3,lane_closed
2026-09-10T09:48+02:00,A15,L,59.2,2,speedlimit
2026-09-10T09:48+02:00,A13,L,15.035,5,lane_closed
2026-09-10T09:48+02:00,A16,R,32.76,2,speedlimit
2026-09-10T09:48+02:00,A15,p,57.31,1,speedlimit
2026-09-10T09:48+02:00,A16,L,16.48,2,speedlimit
2026-09-10T09:48+02:00,A16,R,32.518,3,speedlimit
2026-09-10T09:48+02:00,A4,L,45.28,3,speedlimit
2026-09-10T09:48+02:00,A4,L,52.018,4,speedlimit
2026-09-10T09:48+02:00,A20,L,27.8,1,speedlimit
2026-09-10T09:48+02:00,A15,L,72.96,2,speedlimit
2026-09-10T09:48+02:00,A16,L,14.32,2,speedlimit
2026-09-10T09:48+02:00,A20,R,29.1,2,speedlimit
2026-09-10T09:48+02:00,A16,L,31.425,5,speedlimit
2026-09-10T09:48+02:00,A13,g,18.7,1,speedlimit
2026-09-10T09:48+02:00,A15,L,74.625,3,speedlimit
2026-09-10T09:48+02:00,A15,L,72.58,1,speedlimit
2026-09-10T09:48+02:00,A15,R,55.14,3,speedlimit
2026-09-10T09:48+02:00,A15,m,62.998,2,speedlimit
2026-09-10T09:48+02:00,A20,R,28.57,2,speedlimit
2026-09-10T09:48+02:00,A20,R,40.985,2,speedlimit
2026-09-10T09:48+02:00,A4,L,44.62,2,speedlimit
2026-09-10T09:48+02:00,A20,R,26.64,2,speedlimit
2026-09-10T09:48+02:00,A15,L,64.2,3,speedlimit
2026-09-10T09:48+02:00,A20,L,29.1,1,speedlimit
2026-09-10T09:48+02:00,A16,R,21.0,3,speedlimit
2026-09-10T09:48+02:00,A16,L,37.6,2,speedlimit
2026-09-10T09:48+02:00,A13,L,18.2,1,speedlimit
2026-09-10T09:48+02:00,A15,L,59.2,3,speedlimit
2026-09-10T09:48+02:00,A15,e,63.451,1,lane_closed
2026-09-10T09:48+02:00,A16,L,29.37,5,speedlimit
2026-09-10T09:48+02:00,A15,L,64.67,2,speedlimit
2026-09-10T09:48+02:00,A13,L,12.7,4,lane_closed
2026-09-10T09:48+02:00,A20,L,31.88,2,speedlimit
2026-09-10T09:48+02:00,A16,L,49.78,3,speedlimit
2026-09-10T09:48+02:00,A15,R,62.454,4,speedlimit
2026-09-10T09:48+02:00,A16,R,20.5,2,speedlimit
2026-09-10T09:48+02:00,A16,x,20.5,3,speedlimit
2026-09-10T09:48+02:00,A20,L,28.085,2,speedlimit
2026-09-10T09:48+02:00,A15,R,54.7,3,speedlimit
2026-09-10T09:48+02:00,A16,m,33.609,2,speedlimit
2026-09-10T09:48+02:00,A15,L,43.46,3,speedlimit
2026-09-10T09:48+02:00,A15,R,62.062,3,speedlimit
2026-09-10T09:48+02:00,A16,L,15.16,2,speedlimit
2026-09-10T09:48+02:00,A4,f,69.17,2,speedlimit
2026-09-10T09:48+02:00,A15,R,55.14,1,speedlimit
2026-09-10T09:48+02:00,A20,R,30.6,3,speedlimit
2026-09-10T09:48+02:00,A15,m,58.65,3,speedlimit
2026-09-10T09:48+02:00,A15,R,62.062,4,speedlimit
2026-09-10T09:48+02:00,A15,L,73.59,2,speedlimit
2026-09-10T09:48+02:00,A29,s,9.91,1,speedlimit
2026-09-10T09:48+02:00,A16,R,66.52,4,speedlimit
2026-09-10T09:48+02:00,A20,R,43.32,1,speedlimit
2026-09-10T09:48+02:00,A20,R,29.8,2,speedlimit
2026-09-10T09:48+02:00,A16,L,29.02,4,speedlimit
2026-09-10T09:48+02:00,A15,L,64.2,1,lane_closed
2026-09-10T09:48+02:00,A20,R,27.235,2,speedlimit
2026-09-10T09:48+02:00,A4,L,53.0,2,speedlimit
2026-09-10T09:48+02:00,A15,R,59.95,1,speedlimit
2026-09-10T09:48+02:00,A13,R,18.2,1,speedlimit
2026-09-10T09:48+02:00,A16,m,33.848,1,speedlimit
2026-09-10T09:48+02:00,A16,R,25.66,2,speedlimit
2026-09-10T09:48+02:00,A16,R,66.52,3,speedlimit
2026-09-10T09:48+02:00,A16,L,30.73,1,speedlimit
2026-09-10T09:48+02:00,A15,x,55.59,3,speedlimit
2026-09-10T09:48+02:00,A15,L,65.25,1,lane_closed_ahead
2026-09-10T09:48+02:00,A16,L,36.99,1,speedlimit
2026-09-10T09:48+02:00,A15,R,55.59,3,speedlimit
2026-09-10T09:48+02:00,A15,e,95.55,1,speedlimit
2026-09-10T09:48+02:00,A13,e,19.1,1,speedlimit
2026-09-10T09:48+02:00,A16,L,14.46,1,speedlimit
2026-09-10T09:48+02:00,A29,R,9.83,2,speedlimit
2026-09-10T09:48+02:00,A4,L,58.82,2,speedlimit
2026-09-10T09:48+02:00,A16,R,66.81,4,speedlimit
2026-09-10T09:48+02:00,A16,L,30.73,2,speedlimit
2026-09-10T09:48+02:00,A15,R,60.49,1,speedlimit
2026-09-10T09:48+02:00,A13,L,17.8,3,speedlimit
2026-09-10T09:48+02:00,A4,L,51.458,2,speedlimit
2026-09-10T09:48+02:00,A4,f,69.8,1,speedlimit
2026-09-10T09:48+02:00,A16,L,29.37,1,speedlimit
2026-09-10T09:48+02:00,A15,R,57.78,5,speedlimit
2026-09-10T09:48+02:00,A20,R,31.26,1,speedlimit
2026-09-10T09:48+02:00,A16,x,18.543,2,speedlimit
2026-09-10T09:48+02:00,A16,R,21.5,3,speedlimit
2026-09-10T09:48+02:00,A15,R,61.05,5,speedlimit
2026-09-10T09:48+02:00,A16,L,16.48,4,speedlimit
2026-09-10T09:48+02:00,A16,x,21.0,1,speedlimit
2026-09-10T09:48+02:00,A4,f,69.8,2,speedlimit
2026-09-10T09:48+02:00,A20,R,42.0,2,speedlimit
2026-09-10T09:48+02:00,A20,R,40.985,3,speedlimit
2026-09-10T09:48+02:00,A15,R,59.2,4,speedlimit
2026-09-10T09:48+02:00,A16,L,31.425,3,speedlimit
2026-09-10T09:48+02:00,A15,L,75.075,3,speedlimit
2026-09-10T09:48+02:00,A15,R,61.33,2,speedlimit
2026-09-10T09:48+02:00,A20,R,41.6,3,speedlimit
2026-09-10T09:48+02:00,A15,L,70.95,1,speedlimit
2026-09-10T09:48+02:00,A20,L,29.826,3,speedlimit
2026-09-10T09:48+02:00,A16,L,46.43,3,speedlimit
2026-09-10T09:48+02:00,A4,L,59.72,3,speedlimit
2026-09-10T09:48+02:00,A4,L,58.82,3,speedlimit
2026-09-10T09:48+02:00,A4,h,45.58,3,lane_closed
2026-09-10T09:48+02:00,A15,e,64.5,2,lane_closed
2026-09-10T09:48+02:00,A16,x,18.9,4,speedlimit
2026-09-10T09:48+02:00,A20,L,29.5,1,speedlimit
2026-09-10T09:48+02:00,A20,R,28.8,3,speedlimit
2026-09-10T09:48+02:00,A20,R,29.5,1,speedlimit
2026-09-10T09:48+02:00,A16,R,22.4,5,speedlimit
2026-09-10T09:48+02:00,A16,m,33.609,1,speedlimit
2026-09-10T09:48+02:00,A20,R,41.6,1,speedlimit
2026-09-10T09:48+02:00,A15,R,60.76,3,speedlimit
2026-09-10T09:48+02:00,A15,R,63.052,1,lane_closed
2026-09-10T09:48+02:00,A4,g,64.378,1,speedlimit
2026-09-10T09:48+02:00,A16,m,34.068,2,speedlimit
2026-09-10T09:48+02:00,A15,R,59.95,2,speedlimit
2026-09-10T09:48+02:00,A13,L,11.25,4,lane_closed
2026-09-10T09:48+02:00,A20,R,40.985,1,speedlimit
2026-09-10T09:48+02:00,A20,L,30.9,1,speedlimit
2026-09-10T09:48+02:00,A16,R,24.71,1,speedlimit
2026-09-10T09:48+02:00,A15,R,56.6,1,speedlimit
2026-09-10T09:48+02:00,A16,L,38.73,2,speedlimit
2026-09-10T09:48+02:00,A16,R,32.518,2,speedlimit
2026-09-10T09:48+02:00,A13,R,18.2,4,speedlimit
2026-09-10T09:48+02:00,A16,L,31.805,4,speedlimit
2026-09-10T09:48+02:00,A16,R,32.22,4,speedlimit
2026-09-10T09:48+02:00,A15,m,59.58,1,speedlimit
2026-09-10T09:48+02:00,A13,L,10.3,1,speedlimit
2026-09-10T09:48+02:00,A15,x,56.6,3,speedlimit
2026-09-10T09:48+02:00,A16,L,36.07,3,speedlimit
2026-09-10T09:48+02:00,A4,L,45.75,1,speedlimit
2026-09-10T09:48+02:00,A4,L,53.0,1,speedlimit
2026-09-10T09:48+02:00,A13,R,18.7,1,speedlimit
2026-09-10T09:48+02:00,A15,L,64.67,5,speedlimit
2026-09-10T09:48+02:00,A4,L,50.798,2,speedlimit
2026-09-10T09:48+02:00,A15,n,95.855,1,speedlimit
2026-09-10T09:48+02:00,A20,c,27.488,1,speedlimit
2026-09-10T09:48+02:00,A20,R,31.9,3,speedlimit
2026-09-10T09:48+02:00,A16,x,18.9,2,speedlimit
2026-09-10T09:48+02:00,A20,R,23.515,2,speedlimit
2026-09-10T09:48+02:00,A13,R,16.655,3,speedlimit
2026-09-10T09:48+02:00,A4,L,59.72,1,speedlimit
2026-09-10T09:48+02:00,A4,L,50.253,3,speedlimit
2026-09-10T09:48+02:00,A15,L,74.275,1,speedlimit
2026-09-10T09:48+02:00,A15,e,63.451,2,lane_closed
2026-09-10T09:48+02:00,A20,L,29.1,2,speedlimit
2026-09-10T09:48+02:00,A16,R,32.76,1,speedlimit
2026-09-10T09:48+02:00,A15,L,63.56,1,lane_closed
2026-09-10T09:48+02:00,A20,R,29.8,3,speedlimit
2026-09-10T09:48+02:00,A13,L,18.2,2,speedlimit
2026-09-10T09:48+02:00,A20,R,26.4,3,speedlimit
2026-09-10T09:48+02:00,A16,R,25.66,3,speedlimit
2026-09-10T09:48+02:00,A16,L,46.935,1,speedlimit
2026-09-10T09:48+02:00,A16,m,33.958,1,speedlimit
2026-09-10T09:48+02:00,A15,R,60.76,4,speedlimit
2026-09-10T09:48+02:00,A16,L,47.41,4,speedlimit
2026-09-10T09:48+02:00,A15,m,58.65,1,speedlimit
2026-09-10T09:48+02:00,A4,L,53.26,1,speedlimit
2026-09-10T09:48+02:00,A4,L,50.253,2,speedlimit
2026-09-10T09:48+02:00,A20,R,26.93,1,speedlimit
2026-09-10T09:48+02:00,A15,R,63.052,4,speedlimit
2026-09-10T09:48+02:00,A15,R,61.63,2,speedlimit
2026-09-10T09:48+02:00,A15,R,58.46,3,speedlimit
2026-09-10T09:48+02:00,A15,R,60.76,1,speedlimit
2026-09-10T09:48+02:00,A16,L,30.73,3,speedlimit
2026-09-10T09:48+02:00,A20,R,26.4,2,speedlimit
2026-09-10T09:48+02:00,A15,L,63.56,3,speedlimit
2026-09-10T09:48+02:00,A20,L,27.488,2,speedlimit
2026-09-10T09:48+02:00,A20,L,30.196,3,speedlimit
2026-09-10T09:48+02:00,A4,L,50.798,1,speedlimit
2026-09-10T09:48+02:00,A4,h,46.06,1,speedlimit
2026-09-10T09:48+02:00,A4,L,54.907,2,speedlimit
2026-09-10T09:48+02:00,A16,R,22.4,4,speedlimit
2026-09-10T09:48+02:00,A20,L,28.41,1,speedlimit
2026-09-10T09:48+02:00,A16,L,37.6,1,speedlimit
2026-09-10T09:48+02:00,A4,L,55.15,1,speedlimit
2026-09-10T09:48+02:00,A13,L,13.18,4,lane_closed
2026-09-10T09:48+02:00,A15,R,57.78,2,speedlimit
2026-09-10T09:48+02:00,A15,R,57.78,3,speedlimit
2026-09-10T09:48+02:00,A16,L,47.41,3,speedlimit
2026-09-10T09:48+02:00,A15,R,57.31,2,speedlimit
2026-09-10T09:48+02:00,A13,L,17.8,2,speedlimit
2026-09-10T09:48+02:00,A15,m,62.998,1,speedlimit
2026-09-10T09:48+02:00,A16,m,33.778,1,speedlimit
2026-09-10T09:48+02:00,A15,R,56.6,2,speedlimit
2026-09-10T09:48+02:00,A15,e,63.942,2,lane_closed
2026-09-10T09:48+02:00,A15,L,72.96,4,speedlimit
2026-09-10T09:48+02:00,A16,L,46.935,3,speedlimit
2026-09-10T09:48+02:00,A20,R,28.57,1,speedlimit
2026-09-10T09:48+02:00,A20,R,25.3,3,speedlimit
2026-09-10T09:48+02:00,A20,R,30.196,4,speedlimit
2026-09-10T09:48+02:00,A4,L,51.458,3,speedlimit
2026-09-10T09:48+02:00,A16,L,15.16,1,speedlimit
2026-09-10T09:48+02:00,A4,d,53.0,3,speedlimit
2026-09-10T09:48+02:00,A4,L,52.448,1,speedlimit
2026-09-10T09:48+02:00,A4,L,52.448,3,speedlimit
2026-09-10T09:48+02:00,A20,R,42.485,3,speedlimit
2026-09-10T09:48+02:00,A16,R,24.39,3,speedlimit
2026-09-10T09:48+02:00,A15,L,75.075,2,speedlimit
2026-09-10T09:48+02:00,A4,L,49.84,2,speedlimit
2026-09-10T09:48+02:00,A20,t,29.6,2,speedlimit
2026-09-10T09:48+02:00,A16,R,24.71,4,speedlimit
2026-09-10T09:48+02:00,A16,m,33.958,2,speedlimit
2026-09-10T09:48+02:00,A15,R,64.013,1,speedlimit
2026-09-10T09:48+02:00,A16,L,16.48,5,speedlimit
2026-09-10T09:48+02:00,A4,L,55.985,2,speedlimit
2026-09-10T09:48+02:00,A15,L,73.59,1,speedlimit
2026-09-10T09:48+02:00,A15,R,57.31,4,speedlimit
2026-09-10T09:48+02:00,A15,L,64.67,4,speedlimit
2026-09-10T09:48+02:00,A4,L,52.448,2,speedlimit
2026-09-10T09:48+02:00,A15,L,71.42,1,speedlimit
2026-09-10T09:48+02:00,A20,R,42.485,1,speedlimit
2026-09-10T09:48+02:00,A16,L,36.99,2,speedlimit
2026-09-10T09:48+02:00,A15,L,65.685,1,speedlimit
2026-09-10T09:48+02:00,A16,m,34.068,1,speedlimit
2026-09-10T09:48+02:00,A16,x,21.0,2,speedlimit
2026-09-10T09:48+02:00,A16,R,22.4,2,speedlimit
2026-09-10T09:48+02:00,A15,L,64.67,1,lane_closed
2026-09-10T09:48+02:00,A13,L,10.3,2,speedlimit
2026-09-10T09:48+02:00,A15,R,54.7,1,speedlimit
2026-09-10T09:48+02:00,A16,L,48.03,2,speedlimit
2026-09-10T09:48+02:00,A4,L,52.018,1,speedlimit
2026-09-10T09:48+02:00,A20,R,26.93,2,speedlimit
2026-09-10T09:48+02:00,A20,L,30.9,3,speedlimit
2026-09-10T09:48+02:00,A15,R,64.013,2,speedlimit
2026-09-10T09:48+02:00,A13,L,18.8,3,speedlimit
2026-09-10T09:48+02:00,A13,L,10.3,4,speedlimit
2026-09-10T09:48+02:00,A4,g,63.875,1,speedlimit
2026-09-10T09:48+02:00,A20,R,28.8,1,speedlimit
2026-09-10T09:48+02:00,A16,b,32.5,1,speedlimit
2026-09-10T09:48+02:00,A15,L,70.95,4,speedlimit
2026-09-10T09:48+02:00,A16,L,16.48,1,speedlimit
2026-09-10T09:48+02:00,A16,L,29.02,1,speedlimit
2026-09-10T09:48+02:00,A16,R,25.2,2,speedlimit
2026-09-10T09:48+02:00,A15,R,61.05,2,speedlimit
2026-09-10T09:48+02:00,A15,R,63.533,1,speedlimit
2026-09-10T09:48+02:00,A13,L,18.8,1,speedlimit
2026-09-10T09:48+02:00,A15,L,72.96,3,speedlimit
2026-09-10T09:48+02:00,A15,L,71.9,1,speedlimit
2026-09-10T09:48+02:00,A4,h,46.4,2,speedlimit
2026-09-10T09:48+02:00,A13,R,16.2,2,speedlimit
2026-09-10T09:48+02:00,A16,L,15.73,1,speedlimit
2026-09-10T09:48+02:00,A16,L,29.37,3,speedlimit
2026-09-10T09:48+02:00,A15,L,73.92,1,speedlimit
2026-09-10T09:48+02:00,A16,L,14.768,1,speedlimit
2026-09-10T09:48+02:00,A15,L,74.275,2,speedlimit
2026-09-10T09:48+02:00,A16,L,46.935,4,speedlimit
2026-09-10T09:48+02:00,A4,L,45.28,2,speedlimit
2026-09-10T09:48+02:00,A20,L,31.4,3,speedlimit
2026-09-10T09:48+02:00,A16,R,22.4,1,speedlimit
2026-09-10T09:48+02:00,A16,L,14.768,3,speedlimit
2026-09-10T09:48+02:00,A20,L,30.196,4,speedlimit
2026-09-10T09:48+02:00,A15,L,71.42,2,speedlimit
2026-09-10T09:48+02:00,A4,L,44.01,1,speedlimit
2026-09-10T09:48+02:00,A4,L,51.458,1,speedlimit
2026-09-10T09:48+02:00,A13,R,18.2,2,speedlimit
2026-09-10T09:48+02:00,A15,d,48.05,1,speedlimit
2026-09-10T09:48+02:00,A13,L,10.3,3,speedlimit
2026-09-10T09:48+02:00,A16,x,18.543,3,speedlimit
2026-09-10T09:48+02:00,A16,L,47.41,2,speedlimit
2026-09-10T09:48+02:00,A15,L,72.58,3,speedlimit
2026-09-10T09:48+02:00,A13,L,17.8,1,speedlimit
2026-09-10T09:48+02:00,A16,L,38.73,3,speedlimit
2026-09-10T09:48+02:00,A20,R,29.8,1,speedlimit
2026-09-10T09:48+02:00,A20,R,31.26,2,speedlimit
2026-09-10T09:48+02:00,A4,L,50.253,4,speedlimit
2026-09-10T09:48+02:00,A15,m,58.46,1,speedlimit
2026-09-10T09:48+02:00,A16,R,20.5,1,speedlimit
2026-09-10T09:48+02:00,A20,R,25.7,1,speedlimit
2026-09-10T09:48+02:00,A15,m,59.11,3,speedlimit
2026-09-10T09:48+02:00,A20,R,23.515,1,speedlimit
2026-09-10T09:48+02:00,A15,L,43.46,1,speedlimit
2026-09-10T09:48+02:00,A16,R,21.9,3,speedlimit
2026-09-10T09:48+02:00,A15,x,56.6,1,speedlimit
2026-09-10T09:48+02:00,A16,L,14.768,2,speedlimit
2026-09-10T09:48+02:00,A20,R,31.26,3,speedlimit
2026-09-10T09:48+02:00,A15,L,70.95,2,speedlimit
2026-09-10T09:48+02:00,A20,R,26.64,3,speedlimit
2026-09-10T09:48+02:00,A20,R,26.64,4,speedlimit
2026-09-10T09:48+02:00,A20,R,26.4,1,speedlimit
2026-09-10T09:48+02:00,A15,p,63.533,2,speedlimit
2026-09-10T09:48+02:00,A13,R,17.1,1,speedlimit
2026-09-10T09:48+02:00,A15,R,59.2,3,speedlimit
2026-09-10T09:48+02:00,A15,k,70.5,1,speedlimit
2026-09-10T09:48+02:00,A20,R,29.5,3,speedlimit
2026-09-10T09:48+02:00,A20,R,24.07,1,speedlimit
2026-09-10T09:48+02:00,A15,R,58.46,4,speedlimit
2026-09-10T09:48+02:00,A16,x,20.5,2,speedlimit
2026-09-10T09:48+02:00,A16,R,32.76,3,speedlimit
2026-09-10T09:48+02:00,A13,L,13.7,4,lane_closed
2026-09-10T09:48+02:00,A15,L,63.56,2,speedlimit
2026-09-10T09:48+02:00,A20,R,41.6,2,speedlimit
2026-09-10T09:48+02:00,A15,p,63.533,1,speedlimit
2026-09-10T09:48+02:00,A4,L,55.985,1,speedlimit
2026-09-10T09:48+02:00,A13,L,14.2,4,lane_closed
2026-09-10T09:48+02:00,A4,h,0.3,1,speedlimit
2026-09-10T09:48+02:00,A15,R,60.76,2,speedlimit
2026-09-10T09:48+02:00,A16,R,24.39,1,speedlimit
2026-09-10T09:48+02:00,A4,h,46.4,1,speedlimit
2026-09-10T09:48+02:00,A15,x,56.25,2,speedlimit
2026-09-10T09:48+02:00,A15,x,55.14,2,speedlimit
2026-09-10T09:48+02:00,A4,L,44.62,3,speedlimit
2026-09-10T09:48+02:00,A20,R,24.715,2,speedlimit
2026-09-10T09:48+02:00,A20,t,29.6,1,speedlimit
2026-09-10T09:48+02:00,A16,L,36.99,3,speedlimit
2026-09-10T09:48+02:00,A15,L,65.685,4,speedlimit
2026-09-10T09:48+02:00,A20,R,23.27,1,speedlimit
2026-09-10T09:48+02:00,A20,R,29.8,4,speedlimit
2026-09-10T09:48+02:00,A13,R,18.7,2,speedlimit
2026-09-10T09:48+02:00,A16,m,33.43,2,speedlimit
2026-09-10T09:48+02:00,A15,L,58.47,3,speedlimit
2026-09-10T09:48+02:00,A4,L,49.37,2,speedlimit
2026-09-10T09:48+02:00,A16,L,49.78,2,speedlimit
2026-09-10T09:48+02:00,A16,m,33.848,2,speedlimit
2026-09-10T09:48+02:00,A20,R,27.488,1,speedlimit
2026-09-10T09:48+02:00,A16,L,48.03,3,speedlimit
2026-09-10T09:48+02:00,A15,L,72.58,4,speedlimit
2026-09-10T09:48+02:00,A15,R,62.454,1,lane_closed
2026-09-10T09:48+02:00,A16,R,21.0,2,speedlimit
2026-09-10T09:48+02:00,A15,m,59.11,1,speedlimit
2026-09-10T09:48+02:00,A4,L,53.954,1,speedlimit
2026-09-10T09:48+02:00,A16,m,33.43,1,speedlimit
2026-09-10T09:48+02:00,A16,L,14.46,2,speedlimit
2026-09-10T09:48+02:00,A20,R,29.5,2,speedlimit
2026-09-10T09:48+02:00,A20,L,27.2,2,speedlimit
2026-09-10T09:48+02:00,A16,R,32.518,1,speedlimit
2026-09-10T09:48+02:00,A13,R,18.963,1,speedlimit
2026-09-10T09:48+02:00,A13,L,17.1,1,speedlimit
2026-09-10T09:48+02:00,A15,R,61.63,3,speedlimit
2026-09-10T09:48+02:00,A20,L,31.88,3,speedlimit
2026-09-10T09:48+02:00,A20,R,23.27,3,speedlimit
2026-09-10T09:48+02:00,A16,R,66.81,1,speedlimit
2026-09-10T09:48+02:00,A16,R,24.39,2,speedlimit
2026-09-10T09:48+02:00,A13,L,17.1,4,speedlimit
2026-09-10T09:48+02:00,A4,L,54.48,1,speedlimit
2026-09-10T09:48+02:00,A13,R,16.655,2,speedlimit
2026-09-10T09:48+02:00,A15,R,56.1,1,speedlimit
2026-09-10T09:48+02:00,A13,L,15.55,5,lane_closed
2026-09-10T09:48+02:00,A15,L,75.375,3,speedlimit
2026-09-10T09:48+02:00,A15,L,74.085,1,speedlimit
2026-09-10T09:48+02:00,A15,x,56.6,2,speedlimit
2026-09-10T09:48+02:00,A15,m,58.65,2,speedlimit
2026-09-10T09:48+02:00,A16,x,21.5,3,speedlimit
2026-09-10T09:48+02:00,A16,d,15.73,1,speedlimit
2026-09-10T09:48+02:00,A16,L,30.2,3,speedlimit
2026-09-10T09:48+02:00,A4,L,50.253,1,speedlimit
2026-09-10T09:48+02:00,A15,R,59.95,3,speedlimit
2026-09-10T09:48+02:00,A20,L,32.8,3,speedlimit
2026-09-10T09:48+02:00,A15,R,61.63,6,speedlimit
2026-09-10T09:48+02:00,A4,L,54.48,2,speedlimit
2026-09-10T09:48+02:00,A15,L,73.755,3,speedlimit
2026-09-10T09:48+02:00,A15,R,58.46,1,speedlimit
2026-09-10T09:48+02:00,A20,R,25.3,2,speedlimit
2026-09-10T09:48+02:00,A15,L,73.755,2,speedlimit
2026-09-10T09:48+02:00,A16,L,29.02,5,speedlimit
2026-09-10T09:48+02:00,A20,R,30.196,1,speedlimit
2026-09-10T09:48+02:00,A16,x,18.543,1,speedlimit
2026-09-10T09:48+02:00,A16,x,19.3,1,speedlimit
2026-09-10T09:48+02:00,A20,L,29.826,4,speedlimit
2026-09-10T09:48+02:00,A16,L,30.2,4,speedlimit
2026-09-10T09:48+02:00,A15,x,55.59,2,speedlimit
2026-09-10T09:48+02:00,A16,L,36.355,1,speedlimit
2026-09-10T09:48+02:00,A4,L,59.72,2,speedlimit
2026-09-10T09:48+02:00,A16,b,19.862,2,speedlimit
2026-09-10T09:48+02:00,A16,L,46.43,2,speedlimit
2026-09-10T09:48+02:00,A16,L,31.805,1,speedlimit
2026-09-10T09:48+02:00,A16,R,66.81,2,speedlimit
2026-09-10T09:48+02:00,A15,L,74.085,2,speedlimit
2026-09-10T09:48+02:00,A20,s,29.6,1,speedlimit
2026-09-10T09:48+02:00,A20,L,28.57,2,speedlimit
2026-09-10T09:48+02:00,A20,R,30.6,2,speedlimit
2026-09-10T09:48+02:00,A15,R,59.57,1,speedlimit
2026-09-10T09:48+02:00,A29,s,9.91,2,speedlimit
2026-09-10T09:48+02:00,A16,R,21.9,1,speedlimit
2026-09-10T09:48+02:00,A15,L,65.25,3,speedlimit
2026-09-10T09:48+02:00,A13,L,17.1,2,speedlimit
2026-09-10T09:48+02:00,A4,L,45.75,4,speedlimit
2026-09-10T09:48+02:00,A15,R,57.31,5,speedlimit
2026-09-10T09:48+02:00,A16,L,38.22,3,speedlimit
2026-09-10T09:48+02:00,A20,L,28.57,3,speedlimit
2026-09-10T09:48+02:00,A15,R,59.57,3,speedlimit
2026-09-10T09:48+02:00,A15,L,64.67,3,speedlimit
2026-09-10T09:48+02:00,A20,R,26.4,4,speedlimit
2026-09-10T09:48+02:00,A20,R,30.196,2,speedlimit
2026-09-10T09:48+02:00,A13,R,17.8,3,speedlimit
2026-09-10T09:48+02:00,A16,L,29.37,2,speedlimit
2026-09-10T09:48+02:00,A15,L,57.78,2,speedlimit
2026-09-10T09:48+02:00,A16,R,32.22,1,speedlimit
2026-09-10T09:48+02:00,A16,x,20.2,3,speedlimit
2026-09-10T09:48+02:00,A15,n,95.855,2,speedlimit
2026-09-10T10:49+02:00,A15,R,62.752,1,lane_closed
2026-09-10T10:49+02:00,A13,L,16.7,1,speedlimit
2026-09-10T10:49+02:00,A4,R,54.927,3,speedlimit
2026-09-10T10:49+02:00,A16,R,25.2,3,speedlimit
2026-09-10T10:49+02:00,A15,y,47.092,2,speedlimit
2026-09-10T10:49+02:00,A15,R,63.052,3,speedlimit
2026-09-10T10:49+02:00,A16,R,33.848,1,speedlimit
2026-09-10T10:49+02:00,A20,L,30.196,2,speedlimit
2026-09-10T10:49+02:00,A16,R,32.22,3,speedlimit
2026-09-10T10:49+02:00,A13,R,16.655,1,speedlimit
2026-09-10T10:49+02:00,A16,R,66.52,2,speedlimit
2026-09-10T10:49+02:00,A13,R,17.1,2,speedlimit
2026-09-10T10:49+02:00,A15,R,61.63,4,speedlimit
2026-09-10T10:49+02:00,A15,k,70.5,2,speedlimit
2026-09-10T10:49+02:00,A15,R,62.752,2,lane_closed
2026-09-10T10:49+02:00,A15,R,61.33,5,speedlimit
2026-09-10T10:49+02:00,A15,L,43.46,2,speedlimit
2026-09-10T10:49+02:00,A4,R,54.487,2,speedlimit
2026-09-10T10:49+02:00,A13,R,18.5,1,speedlimit
2026-09-10T10:49+02:00,A20,L,29.5,2,speedlimit
2026-09-10T10:49+02:00,A15,R,63.052,2,lane_closed
2026-09-10T10:49+02:00,A13,R,18.5,4,speedlimit
2026-09-10T10:49+02:00,A13,R,18.2,3,speedlimit
2026-09-10T10:49+02:00,A20,R,28.1,1,speedlimit
2026-09-10T10:49+02:00,A20,R,30.196,3,speedlimit
2026-09-10T10:49+02:00,A15,e,64.5,1,lane_closed
2026-09-10T10:49+02:00,A4,R,59.72,1,speedlimit
2026-09-10T10:49+02:00,A15,R,56.6,3,speedlimit
2026-09-10T10:49+02:00,A15,n,95.855,3,speedlimit
2026-09-10T10:49+02:00,A13,R,17.8,2,speedlimit
2026-09-10T10:49+02:00,A15,R,61.05,6,speedlimit
2026-09-10T10:49+02:00,A4,R,56.518,2,speedlimit
2026-09-10T10:49+02:00,A20,s,29.6,2,speedlimit
2026-09-10T10:49+02:00,A15,L,65.25,2,speedlimit
2026-09-10T10:49+02:00,A15,L,65.685,3,speedlimit
2026-09-10T10:49+02:00,A16,R,33.135,4,speedlimit
2026-09-10T10:49+02:00,A15,y,47.43,2,speedlimit
2026-09-10T10:49+02:00,A16,R,25.2,1,speedlimit
2026-09-10T10:49+02:00,A15,x,46.135,3,speedlimit
2026-09-10T10:49+02:00,A20,R,26.93,4,speedlimit
2026-09-10T10:49+02:00,A20,R,28.57,3,speedlimit
2026-09-10T10:49+02:00,A15,L,70.95,3,speedlimit
2026-09-10T10:49+02:00,A16,R,25.66,1,speedlimit
2026-09-10T10:49+02:00,A15,R,61.05,1,speedlimit
2026-09-10T10:49+02:00,A16,R,31.74,5,speedlimit
2026-09-10T10:49+02:00,A13,L,18.8,2,speedlimit
2026-09-10T10:49+02:00,A15,R,62.454,3,speedlimit
2026-09-10T10:49+02:00,A4,R,54.927,2,speedlimit
2026-09-10T10:49+02:00,A20,R,27.235,1,speedlimit
2026-09-10T10:49+02:00,A20,L,28.41,2,speedlimit
2026-09-10T10:49+02:00,A15,R,57.78,1,speedlimit
2026-09-10T10:49+02:00,A20,R,27.79,2,speedlimit
2026-09-10T10:49+02:00,A13,R,18.5,3,speedlimit
2026-09-10T10:49+02:00,A20,R,28.57,4,speedlimit
2026-09-10T10:49+02:00,A20,R,31.26,4,speedlimit
2026-09-10T10:49+02:00,A20,L,29.826,2,speedlimit
2026-09-10T10:49+02:00,A20,L,28.57,1,speedlimit
2026-09-10T10:49+02:00,A4,R,58.82,1,speedlimit
2026-09-10T10:49+02:00,A16,R,32.22,5,speedlimit
2026-09-10T10:49+02:00,A16,R,33.958,1,speedlimit
2026-09-10T10:49+02:00,A20,R,29.5,4,speedlimit
2026-09-10T10:49+02:00,A15,x,46.135,1,speedlimit
2026-09-10T10:49+02:00,A16,R,24.71,3,speedlimit
2026-09-10T10:49+02:00,A16,R,32.76,5,speedlimit
2026-09-10T10:49+02:00,A16,R,33.43,2,speedlimit
2026-09-10T10:49+02:00,A16,R,31.74,4,speedlimit
2026-09-10T10:49+02:00,A20,R,28.1,2,speedlimit
2026-09-10T10:49+02:00,A20,R,26.64,1,speedlimit
2026-09-10T10:49+02:00,A15,R,61.05,4,speedlimit
2026-09-10T10:49+02:00,A15,L,64.2,2,speedlimit
2026-09-10T10:49+02:00,A20,L,32.8,2,speedlimit
2026-09-10T10:49+02:00,A16,L,46.43,1,speedlimit
2026-09-10T10:49+02:00,A15,L,65.25,4,speedlimit
2026-09-10T10:49+02:00,A13,L,17.1,3,speedlimit
2026-09-10T10:49+02:00,A15,R,62.454,2,lane_closed_ahead
2026-09-10T10:49+02:00,A16,R,33.135,2,speedlimit
2026-09-10T10:49+02:00,A15,L,43.46,4,speedlimit
2026-09-10T10:49+02:00,A16,R,66.81,3,speedlimit
2026-09-10T10:49+02:00,A20,L,27.488,1,speedlimit
2026-09-10T10:49+02:00,A20,L,27.2,1,speedlimit
2026-09-10T10:49+02:00,A4,h,46.06,2,speedlimit
2026-09-10T10:49+02:00,A20,L,27.8,2,speedlimit
2026-09-10T10:49+02:00,A15,L,71.42,4,speedlimit
2026-09-10T10:49+02:00,A13,L,18.2,3,speedlimit
2026-09-10T10:49+02:00,A16,R,32.933,1,speedlimit
2026-09-10T10:49+02:00,A15,L,40.65,2,speedlimit
2026-09-10T10:49+02:00,A16,R,32.518,4,speedlimit
2026-09-10T10:49+02:00,A20,L,31.88,1,speedlimit
2026-09-10T10:49+02:00,A13,L,16.7,2,speedlimit
2026-09-10T10:49+02:00,A16,R,33.958,2,speedlimit
2026-09-10T10:49+02:00,A20,L,30.9,2,speedlimit
2026-09-10T10:49+02:00,A20,L,28.085,1,speedlimit
2026-09-10T10:49+02:00,A4,R,55.935,1,speedlimit
2026-09-10T10:49+02:00,A16,R,32.76,4,speedlimit
2026-09-10T10:49+02:00,A16,R,33.609,2,speedlimit
2026-09-10T10:49+02:00,A16,R,32.22,2,speedlimit
2026-09-10T10:49+02:00,A15,R,61.33,3,speedlimit
2026-09-10T10:49+02:00,A4,R,54.487,3,speedlimit
2026-09-10T10:49+02:00,A20,R,30.6,1,speedlimit
2026-09-10T10:49+02:00,A13,R,17.1,3,speedlimit
2026-09-10T10:49+02:00,A15,R,62.752,4,speedlimit
2026-09-10T10:49+02:00,A20,R,26.93,3,speedlimit
2026-09-10T10:49+02:00,A15,R,62.062,2,speedlimit
2026-09-10T10:49+02:00,A15,L,39.66,2,speedlimit
2026-09-10T10:49+02:00,A20,L,31.4,1,speedlimit
2026-09-10T10:49+02:00,A15,R,61.05,3,speedlimit
2026-09-10T10:49+02:00,A4,R,57.05,1,speedlimit
2026-09-10T10:49+02:00,A15,L,40.65,1,speedlimit
2026-09-10T10:49+02:00,A20,L,31.1,2,speedlimit
2026-09-10T10:49+02:00,A15,e,63.942,1,lane_closed
2026-09-10T10:49+02:00,A16,R,33.778,1,speedlimit
2026-09-10T10:49+02:00,A13,g,18.7,2,speedlimit
2026-09-10T10:49+02:00,A15,L,65.685,2,speedlimit
2026-09-10T10:49+02:00,A20,L,31.4,2,speedlimit
2026-09-10T10:49+02:00,A15,R,61.63,1,speedlimit
2026-09-10T10:49+02:00,A4,R,56.518,1,speedlimit
2026-09-10T10:49+02:00,A15,L,71.42,3,speedlimit
2026-09-10T10:49+02:00,A15,R,61.33,4,speedlimit
2026-09-10T10:49+02:00,A15,y,47.43,3,speedlimit
2026-09-10T10:49+02:00,A16,R,34.068,2,speedlimit
2026-09-10T10:49+02:00,A4,R,54.927,1,speedlimit
2026-09-10T10:49+02:00,A13,L,15.9,3,lane_closed
2026-09-10T10:49+02:00,A16,R,24.71,2,speedlimit
2026-09-10T10:49+02:00,A13,R,16.2,1,speedlimit
2026-09-10T10:49+02:00,A13,R,18.5,2,speedlimit
2026-09-10T10:49+02:00,A20,L,30.196,1,speedlimit
2026-09-10T10:49+02:00,A16,R,33.778,2,speedlimit
2026-09-10T10:49+02:00,A16,R,24.71,5,speedlimit
2026-09-10T10:49+02:00,A20,R,27.79,1,speedlimit
2026-09-10T10:49+02:00,A15,R,61.33,1,speedlimit
2026-09-10T10:49+02:00,A20,L,29.826,1,speedlimit
2026-09-10T10:49+02:00,A15,R,62.752,3,speedlimit
2026-09-10T10:49+02:00,A16,R,66.52,1,speedlimit
2026-09-10T10:49+02:00,A4,R,55.08,1,speedlimit
2026-09-10T10:49+02:00,A20,R,28.41,2,speedlimit
2026-09-10T10:49+02:00,A15,R,62.062,1,lane_closed_ahead
2026-09-10T10:49+02:00,A20,R,29.1,1,speedlimit
2026-09-10T10:49+02:00,A16,m,33.778,2,speedlimit
2026-09-10T10:49+02:00,A13,R,17.8,1,speedlimit
2026-09-10T10:49+02:00,A20,R,28.41,1,speedlimit
2026-09-10T10:49+02:00,A20,R,31.9,2,speedlimit
2026-09-10T10:49+02:00,A15,R,61.63,5,speedlimit
2026-09-10T10:49+02:00,A20,L,31.1,3,speedlimit
2026-09-10T10:49+02:00,A15,L,40.22,3,speedlimit
2026-09-10T10:49+02:00,A15,R,57.78,4,speedlimit
2026-09-10T10:49+02:00,A15,R,57.31,3,speedlimit
2026-09-10T10:49+02:00,A15,R,61.33,6,speedlimit
2026-09-10T10:49+02:00,A15,R,62.454,5,speedlimit
2026-09-10T10:49+02:00,A20,R,27.488,2,speedlimit
2026-09-10T10:49+02:00,A20,t,28.895,1,speedlimit
2026-09-10T10:49+02:00,A20,L,32.8,1,speedlimit
2026-09-10T10:49+02:00,A16,L,43.69,3,speedlimit
2026-09-10T10:49+02:00,A20,R,28.8,2,speedlimit
2026-09-10T10:49+02:00,A20,L,31.1,1,speedlimit
2026-09-10T10:49+02:00,A13,L,16.19,3,lane_closed
2026-09-10T10:49+02:00,A13,L,15.035,5,lane_closed
2026-09-10T10:49+02:00,A16,R,32.76,2,speedlimit
2026-09-10T10:49+02:00,A16,R,32.518,3,speedlimit
2026-09-10T10:49+02:00,A20,L,27.8,1,speedlimit
2026-09-10T10:49+02:00,A16,R,32.933,2,speedlimit
2026-09-10T10:49+02:00,A4,R,54.487,1,speedlimit
2026-09-10T10:49+02:00,A20,R,29.1,2,speedlimit
2026-09-10T10:49+02:00,A13,g,18.7,1,speedlimit
2026-09-10T10:49+02:00,A20,R,28.57,2,speedlimit
2026-09-10T10:49+02:00,A20,R,26.64,2,speedlimit
2026-09-10T10:49+02:00,A15,L,64.2,3,speedlimit
2026-09-10T10:49+02:00,A20,L,29.1,1,speedlimit
2026-09-10T10:49+02:00,A13,L,18.2,1,speedlimit
2026-09-10T10:49+02:00,A15,e,63.451,1,lane_closed
2026-09-10T10:49+02:00,A15,L,64.67,2,speedlimit
2026-09-10T10:49+02:00,A13,L,12.7,4,lane_closed
2026-09-10T10:49+02:00,A20,L,31.88,2,speedlimit
2026-09-10T10:49+02:00,A15,R,62.454,4,speedlimit
2026-09-10T10:49+02:00,A16,R,32.933,3,speedlimit
2026-09-10T10:49+02:00,A20,L,28.085,2,speedlimit
2026-09-10T10:49+02:00,A16,m,33.609,2,speedlimit
2026-09-10T10:49+02:00,A15,L,43.46,3,speedlimit
2026-09-10T10:49+02:00,A15,R,62.062,3,speedlimit
2026-09-10T10:49+02:00,A15,x,46.135,2,speedlimit
2026-09-10T10:49+02:00,A20,R,30.6,3,speedlimit
2026-09-10T10:49+02:00,A4,R,55.08,4,speedlimit
2026-09-10T10:49+02:00,A15,R,62.062,4,speedlimit
2026-09-10T10:49+02:00,A16,R,66.52,4,speedlimit
2026-09-10T10:49+02:00,A4,R,57.975,2,lane_closed
2026-09-10T10:49+02:00,A20,R,29.8,2,speedlimit
2026-09-10T10:49+02:00,A15,L,64.2,1,lane_closed
2026-09-10T10:49+02:00,A20,R,27.235,2,speedlimit
2026-09-10T10:49+02:00,A13,R,18.2,1,speedlimit
2026-09-10T10:49+02:00,A16,m,33.848,1,speedlimit
2026-09-10T10:49+02:00,A16,R,25.66,2,speedlimit
2026-09-10T10:49+02:00,A16,R,66.52,3,speedlimit
2026-09-10T10:49+02:00,A15,L,65.25,1,lane_closed_ahead
2026-09-10T10:49+02:00,A15,e,95.55,1,speedlimit
2026-09-10T10:49+02:00,A13,e,19.1,1,speedlimit
2026-09-10T10:49+02:00,A15,L,39.36,1,speedlimit
2026-09-10T10:49+02:00,A16,R,66.81,4,speedlimit
2026-09-10T10:49+02:00,A13,L,17.8,3,speedlimit
2026-09-10T10:49+02:00,A16,R,31.74,1,speedlimit
2026-09-10T10:49+02:00,A15,R,57.78,5,lane_closed
2026-09-10T10:49+02:00,A20,R,31.26,1,speedlimit
2026-09-10T10:49+02:00,A15,R,61.05,5,speedlimit
2026-09-10T10:49+02:00,A15,R,61.33,2,speedlimit
2026-09-10T10:49+02:00,A15,L,70.95,1,speedlimit
2026-09-10T10:49+02:00,A15,y,47.092,1,speedlimit
2026-09-10T10:49+02:00,A20,L,29.826,3,speedlimit
2026-09-10T10:49+02:00,A16,L,46.43,3,speedlimit
2026-09-10T10:49+02:00,A4,h,45.58,3,lane_closed
2026-09-10T10:49+02:00,A15,e,64.5,2,lane_closed
2026-09-10T10:49+02:00,A20,L,29.5,1,speedlimit
2026-09-10T10:49+02:00,A20,R,28.8,3,speedlimit
2026-09-10T10:49+02:00,A20,R,29.5,1,speedlimit
2026-09-10T10:49+02:00,A16,m,33.609,1,speedlimit
2026-09-10T10:49+02:00,A15,R,63.052,1,lane_closed
2026-09-10T10:49+02:00,A4,R,57.975,1,speedlimit
2026-09-10T10:49+02:00,A16,R,33.135,3,speedlimit
2026-09-10T10:49+02:00,A4,R,58.82,2,lane_closed
2026-09-10T10:49+02:00,A13,L,11.25,4,lane_closed
2026-09-10T10:49+02:00,A20,L,30.9,1,speedlimit
2026-09-10T10:49+02:00,A16,R,24.71,1,speedlimit
2026-09-10T10:49+02:00,A15,R,56.6,1,speedlimit
2026-09-10T10:49+02:00,A16,R,32.518,2,speedlimit
2026-09-10T10:49+02:00,A13,R,18.2,4,speedlimit
2026-09-10T10:49+02:00,A16,R,32.22,4,speedlimit
2026-09-10T10:49+02:00,A15,r,45.853,2,speedlimit
2026-09-10T10:49+02:00,A13,L,10.3,1,speedlimit
2026-09-10T10:49+02:00,A15,x,56.6,3,speedlimit
2026-09-10T10:49+02:00,A16,R,33.609,1,speedlimit
2026-09-10T10:49+02:00,A13,R,18.7,1,speedlimit
2026-09-10T10:49+02:00,A15,L,64.67,5,speedlimit
2026-09-10T10:49+02:00,A15,n,95.855,1,speedlimit
2026-09-10T10:49+02:00,A20,c,27.488,1,speedlimit
2026-09-10T10:49+02:00,A20,R,31.9,3,speedlimit
2026-09-10T10:49+02:00,A13,R,16.655,3,speedlimit
2026-09-10T10:49+02:00,A15,e,63.451,2,lane_closed
2026-09-10T10:49+02:00,A20,L,29.1,2,speedlimit
2026-09-10T10:49+02:00,A16,R,32.76,1,speedlimit
2026-09-10T10:49+02:00,A15,L,63.56,1,lane_closed
2026-09-10T10:49+02:00,A20,R,29.8,3,speedlimit
2026-09-10T10:49+02:00,A13,L,18.2,2,speedlimit
2026-09-10T10:49+02:00,A20,R,26.4,3,speedlimit
2026-09-10T10:49+02:00,A16,R,25.66,3,speedlimit
2026-09-10T10:49+02:00,A16,m,33.958,1,speedlimit
2026-09-10T10:49+02:00,A20,R,26.93,1,speedlimit
2026-09-10T10:49+02:00,A15,R,63.052,4,speedlimit
2026-09-10T10:49+02:00,A15,R,61.63,2,speedlimit
2026-09-10T10:49+02:00,A20,R,26.4,2,speedlimit
2026-09-10T10:49+02:00,A15,L,63.56,3,speedlimit
2026-09-10T10:49+02:00,A20,L,27.488,2,speedlimit
2026-09-10T10:49+02:00,A20,L,30.196,3,speedlimit
2026-09-10T10:49+02:00,A4,h,46.06,1,speedlimit
2026-09-10T10:49+02:00,A20,L,28.41,1,speedlimit
2026-09-10T10:49+02:00,A13,L,13.18,4,lane_closed
2026-09-10T10:49+02:00,A15,R,57.78,2,speedlimit
2026-09-10T10:49+02:00,A15,R,57.78,3,speedlimit
2026-09-10T10:49+02:00,A15,R,57.31,2,speedlimit
2026-09-10T10:49+02:00,A13,L,17.8,2,speedlimit
2026-09-10T10:49+02:00,A16,m,33.778,1,speedlimit
2026-09-10T10:49+02:00,A15,R,56.6,2,speedlimit
2026-09-10T10:49+02:00,A15,x,45.853,1,speedlimit
2026-09-10T10:49+02:00,A15,e,63.942,2,lane_closed
2026-09-10T10:49+02:00,A4,R,57.05,2,lane_closed_ahead
2026-09-10T10:49+02:00,A20,R,28.57,1,speedlimit
2026-09-10T10:49+02:00,A20,R,30.196,4,speedlimit
2026-09-10T10:49+02:00,A16,R,24.39,3,speedlimit
2026-09-10T10:49+02:00,A20,t,29.6,2,speedlimit
2026-09-10T10:49+02:00,A16,R,24.71,4,speedlimit
2026-09-10T10:49+02:00,A16,m,33.958,2,speedlimit
2026-09-10T10:49+02:00,A15,R,57.31,4,speedlimit
2026-09-10T10:49+02:00,A15,L,64.67,4,speedlimit
2026-09-10T10:49+02:00,A15,L,71.42,1,speedlimit
2026-09-10T10:49+02:00,A15,L,65.685,1,speedlimit
2026-09-10T10:49+02:00,A15,L,64.67,1,lane_closed
2026-09-10T10:49+02:00,A13,L,10.3,2,speedlimit
2026-09-10T10:49+02:00,A15,r,45.853,1,speedlimit
2026-09-10T10:49+02:00,A16,R,31.74,3,speedlimit
2026-09-10T10:49+02:00,A20,R,26.93,2,speedlimit
2026-09-10T10:49+02:00,A20,L,30.9,3,speedlimit
2026-09-10T10:49+02:00,A13,L,18.8,3,speedlimit
2026-09-10T10:49+02:00,A13,L,10.3,4,speedlimit
2026-09-10T10:49+02:00,A20,R,28.8,1,speedlimit
2026-09-10T10:49+02:00,A16,b,32.5,1,speedlimit
2026-09-10T10:49+02:00,A15,L,70.95,4,speedlimit
2026-09-10T10:49+02:00,A16,R,25.2,2,speedlimit
2026-09-10T10:49+02:00,A15,R,61.05,2,speedlimit
2026-09-10T10:49+02:00,A13,L,18.8,1,speedlimit
2026-09-10T10:49+02:00,A4,h,46.4,2,speedlimit
2026-09-10T10:49+02:00,A13,R,16.2,2,speedlimit
2026-09-10T10:49+02:00,A16,R,33.848,2,speedlimit
2026-09-10T10:49+02:00,A20,L,31.4,3,speedlimit
2026-09-10T10:49+02:00,A20,L,30.196,4,speedlimit
2026-09-10T10:49+02:00,A15,L,71.42,2,speedlimit
2026-09-10T10:49+02:00,A13,R,18.2,2,speedlimit
2026-09-10T10:49+02:00,A13,L,10.3,3,speedlimit
2026-09-10T10:49+02:00,A13,L,17.8,1,speedlimit
2026-09-10T10:49+02:00,A20,R,29.8,1,speedlimit
2026-09-10T10:49+02:00,A16,R,33.135,1,speedlimit
2026-09-10T10:49+02:00,A20,R,31.26,2,speedlimit
2026-09-10T10:49+02:00,A15,L,40.22,2,speedlimit
2026-09-10T10:49+02:00,A4,R,55.935,2,speedlimit
2026-09-10T10:49+02:00,A15,L,43.46,1,speedlimit
2026-09-10T10:49+02:00,A15,x,56.6,1,speedlimit
2026-09-10T10:49+02:00,A20,R,31.26,3,speedlimit
2026-09-10T10:49+02:00,A15,L,70.95,2,speedlimit
2026-09-10T10:49+02:00,A20,R,26.64,3,speedlimit
2026-09-10T10:49+02:00,A20,R,26.64,4,speedlimit
2026-09-10T10:49+02:00,A15,y,47.43,1,speedlimit
2026-09-10T10:49+02:00,A20,R,26.4,1,speedlimit
2026-09-10T10:49+02:00,A13,R,17.1,1,speedlimit
2026-09-10T10:49+02:00,A15,k,70.5,1,speedlimit
2026-09-10T10:49+02:00,A15,L,39.66,1,speedlimit
2026-09-10T10:49+02:00,A20,R,29.5,3,speedlimit
2026-09-10T10:49+02:00,A4,R,59.72,2,lane_closed
2026-09-10T10:49+02:00,A4,R,55.08,3,speedlimit
2026-09-10T10:49+02:00,A16,R,32.76,3,speedlimit
2026-09-10T10:49+02:00,A13,L,13.7,4,lane_closed
2026-09-10T10:49+02:00,A15,L,63.56,2,speedlimit
2026-09-10T10:49+02:00,A13,L,14.2,4,lane_closed
2026-09-10T10:49+02:00,A16,R,24.39,1,speedlimit
2026-09-10T10:49+02:00,A4,h,46.4,1,speedlimit
2026-09-10T10:49+02:00,A16,R,31.74,2,speedlimit
2026-09-10T10:49+02:00,A20,t,29.6,1,speedlimit
2026-09-10T10:49+02:00,A16,R,33.43,1,speedlimit
2026-09-10T10:49+02:00,A15,L,65.685,4,speedlimit
2026-09-10T10:49+02:00,A20,R,29.8,4,speedlimit
2026-09-10T10:49+02:00,A16,R,34.068,1,speedlimit
2026-09-10T10:49+02:00,A13,R,18.7,2,speedlimit
2026-09-10T10:49+02:00,A16,m,33.43,2,speedlimit
2026-09-10T10:49+02:00,A16,m,33.848,2,speedlimit
2026-09-10T10:49+02:00,A20,R,27.488,1,speedlimit
2026-09-10T10:49+02:00,A4,R,55.08,2,speedlimit
2026-09-10T10:49+02:00,A15,R,62.454,1,lane_closed
2026-09-10T10:49+02:00,A15,L,40.22,1,speedlimit
2026-09-10T10:49+02:00,A16,m,33.43,1,speedlimit
2026-09-10T10:49+02:00,A20,R,29.5,2,speedlimit
2026-09-10T10:49+02:00,A20,L,27.2,2,speedlimit
2026-09-10T10:49+02:00,A16,R,32.518,1,speedlimit
2026-09-10T10:49+02:00,A13,R,18.963,1,speedlimit
2026-09-10T10:49+02:00,A13,L,17.1,1,speedlimit
2026-09-10T10:49+02:00,A15,R,61.63,3,speedlimit
2026-09-10T10:49+02:00,A20,L,31.88,3,speedlimit
2026-09-10T10:49+02:00,A16,R,66.81,1,speedlimit
2026-09-10T10:49+02:00,A16,R,24.39,2,speedlimit
2026-09-10T10:49+02:00,A13,L,17.1,4,speedlimit
2026-09-10T10:49+02:00,A13,R,16.655,2,speedlimit
2026-09-10T10:49+02:00,A13,L,15.55,5,lane_closed
2026-09-10T10:49+02:00,A15,x,56.6,2,speedlimit
2026-09-10T10:49+02:00,A20,L,32.8,3,speedlimit
2026-09-10T10:49+02:00,A15,R,61.63,6,speedlimit
2026-09-10T10:49+02:00,A20,R,30.196,1,speedlimit
2026-09-10T10:49+02:00,A20,L,29.826,4,speedlimit
2026-09-10T10:49+02:00,A16,R,32.933,4,speedlimit
2026-09-10T10:49+02:00,A16,L,46.43,2,speedlimit
2026-09-10T10:49+02:00,A16,R,66.81,2,speedlimit
2026-09-10T10:49+02:00,A20,s,29.6,1,speedlimit
2026-09-10T10:49+02:00,A20,L,28.57,2,speedlimit
2026-09-10T10:49+02:00,A20,R,30.6,2,speedlimit
2026-09-10T10:49+02:00,A15,L,65.25,3,speedlimit
2026-09-10T10:49+02:00,A13,L,17.1,2,speedlimit
2026-09-10T10:49+02:00,A15,R,57.31,5,lane_closed
2026-09-10T10:49+02:00,A20,L,28.57,3,speedlimit
2026-09-10T10:49+02:00,A15,L,64.67,3,speedlimit
2026-09-10T10:49+02:00,A20,R,26.4,4,speedlimit
2026-09-10T10:49+02:00,A20,R,30.196,2,speedlimit
2026-09-10T10:49+02:00,A13,R,17.8,3,speedlimit
2026-09-10T10:49+02:00,A16,R,32.22,1,speedlimit
2026-09-10T10:49+02:00,A15,n,95.855,2,speedlimit
2026-09-10T11:50+02:00,A15,n,58.0,1,lane_closed
2026-09-10T11:50+02:00,A29,L,101.1,2,speedlimit
2026-09-10T11:50+02:00,A15,R,62.752,1,lane_closed
2026-09-10T11:50+02:00,A29,R,16.275,1,speedlimit
2026-09-10T11:50+02:00,A13,L,16.7,1,speedlimit
2026-09-10T11:50+02:00,A4,R,54.927,3,speedlimit
2026-09-10T11:50+02:00,A16,R,25.2,3,speedlimit
2026-09-10T11:50+02:00,A15,R,63.052,3,speedlimit
2026-09-10T11:50+02:00,A16,R,33.848,1,speedlimit
2026-09-10T11:50+02:00,A29,L,100.8,1,speedlimit
2026-09-10T11:50+02:00,A20,L,30.196,2,speedlimit
2026-09-10T11:50+02:00,A15,R,72.96,1,speedlimit
2026-09-10T11:50+02:00,A16,R,32.22,3,speedlimit
2026-09-10T11:50+02:00,A16,L,41.96,3,speedlimit
2026-09-10T11:50+02:00,A13,R,16.655,1,speedlimit
2026-09-10T11:50+02:00,A16,R,66.52,2,speedlimit
2026-09-10T11:50+02:00,A13,R,17.1,2,speedlimit
2026-09-10T11:50+02:00,A15,R,61.63,4,speedlimit
2026-09-10T11:50+02:00,A16,L,39.875,3,speedlimit
2026-09-10T11:50+02:00,A29,R,15.18,4,speedlimit
2026-09-10T11:50+02:00,A16,L,36.355,2,speedlimit
2026-09-10T11:50+02:00,A15,R,62.752,2,lane_closed
2026-09-10T11:50+02:00,A15,L,43.46,2,speedlimit
2026-09-10T11:50+02:00,A4,R,54.487,2,speedlimit
2026-09-10T11:50+02:00,A13,R,18.5,1,speedlimit
2026-09-10T11:50+02:00,A29,u,10.13,1,speedlimit
2026-09-10T11:50+02:00,A20,L,29.5,2,speedlimit
2026-09-10T11:50+02:00,A15,R,63.052,2,lane_closed
2026-09-10T11:50+02:00,A29,u,9.49,1,lane_closed_ahead
2026-09-10T11:50+02:00,A13,R,18.5,4,speedlimit
2026-09-10T11:50+02:00,A16,L,35.76,2,speedlimit
2026-09-10T11:50+02:00,A13,R,18.2,3,speedlimit
2026-09-10T11:50+02:00,A20,R,28.1,1,speedlimit
2026-09-10T11:50+02:00,A20,R,30.196,3,speedlimit
2026-09-10T11:50+02:00,A15,e,64.5,1,lane_closed
2026-09-10T11:50+02:00,A16,L,38.22,2,speedlimit
2026-09-10T11:50+02:00,A4,R,59.72,1,speedlimit
2026-09-10T11:50+02:00,A15,n,95.855,3,speedlimit
2026-09-10T11:50+02:00,A13,R,17.8,2,speedlimit
2026-09-10T11:50+02:00,A4,R,53.944,2,speedlimit
2026-09-10T11:50+02:00,A4,R,56.518,2,speedlimit
2026-09-10T11:50+02:00,A20,s,29.6,2,speedlimit
2026-09-10T11:50+02:00,A15,L,65.25,2,speedlimit
2026-09-10T11:50+02:00,A15,L,65.685,3,speedlimit
2026-09-10T11:50+02:00,A16,R,33.135,4,speedlimit
2026-09-10T11:50+02:00,A15,R,71.99,2,speedlimit
2026-09-10T11:50+02:00,A16,R,25.2,1,speedlimit
2026-09-10T11:50+02:00,A20,R,26.93,4,speedlimit
2026-09-10T11:50+02:00,A20,R,28.57,3,speedlimit
2026-09-10T11:50+02:00,A16,L,36.355,3,speedlimit
2026-09-10T11:50+02:00,A16,R,25.66,1,speedlimit
2026-09-10T11:50+02:00,A16,L,43.69,1,speedlimit
2026-09-10T11:50+02:00,A16,R,31.74,5,speedlimit
2026-09-10T11:50+02:00,A13,L,18.8,2,speedlimit
2026-09-10T11:50+02:00,A15,R,62.454,3,speedlimit
2026-09-10T11:50+02:00,A4,R,54.927,2,speedlimit
2026-09-10T11:50+02:00,A20,R,27.235,1,speedlimit
2026-09-10T11:50+02:00,A20,L,28.41,2,speedlimit
2026-09-10T11:50+02:00,A15,n,58.5,1,lane_closed
2026-09-10T11:50+02:00,A15,L,57.78,1,speedlimit
2026-09-10T11:50+02:00,A20,R,27.79,2,speedlimit
2026-09-10T11:50+02:00,A13,R,18.5,3,speedlimit
2026-09-10T11:50+02:00,A20,R,28.57,4,speedlimit
2026-09-10T11:50+02:00,A20,R,31.26,4,speedlimit
2026-09-10T11:50+02:00,A20,L,29.826,2,speedlimit
2026-09-10T11:50+02:00,A20,L,28.57,1,speedlimit
2026-09-10T11:50+02:00,A15,R,72.54,2,speedlimit
2026-09-10T11:50+02:00,A4,R,58.82,1,speedlimit
2026-09-10T11:50+02:00,A16,R,32.22,5,speedlimit
2026-09-10T11:50+02:00,A16,L,38.22,1,speedlimit
2026-09-10T11:50+02:00,A16,R,33.958,1,speedlimit
2026-09-10T11:50+02:00,A20,R,29.5,4,speedlimit
2026-09-10T11:50+02:00,A15,n,58.9,1,speedlimit
2026-09-10T11:50+02:00,A16,R,24.71,3,speedlimit
2026-09-10T11:50+02:00,A16,R,32.76,5,speedlimit
2026-09-10T11:50+02:00,A16,R,33.43,2,speedlimit
2026-09-10T11:50+02:00,A16,R,31.74,4,speedlimit
2026-09-10T11:50+02:00,A20,R,28.1,2,speedlimit
2026-09-10T11:50+02:00,A20,R,26.64,1,speedlimit
2026-09-10T11:50+02:00,A15,L,64.2,2,speedlimit
2026-09-10T11:50+02:00,A15,R,72.54,3,speedlimit
2026-09-10T11:50+02:00,A20,L,32.8,2,speedlimit
2026-09-10T11:50+02:00,A15,L,65.25,4,speedlimit
2026-09-10T11:50+02:00,A13,L,17.1,3,speedlimit
2026-09-10T11:50+02:00,A16,L,39.25,3,speedlimit
2026-09-10T11:50+02:00,A15,R,62.454,2,lane_closed_ahead
2026-09-10T11:50+02:00,A29,R,99.38,2,speedlimit
2026-09-10T11:50+02:00,A16,R,33.135,2,speedlimit
2026-09-10T11:50+02:00,A16,L,35.76,1,speedlimit
2026-09-10T11:50+02:00,A15,L,43.46,4,speedlimit
2026-09-10T11:50+02:00,A16,R,66.81,3,speedlimit
2026-09-10T11:50+02:00,A20,L,27.488,1,speedlimit
2026-09-10T11:50+02:00,A20,L,27.2,1,speedlimit
2026-09-10T11:50+02:00,A29,L,100.8,2,speedlimit
2026-09-10T11:50+02:00,A4,h,46.06,2,speedlimit
2026-09-10T11:50+02:00,A20,L,27.8,2,speedlimit
2026-09-10T11:50+02:00,A13,L,18.2,3,speedlimit
2026-09-10T11:50+02:00,A16,R,32.933,1,speedlimit
2026-09-10T11:50+02:00,A16,R,32.518,4,speedlimit
2026-09-10T11:50+02:00,A20,L,31.88,1,speedlimit
2026-09-10T11:50+02:00,A13,L,16.7,2,speedlimit
2026-09-10T11:50+02:00,A16,R,33.958,2,speedlimit
2026-09-10T11:50+02:00,A15,R,72.54,1,speedlimit
2026-09-10T11:50+02:00,A20,L,30.9,2,speedlimit
2026-09-10T11:50+02:00,A29,R,99.1,2,speedlimit
2026-09-10T11:50+02:00,A16,L,43.145,1,speedlimit
2026-09-10T11:50+02:00,A20,L,28.085,1,speedlimit
2026-09-10T11:50+02:00,A15,n,58.5,3,speedlimit
2026-09-10T11:50+02:00,A4,R,55.935,1,speedlimit
2026-09-10T11:50+02:00,A16,R,32.76,4,speedlimit
2026-09-10T11:50+02:00,A16,R,33.609,2,speedlimit
2026-09-10T11:50+02:00,A16,R,32.22,2,speedlimit
2026-09-10T11:50+02:00,A29,R,98.33,2,speedlimit
2026-09-10T11:50+02:00,A4,R,54.487,3,speedlimit
2026-09-10T11:50+02:00,A20,R,30.6,1,speedlimit
2026-09-10T11:50+02:00,A13,R,17.1,3,speedlimit
2026-09-10T11:50+02:00,A15,R,62.752,4,speedlimit
2026-09-10T11:50+02:00,A16,L,38.73,1,speedlimit
2026-09-10T11:50+02:00,A29,R,97.985,1,speedlimit
2026-09-10T11:50+02:00,A20,R,26.93,3,speedlimit
2026-09-10T11:50+02:00,A15,R,62.062,2,speedlimit
2026-09-10T11:50+02:00,A20,L,31.4,1,speedlimit
2026-09-10T11:50+02:00,A4,R,57.05,1,speedlimit
2026-09-10T11:50+02:00,A16,L,36.07,2,speedlimit
2026-09-10T11:50+02:00,A20,L,31.1,2,speedlimit
2026-09-10T11:50+02:00,A15,e,63.942,1,lane_closed
2026-09-10T11:50+02:00,A16,R,33.778,1,speedlimit
2026-09-10T11:50+02:00,A13,g,18.7,2,speedlimit
2026-09-10T11:50+02:00,A15,L,65.685,2,speedlimit
2026-09-10T11:50+02:00,A20,L,31.4,2,speedlimit
2026-09-10T11:50+02:00,A15,R,61.63,1,speedlimit
2026-09-10T11:50+02:00,A4,R,56.518,1,speedlimit
2026-09-10T11:50+02:00,A29,R,99.1,1,lane_closed
2026-09-10T11:50+02:00,A29,u,9.49,2,speedlimit
2026-09-10T11:50+02:00,A16,R,34.068,2,speedlimit
2026-09-10T11:50+02:00,A4,R,54.927,1,speedlimit
2026-09-10T11:50+02:00,A13,L,15.9,3,lane_closed
2026-09-10T11:50+02:00,A29,R,98.69,1,lane_closed
2026-09-10T11:50+02:00,A16,R,24.71,2,speedlimit
2026-09-10T11:50+02:00,A13,R,16.2,1,speedlimit
2026-09-10T11:50+02:00,A13,R,18.5,2,speedlimit
2026-09-10T11:50+02:00,A16,L,36.07,1,speedlimit
2026-09-10T11:50+02:00,A20,L,30.196,1,speedlimit
2026-09-10T11:50+02:00,A16,R,33.778,2,speedlimit
2026-09-10T11:50+02:00,A16,R,24.71,5,speedlimit
2026-09-10T11:50+02:00,A29,R,15.18,2,speedlimit
2026-09-10T11:50+02:00,A20,R,27.79,1,speedlimit
2026-09-10T11:50+02:00,A15,L,57.78,3,speedlimit
2026-09-10T11:50+02:00,A20,L,29.826,1,speedlimit
2026-09-10T11:50+02:00,A15,R,62.752,3,speedlimit
2026-09-10T11:50+02:00,A16,R,66.52,1,speedlimit
2026-09-10T11:50+02:00,A4,R,55.08,1,speedlimit
2026-09-10T11:50+02:00,A20,R,28.41,2,speedlimit
2026-09-10T11:50+02:00,A15,R,62.062,1,lane_closed_ahead
2026-09-10T11:50+02:00,A29,R,15.47,4,speedlimit
2026-09-10T11:50+02:00,A20,R,29.1,1,speedlimit
2026-09-10T11:50+02:00,A16,m,33.778,2,speedlimit
2026-09-10T11:50+02:00,A13,R,17.8,1,speedlimit
2026-09-10T11:50+02:00,A20,R,28.41,1,speedlimit
2026-09-10T11:50+02:00,A15,R,72.96,2,speedlimit
2026-09-10T11:50+02:00,A20,R,31.9,2,speedlimit
2026-09-10T11:50+02:00,A15,R,61.63,5,speedlimit
2026-09-10T11:50+02:00,A20,L,31.1,3,speedlimit
2026-09-10T11:50+02:00,A16,L,41.96,1,speedlimit
2026-09-10T11:50+02:00,A15,R,62.454,5,speedlimit
2026-09-10T11:50+02:00,A29,R,15.47,2,speedlimit
2026-09-10T11:50+02:00,A20,R,27.488,2,speedlimit
2026-09-10T11:50+02:00,A4,R,53.944,1,speedlimit
2026-09-10T11:50+02:00,A20,t,28.895,1,speedlimit
2026-09-10T11:50+02:00,A16,L,37.6,3,speedlimit
2026-09-10T11:50+02:00,A20,L,32.8,1,speedlimit
2026-09-10T11:50+02:00,A16,L,43.69,3,speedlimit
2026-09-10T11:50+02:00,A20,R,28.8,2,speedlimit
2026-09-10T11:50+02:00,A20,L,31.1,1,speedlimit
2026-09-10T11:50+02:00,A13,L,16.19,3,lane_closed
2026-09-10T11:50+02:00,A13,L,15.035,5,lane_closed
2026-09-10T11:50+02:00,A16,R,32.76,2,speedlimit
2026-09-10T11:50+02:00,A16,R,32.518,3,speedlimit
2026-09-10T11:50+02:00,A29,R,15.47,1,speedlimit
2026-09-10T11:50+02:00,A20,L,27.8,1,speedlimit
2026-09-10T11:50+02:00,A16,L,39.875,1,speedlimit
2026-09-10T11:50+02:00,A16,R,32.933,2,speedlimit
2026-09-10T11:50+02:00,A15,L,57.3,1,speedlimit
2026-09-10T11:50+02:00,A16,L,39.25,1,speedlimit
2026-09-10T11:50+02:00,A4,R,54.487,1,speedlimit
2026-09-10T11:50+02:00,A20,R,29.1,2,speedlimit
2026-09-10T11:50+02:00,A13,g,18.7,1,speedlimit
2026-09-10T11:50+02:00,A20,R,28.57,2,speedlimit
2026-09-10T11:50+02:00,A29,R,15.18,3,speedlimit
2026-09-10T11:50+02:00,A20,R,26.64,2,speedlimit
2026-09-10T11:50+02:00,A15,L,64.2,3,speedlimit
2026-09-10T11:50+02:00,A20,L,29.1,1,speedlimit
2026-09-10T11:50+02:00,A16,L,39.875,2,speedlimit
2026-09-10T11:50+02:00,A16,L,37.6,2,speedlimit
2026-09-10T11:50+02:00,A13,L,18.2,1,speedlimit
2026-09-10T11:50+02:00,A15,e,63.451,1,lane_closed
2026-09-10T11:50+02:00,A15,L,64.67,2,speedlimit
2026-09-10T11:50+02:00,A13,L,12.7,4,lane_closed
2026-09-10T11:50+02:00,A20,L,31.88,2,speedlimit
2026-09-10T11:50+02:00,A29,R,99.38,1,lane_closed
2026-09-10T11:50+02:00,A15,R,62.454,4,speedlimit
2026-09-10T11:50+02:00,A16,R,32.933,3,speedlimit
2026-09-10T11:50+02:00,A20,L,28.085,2,speedlimit
2026-09-10T11:50+02:00,A16,m,33.609,2,speedlimit
2026-09-10T11:50+02:00,A15,L,43.46,3,speedlimit
2026-09-10T11:50+02:00,A29,L,100.5,2,speedlimit
2026-09-10T11:50+02:00,A15,R,62.062,3,speedlimit
2026-09-10T11:50+02:00,A15,R,72.96,3,speedlimit
2026-09-10T11:50+02:00,A20,R,30.6,3,speedlimit
2026-09-10T11:50+02:00,A4,R,55.08,4,speedlimit
2026-09-10T11:50+02:00,A15,R,62.062,4,speedlimit
2026-09-10T11:50+02:00,A16,R,66.52,4,speedlimit
2026-09-10T11:50+02:00,A4,R,57.975,2,lane_closed
2026-09-10T11:50+02:00,A20,R,29.8,2,speedlimit
2026-09-10T11:50+02:00,A16,L,42.61,3,speedlimit
2026-09-10T11:50+02:00,A15,L,64.2,1,lane_closed
2026-09-10T11:50+02:00,A20,R,27.235,2,speedlimit
2026-09-10T11:50+02:00,A13,R,18.2,1,speedlimit
2026-09-10T11:50+02:00,A16,m,33.848,1,speedlimit
2026-09-10T11:50+02:00,A16,R,25.66,2,speedlimit
2026-09-10T11:50+02:00,A16,R,66.52,3,speedlimit
2026-09-10T11:50+02:00,A15,L,65.25,1,lane_closed_ahead
2026-09-10T11:50+02:00,A16,L,36.99,1,speedlimit
2026-09-10T11:50+02:00,A15,e,95.55,1,speedlimit
2026-09-10T11:50+02:00,A13,e,19.1,1,speedlimit
2026-09-10T11:50+02:00,A16,R,66.81,4,speedlimit
2026-09-10T11:50+02:00,A16,L,42.61,1,speedlimit
2026-09-10T11:50+02:00,A13,L,17.8,3,speedlimit
2026-09-10T11:50+02:00,A16,R,31.74,1,speedlimit
2026-09-10T11:50+02:00,A29,R,99.905,2,speedlimit
2026-09-10T11:50+02:00,A20,R,31.26,1,speedlimit
2026-09-10T11:50+02:00,A29,R,15.855,1,speedlimit
2026-09-10T11:50+02:00,A20,L,29.826,3,speedlimit
2026-09-10T11:50+02:00,A16,L,35.76,3,speedlimit
2026-09-10T11:50+02:00,A4,h,45.58,3,lane_closed
2026-09-10T11:50+02:00,A15,e,64.5,2,lane_closed
2026-09-10T11:50+02:00,A20,L,29.5,1,speedlimit
2026-09-10T11:50+02:00,A20,R,28.8,3,speedlimit
2026-09-10T11:50+02:00,A20,R,29.5,1,speedlimit
2026-09-10T11:50+02:00,A16,m,33.609,1,speedlimit
2026-09-10T11:50+02:00,A15,R,63.052,1,lane_closed
2026-09-10T11:50+02:00,A4,R,57.975,1,speedlimit
2026-09-10T11:50+02:00,A15,L,57.3,4,lane_closed
2026-09-10T11:50+02:00,A16,R,33.135,3,speedlimit
2026-09-10T11:50+02:00,A16,m,34.068,2,speedlimit
2026-09-10T11:50+02:00,A4,R,58.82,2,lane_closed
2026-09-10T11:50+02:00,A13,L,11.25,4,lane_closed
2026-09-10T11:50+02:00,A20,L,30.9,1,speedlimit
2026-09-10T11:50+02:00,A16,R,24.71,1,speedlimit
2026-09-10T11:50+02:00,A16,L,38.73,2,speedlimit
2026-09-10T11:50+02:00,A16,R,32.518,2,speedlimit
2026-09-10T11:50+02:00,A13,R,18.2,4,speedlimit
2026-09-10T11:50+02:00,A29,R,99.905,1,speedlimit
2026-09-10T11:50+02:00,A16,R,32.22,4,speedlimit
2026-09-10T11:50+02:00,A13,L,10.3,1,speedlimit
2026-09-10T11:50+02:00,A16,L,36.07,3,speedlimit
2026-09-10T11:50+02:00,A16,R,33.609,1,speedlimit
2026-09-10T11:50+02:00,A13,R,18.7,1,speedlimit
2026-09-10T11:50+02:00,A15,L,64.67,5,speedlimit
2026-09-10T11:50+02:00,A15,n,95.855,1,speedlimit
2026-09-10T11:50+02:00,A20,c,27.488,1,speedlimit
2026-09-10T11:50+02:00,A20,R,31.9,3,speedlimit
2026-09-10T11:50+02:00,A13,R,16.655,3,speedlimit
2026-09-10T11:50+02:00,A15,e,63.451,2,lane_closed
2026-09-10T11:50+02:00,A20,L,29.1,2,speedlimit
2026-09-10T11:50+02:00,A16,R,32.76,1,speedlimit
2026-09-10T11:50+02:00,A15,L,63.56,1,lane_closed
2026-09-10T11:50+02:00,A20,R,29.8,3,speedlimit
2026-09-10T11:50+02:00,A13,L,18.2,2,speedlimit
2026-09-10T11:50+02:00,A20,R,26.4,3,speedlimit
2026-09-10T11:50+02:00,A29,L,100.5,1,speedlimit
2026-09-10T11:50+02:00,A16,L,43.145,3,speedlimit
2026-09-10T11:50+02:00,A16,R,25.66,3,speedlimit
2026-09-10T11:50+02:00,A16,m,33.958,1,speedlimit
2026-09-10T11:50+02:00,A29,R,98.69,2,speedlimit
2026-09-10T11:50+02:00,A15,R,71.99,1,speedlimit
2026-09-10T11:50+02:00,A20,R,26.93,1,speedlimit
2026-09-10T11:50+02:00,A15,R,63.052,4,speedlimit
2026-09-10T11:50+02:00,A15,R,61.63,2,speedlimit
2026-09-10T11:50+02:00,A20,R,26.4,2,speedlimit
2026-09-10T11:50+02:00,A15,L,63.56,3,speedlimit
2026-09-10T11:50+02:00,A20,L,27.488,2,speedlimit
2026-09-10T11:50+02:00,A20,L,30.196,3,speedlimit
2026-09-10T11:50+02:00,A4,h,46.06,1,speedlimit
2026-09-10T11:50+02:00,A20,L,28.41,1,speedlimit
2026-09-10T11:50+02:00,A16,L,37.6,1,speedlimit
2026-09-10T11:50+02:00,A13,L,13.18,4,lane_closed
2026-09-10T11:50+02:00,A13,L,17.8,2,speedlimit
2026-09-10T11:50+02:00,A16,m,33.778,1,speedlimit
2026-09-10T11:50+02:00,A15,e,63.942,2,lane_closed
2026-09-10T11:50+02:00,A4,R,57.05,2,lane_closed_ahead
2026-09-10T11:50+02:00,A20,R,28.57,1,speedlimit
2026-09-10T11:50+02:00,A29,u,10.13,2,speedlimit
2026-09-10T11:50+02:00,A20,R,30.196,4,speedlimit
2026-09-10T11:50+02:00,A16,R,24.39,3,speedlimit
2026-09-10T11:50+02:00,A16,m,34.178,2,speedlimit
2026-09-10T11:50+02:00,A20,t,29.6,2,speedlimit
2026-09-10T11:50+02:00,A16,R,24.71,4,speedlimit
2026-09-10T11:50+02:00,A16,m,33.958,2,speedlimit
2026-09-10T11:50+02:00,A15,L,57.3,2,speedlimit
2026-09-10T11:50+02:00,A15,L,64.67,4,speedlimit
2026-09-10T11:50+02:00,A16,L,36.99,2,speedlimit
2026-09-10T11:50+02:00,A15,L,65.685,1,speedlimit
2026-09-10T11:50+02:00,A16,m,34.068,1,speedlimit
2026-09-10T11:50+02:00,A15,L,64.67,1,lane_closed
2026-09-10T11:50+02:00,A29,R,98.33,1,lane_closed_ahead
2026-09-10T11:50+02:00,A13,L,10.3,2,speedlimit
2026-09-10T11:50+02:00,A16,R,31.74,3,speedlimit
2026-09-10T11:50+02:00,A20,R,26.93,2,speedlimit
2026-09-10T11:50+02:00,A20,L,30.9,3,speedlimit
2026-09-10T11:50+02:00,A13,L,18.8,3,speedlimit
2026-09-10T11:50+02:00,A13,L,10.3,4,speedlimit
2026-09-10T11:50+02:00,A20,R,28.8,1,speedlimit
2026-09-10T11:50+02:00,A16,b,32.5,1,speedlimit
2026-09-10T11:50+02:00,A16,R,25.2,2,speedlimit
2026-09-10T11:50+02:00,A13,L,18.8,1,speedlimit
2026-09-10T11:50+02:00,A4,h,46.4,2,speedlimit
2026-09-10T11:50+02:00,A13,R,16.2,2,speedlimit
2026-09-10T11:50+02:00,A16,R,33.848,2,speedlimit
2026-09-10T11:50+02:00,A16,m,34.178,1,speedlimit
2026-09-10T11:50+02:00,A20,L,31.4,3,speedlimit
2026-09-10T11:50+02:00,A15,L,57.3,3,speedlimit
2026-09-10T11:50+02:00,A20,L,30.196,4,speedlimit
2026-09-10T11:50+02:00,A13,R,18.2,2,speedlimit
2026-09-10T11:50+02:00,A13,L,10.3,3,speedlimit
2026-09-10T11:50+02:00,A13,L,17.8,1,speedlimit
2026-09-10T11:50+02:00,A16,L,38.73,3,speedlimit
2026-09-10T11:50+02:00,A20,R,29.8,1,speedlimit
2026-09-10T11:50+02:00,A16,R,33.135,1,speedlimit
2026-09-10T11:50+02:00,A20,R,31.26,2,speedlimit
2026-09-10T11:50+02:00,A29,R,15.855,2,speedlimit
2026-09-10T11:50+02:00,A4,R,55.935,2,speedlimit
2026-09-10T11:50+02:00,A29,R,15.18,1,speedlimit
2026-09-10T11:50+02:00,A16,L,39.25,2,speedlimit
2026-09-10T11:50+02:00,A15,L,43.46,1,speedlimit
2026-09-10T11:50+02:00,A20,R,31.26,3,speedlimit
2026-09-10T11:50+02:00,A20,R,26.64,3,speedlimit
2026-09-10T11:50+02:00,A20,R,26.64,4,speedlimit
2026-09-10T11:50+02:00,A16,L,43.69,2,speedlimit
2026-09-10T11:50+02:00,A16,L,41.96,2,speedlimit
2026-09-10T11:50+02:00,A15,n,58.5,2,speedlimit
2026-09-10T11:50+02:00,A20,R,26.4,1,speedlimit
2026-09-10T11:50+02:00,A13,R,17.1,1,speedlimit
2026-09-10T11:50+02:00,A29,L,101.1,3,speedlimit
2026-09-10T11:50+02:00,A20,R,29.5,3,speedlimit
2026-09-10T11:50+02:00,A4,R,59.72,2,lane_closed
2026-09-10T11:50+02:00,A4,R,55.08,3,speedlimit
2026-09-10T11:50+02:00,A16,R,32.76,3,speedlimit
2026-09-10T11:50+02:00,A13,L,13.7,4,lane_closed
2026-09-10T11:50+02:00,A15,L,63.56,2,speedlimit
2026-09-10T11:50+02:00,A13,L,14.2,4,lane_closed
2026-09-10T11:50+02:00,A16,R,24.39,1,speedlimit
2026-09-10T11:50+02:00,A4,h,46.4,1,speedlimit
2026-09-10T11:50+02:00,A16,R,31.74,2,speedlimit
2026-09-10T11:50+02:00,A16,L,42.61,2,speedlimit
2026-09-10T11:50+02:00,A20,t,29.6,1,speedlimit
2026-09-10T11:50+02:00,A16,R,33.43,1,speedlimit
2026-09-10T11:50+02:00,A16,L,36.99,3,speedlimit
2026-09-10T11:50+02:00,A15,L,65.685,4,speedlimit
2026-09-10T11:50+02:00,A20,R,29.8,4,speedlimit
2026-09-10T11:50+02:00,A16,R,34.068,1,speedlimit
2026-09-10T11:50+02:00,A13,R,18.7,2,speedlimit
2026-09-10T11:50+02:00,A16,m,33.43,2,speedlimit
2026-09-10T11:50+02:00,A16,m,33.848,2,speedlimit
2026-09-10T11:50+02:00,A20,R,27.488,1,speedlimit
2026-09-10T11:50+02:00,A4,R,55.08,2,speedlimit
2026-09-10T11:50+02:00,A29,R,97.985,2,speedlimit
2026-09-10T11:50+02:00,A15,R,62.454,1,lane_closed
2026-09-10T11:50+02:00,A16,m,33.43,1,speedlimit
2026-09-10T11:50+02:00,A20,R,29.5,2,speedlimit
2026-09-10T11:50+02:00,A20,L,27.2,2,speedlimit
2026-09-10T11:50+02:00,A16,R,32.518,1,speedlimit
2026-09-10T11:50+02:00,A13,R,18.963,1,speedlimit
2026-09-10T11:50+02:00,A15,R,71.99,3,speedlimit
2026-09-10T11:50+02:00,A13,L,17.1,1,speedlimit
2026-09-10T11:50+02:00,A15,R,61.63,3,speedlimit
2026-09-10T11:50+02:00,A20,L,31.88,3,speedlimit
2026-09-10T11:50+02:00,A16,R,66.81,1,speedlimit
2026-09-10T11:50+02:00,A16,R,24.39,2,speedlimit
2026-09-10T11:50+02:00,A13,L,17.1,4,speedlimit
2026-09-10T11:50+02:00,A29,R,16.275,2,speedlimit
2026-09-10T11:50+02:00,A13,R,16.655,2,speedlimit
2026-09-10T11:50+02:00,A13,L,15.55,5,lane_closed
2026-09-10T11:50+02:00,A15,n,58.0,2,speedlimit
2026-09-10T11:50+02:00,A20,L,32.8,3,speedlimit
2026-09-10T11:50+02:00,A29,L,101.1,1,speedlimit
2026-09-10T11:50+02:00,A15,R,61.63,6,speedlimit
2026-09-10T11:50+02:00,A15,n,58.0,3,speedlimit
2026-09-10T11:50+02:00,A20,R,30.196,1,speedlimit
2026-09-10T11:50+02:00,A20,L,29.826,4,speedlimit
2026-09-10T11:50+02:00,A16,R,32.933,4,speedlimit
2026-09-10T11:50+02:00,A16,L,36.355,1,speedlimit
2026-09-10T11:50+02:00,A16,R,66.81,2,speedlimit
2026-09-10T11:50+02:00,A20,s,29.6,1,speedlimit
2026-09-10T11:50+02:00,A20,L,28.57,2,speedlimit
2026-09-10T11:50+02:00,A20,R,30.6,2,speedlimit
2026-09-10T11:50+02:00,A15,L,65.25,3,speedlimit
2026-09-10T11:50+02:00,A13,L,17.1,2,speedlimit
2026-09-10T11:50+02:00,A16,L,38.22,3,speedlimit
2026-09-10T11:50+02:00,A16,L,43.145,2,speedlimit
2026-09-10T11:50+02:00,A20,L,28.57,3,speedlimit
2026-09-10T11:50+02:00,A15,L,64.67,3,speedlimit
2026-09-10T11:50+02:00,A20,R,26.4,4,speedlimit
2026-09-10T11:50+02:00,A20,R,30.196,2,speedlimit
2026-09-10T11:50+02:00,A29,R,15.47,3,speedlimit
2026-09-10T11:50+02:00,A13,R,17.8,3,speedlimit
2026-09-10T11:50+02:00,A15,L,57.78,2,speedlimit
2026-09-10T11:50+02:00,A16,R,32.22,1,speedlimit
2026-09-10T11:50+02:00,A15,n,95.855,2,speedlimit
2026-09-10T12:49+02:00,A15,R,62.752,1,lane_closed
2026-09-10T12:49+02:00,A13,L,16.7,1,speedlimit
2026-09-10T12:49+02:00,A16,R,25.2,3,speedlimit
2026-09-10T12:49+02:00,A15,R,63.052,3,speedlimit
2026-09-10T12:49+02:00,A16,L,40.4,2,speedlimit
2026-09-10T12:49+02:00,A20,L,30.196,2,speedlimit
2026-09-10T12:49+02:00,A13,R,16.655,1,speedlimit
2026-09-10T12:49+02:00,A16,R,66.52,2,speedlimit
2026-09-10T12:49+02:00,A13,R,17.1,2,speedlimit
2026-09-10T12:49+02:00,A15,R,61.63,4,speedlimit
2026-09-10T12:49+02:00,A16,L,39.875,3,speedlimit
2026-09-10T12:49+02:00,A16,L,36.355,2,speedlimit
2026-09-10T12:49+02:00,A15,k,70.5,2,speedlimit
2026-09-10T12:49+02:00,A15,R,62.752,2,lane_closed
2026-09-10T12:49+02:00,A15,L,43.46,2,speedlimit
2026-09-10T12:49+02:00,A13,R,18.5,1,speedlimit
2026-09-10T12:49+02:00,A20,L,29.5,2,speedlimit
2026-09-10T12:49+02:00,A15,R,63.052,2,lane_closed
2026-09-10T12:49+02:00,A13,R,18.5,4,speedlimit
2026-09-10T12:49+02:00,A13,R,18.2,3,speedlimit
2026-09-10T12:49+02:00,A20,R,28.1,1,speedlimit
2026-09-10T12:49+02:00,A20,R,30.196,3,speedlimit
2026-09-10T12:49+02:00,A15,e,64.5,1,lane_closed
2026-09-10T12:49+02:00,A16,L,38.22,2,speedlimit
2026-09-10T12:49+02:00,A4,R,61.155,2,speedlimit
2026-09-10T12:49+02:00,A15,n,95.855,3,speedlimit
2026-09-10T12:49+02:00,A4,R,60.95,1,speedlimit
2026-09-10T12:49+02:00,A13,R,17.8,2,speedlimit
2026-09-10T12:49+02:00,A20,s,29.6,2,speedlimit
2026-09-10T12:49+02:00,A15,L,65.25,2,speedlimit
2026-09-10T12:49+02:00,A15,L,65.685,3,speedlimit
2026-09-10T12:49+02:00,A16,R,25.2,1,speedlimit
2026-09-10T12:49+02:00,A20,R,26.93,4,speedlimit
2026-09-10T12:49+02:00,A20,R,28.57,3,speedlimit
2026-09-10T12:49+02:00,A15,L,70.95,3,speedlimit
2026-09-10T12:49+02:00,A16,L,36.355,3,speedlimit
2026-09-10T12:49+02:00,A16,R,25.66,1,speedlimit
2026-09-10T12:49+02:00,A13,L,18.8,2,speedlimit
2026-09-10T12:49+02:00,A15,R,62.454,3,speedlimit
2026-09-10T12:49+02:00,A20,R,27.235,1,speedlimit
2026-09-10T12:49+02:00,A20,L,28.41,2,speedlimit
2026-09-10T12:49+02:00,A4,R,60.6,2,speedlimit
2026-09-10T12:49+02:00,A20,R,27.79,2,speedlimit
2026-09-10T12:49+02:00,A13,R,18.5,3,speedlimit
2026-09-10T12:49+02:00,A20,R,28.57,4,speedlimit
2026-09-10T12:49+02:00,A20,R,31.26,4,speedlimit
2026-09-10T12:49+02:00,A20,L,29.826,2,speedlimit
2026-09-10T12:49+02:00,A20,L,28.57,1,speedlimit
2026-09-10T12:49+02:00,A16,L,38.22,1,speedlimit
2026-09-10T12:49+02:00,A20,R,29.5,4,speedlimit
2026-09-10T12:49+02:00,A16,R,24.71,3,speedlimit
2026-09-10T12:49+02:00,A15,L,72.58,2,speedlimit
2026-09-10T12:49+02:00,A20,R,28.1,2,speedlimit
2026-09-10T12:49+02:00,A20,R,26.64,1,speedlimit
2026-09-10T12:49+02:00,A15,L,64.2,2,speedlimit
2026-09-10T12:49+02:00,A15,R,99.35,2,speedlimit
2026-09-10T12:49+02:00,A20,L,32.8,2,speedlimit
2026-09-10T12:49+02:00,A15,L,65.25,4,speedlimit
2026-09-10T12:49+02:00,A13,L,17.1,3,speedlimit
2026-09-10T12:49+02:00,A16,L,39.25,3,speedlimit
2026-09-10T12:49+02:00,A15,R,62.454,2,lane_closed_ahead
2026-09-10T12:49+02:00,A15,L,43.46,4,speedlimit
2026-09-10T12:49+02:00,A16,R,66.81,3,speedlimit
2026-09-10T12:49+02:00,A20,L,27.488,1,speedlimit
2026-09-10T12:49+02:00,A20,L,27.2,1,speedlimit
2026-09-10T12:49+02:00,A4,h,46.06,2,speedlimit
2026-09-10T12:49+02:00,A20,L,27.8,2,speedlimit
2026-09-10T12:49+02:00,A15,L,71.42,4,speedlimit
2026-09-10T12:49+02:00,A13,L,18.2,3,speedlimit
2026-09-10T12:49+02:00,A15,R,99.35,1,speedlimit
2026-09-10T12:49+02:00,A20,L,31.88,1,speedlimit
2026-09-10T12:49+02:00,A13,L,16.7,2,speedlimit
2026-09-10T12:49+02:00,A20,L,30.9,2,speedlimit
2026-09-10T12:49+02:00,A20,L,28.085,1,speedlimit
2026-09-10T12:49+02:00,A20,s,35.6,1,speedlimit
2026-09-10T12:49+02:00,A15,L,71.9,2,speedlimit
2026-09-10T12:49+02:00,A20,R,30.6,1,speedlimit
2026-09-10T12:49+02:00,A13,R,17.1,3,speedlimit
2026-09-10T12:49+02:00,A15,R,62.752,4,speedlimit
2026-09-10T12:49+02:00,A16,L,38.73,1,speedlimit
2026-09-10T12:49+02:00,A20,R,26.93,3,speedlimit
2026-09-10T12:49+02:00,A15,R,62.062,2,speedlimit
2026-09-10T12:49+02:00,A20,L,31.4,1,speedlimit
2026-09-10T12:49+02:00,A16,L,36.07,2,speedlimit
2026-09-10T12:49+02:00,A20,L,31.1,2,speedlimit
2026-09-10T12:49+02:00,A15,e,63.942,1,lane_closed
2026-09-10T12:49+02:00,A13,g,18.7,2,speedlimit
2026-09-10T12:49+02:00,A15,L,65.685,2,speedlimit
2026-09-10T12:49+02:00,A20,L,31.4,2,speedlimit
2026-09-10T12:49+02:00,A4,R,60.95,3,speedlimit
2026-09-10T12:49+02:00,A15,R,61.63,1,speedlimit
2026-09-10T12:49+02:00,A16,L,14.32,1,speedlimit
2026-09-10T12:49+02:00,A15,L,71.42,3,speedlimit
2026-09-10T12:49+02:00,A16,L,68.535,2,speedlimit
2026-09-10T12:49+02:00,A13,L,15.9,3,lane_closed
2026-09-10T12:49+02:00,A16,R,24.71,2,speedlimit
2026-09-10T12:49+02:00,A13,R,16.2,1,speedlimit
2026-09-10T12:49+02:00,A4,R,61.36,2,speedlimit
2026-09-10T12:49+02:00,A15,L,71.9,3,speedlimit
2026-09-10T12:49+02:00,A13,R,18.5,2,speedlimit
2026-09-10T12:49+02:00,A16,L,36.07,1,speedlimit
2026-09-10T12:49+02:00,A20,L,30.196,1,speedlimit
2026-09-10T12:49+02:00,A16,R,24.71,5,speedlimit
2026-09-10T12:49+02:00,A20,R,27.79,1,speedlimit
2026-09-10T12:49+02:00,A20,L,29.826,1,speedlimit
2026-09-10T12:49+02:00,A15,R,62.752,3,speedlimit
2026-09-10T12:49+02:00,A16,R,66.52,1,speedlimit
2026-09-10T12:49+02:00,A20,R,28.41,2,speedlimit
2026-09-10T12:49+02:00,A15,R,99.05,1,speedlimit
2026-09-10T12:49+02:00,A15,R,62.062,1,lane_closed_ahead
2026-09-10T12:49+02:00,A20,R,29.1,1,speedlimit
2026-09-10T12:49+02:00,A13,R,17.8,1,speedlimit
2026-09-10T12:49+02:00,A20,R,28.41,1,speedlimit
2026-09-10T12:49+02:00,A20,R,31.9,2,speedlimit
2026-09-10T12:49+02:00,A15,R,98.6,2,speedlimit
2026-09-10T12:49+02:00,A15,R,61.63,5,speedlimit
2026-09-10T12:49+02:00,A20,L,31.1,3,speedlimit
2026-09-10T12:49+02:00,A15,R,62.454,5,speedlimit
2026-09-10T12:49+02:00,A16,L,15.73,2,speedlimit
2026-09-10T12:49+02:00,A20,R,27.488,2,speedlimit
2026-09-10T12:49+02:00,A20,t,28.895,1,speedlimit
2026-09-10T12:49+02:00,A16,L,37.6,3,speedlimit
2026-09-10T12:49+02:00,A20,L,32.8,1,speedlimit
2026-09-10T12:49+02:00,A20,R,28.8,2,speedlimit
2026-09-10T12:49+02:00,A20,L,31.1,1,speedlimit
2026-09-10T12:49+02:00,A13,L,16.19,3,lane_closed
2026-09-10T12:49+02:00,A13,L,15.035,5,lane_closed
2026-09-10T12:49+02:00,A15,R,98.165,2,speedlimit
2026-09-10T12:49+02:00,A20,L,27.8,1,speedlimit
2026-09-10T12:49+02:00,A16,L,39.875,1,speedlimit
2026-09-10T12:49+02:00,A16,L,14.32,2,speedlimit
2026-09-10T12:49+02:00,A16,L,39.25,1,speedlimit
2026-09-10T12:49+02:00,A20,R,29.1,2,speedlimit
2026-09-10T12:49+02:00,A13,g,18.7,1,speedlimit
2026-09-10T12:49+02:00,A15,L,72.58,1,speedlimit
2026-09-10T12:49+02:00,A20,R,28.57,2,speedlimit
2026-09-10T12:49+02:00,A20,R,26.64,2,speedlimit
2026-09-10T12:49+02:00,A15,L,64.2,3,speedlimit
2026-09-10T12:49+02:00,A20,L,29.1,1,speedlimit
2026-09-10T12:49+02:00,A16,L,39.875,2,speedlimit
2026-09-10T12:49+02:00,A16,L,37.6,2,speedlimit
2026-09-10T12:49+02:00,A15,R,99.05,2,speedlimit
2026-09-10T12:49+02:00,A16,L,41.53,2,speedlimit
2026-09-10T12:49+02:00,A13,L,18.2,1,speedlimit
2026-09-10T12:49+02:00,A15,e,63.451,1,lane_closed
2026-09-10T12:49+02:00,A15,L,64.67,2,speedlimit
2026-09-10T12:49+02:00,A13,L,12.7,4,lane_closed
2026-09-10T12:49+02:00,A20,L,31.88,2,speedlimit
2026-09-10T12:49+02:00,A15,R,62.454,4,speedlimit
2026-09-10T12:49+02:00,A20,L,28.085,2,speedlimit
2026-09-10T12:49+02:00,A15,L,43.46,3,speedlimit
2026-09-10T12:49+02:00,A15,R,62.062,3,speedlimit
2026-09-10T12:49+02:00,A16,L,15.16,2,speedlimit
2026-09-10T12:49+02:00,A20,R,30.6,3,speedlimit
2026-09-10T12:49+02:00,A15,R,62.062,4,speedlimit
2026-09-10T12:49+02:00,A16,L,40.4,3,speedlimit
2026-09-10T12:49+02:00,A16,R,66.52,4,speedlimit
2026-09-10T12:49+02:00,A20,R,29.8,2,speedlimit
2026-09-10T12:49+02:00,A4,R,61.36,3,speedlimit
2026-09-10T12:49+02:00,A15,L,64.2,1,lane_closed
2026-09-10T12:49+02:00,A20,R,27.235,2,speedlimit
2026-09-10T12:49+02:00,A13,R,18.2,1,speedlimit
2026-09-10T12:49+02:00,A16,R,25.66,2,speedlimit
2026-09-10T12:49+02:00,A16,R,66.52,3,speedlimit
2026-09-10T12:49+02:00,A15,L,65.25,1,lane_closed_ahead
2026-09-10T12:49+02:00,A16,L,36.99,1,speedlimit
2026-09-10T12:49+02:00,A16,L,40.93,1,speedlimit
2026-09-10T12:49+02:00,A15,e,95.55,1,speedlimit
2026-09-10T12:49+02:00,A13,e,19.1,1,speedlimit
2026-09-10T12:49+02:00,A16,L,14.46,1,speedlimit
2026-09-10T12:49+02:00,A16,L,40.4,1,speedlimit
2026-09-10T12:49+02:00,A16,R,66.81,4,speedlimit
2026-09-10T12:49+02:00,A13,L,17.8,3,speedlimit
2026-09-10T12:49+02:00,A4,R,61.155,1,speedlimit
2026-09-10T12:49+02:00,A20,R,31.26,1,speedlimit
2026-09-10T12:49+02:00,A16,L,41.53,3,speedlimit
2026-09-10T12:49+02:00,A15,L,70.95,1,speedlimit
2026-09-10T12:49+02:00,A20,L,29.826,3,speedlimit
2026-09-10T12:49+02:00,A4,h,45.58,3,lane_closed
2026-09-10T12:49+02:00,A15,e,64.5,2,lane_closed
2026-09-10T12:49+02:00,A20,L,29.5,1,speedlimit
2026-09-10T12:49+02:00,A20,R,28.8,3,speedlimit
2026-09-10T12:49+02:00,A20,R,29.5,1,speedlimit
2026-09-10T12:49+02:00,A15,R,63.052,1,lane_closed
2026-09-10T12:49+02:00,A13,L,11.25,4,lane_closed
2026-09-10T12:49+02:00,A20,L,30.9,1,speedlimit
2026-09-10T12:49+02:00,A16,R,24.71,1,speedlimit
2026-09-10T12:49+02:00,A16,L,38.73,2,speedlimit
2026-09-10T12:49+02:00,A13,R,18.2,4,speedlimit
2026-09-10T12:49+02:00,A13,L,10.3,1,speedlimit
2026-09-10T12:49+02:00,A16,L,36.07,3,speedlimit
2026-09-10T12:49+02:00,A13,R,18.7,1,speedlimit
2026-09-10T12:49+02:00,A15,L,64.67,5,speedlimit
2026-09-10T12:49+02:00,A15,n,95.855,1,speedlimit
2026-09-10T12:49+02:00,A20,c,27.488,1,speedlimit
2026-09-10T12:49+02:00,A20,R,31.9,3,speedlimit
2026-09-10T12:49+02:00,A15,R,98.165,1,speedlimit
2026-09-10T12:49+02:00,A13,R,16.655,3,speedlimit
2026-09-10T12:49+02:00,A15,e,63.451,2,lane_closed
2026-09-10T12:49+02:00,A20,L,29.1,2,speedlimit
2026-09-10T12:49+02:00,A15,L,63.56,1,lane_closed
2026-09-10T12:49+02:00,A20,R,29.8,3,speedlimit
2026-09-10T12:49+02:00,A13,L,18.2,2,speedlimit
2026-09-10T12:49+02:00,A20,R,26.4,3,speedlimit
2026-09-10T12:49+02:00,A16,R,25.66,3,speedlimit
2026-09-10T12:49+02:00,A20,R,26.93,1,speedlimit
2026-09-10T12:49+02:00,A15,R,63.052,4,speedlimit
2026-09-10T12:49+02:00,A15,R,61.63,2,speedlimit
2026-09-10T12:49+02:00,A20,R,26.4,2,speedlimit
2026-09-10T12:49+02:00,A15,L,63.56,3,speedlimit
2026-09-10T12:49+02:00,A20,L,27.488,2,speedlimit
2026-09-10T12:49+02:00,A20,L,30.196,3,speedlimit
2026-09-10T12:49+02:00,A4,h,46.06,1,speedlimit
2026-09-10T12:49+02:00,A20,L,28.41,1,speedlimit
2026-09-10T12:49+02:00,A16,L,37.6,1,speedlimit
2026-09-10T12:49+02:00,A13,L,13.18,4,lane_closed
2026-09-10T12:49+02:00,A13,L,17.8,2,speedlimit
2026-09-10T12:49+02:00,A15,e,63.942,2,lane_closed
2026-09-10T12:49+02:00,A20,R,28.57,1,speedlimit
2026-09-10T12:49+02:00,A20,R,30.196,4,speedlimit
2026-09-10T12:49+02:00,A16,L,15.16,1,speedlimit
2026-09-10T12:49+02:00,A16,R,24.39,3,speedlimit
2026-09-10T12:49+02:00,A20,t,29.6,2,speedlimit
2026-09-10T12:49+02:00,A16,R,24.71,4,speedlimit
2026-09-10T12:49+02:00,A15,L,64.67,4,speedlimit
2026-09-10T12:49+02:00,A16,L,40.93,2,speedlimit
2026-09-10T12:49+02:00,A15,L,71.42,1,speedlimit
2026-09-10T12:49+02:00,A16,L,36.99,2,speedlimit
2026-09-10T12:49+02:00,A15,L,65.685,1,speedlimit
2026-09-10T12:49+02:00,A15,L,64.67,1,lane_closed
2026-09-10T12:49+02:00,A13,L,10.3,2,speedlimit
2026-09-10T12:49+02:00,A15,R,98.6,1,speedlimit
2026-09-10T12:49+02:00,A16,L,68.535,1,speedlimit
2026-09-10T12:49+02:00,A20,R,26.93,2,speedlimit
2026-09-10T12:49+02:00,A20,L,30.9,3,speedlimit
2026-09-10T12:49+02:00,A13,L,18.8,3,speedlimit
2026-09-10T12:49+02:00,A13,L,10.3,4,speedlimit
2026-09-10T12:49+02:00,A20,R,28.8,1,speedlimit
2026-09-10T12:49+02:00,A4,R,61.36,1,speedlimit
2026-09-10T12:49+02:00,A15,L,70.95,4,speedlimit
2026-09-10T12:49+02:00,A16,L,68.535,3,speedlimit
2026-09-10T12:49+02:00,A16,R,25.2,2,speedlimit
2026-09-10T12:49+02:00,A13,L,18.8,1,speedlimit
2026-09-10T12:49+02:00,A15,L,71.9,1,speedlimit
2026-09-10T12:49+02:00,A4,h,46.4,2,speedlimit
2026-09-10T12:49+02:00,A13,R,16.2,2,speedlimit
2026-09-10T12:49+02:00,A16,L,15.73,1,speedlimit
2026-09-10T12:49+02:00,A16,L,14.768,1,speedlimit
2026-09-10T12:49+02:00,A20,L,31.4,3,speedlimit
2026-09-10T12:49+02:00,A16,L,14.768,3,speedlimit
2026-09-10T12:49+02:00,A20,L,30.196,4,speedlimit
2026-09-10T12:49+02:00,A15,L,71.42,2,speedlimit
2026-09-10T12:49+02:00,A13,R,18.2,2,speedlimit
2026-09-10T12:49+02:00,A13,L,10.3,3,speedlimit
2026-09-10T12:49+02:00,A15,L,72.58,3,speedlimit
2026-09-10T12:49+02:00,A13,L,17.8,1,speedlimit
2026-09-10T12:49+02:00,A16,L,38.73,3,speedlimit
2026-09-10T12:49+02:00,A20,R,29.8,1,speedlimit
2026-09-10T12:49+02:00,A20,R,31.26,2,speedlimit
2026-09-10T12:49+02:00,A16,L,39.25,2,speedlimit
2026-09-10T12:49+02:00,A15,L,43.46,1,speedlimit
2026-09-10T12:49+02:00,A16,L,14.768,2,speedlimit
2026-09-10T12:49+02:00,A20,R,31.26,3,speedlimit
2026-09-10T12:49+02:00,A15,L,70.95,2,speedlimit
2026-09-10T12:49+02:00,A20,R,26.64,3,speedlimit
2026-09-10T12:49+02:00,A20,R,26.64,4,speedlimit
2026-09-10T12:49+02:00,A16,L,40.93,3,speedlimit
2026-09-10T12:49+02:00,A20,R,26.4,1,speedlimit
2026-09-10T12:49+02:00,A13,R,17.1,1,speedlimit
2026-09-10T12:49+02:00,A15,k,70.5,1,speedlimit
2026-09-10T12:49+02:00,A20,R,29.5,3,speedlimit
2026-09-10T12:49+02:00,A13,L,13.7,4,lane_closed
2026-09-10T12:49+02:00,A15,L,63.56,2,speedlimit
2026-09-10T12:49+02:00,A13,L,14.2,4,lane_closed
2026-09-10T12:49+02:00,A16,R,24.39,1,speedlimit
2026-09-10T12:49+02:00,A4,h,46.4,1,speedlimit
2026-09-10T12:49+02:00,A20,t,29.6,1,speedlimit
2026-09-10T12:49+02:00,A4,R,60.95,2,speedlimit
2026-09-10T12:49+02:00,A16,L,36.99,3,speedlimit
2026-09-10T12:49+02:00,A15,L,65.685,4,speedlimit
2026-09-10T12:49+02:00,A20,R,29.8,4,speedlimit
2026-09-10T12:49+02:00,A13,R,18.7,2,speedlimit
2026-09-10T12:49+02:00,A15,R,99.35,3,speedlimit
2026-09-10T12:49+02:00,A20,R,27.488,1,speedlimit
2026-09-10T12:49+02:00,A15,L,72.58,4,speedlimit
2026-09-10T12:49+02:00,A15,R,62.454,1,lane_closed
2026-09-10T12:49+02:00,A16,L,14.46,2,speedlimit
2026-09-10T12:49+02:00,A20,R,29.5,2,speedlimit
2026-09-10T12:49+02:00,A20,L,27.2,2,speedlimit
2026-09-10T12:49+02:00,A13,R,18.963,1,speedlimit
2026-09-10T12:49+02:00,A13,L,17.1,1,speedlimit
2026-09-10T12:49+02:00,A15,R,61.63,3,speedlimit
2026-09-10T12:49+02:00,A20,L,31.88,3,speedlimit
2026-09-10T12:49+02:00,A16,R,66.81,1,speedlimit
2026-09-10T12:49+02:00,A16,R,24.39,2,speedlimit
2026-09-10T12:49+02:00,A4,R,60.6,1,speedlimit
2026-09-10T12:49+02:00,A13,L,17.1,4,speedlimit
2026-09-10T12:49+02:00,A13,R,16.655,2,speedlimit
2026-09-10T12:49+02:00,A13,L,15.55,5,lane_closed
2026-09-10T12:49+02:00,A16,d,15.73,1,speedlimit
2026-09-10T12:49+02:00,A20,L,32.8,3,speedlimit
2026-09-10T12:49+02:00,A15,R,61.63,6,speedlimit
2026-09-10T12:49+02:00,A20,R,30.196,1,speedlimit
2026-09-10T12:49+02:00,A20,L,29.826,4,speedlimit
2026-09-10T12:49+02:00,A16,L,36.355,1,speedlimit
2026-09-10T12:49+02:00,A4,R,61.155,3,speedlimit
2026-09-10T12:49+02:00,A16,L,41.53,1,speedlimit
2026-09-10T12:49+02:00,A16,R,66.81,2,speedlimit
2026-09-10T12:49+02:00,A20,s,29.6,1,speedlimit
2026-09-10T12:49+02:00,A20,L,28.57,2,speedlimit
2026-09-10T12:49+02:00,A20,R,30.6,2,speedlimit
2026-09-10T12:49+02:00,A15,L,65.25,3,speedlimit
2026-09-10T12:49+02:00,A13,L,17.1,2,speedlimit
2026-09-10T12:49+02:00,A16,L,38.22,3,speedlimit
2026-09-10T12:49+02:00,A20,L,28.57,3,speedlimit
2026-09-10T12:49+02:00,A15,L,64.67,3,speedlimit
2026-09-10T12:49+02:00,A20,R,26.4,4,speedlimit
2026-09-10T12:49+02:00,A20,R,30.196,2,speedlimit
2026-09-10T12:49+02:00,A13,R,17.8,3,speedlimit
2026-09-10T12:49+02:00,A15,n,95.855,2,speedlimit
2026-09-10T13:50+02:00,A15,R,62.752,1,lane_closed
2026-09-10T13:50+02:00,A13,L,16.7,1,speedlimit
2026-09-10T13:50+02:00,A16,R,25.2,3,speedlimit
2026-09-10T13:50+02:00,A15,L,81.71,1,speedlimit
2026-09-10T13:50+02:00,A15,R,63.052,3,speedlimit
2026-09-10T13:50+02:00,A15,L,33.26,1,speedlimit
2026-09-10T13:50+02:00,A16,L,40.4,2,speedlimit
2026-09-10T13:50+02:00,A15,R,94.49,1,speedlimit
2026-09-10T13:50+02:00,A15,L,76.31,1,speedlimit
2026-09-10T13:50+02:00,A15,L,75.375,4,speedlimit
2026-09-10T13:50+02:00,A16,R,11.7,2,speedlimit
2026-09-10T13:50+02:00,A20,L,30.196,2,speedlimit
2026-09-10T13:50+02:00,A16,L,41.96,3,speedlimit
2026-09-10T13:50+02:00,A13,R,16.655,1,speedlimit
2026-09-10T13:50+02:00,A16,R,66.52,2,speedlimit
2026-09-10T13:50+02:00,A13,R,17.1,2,speedlimit
2026-09-10T13:50+02:00,A15,R,61.63,4,speedlimit
2026-09-10T13:50+02:00,A15,L,34.45,2,lane_closed_ahead
2026-09-10T13:50+02:00,A16,L,39.875,3,speedlimit
2026-09-10T13:50+02:00,A15,L,34.03,2,lane_closed
2026-09-10T13:50+02:00,A15,R,62.752,2,lane_closed
2026-09-10T13:50+02:00,A15,R,61.33,5,speedlimit
2026-09-10T13:50+02:00,A15,L,74.625,2,speedlimit
2026-09-10T13:50+02:00,A15,m,96.18,1,speedlimit
2026-09-10T13:50+02:00,A15,L,81.27,2,speedlimit
2026-09-10T13:50+02:00,A13,R,18.5,1,speedlimit
2026-09-10T13:50+02:00,A15,L,73.25,1,speedlimit
2026-09-10T13:50+02:00,A20,L,29.5,2,speedlimit
2026-09-10T13:50+02:00,A15,L,74.275,3,speedlimit
2026-09-10T13:50+02:00,A15,R,63.052,2,lane_closed
2026-09-10T13:50+02:00,A16,R,11.866,1,speedlimit
2026-09-10T13:50+02:00,A13,R,18.5,4,speedlimit
2026-09-10T13:50+02:00,A15,L,34.03,1,speedlimit
2026-09-10T13:50+02:00,A13,R,18.2,3,speedlimit
2026-09-10T13:50+02:00,A20,R,28.1,1,speedlimit
2026-09-10T13:50+02:00,A20,R,30.196,3,speedlimit
2026-09-10T13:50+02:00,A15,R,95.19,2,speedlimit
2026-09-10T13:50+02:00,A15,L,73.25,2,speedlimit
2026-09-10T13:50+02:00,A15,L,80.94,1,speedlimit
2026-09-10T13:50+02:00,A15,L,73.25,3,speedlimit
2026-09-10T13:50+02:00,A16,b,11.392,1,speedlimit
2026-09-10T13:50+02:00,A16,L,46.935,2,speedlimit
2026-09-10T13:50+02:00,A15,e,64.5,1,lane_closed
2026-09-10T13:50+02:00,A15,n,95.855,3,speedlimit
2026-09-10T13:50+02:00,A15,L,75.075,1,speedlimit
2026-09-10T13:50+02:00,A13,R,17.8,2,speedlimit
2026-09-10T13:50+02:00,A15,R,61.05,6,speedlimit
2026-09-10T13:50+02:00,A20,s,29.6,2,speedlimit
2026-09-10T13:50+02:00,A15,L,65.25,2,speedlimit
2026-09-10T13:50+02:00,A15,L,65.685,3,speedlimit
2026-09-10T13:50+02:00,A15,m,95.76,2,speedlimit
2026-09-10T13:50+02:00,A16,R,25.2,1,speedlimit
2026-09-10T13:50+02:00,A15,L,80.94,2,speedlimit
2026-09-10T13:50+02:00,A20,R,26.93,4,speedlimit
2026-09-10T13:50+02:00,A20,R,28.57,3,speedlimit
2026-09-10T13:50+02:00,A15,m,96.18,2,speedlimit
2026-09-10T13:50+02:00,A16,R,25.66,1,speedlimit
2026-09-10T13:50+02:00,A16,L,43.69,1,speedlimit
2026-09-10T13:50+02:00,A15,m,96.68,1,speedlimit
2026-09-10T13:50+02:00,A15,R,61.05,1,speedlimit
2026-09-10T13:50+02:00,A13,L,18.8,2,speedlimit
2026-09-10T13:50+02:00,A15,R,62.454,3,speedlimit
2026-09-10T13:50+02:00,A20,R,27.235,1,speedlimit
2026-09-10T13:50+02:00,A20,L,28.41,2,speedlimit
2026-09-10T13:50+02:00,A20,R,27.79,2,speedlimit
2026-09-10T13:50+02:00,A13,R,18.5,3,speedlimit
2026-09-10T13:50+02:00,A20,R,28.57,4,speedlimit
2026-09-10T13:50+02:00,A20,R,31.26,4,speedlimit
2026-09-10T13:50+02:00,A20,L,29.826,2,speedlimit
2026-09-10T13:50+02:00,A16,L,45.805,1,speedlimit
2026-09-10T13:50+02:00,A20,L,28.57,1,speedlimit
2026-09-10T13:50+02:00,A20,R,29.5,4,speedlimit
2026-09-10T13:50+02:00,A15,L,73.755,1,speedlimit
2026-09-10T13:50+02:00,A15,L,72.96,1,speedlimit
2026-09-10T13:50+02:00,A16,R,24.71,3,speedlimit
2026-09-10T13:50+02:00,A15,L,72.58,2,speedlimit
2026-09-10T13:50+02:00,A20,R,28.1,2,speedlimit
2026-09-10T13:50+02:00,A20,R,26.64,1,speedlimit
2026-09-10T13:50+02:00,A15,R,61.05,4,speedlimit
2026-09-10T13:50+02:00,A15,L,64.2,2,speedlimit
2026-09-10T13:50+02:00,A15,L,74.085,3,speedlimit
2026-09-10T13:50+02:00,A16,L,45.39,1,speedlimit
2026-09-10T13:50+02:00,A20,L,32.8,2,speedlimit
2026-09-10T13:50+02:00,A16,L,46.43,1,speedlimit
2026-09-10T13:50+02:00,A15,R,96.68,1,speedlimit
2026-09-10T13:50+02:00,A15,L,65.25,4,speedlimit
2026-09-10T13:50+02:00,A15,R,96.26,2,speedlimit
2026-09-10T13:50+02:00,A13,L,17.1,3,speedlimit
2026-09-10T13:50+02:00,A16,L,39.25,3,speedlimit
2026-09-10T13:50+02:00,A15,R,62.454,2,lane_closed_ahead
2026-09-10T13:50+02:00,A16,R,66.81,3,speedlimit
2026-09-10T13:50+02:00,A20,L,27.488,1,speedlimit
2026-09-10T13:50+02:00,A20,L,27.2,1,speedlimit
2026-09-10T13:50+02:00,A4,h,46.06,2,speedlimit
2026-09-10T13:50+02:00,A20,L,27.8,2,speedlimit
2026-09-10T13:50+02:00,A15,L,71.42,4,lane_closed
2026-09-10T13:50+02:00,A13,L,18.2,3,speedlimit
2026-09-10T13:50+02:00,A16,R,11.392,1,speedlimit
2026-09-10T13:50+02:00,A20,L,31.88,1,speedlimit
2026-09-10T13:50+02:00,A15,L,73.92,2,speedlimit
2026-09-10T13:50+02:00,A16,R,11.392,2,speedlimit
2026-09-10T13:50+02:00,A13,L,16.7,2,speedlimit
2026-09-10T13:50+02:00,A20,L,30.9,2,speedlimit
2026-09-10T13:50+02:00,A15,L,73.92,3,speedlimit
2026-09-10T13:50+02:00,A16,L,43.145,1,speedlimit
2026-09-10T13:50+02:00,A20,L,28.085,1,speedlimit
2026-09-10T13:50+02:00,A15,R,94.725,2,speedlimit
2026-09-10T13:50+02:00,A15,L,71.9,2,speedlimit
2026-09-10T13:50+02:00,A15,R,61.33,3,speedlimit
2026-09-10T13:50+02:00,A20,R,30.6,1,speedlimit
2026-09-10T13:50+02:00,A13,R,17.1,3,speedlimit
2026-09-10T13:50+02:00,A15,R,62.752,4,speedlimit
2026-09-10T13:50+02:00,A20,R,26.93,3,speedlimit
2026-09-10T13:50+02:00,A15,R,62.062,2,speedlimit
2026-09-10T13:50+02:00,A20,L,31.4,1,speedlimit
2026-09-10T13:50+02:00,A15,R,61.05,3,speedlimit
2026-09-10T13:50+02:00,A20,L,31.1,2,speedlimit
2026-09-10T13:50+02:00,A15,e,63.942,1,lane_closed
2026-09-10T13:50+02:00,A13,g,18.7,2,speedlimit
2026-09-10T13:50+02:00,A15,L,65.685,2,speedlimit
2026-09-10T13:50+02:00,A20,L,31.4,2,speedlimit
2026-09-10T13:50+02:00,A15,R,61.63,1,speedlimit
2026-09-10T13:50+02:00,A15,L,71.42,3,lane_closed
2026-09-10T13:50+02:00,A15,L,75.375,2,speedlimit
2026-09-10T13:50+02:00,A15,R,61.33,4,speedlimit
2026-09-10T13:50+02:00,A15,L,74.625,1,speedlimit
2026-09-10T13:50+02:00,A13,L,15.9,3,lane_closed
2026-09-10T13:50+02:00,A15,L,75.375,1,speedlimit
2026-09-10T13:50+02:00,A16,R,24.71,2,speedlimit
2026-09-10T13:50+02:00,A13,R,16.2,1,speedlimit
2026-09-10T13:50+02:00,A15,L,71.9,3,lane_closed
2026-09-10T13:50+02:00,A13,R,18.5,2,speedlimit
2026-09-10T13:50+02:00,A20,L,30.196,1,speedlimit
2026-09-10T13:50+02:00,A15,L,73.59,3,speedlimit
2026-09-10T13:50+02:00,A16,R,24.71,5,speedlimit
2026-09-10T13:50+02:00,A20,R,27.79,1,speedlimit
2026-09-10T13:50+02:00,A16,R,11.13,2,speedlimit
2026-09-10T13:50+02:00,A15,R,61.33,1,speedlimit
2026-09-10T13:50+02:00,A20,L,29.826,1,speedlimit
2026-09-10T13:50+02:00,A16,L,45.805,2,speedlimit
2026-09-10T13:50+02:00,A15,R,62.752,3,speedlimit
2026-09-10T13:50+02:00,A16,R,66.52,1,speedlimit
2026-09-10T13:50+02:00,A20,R,28.41,2,speedlimit
2026-09-10T13:50+02:00,A15,R,96.68,2,speedlimit
2026-09-10T13:50+02:00,A15,L,33.64,1,speedlimit
2026-09-10T13:50+02:00,A15,R,99.05,1,speedlimit
2026-09-10T13:50+02:00,A15,R,62.062,1,lane_closed_ahead
2026-09-10T13:50+02:00,A20,R,29.1,1,speedlimit
2026-09-10T13:50+02:00,A15,R,94.49,2,speedlimit
2026-09-10T13:50+02:00,A13,R,17.8,1,speedlimit
2026-09-10T13:50+02:00,A20,R,28.41,1,speedlimit
2026-09-10T13:50+02:00,A20,R,31.9,2,speedlimit
2026-09-10T13:50+02:00,A15,R,98.6,2,lane_closed
2026-09-10T13:50+02:00,A15,L,75.86,1,speedlimit
2026-09-10T13:50+02:00,A15,R,61.63,5,speedlimit
2026-09-10T13:50+02:00,A20,L,31.1,3,speedlimit
2026-09-10T13:50+02:00,A16,L,41.96,1,speedlimit
2026-09-10T13:50+02:00,A15,R,61.33,6,speedlimit
2026-09-10T13:50+02:00,A15,R,62.454,5,speedlimit
2026-09-10T13:50+02:00,A20,R,27.488,2,speedlimit
2026-09-10T13:50+02:00,A20,t,28.895,1,speedlimit
2026-09-10T13:50+02:00,A20,L,32.8,1,speedlimit
2026-09-10T13:50+02:00,A16,L,43.69,3,speedlimit
2026-09-10T13:50+02:00,A20,R,28.8,2,speedlimit
2026-09-10T13:50+02:00,A15,R,94.725,1,speedlimit
2026-09-10T13:50+02:00,A20,L,31.1,1,speedlimit
2026-09-10T13:50+02:00,A15,L,73.25,4,speedlimit
2026-09-10T13:50+02:00,A13,L,16.19,3,lane_closed
2026-09-10T13:50+02:00,A13,L,15.035,5,lane_closed
2026-09-10T13:50+02:00,A15,R,98.165,2,lane_closed_ahead
2026-09-10T13:50+02:00,A20,L,27.8,1,speedlimit
2026-09-10T13:50+02:00,A15,L,72.96,2,speedlimit
2026-09-10T13:50+02:00,A16,L,39.875,1,speedlimit
2026-09-10T13:50+02:00,A16,L,39.25,1,speedlimit
2026-09-10T13:50+02:00,A20,R,29.1,2,speedlimit
2026-09-10T13:50+02:00,A13,g,18.7,1,speedlimit
2026-09-10T13:50+02:00,A15,L,74.625,3,speedlimit
2026-09-10T13:50+02:00,A15,L,72.58,1,speedlimit
2026-09-10T13:50+02:00,A20,R,28.57,2,speedlimit
2026-09-10T13:50+02:00,A20,R,26.64,2,speedlimit
2026-09-10T13:50+02:00,A15,L,64.2,3,speedlimit
2026-09-10T13:50+02:00,A20,L,29.1,1,speedlimit
2026-09-10T13:50+02:00,A16,L,39.875,2,speedlimit
2026-09-10T13:50+02:00,A15,R,99.05,2,lane_closed
2026-09-10T13:50+02:00,A16,L,41.53,2,speedlimit
2026-09-10T13:50+02:00,A13,L,18.2,1,speedlimit
2026-09-10T13:50+02:00,A15,e,63.451,1,lane_closed
2026-09-10T13:50+02:00,A15,L,64.67,2,speedlimit
2026-09-10T13:50+02:00,A13,L,12.7,4,lane_closed
2026-09-10T13:50+02:00,A20,L,31.88,2,speedlimit
2026-09-10T13:50+02:00,A15,R,62.454,4,speedlimit
2026-09-10T13:50+02:00,A20,L,28.085,2,speedlimit
2026-09-10T13:50+02:00,A15,R,62.062,3,speedlimit
2026-09-10T13:50+02:00,A20,R,30.6,3,speedlimit
2026-09-10T13:50+02:00,A15,R,62.062,4,speedlimit
2026-09-10T13:50+02:00,A15,L,73.59,2,speedlimit
2026-09-10T13:50+02:00,A16,L,40.4,3,speedlimit
2026-09-10T13:50+02:00,A16,R,66.52,4,speedlimit
2026-09-10T13:50+02:00,A16,R,11.7,1,speedlimit
2026-09-10T13:50+02:00,A20,R,29.8,2,speedlimit
2026-09-10T13:50+02:00,A16,L,42.61,3,speedlimit
2026-09-10T13:50+02:00,A15,m,95.76,1,speedlimit
2026-09-10T13:50+02:00,A15,L,64.2,1,lane_closed
2026-09-10T13:50+02:00,A20,R,27.235,2,speedlimit
2026-09-10T13:50+02:00,A13,R,18.2,1,speedlimit
2026-09-10T13:50+02:00,A15,L,34.45,1,speedlimit
2026-09-10T13:50+02:00,A16,R,25.66,2,speedlimit
2026-09-10T13:50+02:00,A16,R,66.52,3,speedlimit
2026-09-10T13:50+02:00,A15,L,75.86,2,speedlimit
2026-09-10T13:50+02:00,A15,L,65.25,1,lane_closed_ahead
2026-09-10T13:50+02:00,A16,L,40.93,1,speedlimit
2026-09-10T13:50+02:00,A15,e,95.55,1,speedlimit
2026-09-10T13:50+02:00,A13,e,19.1,1,speedlimit
2026-09-10T13:50+02:00,A16,L,40.4,1,speedlimit
2026-09-10T13:50+02:00,A15,L,75.86,3,speedlimit
2026-09-10T13:50+02:00,A16,R,66.81,4,speedlimit
2026-09-10T13:50+02:00,A16,L,42.61,1,speedlimit
2026-09-10T13:50+02:00,A13,L,17.8,3,speedlimit
2026-09-10T13:50+02:00,A16,R,11.866,2,speedlimit
2026-09-10T13:50+02:00,A20,R,31.26,1,speedlimit
2026-09-10T13:50+02:00,A15,R,61.05,5,speedlimit
2026-09-10T13:50+02:00,A16,L,41.53,3,speedlimit
2026-09-10T13:50+02:00,A15,R,95.76,1,speedlimit
2026-09-10T13:50+02:00,A15,R,97.2,1,speedlimit
2026-09-10T13:50+02:00,A15,L,75.075,3,speedlimit
2026-09-10T13:50+02:00,A15,R,61.33,2,speedlimit
2026-09-10T13:50+02:00,A20,L,29.826,3,speedlimit
2026-09-10T13:50+02:00,A16,L,46.43,3,speedlimit
2026-09-10T13:50+02:00,A15,L,34.78,2,speedlimit
2026-09-10T13:50+02:00,A4,h,45.58,3,lane_closed
2026-09-10T13:50+02:00,A16,L,44.26,2,speedlimit
2026-09-10T13:50+02:00,A15,e,64.5,2,lane_closed
2026-09-10T13:50+02:00,A20,L,29.5,1,speedlimit
2026-09-10T13:50+02:00,A20,R,28.8,3,speedlimit
2026-09-10T13:50+02:00,A20,R,29.5,1,speedlimit
2026-09-10T13:50+02:00,A15,R,63.052,1,lane_closed
2026-09-10T13:50+02:00,A15,L,81.71,2,speedlimit
2026-09-10T13:50+02:00,A13,L,11.25,4,lane_closed
2026-09-10T13:50+02:00,A20,L,30.9,1,speedlimit
2026-09-10T13:50+02:00,A16,R,24.71,1,speedlimit
2026-09-10T13:50+02:00,A15,R,96.26,1,speedlimit
2026-09-10T13:50+02:00,A13,R,18.2,4,speedlimit
2026-09-10T13:50+02:00,A13,L,10.3,1,speedlimit
2026-09-10T13:50+02:00,A13,R,18.7,1,speedlimit
2026-09-10T13:50+02:00,A15,L,64.67,5,speedlimit
2026-09-10T13:50+02:00,A15,n,95.855,1,speedlimit
2026-09-10T13:50+02:00,A20,c,27.488,1,speedlimit
2026-09-10T13:50+02:00,A20,R,31.9,3,speedlimit
2026-09-10T13:50+02:00,A15,R,98.165,1,speedlimit
2026-09-10T13:50+02:00,A13,R,16.655,3,speedlimit
2026-09-10T13:50+02:00,A15,L,74.275,1,speedlimit
2026-09-10T13:50+02:00,A15,e,63.451,2,lane_closed
2026-09-10T13:50+02:00,A20,L,29.1,2,speedlimit
2026-09-10T13:50+02:00,A15,L,63.56,1,lane_closed
2026-09-10T13:50+02:00,A20,R,29.8,3,speedlimit
2026-09-10T13:50+02:00,A13,L,18.2,2,speedlimit
2026-09-10T13:50+02:00,A20,R,26.4,3,speedlimit
2026-09-10T13:50+02:00,A16,L,43.145,3,speedlimit
2026-09-10T13:50+02:00,A16,R,25.66,3,speedlimit
2026-09-10T13:50+02:00,A16,L,46.935,1,speedlimit
2026-09-10T13:50+02:00,A15,R,97.2,2,speedlimit
2026-09-10T13:50+02:00,A20,R,26.93,1,speedlimit
2026-09-10T13:50+02:00,A15,R,63.052,4,speedlimit
2026-09-10T13:50+02:00,A15,R,61.63,2,speedlimit
2026-09-10T13:50+02:00,A15,R,95.19,1,speedlimit
2026-09-10T13:50+02:00,A20,R,26.4,2,speedlimit
2026-09-10T13:50+02:00,A16,L,45.805,3,speedlimit
2026-09-10T13:50+02:00,A15,L,63.56,3,speedlimit
2026-09-10T13:50+02:00,A20,L,27.488,2,speedlimit
2026-09-10T13:50+02:00,A20,L,30.196,3,speedlimit
2026-09-10T13:50+02:00,A4,h,46.06,1,speedlimit
2026-09-10T13:50+02:00,A20,L,28.41,1,speedlimit
2026-09-10T13:50+02:00,A13,L,13.18,4,lane_closed
2026-09-10T13:50+02:00,A13,L,17.8,2,speedlimit
2026-09-10T13:50+02:00,A15,e,63.942,2,lane_closed
2026-09-10T13:50+02:00,A15,L,72.96,4,speedlimit
2026-09-10T13:50+02:00,A16,L,46.935,3,speedlimit
2026-09-10T13:50+02:00,A20,R,28.57,1,speedlimit
2026-09-10T13:50+02:00,A20,R,30.196,4,speedlimit
2026-09-10T13:50+02:00,A15,L,76.31,3,speedlimit
2026-09-10T13:50+02:00,A15,L,33.64,2,lane_closed
2026-09-10T13:50+02:00,A16,R,24.39,3,speedlimit
2026-09-10T13:50+02:00,A15,L,75.075,2,speedlimit
2026-09-10T13:50+02:00,A20,t,29.6,2,speedlimit
2026-09-10T13:50+02:00,A16,R,24.71,4,speedlimit
2026-09-10T13:50+02:00,A15,L,73.59,1,speedlimit
2026-09-10T13:50+02:00,A15,L,64.67,4,speedlimit
2026-09-10T13:50+02:00,A16,L,40.93,2,speedlimit
2026-09-10T13:50+02:00,A15,L,71.42,1,speedlimit
2026-09-10T13:50+02:00,A15,L,65.685,1,speedlimit
2026-09-10T13:50+02:00,A15,L,64.67,1,lane_closed
2026-09-10T13:50+02:00,A16,L,44.26,1,speedlimit
2026-09-10T13:50+02:00,A13,L,10.3,2,speedlimit
2026-09-10T13:50+02:00,A15,R,98.6,1,speedlimit
2026-09-10T13:50+02:00,A20,R,26.93,2,speedlimit
2026-09-10T13:50+02:00,A20,L,30.9,3,speedlimit
2026-09-10T13:50+02:00,A13,L,18.8,3,speedlimit
2026-09-10T13:50+02:00,A13,L,10.3,4,speedlimit
2026-09-10T13:50+02:00,A20,R,28.8,1,speedlimit
2026-09-10T13:50+02:00,A16,R,25.2,2,speedlimit
2026-09-10T13:50+02:00,A15,R,61.05,2,speedlimit
2026-09-10T13:50+02:00,A13,L,18.8,1,speedlimit
2026-09-10T13:50+02:00,A15,L,72.96,3,speedlimit
2026-09-10T13:50+02:00,A15,L,71.9,1,speedlimit
2026-09-10T13:50+02:00,A4,h,46.4,2,speedlimit
2026-09-10T13:50+02:00,A13,R,16.2,2,speedlimit
2026-09-10T13:50+02:00,A15,L,73.92,1,speedlimit
2026-09-10T13:50+02:00,A15,L,74.275,2,speedlimit
2026-09-10T13:50+02:00,A16,L,46.935,4,speedlimit
2026-09-10T13:50+02:00,A20,L,31.4,3,speedlimit
2026-09-10T13:50+02:00,A20,L,30.196,4,speedlimit
2026-09-10T13:50+02:00,A15,R,97.66,2,speedlimit
2026-09-10T13:50+02:00,A15,L,71.42,2,speedlimit
2026-09-10T13:50+02:00,A13,R,18.2,2,speedlimit
2026-09-10T13:50+02:00,A13,L,10.3,3,speedlimit
2026-09-10T13:50+02:00,A15,L,72.58,3,lane_closed_ahead
2026-09-10T13:50+02:00,A13,L,17.8,1,speedlimit
2026-09-10T13:50+02:00,A15,L,34.78,1,speedlimit
2026-09-10T13:50+02:00,A20,R,29.8,1,speedlimit
2026-09-10T13:50+02:00,A20,R,31.26,2,speedlimit
2026-09-10T13:50+02:00,A16,L,45.39,3,speedlimit
2026-09-10T13:50+02:00,A16,L,39.25,2,speedlimit
2026-09-10T13:50+02:00,A16,L,44.26,3,speedlimit
2026-09-10T13:50+02:00,A15,L,33.26,2,lane_closed
2026-09-10T13:50+02:00,A20,R,31.26,3,speedlimit
2026-09-10T13:50+02:00,A20,R,26.64,3,speedlimit
2026-09-10T13:50+02:00,A20,R,26.64,4,speedlimit
2026-09-10T13:50+02:00,A16,L,40.93,3,speedlimit
2026-09-10T13:50+02:00,A16,L,43.69,2,speedlimit
2026-09-10T13:50+02:00,A16,L,41.96,2,speedlimit
2026-09-10T13:50+02:00,A20,R,26.4,1,speedlimit
2026-09-10T13:50+02:00,A13,R,17.1,1,speedlimit
2026-09-10T13:50+02:00,A15,L,81.27,1,speedlimit
2026-09-10T13:50+02:00,A20,R,29.5,3,speedlimit
2026-09-10T13:50+02:00,A13,L,13.7,4,lane_closed
2026-09-10T13:50+02:00,A16,L,45.39,2,speedlimit
2026-09-10T13:50+02:00,A15,L,63.56,2,speedlimit
2026-09-10T13:50+02:00,A13,L,14.2,4,lane_closed
2026-09-10T13:50+02:00,A15,R,97.66,1,speedlimit
2026-09-10T13:50+02:00,A16,R,24.39,1,speedlimit
2026-09-10T13:50+02:00,A4,h,46.4,1,speedlimit
2026-09-10T13:50+02:00,A16,L,42.61,2,speedlimit
2026-09-10T13:50+02:00,A20,t,29.6,1,speedlimit
2026-09-10T13:50+02:00,A15,L,65.685,4,speedlimit
2026-09-10T13:50+02:00,A20,R,29.8,4,speedlimit
2026-09-10T13:50+02:00,A13,R,18.7,2,speedlimit
2026-09-10T13:50+02:00,A20,R,27.488,1,speedlimit
2026-09-10T13:50+02:00,A15,L,72.58,4,speedlimit
2026-09-10T13:50+02:00,A15,R,62.454,1,lane_closed
2026-09-10T13:50+02:00,A20,R,29.5,2,speedlimit
2026-09-10T13:50+02:00,A20,L,27.2,2,speedlimit
2026-09-10T13:50+02:00,A13,R,18.963,1,speedlimit
2026-09-10T13:50+02:00,A13,L,17.1,1,speedlimit
2026-09-10T13:50+02:00,A15,R,61.63,3,speedlimit
2026-09-10T13:50+02:00,A20,L,31.88,3,speedlimit
2026-09-10T13:50+02:00,A16,R,66.81,1,speedlimit
2026-09-10T13:50+02:00,A16,R,24.39,2,speedlimit
2026-09-10T13:50+02:00,A13,L,17.1,4,speedlimit
2026-09-10T13:50+02:00,A13,R,16.655,2,speedlimit
2026-09-10T13:50+02:00,A13,L,15.55,5,lane_closed
2026-09-10T13:50+02:00,A16,R,11.13,1,speedlimit
2026-09-10T13:50+02:00,A15,L,75.375,3,speedlimit
2026-09-10T13:50+02:00,A15,L,74.085,1,speedlimit
2026-09-10T13:50+02:00,A15,R,95.76,2,speedlimit
2026-09-10T13:50+02:00,A15,L,76.31,2,speedlimit
2026-09-10T13:50+02:00,A20,L,32.8,3,speedlimit
2026-09-10T13:50+02:00,A15,R,61.63,6,speedlimit
2026-09-10T13:50+02:00,A15,L,73.755,3,speedlimit
2026-09-10T13:50+02:00,A15,L,73.755,2,speedlimit
2026-09-10T13:50+02:00,A20,R,30.196,1,speedlimit
2026-09-10T13:50+02:00,A20,L,29.826,4,speedlimit
2026-09-10T13:50+02:00,A16,L,46.43,2,speedlimit
2026-09-10T13:50+02:00,A16,L,41.53,1,speedlimit
2026-09-10T13:50+02:00,A16,R,66.81,2,speedlimit
2026-09-10T13:50+02:00,A15,L,74.085,2,speedlimit
2026-09-10T13:50+02:00,A20,s,29.6,1,speedlimit
2026-09-10T13:50+02:00,A20,L,28.57,2,speedlimit
2026-09-10T13:50+02:00,A20,R,30.6,2,speedlimit
2026-09-10T13:50+02:00,A15,L,65.25,3,speedlimit
2026-09-10T13:50+02:00,A13,L,17.1,2,speedlimit
2026-09-10T13:50+02:00,A16,L,43.145,2,speedlimit
2026-09-10T13:50+02:00,A16,R,11.7,3,speedlimit
2026-09-10T13:50+02:00,A20,L,28.57,3,speedlimit
2026-09-10T13:50+02:00,A15,L,64.67,3,speedlimit
2026-09-10T13:50+02:00,A20,R,26.4,4,speedlimit
2026-09-10T13:50+02:00,A20,R,30.196,2,speedlimit
2026-09-10T13:50+02:00,A13,R,17.8,3,speedlimit
2026-09-10T13:50+02:00,A15,n,95.855,2,speedlimit
2026-09-10T14:48+02:00,A15,R,62.752,1,lane_closed
2026-09-10T14:48+02:00,A13,L,16.7,1,speedlimit
2026-09-10T14:48+02:00,A16,R,25.2,3,speedlimit
2026-09-10T14:48+02:00,A4,L,26.58,2,speedlimit
2026-09-10T14:48+02:00,A15,L,81.71,1,speedlimit
2026-09-10T14:48+02:00,A15,R,63.052,3,speedlimit
2026-09-10T14:48+02:00,A4,R,40.7,4,speedlimit
2026-09-10T14:48+02:00,A16,R,28.78,5,speedlimit
2026-09-10T14:48+02:00,A16,R,33.848,1,speedlimit
2026-09-10T14:48+02:00,A16,L,40.4,2,speedlimit
2026-09-10T14:48+02:00,A16,R,47.07,3,speedlimit
2026-09-10T14:48+02:00,A15,L,76.31,1,lane_closed
2026-09-10T14:48+02:00,A15,R,59.2,2,speedlimit
2026-09-10T14:48+02:00,A15,L,75.375,4,speedlimit
2026-09-10T14:48+02:00,A16,R,30.05,1,speedlimit
2026-09-10T14:48+02:00,A20,R,25.3,1,speedlimit
2026-09-10T14:48+02:00,A4,R,42.19,3,speedlimit
2026-09-10T14:48+02:00,A20,L,30.196,2,speedlimit
2026-09-10T14:48+02:00,A4,R,32.4,3,speedlimit
2026-09-10T14:48+02:00,A20,R,25.7,2,speedlimit
2026-09-10T14:48+02:00,A16,R,32.22,3,speedlimit
2026-09-10T14:48+02:00,A16,L,41.96,3,speedlimit
2026-09-10T14:48+02:00,A13,R,16.655,1,speedlimit
2026-09-10T14:48+02:00,A16,R,66.52,2,speedlimit
2026-09-10T14:48+02:00,A15,L,48.332,4,speedlimit
2026-09-10T14:48+02:00,A13,R,17.1,2,speedlimit
2026-09-10T14:48+02:00,A15,R,61.63,4,speedlimit
2026-09-10T14:48+02:00,A16,L,39.875,3,speedlimit
2026-09-10T14:48+02:00,A16,L,36.355,2,speedlimit
2026-09-10T14:48+02:00,A15,k,70.5,2,speedlimit
2026-09-10T14:48+02:00,A15,R,62.752,2,lane_closed
2026-09-10T14:48+02:00,A15,R,61.33,5,speedlimit
2026-09-10T14:48+02:00,A15,L,80.6,2,speedlimit
2026-09-10T14:48+02:00,A15,m,96.18,1,speedlimit
2026-09-10T14:48+02:00,A15,L,81.27,2,speedlimit
2026-09-10T14:48+02:00,A15,L,77.045,4,speedlimit
2026-09-10T14:48+02:00,A15,L,48.69,1,speedlimit
2026-09-10T14:48+02:00,A4,L,25.35,3,speedlimit
2026-09-10T14:48+02:00,A13,R,18.5,1,speedlimit
2026-09-10T14:48+02:00,A4,L,8.635,1,speedlimit
2026-09-10T14:48+02:00,A4,R,41.6,4,speedlimit
2026-09-10T14:48+02:00,A16,R,28.315,5,speedlimit
2026-09-10T14:48+02:00,A20,L,29.5,2,speedlimit
2026-09-10T14:48+02:00,A15,R,63.052,2,lane_closed
2026-09-10T14:48+02:00,A13,R,18.5,4,speedlimit
2026-09-10T14:48+02:00,A16,L,35.76,2,speedlimit
2026-09-10T14:48+02:00,A20,R,42.485,2,speedlimit
2026-09-10T14:48+02:00,A13,R,18.2,3,speedlimit
2026-09-10T14:48+02:00,A20,R,28.1,1,speedlimit
2026-09-10T14:48+02:00,A20,R,30.196,3,speedlimit
2026-09-10T14:48+02:00,A4,R,42.19,2,speedlimit
2026-09-10T14:48+02:00,A15,R,95.19,2,speedlimit
2026-09-10T14:48+02:00,A15,L,80.94,1,speedlimit
2026-09-10T14:48+02:00,A4,R,33.17,2,speedlimit
2026-09-10T14:48+02:00,A15,L,84.475,1,speedlimit
2026-09-10T14:48+02:00,A20,L,47.8,1,speedlimit
2026-09-10T14:48+02:00,A15,L,76.745,2,speedlimit
2026-09-10T14:48+02:00,A16,L,46.935,2,speedlimit
2026-09-10T14:48+02:00,A15,e,64.5,1,lane_closed
2026-09-10T14:48+02:00,A15,n,95.855,3,speedlimit
2026-09-10T14:48+02:00,A4,R,41.6,1,speedlimit
2026-09-10T14:48+02:00,A13,R,17.8,2,speedlimit
2026-09-10T14:48+02:00,A15,R,61.05,6,speedlimit
2026-09-10T14:48+02:00,A20,s,29.6,2,speedlimit
2026-09-10T14:48+02:00,A15,L,65.25,2,speedlimit
2026-09-10T14:48+02:00,A15,L,65.685,3,speedlimit
2026-09-10T14:48+02:00,A16,R,33.135,4,speedlimit
2026-09-10T14:48+02:00,A15,m,95.76,2,speedlimit
2026-09-10T14:48+02:00,A16,R,25.2,1,speedlimit
2026-09-10T14:48+02:00,A15,L,47.68,1,speedlimit
2026-09-10T14:48+02:00,A15,L,80.94,2,speedlimit
2026-09-10T14:48+02:00,A4,L,27.89,2,speedlimit
2026-09-10T14:48+02:00,A20,R,26.93,4,speedlimit
2026-09-10T14:48+02:00,A20,R,28.57,3,speedlimit
2026-09-10T14:48+02:00,A15,L,70.95,3,speedlimit
2026-09-10T14:48+02:00,A16,L,36.355,3,speedlimit
2026-09-10T14:48+02:00,A15,R,63.533,2,speedlimit
2026-09-10T14:48+02:00,A15,m,96.18,2,speedlimit
2026-09-10T14:48+02:00,A16,R,25.66,1,speedlimit
2026-09-10T14:48+02:00,A15,m,96.68,1,speedlimit
2026-09-10T14:48+02:00,A15,R,61.05,1,speedlimit
2026-09-10T14:48+02:00,A29,v,10.8,1,speedlimit
2026-09-10T14:48+02:00,A29,s,9.64,2,speedlimit
2026-09-10T14:48+02:00,A13,L,18.8,2,speedlimit
2026-09-10T14:48+02:00,A15,R,60.49,4,speedlimit
2026-09-10T14:48+02:00,A15,R,62.454,3,speedlimit
2026-09-10T14:48+02:00,A20,R,27.235,1,speedlimit
2026-09-10T14:48+02:00,A20,L,28.41,2,speedlimit
2026-09-10T14:48+02:00,A4,L,25.35,1,speedlimit
2026-09-10T14:48+02:00,A15,L,82.1,2,speedlimit
2026-09-10T14:48+02:00,A4,R,41.6,2,speedlimit
2026-09-10T14:48+02:00,A20,R,27.79,2,speedlimit
2026-09-10T14:48+02:00,A13,R,18.5,3,speedlimit
2026-09-10T14:48+02:00,A20,R,28.57,4,speedlimit
2026-09-10T14:48+02:00,A20,R,31.26,4,speedlimit
2026-09-10T14:48+02:00,A20,L,29.826,2,speedlimit
2026-09-10T14:48+02:00,A16,L,45.805,1,speedlimit
2026-09-10T14:48+02:00,A4,L,25.95,3,speedlimit
2026-09-10T14:48+02:00,A15,L,48.05,3,lane_closed
2026-09-10T14:48+02:00,A20,L,28.57,1,speedlimit
2026-09-10T14:48+02:00,A4,L,24.75,1,speedlimit
2026-09-10T14:48+02:00,A4,L,24.165,1,speedlimit
2026-09-10T14:48+02:00,A20,L,33.36,2,speedlimit
2026-09-10T14:48+02:00,A16,R,32.22,5,speedlimit
2026-09-10T14:48+02:00,A16,R,33.958,1,speedlimit
2026-09-10T14:48+02:00,A20,R,29.5,4,speedlimit
2026-09-10T14:48+02:00,A15,m,60.07,1,speedlimit
2026-09-10T14:48+02:00,A4,L,26.58,3,speedlimit
2026-09-10T14:48+02:00,A16,R,24.71,3,speedlimit
2026-09-10T14:48+02:00,A16,R,32.76,5,speedlimit
2026-09-10T14:48+02:00,A16,R,33.43,2,speedlimit
2026-09-10T14:48+02:00,A4,L,24.165,3,lane_closed_ahead
2026-09-10T14:48+02:00,A20,R,28.1,2,speedlimit
2026-09-10T14:48+02:00,A20,R,26.64,1,speedlimit
2026-09-10T14:48+02:00,A20,R,25.7,3,speedlimit
2026-09-10T14:48+02:00,A16,R,47.07,2,speedlimit
2026-09-10T14:48+02:00,A15,R,61.05,4,speedlimit
2026-09-10T14:48+02:00,A15,L,64.2,2,speedlimit
2026-09-10T14:48+02:00,A15,R,60.49,3,speedlimit
2026-09-10T14:48+02:00,A16,R,28.78,2,speedlimit
2026-09-10T14:48+02:00,A16,L,45.39,1,speedlimit
2026-09-10T14:48+02:00,A20,L,32.8,2,speedlimit
2026-09-10T14:48+02:00,A16,L,46.43,1,speedlimit
2026-09-10T14:48+02:00,A16,L,30.73,4,speedlimit
2026-09-10T14:48+02:00,A4,L,8.14,2,speedlimit
2026-09-10T14:48+02:00,A15,R,96.68,1,speedlimit
2026-09-10T14:48+02:00,A4,L,24.165,2,speedlimit
2026-09-10T14:48+02:00,A16,L,48.03,1,speedlimit
2026-09-10T14:48+02:00,A15,L,65.25,4,speedlimit
2026-09-10T14:48+02:00,A15,R,96.26,2,speedlimit
2026-09-10T14:48+02:00,A15,R,59.2,1,speedlimit
2026-09-10T14:48+02:00,A13,L,17.1,3,speedlimit
2026-09-10T14:48+02:00,A20,R,42.0,1,speedlimit
2026-09-10T14:48+02:00,A16,L,39.25,3,speedlimit
2026-09-10T14:48+02:00,A15,R,62.454,2,lane_closed_ahead
2026-09-10T14:48+02:00,A16,R,33.135,2,speedlimit
2026-09-10T14:48+02:00,A16,L,35.76,1,speedlimit
2026-09-10T14:48+02:00,A15,m,62.998,3,speedlimit
2026-09-10T14:48+02:00,A15,L,82.4,2,speedlimit
2026-09-10T14:48+02:00,A4,R,32.85,3,speedlimit
2026-09-10T14:48+02:00,A16,R,66.81,3,speedlimit
2026-09-10T14:48+02:00,A29,s,9.64,1,speedlimit
2026-09-10T14:48+02:00,A20,L,27.488,1,speedlimit
2026-09-10T14:48+02:00,A20,L,27.2,1,speedlimit
2026-09-10T14:48+02:00,A4,h,46.06,2,speedlimit
2026-09-10T14:48+02:00,A4,R,40.7,3,speedlimit
2026-09-10T14:48+02:00,A15,R,59.57,2,speedlimit
2026-09-10T14:48+02:00,A20,L,27.8,2,speedlimit
2026-09-10T14:48+02:00,A4,L,27.445,3,speedlimit
2026-09-10T14:48+02:00,A15,L,71.42,4,speedlimit
2026-09-10T14:48+02:00,A13,L,18.2,3,speedlimit
2026-09-10T14:48+02:00,A16,R,29.28,5,speedlimit
2026-09-10T14:48+02:00,A4,R,32.4,2,speedlimit
2026-09-10T14:48+02:00,A16,R,32.933,1,speedlimit
2026-09-10T14:48+02:00,A16,R,32.518,4,speedlimit
2026-09-10T14:48+02:00,A16,L,48.54,1,speedlimit
2026-09-10T14:48+02:00,A20,L,31.88,1,speedlimit
2026-09-10T14:48+02:00,A16,L,29.37,4,speedlimit
2026-09-10T14:48+02:00,A13,L,16.7,2,speedlimit
2026-09-10T14:48+02:00,A16,R,33.958,2,speedlimit
2026-09-10T14:48+02:00,A20,L,30.9,2,speedlimit
2026-09-10T14:48+02:00,A16,L,48.54,3,speedlimit
2026-09-10T14:48+02:00,A16,R,28.315,3,speedlimit
2026-09-10T14:48+02:00,A20,L,28.085,1,speedlimit
2026-09-10T14:48+02:00,A15,L,48.69,2,speedlimit
2026-09-10T14:48+02:00,A15,R,94.725,2,speedlimit
2026-09-10T14:48+02:00,A15,L,48.69,3,speedlimit
2026-09-10T14:48+02:00,A16,R,32.76,4,speedlimit
2026-09-10T14:48+02:00,A16,R,33.609,2,speedlimit
2026-09-10T14:48+02:00,A4,R,40.7,2,speedlimit
2026-09-10T14:48+02:00,A16,R,32.22,2,speedlimit
2026-09-10T14:48+02:00,A15,R,61.33,3,speedlimit
2026-09-10T14:48+02:00,A15,L,84.01,1,speedlimit
2026-09-10T14:48+02:00,A15,L,80.6,1,speedlimit
2026-09-10T14:48+02:00,A4,R,33.8,1,speedlimit
2026-09-10T14:48+02:00,A20,R,30.6,1,speedlimit
2026-09-10T14:48+02:00,A13,R,17.1,3,speedlimit
2026-09-10T14:48+02:00,A4,L,25.95,2,speedlimit
2026-09-10T14:48+02:00,A15,R,62.752,4,speedlimit
2026-09-10T14:48+02:00,A16,L,38.73,1,speedlimit
2026-09-10T14:48+02:00,A4,L,23.5,3,lane_closed
2026-09-10T14:48+02:00,A20,R,26.93,3,speedlimit
2026-09-10T14:48+02:00,A15,R,62.062,2,speedlimit
2026-09-10T14:48+02:00,A16,R,28.78,6,speedlimit
2026-09-10T14:48+02:00,A20,L,31.4,1,speedlimit
2026-09-10T14:48+02:00,A16,L,30.2,1,speedlimit
2026-09-10T14:48+02:00,A29,s,10.4,1,speedlimit
2026-09-10T14:48+02:00,A15,R,61.05,3,speedlimit
2026-09-10T14:48+02:00,A15,L,48.332,3,lane_closed_ahead
2026-09-10T14:48+02:00,A4,R,42.775,4,speedlimit
2026-09-10T14:48+02:00,A4,L,8.14,4,speedlimit
2026-09-10T14:48+02:00,A16,L,36.07,2,speedlimit
2026-09-10T14:48+02:00,A20,L,31.1,2,speedlimit
2026-09-10T14:48+02:00,A15,e,63.942,1,lane_closed
2026-09-10T14:48+02:00,A4,L,23.0,3,lane_closed
2026-09-10T14:48+02:00,A4,R,32.85,4,speedlimit
2026-09-10T14:48+02:00,A16,R,33.778,1,speedlimit
2026-09-10T14:48+02:00,A13,g,18.7,2,speedlimit
2026-09-10T14:48+02:00,A15,L,77.865,2,speedlimit
2026-09-10T14:48+02:00,A15,L,65.685,2,speedlimit
2026-09-10T14:48+02:00,A20,L,31.4,2,speedlimit
2026-09-10T14:48+02:00,A15,R,61.63,1,speedlimit
2026-09-10T14:48+02:00,A16,R,30.05,2,speedlimit
2026-09-10T14:48+02:00,A15,L,71.42,3,speedlimit
2026-09-10T14:48+02:00,A15,L,75.375,2,speedlimit
2026-09-10T14:48+02:00,A15,R,61.33,4,speedlimit
2026-09-10T14:48+02:00,A16,R,34.068,2,speedlimit
2026-09-10T14:48+02:00,A13,L,15.9,3,lane_closed
2026-09-10T14:48+02:00,A15,L,75.375,1,lane_closed
2026-09-10T14:48+02:00,A16,L,30.2,2,speedlimit
2026-09-10T14:48+02:00,A16,R,24.71,2,speedlimit
2026-09-10T14:48+02:00,A15,L,77.045,1,speedlimit
2026-09-10T14:48+02:00,A15,L,78.48,1,speedlimit
2026-09-10T14:48+02:00,A16,R,28.315,4,speedlimit
2026-09-10T14:48+02:00,A13,R,16.2,1,speedlimit
2026-09-10T14:48+02:00,A16,L,47.41,1,speedlimit
2026-09-10T14:48+02:00,A15,L,76.745,3,speedlimit
2026-09-10T14:48+02:00,A4,R,42.19,4,speedlimit
2026-09-10T14:48+02:00,A29,s,10.4,2,speedlimit
2026-09-10T14:48+02:00,A13,R,18.5,2,speedlimit
2026-09-10T14:48+02:00,A16,L,36.07,1,speedlimit
2026-09-10T14:48+02:00,A20,L,30.196,1,speedlimit
2026-09-10T14:48+02:00,A16,R,33.778,2,speedlimit
2026-09-10T14:48+02:00,A4,L,24.75,2,speedlimit
2026-09-10T14:48+02:00,A16,R,24.71,5,speedlimit
2026-09-10T14:48+02:00,A4,L,27.537,3,speedlimit
2026-09-10T14:48+02:00,A4,L,23.5,2,speedlimit
2026-09-10T14:48+02:00,A20,R,27.79,1,speedlimit
2026-09-10T14:48+02:00,A15,R,61.33,1,speedlimit
2026-09-10T14:48+02:00,A16,R,48.03,1,speedlimit
2026-09-10T14:48+02:00,A20,L,29.826,1,speedlimit
2026-09-10T14:48+02:00,A16,L,45.805,2,speedlimit
2026-09-10T14:48+02:00,A15,R,62.752,3,speedlimit
2026-09-10T14:48+02:00,A16,R,66.52,1,speedlimit
2026-09-10T14:48+02:00,A4,L,27.445,2,speedlimit
2026-09-10T14:48+02:00,A4,L,27.445,1,speedlimit
2026-09-10T14:48+02:00,A16,R,30.05,4,speedlimit
2026-09-10T14:48+02:00,A4,L,8.635,2,speedlimit
2026-09-10T14:48+02:00,A20,R,28.41,2,speedlimit
2026-09-10T14:48+02:00,A15,R,96.68,2,speedlimit
2026-09-10T14:48+02:00,A16,R,29.28,4,speedlimit
2026-09-10T14:48+02:00,A15,R,62.062,1,lane_closed_ahead
2026-09-10T14:48+02:00,A16,R,28.315,6,speedlimit
2026-09-10T14:48+02:00,A20,L,48.2,2,speedlimit
2026-09-10T14:48+02:00,A20,R,29.1,1,speedlimit
2026-09-10T14:48+02:00,A16,L,48.54,2,speedlimit
2026-09-10T14:48+02:00,A16,m,33.778,2,speedlimit
2026-09-10T14:48+02:00,A13,R,17.8,1,speedlimit
2026-09-10T14:48+02:00,A20,R,28.41,1,speedlimit
2026-09-10T14:48+02:00,A20,L,33.36,1,speedlimit
2026-09-10T14:48+02:00,A20,R,31.9,2,speedlimit
2026-09-10T14:48+02:00,A4,R,42.775,2,speedlimit
2026-09-10T14:48+02:00,A15,L,75.86,1,lane_closed
2026-09-10T14:48+02:00,A16,L,35.48,2,speedlimit
2026-09-10T14:48+02:00,A15,R,61.63,5,speedlimit
2026-09-10T14:48+02:00,A20,L,31.1,3,speedlimit
2026-09-10T14:48+02:00,A16,L,41.96,1,speedlimit
2026-09-10T14:48+02:00,A15,R,61.33,6,speedlimit
2026-09-10T14:48+02:00,A15,R,62.454,5,speedlimit
2026-09-10T14:48+02:00,A15,R,60.49,2,speedlimit
2026-09-10T14:48+02:00,A20,R,27.488,2,speedlimit
2026-09-10T14:48+02:00,A20,t,28.895,1,speedlimit
2026-09-10T14:48+02:00,A20,L,32.8,1,speedlimit
2026-09-10T14:48+02:00,A15,L,84.87,1,speedlimit
2026-09-10T14:48+02:00,A15,L,47.332,3,lane_closed
2026-09-10T14:48+02:00,A20,R,28.8,2,speedlimit
2026-09-10T14:48+02:00,A15,R,94.725,1,speedlimit
2026-09-10T14:48+02:00,A20,L,31.1,1,speedlimit
2026-09-10T14:48+02:00,A13,L,16.19,3,lane_closed
2026-09-10T14:48+02:00,A13,L,15.035,5,lane_closed
2026-09-10T14:48+02:00,A16,R,32.76,2,speedlimit
2026-09-10T14:48+02:00,A16,R,32.518,3,speedlimit
2026-09-10T14:48+02:00,A4,L,27.537,2,speedlimit
2026-09-10T14:48+02:00,A15,L,48.05,4,speedlimit
2026-09-10T14:48+02:00,A20,L,27.8,1,speedlimit
2026-09-10T14:48+02:00,A4,L,27.89,1,speedlimit
2026-09-10T14:48+02:00,A16,L,39.875,1,speedlimit
2026-09-10T14:48+02:00,A16,R,29.28,3,speedlimit
2026-09-10T14:48+02:00,A16,R,32.933,2,speedlimit
2026-09-10T14:48+02:00,A16,L,39.25,1,speedlimit
2026-09-10T14:48+02:00,A15,L,47.332,2,speedlimit
2026-09-10T14:48+02:00,A20,R,29.1,2,speedlimit
2026-09-10T14:48+02:00,A16,R,28.78,1,speedlimit
2026-09-10T14:48+02:00,A13,g,18.7,1,speedlimit
2026-09-10T14:48+02:00,A15,m,62.998,2,speedlimit
2026-09-10T14:48+02:00,A20,R,28.57,2,speedlimit
2026-09-10T14:48+02:00,A20,R,40.985,2,speedlimit
2026-09-10T14:48+02:00,A20,R,26.64,2,speedlimit
2026-09-10T14:48+02:00,A15,L,64.2,3,speedlimit
2026-09-10T14:48+02:00,A20,L,29.1,1,speedlimit
2026-09-10T14:48+02:00,A16,L,39.875,2,speedlimit
2026-09-10T14:48+02:00,A4,R,33.17,1,speedlimit
2026-09-10T14:48+02:00,A16,L,41.53,2,speedlimit
2026-09-10T14:48+02:00,A13,L,18.2,1,speedlimit
2026-09-10T14:48+02:00,A15,e,63.451,1,lane_closed
2026-09-10T14:48+02:00,A16,L,29.37,5,speedlimit
2026-09-10T14:48+02:00,A4,L,27.05,1,speedlimit
2026-09-10T14:48+02:00,A15,L,64.67,2,speedlimit
2026-09-10T14:48+02:00,A13,L,12.7,4,lane_closed
2026-09-10T14:48+02:00,A20,L,31.88,2,speedlimit
2026-09-10T14:48+02:00,A4,R,32.85,5,speedlimit
2026-09-10T14:48+02:00,A15,R,62.454,4,speedlimit
2026-09-10T14:48+02:00,A16,R,32.933,3,speedlimit
2026-09-10T14:48+02:00,A20,L,28.085,2,speedlimit
2026-09-10T14:48+02:00,A16,m,33.609,2,speedlimit
2026-09-10T14:48+02:00,A15,R,62.062,3,speedlimit
2026-09-10T14:48+02:00,A20,R,30.6,3,speedlimit
2026-09-10T14:48+02:00,A4,L,26.58,1,speedlimit
2026-09-10T14:48+02:00,A15,R,62.062,4,speedlimit
2026-09-10T14:48+02:00,A29,s,9.91,1,speedlimit
2026-09-10T14:48+02:00,A15,L,84.87,2,speedlimit
2026-09-10T14:48+02:00,A16,L,40.4,3,speedlimit
2026-09-10T14:48+02:00,A16,R,47.07,1,speedlimit
2026-09-10T14:48+02:00,A16,R,66.52,4,speedlimit
2026-09-10T14:48+02:00,A20,R,29.8,2,speedlimit
2026-09-10T14:48+02:00,A15,m,95.76,1,speedlimit
2026-09-10T14:48+02:00,A4,L,25.95,1,speedlimit
2026-09-10T14:48+02:00,A15,L,64.2,1,lane_closed
2026-09-10T14:48+02:00,A20,R,27.235,2,speedlimit
2026-09-10T14:48+02:00,A15,R,59.95,1,speedlimit
2026-09-10T14:48+02:00,A15,L,77.045,3,speedlimit
2026-09-10T14:48+02:00,A13,R,18.2,1,speedlimit
2026-09-10T14:48+02:00,A16,m,33.848,1,speedlimit
2026-09-10T14:48+02:00,A16,R,25.66,2,speedlimit
2026-09-10T14:48+02:00,A16,R,66.52,3,speedlimit
2026-09-10T14:48+02:00,A15,L,75.86,2,speedlimit
2026-09-10T14:48+02:00,A16,L,30.73,1,speedlimit
2026-09-10T14:48+02:00,A4,L,25.35,2,speedlimit
2026-09-10T14:48+02:00,A15,L,65.25,1,lane_closed_ahead
2026-09-10T14:48+02:00,A16,L,40.93,1,speedlimit
2026-09-10T14:48+02:00,A15,L,76.745,1,lane_closed_ahead
2026-09-10T14:48+02:00,A15,e,95.55,1,speedlimit
2026-09-10T14:48+02:00,A13,e,19.1,1,speedlimit
2026-09-10T14:48+02:00,A16,R,28.78,4,speedlimit
2026-09-10T14:48+02:00,A4,L,23.5,1,speedlimit
2026-09-10T14:48+02:00,A16,L,40.4,1,speedlimit
2026-09-10T14:48+02:00,A20,L,47.5,1,speedlimit
2026-09-10T14:48+02:00,A15,L,75.86,3,speedlimit
2026-09-10T14:48+02:00,A16,R,66.81,4,speedlimit
2026-09-10T14:48+02:00,A16,L,30.73,2,speedlimit
2026-09-10T14:48+02:00,A4,L,8.14,1,speedlimit
2026-09-10T14:48+02:00,A15,R,60.49,1,speedlimit
2026-09-10T14:48+02:00,A13,L,17.8,3,speedlimit
2026-09-10T14:48+02:00,A4,R,41.6,3,speedlimit
2026-09-10T14:48+02:00,A16,R,48.03,3,speedlimit
2026-09-10T14:48+02:00,A16,L,35.48,3,speedlimit
2026-09-10T14:48+02:00,A16,L,29.37,1,speedlimit
2026-09-10T14:48+02:00,A4,R,40.7,1,speedlimit
2026-09-10T14:48+02:00,A20,R,31.26,1,speedlimit
2026-09-10T14:48+02:00,A20,L,45.61,1,speedlimit
2026-09-10T14:48+02:00,A15,R,61.05,5,speedlimit
2026-09-10T14:48+02:00,A16,L,41.53,3,speedlimit
2026-09-10T14:48+02:00,A15,R,95.76,1,speedlimit
2026-09-10T14:48+02:00,A15,L,47.332,1,speedlimit
2026-09-10T14:48+02:00,A20,R,42.0,2,speedlimit
2026-09-10T14:48+02:00,A20,R,40.985,3,speedlimit
2026-09-10T14:48+02:00,A15,R,59.2,4,speedlimit
2026-09-10T14:48+02:00,A15,R,97.2,1,speedlimit
2026-09-10T14:48+02:00,A15,R,61.33,2,speedlimit
2026-09-10T14:48+02:00,A20,R,41.6,3,speedlimit
2026-09-10T14:48+02:00,A15,L,70.95,1,speedlimit
2026-09-10T14:48+02:00,A16,R,30.71,3,speedlimit
2026-09-10T14:48+02:00,A20,L,29.826,3,speedlimit
2026-09-10T14:48+02:00,A16,R,30.71,1,speedlimit
2026-09-10T14:48+02:00,A16,L,46.43,3,speedlimit
2026-09-10T14:48+02:00,A16,L,35.76,3,speedlimit
2026-09-10T14:48+02:00,A4,h,45.58,3,lane_closed
2026-09-10T14:48+02:00,A15,e,64.5,2,lane_closed
2026-09-10T14:48+02:00,A20,L,29.5,1,speedlimit
2026-09-10T14:48+02:00,A20,R,28.8,3,speedlimit
2026-09-10T14:48+02:00,A20,R,29.5,1,speedlimit
2026-09-10T14:48+02:00,A16,R,28.315,2,speedlimit
2026-09-10T14:48+02:00,A20,L,33.36,3,speedlimit
2026-09-10T14:48+02:00,A16,m,33.609,1,speedlimit
2026-09-10T14:48+02:00,A20,R,41.6,1,speedlimit
2026-09-10T14:48+02:00,A15,R,60.76,3,speedlimit
2026-09-10T14:48+02:00,A15,R,63.052,1,lane_closed
2026-09-10T14:48+02:00,A16,R,33.135,3,speedlimit
2026-09-10T14:48+02:00,A15,R,59.95,2,speedlimit
2026-09-10T14:48+02:00,A15,L,81.71,2,speedlimit
2026-09-10T14:48+02:00,A13,L,11.25,4,lane_closed
2026-09-10T14:48+02:00,A20,R,40.985,1,speedlimit
2026-09-10T14:48+02:00,A20,L,30.9,1,speedlimit
2026-09-10T14:48+02:00,A16,R,24.71,1,speedlimit
2026-09-10T14:48+02:00,A15,R,96.26,1,speedlimit
2026-09-10T14:48+02:00,A16,L,38.73,2,speedlimit
2026-09-10T14:48+02:00,A16,R,32.518,2,speedlimit
2026-09-10T14:48+02:00,A13,R,18.2,4,speedlimit
2026-09-10T14:48+02:00,A16,R,32.22,4,speedlimit
2026-09-10T14:48+02:00,A15,m,59.58,1,speedlimit
2026-09-10T14:48+02:00,A13,L,10.3,1,speedlimit
2026-09-10T14:48+02:00,A16,L,36.07,3,speedlimit
2026-09-10T14:48+02:00,A16,R,33.609,1,speedlimit
2026-09-10T14:48+02:00,A16,R,48.03,4,speedlimit
2026-09-10T14:48+02:00,A13,R,18.7,1,speedlimit
2026-09-10T14:48+02:00,A15,L,64.67,5,speedlimit
2026-09-10T14:48+02:00,A16,R,30.05,3,speedlimit
2026-09-10T14:48+02:00,A15,n,95.855,1,speedlimit
2026-09-10T14:48+02:00,A16,L,35.48,5,speedlimit
2026-09-10T14:48+02:00,A4,L,23.0,1,speedlimit
2026-09-10T14:48+02:00,A20,c,27.488,1,speedlimit
2026-09-10T14:48+02:00,A20,R,31.9,3,speedlimit
2026-09-10T14:48+02:00,A4,L,27.05,3,speedlimit
2026-09-10T14:48+02:00,A13,R,16.655,3,speedlimit
2026-09-10T14:48+02:00,A15,L,77.865,3,speedlimit
2026-09-10T14:48+02:00,A4,L,27.05,2,speedlimit
2026-09-10T14:48+02:00,A15,L,47.68,2,speedlimit
2026-09-10T14:48+02:00,A15,L,77.613,2,speedlimit
2026-09-10T14:48+02:00,A15,e,63.451,2,lane_closed
2026-09-10T14:48+02:00,A4,L,24.75,3,speedlimit
2026-09-10T14:48+02:00,A15,L,82.1,1,speedlimit
2026-09-10T14:48+02:00,A20,L,29.1,2,speedlimit
2026-09-10T14:48+02:00,A16,R,32.76,1,speedlimit
2026-09-10T14:48+02:00,A15,L,63.56,1,lane_closed
2026-09-10T14:48+02:00,A20,R,29.8,3,speedlimit
2026-09-10T14:48+02:00,A13,L,18.2,2,speedlimit
2026-09-10T14:48+02:00,A20,R,26.4,3,speedlimit
2026-09-10T14:48+02:00,A16,R,25.66,3,speedlimit
2026-09-10T14:48+02:00,A16,L,46.935,1,speedlimit
2026-09-10T14:48+02:00,A15,R,60.76,4,speedlimit
2026-09-10T14:48+02:00,A15,R,97.2,2,speedlimit
2026-09-10T14:48+02:00,A16,L,47.41,4,speedlimit
2026-09-10T14:48+02:00,A20,R,26.93,1,speedlimit
2026-09-10T14:48+02:00,A15,R,63.052,4,speedlimit
2026-09-10T14:48+02:00,A16,L,35.48,4,speedlimit
2026-09-10T14:48+02:00,A15,R,61.63,2,speedlimit
2026-09-10T14:48+02:00,A15,R,60.76,1,speedlimit
2026-09-10T14:48+02:00,A15,L,80.6,3,speedlimit
2026-09-10T14:48+02:00,A16,L,30.73,3,speedlimit
2026-09-10T14:48+02:00,A15,R,95.19,1,speedlimit
2026-09-10T14:48+02:00,A20,R,26.4,2,speedlimit
2026-09-10T14:48+02:00,A16,L,45.805,3,speedlimit
2026-09-10T14:48+02:00,A4,R,32.4,1,speedlimit
2026-09-10T14:48+02:00,A15,L,63.56,3,speedlimit
2026-09-10T14:48+02:00,A20,L,27.488,2,speedlimit
2026-09-10T14:48+02:00,A20,L,30.196,3,speedlimit
2026-09-10T14:48+02:00,A4,h,46.06,1,speedlimit
2026-09-10T14:48+02:00,A16,g,67.5,2,speedlimit
2026-09-10T14:48+02:00,A20,L,28.41,1,speedlimit
2026-09-10T14:48+02:00,A13,L,13.18,4,lane_closed
2026-09-10T14:48+02:00,A16,R,47.73,3,speedlimit
2026-09-10T14:48+02:00,A16,L,47.41,3,speedlimit
2026-09-10T14:48+02:00,A13,L,17.8,2,speedlimit
2026-09-10T14:48+02:00,A15,m,62.998,1,speedlimit
2026-09-10T14:48+02:00,A15,L,84.475,2,speedlimit
2026-09-10T14:48+02:00,A16,m,33.778,1,speedlimit
2026-09-10T14:48+02:00,A4,R,42.19,1,speedlimit
2026-09-10T14:48+02:00,A20,L,46.045,2,speedlimit
2026-09-10T14:48+02:00,A16,R,28.78,3,speedlimit
2026-09-10T14:48+02:00,A16,R,30.71,2,speedlimit
2026-09-10T14:48+02:00,A15,L,48.05,2,speedlimit
2026-09-10T14:48+02:00,A15,e,63.942,2,lane_closed
2026-09-10T14:48+02:00,A16,L,46.935,3,speedlimit
2026-09-10T14:48+02:00,A20,R,28.57,1,speedlimit
2026-09-10T14:48+02:00,A4,L,8.635,4,speedlimit
2026-09-10T14:48+02:00,A20,R,25.3,3,speedlimit
2026-09-10T14:48+02:00,A20,R,30.196,4,speedlimit
2026-09-10T14:48+02:00,A15,L,76.31,3,speedlimit
2026-09-10T14:48+02:00,A4,R,32.85,2,speedlimit
2026-09-10T14:48+02:00,A20,R,42.485,3,speedlimit
2026-09-10T14:48+02:00,A16,R,24.39,3,speedlimit
2026-09-10T14:48+02:00,A15,L,77.045,2,speedlimit
2026-09-10T14:48+02:00,A20,t,29.6,2,speedlimit
2026-09-10T14:48+02:00,A16,R,24.71,4,speedlimit
2026-09-10T14:48+02:00,A16,L,35.48,1,speedlimit
2026-09-10T14:48+02:00,A15,L,78.48,2,speedlimit
2026-09-10T14:48+02:00,A15,R,64.013,1,speedlimit
2026-09-10T14:48+02:00,A15,L,64.67,4,speedlimit
2026-09-10T14:48+02:00,A16,R,47.73,2,speedlimit
2026-09-10T14:48+02:00,A16,L,40.93,2,speedlimit
2026-09-10T14:48+02:00,A15,L,71.42,1,speedlimit
2026-09-10T14:48+02:00,A20,L,47.5,2,speedlimit
2026-09-10T14:48+02:00,A4,L,8.635,3,speedlimit
2026-09-10T14:48+02:00,A20,R,42.485,1,speedlimit
2026-09-10T14:48+02:00,A15,L,65.685,1,speedlimit
2026-09-10T14:48+02:00,A15,L,64.67,1,lane_closed
2026-09-10T14:48+02:00,A13,L,10.3,2,speedlimit
2026-09-10T14:48+02:00,A16,L,48.03,2,speedlimit
2026-09-10T14:48+02:00,A15,L,84.01,2,speedlimit
2026-09-10T14:48+02:00,A20,R,26.93,2,speedlimit
2026-09-10T14:48+02:00,A20,L,30.9,3,speedlimit
2026-09-10T14:48+02:00,A15,R,64.013,2,speedlimit
2026-09-10T14:48+02:00,A13,L,18.8,3,speedlimit
2026-09-10T14:48+02:00,A20,L,46.045,1,speedlimit
2026-09-10T14:48+02:00,A13,L,10.3,4,speedlimit
2026-09-10T14:48+02:00,A20,R,28.8,1,speedlimit
2026-09-10T14:48+02:00,A16,b,32.5,1,speedlimit
2026-09-10T14:48+02:00,A15,L,70.95,4,speedlimit
2026-09-10T14:48+02:00,A16,R,25.2,2,speedlimit
2026-09-10T14:48+02:00,A4,R,42.775,3,speedlimit
2026-09-10T14:48+02:00,A15,R,61.05,2,speedlimit
2026-09-10T14:48+02:00,A15,R,63.533,1,speedlimit
2026-09-10T14:48+02:00,A13,L,18.8,1,speedlimit
2026-09-10T14:48+02:00,A4,h,46.4,2,speedlimit
2026-09-10T14:48+02:00,A13,R,16.2,2,speedlimit
2026-09-10T14:48+02:00,A16,L,29.37,3,speedlimit
2026-09-10T14:48+02:00,A16,R,33.848,2,speedlimit
2026-09-10T14:48+02:00,A16,R,47.73,1,speedlimit
2026-09-10T14:48+02:00,A4,R,33.8,2,speedlimit
2026-09-10T14:48+02:00,A16,L,46.935,4,speedlimit
2026-09-10T14:48+02:00,A20,L,31.4,3,speedlimit
2026-09-10T14:48+02:00,A20,L,30.196,4,speedlimit
2026-09-10T14:48+02:00,A15,R,97.66,2,speedlimit
2026-09-10T14:48+02:00,A15,L,71.42,2,speedlimit
2026-09-10T14:48+02:00,A20,L,48.2,1,speedlimit
2026-09-10T14:48+02:00,A13,R,18.2,2,speedlimit
2026-09-10T14:48+02:00,A13,L,10.3,3,speedlimit
2026-09-10T14:48+02:00,A16,L,47.41,2,speedlimit
2026-09-10T14:48+02:00,A13,L,17.8,1,speedlimit
2026-09-10T14:48+02:00,A16,L,38.73,3,speedlimit
2026-09-10T14:48+02:00,A20,R,29.8,1,speedlimit
2026-09-10T14:48+02:00,A16,R,33.135,1,speedlimit
2026-09-10T14:48+02:00,A20,R,31.26,2,speedlimit
2026-09-10T14:48+02:00,A16,L,45.39,3,speedlimit
2026-09-10T14:48+02:00,A16,R,48.03,2,speedlimit
2026-09-10T14:48+02:00,A20,R,25.7,1,speedlimit
2026-09-10T14:48+02:00,A16,L,39.25,2,speedlimit
2026-09-10T14:48+02:00,A15,L,76.745,4,speedlimit
2026-09-10T14:48+02:00,A20,R,31.26,3,speedlimit
2026-09-10T14:48+02:00,A20,L,46.4,2,speedlimit
2026-09-10T14:48+02:00,A15,L,70.95,2,speedlimit
2026-09-10T14:48+02:00,A15,L,77.865,1,speedlimit
2026-09-10T14:48+02:00,A20,R,26.64,3,speedlimit
2026-09-10T14:48+02:00,A20,R,26.64,4,speedlimit
2026-09-10T14:48+02:00,A16,L,40.93,3,speedlimit
2026-09-10T14:48+02:00,A4,R,42.775,1,speedlimit
2026-09-10T14:48+02:00,A16,L,41.96,2,speedlimit
2026-09-10T14:48+02:00,A20,R,26.4,1,speedlimit
2026-09-10T14:48+02:00,A15,p,63.533,2,speedlimit
2026-09-10T14:48+02:00,A13,R,17.1,1,speedlimit
2026-09-10T14:48+02:00,A15,R,59.2,3,speedlimit
2026-09-10T14:48+02:00,A15,k,70.5,1,speedlimit
2026-09-10T14:48+02:00,A15,L,81.27,1,speedlimit
2026-09-10T14:48+02:00,A20,R,29.5,3,speedlimit
2026-09-10T14:48+02:00,A20,L,47.0,2,speedlimit
2026-09-10T14:48+02:00,A20,L,47.8,2,speedlimit
2026-09-10T14:48+02:00,A16,R,32.76,3,speedlimit
2026-09-10T14:48+02:00,A16,R,30.71,4,speedlimit
2026-09-10T14:48+02:00,A13,L,13.7,4,lane_closed
2026-09-10T14:48+02:00,A16,L,45.39,2,speedlimit
2026-09-10T14:48+02:00,A15,L,63.56,2,speedlimit
2026-09-10T14:48+02:00,A20,L,47.0,1,speedlimit
2026-09-10T14:48+02:00,A20,R,41.6,2,speedlimit
2026-09-10T14:48+02:00,A15,p,63.533,1,speedlimit
2026-09-10T14:48+02:00,A13,L,14.2,4,lane_closed
2026-09-10T14:48+02:00,A15,R,97.66,1,speedlimit
2026-09-10T14:48+02:00,A15,R,60.76,2,speedlimit
2026-09-10T14:48+02:00,A16,R,24.39,1,speedlimit
2026-09-10T14:48+02:00,A4,h,46.4,1,speedlimit
2026-09-10T14:48+02:00,A15,L,48.332,1,speedlimit
2026-09-10T14:48+02:00,A20,t,29.6,1,speedlimit
2026-09-10T14:48+02:00,A16,R,33.43,1,speedlimit
2026-09-10T14:48+02:00,A15,L,77.613,3,speedlimit
2026-09-10T14:48+02:00,A15,L,65.685,4,speedlimit
2026-09-10T14:48+02:00,A15,L,48.05,1,speedlimit
2026-09-10T14:48+02:00,A20,R,29.8,4,speedlimit
2026-09-10T14:48+02:00,A4,L,8.14,3,speedlimit
2026-09-10T14:48+02:00,A16,R,34.068,1,speedlimit
2026-09-10T14:48+02:00,A20,L,46.4,1,speedlimit
2026-09-10T14:48+02:00,A13,R,18.7,2,speedlimit
2026-09-10T14:48+02:00,A16,m,33.43,2,speedlimit
2026-09-10T14:48+02:00,A16,m,33.848,2,speedlimit
2026-09-10T14:48+02:00,A4,L,27.89,3,speedlimit
2026-09-10T14:48+02:00,A20,R,27.488,1,speedlimit
2026-09-10T14:48+02:00,A16,L,48.03,3,speedlimit
2026-09-10T14:48+02:00,A4,R,32.85,1,speedlimit
2026-09-10T14:48+02:00,A15,R,62.454,1,lane_closed
2026-09-10T14:48+02:00,A16,m,33.43,1,speedlimit
2026-09-10T14:48+02:00,A20,R,29.5,2,speedlimit
2026-09-10T14:48+02:00,A20,L,27.2,2,speedlimit
2026-09-10T14:48+02:00,A16,R,32.518,1,speedlimit
2026-09-10T14:48+02:00,A13,R,18.963,1,speedlimit
2026-09-10T14:48+02:00,A13,L,17.1,1,speedlimit
2026-09-10T14:48+02:00,A4,R,33.17,3,speedlimit
2026-09-10T14:48+02:00,A15,R,61.63,3,speedlimit
2026-09-10T14:48+02:00,A20,L,31.88,3,speedlimit
2026-09-10T14:48+02:00,A20,L,45.61,2,speedlimit
2026-09-10T14:48+02:00,A16,R,66.81,1,speedlimit
2026-09-10T14:48+02:00,A16,R,24.39,2,speedlimit
2026-09-10T14:48+02:00,A13,L,17.1,4,speedlimit
2026-09-10T14:48+02:00,A13,R,16.655,2,speedlimit
2026-09-10T14:48+02:00,A13,L,15.55,5,lane_closed
2026-09-10T14:48+02:00,A15,L,75.375,3,speedlimit
2026-09-10T14:48+02:00,A15,R,95.76,2,speedlimit
2026-09-10T14:48+02:00,A16,L,30.2,3,speedlimit
2026-09-10T14:48+02:00,A15,L,76.31,2,speedlimit
2026-09-10T14:48+02:00,A4,L,23.0,2,speedlimit
2026-09-10T14:48+02:00,A15,R,59.95,3,speedlimit
2026-09-10T14:48+02:00,A15,L,77.613,1,speedlimit
2026-09-10T14:48+02:00,A20,L,32.8,3,speedlimit
2026-09-10T14:48+02:00,A15,R,61.63,6,speedlimit
2026-09-10T14:48+02:00,A16,R,29.28,1,speedlimit
2026-09-10T14:48+02:00,A20,R,25.3,2,speedlimit
2026-09-10T14:48+02:00,A15,L,48.69,4,speedlimit
2026-09-10T14:48+02:00,A20,R,30.196,1,speedlimit
2026-09-10T14:48+02:00,A16,R,28.315,1,speedlimit
2026-09-10T14:48+02:00,A20,L,29.826,4,speedlimit
2026-09-10T14:48+02:00,A16,R,32.933,4,speedlimit
2026-09-10T14:48+02:00,A16,L,30.2,4,speedlimit
2026-09-10T14:48+02:00,A16,L,36.355,1,speedlimit
2026-09-10T14:48+02:00,A16,R,29.28,2,speedlimit
2026-09-10T14:48+02:00,A16,L,46.43,2,speedlimit
2026-09-10T14:48+02:00,A4,L,27.537,1,speedlimit
2026-09-10T14:48+02:00,A16,L,41.53,1,speedlimit
2026-09-10T14:48+02:00,A16,R,66.81,2,speedlimit
2026-09-10T14:48+02:00,A20,s,29.6,1,speedlimit
2026-09-10T14:48+02:00,A20,L,28.57,2,speedlimit
2026-09-10T14:48+02:00,A20,R,30.6,2,speedlimit
2026-09-10T14:48+02:00,A15,L,82.4,1,speedlimit
2026-09-10T14:48+02:00,A15,R,59.57,1,speedlimit
2026-09-10T14:48+02:00,A16,R,29.28,6,speedlimit
2026-09-10T14:48+02:00,A29,s,9.91,2,speedlimit
2026-09-10T14:48+02:00,A15,L,65.25,3,speedlimit
2026-09-10T14:48+02:00,A15,L,48.332,2,speedlimit
2026-09-10T14:48+02:00,A13,L,17.1,2,speedlimit
2026-09-10T14:48+02:00,A16,g,67.5,1,speedlimit
2026-09-10T14:48+02:00,A20,L,28.57,3,speedlimit
2026-09-10T14:48+02:00,A15,R,59.57,3,speedlimit
2026-09-10T14:48+02:00,A15,L,64.67,3,speedlimit
2026-09-10T14:48+02:00,A20,R,26.4,4,speedlimit
2026-09-10T14:48+02:00,A20,R,30.196,2,speedlimit
2026-09-10T14:48+02:00,A13,R,17.8,3,speedlimit
2026-09-10T14:48+02:00,A16,L,29.37,2,speedlimit
2026-09-10T14:48+02:00,A16,R,32.22,1,speedlimit
2026-09-10T14:48+02:00,A15,n,95.855,2,speedlimit
2026-09-10T15:49+02:00,A4,R,13.627,3,speedlimit
2026-09-10T15:49+02:00,A4,L,11.24,2,speedlimit
2026-09-10T15:49+02:00,A16,L,33.125,1,speedlimit
2026-09-10T15:49+02:00,A29,R,16.275,1,speedlimit
2026-09-10T15:49+02:00,A13,L,16.7,1,speedlimit
2026-09-10T15:49+02:00,A4,R,16.655,7,speedlimit
2026-09-10T15:49+02:00,A4,R,13.14,2,speedlimit
2026-09-10T15:49+02:00,A20,R,40.2,3,speedlimit
2026-09-10T15:49+02:00,A15,R,85.262,2,speedlimit
2026-09-10T15:49+02:00,A4,R,40.7,4,speedlimit
2026-09-10T15:49+02:00,A16,R,28.78,5,speedlimit
2026-09-10T15:49+02:00,A15,R,84.87,1,speedlimit
2026-09-10T15:49+02:00,A16,R,33.848,1,speedlimit
2026-09-10T15:49+02:00,A16,L,40.4,2,speedlimit
2026-09-10T15:49+02:00,A16,R,61.39,1,speedlimit
2026-09-10T15:49+02:00,A16,x,18.9,3,speedlimit
2026-09-10T15:49+02:00,A4,R,14.357,1,speedlimit
2026-09-10T15:49+02:00,A15,R,59.2,2,speedlimit
2026-09-10T15:49+02:00,A16,R,11.7,2,speedlimit
2026-09-10T15:49+02:00,A16,R,30.05,1,speedlimit
2026-09-10T15:49+02:00,A15,n,95.285,2,speedlimit
2026-09-10T15:49+02:00,A4,L,60.69,1,speedlimit
2026-09-10T15:49+02:00,A4,R,42.19,3,speedlimit
2026-09-10T15:49+02:00,A20,L,30.196,2,speedlimit
2026-09-10T15:49+02:00,A16,R,10.5,4,speedlimit
2026-09-10T15:49+02:00,A4,R,32.4,3,speedlimit
2026-09-10T15:49+02:00,A15,R,77.003,3,speedlimit
2026-09-10T15:49+02:00,A16,R,32.22,3,speedlimit
2026-09-10T15:49+02:00,A4,L,10.831,5,speedlimit
2026-09-10T15:49+02:00,A16,L,41.96,3,speedlimit
2026-09-10T15:49+02:00,A13,R,16.655,1,speedlimit
2026-09-10T15:49+02:00,A16,R,66.52,2,speedlimit
2026-09-10T15:49+02:00,A4,R,49.84,2,speedlimit
2026-09-10T15:49+02:00,A13,R,17.1,2,speedlimit
2026-09-10T15:49+02:00,A15,R,80.6,2,speedlimit
2026-09-10T15:49+02:00,A29,R,15.18,4,speedlimit
2026-09-10T15:49+02:00,A4,R,47.51,4,speedlimit
2026-09-10T15:49+02:00,A4,R,11.88,1,speedlimit
2026-09-10T15:49+02:00,A16,L,36.355,2,speedlimit
2026-09-10T15:49+02:00,A4,R,15.529,5,speedlimit
2026-09-10T15:49+02:00,A4,m,35.48,2,speedlimit
2026-09-10T15:49+02:00,A15,k,70.5,2,speedlimit
2026-09-10T15:49+02:00,A4,R,46.35,1,speedlimit
2026-09-10T15:49+02:00,A4,R,29.44,1,speedlimit
2026-09-10T15:49+02:00,A15,R,90.64,1,speedlimit
2026-09-10T15:49+02:00,A16,x,18.9,1,speedlimit
2026-09-10T15:49+02:00,A29,v,10.39,1,speedlimit
2026-09-10T15:49+02:00,A15,n,61.78,3,speedlimit
2026-09-10T15:49+02:00,A15,L,74.625,2,speedlimit
2026-09-10T15:49+02:00,A15,R,58.05,4,speedlimit
2026-09-10T15:49+02:00,A16,R,62.38,3,speedlimit
2026-09-10T15:49+02:00,A4,R,13.14,4,speedlimit
2026-09-10T15:49+02:00,A15,R,83.55,3,speedlimit
2026-09-10T15:49+02:00,A4,m,12.28,1,speedlimit
2026-09-10T15:49+02:00,A15,R,77.003,1,speedlimit
2026-09-10T15:49+02:00,A4,R,31.905,2,speedlimit
2026-09-10T15:49+02:00,A15,R,77.865,5,speedlimit
2026-09-10T15:49+02:00,A4,L,11.24,5,speedlimit
2026-09-10T15:49+02:00,A20,R,34.684,2,speedlimit
2026-09-10T15:49+02:00,A13,R,18.5,1,speedlimit
2026-09-10T15:49+02:00,A4,R,44.56,1,speedlimit
2026-09-10T15:49+02:00,A16,R,9.95,1,speedlimit
2026-09-10T15:49+02:00,A16,R,27.695,3,speedlimit
2026-09-10T15:49+02:00,A20,R,34.684,3,speedlimit
2026-09-10T15:49+02:00,A4,L,49.37,1,speedlimit
2026-09-10T15:49+02:00,A15,L,73.25,1,speedlimit
2026-09-10T15:49+02:00,A4,R,41.6,4,speedlimit
2026-09-10T15:49+02:00,A16,R,28.315,5,speedlimit
2026-09-10T15:49+02:00,A20,L,29.5,2,speedlimit
2026-09-10T15:49+02:00,A15,L,74.275,3,speedlimit
2026-09-10T15:49+02:00,A4,R,14.357,3,speedlimit
2026-09-10T15:49+02:00,A16,R,11.866,1,speedlimit
2026-09-10T15:49+02:00,A13,R,18.5,4,speedlimit
2026-09-10T15:49+02:00,A16,L,35.76,2,speedlimit
2026-09-10T15:49+02:00,A4,R,48.79,1,speedlimit
2026-09-10T15:49+02:00,A15,m,58.46,3,speedlimit
2026-09-10T15:49+02:00,A20,R,42.485,2,speedlimit
2026-09-10T15:49+02:00,A4,R,48.24,1,speedlimit
2026-09-10T15:49+02:00,A13,R,18.2,3,speedlimit
2026-09-10T15:49+02:00,A16,R,10.5,3,speedlimit
2026-09-10T15:49+02:00,A16,p,27.6,2,speedlimit
2026-09-10T15:49+02:00,A20,R,28.1,1,speedlimit
2026-09-10T15:49+02:00,A20,R,30.196,3,speedlimit
2026-09-10T15:49+02:00,A4,R,42.19,2,speedlimit
2026-09-10T15:49+02:00,A15,L,73.25,2,speedlimit
2026-09-10T15:49+02:00,A4,R,33.17,2,speedlimit
2026-09-10T15:49+02:00,A4,R,15.529,2,speedlimit
2026-09-10T15:49+02:00,A16,R,26.45,4,speedlimit
2026-09-10T15:49+02:00,A15,R,81.71,2,speedlimit
2026-09-10T15:49+02:00,A20,L,47.8,1,speedlimit
2026-09-10T15:49+02:00,A15,L,73.25,3,speedlimit
2026-09-10T15:49+02:00,A4,m,13.627,1,speedlimit
2026-09-10T15:49+02:00,A4,m,49.33,2,speedlimit
2026-09-10T15:49+02:00,A20,L,36.94,1,speedlimit
2026-09-10T15:49+02:00,A15,R,80.6,1,speedlimit
2026-09-10T15:49+02:00,A15,R,58.05,1,speedlimit
2026-09-10T15:49+02:00,A4,R,12.51,2,speedlimit
2026-09-10T15:49+02:00,A15,R,58.46,2,speedlimit
2026-09-10T15:49+02:00,A16,b,11.392,1,speedlimit
2026-09-10T15:49+02:00,A16,L,46.935,2,speedlimit
2026-09-10T15:49+02:00,A4,R,73.974,2,speedlimit
2026-09-10T15:49+02:00,A15,R,56.6,3,speedlimit
2026-09-10T15:49+02:00,A15,n,95.855,3,speedlimit
2026-09-10T15:49+02:00,A15,L,75.075,1,speedlimit
2026-09-10T15:49+02:00,A4,R,41.6,1,speedlimit
2026-09-10T15:49+02:00,A13,R,17.8,2,speedlimit
2026-09-10T15:49+02:00,A20,L,36.625,5,speedlimit
2026-09-10T15:49+02:00,A15,R,80.89,3,speedlimit
2026-09-10T15:49+02:00,A15,R,61.05,6,speedlimit
2026-09-10T15:49+02:00,A4,m,74.194,3,speedlimit
2026-09-10T15:49+02:00,A4,R,56.518,2,speedlimit
2026-09-10T15:49+02:00,A20,s,29.6,2,speedlimit
2026-09-10T15:49+02:00,A15,L,65.25,2,speedlimit
2026-09-10T15:49+02:00,A15,L,95.855,2,speedlimit
2026-09-10T15:49+02:00,A15,L,65.685,3,speedlimit
2026-09-10T15:49+02:00,A16,R,33.135,4,speedlimit
2026-09-10T15:49+02:00,A4,R,49.33,2,speedlimit
2026-09-10T15:49+02:00,A15,R,81.27,3,speedlimit
2026-09-10T15:49+02:00,A15,R,80.1,3,speedlimit
2026-09-10T15:49+02:00,A16,L,34.335,1,speedlimit
2026-09-10T15:49+02:00,A15,R,81.71,1,speedlimit
2026-09-10T15:49+02:00,A15,R,58.05,2,speedlimit
2026-09-10T15:49+02:00,A4,R,74.737,1,speedlimit
2026-09-10T15:49+02:00,A4,R,16.07,6,speedlimit
2026-09-10T15:49+02:00,A4,R,45.28,1,speedlimit
2026-09-10T15:49+02:00,A4,L,11.62,3,speedlimit
2026-09-10T15:49+02:00,A15,R,90.64,2,speedlimit
2026-09-10T15:49+02:00,A20,R,26.93,4,speedlimit
2026-09-10T15:49+02:00,A16,L,29.02,2,speedlimit
2026-09-10T15:49+02:00,A20,R,28.57,3,speedlimit
2026-09-10T15:49+02:00,A15,L,70.95,3,speedlimit
2026-09-10T15:49+02:00,A16,L,36.355,3,speedlimit
2026-09-10T15:49+02:00,A20,L,36.625,2,speedlimit
2026-09-10T15:49+02:00,A15,R,77.613,1,speedlimit
2026-09-10T15:49+02:00,A4,m,74.194,2,speedlimit
2026-09-10T15:49+02:00,A16,L,43.69,1,speedlimit
2026-09-10T15:49+02:00,A15,R,61.05,1,lane_closed
2026-09-10T15:49+02:00,A29,v,10.8,1,speedlimit
2026-09-10T15:49+02:00,A16,L,34.018,1,speedlimit
2026-09-10T15:49+02:00,A16,R,31.74,5,speedlimit
2026-09-10T15:49+02:00,A4,R,45.98,4,speedlimit
2026-09-10T15:49+02:00,A29,s,9.64,2,speedlimit
2026-09-10T15:49+02:00,A13,L,18.8,2,speedlimit
2026-09-10T15:49+02:00,A15,R,60.49,4,lane_closed_ahead
2026-09-10T15:49+02:00,A4,R,15.183,5,speedlimit
2026-09-10T15:49+02:00,A20,R,27.235,1,speedlimit
2026-09-10T15:49+02:00,A4,R,15.529,6,speedlimit
2026-09-10T15:49+02:00,A20,R,39.515,2,speedlimit
2026-09-10T15:49+02:00,A20,L,28.41,2,speedlimit
2026-09-10T15:49+02:00,A16,R,62.85,1,speedlimit
2026-09-10T15:49+02:00,A4,R,47.51,3,speedlimit
2026-09-10T15:49+02:00,A4,R,46.65,3,speedlimit
2026-09-10T15:49+02:00,A15,R,57.78,1,speedlimit
2026-09-10T15:49+02:00,A15,R,160.33,1,speedlimit
2026-09-10T15:49+02:00,A16,R,31.25,4,speedlimit
2026-09-10T15:49+02:00,A4,R,43.975,3,speedlimit
2026-09-10T15:49+02:00,A4,R,41.6,2,speedlimit
2026-09-10T15:49+02:00,A15,n,62.25,2,speedlimit
2026-09-10T15:49+02:00,A4,R,51.388,2,speedlimit
2026-09-10T15:49+02:00,A20,R,27.79,2,speedlimit
2026-09-10T15:49+02:00,A13,R,18.5,3,speedlimit
2026-09-10T15:49+02:00,A16,R,27.695,4,speedlimit
2026-09-10T15:49+02:00,A20,R,28.57,4,speedlimit
2026-09-10T15:49+02:00,A20,R,31.26,4,speedlimit
2026-09-10T15:49+02:00,A20,L,29.826,2,speedlimit
2026-09-10T15:49+02:00,A15,R,80.89,2,speedlimit
2026-09-10T15:49+02:00,A16,L,45.805,1,speedlimit
2026-09-10T15:49+02:00,A20,L,28.57,1,speedlimit
2026-09-10T15:49+02:00,A20,R,34.684,1,speedlimit
2026-09-10T15:49+02:00,A16,L,31.805,2,speedlimit
2026-09-10T15:49+02:00,A4,R,45.98,3,speedlimit
2026-09-10T15:49+02:00,A15,R,83.55,2,speedlimit
2026-09-10T15:49+02:00,A4,R,58.82,1,speedlimit
2026-09-10T15:49+02:00,A16,R,32.22,5,speedlimit
2026-09-10T15:49+02:00,A16,n,33.354,2,speedlimit
2026-09-10T15:49+02:00,A16,R,33.958,1,speedlimit
2026-09-10T15:49+02:00,A20,R,33.36,1,speedlimit
2026-09-10T15:49+02:00,A20,R,29.5,4,speedlimit
2026-09-10T15:49+02:00,A4,L,49.84,1,speedlimit
2026-09-10T15:49+02:00,A4,R,45.98,1,speedlimit
2026-09-10T15:49+02:00,A16,R,61.99,1,speedlimit
2026-09-10T15:49+02:00,A15,L,73.755,1,speedlimit
2026-09-10T15:49+02:00,A15,m,60.07,1,speedlimit
2026-09-10T15:49+02:00,A15,R,84.87,3,speedlimit
2026-09-10T15:49+02:00,A15,L,72.96,1,speedlimit
2026-09-10T15:49+02:00,A15,L,72.58,2,speedlimit
2026-09-10T15:49+02:00,A16,R,32.76,5,speedlimit
2026-09-10T15:49+02:00,A16,R,33.43,2,speedlimit
2026-09-10T15:49+02:00,A4,R,11.88,3,speedlimit
2026-09-10T15:49+02:00,A16,R,31.74,4,speedlimit
2026-09-10T15:49+02:00,A16,R,51.84,3,speedlimit
2026-09-10T15:49+02:00,A16,L,34.6,1,speedlimit
2026-09-10T15:49+02:00,A20,R,28.1,2,speedlimit
2026-09-10T15:49+02:00,A20,R,26.64,1,speedlimit
2026-09-10T15:49+02:00,A4,R,13.627,4,speedlimit
2026-09-10T15:49+02:00,A15,R,61.05,4,lane_closed
2026-09-10T15:49+02:00,A15,L,64.2,2,speedlimit
2026-09-10T15:49+02:00,A15,R,60.49,3,speedlimit
2026-09-10T15:49+02:00,A16,R,28.78,2,speedlimit
2026-09-10T15:49+02:00,A15,L,74.085,3,speedlimit
2026-09-10T15:49+02:00,A29,R,9.83,1,speedlimit
2026-09-10T15:49+02:00,A16,L,45.39,1,speedlimit
2026-09-10T15:49+02:00,A20,L,32.8,2,speedlimit
2026-09-10T15:49+02:00,A16,L,46.43,1,speedlimit
2026-09-10T15:49+02:00,A16,L,30.73,4,speedlimit
2026-09-10T15:49+02:00,A16,L,48.03,1,speedlimit
2026-09-10T15:49+02:00,A15,L,65.25,4,speedlimit
2026-09-10T15:49+02:00,A4,R,16.655,3,speedlimit
2026-09-10T15:49+02:00,A15,R,59.2,1,speedlimit
2026-09-10T15:49+02:00,A15,R,77.865,1,speedlimit
2026-09-10T15:49+02:00,A13,L,17.1,3,speedlimit
2026-09-10T15:49+02:00,A4,R,46.65,2,speedlimit
2026-09-10T15:49+02:00,A16,R,66.22,2,speedlimit
2026-09-10T15:49+02:00,A4,m,37.11,2,speedlimit
2026-09-10T15:49+02:00,A20,R,42.0,1,speedlimit
2026-09-10T15:49+02:00,A29,L,10.63,1,speedlimit
2026-09-10T15:49+02:00,A20,L,37.3,3,speedlimit
2026-09-10T15:49+02:00,A16,R,62.85,4,speedlimit
2026-09-10T15:49+02:00,A20,R,34.29,2,speedlimit
2026-09-10T15:49+02:00,A16,f,67.9,1,speedlimit
2026-09-10T15:49+02:00,A20,L,36.625,1,speedlimit
2026-09-10T15:49+02:00,A4,R,37.11,1,speedlimit
2026-09-10T15:49+02:00,A16,R,33.135,2,speedlimit
2026-09-10T15:49+02:00,A16,L,35.76,1,speedlimit
2026-09-10T15:49+02:00,A20,R,33.85,1,speedlimit
2026-09-10T15:49+02:00,A15,R,84.01,3,speedlimit
2026-09-10T15:49+02:00,A4,R,32.85,3,speedlimit
2026-09-10T15:49+02:00,A16,R,66.81,3,speedlimit
2026-09-10T15:49+02:00,A29,s,9.64,1,lane_closed
2026-09-10T15:49+02:00,A20,L,27.488,1,speedlimit
2026-09-10T15:49+02:00,A4,L,58.82,1,speedlimit
2026-09-10T15:49+02:00,A16,L,33.354,2,speedlimit
2026-09-10T15:49+02:00,A20,L,27.2,1,speedlimit
2026-09-10T15:49+02:00,A4,h,46.06,2,speedlimit
2026-09-10T15:49+02:00,A4,R,40.7,3,speedlimit
2026-09-10T15:49+02:00,A4,R,74.737,2,speedlimit
2026-09-10T15:49+02:00,A4,n,10.831,2,speedlimit
2026-09-10T15:49+02:00,A15,R,59.57,2,speedlimit
2026-09-10T15:49+02:00,A20,L,27.8,2,speedlimit
2026-09-10T15:49+02:00,A16,L,33.125,4,speedlimit
2026-09-10T15:49+02:00,A15,L,71.42,4,speedlimit
2026-09-10T15:49+02:00,A4,R,47.51,1,speedlimit
2026-09-10T15:49+02:00,A15,R,58.05,5,speedlimit
2026-09-10T15:49+02:00,A13,L,18.2,3,speedlimit
2026-09-10T15:49+02:00,A16,R,12.07,2,speedlimit
2026-09-10T15:49+02:00,A15,R,92.24,2,speedlimit
2026-09-10T15:49+02:00,A16,L,31.425,4,speedlimit
2026-09-10T15:49+02:00,A16,R,29.28,5,speedlimit
2026-09-10T15:49+02:00,A16,R,50.38,2,speedlimit
2026-09-10T15:49+02:00,A4,R,32.4,2,speedlimit
2026-09-10T15:49+02:00,A16,R,11.392,1,speedlimit
2026-09-10T15:49+02:00,A4,R,16.07,5,speedlimit
2026-09-10T15:49+02:00,A29,L,10.63,2,speedlimit
2026-09-10T15:49+02:00,A16,R,32.518,4,speedlimit
2026-09-10T15:49+02:00,A4,R,14.357,5,speedlimit
2026-09-10T15:49+02:00,A20,L,31.88,1,speedlimit
2026-09-10T15:49+02:00,A15,L,73.92,2,speedlimit
2026-09-10T15:49+02:00,A4,R,37.11,2,speedlimit
2026-09-10T15:49+02:00,A4,R,13.926,3,speedlimit
2026-09-10T15:49+02:00,A4,R,15.183,2,speedlimit
2026-09-10T15:49+02:00,A16,R,11.392,2,speedlimit
2026-09-10T15:49+02:00,A15,R,77.613,2,speedlimit
2026-09-10T15:49+02:00,A16,R,26.45,2,speedlimit
2026-09-10T15:49+02:00,A16,L,29.37,4,speedlimit
2026-09-10T15:49+02:00,A13,L,16.7,2,speedlimit
2026-09-10T15:49+02:00,A16,R,33.958,2,speedlimit
2026-09-10T15:49+02:00,A4,R,34.3,1,speedlimit
2026-09-10T15:49+02:00,A20,L,30.9,2,speedlimit
2026-09-10T15:49+02:00,A15,L,94.27,2,speedlimit
2026-09-10T15:49+02:00,A16,R,31.25,5,speedlimit
2026-09-10T15:49+02:00,A15,L,73.92,3,speedlimit
2026-09-10T15:49+02:00,A20,L,38.91,2,speedlimit
2026-09-10T15:49+02:00,A15,s,51.79,2,speedlimit
2026-09-10T15:49+02:00,A16,L,43.145,1,speedlimit
2026-09-10T15:49+02:00,A20,L,36.625,3,speedlimit
2026-09-10T15:49+02:00,A16,R,28.315,3,speedlimit
2026-09-10T15:49+02:00,A15,R,90.05,1,speedlimit
2026-09-10T15:49+02:00,A15,R,80.1,2,speedlimit
2026-09-10T15:49+02:00,A4,R,48.79,2,speedlimit
2026-09-10T15:49+02:00,A20,L,28.085,1,speedlimit
2026-09-10T15:49+02:00,A20,s,35.6,1,speedlimit
2026-09-10T15:49+02:00,A15,R,58.05,3,speedlimit
2026-09-10T15:49+02:00,A15,L,71.9,2,speedlimit
2026-09-10T15:49+02:00,A4,m,48.79,2,speedlimit
2026-09-10T15:49+02:00,A4,R,55.935,1,speedlimit
2026-09-10T15:49+02:00,A16,R,32.76,4,speedlimit
2026-09-10T15:49+02:00,A4,m,12.28,3,speedlimit
2026-09-10T15:49+02:00,A16,R,33.609,2,speedlimit
2026-09-10T15:49+02:00,A4,R,40.7,2,speedlimit
2026-09-10T15:49+02:00,A16,R,32.22,2,speedlimit
2026-09-10T15:49+02:00,A4,R,14.357,6,speedlimit
2026-09-10T15:49+02:00,A4,R,13.627,5,speedlimit
2026-09-10T15:49+02:00,A16,L,33.354,1,speedlimit
2026-09-10T15:49+02:00,A4,R,33.8,1,speedlimit
2026-09-10T15:49+02:00,A20,R,30.6,1,speedlimit
2026-09-10T15:49+02:00,A4,m,45.146,1,speedlimit
2026-09-10T15:49+02:00,A13,R,17.1,3,speedlimit
2026-09-10T15:49+02:00,A16,L,31.805,3,speedlimit
2026-09-10T15:49+02:00,A4,n,11.392,1,speedlimit
2026-09-10T15:49+02:00,A20,R,26.93,3,speedlimit
2026-09-10T15:49+02:00,A16,R,28.78,6,speedlimit
2026-09-10T15:49+02:00,A15,n,61.39,3,speedlimit
2026-09-10T15:49+02:00,A4,m,45.146,2,speedlimit
2026-09-10T15:49+02:00,A4,R,12.51,1,speedlimit
2026-09-10T15:49+02:00,A20,L,31.4,1,speedlimit
2026-09-10T15:49+02:00,A16,L,30.2,1,speedlimit
2026-09-10T15:49+02:00,A4,m,73.974,1,speedlimit
2026-09-10T15:49+02:00,A29,s,10.4,1,speedlimit
2026-09-10T15:49+02:00,A15,R,61.05,3,speedlimit
2026-09-10T15:49+02:00,A4,R,12.51,4,speedlimit
2026-09-10T15:49+02:00,A4,m,12.575,1,speedlimit
2026-09-10T15:49+02:00,A15,m,59.11,2,speedlimit
2026-09-10T15:49+02:00,A4,R,42.775,4,speedlimit
2026-09-10T15:49+02:00,A16,L,34.44,2,speedlimit
2026-09-10T15:49+02:00,A16,L,33.904,1,speedlimit
2026-09-10T15:49+02:00,A16,L,36.07,2,speedlimit
2026-09-10T15:49+02:00,A20,L,31.1,2,speedlimit
2026-09-10T15:49+02:00,A16,R,9.35,2,speedlimit
2026-09-10T15:49+02:00,A4,m,12.991,2,speedlimit
2026-09-10T15:49+02:00,A4,R,32.85,4,speedlimit
2026-09-10T15:49+02:00,A16,R,33.778,1,speedlimit
2026-09-10T15:49+02:00,A13,g,18.7,2,speedlimit
2026-09-10T15:49+02:00,A15,L,65.685,2,speedlimit
2026-09-10T15:49+02:00,A20,L,31.4,2,speedlimit
2026-09-10T15:49+02:00,A16,R,62.38,1,speedlimit
2026-09-10T15:49+02:00,A15,R,92.24,1,speedlimit
2026-09-10T15:49+02:00,A4,L,49.84,3,speedlimit
2026-09-10T15:49+02:00,A4,R,56.518,1,speedlimit
2026-09-10T15:49+02:00,A20,L,37.3,4,speedlimit
2026-09-10T15:49+02:00,A20,R,33.36,3,speedlimit
2026-09-10T15:49+02:00,A16,R,30.05,2,speedlimit
2026-09-10T15:49+02:00,A16,L,14.32,1,speedlimit
2026-09-10T15:49+02:00,A16,R,8.65,3,speedlimit
2026-09-10T15:49+02:00,A15,L,71.42,3,speedlimit
2026-09-10T15:49+02:00,A16,L,68.535,2,speedlimit
2026-09-10T15:49+02:00,A15,L,74.625,1,speedlimit
2026-09-10T15:49+02:00,A16,R,34.068,2,speedlimit
2026-09-10T15:49+02:00,A15,R,91.69,1,speedlimit
2026-09-10T15:49+02:00,A16,R,26.96,1,speedlimit
2026-09-10T15:49+02:00,A13,L,15.9,3,lane_closed
2026-09-10T15:49+02:00,A4,n,11.392,3,speedlimit
2026-09-10T15:49+02:00,A16,L,30.2,2,speedlimit
2026-09-10T15:49+02:00,A15,n,61.39,1,speedlimit
2026-09-10T15:49+02:00,A20,R,33.36,2,speedlimit
2026-09-10T15:49+02:00,A16,R,28.315,4,speedlimit
2026-09-10T15:49+02:00,A13,R,16.2,1,speedlimit
2026-09-10T15:49+02:00,A20,L,37.8,2,speedlimit
2026-09-10T15:49+02:00,A16,L,47.41,1,speedlimit
2026-09-10T15:49+02:00,A4,R,74.737,4,speedlimit
2026-09-10T15:49+02:00,A15,R,80.1,1,speedlimit
2026-09-10T15:49+02:00,A15,L,71.9,3,speedlimit
2026-09-10T15:49+02:00,A4,R,42.19,4,speedlimit
2026-09-10T15:49+02:00,A29,s,10.4,2,speedlimit
2026-09-10T15:49+02:00,A13,R,18.5,2,speedlimit
2026-09-10T15:49+02:00,A4,m,12.575,2,speedlimit
2026-09-10T15:49+02:00,A16,L,36.07,1,speedlimit
2026-09-10T15:49+02:00,A20,L,36.94,3,speedlimit
2026-09-10T15:49+02:00,A20,L,30.196,1,speedlimit
2026-09-10T15:49+02:00,A15,k,69.8,1,speedlimit
2026-09-10T15:49+02:00,A4,R,51.388,3,speedlimit
2026-09-10T15:49+02:00,A16,R,33.778,2,speedlimit
2026-09-10T15:49+02:00,A15,L,73.59,3,speedlimit
2026-09-10T15:49+02:00,A16,L,34.225,1,speedlimit
2026-09-10T15:49+02:00,A29,R,15.18,2,speedlimit
2026-09-10T15:49+02:00,A20,R,34.684,4,speedlimit
2026-09-10T15:49+02:00,A20,R,27.79,1,speedlimit
2026-09-10T15:49+02:00,A20,r,35.245,1,speedlimit
2026-09-10T15:49+02:00,A16,R,11.13,2,speedlimit
2026-09-10T15:49+02:00,A4,R,13.14,3,speedlimit
2026-09-10T15:49+02:00,A15,R,82.4,1,speedlimit
2026-09-10T15:49+02:00,A20,L,29.826,1,speedlimit
2026-09-10T15:49+02:00,A16,L,45.805,2,speedlimit
2026-09-10T15:49+02:00,A4,R,52.598,4,speedlimit
2026-09-10T15:49+02:00,A16,L,31.425,2,speedlimit
2026-09-10T15:49+02:00,A15,R,84.475,1,speedlimit
2026-09-10T15:49+02:00,A4,R,13.926,5,speedlimit
2026-09-10T15:49+02:00,A16,R,61.39,2,speedlimit
2026-09-10T15:49+02:00,A16,R,66.52,1,speedlimit
2026-09-10T15:49+02:00,A15,s,51.25,1,speedlimit
2026-09-10T15:49+02:00,A20,R,34.29,1,speedlimit
2026-09-10T15:49+02:00,A16,R,26.45,1,speedlimit
2026-09-10T15:49+02:00,A4,R,55.08,1,speedlimit
2026-09-10T15:49+02:00,A20,u,36.23,2,speedlimit
2026-09-10T15:49+02:00,A4,n,10.831,3,speedlimit
2026-09-10T15:49+02:00,A16,R,30.05,4,speedlimit
2026-09-10T15:49+02:00,A20,R,28.41,2,speedlimit
2026-09-10T15:49+02:00,A4,R,37.9,3,speedlimit
2026-09-10T15:49+02:00,A16,L,31.805,5,speedlimit
2026-09-10T15:49+02:00,A4,R,38.49,4,speedlimit
2026-09-10T15:49+02:00,A16,R,29.28,4,speedlimit
2026-09-10T15:49+02:00,A15,R,84.01,2,speedlimit
2026-09-10T15:49+02:00,A4,R,52.598,5,speedlimit
2026-09-10T15:49+02:00,A29,R,15.47,4,speedlimit
2026-09-10T15:49+02:00,A16,R,28.315,6,speedlimit
2026-09-10T15:49+02:00,A20,L,48.2,2,speedlimit
2026-09-10T15:49+02:00,A4,R,74.194,1,speedlimit
2026-09-10T15:49+02:00,A20,R,39.515,1,speedlimit
2026-09-10T15:49+02:00,A15,L,94.625,1,speedlimit
2026-09-10T15:49+02:00,A20,R,29.1,1,speedlimit
2026-09-10T15:49+02:00,A4,R,31.905,1,speedlimit
2026-09-10T15:49+02:00,A16,L,31.425,1,speedlimit
2026-09-10T15:49+02:00,A16,L,33.784,1,speedlimit
2026-09-10T15:49+02:00,A13,R,17.8,1,speedlimit
2026-09-10T15:49+02:00,A20,R,28.41,1,speedlimit
2026-09-10T15:49+02:00,A20,R,31.9,2,speedlimit
2026-09-10T15:49+02:00,A4,R,42.775,2,speedlimit
2026-09-10T15:49+02:00,A16,R,26.45,3,speedlimit
2026-09-10T15:49+02:00,A16,L,34.44,1,speedlimit
2026-09-10T15:49+02:00,A16,R,62.85,3,speedlimit
2026-09-10T15:49+02:00,A20,L,31.1,3,speedlimit
2026-09-10T15:49+02:00,A16,L,41.96,1,speedlimit
2026-09-10T15:49+02:00,A15,R,57.78,4,speedlimit
2026-09-10T15:49+02:00,A15,R,57.31,3,speedlimit
2026-09-10T15:49+02:00,A29,R,9.83,3,speedlimit
2026-09-10T15:49+02:00,A16,L,15.73,2,speedlimit
2026-09-10T15:49+02:00,A4,m,49.33,1,speedlimit
2026-09-10T15:49+02:00,A29,R,15.47,2,speedlimit
2026-09-10T15:49+02:00,A15,R,60.49,2,speedlimit
2026-09-10T15:49+02:00,A16,L,29.02,3,speedlimit
2026-09-10T15:49+02:00,A20,R,27.488,2,speedlimit
2026-09-10T15:49+02:00,A15,R,90.05,2,speedlimit
2026-09-10T15:49+02:00,A20,t,28.895,1,speedlimit
2026-09-10T15:49+02:00,A16,R,26.96,3,speedlimit
2026-09-10T15:49+02:00,A4,L,11.24,1,speedlimit
2026-09-10T15:49+02:00,A20,L,32.8,1,speedlimit
2026-09-10T15:49+02:00,A16,L,43.69,3,speedlimit
2026-09-10T15:49+02:00,A16,L,16.48,3,speedlimit
2026-09-10T15:49+02:00,A4,L,60.268,3,speedlimit
2026-09-10T15:49+02:00,A20,R,28.8,2,speedlimit
2026-09-10T15:49+02:00,A16,x,19.3,2,speedlimit
2026-09-10T15:49+02:00,A4,m,49.33,3,speedlimit
2026-09-10T15:49+02:00,A4,R,30.1,3,speedlimit
2026-09-10T15:49+02:00,A4,L,49.37,3,speedlimit
2026-09-10T15:49+02:00,A4,n,11.392,2,speedlimit
2026-09-10T15:49+02:00,A20,L,31.1,1,speedlimit
2026-09-10T15:49+02:00,A15,L,73.25,4,speedlimit
2026-09-10T15:49+02:00,A13,L,16.19,3,lane_closed
2026-09-10T15:49+02:00,A13,L,15.035,5,lane_closed
2026-09-10T15:49+02:00,A16,R,32.76,2,speedlimit
2026-09-10T15:49+02:00,A16,L,16.48,2,speedlimit
2026-09-10T15:49+02:00,A16,R,32.518,3,speedlimit
2026-09-10T15:49+02:00,A4,R,52.018,2,speedlimit
2026-09-10T15:49+02:00,A29,R,15.47,1,speedlimit
2026-09-10T15:49+02:00,A4,R,49.33,3,speedlimit
2026-09-10T15:49+02:00,A15,L,95.55,1,speedlimit
2026-09-10T15:49+02:00,A20,L,27.8,1,speedlimit
2026-09-10T15:49+02:00,A15,L,72.96,2,speedlimit
2026-09-10T15:49+02:00,A16,R,29.28,3,speedlimit
2026-09-10T15:49+02:00,A16,L,14.32,2,speedlimit
2026-09-10T15:49+02:00,A20,R,29.1,2,speedlimit
2026-09-10T15:49+02:00,A16,R,28.78,1,speedlimit
2026-09-10T15:49+02:00,A16,L,31.425,5,speedlimit
2026-09-10T15:49+02:00,A13,g,18.7,1,speedlimit
2026-09-10T15:49+02:00,A15,L,74.625,3,speedlimit
2026-09-10T15:49+02:00,A15,L,72.58,1,speedlimit
2026-09-10T15:49+02:00,A20,u,36.23,1,speedlimit
2026-09-10T15:49+02:00,A20,R,28.57,2,speedlimit
2026-09-10T15:49+02:00,A16,R,51.08,1,speedlimit
2026-09-10T15:49+02:00,A4,n,10.831,1,speedlimit
2026-09-10T15:49+02:00,A4,R,16.07,4,speedlimit
2026-09-10T15:49+02:00,A20,R,40.985,2,speedlimit
2026-09-10T15:49+02:00,A29,R,15.18,3,speedlimit
2026-09-10T15:49+02:00,A20,R,26.64,2,speedlimit
2026-09-10T15:49+02:00,A4,L,0.493,3,speedlimit
2026-09-10T15:49+02:00,A15,L,64.2,3,speedlimit
2026-09-10T15:49+02:00,A16,R,61.99,4,speedlimit
2026-09-10T15:49+02:00,A20,L,29.1,1,speedlimit
2026-09-10T15:49+02:00,A4,R,33.17,1,speedlimit
2026-09-10T15:49+02:00,A16,L,41.53,2,speedlimit
2026-09-10T15:49+02:00,A4,R,38.49,3,speedlimit
2026-09-10T15:49+02:00,A13,L,18.2,1,speedlimit
2026-09-10T15:49+02:00,A4,R,29.44,3,speedlimit
2026-09-10T15:49+02:00,A16,L,29.37,5,speedlimit
2026-09-10T15:49+02:00,A15,L,64.67,2,speedlimit
2026-09-10T15:49+02:00,A13,L,12.7,4,lane_closed
2026-09-10T15:49+02:00,A20,L,31.88,2,speedlimit
2026-09-10T15:49+02:00,A4,R,49.84,1,speedlimit
2026-09-10T15:49+02:00,A15,R,160.8,2,speedlimit
2026-09-10T15:49+02:00,A4,R,32.85,5,speedlimit
2026-09-10T15:49+02:00,A16,L,34.6,2,speedlimit
2026-09-10T15:49+02:00,A20,L,28.085,2,speedlimit
2026-09-10T15:49+02:00,A4,R,43.975,2,speedlimit
2026-09-10T15:49+02:00,A4,R,34.3,2,speedlimit
2026-09-10T15:49+02:00,A4,R,29.02,2,speedlimit
2026-09-10T15:49+02:00,A4,m,13.627,2,speedlimit
2026-09-10T15:49+02:00,A16,R,62.85,2,speedlimit
2026-09-10T15:49+02:00,A20,R,34.29,3,speedlimit
2026-09-10T15:49+02:00,A4,R,13.926,6,speedlimit
2026-09-10T15:49+02:00,A16,L,15.16,2,speedlimit
2026-09-10T15:49+02:00,A15,R,82.4,2,speedlimit
2026-09-10T15:49+02:00,A4,m,35.8,2,speedlimit
2026-09-10T15:49+02:00,A20,R,30.6,3,speedlimit
2026-09-10T15:49+02:00,A4,R,55.08,4,speedlimit
2026-09-10T15:49+02:00,A15,m,58.65,3,speedlimit
2026-09-10T15:49+02:00,A4,R,12.51,3,speedlimit
2026-09-10T15:49+02:00,A4,L,60.69,2,speedlimit
2026-09-10T15:49+02:00,A15,L,73.59,2,speedlimit
2026-09-10T15:49+02:00,A29,s,9.91,1,lane_closed_ahead
2026-09-10T15:49+02:00,A16,R,8.65,2,speedlimit
2026-09-10T15:49+02:00,A16,L,40.4,3,speedlimit
2026-09-10T15:49+02:00,A16,R,66.52,4,speedlimit
2026-09-10T15:49+02:00,A16,R,9.35,1,speedlimit
2026-09-10T15:49+02:00,A4,R,57.975,2,speedlimit
2026-09-10T15:49+02:00,A4,n,11.078,2,speedlimit
2026-09-10T15:49+02:00,A4,R,13.14,1,speedlimit
2026-09-10T15:49+02:00,A4,R,48.79,3,speedlimit
2026-09-10T15:49+02:00,A4,m,74.194,1,speedlimit
2026-09-10T15:49+02:00,A16,R,11.7,1,speedlimit
2026-09-10T15:49+02:00,A4,m,12.575,3,speedlimit
2026-09-10T15:49+02:00,A20,R,29.8,2,speedlimit
2026-09-10T15:49+02:00,A16,L,42.61,3,speedlimit
2026-09-10T15:49+02:00,A16,L,29.02,4,speedlimit
2026-09-10T15:49+02:00,A4,R,52.018,4,speedlimit
2026-09-10T15:49+02:00,A15,L,64.2,1,lane_closed
2026-09-10T15:49+02:00,A20,R,27.235,2,speedlimit
2026-09-10T15:49+02:00,A20,L,37.3,1,speedlimit
2026-09-10T15:49+02:00,A15,R,59.95,1,lane_closed_ahead
2026-09-10T15:49+02:00,A13,R,18.2,1,speedlimit
2026-09-10T15:49+02:00,A16,L,34.13,2,speedlimit
2026-09-10T15:49+02:00,A16,R,66.52,3,speedlimit
2026-09-10T15:49+02:00,A4,m,12.28,2,speedlimit
2026-09-10T15:49+02:00,A16,R,31.25,2,speedlimit
2026-09-10T15:49+02:00,A4,L,10.831,1,speedlimit
2026-09-10T15:49+02:00,A16,L,30.73,1,speedlimit
2026-09-10T15:49+02:00,A4,L,11.24,4,speedlimit
2026-09-10T15:49+02:00,A4,L,10.831,3,speedlimit
2026-09-10T15:49+02:00,A20,R,40.2,1,speedlimit
2026-09-10T15:49+02:00,A15,L,65.25,1,lane_closed_ahead
2026-09-10T15:49+02:00,A16,L,40.93,1,speedlimit
2026-09-10T15:49+02:00,A4,R,16.655,4,speedlimit
2026-09-10T15:49+02:00,A29,L,10.78,1,speedlimit
2026-09-10T15:49+02:00,A15,R,91.69,2,speedlimit
2026-09-10T15:49+02:00,A15,e,95.55,1,speedlimit
2026-09-10T15:49+02:00,A13,e,19.1,1,speedlimit
2026-09-10T15:49+02:00,A29,L,10.63,4,speedlimit
2026-09-10T15:49+02:00,A16,R,28.78,4,speedlimit
2026-09-10T15:49+02:00,A16,L,14.46,1,speedlimit
2026-09-10T15:49+02:00,A29,R,9.83,2,speedlimit
2026-09-10T15:49+02:00,A16,L,40.4,1,speedlimit
2026-09-10T15:49+02:00,A20,L,47.5,1,speedlimit
2026-09-10T15:49+02:00,A16,L,33.125,2,speedlimit
2026-09-10T15:49+02:00,A4,L,58.82,2,speedlimit
2026-09-10T15:49+02:00,A16,R,65.52,1,speedlimit
2026-09-10T15:49+02:00,A16,R,66.81,4,speedlimit
2026-09-10T15:49+02:00,A16,L,30.73,2,speedlimit
2026-09-10T15:49+02:00,A15,n,96.42,2,speedlimit
2026-09-10T15:49+02:00,A16,L,42.61,1,speedlimit
2026-09-10T15:49+02:00,A15,R,60.49,1,lane_closed
2026-09-10T15:49+02:00,A13,L,17.8,3,speedlimit
2026-09-10T15:49+02:00,A4,m,35.8,3,speedlimit
2026-09-10T15:49+02:00,A16,R,31.74,1,speedlimit
2026-09-10T15:49+02:00,A4,R,41.6,3,speedlimit
2026-09-10T15:49+02:00,A16,L,29.37,1,speedlimit
2026-09-10T15:49+02:00,A4,R,40.7,1,speedlimit
2026-09-10T15:49+02:00,A15,R,57.78,5,speedlimit
2026-09-10T15:49+02:00,A16,R,11.866,2,speedlimit
2026-09-10T15:49+02:00,A15,R,81.27,2,speedlimit
2026-09-10T15:49+02:00,A20,R,31.26,1,speedlimit
2026-09-10T15:49+02:00,A29,R,15.855,1,speedlimit
2026-09-10T15:49+02:00,A16,x,18.543,2,speedlimit
2026-09-10T15:49+02:00,A20,u,35.09,1,speedlimit
2026-09-10T15:49+02:00,A15,L,94.27,1,speedlimit
2026-09-10T15:49+02:00,A15,R,61.05,5,lane_closed
2026-09-10T15:49+02:00,A16,L,16.48,4,speedlimit
2026-09-10T15:49+02:00,A16,L,41.53,3,speedlimit
2026-09-10T15:49+02:00,A20,R,42.0,2,speedlimit
2026-09-10T15:49+02:00,A20,R,40.985,3,speedlimit
2026-09-10T15:49+02:00,A15,R,59.2,4,speedlimit
2026-09-10T15:49+02:00,A16,L,31.425,3,speedlimit
2026-09-10T15:49+02:00,A15,L,75.075,3,speedlimit
2026-09-10T15:49+02:00,A20,L,36.625,4,speedlimit
2026-09-10T15:49+02:00,A20,R,41.6,3,speedlimit
2026-09-10T15:49+02:00,A15,L,70.95,1,speedlimit
2026-09-10T15:49+02:00,A16,R,30.71,3,speedlimit
2026-09-10T15:49+02:00,A20,L,29.826,3,speedlimit
2026-09-10T15:49+02:00,A16,R,30.71,1,speedlimit
2026-09-10T15:49+02:00,A16,L,46.43,3,speedlimit
2026-09-10T15:49+02:00,A20,L,37.8,3,speedlimit
2026-09-10T15:49+02:00,A4,L,59.72,3,speedlimit
2026-09-10T15:49+02:00,A15,R,77.865,4,speedlimit
2026-09-10T15:49+02:00,A4,L,58.82,3,speedlimit
2026-09-10T15:49+02:00,A16,L,35.76,3,speedlimit
2026-09-10T15:49+02:00,A16,L,44.26,2,speedlimit
2026-09-10T15:49+02:00,A16,x,18.9,4,speedlimit
2026-09-10T15:49+02:00,A20,L,29.5,1,speedlimit
2026-09-10T15:49+02:00,A20,R,28.8,3,speedlimit
2026-09-10T15:49+02:00,A20,R,29.5,1,speedlimit
2026-09-10T15:49+02:00,A16,R,28.315,2,speedlimit
2026-09-10T15:49+02:00,A15,s,52.04,1,speedlimit
2026-09-10T15:49+02:00,A20,R,41.6,1,speedlimit
2026-09-10T15:49+02:00,A4,R,73.974,1,speedlimit
2026-09-10T15:49+02:00,A4,R,11.88,2,speedlimit
2026-09-10T15:49+02:00,A15,R,60.76,3,speedlimit
2026-09-10T15:49+02:00,A4,R,45.28,3,speedlimit
2026-09-10T15:49+02:00,A4,R,57.975,1,speedlimit
2026-09-10T15:49+02:00,A20,L,39.515,3,speedlimit
2026-09-10T15:49+02:00,A15,n,94.625,1,speedlimit
2026-09-10T15:49+02:00,A16,R,33.135,3,speedlimit
2026-09-10T15:49+02:00,A4,L,57.975,3,speedlimit
2026-09-10T15:49+02:00,A15,R,59.95,2,speedlimit
2026-09-10T15:49+02:00,A16,R,62.38,2,speedlimit
2026-09-10T15:49+02:00,A4,R,58.82,2,speedlimit
2026-09-10T15:49+02:00,A13,L,11.25,4,lane_closed
2026-09-10T15:49+02:00,A4,R,44.56,2,speedlimit
2026-09-10T15:49+02:00,A20,R,40.985,1,speedlimit
2026-09-10T15:49+02:00,A4,R,45.98,2,speedlimit
2026-09-10T15:49+02:00,A20,L,30.9,1,speedlimit
2026-09-10T15:49+02:00,A15,L,95.855,1,speedlimit
2026-09-10T15:49+02:00,A16,R,8.65,1,speedlimit
2026-09-10T15:49+02:00,A15,R,56.6,1,speedlimit
2026-09-10T15:49+02:00,A20,u,35.09,2,speedlimit
2026-09-10T15:49+02:00,A16,R,32.518,2,speedlimit
2026-09-10T15:49+02:00,A13,R,18.2,4,speedlimit
2026-09-10T15:49+02:00,A16,L,31.805,4,speedlimit
2026-09-10T15:49+02:00,A16,R,32.22,4,speedlimit
2026-09-10T15:49+02:00,A15,m,59.58,1,speedlimit
2026-09-10T15:49+02:00,A4,R,37.9,4,speedlimit
2026-09-10T15:49+02:00,A16,R,9.95,2,speedlimit
2026-09-10T15:49+02:00,A16,L,33.125,3,speedlimit
2026-09-10T15:49+02:00,A13,L,10.3,1,speedlimit
2026-09-10T15:49+02:00,A15,x,56.6,3,speedlimit
2026-09-10T15:49+02:00,A16,R,26.96,4,speedlimit
2026-09-10T15:49+02:00,A16,L,36.07,3,speedlimit
2026-09-10T15:49+02:00,A4,R,52.018,3,speedlimit
2026-09-10T15:49+02:00,A16,R,33.609,1,speedlimit
2026-09-10T15:49+02:00,A13,R,18.7,1,speedlimit
2026-09-10T15:49+02:00,A15,L,64.67,5,speedlimit
2026-09-10T15:49+02:00,A4,m,35.8,1,speedlimit
2026-09-10T15:49+02:00,A16,R,30.05,3,speedlimit
2026-09-10T15:49+02:00,A4,L,11.24,3,speedlimit
2026-09-10T15:49+02:00,A4,R,14.357,4,speedlimit
2026-09-10T15:49+02:00,A15,n,95.855,1,speedlimit
2026-09-10T15:49+02:00,A15,R,84.01,1,speedlimit
2026-09-10T15:49+02:00,A15,R,85.262,1,speedlimit
2026-09-10T15:49+02:00,A20,c,27.488,1,speedlimit
2026-09-10T15:49+02:00,A20,R,31.9,3,speedlimit
2026-09-10T15:49+02:00,A15,R,84.475,2,speedlimit
2026-09-10T15:49+02:00,A4,n,11.078,3,speedlimit
2026-09-10T15:49+02:00,A15,R,83.1,3,speedlimit
2026-09-10T15:49+02:00,A16,x,18.9,2,speedlimit
2026-09-10T15:49+02:00,A13,R,16.655,3,speedlimit
2026-09-10T15:49+02:00,A4,L,59.72,1,speedlimit
2026-09-10T15:49+02:00,A4,m,48.79,1,speedlimit
2026-09-10T15:49+02:00,A4,L,50.253,3,speedlimit
2026-09-10T15:49+02:00,A15,L,74.275,1,speedlimit
2026-09-10T15:49+02:00,A4,m,36.47,2,speedlimit
2026-09-10T15:49+02:00,A20,L,29.1,2,speedlimit
2026-09-10T15:49+02:00,A15,L,95.55,2,speedlimit
2026-09-10T15:49+02:00,A16,R,32.76,1,speedlimit
2026-09-10T15:49+02:00,A15,L,63.56,1,lane_closed
2026-09-10T15:49+02:00,A20,R,29.8,3,speedlimit
2026-09-10T15:49+02:00,A13,L,18.2,2,speedlimit
2026-09-10T15:49+02:00,A20,R,26.4,3,speedlimit
2026-09-10T15:49+02:00,A16,L,43.145,3,speedlimit
2026-09-10T15:49+02:00,A16,R,27.695,1,speedlimit
2026-09-10T15:49+02:00,A16,L,46.935,1,speedlimit
2026-09-10T15:49+02:00,A15,R,60.76,4,lane_closed
2026-09-10T15:49+02:00,A15,R,77.865,2,speedlimit
2026-09-10T15:49+02:00,A4,m,73.974,3,speedlimit
2026-09-10T15:49+02:00,A16,L,47.41,4,speedlimit
2026-09-10T15:49+02:00,A20,u,35.71,2,speedlimit
2026-09-10T15:49+02:00,A16,L,33.784,2,speedlimit
2026-09-10T15:49+02:00,A16,p,27.6,1,speedlimit
2026-09-10T15:49+02:00,A15,m,58.65,1,speedlimit
2026-09-10T15:49+02:00,A20,R,34.29,4,speedlimit
2026-09-10T15:49+02:00,A16,R,50.38,3,speedlimit
2026-09-10T15:49+02:00,A4,L,50.253,2,speedlimit
2026-09-10T15:49+02:00,A20,R,26.93,1,speedlimit
2026-09-10T15:49+02:00,A15,R,58.46,3,speedlimit
2026-09-10T15:49+02:00,A15,R,60.76,1,lane_closed
2026-09-10T15:49+02:00,A16,L,30.73,3,speedlimit
2026-09-10T15:49+02:00,A20,R,26.4,2,speedlimit
2026-09-10T15:49+02:00,A4,L,0.493,2,speedlimit
2026-09-10T15:49+02:00,A16,L,45.805,3,speedlimit
2026-09-10T15:49+02:00,A4,R,32.4,1,speedlimit
2026-09-10T15:49+02:00,A15,L,63.56,3,speedlimit
2026-09-10T15:49+02:00,A20,L,27.488,2,speedlimit
2026-09-10T15:49+02:00,A15,n,61.78,1,speedlimit
2026-09-10T15:49+02:00,A20,L,30.196,3,speedlimit
2026-09-10T15:49+02:00,A4,h,46.06,1,speedlimit
2026-09-10T15:49+02:00,A16,g,67.5,2,speedlimit
2026-09-10T15:49+02:00,A4,R,15.529,3,speedlimit
2026-09-10T15:49+02:00,A4,R,15.183,3,speedlimit
2026-09-10T15:49+02:00,A20,L,28.41,1,speedlimit
2026-09-10T15:49+02:00,A13,L,13.18,4,lane_closed
2026-09-10T15:49+02:00,A15,R,57.78,2,speedlimit
2026-09-10T15:49+02:00,A15,R,57.78,3,speedlimit
2026-09-10T15:49+02:00,A4,R,16.07,3,speedlimit
2026-09-10T15:49+02:00,A16,L,47.41,3,speedlimit
2026-09-10T15:49+02:00,A15,n,95.285,1,speedlimit
2026-09-10T15:49+02:00,A16,L,34.018,2,speedlimit
2026-09-10T15:49+02:00,A15,R,57.31,2,speedlimit
2026-09-10T15:49+02:00,A13,L,17.8,2,speedlimit
2026-09-10T15:49+02:00,A16,R,9.95,4,speedlimit
2026-09-10T15:49+02:00,A16,R,27.48,3,speedlimit
2026-09-10T15:49+02:00,A4,m,36.47,1,speedlimit
2026-09-10T15:49+02:00,A4,R,15.183,4,speedlimit
2026-09-10T15:49+02:00,A4,R,42.19,1,speedlimit
2026-09-10T15:49+02:00,A4,R,11.88,4,speedlimit
2026-09-10T15:49+02:00,A20,L,46.045,2,speedlimit
2026-09-10T15:49+02:00,A15,R,56.6,2,speedlimit
2026-09-10T15:49+02:00,A16,R,28.78,3,speedlimit
2026-09-10T15:49+02:00,A16,R,30.71,2,speedlimit
2026-09-10T15:49+02:00,A4,R,15.529,4,speedlimit
2026-09-10T15:49+02:00,A16,R,61.99,2,speedlimit
2026-09-10T15:49+02:00,A16,R,9.35,3,speedlimit
2026-09-10T15:49+02:00,A15,L,72.96,4,speedlimit
2026-09-10T15:49+02:00,A16,L,34.225,2,speedlimit
2026-09-10T15:49+02:00,A16,L,46.935,3,speedlimit
2026-09-10T15:49+02:00,A20,R,28.57,1,speedlimit
2026-09-10T15:49+02:00,A15,n,95.285,3,speedlimit
2026-09-10T15:49+02:00,A20,R,30.196,4,speedlimit
2026-09-10T15:49+02:00,A4,R,31.905,3,speedlimit
2026-09-10T15:49+02:00,A4,R,32.85,2,speedlimit
2026-09-10T15:49+02:00,A4,m,35.48,1,speedlimit
2026-09-10T15:49+02:00,A4,m,35.48,3,speedlimit
2026-09-10T15:49+02:00,A16,L,15.16,1,speedlimit
2026-09-10T15:49+02:00,A4,R,13.926,2,speedlimit
2026-09-10T15:49+02:00,A29,L,10.78,2,speedlimit
2026-09-10T15:49+02:00,A16,R,51.84,2,speedlimit
2026-09-10T15:49+02:00,A20,R,42.485,3,speedlimit
2026-09-10T15:49+02:00,A15,L,75.075,2,speedlimit
2026-09-10T15:49+02:00,A16,R,27.48,5,speedlimit
2026-09-10T15:49+02:00,A4,L,49.84,2,speedlimit
2026-09-10T15:49+02:00,A20,t,29.6,2,speedlimit
2026-09-10T15:49+02:00,A20,L,38.3,1,speedlimit
2026-09-10T15:49+02:00,A16,L,16.48,5,speedlimit
2026-09-10T15:49+02:00,A4,R,45.28,2,speedlimit
2026-09-10T15:49+02:00,A15,L,73.59,1,speedlimit
2026-09-10T15:49+02:00,A15,R,57.31,4,speedlimit
2026-09-10T15:49+02:00,A15,L,64.67,4,speedlimit
2026-09-10T15:49+02:00,A16,L,40.93,2,speedlimit
2026-09-10T15:49+02:00,A4,R,14.357,2,speedlimit
2026-09-10T15:49+02:00,A15,R,84.87,2,speedlimit
2026-09-10T15:49+02:00,A15,L,71.42,1,speedlimit
2026-09-10T15:49+02:00,A20,L,47.5,2,speedlimit
2026-09-10T15:49+02:00,A20,R,42.485,1,speedlimit
2026-09-10T15:49+02:00,A15,L,65.685,1,speedlimit
2026-09-10T15:49+02:00,A4,m,73.974,2,speedlimit
2026-09-10T15:49+02:00,A16,R,51.08,2,speedlimit
2026-09-10T15:49+02:00,A15,L,64.67,1,lane_closed
2026-09-10T15:49+02:00,A16,R,51.84,1,speedlimit
2026-09-10T15:49+02:00,A16,L,44.26,1,speedlimit
2026-09-10T15:49+02:00,A4,L,57.975,2,speedlimit
2026-09-10T15:49+02:00,A13,L,10.3,2,speedlimit
2026-09-10T15:49+02:00,A4,R,30.1,2,speedlimit
2026-09-10T15:49+02:00,A16,L,48.03,2,speedlimit
2026-09-10T15:49+02:00,A4,R,16.655,2,speedlimit
2026-09-10T15:49+02:00,A16,R,31.74,3,speedlimit
2026-09-10T15:49+02:00,A4,R,38.49,2,speedlimit
2026-09-10T15:49+02:00,A16,L,68.535,1,speedlimit
2026-09-10T15:49+02:00,A20,R,26.93,2,speedlimit
2026-09-10T15:49+02:00,A15,R,84.475,3,speedlimit
2026-09-10T15:49+02:00,A20,L,30.9,3,speedlimit
2026-09-10T15:49+02:00,A13,L,18.8,3,speedlimit
2026-09-10T15:49+02:00,A20,L,46.045,1,speedlimit
2026-09-10T15:49+02:00,A13,L,10.3,4,speedlimit
2026-09-10T15:49+02:00,A4,L,60.268,2,speedlimit
2026-09-10T15:49+02:00,A20,L,37.8,1,speedlimit
2026-09-10T15:49+02:00,A20,R,28.8,1,speedlimit
2026-09-10T15:49+02:00,A4,R,16.07,2,speedlimit
2026-09-10T15:49+02:00,A16,b,32.5,1,speedlimit
2026-09-10T15:49+02:00,A15,L,70.95,4,speedlimit
2026-09-10T15:49+02:00,A16,L,68.535,3,speedlimit
2026-09-10T15:49+02:00,A16,L,16.48,1,speedlimit
2026-09-10T15:49+02:00,A4,R,49.33,1,speedlimit
2026-09-10T15:49+02:00,A16,L,29.02,1,speedlimit
2026-09-10T15:49+02:00,A16,R,9.95,3,speedlimit
2026-09-10T15:49+02:00,A4,R,42.775,3,speedlimit
2026-09-10T15:49+02:00,A15,R,61.05,2,speedlimit
2026-09-10T15:49+02:00,A4,R,12.51,5,speedlimit
2026-09-10T15:49+02:00,A16,R,61.39,3,speedlimit
2026-09-10T15:49+02:00,A13,L,18.8,1,speedlimit
2026-09-10T15:49+02:00,A15,L,72.96,3,speedlimit
2026-09-10T15:49+02:00,A15,L,71.9,1,speedlimit
2026-09-10T15:49+02:00,A4,L,11.62,1,speedlimit
2026-09-10T15:49+02:00,A4,h,46.4,2,speedlimit
2026-09-10T15:49+02:00,A4,R,48.24,3,speedlimit
2026-09-10T15:49+02:00,A4,L,10.831,6,speedlimit
2026-09-10T15:49+02:00,A4,R,44.56,3,speedlimit
2026-09-10T15:49+02:00,A15,R,83.55,1,speedlimit
2026-09-10T15:49+02:00,A20,L,39.515,2,speedlimit
2026-09-10T15:49+02:00,A4,R,13.926,1,speedlimit
2026-09-10T15:49+02:00,A13,R,16.2,2,speedlimit
2026-09-10T15:49+02:00,A16,L,15.73,1,speedlimit
2026-09-10T15:49+02:00,A16,L,29.37,3,speedlimit
2026-09-10T15:49+02:00,A15,L,73.92,1,speedlimit
2026-09-10T15:49+02:00,A16,R,65.52,2,speedlimit
2026-09-10T15:49+02:00,A16,R,33.848,2,speedlimit
2026-09-10T15:49+02:00,A16,L,33.61,1,speedlimit
2026-09-10T15:49+02:00,A4,L,60.268,1,speedlimit
2026-09-10T15:49+02:00,A16,L,14.768,1,speedlimit
2026-09-10T15:49+02:00,A4,R,33.8,2,speedlimit
2026-09-10T15:49+02:00,A15,L,74.275,2,speedlimit
2026-09-10T15:49+02:00,A16,L,46.935,4,speedlimit
2026-09-10T15:49+02:00,A4,R,52.598,1,speedlimit
2026-09-10T15:49+02:00,A20,L,31.4,3,speedlimit
2026-09-10T15:49+02:00,A4,m,12.991,1,speedlimit
2026-09-10T15:49+02:00,A16,R,31.25,3,speedlimit
2026-09-10T15:49+02:00,A20,R,40.2,2,speedlimit
2026-09-10T15:49+02:00,A16,R,10.5,1,speedlimit
2026-09-10T15:49+02:00,A4,R,29.02,1,speedlimit
2026-09-10T15:49+02:00,A16,R,66.22,3,speedlimit
2026-09-10T15:49+02:00,A16,L,14.768,3,speedlimit
2026-09-10T15:49+02:00,A20,L,30.196,4,speedlimit
2026-09-10T15:49+02:00,A15,L,71.42,2,speedlimit
2026-09-10T15:49+02:00,A4,R,15.529,1,speedlimit
2026-09-10T15:49+02:00,A20,L,37.3,5,speedlimit
2026-09-10T15:49+02:00,A20,L,48.2,1,speedlimit
2026-09-10T15:49+02:00,A4,R,13.627,2,speedlimit
2026-09-10T15:49+02:00,A13,R,18.2,2,speedlimit
2026-09-10T15:49+02:00,A15,n,61.78,2,speedlimit
2026-09-10T15:49+02:00,A13,L,10.3,3,speedlimit
2026-09-10T15:49+02:00,A16,x,18.543,3,speedlimit
2026-09-10T15:49+02:00,A16,L,47.41,2,speedlimit
2026-09-10T15:49+02:00,A15,L,72.58,3,speedlimit
2026-09-10T15:49+02:00,A13,L,17.8,1,speedlimit
2026-09-10T15:49+02:00,A16,R,10.5,2,speedlimit
2026-09-10T15:49+02:00,A20,R,29.8,1,speedlimit
2026-09-10T15:49+02:00,A16,R,33.135,1,speedlimit
2026-09-10T15:49+02:00,A4,R,48.24,2,speedlimit
2026-09-10T15:49+02:00,A20,R,31.26,2,speedlimit
2026-09-10T15:49+02:00,A20,r,35.245,2,speedlimit
2026-09-10T15:49+02:00,A4,L,50.253,4,speedlimit
2026-09-10T15:49+02:00,A15,m,58.46,1,speedlimit
2026-09-10T15:49+02:00,A29,R,15.855,2,speedlimit
2026-09-10T15:49+02:00,A15,L,94.625,2,speedlimit
2026-09-10T15:49+02:00,A4,R,55.935,2,speedlimit
2026-09-10T15:49+02:00,A29,R,15.18,1,speedlimit
2026-09-10T15:49+02:00,A16,L,45.39,3,speedlimit
2026-09-10T15:49+02:00,A16,R,26.96,2,speedlimit
2026-09-10T15:49+02:00,A20,L,38.91,1,speedlimit
2026-09-10T15:49+02:00,A15,m,59.11,3,speedlimit
2026-09-10T15:49+02:00,A16,R,65.52,3,speedlimit
2026-09-10T15:49+02:00,A15,R,80.89,1,speedlimit
2026-09-10T15:49+02:00,A4,R,16.655,1,speedlimit
2026-09-10T15:49+02:00,A20,R,39.515,3,speedlimit
2026-09-10T15:49+02:00,A15,L,95.19,1,speedlimit
2026-09-10T15:49+02:00,A4,L,57.975,1,speedlimit
2026-09-10T15:49+02:00,A4,R,29.02,3,speedlimit
2026-09-10T15:49+02:00,A15,x,56.6,1,speedlimit
2026-09-10T15:49+02:00,A16,L,14.768,2,speedlimit
2026-09-10T15:49+02:00,A4,R,46.65,1,speedlimit
2026-09-10T15:49+02:00,A4,R,48.24,4,speedlimit
2026-09-10T15:49+02:00,A4,R,11.88,5,speedlimit
2026-09-10T15:49+02:00,A16,L,44.26,3,speedlimit
2026-09-10T15:49+02:00,A20,R,31.26,3,speedlimit
2026-09-10T15:49+02:00,A4,R,74.737,3,speedlimit
2026-09-10T15:49+02:00,A20,L,46.4,2,speedlimit
2026-09-10T15:49+02:00,A15,L,70.95,2,speedlimit
2026-09-10T15:49+02:00,A20,R,26.64,3,speedlimit
2026-09-10T15:49+02:00,A20,R,26.64,4,speedlimit
2026-09-10T15:49+02:00,A4,R,30.1,1,speedlimit
2026-09-10T15:49+02:00,A16,L,40.93,3,speedlimit
2026-09-10T15:49+02:00,A4,R,42.775,1,speedlimit
2026-09-10T15:49+02:00,A16,L,43.69,2,speedlimit
2026-09-10T15:49+02:00,A16,L,41.96,2,speedlimit
2026-09-10T15:49+02:00,A20,R,26.4,1,speedlimit
2026-09-10T15:49+02:00,A13,R,17.1,1,speedlimit
2026-09-10T15:49+02:00,A15,R,59.2,3,speedlimit
2026-09-10T15:49+02:00,A15,k,70.5,1,speedlimit
2026-09-10T15:49+02:00,A4,R,47.51,2,speedlimit
2026-09-10T15:49+02:00,A15,R,82.1,1,speedlimit
2026-09-10T15:49+02:00,A15,R,80.6,3,speedlimit
2026-09-10T15:49+02:00,A15,R,82.1,2,speedlimit
2026-09-10T15:49+02:00,A20,R,29.5,3,speedlimit
2026-09-10T15:49+02:00,A15,R,77.865,3,speedlimit
2026-09-10T15:49+02:00,A16,R,27.695,2,speedlimit
2026-09-10T15:49+02:00,A20,L,47.0,2,speedlimit
2026-09-10T15:49+02:00,A15,R,58.46,4,speedlimit
2026-09-10T15:49+02:00,A20,L,47.8,2,speedlimit
2026-09-10T15:49+02:00,A29,L,10.63,3,speedlimit
2026-09-10T15:49+02:00,A4,R,55.08,3,speedlimit
2026-09-10T15:49+02:00,A16,R,32.76,3,speedlimit
2026-09-10T15:49+02:00,A16,R,30.71,4,speedlimit
2026-09-10T15:49+02:00,A13,L,13.7,4,lane_closed
2026-09-10T15:49+02:00,A4,R,37.9,1,speedlimit
2026-09-10T15:49+02:00,A16,L,33.904,2,speedlimit
2026-09-10T15:49+02:00,A16,L,45.39,2,speedlimit
2026-09-10T15:49+02:00,A15,L,63.56,2,speedlimit
2026-09-10T15:49+02:00,A20,L,47.0,1,speedlimit
2026-09-10T15:49+02:00,A16,R,50.38,1,speedlimit
2026-09-10T15:49+02:00,A20,R,41.6,2,speedlimit
2026-09-10T15:49+02:00,A13,L,14.2,4,lane_closed
2026-09-10T15:49+02:00,A4,R,74.737,5,speedlimit
2026-09-10T15:49+02:00,A4,L,0.493,1,speedlimit
2026-09-10T15:49+02:00,A15,R,60.76,2,speedlimit
2026-09-10T15:49+02:00,A15,R,81.27,1,speedlimit
2026-09-10T15:49+02:00,A4,h,46.4,1,speedlimit
2026-09-10T15:49+02:00,A15,R,83.1,1,speedlimit
2026-09-10T15:49+02:00,A16,R,31.74,2,speedlimit
2026-09-10T15:49+02:00,A16,L,42.61,2,speedlimit
2026-09-10T15:49+02:00,A16,R,61.99,3,speedlimit
2026-09-10T15:49+02:00,A4,R,52.598,3,speedlimit
2026-09-10T15:49+02:00,A16,L,34.335,2,speedlimit
2026-09-10T15:49+02:00,A4,R,49.84,3,speedlimit
2026-09-10T15:49+02:00,A20,t,29.6,1,speedlimit
2026-09-10T15:49+02:00,A16,R,33.43,1,speedlimit
2026-09-10T15:49+02:00,A15,n,96.42,1,speedlimit
2026-09-10T15:49+02:00,A15,L,65.685,4,speedlimit
2026-09-10T15:49+02:00,A20,R,29.8,4,speedlimit
2026-09-10T15:49+02:00,A4,R,46.35,4,speedlimit
2026-09-10T15:49+02:00,A16,R,34.068,1,speedlimit
2026-09-10T15:49+02:00,A20,L,46.4,1,speedlimit
2026-09-10T15:49+02:00,A20,L,36.94,2,speedlimit
2026-09-10T15:49+02:00,A13,R,18.7,2,speedlimit
2026-09-10T15:49+02:00,A4,L,49.37,2,speedlimit
2026-09-10T15:49+02:00,A16,R,12.07,1,speedlimit
2026-09-10T15:49+02:00,A4,R,16.07,1,speedlimit
2026-09-10T15:49+02:00,A20,R,27.488,1,speedlimit
2026-09-10T15:49+02:00,A16,L,48.03,3,speedlimit
2026-09-10T15:49+02:00,A15,L,72.58,4,speedlimit
2026-09-10T15:49+02:00,A16,R,51.08,3,speedlimit
2026-09-10T15:49+02:00,A4,R,55.08,2,speedlimit
2026-09-10T15:49+02:00,A4,R,32.85,1,speedlimit
2026-09-10T15:49+02:00,A4,R,16.655,6,speedlimit
2026-09-10T15:49+02:00,A15,n,61.39,2,speedlimit
2026-09-10T15:49+02:00,A15,m,59.11,1,speedlimit
2026-09-10T15:49+02:00,A15,R,77.003,2,speedlimit
2026-09-10T15:49+02:00,A16,L,14.46,2,speedlimit
2026-09-10T15:49+02:00,A20,R,29.5,2,speedlimit
2026-09-10T15:49+02:00,A20,L,27.2,2,speedlimit
2026-09-10T15:49+02:00,A16,R,32.518,1,speedlimit
2026-09-10T15:49+02:00,A4,L,60.69,3,speedlimit
2026-09-10T15:49+02:00,A4,R,43.975,1,speedlimit
2026-09-10T15:49+02:00,A13,R,18.963,1,speedlimit
2026-09-10T15:49+02:00,A15,n,62.25,1,speedlimit
2026-09-10T15:49+02:00,A4,L,10.831,2,speedlimit
2026-09-10T15:49+02:00,A13,L,17.1,1,speedlimit
2026-09-10T15:49+02:00,A4,R,33.17,3,speedlimit
2026-09-10T15:49+02:00,A15,R,160.8,1,speedlimit
2026-09-10T15:49+02:00,A16,R,31.25,1,speedlimit
2026-09-10T15:49+02:00,A4,R,74.194,2,speedlimit
2026-09-10T15:49+02:00,A20,L,31.88,3,speedlimit
2026-09-10T15:49+02:00,A16,R,66.81,1,speedlimit
2026-09-10T15:49+02:00,A4,R,37.9,2,speedlimit
2026-09-10T15:49+02:00,A4,n,11.078,1,speedlimit
2026-09-10T15:49+02:00,A13,L,17.1,4,speedlimit
2026-09-10T15:49+02:00,A16,R,27.48,1,speedlimit
2026-09-10T15:49+02:00,A29,R,16.275,2,speedlimit
2026-09-10T15:49+02:00,A4,R,52.018,1,speedlimit
2026-09-10T15:49+02:00,A13,R,16.655,2,speedlimit
2026-09-10T15:49+02:00,A15,R,82.1,3,speedlimit
2026-09-10T15:49+02:00,A13,L,15.55,5,lane_closed
2026-09-10T15:49+02:00,A20,u,35.09,3,speedlimit
2026-09-10T15:49+02:00,A16,R,11.13,1,speedlimit
2026-09-10T15:49+02:00,A4,m,45.146,3,speedlimit
2026-09-10T15:49+02:00,A15,R,91.13,1,speedlimit
2026-09-10T15:49+02:00,A4,R,51.388,1,speedlimit
2026-09-10T15:49+02:00,A15,L,74.085,1,speedlimit
2026-09-10T15:49+02:00,A4,L,10.831,4,speedlimit
2026-09-10T15:49+02:00,A15,x,56.6,2,speedlimit
2026-09-10T15:49+02:00,A16,L,33.61,2,speedlimit
2026-09-10T15:49+02:00,A15,m,58.65,2,speedlimit
2026-09-10T15:49+02:00,A16,R,27.48,4,speedlimit
2026-09-10T15:49+02:00,A16,d,15.73,1,speedlimit
2026-09-10T15:49+02:00,A16,L,30.2,3,speedlimit
2026-09-10T15:49+02:00,A4,L,11.62,2,speedlimit
2026-09-10T15:49+02:00,A4,R,46.35,3,speedlimit
2026-09-10T15:49+02:00,A4,L,50.253,1,speedlimit
2026-09-10T15:49+02:00,A20,R,33.85,2,speedlimit
2026-09-10T15:49+02:00,A15,R,59.95,3,speedlimit
2026-09-10T15:49+02:00,A4,R,52.598,2,speedlimit
2026-09-10T15:49+02:00,A20,R,33.85,3,speedlimit
2026-09-10T15:49+02:00,A20,L,32.8,3,speedlimit
2026-09-10T15:49+02:00,A16,R,62.38,4,speedlimit
2026-09-10T15:49+02:00,A4,R,38.49,1,speedlimit
2026-09-10T15:49+02:00,A4,R,13.14,5,speedlimit
2026-09-10T15:49+02:00,A15,R,77.613,3,speedlimit
2026-09-10T15:49+02:00,A15,L,73.755,3,speedlimit
2026-09-10T15:49+02:00,A15,R,58.46,1,speedlimit
2026-09-10T15:49+02:00,A16,R,29.28,1,speedlimit
2026-09-10T15:49+02:00,A15,L,73.755,2,speedlimit
2026-09-10T15:49+02:00,A4,R,13.926,4,speedlimit
2026-09-10T15:49+02:00,A4,R,15.183,1,speedlimit
2026-09-10T15:49+02:00,A15,R,82.4,3,speedlimit
2026-09-10T15:49+02:00,A16,L,29.02,5,speedlimit
2026-09-10T15:49+02:00,A4,R,46.65,4,speedlimit
2026-09-10T15:49+02:00,A16,R,27.48,2,speedlimit
2026-09-10T15:49+02:00,A20,R,30.196,1,speedlimit
2026-09-10T15:49+02:00,A4,R,16.655,5,speedlimit
2026-09-10T15:49+02:00,A16,x,18.543,1,speedlimit
2026-09-10T15:49+02:00,A4,R,46.35,2,speedlimit
2026-09-10T15:49+02:00,A16,R,28.315,1,speedlimit
2026-09-10T15:49+02:00,A16,x,19.3,1,speedlimit
2026-09-10T15:49+02:00,A20,L,29.826,4,speedlimit
2026-09-10T15:49+02:00,A20,L,38.3,3,speedlimit
2026-09-10T15:49+02:00,A16,L,30.2,4,speedlimit
2026-09-10T15:49+02:00,A20,L,38.91,3,speedlimit
2026-09-10T15:49+02:00,A16,L,36.355,1,speedlimit
2026-09-10T15:49+02:00,A4,R,13.627,1,speedlimit
2026-09-10T15:49+02:00,A4,L,59.72,2,speedlimit
2026-09-10T15:49+02:00,A15,R,91.13,2,speedlimit
2026-09-10T15:49+02:00,A15,R,160.33,2,speedlimit
2026-09-10T15:49+02:00,A15,R,83.1,2,speedlimit
2026-09-10T15:49+02:00,A16,R,29.28,2,speedlimit
2026-09-10T15:49+02:00,A16,L,46.43,2,speedlimit
2026-09-10T15:49+02:00,A16,L,31.805,1,speedlimit
2026-09-10T15:49+02:00,A16,L,34.13,1,speedlimit
2026-09-10T15:49+02:00,A16,L,41.53,1,speedlimit
2026-09-10T15:49+02:00,A16,R,66.81,2,speedlimit
2026-09-10T15:49+02:00,A15,L,74.085,2,speedlimit
2026-09-10T15:49+02:00,A20,s,29.6,1,speedlimit
2026-09-10T15:49+02:00,A20,L,28.57,2,speedlimit
2026-09-10T15:49+02:00,A20,R,30.6,2,speedlimit
2026-09-10T15:49+02:00,A15,R,59.57,1,speedlimit
2026-09-10T15:49+02:00,A16,R,29.28,6,speedlimit
2026-09-10T15:49+02:00,A20,L,37.3,2,speedlimit
2026-09-10T15:49+02:00,A4,R,29.44,2,speedlimit
2026-09-10T15:49+02:00,A29,s,9.91,2,speedlimit
2026-09-10T15:49+02:00,A15,n,96.42,3,speedlimit
2026-09-10T15:49+02:00,A4,m,37.11,1,speedlimit
2026-09-10T15:49+02:00,A15,L,65.25,3,speedlimit
2026-09-10T15:49+02:00,A13,L,17.1,2,speedlimit
2026-09-10T15:49+02:00,A15,R,57.31,5,speedlimit
2026-09-10T15:49+02:00,A15,R,81.71,3,speedlimit
2026-09-10T15:49+02:00,A16,L,43.145,2,speedlimit
2026-09-10T15:49+02:00,A20,L,36.94,5,speedlimit
2026-09-10T15:49+02:00,A16,g,67.5,1,speedlimit
2026-09-10T15:49+02:00,A16,R,11.7,3,speedlimit
2026-09-10T15:49+02:00,A4,L,11.62,5,speedlimit
2026-09-10T15:49+02:00,A20,L,28.57,3,speedlimit
2026-09-10T15:49+02:00,A15,R,59.57,3,speedlimit
2026-09-10T15:49+02:00,A15,L,64.67,3,speedlimit
2026-09-10T15:49+02:00,A20,R,26.4,4,speedlimit
2026-09-10T15:49+02:00,A20,R,30.196,2,speedlimit
2026-09-10T15:49+02:00,A29,R,15.47,3,speedlimit
2026-09-10T15:49+02:00,A13,R,17.8,3,speedlimit
2026-09-10T15:49+02:00,A16,L,29.37,2,speedlimit
2026-09-10T15:49+02:00,A16,R,32.22,1,speedlimit
2026-09-10T15:49+02:00,A15,L,95.19,2,speedlimit
2026-09-10T15:49+02:00,A16,n,33.354,1,speedlimit
2026-09-10T15:49+02:00,A15,n,95.855,2,speedlimit
2026-09-10T16:49+02:00,A15,R,49.0,1,speedlimit
2026-09-10T16:49+02:00,A13,L,16.7,1,speedlimit
2026-09-10T16:49+02:00,A16,R,58.91,2,speedlimit
2026-09-10T16:49+02:00,A15,L,81.71,1,speedlimit
2026-09-10T16:49+02:00,A4,L,53.954,2,speedlimit
2026-09-10T16:49+02:00,A20,R,40.2,3,speedlimit
2026-09-10T16:49+02:00,A15,R,85.262,2,speedlimit
2026-09-10T16:49+02:00,A4,n,73.284,2,speedlimit
2026-09-10T16:49+02:00,A16,R,17.036,4,speedlimit
2026-09-10T16:49+02:00,A4,R,40.7,4,speedlimit
2026-09-10T16:49+02:00,A16,R,28.78,5,speedlimit
2026-09-10T16:49+02:00,A15,R,84.87,1,speedlimit
2026-09-10T16:49+02:00,A16,R,33.848,1,speedlimit
2026-09-10T16:49+02:00,A16,L,40.4,2,speedlimit
2026-09-10T16:49+02:00,A4,L,70.611,2,speedlimit
2026-09-10T16:49+02:00,A13,R,5.481,2,speedlimit
2026-09-10T16:49+02:00,A4,L,62.3,1,speedlimit
2026-09-10T16:49+02:00,A16,R,39.875,1,speedlimit
2026-09-10T16:49+02:00,A16,R,61.39,1,speedlimit
2026-09-10T16:49+02:00,A4,R,43.385,4,speedlimit
2026-09-10T16:49+02:00,A15,R,71.42,4,speedlimit
2026-09-10T16:49+02:00,A4,R,50.898,4,speedlimit
2026-09-10T16:49+02:00,A16,x,18.9,3,speedlimit
2026-09-10T16:49+02:00,A15,L,79.42,1,speedlimit
2026-09-10T16:49+02:00,A15,R,71.42,2,speedlimit
2026-09-10T16:49+02:00,A15,R,59.2,2,speedlimit
2026-09-10T16:49+02:00,A16,R,11.7,2,speedlimit
2026-09-10T16:49+02:00,A16,R,30.05,1,speedlimit
2026-09-10T16:49+02:00,A16,R,17.463,4,speedlimit
2026-09-10T16:49+02:00,A4,L,36.73,3,speedlimit
2026-09-10T16:49+02:00,A13,R,5.91,1,speedlimit
2026-09-10T16:49+02:00,A15,n,95.285,2,speedlimit
2026-09-10T16:49+02:00,A16,y,18.7,2,speedlimit
2026-09-10T16:49+02:00,A20,R,25.3,1,speedlimit
2026-09-10T16:49+02:00,A4,L,62.755,1,speedlimit
2026-09-10T16:49+02:00,A4,R,42.19,3,speedlimit
2026-09-10T16:49+02:00,A20,R,22.735,2,speedlimit
2026-09-10T16:49+02:00,A15,x,49.88,1,speedlimit
2026-09-10T16:49+02:00,A4,L,37.53,5,speedlimit
2026-09-10T16:49+02:00,A16,R,42.24,2,speedlimit
2026-09-10T16:49+02:00,A4,L,44.62,1,speedlimit
2026-09-10T16:49+02:00,A4,R,18.09,3,speedlimit
2026-09-10T16:49+02:00,A15,y,55.79,1,speedlimit
2026-09-10T16:49+02:00,A20,L,30.196,2,speedlimit
2026-09-10T16:49+02:00,A16,R,10.5,4,speedlimit
2026-09-10T16:49+02:00,A4,R,32.4,3,speedlimit
2026-09-10T16:49+02:00,A15,R,86.7,2,speedlimit
2026-09-10T16:49+02:00,A4,L,62.6,4,speedlimit
2026-09-10T16:49+02:00,A20,R,25.7,2,speedlimit
2026-09-10T16:49+02:00,A16,x,20.5,1,speedlimit
2026-09-10T16:49+02:00,A15,x,54.7,2,speedlimit
2026-09-10T16:49+02:00,A16,R,32.22,3,speedlimit
2026-09-10T16:49+02:00,A13,R,16.655,1,speedlimit
2026-09-10T16:49+02:00,A4,n,73.156,1,speedlimit
2026-09-10T16:49+02:00,A4,L,75.5,3,speedlimit
2026-09-10T16:49+02:00,A16,R,66.52,2,speedlimit
2026-09-10T16:49+02:00,A16,L,17.748,1,speedlimit
2026-09-10T16:49+02:00,A4,L,74.404,5,speedlimit
2026-09-10T16:49+02:00,A4,R,49.84,2,speedlimit
2026-09-10T16:49+02:00,A4,m,43.975,2,speedlimit
2026-09-10T16:49+02:00,A13,R,17.1,2,speedlimit
2026-09-10T16:49+02:00,A4,x,48.1,4,speedlimit
2026-09-10T16:49+02:00,A16,L,39.875,3,speedlimit
2026-09-10T16:49+02:00,A4,R,47.51,4,speedlimit
2026-09-10T16:49+02:00,A4,L,72.736,1,speedlimit
2026-09-10T16:49+02:00,A15,b,49.0,1,speedlimit
2026-09-10T16:49+02:00,A4,L,63.0,4,speedlimit
2026-09-10T16:49+02:00,A16,h,61.37,1,speedlimit
2026-09-10T16:49+02:00,A15,k,70.5,2,speedlimit
2026-09-10T16:49+02:00,A16,L,16.935,5,speedlimit
2026-09-10T16:49+02:00,A4,R,46.35,1,speedlimit
2026-09-10T16:49+02:00,A4,R,29.44,1,speedlimit
2026-09-10T16:49+02:00,A15,R,90.64,1,speedlimit
2026-09-10T16:49+02:00,A16,R,43.69,3,speedlimit
2026-09-10T16:49+02:00,A16,x,18.9,1,speedlimit
2026-09-10T16:49+02:00,A15,L,80.6,2,speedlimit
2026-09-10T16:49+02:00,A29,v,10.39,1,speedlimit
2026-09-10T16:49+02:00,A15,n,61.78,3,speedlimit
2026-09-10T16:49+02:00,A16,r,23.918,2,speedlimit
2026-09-10T16:49+02:00,A15,R,58.05,4,speedlimit
2026-09-10T16:49+02:00,A16,R,62.38,3,speedlimit
2026-09-10T16:49+02:00,A4,L,48.24,3,speedlimit
2026-09-10T16:49+02:00,A4,R,19.75,3,speedlimit
2026-09-10T16:49+02:00,A15,L,81.27,2,speedlimit
2026-09-10T16:49+02:00,A4,L,74.404,2,speedlimit
2026-09-10T16:49+02:00,A4,L,73.006,2,speedlimit
2026-09-10T16:49+02:00,A15,R,51.28,1,speedlimit
2026-09-10T16:49+02:00,A4,R,50.898,3,speedlimit
2026-09-10T16:49+02:00,A15,R,83.55,3,speedlimit
2026-09-10T16:49+02:00,A16,R,39.875,3,speedlimit
2026-09-10T16:49+02:00,A15,x,49.37,1,speedlimit
2026-09-10T16:49+02:00,A16,L,64.155,3,speedlimit
2026-09-10T16:49+02:00,A15,R,48.69,1,speedlimit
2026-09-10T16:49+02:00,A16,L,21.6,3,speedlimit
2026-09-10T16:49+02:00,A16,R,21.5,2,speedlimit
2026-09-10T16:49+02:00,A4,R,31.905,2,speedlimit
2026-09-10T16:49+02:00,A4,R,18.7,1,speedlimit
2026-09-10T16:49+02:00,A16,R,42.24,3,speedlimit
2026-09-10T16:49+02:00,A15,R,77.865,5,speedlimit
2026-09-10T16:49+02:00,A20,R,34.684,2,speedlimit
2026-09-10T16:49+02:00,A13,R,18.5,1,speedlimit
2026-09-10T16:49+02:00,A4,R,44.56,1,speedlimit
2026-09-10T16:49+02:00,A16,R,9.95,1,speedlimit
2026-09-10T16:49+02:00,A16,R,27.695,3,speedlimit
2026-09-10T16:49+02:00,A20,R,34.684,3,speedlimit
2026-09-10T16:49+02:00,A13,b,5.91,1,speedlimit
2026-09-10T16:49+02:00,A16,L,20.6,1,speedlimit
2026-09-10T16:49+02:00,A4,L,49.37,1,speedlimit
2026-09-10T16:49+02:00,A4,R,41.6,4,speedlimit
2026-09-10T16:49+02:00,A16,R,28.315,5,speedlimit
2026-09-10T16:49+02:00,A20,L,29.5,2,speedlimit
2026-09-10T16:49+02:00,A15,R,50.87,1,speedlimit
2026-09-10T16:49+02:00,A4,L,37.53,3,speedlimit
2026-09-10T16:49+02:00,A4,n,73.544,2,speedlimit
2026-09-10T16:49+02:00,A16,R,15.73,2,speedlimit
2026-09-10T16:49+02:00,A16,R,16.3,1,speedlimit
2026-09-10T16:49+02:00,A16,L,19.5,3,speedlimit
2026-09-10T16:49+02:00,A4,L,46.55,2,speedlimit
2026-09-10T16:49+02:00,A4,n,74.204,2,speedlimit
2026-09-10T16:49+02:00,A16,R,11.866,1,speedlimit
2026-09-10T16:49+02:00,A13,R,18.5,4,speedlimit
2026-09-10T16:49+02:00,A4,L,72.881,1,speedlimit
2026-09-10T16:49+02:00,A4,R,48.79,1,speedlimit
2026-09-10T16:49+02:00,A15,m,58.46,3,speedlimit
2026-09-10T16:49+02:00,A4,L,46.55,4,speedlimit
2026-09-10T16:49+02:00,A20,R,42.485,2,speedlimit
2026-09-10T16:49+02:00,A4,R,48.24,1,speedlimit
2026-09-10T16:49+02:00,A13,R,18.2,3,speedlimit
2026-09-10T16:49+02:00,A4,R,50.433,2,speedlimit
2026-09-10T16:49+02:00,A15,R,49.0,3,speedlimit
2026-09-10T16:49+02:00,A16,R,10.5,3,speedlimit
2026-09-10T16:49+02:00,A15,x,51.0,1,speedlimit
2026-09-10T16:49+02:00,A16,p,27.6,2,speedlimit
2026-09-10T16:49+02:00,A15,x,54.7,1,speedlimit
2026-09-10T16:49+02:00,A20,R,28.1,1,speedlimit
2026-09-10T16:49+02:00,A20,R,30.196,3,speedlimit
2026-09-10T16:49+02:00,A4,R,42.19,2,speedlimit
2026-09-10T16:49+02:00,A15,L,80.94,1,speedlimit
2026-09-10T16:49+02:00,A4,R,33.17,2,speedlimit
2026-09-10T16:49+02:00,A16,R,26.45,4,speedlimit
2026-09-10T16:49+02:00,A15,R,51.88,3,speedlimit
2026-09-10T16:49+02:00,A15,p,50.4,1,speedlimit
2026-09-10T16:49+02:00,A4,L,62.885,3,speedlimit
2026-09-10T16:49+02:00,A15,R,81.71,2,speedlimit
2026-09-10T16:49+02:00,A20,L,47.8,1,speedlimit
2026-09-10T16:49+02:00,A4,L,52.448,4,speedlimit
2026-09-10T16:49+02:00,A4,L,62.468,4,speedlimit
2026-09-10T16:49+02:00,A4,m,49.33,2,speedlimit
2026-09-10T16:49+02:00,A20,L,36.94,1,speedlimit
2026-09-10T16:49+02:00,A4,x,49.037,1,speedlimit
2026-09-10T16:49+02:00,A16,R,17.463,2,speedlimit
2026-09-10T16:49+02:00,A4,L,75.105,5,speedlimit
2026-09-10T16:49+02:00,A15,R,58.05,1,speedlimit
2026-09-10T16:49+02:00,A4,L,74.737,3,speedlimit
2026-09-10T16:49+02:00,A4,x,48.1,1,speedlimit
2026-09-10T16:49+02:00,A15,R,58.46,2,speedlimit
2026-09-10T16:49+02:00,A16,b,11.392,1,speedlimit
2026-09-10T16:49+02:00,A15,R,56.6,3,speedlimit
2026-09-10T16:49+02:00,A15,n,95.855,3,speedlimit
2026-09-10T16:49+02:00,A4,R,41.6,1,speedlimit
2026-09-10T16:49+02:00,A4,R,76.9,1,speedlimit
2026-09-10T16:49+02:00,A4,L,50.798,3,speedlimit
2026-09-10T16:49+02:00,A4,L,73.156,2,speedlimit
2026-09-10T16:49+02:00,A13,R,17.8,2,speedlimit
2026-09-10T16:49+02:00,A20,L,36.625,5,speedlimit
2026-09-10T16:49+02:00,A15,R,80.89,3,speedlimit
2026-09-10T16:49+02:00,A16,L,62.69,2,speedlimit
2026-09-10T16:49+02:00,A16,L,35.205,4,speedlimit
2026-09-10T16:49+02:00,A4,R,19.75,2,speedlimit
2026-09-10T16:49+02:00,A15,L,79.73,3,speedlimit
2026-09-10T16:49+02:00,A16,R,43.145,2,speedlimit
2026-09-10T16:49+02:00,A15,x,56.25,1,speedlimit
2026-09-10T16:49+02:00,A20,s,29.6,2,speedlimit
2026-09-10T16:49+02:00,A15,L,65.25,2,speedlimit
2026-09-10T16:49+02:00,A15,L,95.855,2,speedlimit
2026-09-10T16:49+02:00,A15,L,65.685,3,speedlimit
2026-09-10T16:49+02:00,A16,R,33.135,4,speedlimit
2026-09-10T16:49+02:00,A4,R,49.33,2,speedlimit
2026-09-10T16:49+02:00,A4,L,70.215,2,speedlimit
2026-09-10T16:49+02:00,A15,R,81.27,3,speedlimit
2026-09-10T16:49+02:00,A15,R,52.32,3,speedlimit
2026-09-10T16:49+02:00,A16,L,21.1,1,speedlimit
2026-09-10T16:49+02:00,A4,L,72.881,2,speedlimit
2026-09-10T16:49+02:00,A16,L,34.335,1,speedlimit
2026-09-10T16:49+02:00,A15,R,71.99,2,speedlimit
2026-09-10T16:49+02:00,A15,R,81.71,1,speedlimit
2026-09-10T16:49+02:00,A15,R,58.05,2,speedlimit
2026-09-10T16:49+02:00,A4,R,45.28,1,speedlimit
2026-09-10T16:49+02:00,A4,L,0.86,1,speedlimit
2026-09-10T16:49+02:00,A15,R,90.64,2,lane_closed_ahead
2026-09-10T16:49+02:00,A15,L,80.94,2,speedlimit
2026-09-10T16:49+02:00,A20,R,26.93,4,speedlimit
2026-09-10T16:49+02:00,A20,R,28.57,3,speedlimit
2026-09-10T16:49+02:00,A15,L,70.95,3,speedlimit
2026-09-10T16:49+02:00,A20,L,36.625,2,speedlimit
2026-09-10T16:49+02:00,A15,R,77.613,1,speedlimit
2026-09-10T16:49+02:00,A29,v,10.8,1,speedlimit
2026-09-10T16:49+02:00,A16,L,34.018,1,speedlimit
2026-09-10T16:49+02:00,A16,R,42.61,2,speedlimit
2026-09-10T16:49+02:00,A16,R,31.74,5,speedlimit
2026-09-10T16:49+02:00,A4,R,45.98,4,speedlimit
2026-09-10T16:49+02:00,A13,L,18.8,2,speedlimit
2026-09-10T16:49+02:00,A4,L,72.736,2,speedlimit
2026-09-10T16:49+02:00,A15,R,60.49,4,speedlimit
2026-09-10T16:49+02:00,A4,x,47.745,2,speedlimit
2026-09-10T16:49+02:00,A15,R,50.31,1,speedlimit
2026-09-10T16:49+02:00,A20,R,27.235,1,speedlimit
2026-09-10T16:49+02:00,A4,L,73.284,2,speedlimit
2026-09-10T16:49+02:00,A20,R,39.515,2,speedlimit
2026-09-10T16:49+02:00,A20,L,28.41,2,speedlimit
2026-09-10T16:49+02:00,A16,R,62.85,1,speedlimit
2026-09-10T16:49+02:00,A20,v,23.52,1,speedlimit
2026-09-10T16:49+02:00,A16,R,58.91,3,speedlimit
2026-09-10T16:49+02:00,A4,L,52.018,2,speedlimit
2026-09-10T16:49+02:00,A4,R,47.51,3,speedlimit
2026-09-10T16:49+02:00,A4,R,18.09,4,speedlimit
2026-09-10T16:49+02:00,A4,R,46.65,3,speedlimit
2026-09-10T16:49+02:00,A15,R,57.78,1,speedlimit
2026-09-10T16:49+02:00,A16,R,31.25,4,speedlimit
2026-09-10T16:49+02:00,A4,R,27.5,1,speedlimit
2026-09-10T16:49+02:00,A4,R,43.975,3,speedlimit
2026-09-10T16:49+02:00,A20,R,24.715,1,speedlimit
2026-09-10T16:49+02:00,A4,R,41.6,2,speedlimit
2026-09-10T16:49+02:00,A15,n,62.25,2,speedlimit
2026-09-10T16:49+02:00,A16,R,41.96,3,speedlimit
2026-09-10T16:49+02:00,A4,R,51.388,2,speedlimit
2026-09-10T16:49+02:00,A4,L,52.018,3,speedlimit
2026-09-10T16:49+02:00,A20,R,23.0,4,speedlimit
2026-09-10T16:49+02:00,A15,R,48.69,4,speedlimit
2026-09-10T16:49+02:00,A20,R,27.79,2,speedlimit
2026-09-10T16:49+02:00,A16,L,32.396,3,speedlimit
2026-09-10T16:49+02:00,A16,R,45.39,2,lane_closed
2026-09-10T16:49+02:00,A13,R,18.5,3,speedlimit
2026-09-10T16:49+02:00,A16,R,27.695,4,speedlimit
2026-09-10T16:49+02:00,A20,R,28.57,4,speedlimit
2026-09-10T16:49+02:00,A20,R,31.26,4,speedlimit
2026-09-10T16:49+02:00,A20,L,29.826,2,speedlimit
2026-09-10T16:49+02:00,A15,R,80.89,2,speedlimit
2026-09-10T16:49+02:00,A4,n,73.746,2,speedlimit
2026-09-10T16:49+02:00,A20,L,28.57,1,speedlimit
2026-09-10T16:49+02:00,A20,R,34.684,1,speedlimit
2026-09-10T16:49+02:00,A16,L,31.805,2,speedlimit
2026-09-10T16:49+02:00,A4,R,45.98,3,speedlimit
2026-09-10T16:49+02:00,A15,R,72.54,2,speedlimit
2026-09-10T16:49+02:00,A4,R,47.822,4,speedlimit
2026-09-10T16:49+02:00,A20,L,33.36,2,speedlimit
2026-09-10T16:49+02:00,A15,R,83.55,2,speedlimit
2026-09-10T16:49+02:00,A29,R,12.5,3,speedlimit
2026-09-10T16:49+02:00,A16,R,32.22,5,speedlimit
2026-09-10T16:49+02:00,A4,L,47.88,1,speedlimit
2026-09-10T16:49+02:00,A4,L,48.79,2,speedlimit
2026-09-10T16:49+02:00,A16,R,33.958,1,speedlimit
2026-09-10T16:49+02:00,A20,R,33.36,1,speedlimit
2026-09-10T16:49+02:00,A20,R,29.5,4,speedlimit
2026-09-10T16:49+02:00,A13,R,6.4,2,speedlimit
2026-09-10T16:49+02:00,A4,L,49.84,1,speedlimit
2026-09-10T16:49+02:00,A4,R,45.98,1,speedlimit
2026-09-10T16:49+02:00,A16,R,61.99,1,speedlimit
2026-09-10T16:49+02:00,A16,R,23.2,2,speedlimit
2026-09-10T16:49+02:00,A15,m,60.07,1,speedlimit
2026-09-10T16:49+02:00,A15,R,84.87,3,speedlimit
2026-09-10T16:49+02:00,A15,L,80.1,3,speedlimit
2026-09-10T16:49+02:00,A4,L,61.69,2,speedlimit
2026-09-10T16:49+02:00,A4,L,54.48,3,speedlimit
2026-09-10T16:49+02:00,A16,R,32.76,5,speedlimit
2026-09-10T16:49+02:00,A16,R,33.43,2,speedlimit
2026-09-10T16:49+02:00,A4,L,61.69,1,speedlimit
2026-09-10T16:49+02:00,A16,R,16.3,3,speedlimit
2026-09-10T16:49+02:00,A16,L,20.3,3,speedlimit
2026-09-10T16:49+02:00,A16,R,43.69,2,speedlimit
2026-09-10T16:49+02:00,A16,R,31.74,4,speedlimit
2026-09-10T16:49+02:00,A16,R,51.84,3,speedlimit
2026-09-10T16:49+02:00,A16,L,64.155,1,speedlimit
2026-09-10T16:49+02:00,A16,L,34.6,1,speedlimit
2026-09-10T16:49+02:00,A15,R,71.42,1,speedlimit
2026-09-10T16:49+02:00,A16,x,21.9,2,speedlimit
2026-09-10T16:49+02:00,A20,R,28.1,2,speedlimit
2026-09-10T16:49+02:00,A20,R,26.64,1,speedlimit
2026-09-10T16:49+02:00,A16,L,32.396,1,speedlimit
2026-09-10T16:49+02:00,A4,L,73.544,2,speedlimit
2026-09-10T16:49+02:00,A16,R,22.7,5,speedlimit
2026-09-10T16:49+02:00,A20,R,25.7,3,speedlimit
2026-09-10T16:49+02:00,A4,n,74.204,1,speedlimit
2026-09-10T16:49+02:00,A15,x,51.61,1,speedlimit
2026-09-10T16:49+02:00,A4,R,43.085,2,speedlimit
2026-09-10T16:49+02:00,A15,L,64.2,2,speedlimit
2026-09-10T16:49+02:00,A15,R,60.49,3,speedlimit
2026-09-10T16:49+02:00,A15,x,49.37,2,speedlimit
2026-09-10T16:49+02:00,A4,L,46.27,2,speedlimit
2026-09-10T16:49+02:00,A16,R,28.78,2,speedlimit
2026-09-10T16:49+02:00,A4,L,50.798,4,speedlimit
2026-09-10T16:49+02:00,A4,L,72.391,1,speedlimit
2026-09-10T16:49+02:00,A15,R,48.69,3,speedlimit
2026-09-10T16:49+02:00,A15,R,72.54,3,speedlimit
2026-09-10T16:49+02:00,A29,R,9.83,1,speedlimit
2026-09-10T16:49+02:00,A4,R,17.8,3,speedlimit
2026-09-10T16:49+02:00,A20,L,32.8,2,speedlimit
2026-09-10T16:49+02:00,A4,L,0.86,3,speedlimit
2026-09-10T16:49+02:00,A16,L,30.73,4,speedlimit
2026-09-10T16:49+02:00,A4,R,19.27,3,speedlimit
2026-09-10T16:49+02:00,A15,L,65.25,4,speedlimit
2026-09-10T16:49+02:00,A16,L,21.6,2,speedlimit
2026-09-10T16:49+02:00,A15,R,71.07,1,speedlimit
2026-09-10T16:49+02:00,A15,R,59.2,1,speedlimit
2026-09-10T16:49+02:00,A15,R,77.865,1,speedlimit
2026-09-10T16:49+02:00,A4,L,62.6,1,speedlimit
2026-09-10T16:49+02:00,A4,L,36.73,4,speedlimit
2026-09-10T16:49+02:00,A13,L,17.1,3,speedlimit
2026-09-10T16:49+02:00,A4,R,17.2,1,speedlimit
2026-09-10T16:49+02:00,A4,R,46.65,2,speedlimit
2026-09-10T16:49+02:00,A16,R,40.4,1,speedlimit
2026-09-10T16:49+02:00,A4,R,35.8,1,speedlimit
2026-09-10T16:49+02:00,A20,R,42.0,1,speedlimit
2026-09-10T16:49+02:00,A20,L,37.3,3,speedlimit
2026-09-10T16:49+02:00,A4,L,62.135,3,speedlimit
2026-09-10T16:49+02:00,A4,R,35.8,2,speedlimit
2026-09-10T16:49+02:00,A16,R,62.85,4,speedlimit
2026-09-10T16:49+02:00,A20,R,34.29,2,speedlimit
2026-09-10T16:49+02:00,A16,R,46.13,1,speedlimit
2026-09-10T16:49+02:00,A16,R,52.44,2,speedlimit
2026-09-10T16:49+02:00,A4,L,45.28,1,speedlimit
2026-09-10T16:49+02:00,A16,L,39.25,3,speedlimit
2026-09-10T16:49+02:00,A16,f,67.9,1,speedlimit
2026-09-10T16:49+02:00,A16,h,61.37,2,speedlimit
2026-09-10T16:49+02:00,A20,L,36.625,1,speedlimit
2026-09-10T16:49+02:00,A4,L,73.284,1,speedlimit
2026-09-10T16:49+02:00,A4,L,36.73,2,speedlimit
2026-09-10T16:49+02:00,A16,R,33.135,2,speedlimit
2026-09-10T16:49+02:00,A15,y,55.79,3,speedlimit
2026-09-10T16:49+02:00,A4,L,62.3,4,speedlimit
2026-09-10T16:49+02:00,A4,h,70.25,2,speedlimit
2026-09-10T16:49+02:00,A20,R,33.85,1,speedlimit
2026-09-10T16:49+02:00,A4,R,28.01,2,speedlimit
2026-09-10T16:49+02:00,A16,R,40.93,1,speedlimit
2026-09-10T16:49+02:00,A15,R,84.01,3,speedlimit
2026-09-10T16:49+02:00,A4,L,46.55,1,speedlimit
2026-09-10T16:49+02:00,A4,L,46.55,3,speedlimit
2026-09-10T16:49+02:00,A4,R,32.85,3,speedlimit
2026-09-10T16:49+02:00,A16,R,66.81,3,speedlimit
2026-09-10T16:49+02:00,A4,L,47.88,2,speedlimit
2026-09-10T16:49+02:00,A20,L,27.488,1,speedlimit
2026-09-10T16:49+02:00,A4,L,58.82,1,speedlimit
2026-09-10T16:49+02:00,A4,R,47.822,3,speedlimit
2026-09-10T16:49+02:00,A20,L,27.2,1,speedlimit
2026-09-10T16:49+02:00,A16,R,41.96,2,speedlimit
2026-09-10T16:49+02:00,A4,h,46.06,2,speedlimit
2026-09-10T16:49+02:00,A4,R,40.7,3,speedlimit
2026-09-10T16:49+02:00,A15,R,59.57,2,speedlimit
2026-09-10T16:49+02:00,A20,L,27.8,2,speedlimit
2026-09-10T16:49+02:00,A15,L,71.42,4,speedlimit
2026-09-10T16:49+02:00,A16,L,20.6,2,speedlimit
2026-09-10T16:49+02:00,A16,L,16.935,2,speedlimit
2026-09-10T16:49+02:00,A16,L,62.69,1,speedlimit
2026-09-10T16:49+02:00,A4,R,47.51,1,speedlimit
2026-09-10T16:49+02:00,A15,R,58.05,5,speedlimit
2026-09-10T16:49+02:00,A13,L,18.2,3,speedlimit
2026-09-10T16:49+02:00,A16,R,12.07,2,speedlimit
2026-09-10T16:49+02:00,A15,y,55.41,2,speedlimit
2026-09-10T16:49+02:00,A4,L,1.156,2,speedlimit
2026-09-10T16:49+02:00,A16,L,31.425,4,speedlimit
2026-09-10T16:49+02:00,A16,R,29.28,5,speedlimit
2026-09-10T16:49+02:00,A15,L,79.73,2,speedlimit
2026-09-10T16:49+02:00,A4,L,74.737,2,speedlimit
2026-09-10T16:49+02:00,A4,R,32.4,2,speedlimit
2026-09-10T16:49+02:00,A16,R,32.933,1,speedlimit
2026-09-10T16:49+02:00,A15,R,87.4,1,speedlimit
2026-09-10T16:49+02:00,A4,R,27.5,2,speedlimit
2026-09-10T16:49+02:00,A4,L,53.26,2,speedlimit
2026-09-10T16:49+02:00,A16,y,18.2,1,speedlimit
2026-09-10T16:49+02:00,A16,R,11.392,1,speedlimit
2026-09-10T16:49+02:00,A4,L,72.591,1,speedlimit
2026-09-10T16:49+02:00,A15,y,55.79,2,speedlimit
2026-09-10T16:49+02:00,A16,L,19.0,3,speedlimit
2026-09-10T16:49+02:00,A4,R,43.085,1,speedlimit
2026-09-10T16:49+02:00,A16,R,32.518,4,speedlimit
2026-09-10T16:49+02:00,A20,R,22.735,1,speedlimit
2026-09-10T16:49+02:00,A16,L,35.205,2,speedlimit
2026-09-10T16:49+02:00,A4,L,63.0,1,speedlimit
2026-09-10T16:49+02:00,A4,L,70.215,3,speedlimit
2026-09-10T16:49+02:00,A20,L,31.88,1,speedlimit
2026-09-10T16:49+02:00,A16,R,11.392,2,speedlimit
2026-09-10T16:49+02:00,A15,R,77.613,2,speedlimit
2026-09-10T16:49+02:00,A16,R,26.45,2,speedlimit
2026-09-10T16:49+02:00,A16,L,29.37,4,speedlimit
2026-09-10T16:49+02:00,A4,L,63.0,2,speedlimit
2026-09-10T16:49+02:00,A15,R,51.88,4,speedlimit
2026-09-10T16:49+02:00,A13,L,16.7,2,speedlimit
2026-09-10T16:49+02:00,A4,R,43.385,2,speedlimit
2026-09-10T16:49+02:00,A16,R,33.958,2,speedlimit
2026-09-10T16:49+02:00,A4,n,73.284,1,speedlimit
2026-09-10T16:49+02:00,A15,R,72.54,1,speedlimit
2026-09-10T16:49+02:00,A4,R,17.2,5,speedlimit
2026-09-10T16:49+02:00,A4,R,34.3,1,speedlimit
2026-09-10T16:49+02:00,A20,L,30.9,2,speedlimit
2026-09-10T16:49+02:00,A16,R,31.25,5,speedlimit
2026-09-10T16:49+02:00,A16,R,60.5,3,speedlimit
2026-09-10T16:49+02:00,A20,L,38.91,2,speedlimit
2026-09-10T16:49+02:00,A20,L,36.625,3,speedlimit
2026-09-10T16:49+02:00,A16,R,28.315,3,speedlimit
2026-09-10T16:49+02:00,A16,R,21.5,1,speedlimit
2026-09-10T16:49+02:00,A15,R,90.05,1,speedlimit
2026-09-10T16:49+02:00,A4,R,48.79,2,speedlimit
2026-09-10T16:49+02:00,A15,R,85.78,2,speedlimit
2026-09-10T16:49+02:00,A20,L,28.085,1,speedlimit
2026-09-10T16:49+02:00,A13,R,6.4,1,speedlimit
2026-09-10T16:49+02:00,A4,R,28.01,3,speedlimit
2026-09-10T16:49+02:00,A20,s,35.6,1,speedlimit
2026-09-10T16:49+02:00,A15,R,58.05,3,speedlimit
2026-09-10T16:49+02:00,A15,L,71.9,2,speedlimit
2026-09-10T16:49+02:00,A4,R,17.2,3,speedlimit
2026-09-10T16:49+02:00,A4,m,48.79,2,speedlimit
2026-09-10T16:49+02:00,A15,p,58.05,1,speedlimit
2026-09-10T16:49+02:00,A16,R,32.76,4,speedlimit
2026-09-10T16:49+02:00,A16,R,33.609,2,speedlimit
2026-09-10T16:49+02:00,A4,R,40.7,2,speedlimit
2026-09-10T16:49+02:00,A16,R,32.22,2,speedlimit
2026-09-10T16:49+02:00,A16,R,60.05,1,speedlimit
2026-09-10T16:49+02:00,A13,L,3.52,2,speedlimit
2026-09-10T16:49+02:00,A16,R,22.7,4,speedlimit
2026-09-10T16:49+02:00,A15,L,80.6,1,speedlimit
2026-09-10T16:49+02:00,A4,R,33.8,1,speedlimit
2026-09-10T16:49+02:00,A16,L,18.2,2,speedlimit
2026-09-10T16:49+02:00,A20,R,30.6,1,speedlimit
2026-09-10T16:49+02:00,A4,m,45.146,1,speedlimit
2026-09-10T16:49+02:00,A13,R,17.1,3,speedlimit
2026-09-10T16:49+02:00,A15,L,79.05,1,speedlimit
2026-09-10T16:49+02:00,A4,R,18.09,2,speedlimit
2026-09-10T16:49+02:00,A16,L,31.805,3,speedlimit
2026-09-10T16:49+02:00,A4,L,44.01,3,speedlimit
2026-09-10T16:49+02:00,A20,R,26.93,3,speedlimit
2026-09-10T16:49+02:00,A16,R,28.78,6,speedlimit
2026-09-10T16:49+02:00,A16,R,17.463,1,speedlimit
2026-09-10T16:49+02:00,A15,n,61.39,3,speedlimit
2026-09-10T16:49+02:00,A4,m,45.146,2,speedlimit
2026-09-10T16:49+02:00,A20,L,31.4,1,speedlimit
2026-09-10T16:49+02:00,A13,L,3.52,1,speedlimit
2026-09-10T16:49+02:00,A16,L,30.2,1,speedlimit
2026-09-10T16:49+02:00,A15,p,58.05,2,speedlimit
2026-09-10T16:49+02:00,A4,L,62.3,2,speedlimit
2026-09-10T16:49+02:00,A4,L,48.24,1,speedlimit
2026-09-10T16:49+02:00,A4,L,73.954,2,speedlimit
2026-09-10T16:49+02:00,A16,R,59.51,1,speedlimit
2026-09-10T16:49+02:00,A16,R,17.036,5,speedlimit
2026-09-10T16:49+02:00,A16,R,18.924,1,speedlimit
2026-09-10T16:49+02:00,A4,R,42.775,4,speedlimit
2026-09-10T16:49+02:00,A16,L,34.44,2,speedlimit
2026-09-10T16:49+02:00,A4,L,74.404,1,speedlimit
2026-09-10T16:49+02:00,A4,n,73.414,1,speedlimit
2026-09-10T16:49+02:00,A16,L,33.904,1,speedlimit
2026-09-10T16:49+02:00,A20,u,23.853,1,speedlimit
2026-09-10T16:49+02:00,A20,L,31.1,2,speedlimit
2026-09-10T16:49+02:00,A4,L,70.611,4,speedlimit
2026-09-10T16:49+02:00,A4,g,63.875,2,speedlimit
2026-09-10T16:49+02:00,A4,L,54.907,1,speedlimit
2026-09-10T16:49+02:00,A16,R,9.35,2,speedlimit
2026-09-10T16:49+02:00,A4,h,70.25,1,speedlimit
2026-09-10T16:49+02:00,A29,R,11.95,2,speedlimit
2026-09-10T16:49+02:00,A4,R,32.85,4,speedlimit
2026-09-10T16:49+02:00,A16,R,33.778,1,speedlimit
2026-09-10T16:49+02:00,A13,g,18.7,2,speedlimit
2026-09-10T16:49+02:00,A4,L,46.27,1,speedlimit
2026-09-10T16:49+02:00,A20,R,32.8,1,speedlimit
2026-09-10T16:49+02:00,A15,L,65.685,2,speedlimit
2026-09-10T16:49+02:00,A15,x,55.59,1,speedlimit
2026-09-10T16:49+02:00,A20,L,31.4,2,speedlimit
2026-09-10T16:49+02:00,A4,L,70.611,3,speedlimit
2026-09-10T16:49+02:00,A4,R,35.48,1,speedlimit
2026-09-10T16:49+02:00,A16,R,62.38,1,speedlimit
2026-09-10T16:49+02:00,A29,R,11.95,4,speedlimit
2026-09-10T16:49+02:00,A4,L,49.84,3,speedlimit
2026-09-10T16:49+02:00,A20,R,23.27,2,speedlimit
2026-09-10T16:49+02:00,A16,L,18.2,1,speedlimit
2026-09-10T16:49+02:00,A4,L,70.611,6,speedlimit
2026-09-10T16:49+02:00,A20,L,37.3,4,speedlimit
2026-09-10T16:49+02:00,A16,m,40.39,2,speedlimit
2026-09-10T16:49+02:00,A20,R,33.36,3,speedlimit
2026-09-10T16:49+02:00,A4,R,17.8,2,speedlimit
2026-09-10T16:49+02:00,A16,R,30.05,2,speedlimit
2026-09-10T16:49+02:00,A16,L,14.32,1,speedlimit
2026-09-10T16:49+02:00,A16,R,22.7,1,speedlimit
2026-09-10T16:49+02:00,A16,R,8.65,3,speedlimit
2026-09-10T16:49+02:00,A4,L,62.135,1,speedlimit
2026-09-10T16:49+02:00,A15,L,71.42,3,speedlimit
2026-09-10T16:49+02:00,A16,L,68.535,2,speedlimit
2026-09-10T16:49+02:00,A20,R,24.07,2,speedlimit
2026-09-10T16:49+02:00,A15,y,55.41,4,speedlimit
2026-09-10T16:49+02:00,A15,R,71.42,3,speedlimit
2026-09-10T16:49+02:00,A16,R,34.068,2,speedlimit
2026-09-10T16:49+02:00,A16,x,21.0,3,speedlimit
2026-09-10T16:49+02:00,A16,R,26.96,1,speedlimit
2026-09-10T16:49+02:00,A13,L,15.9,3,lane_closed
2026-09-10T16:49+02:00,A15,R,87.05,1,speedlimit
2026-09-10T16:49+02:00,A16,L,30.2,2,speedlimit
2026-09-10T16:49+02:00,A4,L,63.19,2,speedlimit
2026-09-10T16:49+02:00,A16,x,21.5,2,speedlimit
2026-09-10T16:49+02:00,A15,n,61.39,1,speedlimit
2026-09-10T16:49+02:00,A20,R,33.36,2,speedlimit
2026-09-10T16:49+02:00,A4,R,28.58,3,speedlimit
2026-09-10T16:49+02:00,A16,L,32.843,4,speedlimit
2026-09-10T16:49+02:00,A15,L,78.48,1,speedlimit
2026-09-10T16:49+02:00,A4,R,47.822,1,speedlimit
2026-09-10T16:49+02:00,A4,L,54.907,3,speedlimit
2026-09-10T16:49+02:00,A15,x,55.14,1,speedlimit
2026-09-10T16:49+02:00,A16,R,28.315,4,speedlimit
2026-09-10T16:49+02:00,A15,R,56.1,3,speedlimit
2026-09-10T16:49+02:00,A13,R,16.2,1,speedlimit
2026-09-10T16:49+02:00,A20,L,37.8,2,speedlimit
2026-09-10T16:49+02:00,A15,R,89.53,1,speedlimit
2026-09-10T16:49+02:00,A15,L,71.9,3,speedlimit
2026-09-10T16:49+02:00,A4,R,42.19,4,speedlimit
2026-09-10T16:49+02:00,A4,h,70.25,4,speedlimit
2026-09-10T16:49+02:00,A15,R,49.99,2,speedlimit
2026-09-10T16:49+02:00,A13,R,18.5,2,speedlimit
2026-09-10T16:49+02:00,A4,L,74.737,4,speedlimit
2026-09-10T16:49+02:00,A16,L,21.1,3,speedlimit
2026-09-10T16:49+02:00,A20,L,36.94,3,speedlimit
2026-09-10T16:49+02:00,A20,L,30.196,1,speedlimit
2026-09-10T16:49+02:00,A15,k,69.8,1,speedlimit
2026-09-10T16:49+02:00,A4,L,61.825,4,speedlimit
2026-09-10T16:49+02:00,A4,R,51.388,3,speedlimit
2026-09-10T16:49+02:00,A16,R,33.778,2,speedlimit
2026-09-10T16:49+02:00,A4,R,76.6,3,speedlimit
2026-09-10T16:49+02:00,A16,L,34.225,1,speedlimit
2026-09-10T16:49+02:00,A4,L,44.01,2,speedlimit
2026-09-10T16:49+02:00,A16,R,21.9,2,speedlimit
2026-09-10T16:49+02:00,A16,R,59.51,3,speedlimit
2026-09-10T16:49+02:00,A4,x,47.745,3,speedlimit
2026-09-10T16:49+02:00,A20,R,34.684,4,speedlimit
2026-09-10T16:49+02:00,A20,R,27.79,1,speedlimit
2026-09-10T16:49+02:00,A20,r,35.245,1,speedlimit
2026-09-10T16:49+02:00,A16,R,11.13,2,speedlimit
2026-09-10T16:49+02:00,A15,R,82.4,1,speedlimit
2026-09-10T16:49+02:00,A16,R,43.145,3,speedlimit
2026-09-10T16:49+02:00,A16,R,43.69,1,speedlimit
2026-09-10T16:49+02:00,A20,L,29.826,1,speedlimit
2026-09-10T16:49+02:00,A16,L,32.396,4,speedlimit
2026-09-10T16:49+02:00,A4,R,52.598,4,speedlimit
2026-09-10T16:49+02:00,A16,L,31.425,2,speedlimit
2026-09-10T16:49+02:00,A15,R,84.475,1,speedlimit
2026-09-10T16:49+02:00,A16,x,21.9,1,speedlimit
2026-09-10T16:49+02:00,A15,R,56.1,2,speedlimit
2026-09-10T16:49+02:00,A16,R,61.39,2,speedlimit
2026-09-10T16:49+02:00,A4,L,61.98,1,speedlimit
2026-09-10T16:49+02:00,A4,L,62.6,3,speedlimit
2026-09-10T16:49+02:00,A16,R,66.52,1,speedlimit
2026-09-10T16:49+02:00,A4,R,17.8,5,speedlimit
2026-09-10T16:49+02:00,A4,n,73.414,2,speedlimit
2026-09-10T16:49+02:00,A20,R,34.29,1,speedlimit
2026-09-10T16:49+02:00,A16,R,26.45,1,speedlimit
2026-09-10T16:49+02:00,A20,u,36.23,2,speedlimit
2026-09-10T16:49+02:00,A4,R,50.898,2,speedlimit
2026-09-10T16:49+02:00,A16,R,30.05,4,speedlimit
2026-09-10T16:49+02:00,A20,R,28.41,2,speedlimit
2026-09-10T16:49+02:00,A16,x,21.5,1,speedlimit
2026-09-10T16:49+02:00,A16,L,31.805,5,speedlimit
2026-09-10T16:49+02:00,A15,R,48.69,5,speedlimit
2026-09-10T16:49+02:00,A16,L,17.299,1,speedlimit
2026-09-10T16:49+02:00,A4,L,62.135,2,speedlimit
2026-09-10T16:49+02:00,A16,R,29.28,4,speedlimit
2026-09-10T16:49+02:00,A15,R,84.01,2,speedlimit
2026-09-10T16:49+02:00,A16,L,32.843,2,speedlimit
2026-09-10T16:49+02:00,A15,x,50.475,1,speedlimit
2026-09-10T16:49+02:00,A4,R,52.598,5,speedlimit
2026-09-10T16:49+02:00,A16,R,28.315,6,speedlimit
2026-09-10T16:49+02:00,A20,L,48.2,2,speedlimit
2026-09-10T16:49+02:00,A20,R,39.515,1,speedlimit
2026-09-10T16:49+02:00,A15,L,94.625,1,speedlimit
2026-09-10T16:49+02:00,A20,R,29.1,1,speedlimit
2026-09-10T16:49+02:00,A4,R,31.905,1,speedlimit
2026-09-10T16:49+02:00,A16,L,31.425,1,speedlimit
2026-09-10T16:49+02:00,A4,R,19.27,2,speedlimit
2026-09-10T16:49+02:00,A4,L,0.86,2,speedlimit
2026-09-10T16:49+02:00,A16,L,33.784,1,speedlimit
2026-09-10T16:49+02:00,A16,m,33.778,2,speedlimit
2026-09-10T16:49+02:00,A13,R,17.8,1,speedlimit
2026-09-10T16:49+02:00,A20,R,28.41,1,speedlimit
2026-09-10T16:49+02:00,A20,L,33.36,1,speedlimit
2026-09-10T16:49+02:00,A15,p,57.31,2,speedlimit
2026-09-10T16:49+02:00,A20,R,31.9,2,speedlimit
2026-09-10T16:49+02:00,A15,L,80.1,2,speedlimit
2026-09-10T16:49+02:00,A4,R,42.775,2,speedlimit
2026-09-10T16:49+02:00,A16,R,22.4,3,speedlimit
2026-09-10T16:49+02:00,A16,L,19.5,1,speedlimit
2026-09-10T16:49+02:00,A16,R,26.45,3,speedlimit
2026-09-10T16:49+02:00,A16,L,34.44,1,speedlimit
2026-09-10T16:49+02:00,A16,R,62.85,3,speedlimit
2026-09-10T16:49+02:00,A20,L,31.1,3,speedlimit
2026-09-10T16:49+02:00,A4,R,76.9,3,speedlimit
2026-09-10T16:49+02:00,A4,R,43.385,5,speedlimit
2026-09-10T16:49+02:00,A15,x,55.14,3,speedlimit
2026-09-10T16:49+02:00,A15,R,57.78,4,speedlimit
2026-09-10T16:49+02:00,A15,R,57.31,3,speedlimit
2026-09-10T16:49+02:00,A16,R,23.2,5,speedlimit
2026-09-10T16:49+02:00,A29,R,9.83,3,speedlimit
2026-09-10T16:49+02:00,A4,L,63.19,1,speedlimit
2026-09-10T16:49+02:00,A16,L,15.73,2,speedlimit
2026-09-10T16:49+02:00,A16,L,61.99,1,speedlimit
2026-09-10T16:49+02:00,A4,m,49.33,1,speedlimit
2026-09-10T16:49+02:00,A15,R,49.61,2,speedlimit
2026-09-10T16:49+02:00,A15,R,60.49,2,speedlimit
2026-09-10T16:49+02:00,A16,R,58.91,1,speedlimit
2026-09-10T16:49+02:00,A4,L,36.73,1,speedlimit
2026-09-10T16:49+02:00,A20,R,27.488,2,speedlimit
2026-09-10T16:49+02:00,A15,R,90.05,2,speedlimit
2026-09-10T16:49+02:00,A20,t,28.895,1,speedlimit
2026-09-10T16:49+02:00,A16,R,26.96,3,speedlimit
2026-09-10T16:49+02:00,A16,L,32.396,5,speedlimit
2026-09-10T16:49+02:00,A20,L,32.8,1,speedlimit
2026-09-10T16:49+02:00,A16,R,21.0,1,speedlimit
2026-09-10T16:49+02:00,A4,L,74.737,5,speedlimit
2026-09-10T16:49+02:00,A16,r,23.918,3,speedlimit
2026-09-10T16:49+02:00,A16,L,16.48,3,speedlimit
2026-09-10T16:49+02:00,A16,L,17.748,3,speedlimit
2026-09-10T16:49+02:00,A15,p,50.05,1,speedlimit
2026-09-10T16:49+02:00,A4,L,60.268,3,speedlimit
2026-09-10T16:49+02:00,A4,L,45.75,3,speedlimit
2026-09-10T16:49+02:00,A4,R,27.5,3,speedlimit
2026-09-10T16:49+02:00,A20,R,32.8,2,speedlimit
2026-09-10T16:49+02:00,A20,R,28.8,2,speedlimit
2026-09-10T16:49+02:00,A16,x,19.3,2,speedlimit
2026-09-10T16:49+02:00,A4,m,49.33,3,speedlimit
2026-09-10T16:49+02:00,A4,R,30.1,3,speedlimit
2026-09-10T16:49+02:00,A4,L,49.37,3,speedlimit
2026-09-10T16:49+02:00,A16,R,16.3,2,speedlimit
2026-09-10T16:49+02:00,A16,e,61.15,2,speedlimit
2026-09-10T16:49+02:00,A13,R,5.91,3,speedlimit
2026-09-10T16:49+02:00,A15,R,86.3,1,speedlimit
2026-09-10T16:49+02:00,A4,f,69.17,1,speedlimit
2026-09-10T16:49+02:00,A16,R,40.4,3,speedlimit
2026-09-10T16:49+02:00,A20,L,31.1,1,speedlimit
2026-09-10T16:49+02:00,A13,L,16.19,3,lane_closed
2026-09-10T16:49+02:00,A16,L,61.99,2,speedlimit
2026-09-10T16:49+02:00,A4,R,76.07,1,speedlimit
2026-09-10T16:49+02:00,A13,L,15.035,5,lane_closed
2026-09-10T16:49+02:00,A16,R,32.76,2,speedlimit
2026-09-10T16:49+02:00,A15,p,57.31,1,speedlimit
2026-09-10T16:49+02:00,A15,L,79.42,3,speedlimit
2026-09-10T16:49+02:00,A16,L,16.48,2,speedlimit
2026-09-10T16:49+02:00,A16,R,32.518,3,speedlimit
2026-09-10T16:49+02:00,A4,R,52.018,2,speedlimit
2026-09-10T16:49+02:00,A4,R,49.33,3,speedlimit
2026-09-10T16:49+02:00,A20,u,23.853,2,speedlimit
2026-09-10T16:49+02:00,A4,x,47.745,1,speedlimit
2026-09-10T16:49+02:00,A4,L,45.28,3,speedlimit
2026-09-10T16:49+02:00,A15,L,95.55,1,speedlimit
2026-09-10T16:49+02:00,A4,L,52.018,4,speedlimit
2026-09-10T16:49+02:00,A15,R,88.65,2,speedlimit
2026-09-10T16:49+02:00,A20,L,27.8,1,speedlimit
2026-09-10T16:49+02:00,A16,R,23.2,1,speedlimit
2026-09-10T16:49+02:00,A16,L,39.875,1,speedlimit
2026-09-10T16:49+02:00,A16,R,29.28,3,speedlimit
2026-09-10T16:49+02:00,A16,L,14.32,2,speedlimit
2026-09-10T16:49+02:00,A16,R,32.933,2,speedlimit
2026-09-10T16:49+02:00,A16,L,39.25,1,speedlimit
2026-09-10T16:49+02:00,A15,R,51.88,2,speedlimit
2026-09-10T16:49+02:00,A20,R,23.0,2,speedlimit
2026-09-10T16:49+02:00,A4,R,76.6,1,speedlimit
2026-09-10T16:49+02:00,A20,R,29.1,2,speedlimit
2026-09-10T16:49+02:00,A16,R,28.78,1,speedlimit
2026-09-10T16:49+02:00,A16,L,31.425,5,speedlimit
2026-09-10T16:49+02:00,A16,R,45.39,3,lane_closed
2026-09-10T16:49+02:00,A13,g,18.7,1,speedlimit
2026-09-10T16:49+02:00,A4,R,17.2,4,speedlimit
2026-09-10T16:49+02:00,A4,L,46.27,3,speedlimit
2026-09-10T16:49+02:00,A15,R,51.28,2,speedlimit
2026-09-10T16:49+02:00,A4,L,61.825,3,speedlimit
2026-09-10T16:49+02:00,A20,u,36.23,1,speedlimit
2026-09-10T16:49+02:00,A4,L,75.105,4,speedlimit
2026-09-10T16:49+02:00,A20,R,28.57,2,speedlimit
2026-09-10T16:49+02:00,A16,R,51.08,1,speedlimit
2026-09-10T16:49+02:00,A20,R,40.985,2,speedlimit
2026-09-10T16:49+02:00,A4,L,44.62,2,speedlimit
2026-09-10T16:49+02:00,A20,R,26.64,2,speedlimit
2026-09-10T16:49+02:00,A4,L,0.493,3,speedlimit
2026-09-10T16:49+02:00,A15,L,64.2,3,speedlimit
2026-09-10T16:49+02:00,A16,R,61.99,4,speedlimit
2026-09-10T16:49+02:00,A20,L,29.1,1,speedlimit
2026-09-10T16:49+02:00,A16,R,21.0,3,speedlimit
2026-09-10T16:49+02:00,A16,R,60.05,2,speedlimit
2026-09-10T16:49+02:00,A16,L,39.875,2,speedlimit
2026-09-10T16:49+02:00,A4,R,33.17,1,speedlimit
2026-09-10T16:49+02:00,A4,R,19.27,1,speedlimit
2026-09-10T16:49+02:00,A13,L,18.2,1,speedlimit
2026-09-10T16:49+02:00,A16,L,20.6,3,speedlimit
2026-09-10T16:49+02:00,A4,R,29.44,3,speedlimit
2026-09-10T16:49+02:00,A4,L,1.156,5,speedlimit
2026-09-10T16:49+02:00,A16,L,29.37,5,speedlimit
2026-09-10T16:49+02:00,A15,L,64.67,2,speedlimit
2026-09-10T16:49+02:00,A13,L,12.7,4,lane_closed
2026-09-10T16:49+02:00,A20,L,31.88,2,speedlimit
2026-09-10T16:49+02:00,A4,R,49.84,1,speedlimit
2026-09-10T16:49+02:00,A4,R,76.07,2,speedlimit
2026-09-10T16:49+02:00,A20,s,23.26,1,speedlimit
2026-09-10T16:49+02:00,A4,R,32.85,5,speedlimit
2026-09-10T16:49+02:00,A16,L,34.6,2,speedlimit
2026-09-10T16:49+02:00,A16,y,17.748,2,speedlimit
2026-09-10T16:49+02:00,A20,u,23.65,1,speedlimit
2026-09-10T16:49+02:00,A15,R,51.88,1,speedlimit
2026-09-10T16:49+02:00,A20,R,22.735,3,speedlimit
2026-09-10T16:49+02:00,A16,R,32.933,3,speedlimit
2026-09-10T16:49+02:00,A16,x,20.5,3,speedlimit
2026-09-10T16:49+02:00,A20,L,28.085,2,speedlimit
2026-09-10T16:49+02:00,A16,m,33.609,2,speedlimit
2026-09-10T16:49+02:00,A4,R,43.975,2,speedlimit
2026-09-10T16:49+02:00,A4,R,34.3,2,speedlimit
2026-09-10T16:49+02:00,A4,R,29.02,2,speedlimit
2026-09-10T16:49+02:00,A4,R,17.2,2,speedlimit
2026-09-10T16:49+02:00,A4,L,61.69,4,speedlimit
2026-09-10T16:49+02:00,A16,R,62.85,2,speedlimit
2026-09-10T16:49+02:00,A20,R,34.29,3,speedlimit
2026-09-10T16:49+02:00,A4,L,47.51,3,speedlimit
2026-09-10T16:49+02:00,A16,R,41.53,1,speedlimit
2026-09-10T16:49+02:00,A4,R,76.07,3,speedlimit
2026-09-10T16:49+02:00,A16,L,15.16,2,speedlimit
2026-09-10T16:49+02:00,A15,R,82.4,2,speedlimit
2026-09-10T16:49+02:00,A4,m,35.8,2,speedlimit
2026-09-10T16:49+02:00,A4,f,69.17,2,speedlimit
2026-09-10T16:49+02:00,A16,R,17.036,1,speedlimit
2026-09-10T16:49+02:00,A20,R,30.6,3,speedlimit
2026-09-10T16:49+02:00,A15,m,58.65,3,speedlimit
2026-09-10T16:49+02:00,A16,R,8.65,2,speedlimit
2026-09-10T16:49+02:00,A16,L,40.4,3,speedlimit
2026-09-10T16:49+02:00,A16,R,66.52,4,speedlimit
2026-09-10T16:49+02:00,A16,R,9.35,1,speedlimit
2026-09-10T16:49+02:00,A4,R,48.79,3,speedlimit
2026-09-10T16:49+02:00,A16,R,11.7,1,speedlimit
2026-09-10T16:49+02:00,A4,L,48.79,1,speedlimit
2026-09-10T16:49+02:00,A20,R,29.8,2,speedlimit
2026-09-10T16:49+02:00,A4,L,62.755,4,speedlimit
2026-09-10T16:49+02:00,A4,L,62.885,4,speedlimit
2026-09-10T16:49+02:00,A4,R,52.018,4,speedlimit
2026-09-10T16:49+02:00,A16,y,17.748,1,speedlimit
2026-09-10T16:49+02:00,A4,R,18.09,1,speedlimit
2026-09-10T16:49+02:00,A15,L,64.2,1,lane_closed
2026-09-10T16:49+02:00,A20,R,27.235,2,speedlimit
2026-09-10T16:49+02:00,A16,R,52.44,4,speedlimit
2026-09-10T16:49+02:00,A20,L,37.3,1,speedlimit
2026-09-10T16:49+02:00,A15,R,59.95,1,speedlimit
2026-09-10T16:49+02:00,A13,R,18.2,1,speedlimit
2026-09-10T16:49+02:00,A16,m,33.848,1,speedlimit
2026-09-10T16:49+02:00,A16,L,34.13,2,speedlimit
2026-09-10T16:49+02:00,A16,r,23.918,1,speedlimit
2026-09-10T16:49+02:00,A15,L,80.1,1,speedlimit
2026-09-10T16:49+02:00,A16,R,66.52,3,speedlimit
2026-09-10T16:49+02:00,A4,n,73.954,2,speedlimit
2026-09-10T16:49+02:00,A16,R,31.25,2,speedlimit
2026-09-10T16:49+02:00,A20,R,32.8,3,speedlimit
2026-09-10T16:49+02:00,A4,L,62.135,4,speedlimit
2026-09-10T16:49+02:00,A16,L,30.73,1,speedlimit
2026-09-10T16:49+02:00,A15,x,55.59,3,speedlimit
2026-09-10T16:49+02:00,A16,L,32.843,1,speedlimit
2026-09-10T16:49+02:00,A20,R,40.2,1,speedlimit
2026-09-10T16:49+02:00,A15,L,65.25,1,lane_closed_ahead
2026-09-10T16:49+02:00,A4,R,19.75,1,speedlimit
2026-09-10T16:49+02:00,A29,R,12.5,1,speedlimit
2026-09-10T16:49+02:00,A13,R,6.4,3,speedlimit
2026-09-10T16:49+02:00,A15,e,95.55,1,speedlimit
2026-09-10T16:49+02:00,A4,L,70.215,1,speedlimit
2026-09-10T16:49+02:00,A13,e,19.1,1,speedlimit
2026-09-10T16:49+02:00,A4,R,47.822,2,speedlimit
2026-09-10T16:49+02:00,A16,R,28.78,4,speedlimit
2026-09-10T16:49+02:00,A16,L,14.46,1,speedlimit
2026-09-10T16:49+02:00,A29,R,9.83,2,speedlimit
2026-09-10T16:49+02:00,A16,L,40.4,1,speedlimit
2026-09-10T16:49+02:00,A20,L,47.5,1,speedlimit
2026-09-10T16:49+02:00,A4,L,58.82,2,speedlimit
2026-09-10T16:49+02:00,A16,y,19.0,3,speedlimit
2026-09-10T16:49+02:00,A16,R,66.81,4,speedlimit
2026-09-10T16:49+02:00,A16,L,30.73,2,speedlimit
2026-09-10T16:49+02:00,A4,R,28.58,1,speedlimit
2026-09-10T16:49+02:00,A15,n,96.42,2,speedlimit
2026-09-10T16:49+02:00,A15,R,60.49,1,speedlimit
2026-09-10T16:49+02:00,A13,L,17.8,3,speedlimit
2026-09-10T16:49+02:00,A4,L,51.458,2,speedlimit
2026-09-10T16:49+02:00,A4,f,69.8,1,speedlimit
2026-09-10T16:49+02:00,A4,m,35.8,3,speedlimit
2026-09-10T16:49+02:00,A20,R,22.735,5,speedlimit
2026-09-10T16:49+02:00,A15,R,49.61,3,speedlimit
2026-09-10T16:49+02:00,A16,R,31.74,1,speedlimit
2026-09-10T16:49+02:00,A4,R,41.6,3,speedlimit
2026-09-10T16:49+02:00,A16,L,29.37,1,speedlimit
2026-09-10T16:49+02:00,A4,R,75.71,1,speedlimit
2026-09-10T16:49+02:00,A4,R,40.7,1,speedlimit
2026-09-10T16:49+02:00,A15,R,57.78,5,speedlimit
2026-09-10T16:49+02:00,A16,R,11.866,2,speedlimit
2026-09-10T16:49+02:00,A15,R,81.27,2,speedlimit
2026-09-10T16:49+02:00,A20,R,31.26,1,speedlimit
2026-09-10T16:49+02:00,A16,x,18.543,2,speedlimit
2026-09-10T16:49+02:00,A20,u,35.09,1,speedlimit
2026-09-10T16:49+02:00,A4,L,72.391,2,speedlimit
2026-09-10T16:49+02:00,A16,R,45.39,1,speedlimit
2026-09-10T16:49+02:00,A4,L,75.105,3,speedlimit
2026-09-10T16:49+02:00,A16,R,21.5,3,speedlimit
2026-09-10T16:49+02:00,A16,L,16.48,4,speedlimit
2026-09-10T16:49+02:00,A16,x,21.0,1,speedlimit
2026-09-10T16:49+02:00,A4,L,62.468,2,speedlimit
2026-09-10T16:49+02:00,A15,R,50.31,2,speedlimit
2026-09-10T16:49+02:00,A4,f,69.8,2,speedlimit
2026-09-10T16:49+02:00,A4,R,76.9,2,speedlimit
2026-09-10T16:49+02:00,A20,R,42.0,2,speedlimit
2026-09-10T16:49+02:00,A20,R,40.985,3,speedlimit
2026-09-10T16:49+02:00,A15,R,59.2,4,speedlimit
2026-09-10T16:49+02:00,A16,L,31.425,3,speedlimit
2026-09-10T16:49+02:00,A16,L,16.935,3,speedlimit
2026-09-10T16:49+02:00,A16,R,41.53,3,speedlimit
2026-09-10T16:49+02:00,A20,L,36.625,4,speedlimit
2026-09-10T16:49+02:00,A20,R,41.6,3,speedlimit
2026-09-10T16:49+02:00,A4,L,73.156,1,speedlimit
2026-09-10T16:49+02:00,A15,L,70.95,1,speedlimit
2026-09-10T16:49+02:00,A16,R,30.71,3,speedlimit
2026-09-10T16:49+02:00,A4,L,74.204,1,speedlimit
2026-09-10T16:49+02:00,A20,L,29.826,3,speedlimit
2026-09-10T16:49+02:00,A16,R,30.71,1,speedlimit
2026-09-10T16:49+02:00,A20,L,37.8,3,speedlimit
2026-09-10T16:49+02:00,A4,L,59.72,3,speedlimit
2026-09-10T16:49+02:00,A15,R,77.865,4,speedlimit
2026-09-10T16:49+02:00,A4,L,58.82,3,speedlimit
2026-09-10T16:49+02:00,A13,R,5.91,2,speedlimit
2026-09-10T16:49+02:00,A4,R,28.01,1,speedlimit
2026-09-10T16:49+02:00,A20,u,23.853,3,speedlimit
2026-09-10T16:49+02:00,A16,x,18.9,4,speedlimit
2026-09-10T16:49+02:00,A20,L,29.5,1,speedlimit
2026-09-10T16:49+02:00,A16,R,44.26,2,lane_closed_ahead
2026-09-10T16:49+02:00,A16,L,61.99,4,speedlimit
2026-09-10T16:49+02:00,A20,R,28.8,3,speedlimit
2026-09-10T16:49+02:00,A20,R,29.5,1,speedlimit
2026-09-10T16:49+02:00,A16,R,28.315,2,speedlimit
2026-09-10T16:49+02:00,A20,L,33.36,3,speedlimit
2026-09-10T16:49+02:00,A16,R,22.4,5,speedlimit
2026-09-10T16:49+02:00,A16,m,33.609,1,speedlimit
2026-09-10T16:49+02:00,A20,R,41.6,1,speedlimit
2026-09-10T16:49+02:00,A15,R,89.03,1,speedlimit
2026-09-10T16:49+02:00,A15,R,60.76,3,speedlimit
2026-09-10T16:49+02:00,A4,R,45.28,3,speedlimit
2026-09-10T16:49+02:00,A4,L,1.156,1,speedlimit
2026-09-10T16:49+02:00,A4,g,64.378,1,speedlimit
2026-09-10T16:49+02:00,A20,u,23.65,3,speedlimit
2026-09-10T16:49+02:00,A16,R,59.51,2,speedlimit
2026-09-10T16:49+02:00,A15,n,94.625,1,speedlimit
2026-09-10T16:49+02:00,A16,R,33.135,3,speedlimit
2026-09-10T16:49+02:00,A16,m,34.068,2,speedlimit
2026-09-10T16:49+02:00,A4,L,57.975,3,speedlimit
2026-09-10T16:49+02:00,A15,R,59.95,2,speedlimit
2026-09-10T16:49+02:00,A15,L,81.71,2,speedlimit
2026-09-10T16:49+02:00,A16,R,62.38,2,speedlimit
2026-09-10T16:49+02:00,A4,L,47.51,2,speedlimit
2026-09-10T16:49+02:00,A13,L,11.25,4,lane_closed
2026-09-10T16:49+02:00,A4,R,44.56,2,speedlimit
2026-09-10T16:49+02:00,A20,R,40.985,1,speedlimit
2026-09-10T16:49+02:00,A4,R,45.98,2,speedlimit
2026-09-10T16:49+02:00,A20,L,30.9,1,speedlimit
2026-09-10T16:49+02:00,A4,L,74.737,1,speedlimit
2026-09-10T16:49+02:00,A16,R,46.43,1,speedlimit
2026-09-10T16:49+02:00,A15,L,95.855,1,speedlimit
2026-09-10T16:49+02:00,A16,R,8.65,1,speedlimit
2026-09-10T16:49+02:00,A15,R,56.6,1,speedlimit
2026-09-10T16:49+02:00,A20,u,35.09,2,speedlimit
2026-09-10T16:49+02:00,A16,R,16.6,3,speedlimit
2026-09-10T16:49+02:00,A15,x,49.88,2,speedlimit
2026-09-10T16:49+02:00,A16,R,32.518,2,speedlimit
2026-09-10T16:49+02:00,A13,R,18.2,4,speedlimit
2026-09-10T16:49+02:00,A16,L,31.805,4,speedlimit
2026-09-10T16:49+02:00,A16,R,32.22,4,speedlimit
2026-09-10T16:49+02:00,A16,L,17.299,5,speedlimit
2026-09-10T16:49+02:00,A4,R,43.085,4,speedlimit
2026-09-10T16:49+02:00,A15,m,59.58,1,speedlimit
2026-09-10T16:49+02:00,A16,R,9.95,2,speedlimit
2026-09-10T16:49+02:00,A16,L,32.843,3,speedlimit
2026-09-10T16:49+02:00,A4,R,34.8,2,speedlimit
2026-09-10T16:49+02:00,A13,L,10.3,1,speedlimit
2026-09-10T16:49+02:00,A15,x,56.6,3,speedlimit
2026-09-10T16:49+02:00,A16,R,26.96,4,speedlimit
2026-09-10T16:49+02:00,A4,R,52.018,3,speedlimit
2026-09-10T16:49+02:00,A15,R,71.07,4,speedlimit
2026-09-10T16:49+02:00,A16,R,33.609,1,speedlimit
2026-09-10T16:49+02:00,A4,L,45.75,1,speedlimit
2026-09-10T16:49+02:00,A4,L,70.611,1,speedlimit
2026-09-10T16:49+02:00,A13,R,18.7,1,speedlimit
2026-09-10T16:49+02:00,A15,L,64.67,5,speedlimit
2026-09-10T16:49+02:00,A4,m,35.8,1,speedlimit
2026-09-10T16:49+02:00,A16,R,30.05,3,speedlimit
2026-09-10T16:49+02:00,A4,L,50.798,2,speedlimit
2026-09-10T16:49+02:00,A15,n,95.855,1,speedlimit
2026-09-10T16:49+02:00,A15,R,84.01,1,speedlimit
2026-09-10T16:49+02:00,A15,R,88.65,1,speedlimit
2026-09-10T16:49+02:00,A4,x,47.745,4,speedlimit
2026-09-10T16:49+02:00,A16,L,35.205,3,speedlimit
2026-09-10T16:49+02:00,A15,R,85.262,1,speedlimit
2026-09-10T16:49+02:00,A20,c,27.488,1,speedlimit
2026-09-10T16:49+02:00,A20,R,31.9,3,speedlimit
2026-09-10T16:49+02:00,A16,L,19.0,1,speedlimit
2026-09-10T16:49+02:00,A15,R,84.475,2,speedlimit
2026-09-10T16:49+02:00,A16,R,60.5,1,speedlimit
2026-09-10T16:49+02:00,A15,R,83.1,3,speedlimit
2026-09-10T16:49+02:00,A16,x,18.9,2,speedlimit
2026-09-10T16:49+02:00,A20,R,23.515,2,speedlimit
2026-09-10T16:49+02:00,A13,R,16.655,3,speedlimit
2026-09-10T16:49+02:00,A15,R,89.03,2,speedlimit
2026-09-10T16:49+02:00,A4,L,59.72,1,speedlimit
2026-09-10T16:49+02:00,A4,m,48.79,1,speedlimit
2026-09-10T16:49+02:00,A16,R,18.229,1,speedlimit
2026-09-10T16:49+02:00,A4,L,50.253,3,speedlimit
2026-09-10T16:49+02:00,A4,m,36.47,2,speedlimit
2026-09-10T16:49+02:00,A20,L,29.1,2,speedlimit
2026-09-10T16:49+02:00,A15,L,95.55,2,speedlimit
2026-09-10T16:49+02:00,A16,R,32.76,1,speedlimit
2026-09-10T16:49+02:00,A4,L,1.156,3,speedlimit
2026-09-10T16:49+02:00,A16,L,20.3,2,speedlimit
2026-09-10T16:49+02:00,A15,L,63.56,1,lane_closed
2026-09-10T16:49+02:00,A16,R,44.26,1,speedlimit
2026-09-10T16:49+02:00,A20,R,29.8,3,speedlimit
2026-09-10T16:49+02:00,A13,L,18.2,2,speedlimit
2026-09-10T16:49+02:00,A20,R,26.4,3,speedlimit
2026-09-10T16:49+02:00,A16,R,27.695,1,speedlimit
2026-09-10T16:49+02:00,A16,m,33.958,1,speedlimit
2026-09-10T16:49+02:00,A15,R,60.76,4,speedlimit
2026-09-10T16:49+02:00,A15,R,77.865,2,speedlimit
2026-09-10T16:49+02:00,A20,u,35.71,2,speedlimit
2026-09-10T16:49+02:00,A16,R,16.6,1,speedlimit
2026-09-10T16:49+02:00,A16,L,33.784,2,speedlimit
2026-09-10T16:49+02:00,A16,p,27.6,1,speedlimit
2026-09-10T16:49+02:00,A15,m,58.65,1,speedlimit
2026-09-10T16:49+02:00,A20,R,34.29,4,speedlimit
2026-09-10T16:49+02:00,A15,R,71.99,1,speedlimit
2026-09-10T16:49+02:00,A4,L,53.26,1,speedlimit
2026-09-10T16:49+02:00,A4,L,50.253,2,speedlimit
2026-09-10T16:49+02:00,A4,L,61.69,3,speedlimit
2026-09-10T16:49+02:00,A20,R,26.93,1,speedlimit
2026-09-10T16:49+02:00,A4,L,62.468,3,speedlimit
2026-09-10T16:49+02:00,A15,R,58.46,3,speedlimit
2026-09-10T16:49+02:00,A4,R,34.8,1,speedlimit
2026-09-10T16:49+02:00,A15,R,60.76,1,speedlimit
2026-09-10T16:49+02:00,A15,L,80.6,3,speedlimit
2026-09-10T16:49+02:00,A16,L,30.73,3,speedlimit
2026-09-10T16:49+02:00,A4,n,49.18,3,speedlimit
2026-09-10T16:49+02:00,A4,p,77.27,1,speedlimit
2026-09-10T16:49+02:00,A20,R,26.4,2,speedlimit
2026-09-10T16:49+02:00,A4,L,61.555,4,speedlimit
2026-09-10T16:49+02:00,A29,R,11.95,3,speedlimit
2026-09-10T16:49+02:00,A4,x,49.037,3,speedlimit
2026-09-10T16:49+02:00,A16,L,32.396,2,speedlimit
2026-09-10T16:49+02:00,A4,L,0.493,2,speedlimit
2026-09-10T16:49+02:00,A4,R,32.4,1,speedlimit
2026-09-10T16:49+02:00,A15,L,63.56,3,speedlimit
2026-09-10T16:49+02:00,A20,L,27.488,2,speedlimit
2026-09-10T16:49+02:00,A16,y,18.7,1,speedlimit
2026-09-10T16:49+02:00,A16,R,42.61,3,speedlimit
2026-09-10T16:49+02:00,A15,n,61.78,1,speedlimit
2026-09-10T16:49+02:00,A20,L,30.196,3,speedlimit
2026-09-10T16:49+02:00,A4,L,50.798,1,speedlimit
2026-09-10T16:49+02:00,A4,h,46.06,1,speedlimit
2026-09-10T16:49+02:00,A20,R,23.0,5,speedlimit
2026-09-10T16:49+02:00,A4,L,62.6,2,speedlimit
2026-09-10T16:49+02:00,A4,n,73.746,1,speedlimit
2026-09-10T16:49+02:00,A4,L,54.907,2,speedlimit
2026-09-10T16:49+02:00,A16,L,63.4,3,speedlimit
2026-09-10T16:49+02:00,A4,n,49.18,2,speedlimit
2026-09-10T16:49+02:00,A20,R,23.0,1,speedlimit
2026-09-10T16:49+02:00,A15,R,49.61,1,speedlimit
2026-09-10T16:49+02:00,A16,R,22.4,4,speedlimit
2026-09-10T16:49+02:00,A20,L,28.41,1,speedlimit
2026-09-10T16:49+02:00,A13,R,5.481,1,speedlimit
2026-09-10T16:49+02:00,A13,L,13.18,4,lane_closed
2026-09-10T16:49+02:00,A16,R,60.5,2,speedlimit
2026-09-10T16:49+02:00,A15,R,57.78,2,speedlimit
2026-09-10T16:49+02:00,A4,L,61.825,1,speedlimit
2026-09-10T16:49+02:00,A16,m,40.39,3,speedlimit
2026-09-10T16:49+02:00,A15,R,57.78,3,speedlimit
2026-09-10T16:49+02:00,A15,R,88.02,2,speedlimit
2026-09-10T16:49+02:00,A15,n,95.285,1,speedlimit
2026-09-10T16:49+02:00,A16,L,34.018,2,speedlimit
2026-09-10T16:49+02:00,A16,R,41.96,1,speedlimit
2026-09-10T16:49+02:00,A15,R,57.31,2,speedlimit
2026-09-10T16:49+02:00,A13,L,17.8,2,speedlimit
2026-09-10T16:49+02:00,A16,R,9.95,4,speedlimit
2026-09-10T16:49+02:00,A16,R,27.48,3,speedlimit
2026-09-10T16:49+02:00,A16,R,17.036,2,speedlimit
2026-09-10T16:49+02:00,A4,m,36.47,1,speedlimit
2026-09-10T16:49+02:00,A16,m,33.778,1,speedlimit
2026-09-10T16:49+02:00,A4,R,42.19,1,speedlimit
2026-09-10T16:49+02:00,A20,L,46.045,2,speedlimit
2026-09-10T16:49+02:00,A15,R,56.6,2,speedlimit
2026-09-10T16:49+02:00,A16,L,19.5,2,speedlimit
2026-09-10T16:49+02:00,A16,R,28.78,3,speedlimit
2026-09-10T16:49+02:00,A16,R,30.71,2,speedlimit
2026-09-10T16:49+02:00,A16,R,61.99,2,speedlimit
2026-09-10T16:49+02:00,A4,L,61.555,3,speedlimit
2026-09-10T16:49+02:00,A16,R,9.35,3,speedlimit
2026-09-10T16:49+02:00,A16,L,34.225,2,speedlimit
2026-09-10T16:49+02:00,A16,R,44.26,3,lane_closed
2026-09-10T16:49+02:00,A20,R,28.57,1,speedlimit
2026-09-10T16:49+02:00,A15,n,95.285,3,speedlimit
2026-09-10T16:49+02:00,A20,R,25.3,3,speedlimit
2026-09-10T16:49+02:00,A20,R,30.196,4,speedlimit
2026-09-10T16:49+02:00,A4,R,31.905,3,speedlimit
2026-09-10T16:49+02:00,A4,L,51.458,3,speedlimit
2026-09-10T16:49+02:00,A4,R,32.85,2,speedlimit
2026-09-10T16:49+02:00,A15,y,54.89,2,speedlimit
2026-09-10T16:49+02:00,A16,L,15.16,1,speedlimit
2026-09-10T16:49+02:00,A4,L,61.825,2,speedlimit
2026-09-10T16:49+02:00,A4,R,17.8,4,speedlimit
2026-09-10T16:49+02:00,A4,L,52.448,1,speedlimit
2026-09-10T16:49+02:00,A4,L,52.448,3,speedlimit
2026-09-10T16:49+02:00,A16,R,15.16,1,speedlimit
2026-09-10T16:49+02:00,A16,R,51.84,2,speedlimit
2026-09-10T16:49+02:00,A20,R,42.485,3,speedlimit
2026-09-10T16:49+02:00,A16,R,41.53,2,speedlimit
2026-09-10T16:49+02:00,A16,R,16.6,2,speedlimit
2026-09-10T16:49+02:00,A16,R,17.463,3,speedlimit
2026-09-10T16:49+02:00,A16,R,27.48,5,speedlimit
2026-09-10T16:49+02:00,A4,L,49.84,2,speedlimit
2026-09-10T16:49+02:00,A4,L,73.746,1,speedlimit
2026-09-10T16:49+02:00,A20,t,29.6,2,speedlimit
2026-09-10T16:49+02:00,A16,m,33.958,2,speedlimit
2026-09-10T16:49+02:00,A15,R,86.3,2,speedlimit
2026-09-10T16:49+02:00,A16,L,17.748,2,speedlimit
2026-09-10T16:49+02:00,A15,L,78.48,2,speedlimit
2026-09-10T16:49+02:00,A20,L,38.3,1,speedlimit
2026-09-10T16:49+02:00,A4,L,61.98,4,speedlimit
2026-09-10T16:49+02:00,A16,R,43.145,1,speedlimit
2026-09-10T16:49+02:00,A16,L,16.48,5,speedlimit
2026-09-10T16:49+02:00,A4,R,45.28,2,speedlimit
2026-09-10T16:49+02:00,A15,R,57.31,4,speedlimit
2026-09-10T16:49+02:00,A15,L,64.67,4,speedlimit
2026-09-10T16:49+02:00,A15,R,49.0,2,speedlimit
2026-09-10T16:49+02:00,A15,R,84.87,2,speedlimit
2026-09-10T16:49+02:00,A4,L,52.448,2,speedlimit
2026-09-10T16:49+02:00,A15,L,71.42,1,speedlimit
2026-09-10T16:49+02:00,A20,L,47.5,2,speedlimit
2026-09-10T16:49+02:00,A20,R,42.485,1,speedlimit
2026-09-10T16:49+02:00,A15,L,65.685,1,speedlimit
2026-09-10T16:49+02:00,A16,m,34.068,1,speedlimit
2026-09-10T16:49+02:00,A16,x,21.0,2,speedlimit
2026-09-10T16:49+02:00,A16,R,51.08,2,speedlimit
2026-09-10T16:49+02:00,A4,n,73.954,1,speedlimit
2026-09-10T16:49+02:00,A16,R,22.4,2,speedlimit
2026-09-10T16:49+02:00,A15,L,64.67,1,lane_closed
2026-09-10T16:49+02:00,A16,R,51.84,1,speedlimit
2026-09-10T16:49+02:00,A4,L,57.975,2,speedlimit
2026-09-10T16:49+02:00,A13,L,10.3,2,speedlimit
2026-09-10T16:49+02:00,A4,R,76.6,2,speedlimit
2026-09-10T16:49+02:00,A4,R,30.1,2,speedlimit
2026-09-10T16:49+02:00,A4,L,52.018,1,speedlimit
2026-09-10T16:49+02:00,A15,R,52.32,1,speedlimit
2026-09-10T16:49+02:00,A4,L,75.5,2,speedlimit
2026-09-10T16:49+02:00,A4,R,28.58,2,speedlimit
2026-09-10T16:49+02:00,A16,R,60.05,4,speedlimit
2026-09-10T16:49+02:00,A16,m,40.845,1,speedlimit
2026-09-10T16:49+02:00,A4,L,63.0,3,speedlimit
2026-09-10T16:49+02:00,A4,R,43.085,3,speedlimit
2026-09-10T16:49+02:00,A4,L,63.19,3,speedlimit
2026-09-10T16:49+02:00,A16,R,31.74,3,speedlimit
2026-09-10T16:49+02:00,A16,L,68.535,1,speedlimit
2026-09-10T16:49+02:00,A20,R,26.93,2,speedlimit
2026-09-10T16:49+02:00,A15,R,84.475,3,speedlimit
2026-09-10T16:49+02:00,A16,R,42.24,1,speedlimit
2026-09-10T16:49+02:00,A4,L,74.404,4,speedlimit
2026-09-10T16:49+02:00,A20,L,30.9,3,speedlimit
2026-09-10T16:49+02:00,A13,L,18.8,3,speedlimit
2026-09-10T16:49+02:00,A4,L,46.27,4,speedlimit
2026-09-10T16:49+02:00,A20,L,46.045,1,speedlimit
2026-09-10T16:49+02:00,A13,L,10.3,4,speedlimit
2026-09-10T16:49+02:00,A4,L,60.268,2,speedlimit
2026-09-10T16:49+02:00,A4,g,63.875,1,speedlimit
2026-09-10T16:49+02:00,A20,L,37.8,1,speedlimit
2026-09-10T16:49+02:00,A20,R,28.8,1,speedlimit
2026-09-10T16:49+02:00,A4,L,61.555,1,speedlimit
2026-09-10T16:49+02:00,A4,h,70.25,3,speedlimit
2026-09-10T16:49+02:00,A16,R,40.4,2,speedlimit
2026-09-10T16:49+02:00,A16,R,15.73,1,speedlimit
2026-09-10T16:49+02:00,A4,L,48.24,2,speedlimit
2026-09-10T16:49+02:00,A16,b,32.5,1,speedlimit
2026-09-10T16:49+02:00,A15,L,70.95,4,speedlimit
2026-09-10T16:49+02:00,A16,L,68.535,3,speedlimit
2026-09-10T16:49+02:00,A16,L,35.205,1,speedlimit
2026-09-10T16:49+02:00,A15,x,51.0,2,speedlimit
2026-09-10T16:49+02:00,A16,L,16.48,1,speedlimit
2026-09-10T16:49+02:00,A16,L,63.4,2,speedlimit
2026-09-10T16:49+02:00,A20,u,23.65,2,speedlimit
2026-09-10T16:49+02:00,A4,R,49.33,1,speedlimit
2026-09-10T16:49+02:00,A16,R,9.95,3,speedlimit
2026-09-10T16:49+02:00,A4,R,42.775,3,speedlimit
2026-09-10T16:49+02:00,A16,R,61.39,3,speedlimit
2026-09-10T16:49+02:00,A4,L,73.746,2,speedlimit
2026-09-10T16:49+02:00,A16,R,16.6,5,speedlimit
2026-09-10T16:49+02:00,A13,L,18.8,1,speedlimit
2026-09-10T16:49+02:00,A4,L,73.954,1,speedlimit
2026-09-10T16:49+02:00,A4,L,47.88,3,speedlimit
2026-09-10T16:49+02:00,A15,L,71.9,1,speedlimit
2026-09-10T16:49+02:00,A4,h,46.4,2,speedlimit
2026-09-10T16:49+02:00,A4,R,48.24,3,speedlimit
2026-09-10T16:49+02:00,A4,L,73.006,1,speedlimit
2026-09-10T16:49+02:00,A4,R,44.56,3,speedlimit
2026-09-10T16:49+02:00,A15,R,83.55,1,speedlimit
2026-09-10T16:49+02:00,A4,p,77.27,2,speedlimit
2026-09-10T16:49+02:00,A13,R,16.2,2,speedlimit
2026-09-10T16:49+02:00,A16,L,15.73,1,speedlimit
2026-09-10T16:49+02:00,A16,L,29.37,3,speedlimit
2026-09-10T16:49+02:00,A16,R,33.848,2,speedlimit
2026-09-10T16:49+02:00,A16,R,40.93,2,speedlimit
2026-09-10T16:49+02:00,A29,R,11.95,1,speedlimit
2026-09-10T16:49+02:00,A4,L,60.268,1,speedlimit
2026-09-10T16:49+02:00,A16,L,14.768,1,speedlimit
2026-09-10T16:49+02:00,A16,R,22.7,2,speedlimit
2026-09-10T16:49+02:00,A15,x,49.88,3,speedlimit
2026-09-10T16:49+02:00,A4,R,33.8,2,speedlimit
2026-09-10T16:49+02:00,A4,R,52.598,1,speedlimit
2026-09-10T16:49+02:00,A16,R,46.13,3,lane_closed
2026-09-10T16:49+02:00,A4,L,45.28,2,speedlimit
2026-09-10T16:49+02:00,A20,L,31.4,3,speedlimit
2026-09-10T16:49+02:00,A16,R,31.25,3,speedlimit
2026-09-10T16:49+02:00,A20,R,40.2,2,speedlimit
2026-09-10T16:49+02:00,A16,R,10.5,1,speedlimit
2026-09-10T16:49+02:00,A16,R,22.4,1,speedlimit
2026-09-10T16:49+02:00,A4,L,75.5,1,speedlimit
2026-09-10T16:49+02:00,A4,R,29.02,1,speedlimit
2026-09-10T16:49+02:00,A16,R,17.036,3,speedlimit
2026-09-10T16:49+02:00,A16,L,14.768,3,speedlimit
2026-09-10T16:49+02:00,A20,L,30.196,4,speedlimit
2026-09-10T16:49+02:00,A4,L,37.53,2,speedlimit
2026-09-10T16:49+02:00,A15,L,71.42,2,speedlimit
2026-09-10T16:49+02:00,A20,L,37.3,5,speedlimit
2026-09-10T16:49+02:00,A20,L,48.2,1,speedlimit
2026-09-10T16:49+02:00,A15,y,55.41,3,speedlimit
2026-09-10T16:49+02:00,A15,R,49.99,1,speedlimit
2026-09-10T16:49+02:00,A4,R,43.385,3,speedlimit
2026-09-10T16:49+02:00,A4,L,44.01,1,speedlimit
2026-09-10T16:49+02:00,A16,L,62.69,3,speedlimit
2026-09-10T16:49+02:00,A16,R,46.13,2,lane_closed
2026-09-10T16:49+02:00,A4,L,51.458,1,speedlimit
2026-09-10T16:49+02:00,A13,R,18.2,2,speedlimit
2026-09-10T16:49+02:00,A15,n,61.78,2,speedlimit
2026-09-10T16:49+02:00,A4,x,48.1,2,speedlimit
2026-09-10T16:49+02:00,A13,L,10.3,3,speedlimit
2026-09-10T16:49+02:00,A16,x,18.543,3,speedlimit
2026-09-10T16:49+02:00,A4,R,76.9,4,speedlimit
2026-09-10T16:49+02:00,A13,L,17.8,1,speedlimit
2026-09-10T16:49+02:00,A4,R,50.898,1,speedlimit
2026-09-10T16:49+02:00,A16,R,10.5,2,speedlimit
2026-09-10T16:49+02:00,A16,R,46.43,3,lane_closed
2026-09-10T16:49+02:00,A16,R,59.51,4,speedlimit
2026-09-10T16:49+02:00,A20,R,29.8,1,speedlimit
2026-09-10T16:49+02:00,A29,R,12.5,2,speedlimit
2026-09-10T16:49+02:00,A16,R,33.135,1,speedlimit
2026-09-10T16:49+02:00,A4,R,48.24,2,speedlimit
2026-09-10T16:49+02:00,A20,R,31.26,2,speedlimit
2026-09-10T16:49+02:00,A4,L,73.414,1,speedlimit
2026-09-10T16:49+02:00,A20,r,35.245,2,speedlimit
2026-09-10T16:49+02:00,A4,L,50.253,4,speedlimit
2026-09-10T16:49+02:00,A4,R,43.385,1,speedlimit
2026-09-10T16:49+02:00,A15,x,49.37,3,speedlimit
2026-09-10T16:49+02:00,A15,m,58.46,1,speedlimit
2026-09-10T16:49+02:00,A15,L,94.625,2,speedlimit
2026-09-10T16:49+02:00,A16,L,21.6,1,speedlimit
2026-09-10T16:49+02:00,A4,L,62.885,1,speedlimit
2026-09-10T16:49+02:00,A16,R,26.96,2,speedlimit
2026-09-10T16:49+02:00,A20,R,25.7,1,speedlimit
2026-09-10T16:49+02:00,A20,L,38.91,1,speedlimit
2026-09-10T16:49+02:00,A20,R,23.515,1,speedlimit
2026-09-10T16:49+02:00,A15,R,50.87,2,speedlimit
2026-09-10T16:49+02:00,A4,x,49.037,2,speedlimit
2026-09-10T16:49+02:00,A16,L,39.25,2,speedlimit
2026-09-10T16:49+02:00,A15,R,80.89,1,speedlimit
2026-09-10T16:49+02:00,A4,R,17.8,1,speedlimit
2026-09-10T16:49+02:00,A20,R,39.515,3,speedlimit
2026-09-10T16:49+02:00,A15,L,79.73,1,speedlimit
2026-09-10T16:49+02:00,A4,L,48.24,4,speedlimit
2026-09-10T16:49+02:00,A15,L,95.19,1,speedlimit
2026-09-10T16:49+02:00,A4,L,57.975,1,speedlimit
2026-09-10T16:49+02:00,A16,R,21.9,3,speedlimit
2026-09-10T16:49+02:00,A4,n,73.544,1,speedlimit
2026-09-10T16:49+02:00,A4,L,73.414,2,speedlimit
2026-09-10T16:49+02:00,A4,R,29.02,3,speedlimit
2026-09-10T16:49+02:00,A15,x,56.6,1,speedlimit
2026-09-10T16:49+02:00,A16,L,62.69,4,speedlimit
2026-09-10T16:49+02:00,A16,L,14.768,2,speedlimit
2026-09-10T16:49+02:00,A4,R,46.65,1,speedlimit
2026-09-10T16:49+02:00,A4,L,61.98,2,speedlimit
2026-09-10T16:49+02:00,A4,R,48.24,4,speedlimit
2026-09-10T16:49+02:00,A4,n,49.18,1,speedlimit
2026-09-10T16:49+02:00,A20,R,31.26,3,speedlimit
2026-09-10T16:49+02:00,A20,L,46.4,2,speedlimit
2026-09-10T16:49+02:00,A15,L,70.95,2,speedlimit
2026-09-10T16:49+02:00,A20,R,26.64,3,speedlimit
2026-09-10T16:49+02:00,A20,R,26.64,4,speedlimit
2026-09-10T16:49+02:00,A4,R,30.1,1,speedlimit
2026-09-10T16:49+02:00,A4,R,42.775,1,speedlimit
2026-09-10T16:49+02:00,A4,L,62.468,1,speedlimit
2026-09-10T16:49+02:00,A20,R,26.4,1,speedlimit
2026-09-10T16:49+02:00,A13,R,17.1,1,speedlimit
2026-09-10T16:49+02:00,A15,R,59.2,3,speedlimit
2026-09-10T16:49+02:00,A15,k,70.5,1,speedlimit
2026-09-10T16:49+02:00,A4,L,37.53,4,speedlimit
2026-09-10T16:49+02:00,A16,m,40.39,1,speedlimit
2026-09-10T16:49+02:00,A4,R,47.51,2,speedlimit
2026-09-10T16:49+02:00,A15,R,71.07,3,speedlimit
2026-09-10T16:49+02:00,A16,R,16.3,4,speedlimit
2026-09-10T16:49+02:00,A16,L,17.299,2,speedlimit
2026-09-10T16:49+02:00,A15,R,82.1,1,speedlimit
2026-09-10T16:49+02:00,A15,R,82.1,2,speedlimit
2026-09-10T16:49+02:00,A15,L,81.27,1,speedlimit
2026-09-10T16:49+02:00,A20,R,29.5,3,speedlimit
2026-09-10T16:49+02:00,A15,R,77.865,3,speedlimit
2026-09-10T16:49+02:00,A4,R,18.7,3,speedlimit
2026-09-10T16:49+02:00,A16,R,46.43,2,lane_closed
2026-09-10T16:49+02:00,A20,R,24.07,1,speedlimit
2026-09-10T16:49+02:00,A16,R,27.695,2,speedlimit
2026-09-10T16:49+02:00,A20,L,47.0,2,speedlimit
2026-09-10T16:49+02:00,A15,R,58.46,4,speedlimit
2026-09-10T16:49+02:00,A4,L,75.5,4,speedlimit
2026-09-10T16:49+02:00,A20,L,47.8,2,speedlimit
2026-09-10T16:49+02:00,A16,x,20.5,2,speedlimit
2026-09-10T16:49+02:00,A16,R,32.76,3,speedlimit
2026-09-10T16:49+02:00,A16,R,30.71,4,speedlimit
2026-09-10T16:49+02:00,A13,L,13.7,4,lane_closed
2026-09-10T16:49+02:00,A16,L,33.904,2,speedlimit
2026-09-10T16:49+02:00,A15,L,63.56,2,speedlimit
2026-09-10T16:49+02:00,A20,L,47.0,1,speedlimit
2026-09-10T16:49+02:00,A20,R,41.6,2,speedlimit
2026-09-10T16:49+02:00,A16,R,15.16,2,speedlimit
2026-09-10T16:49+02:00,A13,L,14.2,4,lane_closed
2026-09-10T16:49+02:00,A4,L,0.493,1,speedlimit
2026-09-10T16:49+02:00,A15,R,60.76,2,speedlimit
2026-09-10T16:49+02:00,A16,R,16.3,5,speedlimit
2026-09-10T16:49+02:00,A15,R,81.27,1,speedlimit
2026-09-10T16:49+02:00,A4,h,46.4,1,speedlimit
2026-09-10T16:49+02:00,A15,R,83.1,1,speedlimit
2026-09-10T16:49+02:00,A16,R,31.74,2,speedlimit
2026-09-10T16:49+02:00,A15,y,54.475,2,speedlimit
2026-09-10T16:49+02:00,A15,x,56.25,2,speedlimit
2026-09-10T16:49+02:00,A16,L,21.1,2,speedlimit
2026-09-10T16:49+02:00,A16,R,61.99,3,speedlimit
2026-09-10T16:49+02:00,A15,x,55.14,2,speedlimit
2026-09-10T16:49+02:00,A4,R,52.598,3,speedlimit
2026-09-10T16:49+02:00,A4,L,47.51,1,speedlimit
2026-09-10T16:49+02:00,A16,L,34.335,2,speedlimit
2026-09-10T16:49+02:00,A4,L,44.62,3,speedlimit
2026-09-10T16:49+02:00,A20,R,24.715,2,speedlimit
2026-09-10T16:49+02:00,A16,R,40.93,3,speedlimit
2026-09-10T16:49+02:00,A4,R,49.84,3,speedlimit
2026-09-10T16:49+02:00,A20,t,29.6,1,speedlimit
2026-09-10T16:49+02:00,A16,R,33.43,1,speedlimit
2026-09-10T16:49+02:00,A4,L,70.611,5,speedlimit
2026-09-10T16:49+02:00,A4,L,62.755,3,speedlimit
2026-09-10T16:49+02:00,A16,r,23.918,4,speedlimit
2026-09-10T16:49+02:00,A4,L,62.755,2,speedlimit
2026-09-10T16:49+02:00,A15,n,96.42,1,speedlimit
2026-09-10T16:49+02:00,A15,L,65.685,4,speedlimit
2026-09-10T16:49+02:00,A20,R,23.27,1,speedlimit
2026-09-10T16:49+02:00,A4,L,75.105,2,speedlimit
2026-09-10T16:49+02:00,A16,R,22.7,3,speedlimit
2026-09-10T16:49+02:00,A20,R,29.8,4,speedlimit
2026-09-10T16:49+02:00,A16,r,23.65,1,speedlimit
2026-09-10T16:49+02:00,A4,R,46.35,4,speedlimit
2026-09-10T16:49+02:00,A16,R,34.068,1,speedlimit
2026-09-10T16:49+02:00,A20,L,46.4,1,speedlimit
2026-09-10T16:49+02:00,A4,m,43.975,1,speedlimit
2026-09-10T16:49+02:00,A20,L,36.94,2,speedlimit
2026-09-10T16:49+02:00,A13,R,18.7,2,speedlimit
2026-09-10T16:49+02:00,A16,m,33.43,2,speedlimit
2026-09-10T16:49+02:00,A4,L,49.37,2,speedlimit
2026-09-10T16:49+02:00,A16,R,12.07,1,speedlimit
2026-09-10T16:49+02:00,A4,L,75.5,5,speedlimit
2026-09-10T16:49+02:00,A16,R,60.05,3,speedlimit
2026-09-10T16:49+02:00,A16,L,20.3,1,speedlimit
2026-09-10T16:49+02:00,A4,R,50.433,3,speedlimit
2026-09-10T16:49+02:00,A16,m,33.848,2,speedlimit
2026-09-10T16:49+02:00,A20,R,27.488,1,speedlimit
2026-09-10T16:49+02:00,A16,L,64.155,2,speedlimit
2026-09-10T16:49+02:00,A16,R,51.08,3,speedlimit
2026-09-10T16:49+02:00,A15,R,48.69,2,speedlimit
2026-09-10T16:49+02:00,A4,R,32.85,1,speedlimit
2026-09-10T16:49+02:00,A4,L,47.51,4,speedlimit
2026-09-10T16:49+02:00,A15,n,61.39,2,speedlimit
2026-09-10T16:49+02:00,A16,R,21.0,2,speedlimit
2026-09-10T16:49+02:00,A16,R,23.2,3,speedlimit
2026-09-10T16:49+02:00,A4,L,53.954,1,speedlimit
2026-09-10T16:49+02:00,A16,m,33.43,1,speedlimit
2026-09-10T16:49+02:00,A16,R,42.24,4,speedlimit
2026-09-10T16:49+02:00,A16,L,14.46,2,speedlimit
2026-09-10T16:49+02:00,A20,R,29.5,2,speedlimit
2026-09-10T16:49+02:00,A20,L,27.2,2,speedlimit
2026-09-10T16:49+02:00,A16,R,32.518,1,speedlimit
2026-09-10T16:49+02:00,A4,R,35.48,2,speedlimit
2026-09-10T16:49+02:00,A16,R,16.6,4,speedlimit
2026-09-10T16:49+02:00,A4,R,43.975,1,speedlimit
2026-09-10T16:49+02:00,A13,R,18.963,1,speedlimit
2026-09-10T16:49+02:00,A16,L,63.4,1,speedlimit
2026-09-10T16:49+02:00,A4,n,73.156,2,speedlimit
2026-09-10T16:49+02:00,A15,R,71.99,3,speedlimit
2026-09-10T16:49+02:00,A15,n,62.25,1,speedlimit
2026-09-10T16:49+02:00,A13,L,17.1,1,speedlimit
2026-09-10T16:49+02:00,A4,R,18.09,5,speedlimit
2026-09-10T16:49+02:00,A4,R,33.17,3,speedlimit
2026-09-10T16:49+02:00,A16,R,31.25,1,speedlimit
2026-09-10T16:49+02:00,A20,L,31.88,3,speedlimit
2026-09-10T16:49+02:00,A20,R,23.27,3,speedlimit
2026-09-10T16:49+02:00,A4,L,72.591,2,speedlimit
2026-09-10T16:49+02:00,A4,R,18.7,2,speedlimit
2026-09-10T16:49+02:00,A16,R,66.81,1,speedlimit
2026-09-10T16:49+02:00,A4,L,47.05,1,speedlimit
2026-09-10T16:49+02:00,A16,L,16.935,4,speedlimit
2026-09-10T16:49+02:00,A13,L,17.1,4,speedlimit
2026-09-10T16:49+02:00,A4,R,50.433,1,speedlimit
2026-09-10T16:49+02:00,A4,L,54.48,1,speedlimit
2026-09-10T16:49+02:00,A16,R,27.48,1,speedlimit
2026-09-10T16:49+02:00,A4,R,52.018,1,speedlimit
2026-09-10T16:49+02:00,A13,R,16.655,2,speedlimit
2026-09-10T16:49+02:00,A4,R,75.71,2,speedlimit
2026-09-10T16:49+02:00,A4,R,50.433,4,speedlimit
2026-09-10T16:49+02:00,A15,R,82.1,3,speedlimit
2026-09-10T16:49+02:00,A15,R,56.1,1,speedlimit
2026-09-10T16:49+02:00,A13,L,15.55,5,lane_closed
2026-09-10T16:49+02:00,A20,u,35.09,3,speedlimit
2026-09-10T16:49+02:00,A16,R,11.13,1,speedlimit
2026-09-10T16:49+02:00,A4,m,45.146,3,speedlimit
2026-09-10T16:49+02:00,A4,L,74.204,2,speedlimit
2026-09-10T16:49+02:00,A15,R,91.13,1,speedlimit
2026-09-10T16:49+02:00,A4,R,51.388,1,speedlimit
2026-09-10T16:49+02:00,A4,L,61.98,3,speedlimit
2026-09-10T16:49+02:00,A4,L,47.05,2,speedlimit
2026-09-10T16:49+02:00,A15,x,56.6,2,speedlimit
2026-09-10T16:49+02:00,A15,R,86.7,1,speedlimit
2026-09-10T16:49+02:00,A4,L,62.3,3,speedlimit
2026-09-10T16:49+02:00,A16,R,52.44,3,speedlimit
2026-09-10T16:49+02:00,A15,R,85.78,1,speedlimit
2026-09-10T16:49+02:00,A16,y,19.0,1,speedlimit
2026-09-10T16:49+02:00,A16,y,18.2,2,speedlimit
2026-09-10T16:49+02:00,A15,m,58.65,2,speedlimit
2026-09-10T16:49+02:00,A4,m,44.85,1,speedlimit
2026-09-10T16:49+02:00,A16,x,21.5,3,speedlimit
2026-09-10T16:49+02:00,A16,R,27.48,4,speedlimit
2026-09-10T16:49+02:00,A16,d,15.73,1,speedlimit
2026-09-10T16:49+02:00,A16,L,30.2,3,speedlimit
2026-09-10T16:49+02:00,A4,m,44.85,2,speedlimit
2026-09-10T16:49+02:00,A16,R,42.61,1,speedlimit
2026-09-10T16:49+02:00,A13,R,6.4,4,speedlimit
2026-09-10T16:49+02:00,A4,L,37.53,1,speedlimit
2026-09-10T16:49+02:00,A4,R,46.35,3,speedlimit
2026-09-10T16:49+02:00,A4,L,50.253,1,speedlimit
2026-09-10T16:49+02:00,A20,R,33.85,2,speedlimit
2026-09-10T16:49+02:00,A15,R,59.95,3,speedlimit
2026-09-10T16:49+02:00,A16,L,17.299,3,speedlimit
2026-09-10T16:49+02:00,A4,R,52.598,2,speedlimit
2026-09-10T16:49+02:00,A4,L,61.555,2,speedlimit
2026-09-10T16:49+02:00,A15,R,88.02,1,speedlimit
2026-09-10T16:49+02:00,A20,R,33.85,3,speedlimit
2026-09-10T16:49+02:00,A13,L,3.52,3,speedlimit
2026-09-10T16:49+02:00,A20,L,32.8,3,speedlimit
2026-09-10T16:49+02:00,A16,R,62.38,4,speedlimit
2026-09-10T16:49+02:00,A16,L,17.299,4,speedlimit
2026-09-10T16:49+02:00,A16,L,19.0,2,speedlimit
2026-09-10T16:49+02:00,A4,L,47.88,4,speedlimit
2026-09-10T16:49+02:00,A4,L,75.105,1,speedlimit
2026-09-10T16:49+02:00,A15,L,79.05,2,speedlimit
2026-09-10T16:49+02:00,A4,L,54.48,2,speedlimit
2026-09-10T16:49+02:00,A16,r,23.65,2,speedlimit
2026-09-10T16:49+02:00,A15,R,77.613,3,speedlimit
2026-09-10T16:49+02:00,A15,R,58.46,1,speedlimit
2026-09-10T16:49+02:00,A16,R,18.229,3,speedlimit
2026-09-10T16:49+02:00,A20,R,23.0,3,speedlimit
2026-09-10T16:49+02:00,A16,R,29.28,1,speedlimit
2026-09-10T16:49+02:00,A20,R,25.3,2,speedlimit
2026-09-10T16:49+02:00,A20,R,22.735,4,speedlimit
2026-09-10T16:49+02:00,A15,R,52.32,2,speedlimit
2026-09-10T16:49+02:00,A16,R,23.2,4,speedlimit
2026-09-10T16:49+02:00,A13,R,5.481,3,speedlimit
2026-09-10T16:49+02:00,A15,R,82.4,3,speedlimit
2026-09-10T16:49+02:00,A16,R,18.229,2,speedlimit
2026-09-10T16:49+02:00,A4,R,46.65,4,speedlimit
2026-09-10T16:49+02:00,A16,R,27.48,2,speedlimit
2026-09-10T16:49+02:00,A16,e,61.15,1,speedlimit
2026-09-10T16:49+02:00,A20,R,30.196,1,speedlimit
2026-09-10T16:49+02:00,A15,L,79.42,2,speedlimit
2026-09-10T16:49+02:00,A16,x,18.543,1,speedlimit
2026-09-10T16:49+02:00,A4,R,46.35,2,speedlimit
2026-09-10T16:49+02:00,A16,R,28.315,1,speedlimit
2026-09-10T16:49+02:00,A16,x,19.3,1,speedlimit
2026-09-10T16:49+02:00,A20,L,29.826,4,speedlimit
2026-09-10T16:49+02:00,A16,R,32.933,4,speedlimit
2026-09-10T16:49+02:00,A20,L,38.3,3,speedlimit
2026-09-10T16:49+02:00,A16,L,30.2,4,speedlimit
2026-09-10T16:49+02:00,A20,L,38.91,3,speedlimit
2026-09-10T16:49+02:00,A16,R,60.5,4,speedlimit
2026-09-10T16:49+02:00,A15,x,55.59,2,speedlimit
2026-09-10T16:49+02:00,A4,L,59.72,2,speedlimit
2026-09-10T16:49+02:00,A15,R,91.13,2,speedlimit
2026-09-10T16:49+02:00,A15,R,83.1,2,speedlimit
2026-09-10T16:49+02:00,A16,R,29.28,2,speedlimit
2026-09-10T16:49+02:00,A16,L,31.805,1,speedlimit
2026-09-10T16:49+02:00,A16,L,34.13,1,speedlimit
2026-09-10T16:49+02:00,A16,R,66.81,2,speedlimit
2026-09-10T16:49+02:00,A15,y,54.89,1,speedlimit
2026-09-10T16:49+02:00,A20,s,29.6,1,speedlimit
2026-09-10T16:49+02:00,A20,L,28.57,2,speedlimit
2026-09-10T16:49+02:00,A4,L,74.404,3,speedlimit
2026-09-10T16:49+02:00,A20,R,30.6,2,speedlimit
2026-09-10T16:49+02:00,A16,m,41.44,1,speedlimit
2026-09-10T16:49+02:00,A15,R,59.57,1,speedlimit
2026-09-10T16:49+02:00,A4,L,1.156,4,speedlimit
2026-09-10T16:49+02:00,A16,R,29.28,6,speedlimit
2026-09-10T16:49+02:00,A20,L,37.3,2,speedlimit
2026-09-10T16:49+02:00,A4,R,29.44,2,speedlimit
2026-09-10T16:49+02:00,A15,n,96.42,3,speedlimit
2026-09-10T16:49+02:00,A16,R,21.9,1,speedlimit
2026-09-10T16:49+02:00,A15,L,65.25,3,speedlimit
2026-09-10T16:49+02:00,A13,L,17.1,2,speedlimit
2026-09-10T16:49+02:00,A4,L,45.75,4,speedlimit
2026-09-10T16:49+02:00,A15,R,71.07,2,speedlimit
2026-09-10T16:49+02:00,A15,y,54.475,1,speedlimit
2026-09-10T16:49+02:00,A15,R,57.31,5,speedlimit
2026-09-10T16:49+02:00,A15,R,89.53,2,speedlimit
2026-09-10T16:49+02:00,A15,R,81.71,3,speedlimit
2026-09-10T16:49+02:00,A16,R,39.875,2,speedlimit
2026-09-10T16:49+02:00,A16,R,17.463,5,speedlimit
2026-09-10T16:49+02:00,A16,L,18.2,3,speedlimit
2026-09-10T16:49+02:00,A20,L,36.94,5,speedlimit
2026-09-10T16:49+02:00,A16,R,11.7,3,speedlimit
2026-09-10T16:49+02:00,A20,L,28.57,3,speedlimit
2026-09-10T16:49+02:00,A4,m,44.85,3,speedlimit
2026-09-10T16:49+02:00,A15,R,59.57,3,speedlimit
2026-09-10T16:49+02:00,A15,L,64.67,3,speedlimit
2026-09-10T16:49+02:00,A20,R,26.4,4,speedlimit
2026-09-10T16:49+02:00,A20,R,30.196,2,speedlimit
2026-09-10T16:49+02:00,A15,R,87.4,2,speedlimit
2026-09-10T16:49+02:00,A13,R,17.8,3,speedlimit
2026-09-10T16:49+02:00,A16,L,29.37,2,speedlimit
2026-09-10T16:49+02:00,A16,R,32.22,1,speedlimit
2026-09-10T16:49+02:00,A15,L,95.19,2,speedlimit
2026-09-10T16:49+02:00,A16,R,41.96,4,speedlimit
2026-09-10T16:49+02:00,A15,n,95.855,2,speedlimit
2026-09-10T16:49+02:00,A4,L,62.885,2,speedlimit
2026-09-10T17:49+02:00,A13,L,16.7,1,speedlimit
2026-09-10T17:49+02:00,A15,m,62.708,1,speedlimit
2026-09-10T17:49+02:00,A20,R,40.2,3,speedlimit
2026-09-10T17:49+02:00,A15,R,85.262,2,speedlimit
2026-09-10T17:49+02:00,A16,R,17.036,4,speedlimit
2026-09-10T17:49+02:00,A15,h,60.62,1,speedlimit
2026-09-10T17:49+02:00,A15,m,63.352,1,speedlimit
2026-09-10T17:49+02:00,A16,R,28.78,5,speedlimit
2026-09-10T17:49+02:00,A15,R,84.87,1,speedlimit
2026-09-10T17:49+02:00,A4,L,70.611,2,speedlimit
2026-09-10T17:49+02:00,A4,L,62.3,1,speedlimit
2026-09-10T17:49+02:00,A16,R,39.875,1,speedlimit
2026-09-10T17:49+02:00,A4,R,43.385,4,speedlimit
2026-09-10T17:49+02:00,A15,g,59.55,2,speedlimit
2026-09-10T17:49+02:00,A16,x,18.9,3,speedlimit
2026-09-10T17:49+02:00,A16,R,30.05,1,speedlimit
2026-09-10T17:49+02:00,A15,m,94.5,1,speedlimit
2026-09-10T17:49+02:00,A16,R,17.463,4,speedlimit
2026-09-10T17:49+02:00,A4,L,36.73,3,speedlimit
2026-09-10T17:49+02:00,A20,R,25.3,1,speedlimit
2026-09-10T17:49+02:00,A4,L,62.755,1,speedlimit
2026-09-10T17:49+02:00,A20,R,22.735,2,speedlimit
2026-09-10T17:49+02:00,A4,L,37.53,5,speedlimit
2026-09-10T17:49+02:00,A16,R,42.24,2,speedlimit
2026-09-10T17:49+02:00,A4,L,44.62,1,speedlimit
2026-09-10T17:49+02:00,A20,L,30.196,2,speedlimit
2026-09-10T17:49+02:00,A4,R,32.4,3,speedlimit
2026-09-10T17:49+02:00,A4,L,62.6,4,speedlimit
2026-09-10T17:49+02:00,A16,x,20.2,2,speedlimit
2026-09-10T17:49+02:00,A4,R,11.286,2,speedlimit
2026-09-10T17:49+02:00,A20,R,25.7,2,speedlimit
2026-09-10T17:49+02:00,A16,x,20.5,1,speedlimit
2026-09-10T17:49+02:00,A16,R,32.22,3,speedlimit
2026-09-10T17:49+02:00,A16,L,41.96,3,speedlimit
2026-09-10T17:49+02:00,A13,R,16.655,1,speedlimit
2026-09-10T17:49+02:00,A15,g,63.241,1,speedlimit
2026-09-10T17:49+02:00,A16,R,66.52,2,speedlimit
2026-09-10T17:49+02:00,A16,L,17.748,1,speedlimit
2026-09-10T17:49+02:00,A4,R,49.84,2,speedlimit
2026-09-10T17:49+02:00,A4,m,43.975,2,speedlimit
2026-09-10T17:49+02:00,A13,R,17.1,2,speedlimit
2026-09-10T17:49+02:00,A15,R,61.63,4,speedlimit
2026-09-10T17:49+02:00,A16,L,25.232,2,speedlimit
2026-09-10T17:49+02:00,A4,L,36.23,2,speedlimit
2026-09-10T17:49+02:00,A15,R,80.6,2,speedlimit
2026-09-10T17:49+02:00,A16,L,39.875,3,speedlimit
2026-09-10T17:49+02:00,A4,R,47.51,4,speedlimit
2026-09-10T17:49+02:00,A4,L,63.0,4,speedlimit
2026-09-10T17:49+02:00,A16,L,36.355,2,speedlimit
2026-09-10T17:49+02:00,A15,R,79.73,1,speedlimit
2026-09-10T17:49+02:00,A4,m,35.48,2,speedlimit
2026-09-10T17:49+02:00,A15,k,70.5,2,speedlimit
2026-09-10T17:49+02:00,A16,L,16.935,5,speedlimit
2026-09-10T17:49+02:00,A4,R,46.35,1,speedlimit
2026-09-10T17:49+02:00,A4,R,29.44,1,speedlimit
2026-09-10T17:49+02:00,A4,L,42.19,4,speedlimit
2026-09-10T17:49+02:00,A16,x,18.9,1,speedlimit
2026-09-10T17:49+02:00,A15,n,61.78,3,speedlimit
2026-09-10T17:49+02:00,A16,r,23.918,2,speedlimit
2026-09-10T17:49+02:00,A16,x,20.2,1,speedlimit
2026-09-10T17:49+02:00,A4,R,30.76,1,speedlimit
2026-09-10T17:49+02:00,A13,L,12.7,3,speedlimit
2026-09-10T17:49+02:00,A15,R,83.55,3,speedlimit
2026-09-10T17:49+02:00,A15,e,60.14,1,speedlimit
2026-09-10T17:49+02:00,A16,R,39.875,3,speedlimit
2026-09-10T17:49+02:00,A13,L,12.7,1,speedlimit
2026-09-10T17:49+02:00,A16,y,23.535,2,speedlimit
2026-09-10T17:49+02:00,A4,L,36.36,4,speedlimit
2026-09-10T17:49+02:00,A16,R,21.5,2,speedlimit
2026-09-10T17:49+02:00,A15,L,45.61,2,speedlimit
2026-09-10T17:49+02:00,A4,R,31.905,2,speedlimit
2026-09-10T17:49+02:00,A15,h,61.01,1,speedlimit
2026-09-10T17:49+02:00,A16,R,42.24,3,speedlimit
2026-09-10T17:49+02:00,A15,y,62.635,3,speedlimit
2026-09-10T17:49+02:00,A13,R,18.5,1,speedlimit
2026-09-10T17:49+02:00,A4,R,44.56,1,speedlimit
2026-09-10T17:49+02:00,A16,R,20.5,3,speedlimit
2026-09-10T17:49+02:00,A16,R,27.695,3,speedlimit
2026-09-10T17:49+02:00,A15,L,46.356,3,speedlimit
2026-09-10T17:49+02:00,A15,L,46.17,1,speedlimit
2026-09-10T17:49+02:00,A4,L,49.37,1,speedlimit
2026-09-10T17:49+02:00,A16,R,19.862,1,speedlimit
2026-09-10T17:49+02:00,A16,R,28.315,5,speedlimit
2026-09-10T17:49+02:00,A20,L,29.5,2,speedlimit
2026-09-10T17:49+02:00,A4,L,37.53,3,speedlimit
2026-09-10T17:49+02:00,A4,L,46.55,2,speedlimit
2026-09-10T17:49+02:00,A13,R,18.5,4,speedlimit
2026-09-10T17:49+02:00,A29,R,11.625,1,speedlimit
2026-09-10T17:49+02:00,A4,R,48.79,1,speedlimit
2026-09-10T17:49+02:00,A4,L,71.041,2,speedlimit
2026-09-10T17:49+02:00,A20,L,40.985,1,speedlimit
2026-09-10T17:49+02:00,A15,m,58.46,3,speedlimit
2026-09-10T17:49+02:00,A4,L,46.55,4,speedlimit
2026-09-10T17:49+02:00,A20,R,42.485,2,speedlimit
2026-09-10T17:49+02:00,A13,R,18.2,3,speedlimit
2026-09-10T17:49+02:00,A15,h,60.62,2,speedlimit
2026-09-10T17:49+02:00,A16,p,27.6,2,speedlimit
2026-09-10T17:49+02:00,A20,R,28.1,1,speedlimit
2026-09-10T17:49+02:00,A16,y,23.075,1,lane_closed
2026-09-10T17:49+02:00,A20,R,30.196,3,speedlimit
2026-09-10T17:49+02:00,A4,R,33.17,2,speedlimit
2026-09-10T17:49+02:00,A16,m,39.675,1,speedlimit
2026-09-10T17:49+02:00,A16,R,26.45,4,speedlimit
2026-09-10T17:49+02:00,A29,R,13.605,1,speedlimit
2026-09-10T17:49+02:00,A4,L,62.885,3,speedlimit
2026-09-10T17:49+02:00,A15,R,81.71,2,speedlimit
2026-09-10T17:49+02:00,A20,L,47.8,1,speedlimit
2026-09-10T17:49+02:00,A4,L,62.468,4,speedlimit
2026-09-10T17:49+02:00,A4,m,49.33,2,speedlimit
2026-09-10T17:49+02:00,A15,R,80.6,1,speedlimit
2026-09-10T17:49+02:00,A16,R,17.463,2,speedlimit
2026-09-10T17:49+02:00,A13,L,3.82,3,speedlimit
2026-09-10T17:49+02:00,A15,m,94.5,2,speedlimit
2026-09-10T17:49+02:00,A16,L,38.22,2,speedlimit
2026-09-10T17:49+02:00,A38,R,20.05,1,speedlimit
2026-09-10T17:49+02:00,A20,R,37.8,2,speedlimit
2026-09-10T17:49+02:00,A15,n,95.855,3,speedlimit
2026-09-10T17:49+02:00,A4,L,50.798,3,speedlimit
2026-09-10T17:49+02:00,A13,R,17.8,2,speedlimit
2026-09-10T17:49+02:00,A15,R,80.89,3,speedlimit
2026-09-10T17:49+02:00,A16,R,43.145,2,speedlimit
2026-09-10T17:49+02:00,A16,R,20.2,1,speedlimit
2026-09-10T17:49+02:00,A20,s,29.6,2,speedlimit
2026-09-10T17:49+02:00,A15,L,65.25,2,speedlimit
2026-09-10T17:49+02:00,A15,L,65.685,3,speedlimit
2026-09-10T17:49+02:00,A4,n,71.771,2,speedlimit
2026-09-10T17:49+02:00,A4,R,49.33,2,speedlimit
2026-09-10T17:49+02:00,A4,L,70.215,2,speedlimit
2026-09-10T17:49+02:00,A29,R,10.45,1,speedlimit
2026-09-10T17:49+02:00,A15,R,80.1,3,speedlimit
2026-09-10T17:49+02:00,A4,L,7.841,3,speedlimit
2026-09-10T17:49+02:00,A16,L,25.232,4,speedlimit
2026-09-10T17:49+02:00,A4,R,10.16,4,speedlimit
2026-09-10T17:49+02:00,A15,R,81.71,1,speedlimit
2026-09-10T17:49+02:00,A15,R,79.73,3,speedlimit
2026-09-10T17:49+02:00,A4,m,35.13,1,speedlimit
2026-09-10T17:49+02:00,A4,R,45.28,1,speedlimit
2026-09-10T17:49+02:00,A4,L,0.86,1,speedlimit
2026-09-10T17:49+02:00,A20,R,38.91,3,speedlimit
2026-09-10T17:49+02:00,A15,y,63.3,1,speedlimit
2026-09-10T17:49+02:00,A20,R,26.93,4,speedlimit
2026-09-10T17:49+02:00,A20,R,28.57,3,speedlimit
2026-09-10T17:49+02:00,A15,L,70.95,3,speedlimit
2026-09-10T17:49+02:00,A16,L,36.355,3,speedlimit
2026-09-10T17:49+02:00,A16,x,18.229,1,speedlimit
2026-09-10T17:49+02:00,A15,L,45.61,1,speedlimit
2026-09-10T17:49+02:00,A16,R,20.2,3,speedlimit
2026-09-10T17:49+02:00,A16,R,42.61,2,speedlimit
2026-09-10T17:49+02:00,A16,R,31.74,5,speedlimit
2026-09-10T17:49+02:00,A4,R,45.98,4,speedlimit
2026-09-10T17:49+02:00,A15,L,46.864,1,speedlimit
2026-09-10T17:49+02:00,A13,L,18.8,2,speedlimit
2026-09-10T17:49+02:00,A20,R,27.235,1,speedlimit
2026-09-10T17:49+02:00,A13,L,10.7,3,speedlimit
2026-09-10T17:49+02:00,A20,R,39.515,2,speedlimit
2026-09-10T17:49+02:00,A20,L,28.41,2,speedlimit
2026-09-10T17:49+02:00,A15,m,62.454,2,speedlimit
2026-09-10T17:49+02:00,A20,v,23.52,1,speedlimit
2026-09-10T17:49+02:00,A4,R,47.51,3,speedlimit
2026-09-10T17:49+02:00,A29,R,13.75,3,speedlimit
2026-09-10T17:49+02:00,A4,R,46.65,3,speedlimit
2026-09-10T17:49+02:00,A16,R,31.25,4,speedlimit
2026-09-10T17:49+02:00,A4,R,43.975,3,speedlimit
2026-09-10T17:49+02:00,A15,n,62.25,2,speedlimit
2026-09-10T17:49+02:00,A16,R,41.96,3,speedlimit
2026-09-10T17:49+02:00,A4,R,51.388,2,speedlimit
2026-09-10T17:49+02:00,A20,R,23.0,4,speedlimit
2026-09-10T17:49+02:00,A20,R,27.79,2,speedlimit
2026-09-10T17:49+02:00,A13,R,18.5,3,speedlimit
2026-09-10T17:49+02:00,A16,R,27.695,4,speedlimit
2026-09-10T17:49+02:00,A20,R,28.57,4,speedlimit
2026-09-10T17:49+02:00,A20,R,31.26,4,speedlimit
2026-09-10T17:49+02:00,A20,L,29.826,2,speedlimit
2026-09-10T17:49+02:00,A15,R,80.89,2,speedlimit
2026-09-10T17:49+02:00,A20,L,28.57,1,speedlimit
2026-09-10T17:49+02:00,A4,R,45.98,3,speedlimit
2026-09-10T17:49+02:00,A15,h,59.91,1,speedlimit
2026-09-10T17:49+02:00,A15,h,59.91,2,speedlimit
2026-09-10T17:49+02:00,A20,L,33.36,2,speedlimit
2026-09-10T17:49+02:00,A15,R,83.55,2,speedlimit
2026-09-10T17:49+02:00,A29,R,12.5,3,speedlimit
2026-09-10T17:49+02:00,A16,R,32.22,5,speedlimit
2026-09-10T17:49+02:00,A16,L,38.22,1,speedlimit
2026-09-10T17:49+02:00,A20,R,29.5,4,speedlimit
2026-09-10T17:49+02:00,A4,L,49.84,1,speedlimit
2026-09-10T17:49+02:00,A4,R,45.98,1,speedlimit
2026-09-10T17:49+02:00,A4,L,7.526,2,speedlimit
2026-09-10T17:49+02:00,A15,R,84.87,3,speedlimit
2026-09-10T17:49+02:00,A4,L,61.69,2,speedlimit
2026-09-10T17:49+02:00,A29,R,13.18,3,speedlimit
2026-09-10T17:49+02:00,A16,R,32.76,5,speedlimit
2026-09-10T17:49+02:00,A16,R,26.075,1,speedlimit
2026-09-10T17:49+02:00,A4,L,61.69,1,speedlimit
2026-09-10T17:49+02:00,A16,R,31.74,4,speedlimit
2026-09-10T17:49+02:00,A16,R,51.84,3,speedlimit
2026-09-10T17:49+02:00,A13,L,11.25,1,speedlimit
2026-09-10T17:49+02:00,A16,x,21.9,2,speedlimit
2026-09-10T17:49+02:00,A20,R,28.1,2,speedlimit
2026-09-10T17:49+02:00,A20,R,26.64,1,speedlimit
2026-09-10T17:49+02:00,A15,g,63.761,2,speedlimit
2026-09-10T17:49+02:00,A20,R,25.7,3,speedlimit
2026-09-10T17:49+02:00,A4,R,43.085,2,speedlimit
2026-09-10T17:49+02:00,A15,L,64.2,2,speedlimit
2026-09-10T17:49+02:00,A4,L,7.841,4,speedlimit
2026-09-10T17:49+02:00,A4,L,46.27,2,speedlimit
2026-09-10T17:49+02:00,A16,R,28.78,2,speedlimit
2026-09-10T17:49+02:00,A4,L,50.798,4,speedlimit
2026-09-10T17:49+02:00,A29,R,13.9,1,speedlimit
2026-09-10T17:49+02:00,A4,L,41.6,4,speedlimit
2026-09-10T17:49+02:00,A29,R,9.83,1,speedlimit
2026-09-10T17:49+02:00,A15,L,46.356,2,speedlimit
2026-09-10T17:49+02:00,A16,x,17.813,1,speedlimit
2026-09-10T17:49+02:00,A16,L,24.82,3,speedlimit
2026-09-10T17:49+02:00,A20,L,32.8,2,speedlimit
2026-09-10T17:49+02:00,A4,L,0.86,3,speedlimit
2026-09-10T17:49+02:00,A29,R,9.5,3,speedlimit
2026-09-10T17:49+02:00,A4,L,8.14,2,speedlimit
2026-09-10T17:49+02:00,A16,L,26.05,1,speedlimit
2026-09-10T17:49+02:00,A4,L,36.23,1,speedlimit
2026-09-10T17:49+02:00,A15,L,65.25,4,speedlimit
2026-09-10T17:49+02:00,A4,R,36.49,1,speedlimit
2026-09-10T17:49+02:00,A4,L,62.6,1,speedlimit
2026-09-10T17:49+02:00,A4,L,36.73,4,speedlimit
2026-09-10T17:49+02:00,A13,L,17.1,3,speedlimit
2026-09-10T17:49+02:00,A4,R,46.65,2,speedlimit
2026-09-10T17:49+02:00,A16,R,40.4,1,speedlimit
2026-09-10T17:49+02:00,A4,R,35.8,1,speedlimit
2026-09-10T17:49+02:00,A16,L,25.232,1,speedlimit
2026-09-10T17:49+02:00,A15,L,47.07,2,speedlimit
2026-09-10T17:49+02:00,A4,m,37.11,2,speedlimit
2026-09-10T17:49+02:00,A20,R,42.0,1,speedlimit
2026-09-10T17:49+02:00,A16,b,19.862,1,speedlimit
2026-09-10T17:49+02:00,A4,L,62.135,3,speedlimit
2026-09-10T17:49+02:00,A4,R,35.8,2,speedlimit
2026-09-10T17:49+02:00,A16,R,52.44,2,speedlimit
2026-09-10T17:49+02:00,A4,L,45.28,1,speedlimit
2026-09-10T17:49+02:00,A16,L,39.25,3,speedlimit
2026-09-10T17:49+02:00,A16,f,67.9,1,speedlimit
2026-09-10T17:49+02:00,A4,L,36.73,2,speedlimit
2026-09-10T17:49+02:00,A15,L,46.614,1,speedlimit
2026-09-10T17:49+02:00,A4,L,62.3,4,speedlimit
2026-09-10T17:49+02:00,A15,m,62.998,3,speedlimit
2026-09-10T17:49+02:00,A16,y,23.9,1,lane_closed_ahead
2026-09-10T17:49+02:00,A16,R,40.93,1,speedlimit
2026-09-10T17:49+02:00,A15,R,84.01,3,speedlimit
2026-09-10T17:49+02:00,A4,L,46.55,1,speedlimit
2026-09-10T17:49+02:00,A4,L,46.55,3,speedlimit
2026-09-10T17:49+02:00,A4,R,32.85,3,speedlimit
2026-09-10T17:49+02:00,A16,R,66.81,3,speedlimit
2026-09-10T17:49+02:00,A20,L,27.488,1,speedlimit
2026-09-10T17:49+02:00,A4,L,58.82,1,speedlimit
2026-09-10T17:49+02:00,A20,L,27.2,1,speedlimit
2026-09-10T17:49+02:00,A16,R,41.96,2,speedlimit
2026-09-10T17:49+02:00,A4,h,46.06,2,speedlimit
2026-09-10T17:49+02:00,A20,L,27.8,2,speedlimit
2026-09-10T17:49+02:00,A15,L,46.758,3,speedlimit
2026-09-10T17:49+02:00,A16,L,23.535,1,speedlimit
2026-09-10T17:49+02:00,A16,L,16.935,2,speedlimit
2026-09-10T17:49+02:00,A4,R,47.51,1,speedlimit
2026-09-10T17:49+02:00,A13,L,18.2,3,speedlimit
2026-09-10T17:49+02:00,A4,L,71.041,1,speedlimit
2026-09-10T17:49+02:00,A4,L,1.156,2,speedlimit
2026-09-10T17:49+02:00,A15,L,46.758,2,speedlimit
2026-09-10T17:49+02:00,A16,R,29.28,5,speedlimit
2026-09-10T17:49+02:00,A4,R,32.4,2,speedlimit
2026-09-10T17:49+02:00,A16,R,32.933,1,speedlimit
2026-09-10T17:49+02:00,A15,h,60.29,2,speedlimit
2026-09-10T17:49+02:00,A4,R,43.085,1,speedlimit
2026-09-10T17:49+02:00,A16,R,32.518,4,speedlimit
2026-09-10T17:49+02:00,A20,R,22.735,1,speedlimit
2026-09-10T17:49+02:00,A4,L,63.0,1,speedlimit
2026-09-10T17:49+02:00,A4,L,70.215,3,speedlimit
2026-09-10T17:49+02:00,A16,L,24.82,1,speedlimit
2026-09-10T17:49+02:00,A20,L,31.88,1,speedlimit
2026-09-10T17:49+02:00,A4,R,10.743,3,speedlimit
2026-09-10T17:49+02:00,A16,R,26.45,2,speedlimit
2026-09-10T17:49+02:00,A16,L,29.37,4,speedlimit
2026-09-10T17:49+02:00,A20,R,38.3,1,speedlimit
2026-09-10T17:49+02:00,A4,L,63.0,2,speedlimit
2026-09-10T17:49+02:00,A13,L,16.7,2,speedlimit
2026-09-10T17:49+02:00,A4,R,43.385,2,speedlimit
2026-09-10T17:49+02:00,A4,R,34.3,1,speedlimit
2026-09-10T17:49+02:00,A20,L,30.9,2,speedlimit
2026-09-10T17:49+02:00,A16,R,31.25,5,speedlimit
2026-09-10T17:49+02:00,A20,L,38.91,2,speedlimit
2026-09-10T17:49+02:00,A16,R,28.315,3,speedlimit
2026-09-10T17:49+02:00,A16,R,21.5,1,speedlimit
2026-09-10T17:49+02:00,A15,R,80.1,2,speedlimit
2026-09-10T17:49+02:00,A4,R,48.79,2,speedlimit
2026-09-10T17:49+02:00,A16,p,27.2,2,speedlimit
2026-09-10T17:49+02:00,A29,R,12.865,2,speedlimit
2026-09-10T17:49+02:00,A15,R,85.78,2,speedlimit
2026-09-10T17:49+02:00,A20,L,28.085,1,speedlimit
2026-09-10T17:49+02:00,A16,x,18.229,2,speedlimit
2026-09-10T17:49+02:00,A20,s,35.6,1,speedlimit
2026-09-10T17:49+02:00,A15,p,58.05,1,speedlimit
2026-09-10T17:49+02:00,A16,y,23.535,1,lane_closed
2026-09-10T17:49+02:00,A15,h,70.04,2,speedlimit
2026-09-10T17:49+02:00,A16,R,32.76,4,speedlimit
2026-09-10T17:49+02:00,A16,L,26.05,2,speedlimit
2026-09-10T17:49+02:00,A16,R,32.22,2,speedlimit
2026-09-10T17:49+02:00,A13,L,3.52,2,speedlimit
2026-09-10T17:49+02:00,A4,R,33.8,1,speedlimit
2026-09-10T17:49+02:00,A20,R,30.6,1,speedlimit
2026-09-10T17:49+02:00,A4,m,45.146,1,speedlimit
2026-09-10T17:49+02:00,A13,R,17.1,3,speedlimit
2026-09-10T17:49+02:00,A16,L,38.73,1,speedlimit
2026-09-10T17:49+02:00,A4,L,44.01,3,speedlimit
2026-09-10T17:49+02:00,A13,L,9.9,1,speedlimit
2026-09-10T17:49+02:00,A20,R,26.93,3,speedlimit
2026-09-10T17:49+02:00,A16,R,28.78,6,speedlimit
2026-09-10T17:49+02:00,A16,R,17.463,1,speedlimit
2026-09-10T17:49+02:00,A15,n,61.39,3,speedlimit
2026-09-10T17:49+02:00,A4,m,45.146,2,speedlimit
2026-09-10T17:49+02:00,A20,L,31.4,1,speedlimit
2026-09-10T17:49+02:00,A13,L,3.52,1,speedlimit
2026-09-10T17:49+02:00,A16,L,30.2,1,speedlimit
2026-09-10T17:49+02:00,A15,p,58.05,2,speedlimit
2026-09-10T17:49+02:00,A15,h,60.29,1,speedlimit
2026-09-10T17:49+02:00,A4,L,62.3,2,speedlimit
2026-09-10T17:49+02:00,A29,R,11.625,3,speedlimit
2026-09-10T17:49+02:00,A16,R,17.036,5,speedlimit
2026-09-10T17:49+02:00,A16,R,18.924,1,speedlimit
2026-09-10T17:49+02:00,A15,m,95.3,1,speedlimit
2026-09-10T17:49+02:00,A15,m,59.11,2,speedlimit
2026-09-10T17:49+02:00,A15,m,62.708,3,speedlimit
2026-09-10T17:49+02:00,A4,L,42.775,2,speedlimit
2026-09-10T17:49+02:00,A4,L,7.526,4,speedlimit
2026-09-10T17:49+02:00,A15,g,63.761,1,speedlimit
2026-09-10T17:49+02:00,A4,L,8.14,4,speedlimit
2026-09-10T17:49+02:00,A13,L,12.0,1,speedlimit
2026-09-10T17:49+02:00,A16,L,36.07,2,speedlimit
2026-09-10T17:49+02:00,A20,u,23.853,1,speedlimit
2026-09-10T17:49+02:00,A20,L,31.1,2,speedlimit
2026-09-10T17:49+02:00,A16,R,19.3,2,speedlimit
2026-09-10T17:49+02:00,A4,L,70.611,4,speedlimit
2026-09-10T17:49+02:00,A4,L,71.726,1,speedlimit
2026-09-10T17:49+02:00,A29,R,11.95,2,speedlimit
2026-09-10T17:49+02:00,A16,L,26.05,4,speedlimit
2026-09-10T17:49+02:00,A4,R,32.85,4,speedlimit
2026-09-10T17:49+02:00,A13,g,18.7,2,speedlimit
2026-09-10T17:49+02:00,A4,L,46.27,1,speedlimit
2026-09-10T17:49+02:00,A15,L,65.685,2,speedlimit
2026-09-10T17:49+02:00,A15,m,61.995,3,speedlimit
2026-09-10T17:49+02:00,A16,L,27.6,3,speedlimit
2026-09-10T17:49+02:00,A20,L,31.4,2,speedlimit
2026-09-10T17:49+02:00,A4,L,70.611,3,speedlimit
2026-09-10T17:49+02:00,A16,L,26.48,2,speedlimit
2026-09-10T17:49+02:00,A4,R,35.48,1,speedlimit
2026-09-10T17:49+02:00,A15,h,59.61,2,speedlimit
2026-09-10T17:49+02:00,A29,R,11.95,4,speedlimit
2026-09-10T17:49+02:00,A4,L,49.84,3,speedlimit
2026-09-10T17:49+02:00,A20,R,23.27,2,speedlimit
2026-09-10T17:49+02:00,A4,n,71.376,2,speedlimit
2026-09-10T17:49+02:00,A13,L,9.9,3,speedlimit
2026-09-10T17:49+02:00,A15,R,61.63,1,speedlimit
2026-09-10T17:49+02:00,A4,L,70.611,6,speedlimit
2026-09-10T17:49+02:00,A16,m,40.39,2,speedlimit
2026-09-10T17:49+02:00,A38,L,21.058,3,speedlimit
2026-09-10T17:49+02:00,A16,r,24.32,2,speedlimit
2026-09-10T17:49+02:00,A4,m,35.13,2,speedlimit
2026-09-10T17:49+02:00,A16,R,30.05,2,speedlimit
2026-09-10T17:49+02:00,A16,L,14.32,1,speedlimit
2026-09-10T17:49+02:00,A4,R,10.16,1,speedlimit
2026-09-10T17:49+02:00,A4,L,62.135,1,speedlimit
2026-09-10T17:49+02:00,A29,R,9.5,1,speedlimit
2026-09-10T17:49+02:00,A16,L,68.535,2,speedlimit
2026-09-10T17:49+02:00,A16,x,21.0,3,speedlimit
2026-09-10T17:49+02:00,A16,R,26.96,1,speedlimit
2026-09-10T17:49+02:00,A13,L,15.9,3,lane_closed
2026-09-10T17:49+02:00,A20,R,43.32,2,speedlimit
2026-09-10T17:49+02:00,A15,m,95.3,3,speedlimit
2026-09-10T17:49+02:00,A16,L,30.2,2,speedlimit
2026-09-10T17:49+02:00,A4,L,63.19,2,speedlimit
2026-09-10T17:49+02:00,A15,h,61.01,2,speedlimit
2026-09-10T17:49+02:00,A16,x,21.5,2,speedlimit
2026-09-10T17:49+02:00,A15,n,61.39,1,speedlimit
2026-09-10T17:49+02:00,A16,x,24.905,3,speedlimit
2026-09-10T17:49+02:00,A15,y,62.82,2,speedlimit
2026-09-10T17:49+02:00,A4,R,28.58,3,speedlimit
2026-09-10T17:49+02:00,A4,L,7.841,2,speedlimit
2026-09-10T17:49+02:00,A15,L,47.07,3,speedlimit
2026-09-10T17:49+02:00,A16,R,28.315,4,speedlimit
2026-09-10T17:49+02:00,A38,p,21.25,1,speedlimit
2026-09-10T17:49+02:00,A13,R,16.2,1,speedlimit
2026-09-10T17:49+02:00,A4,R,36.49,2,speedlimit
2026-09-10T17:49+02:00,A15,y,63.3,2,speedlimit
2026-09-10T17:49+02:00,A20,L,37.8,2,speedlimit
2026-09-10T17:49+02:00,A15,R,80.1,1,speedlimit
2026-09-10T17:49+02:00,A13,R,18.5,2,speedlimit
2026-09-10T17:49+02:00,A16,L,36.07,1,speedlimit
2026-09-10T17:49+02:00,A16,R,26.075,5,speedlimit
2026-09-10T17:49+02:00,A20,L,30.196,1,speedlimit
2026-09-10T17:49+02:00,A15,g,63.241,2,speedlimit
2026-09-10T17:49+02:00,A15,k,69.8,1,speedlimit
2026-09-10T17:49+02:00,A4,L,61.825,4,speedlimit
2026-09-10T17:49+02:00,A4,R,51.388,3,speedlimit
2026-09-10T17:49+02:00,A16,R,19.862,2,speedlimit
2026-09-10T17:49+02:00,A4,L,44.01,2,speedlimit
2026-09-10T17:49+02:00,A16,R,21.9,2,speedlimit
2026-09-10T17:49+02:00,A13,L,12.0,3,speedlimit
2026-09-10T17:49+02:00,A20,R,27.79,1,speedlimit
2026-09-10T17:49+02:00,A15,R,82.4,1,speedlimit
2026-09-10T17:49+02:00,A16,R,43.145,3,speedlimit
2026-09-10T17:49+02:00,A20,L,29.826,1,speedlimit
2026-09-10T17:49+02:00,A16,L,27.6,1,speedlimit
2026-09-10T17:49+02:00,A4,R,52.598,4,speedlimit
2026-09-10T17:49+02:00,A15,R,84.475,1,speedlimit
2026-09-10T17:49+02:00,A15,L,46.469,2,speedlimit
2026-09-10T17:49+02:00,A15,g,59.375,2,speedlimit
2026-09-10T17:49+02:00,A16,x,21.9,1,speedlimit
2026-09-10T17:49+02:00,A15,m,62.454,1,speedlimit
2026-09-10T17:49+02:00,A15,m,61.995,1,speedlimit
2026-09-10T17:49+02:00,A4,R,10.743,4,speedlimit
2026-09-10T17:49+02:00,A16,x,24.905,1,speedlimit
2026-09-10T17:49+02:00,A15,L,45.86,4,speedlimit
2026-09-10T17:49+02:00,A4,L,61.98,1,speedlimit
2026-09-10T17:49+02:00,A4,L,62.6,3,speedlimit
2026-09-10T17:49+02:00,A16,R,66.52,1,speedlimit
2026-09-10T17:49+02:00,A13,L,11.25,2,speedlimit
2026-09-10T17:49+02:00,A4,R,31.135,3,speedlimit
2026-09-10T17:49+02:00,A29,R,13.605,2,speedlimit
2026-09-10T17:49+02:00,A16,R,26.45,1,speedlimit
2026-09-10T17:49+02:00,A16,R,26.075,3,speedlimit
2026-09-10T17:49+02:00,A16,R,30.05,4,speedlimit
2026-09-10T17:49+02:00,A20,R,28.41,2,speedlimit
2026-09-10T17:49+02:00,A16,x,21.5,1,speedlimit
2026-09-10T17:49+02:00,A16,L,17.299,1,speedlimit
2026-09-10T17:49+02:00,A4,L,62.135,2,speedlimit
2026-09-10T17:49+02:00,A20,L,33.85,2,speedlimit
2026-09-10T17:49+02:00,A16,R,29.28,4,speedlimit
2026-09-10T17:49+02:00,A4,L,42.775,3,speedlimit
2026-09-10T17:49+02:00,A15,R,84.01,2,speedlimit
2026-09-10T17:49+02:00,A16,L,25.682,4,speedlimit
2026-09-10T17:49+02:00,A15,y,62.82,3,speedlimit
2026-09-10T17:49+02:00,A4,R,52.598,5,speedlimit
2026-09-10T17:49+02:00,A16,L,23.535,2,speedlimit
2026-09-10T17:49+02:00,A16,R,28.315,6,speedlimit
2026-09-10T17:49+02:00,A20,L,48.2,2,speedlimit
2026-09-10T17:49+02:00,A20,L,40.2,2,speedlimit
2026-09-10T17:49+02:00,A20,R,39.515,1,speedlimit
2026-09-10T17:49+02:00,A20,R,29.1,1,speedlimit
2026-09-10T17:49+02:00,A4,R,31.905,1,speedlimit
2026-09-10T17:49+02:00,A29,R,13.44,1,speedlimit
2026-09-10T17:49+02:00,A4,L,0.86,2,speedlimit
2026-09-10T17:49+02:00,A13,R,17.8,1,speedlimit
2026-09-10T17:49+02:00,A20,R,28.41,1,speedlimit
2026-09-10T17:49+02:00,A20,L,33.36,1,speedlimit
2026-09-10T17:49+02:00,A29,R,13.9,2,speedlimit
2026-09-10T17:49+02:00,A16,L,26.48,3,speedlimit
2026-09-10T17:49+02:00,A20,R,31.9,2,speedlimit
2026-09-10T17:49+02:00,A29,R,11.625,2,speedlimit
2026-09-10T17:49+02:00,A16,R,22.4,3,speedlimit
2026-09-10T17:49+02:00,A29,R,11.625,4,speedlimit
2026-09-10T17:49+02:00,A16,R,26.45,3,speedlimit
2026-09-10T17:49+02:00,A15,R,61.63,5,speedlimit
2026-09-10T17:49+02:00,A20,L,31.1,3,speedlimit
2026-09-10T17:49+02:00,A38,w,20.55,1,speedlimit
2026-09-10T17:49+02:00,A4,R,43.385,5,speedlimit
2026-09-10T17:49+02:00,A16,L,41.96,1,speedlimit
2026-09-10T17:49+02:00,A4,R,11.286,4,speedlimit
2026-09-10T17:49+02:00,A29,R,9.5,2,speedlimit
2026-09-10T17:49+02:00,A29,R,9.83,3,speedlimit
2026-09-10T17:49+02:00,A4,L,63.19,1,speedlimit
2026-09-10T17:49+02:00,A13,L,12.0,2,speedlimit
2026-09-10T17:49+02:00,A16,L,15.73,2,speedlimit
2026-09-10T17:49+02:00,A4,m,49.33,1,speedlimit
2026-09-10T17:49+02:00,A16,y,23.9,2,speedlimit
2026-09-10T17:49+02:00,A4,L,36.73,1,speedlimit
2026-09-10T17:49+02:00,A20,R,27.488,2,speedlimit
2026-09-10T17:49+02:00,A20,t,28.895,1,speedlimit
2026-09-10T17:49+02:00,A16,R,26.96,3,speedlimit
2026-09-10T17:49+02:00,A16,L,37.6,3,speedlimit
2026-09-10T17:49+02:00,A20,L,32.8,1,speedlimit
2026-09-10T17:49+02:00,A16,r,23.918,3,speedlimit
2026-09-10T17:49+02:00,A15,L,47.332,3,speedlimit
2026-09-10T17:49+02:00,A16,L,16.48,3,speedlimit
2026-09-10T17:49+02:00,A16,L,17.748,3,speedlimit
2026-09-10T17:49+02:00,A15,e,60.14,2,speedlimit
2026-09-10T17:49+02:00,A4,L,45.75,3,speedlimit
2026-09-10T17:49+02:00,A20,R,28.8,2,speedlimit
2026-09-10T17:49+02:00,A16,x,19.3,2,speedlimit
2026-09-10T17:49+02:00,A4,m,49.33,3,speedlimit
2026-09-10T17:49+02:00,A16,L,26.99,3,speedlimit
2026-09-10T17:49+02:00,A4,R,11.286,3,speedlimit
2026-09-10T17:49+02:00,A4,R,30.1,3,speedlimit
2026-09-10T17:49+02:00,A4,L,49.37,3,speedlimit
2026-09-10T17:49+02:00,A16,L,24.03,2,speedlimit
2026-09-10T17:49+02:00,A16,R,19.3,3,speedlimit
2026-09-10T17:49+02:00,A15,R,86.3,1,speedlimit
2026-09-10T17:49+02:00,A16,R,40.4,3,speedlimit
2026-09-10T17:49+02:00,A20,L,31.1,1,speedlimit
2026-09-10T17:49+02:00,A15,m,63.352,2,speedlimit
2026-09-10T17:49+02:00,A13,L,16.19,3,lane_closed
2026-09-10T17:49+02:00,A20,L,33.85,3,speedlimit
2026-09-10T17:49+02:00,A13,L,15.035,5,lane_closed
2026-09-10T17:49+02:00,A16,R,32.76,2,speedlimit
2026-09-10T17:49+02:00,A16,L,16.48,2,speedlimit
2026-09-10T17:49+02:00,A16,R,32.518,3,speedlimit
2026-09-10T17:49+02:00,A4,R,52.018,2,speedlimit
2026-09-10T17:49+02:00,A4,R,49.33,3,speedlimit
2026-09-10T17:49+02:00,A20,u,23.853,2,speedlimit
2026-09-10T17:49+02:00,A4,L,45.28,3,speedlimit
2026-09-10T17:49+02:00,A20,L,27.8,1,speedlimit
2026-09-10T17:49+02:00,A16,L,39.875,1,speedlimit
2026-09-10T17:49+02:00,A16,R,29.28,3,speedlimit
2026-09-10T17:49+02:00,A16,L,14.32,2,speedlimit
2026-09-10T17:49+02:00,A16,R,32.933,2,speedlimit
2026-09-10T17:49+02:00,A16,L,39.25,1,speedlimit
2026-09-10T17:49+02:00,A20,R,23.0,2,speedlimit
2026-09-10T17:49+02:00,A15,L,47.332,2,speedlimit
2026-09-10T17:49+02:00,A20,R,29.1,2,speedlimit
2026-09-10T17:49+02:00,A16,R,28.78,1,speedlimit
2026-09-10T17:49+02:00,A15,m,63.682,1,speedlimit
2026-09-10T17:49+02:00,A13,g,18.7,1,speedlimit
2026-09-10T17:49+02:00,A4,L,46.27,3,speedlimit
2026-09-10T17:49+02:00,A4,L,61.825,3,speedlimit
2026-09-10T17:49+02:00,A15,m,62.998,2,speedlimit
2026-09-10T17:49+02:00,A20,R,28.57,2,speedlimit
2026-09-10T17:49+02:00,A16,R,51.08,1,speedlimit
2026-09-10T17:49+02:00,A20,R,40.985,2,speedlimit
2026-09-10T17:49+02:00,A4,L,44.62,2,speedlimit
2026-09-10T17:49+02:00,A20,R,26.64,2,speedlimit
2026-09-10T17:49+02:00,A4,L,41.6,1,speedlimit
2026-09-10T17:49+02:00,A4,L,0.493,3,speedlimit
2026-09-10T17:49+02:00,A15,L,46.864,3,speedlimit
2026-09-10T17:49+02:00,A15,L,64.2,3,speedlimit
2026-09-10T17:49+02:00,A20,L,29.1,1,speedlimit
2026-09-10T17:49+02:00,A16,L,39.875,2,speedlimit
2026-09-10T17:49+02:00,A4,R,33.17,1,speedlimit
2026-09-10T17:49+02:00,A4,L,71.041,5,speedlimit
2026-09-10T17:49+02:00,A16,L,37.6,2,speedlimit
2026-09-10T17:49+02:00,A16,L,41.53,2,speedlimit
2026-09-10T17:49+02:00,A13,L,18.2,1,speedlimit
2026-09-10T17:49+02:00,A13,L,11.77,5,speedlimit
2026-09-10T17:49+02:00,A4,R,29.44,3,speedlimit
2026-09-10T17:49+02:00,A16,L,25.682,2,speedlimit
2026-09-10T17:49+02:00,A4,L,1.156,5,speedlimit
2026-09-10T17:49+02:00,A16,L,29.37,5,speedlimit
2026-09-10T17:49+02:00,A15,L,64.67,2,speedlimit
2026-09-10T17:49+02:00,A13,L,11.77,1,speedlimit
2026-09-10T17:49+02:00,A13,L,12.7,4,lane_closed
2026-09-10T17:49+02:00,A16,L,26.99,4,speedlimit
2026-09-10T17:49+02:00,A20,L,31.88,2,speedlimit
2026-09-10T17:49+02:00,A4,L,71.376,2,speedlimit
2026-09-10T17:49+02:00,A4,R,49.84,1,speedlimit
2026-09-10T17:49+02:00,A20,s,23.26,1,speedlimit
2026-09-10T17:49+02:00,A4,R,32.85,5,speedlimit
2026-09-10T17:49+02:00,A16,y,17.748,2,speedlimit
2026-09-10T17:49+02:00,A20,u,23.65,1,speedlimit
2026-09-10T17:49+02:00,A20,R,22.735,3,speedlimit
2026-09-10T17:49+02:00,A16,R,20.5,2,speedlimit
2026-09-10T17:49+02:00,A16,R,32.933,3,speedlimit
2026-09-10T17:49+02:00,A16,x,20.5,3,speedlimit
2026-09-10T17:49+02:00,A20,L,28.085,2,speedlimit
2026-09-10T17:49+02:00,A38,p,21.25,2,speedlimit
2026-09-10T17:49+02:00,A4,R,43.975,2,speedlimit
2026-09-10T17:49+02:00,A4,R,34.3,2,speedlimit
2026-09-10T17:49+02:00,A4,R,29.02,2,speedlimit
2026-09-10T17:49+02:00,A4,L,61.69,4,speedlimit
2026-09-10T17:49+02:00,A4,L,47.51,3,speedlimit
2026-09-10T17:49+02:00,A16,R,41.53,1,speedlimit
2026-09-10T17:49+02:00,A16,L,15.16,2,speedlimit
2026-09-10T17:49+02:00,A16,m,39.675,2,speedlimit
2026-09-10T17:49+02:00,A15,R,82.4,2,speedlimit
2026-09-10T17:49+02:00,A4,m,35.8,2,speedlimit
2026-09-10T17:49+02:00,A16,R,17.036,1,speedlimit
2026-09-10T17:49+02:00,A20,R,30.6,3,speedlimit
2026-09-10T17:49+02:00,A4,m,33.17,2,speedlimit
2026-09-10T17:49+02:00,A15,m,58.65,3,speedlimit
2026-09-10T17:49+02:00,A20,R,38.3,2,speedlimit
2026-09-10T17:49+02:00,A15,m,95.3,2,speedlimit
2026-09-10T17:49+02:00,A16,L,25.232,3,speedlimit
2026-09-10T17:49+02:00,A16,R,66.52,4,speedlimit
2026-09-10T17:49+02:00,A20,R,43.32,1,speedlimit
2026-09-10T17:49+02:00,A4,R,31.135,2,speedlimit
2026-09-10T17:49+02:00,A4,R,48.79,3,speedlimit
2026-09-10T17:49+02:00,A20,R,29.8,2,speedlimit
2026-09-10T17:49+02:00,A16,L,42.61,3,speedlimit
2026-09-10T17:49+02:00,A4,L,62.755,4,speedlimit
2026-09-10T17:49+02:00,A4,L,71.041,3,speedlimit
2026-09-10T17:49+02:00,A4,L,62.885,4,speedlimit
2026-09-10T17:49+02:00,A4,R,52.018,4,speedlimit
2026-09-10T17:49+02:00,A16,y,17.748,1,speedlimit
2026-09-10T17:49+02:00,A15,L,64.2,1,lane_closed
2026-09-10T17:49+02:00,A20,R,27.235,2,speedlimit
2026-09-10T17:49+02:00,A20,R,38.3,3,speedlimit
2026-09-10T17:49+02:00,A16,p,27.2,1,speedlimit
2026-09-10T17:49+02:00,A29,R,11.3,3,speedlimit
2026-09-10T17:49+02:00,A16,L,26.48,4,speedlimit
2026-09-10T17:49+02:00,A13,L,10.7,2,speedlimit
2026-09-10T17:49+02:00,A16,R,52.44,4,speedlimit
2026-09-10T17:49+02:00,A13,R,18.2,1,speedlimit
2026-09-10T17:49+02:00,A16,r,23.918,1,speedlimit
2026-09-10T17:49+02:00,A16,R,66.52,3,speedlimit
2026-09-10T17:49+02:00,A29,R,13.44,2,speedlimit
2026-09-10T17:49+02:00,A16,R,31.25,2,speedlimit
2026-09-10T17:49+02:00,A4,L,62.135,4,speedlimit
2026-09-10T17:49+02:00,A20,R,40.2,1,speedlimit
2026-09-10T17:49+02:00,A15,L,65.25,1,lane_closed_ahead
2026-09-10T17:49+02:00,A16,L,36.99,1,speedlimit
2026-09-10T17:49+02:00,A29,R,12.5,1,speedlimit
2026-09-10T17:49+02:00,A29,R,13.9,3,speedlimit
2026-09-10T17:49+02:00,A29,R,13.75,2,speedlimit
2026-09-10T17:49+02:00,A4,L,36.36,3,speedlimit
2026-09-10T17:49+02:00,A15,e,95.55,1,speedlimit
2026-09-10T17:49+02:00,A4,L,70.215,1,speedlimit
2026-09-10T17:49+02:00,A13,e,19.1,1,speedlimit
2026-09-10T17:49+02:00,A16,R,28.78,4,speedlimit
2026-09-10T17:49+02:00,A16,p,25.01,1,speedlimit
2026-09-10T17:49+02:00,A16,L,14.46,1,speedlimit
2026-09-10T17:49+02:00,A13,L,12.0,4,speedlimit
2026-09-10T17:49+02:00,A29,R,9.83,2,speedlimit
2026-09-10T17:49+02:00,A20,L,47.5,1,speedlimit
2026-09-10T17:49+02:00,A4,L,58.82,2,speedlimit
2026-09-10T17:49+02:00,A38,R,20.05,2,speedlimit
2026-09-10T17:49+02:00,A16,R,66.81,4,speedlimit
2026-09-10T17:49+02:00,A13,L,10.7,1,speedlimit
2026-09-10T17:49+02:00,A4,L,8.14,1,speedlimit
2026-09-10T17:49+02:00,A4,R,28.58,1,speedlimit
2026-09-10T17:49+02:00,A16,L,42.61,1,speedlimit
2026-09-10T17:49+02:00,A13,L,17.8,3,speedlimit
2026-09-10T17:49+02:00,A4,L,51.458,2,speedlimit
2026-09-10T17:49+02:00,A4,m,35.8,3,speedlimit
2026-09-10T17:49+02:00,A20,R,22.735,5,speedlimit
2026-09-10T17:49+02:00,A16,R,31.74,1,speedlimit
2026-09-10T17:49+02:00,A13,L,9.9,4,speedlimit
2026-09-10T17:49+02:00,A4,L,41.6,2,speedlimit
2026-09-10T17:49+02:00,A16,L,29.37,1,speedlimit
2026-09-10T17:49+02:00,A20,R,31.26,1,speedlimit
2026-09-10T17:49+02:00,A16,x,18.543,2,speedlimit
2026-09-10T17:49+02:00,A16,x,17.813,2,speedlimit
2026-09-10T17:49+02:00,A4,L,7.526,1,speedlimit
2026-09-10T17:49+02:00,A20,L,45.61,1,speedlimit
2026-09-10T17:49+02:00,A16,R,21.5,3,speedlimit
2026-09-10T17:49+02:00,A16,L,16.48,4,speedlimit
2026-09-10T17:49+02:00,A16,L,41.53,3,speedlimit
2026-09-10T17:49+02:00,A16,x,21.0,1,speedlimit
2026-09-10T17:49+02:00,A16,y,24.3,2,speedlimit
2026-09-10T17:49+02:00,A4,L,42.775,1,speedlimit
2026-09-10T17:49+02:00,A4,L,7.841,1,speedlimit
2026-09-10T17:49+02:00,A4,L,62.468,2,speedlimit
2026-09-10T17:49+02:00,A15,L,47.332,1,speedlimit
2026-09-10T17:49+02:00,A20,R,42.0,2,speedlimit
2026-09-10T17:49+02:00,A20,R,40.985,3,speedlimit
2026-09-10T17:49+02:00,A13,L,9.9,2,speedlimit
2026-09-10T17:49+02:00,A16,L,16.935,3,speedlimit
2026-09-10T17:49+02:00,A16,R,41.53,3,speedlimit
2026-09-10T17:49+02:00,A4,R,10.743,2,speedlimit
2026-09-10T17:49+02:00,A4,L,71.726,2,speedlimit
2026-09-10T17:49+02:00,A20,R,41.6,3,speedlimit
2026-09-10T17:49+02:00,A20,L,40.985,3,speedlimit
2026-09-10T17:49+02:00,A15,L,70.95,1,speedlimit
2026-09-10T17:49+02:00,A13,L,11.25,3,speedlimit
2026-09-10T17:49+02:00,A16,R,30.71,3,speedlimit
2026-09-10T17:49+02:00,A20,L,29.826,3,speedlimit
2026-09-10T17:49+02:00,A15,L,46.614,3,speedlimit
2026-09-10T17:49+02:00,A16,R,30.71,1,speedlimit
2026-09-10T17:49+02:00,A20,L,37.8,3,speedlimit
2026-09-10T17:49+02:00,A4,L,58.82,3,speedlimit
2026-09-10T17:49+02:00,A4,L,42.19,2,speedlimit
2026-09-10T17:49+02:00,A15,m,61.995,2,speedlimit
2026-09-10T17:49+02:00,A16,R,19.3,1,speedlimit
2026-09-10T17:49+02:00,A20,u,23.853,3,speedlimit
2026-09-10T17:49+02:00,A4,L,36.23,3,speedlimit
2026-09-10T17:49+02:00,A16,x,18.9,4,speedlimit
2026-09-10T17:49+02:00,A20,L,29.5,1,speedlimit
2026-09-10T17:49+02:00,A20,R,28.8,3,speedlimit
2026-09-10T17:49+02:00,A20,R,29.5,1,speedlimit
2026-09-10T17:49+02:00,A16,R,28.315,2,speedlimit
2026-09-10T17:49+02:00,A20,L,33.36,3,speedlimit
2026-09-10T17:49+02:00,A16,R,22.4,5,speedlimit
2026-09-10T17:49+02:00,A20,R,41.6,1,speedlimit
2026-09-10T17:49+02:00,A38,p,20.55,1,speedlimit
2026-09-10T17:49+02:00,A16,R,20.2,2,speedlimit
2026-09-10T17:49+02:00,A15,L,46.469,1,speedlimit
2026-09-10T17:49+02:00,A4,n,71.376,3,speedlimit
2026-09-10T17:49+02:00,A16,R,17.759,1,speedlimit
2026-09-10T17:49+02:00,A4,R,45.28,3,speedlimit
2026-09-10T17:49+02:00,A4,L,1.156,1,speedlimit
2026-09-10T17:49+02:00,A20,L,39.515,3,speedlimit
2026-09-10T17:49+02:00,A20,u,23.65,3,speedlimit
2026-09-10T17:49+02:00,A4,R,31.135,1,speedlimit
2026-09-10T17:49+02:00,A4,L,57.975,3,speedlimit
2026-09-10T17:49+02:00,A4,L,47.51,2,speedlimit
2026-09-10T17:49+02:00,A29,R,13.18,1,speedlimit
2026-09-10T17:49+02:00,A15,L,46.17,2,speedlimit
2026-09-10T17:49+02:00,A13,L,11.25,4,lane_closed
2026-09-10T17:49+02:00,A4,R,44.56,2,speedlimit
2026-09-10T17:49+02:00,A20,R,40.985,1,speedlimit
2026-09-10T17:49+02:00,A4,R,45.98,2,speedlimit
2026-09-10T17:49+02:00,A20,L,30.9,1,speedlimit
2026-09-10T17:49+02:00,A4,R,10.743,1,speedlimit
2026-09-10T17:49+02:00,A15,g,59.55,3,speedlimit
2026-09-10T17:49+02:00,A16,L,38.73,2,speedlimit
2026-09-10T17:49+02:00,A16,R,16.6,3,speedlimit
2026-09-10T17:49+02:00,A16,R,32.518,2,speedlimit
2026-09-10T17:49+02:00,A13,R,18.2,4,speedlimit
2026-09-10T17:49+02:00,A16,R,32.22,4,speedlimit
2026-09-10T17:49+02:00,A16,L,17.299,5,speedlimit
2026-09-10T17:49+02:00,A4,R,43.085,4,speedlimit
2026-09-10T17:49+02:00,A4,R,34.8,2,speedlimit
2026-09-10T17:49+02:00,A13,L,10.3,1,speedlimit
2026-09-10T17:49+02:00,A29,R,13.75,1,speedlimit
2026-09-10T17:49+02:00,A16,R,26.96,4,speedlimit
2026-09-10T17:49+02:00,A38,p,20.55,2,speedlimit
2026-09-10T17:49+02:00,A20,R,38.91,2,speedlimit
2026-09-10T17:49+02:00,A16,L,36.07,3,speedlimit
2026-09-10T17:49+02:00,A4,R,52.018,3,speedlimit
2026-09-10T17:49+02:00,A4,L,45.75,1,speedlimit
2026-09-10T17:49+02:00,A4,L,70.611,1,speedlimit
2026-09-10T17:49+02:00,A15,L,46.864,2,speedlimit
2026-09-10T17:49+02:00,A13,R,18.7,1,speedlimit
2026-09-10T17:49+02:00,A15,L,64.67,5,speedlimit
2026-09-10T17:49+02:00,A4,m,35.8,1,speedlimit
2026-09-10T17:49+02:00,A16,R,30.05,3,speedlimit
2026-09-10T17:49+02:00,A4,L,50.798,2,speedlimit
2026-09-10T17:49+02:00,A15,n,95.855,1,speedlimit
2026-09-10T17:49+02:00,A15,R,84.01,1,speedlimit
2026-09-10T17:49+02:00,A15,R,85.262,1,speedlimit
2026-09-10T17:49+02:00,A20,c,27.488,1,speedlimit
2026-09-10T17:49+02:00,A20,R,31.9,3,speedlimit
2026-09-10T17:49+02:00,A15,R,84.475,2,speedlimit
2026-09-10T17:49+02:00,A15,m,62.708,2,speedlimit
2026-09-10T17:49+02:00,A15,R,83.1,3,speedlimit
2026-09-10T17:49+02:00,A16,x,18.9,2,speedlimit
2026-09-10T17:49+02:00,A13,R,16.655,3,speedlimit
2026-09-10T17:49+02:00,A16,L,26.99,2,speedlimit
2026-09-10T17:49+02:00,A16,R,18.229,1,speedlimit
2026-09-10T17:49+02:00,A15,m,94.725,2,speedlimit
2026-09-10T17:49+02:00,A15,h,59.61,1,speedlimit
2026-09-10T17:49+02:00,A4,L,50.253,3,speedlimit
2026-09-10T17:49+02:00,A15,y,62.82,1,speedlimit
2026-09-10T17:49+02:00,A4,m,36.47,2,speedlimit
2026-09-10T17:49+02:00,A15,g,59.375,1,speedlimit
2026-09-10T17:49+02:00,A20,L,29.1,2,speedlimit
2026-09-10T17:49+02:00,A16,R,32.76,1,speedlimit
2026-09-10T17:49+02:00,A4,L,1.156,3,speedlimit
2026-09-10T17:49+02:00,A15,L,63.56,1,lane_closed
2026-09-10T17:49+02:00,A16,y,23.075,3,speedlimit
2026-09-10T17:49+02:00,A20,R,29.8,3,speedlimit
2026-09-10T17:49+02:00,A13,L,18.2,2,speedlimit
2026-09-10T17:49+02:00,A20,R,26.4,3,speedlimit
2026-09-10T17:49+02:00,A16,R,27.695,1,speedlimit
2026-09-10T17:49+02:00,A38,L,21.058,2,speedlimit
2026-09-10T17:49+02:00,A16,R,16.6,1,speedlimit
2026-09-10T17:49+02:00,A16,p,27.6,1,speedlimit
2026-09-10T17:49+02:00,A15,m,58.65,1,speedlimit
2026-09-10T17:49+02:00,A4,L,50.253,2,speedlimit
2026-09-10T17:49+02:00,A4,L,61.69,3,speedlimit
2026-09-10T17:49+02:00,A20,R,26.93,1,speedlimit
2026-09-10T17:49+02:00,A16,R,17.759,3,speedlimit
2026-09-10T17:49+02:00,A15,R,61.63,2,speedlimit
2026-09-10T17:49+02:00,A4,L,62.468,3,speedlimit
2026-09-10T17:49+02:00,A4,R,34.8,1,speedlimit
2026-09-10T17:49+02:00,A15,y,62.635,1,speedlimit
2026-09-10T17:49+02:00,A20,R,26.4,2,speedlimit
2026-09-10T17:49+02:00,A4,L,61.555,4,speedlimit
2026-09-10T17:49+02:00,A15,L,45.61,4,speedlimit
2026-09-10T17:49+02:00,A29,R,11.95,3,speedlimit
2026-09-10T17:49+02:00,A4,L,0.493,2,speedlimit
2026-09-10T17:49+02:00,A4,R,32.4,1,speedlimit
2026-09-10T17:49+02:00,A15,L,63.56,3,speedlimit
2026-09-10T17:49+02:00,A20,L,27.488,2,speedlimit
2026-09-10T17:49+02:00,A16,R,42.61,3,speedlimit
2026-09-10T17:49+02:00,A15,n,61.78,1,speedlimit
2026-09-10T17:49+02:00,A20,L,30.196,3,speedlimit
2026-09-10T17:49+02:00,A4,L,50.798,1,speedlimit
2026-09-10T17:49+02:00,A4,h,46.06,1,speedlimit
2026-09-10T17:49+02:00,A20,R,23.0,5,speedlimit
2026-09-10T17:49+02:00,A4,L,42.19,1,speedlimit
2026-09-10T17:49+02:00,A16,g,67.5,2,speedlimit
2026-09-10T17:49+02:00,A4,L,62.6,2,speedlimit
2026-09-10T17:49+02:00,A20,R,23.0,1,speedlimit
2026-09-10T17:49+02:00,A16,R,22.4,4,speedlimit
2026-09-10T17:49+02:00,A15,m,61.995,4,speedlimit
2026-09-10T17:49+02:00,A20,L,28.41,1,speedlimit
2026-09-10T17:49+02:00,A16,L,37.6,1,speedlimit
2026-09-10T17:49+02:00,A13,L,13.18,4,lane_closed
2026-09-10T17:49+02:00,A4,L,61.825,1,speedlimit
2026-09-10T17:49+02:00,A16,m,40.39,3,speedlimit
2026-09-10T17:49+02:00,A16,R,41.96,1,speedlimit
2026-09-10T17:49+02:00,A13,L,17.8,2,speedlimit
2026-09-10T17:49+02:00,A16,R,27.48,3,speedlimit
2026-09-10T17:49+02:00,A16,R,17.036,2,speedlimit
2026-09-10T17:49+02:00,A15,m,62.998,1,speedlimit
2026-09-10T17:49+02:00,A4,m,36.47,1,speedlimit
2026-09-10T17:49+02:00,A15,L,46.469,3,speedlimit
2026-09-10T17:49+02:00,A20,L,46.045,2,speedlimit
2026-09-10T17:49+02:00,A29,R,10.1,1,speedlimit
2026-09-10T17:49+02:00,A16,R,28.78,3,speedlimit
2026-09-10T17:49+02:00,A16,R,30.71,2,speedlimit
2026-09-10T17:49+02:00,A20,L,33.85,1,speedlimit
2026-09-10T17:49+02:00,A13,L,11.77,4,speedlimit
2026-09-10T17:49+02:00,A4,L,61.555,3,speedlimit
2026-09-10T17:49+02:00,A16,L,26.48,1,speedlimit
2026-09-10T17:49+02:00,A20,R,28.57,1,speedlimit
2026-09-10T17:49+02:00,A20,R,25.3,3,speedlimit
2026-09-10T17:49+02:00,A13,L,11.77,3,speedlimit
2026-09-10T17:49+02:00,A20,R,30.196,4,speedlimit
2026-09-10T17:49+02:00,A4,R,31.905,3,speedlimit
2026-09-10T17:49+02:00,A4,L,51.458,3,speedlimit
2026-09-10T17:49+02:00,A4,R,32.85,2,speedlimit
2026-09-10T17:49+02:00,A4,m,35.48,1,speedlimit
2026-09-10T17:49+02:00,A4,m,35.48,3,speedlimit
2026-09-10T17:49+02:00,A16,L,15.16,1,speedlimit
2026-09-10T17:49+02:00,A4,L,61.825,2,speedlimit
2026-09-10T17:49+02:00,A4,R,10.16,2,speedlimit
2026-09-10T17:49+02:00,A15,m,63.682,2,speedlimit
2026-09-10T17:49+02:00,A4,m,33.17,1,speedlimit
2026-09-10T17:49+02:00,A16,R,51.84,2,speedlimit
2026-09-10T17:49+02:00,A20,R,42.485,3,speedlimit
2026-09-10T17:49+02:00,A16,R,41.53,2,speedlimit
2026-09-10T17:49+02:00,A16,R,16.6,2,speedlimit
2026-09-10T17:49+02:00,A16,R,17.463,3,speedlimit
2026-09-10T17:49+02:00,A16,L,23.535,3,speedlimit
2026-09-10T17:49+02:00,A16,R,27.48,5,speedlimit
2026-09-10T17:49+02:00,A4,L,49.84,2,speedlimit
2026-09-10T17:49+02:00,A20,t,29.6,2,speedlimit
2026-09-10T17:49+02:00,A20,R,37.8,1,speedlimit
2026-09-10T17:49+02:00,A15,R,86.3,2,speedlimit
2026-09-10T17:49+02:00,A16,L,17.748,2,speedlimit
2026-09-10T17:49+02:00,A20,L,38.3,1,speedlimit
2026-09-10T17:49+02:00,A15,L,46.356,1,speedlimit
2026-09-10T17:49+02:00,A4,L,61.98,4,speedlimit
2026-09-10T17:49+02:00,A16,R,43.145,1,speedlimit
2026-09-10T17:49+02:00,A16,L,16.48,5,speedlimit
2026-09-10T17:49+02:00,A16,y,23.9,3,speedlimit
2026-09-10T17:49+02:00,A29,R,11.3,4,speedlimit
2026-09-10T17:49+02:00,A4,R,45.28,2,speedlimit
2026-09-10T17:49+02:00,A15,L,64.67,4,speedlimit
2026-09-10T17:49+02:00,A15,R,84.87,2,speedlimit
2026-09-10T17:49+02:00,A20,L,47.5,2,speedlimit
2026-09-10T17:49+02:00,A20,R,42.485,1,speedlimit
2026-09-10T17:49+02:00,A16,L,36.99,2,speedlimit
2026-09-10T17:49+02:00,A15,L,65.685,1,speedlimit
2026-09-10T17:49+02:00,A29,R,13.44,3,speedlimit
2026-09-10T17:49+02:00,A16,x,21.0,2,speedlimit
2026-09-10T17:49+02:00,A16,R,51.08,2,speedlimit
2026-09-10T17:49+02:00,A15,R,79.73,2,speedlimit
2026-09-10T17:49+02:00,A4,R,11.286,1,speedlimit
2026-09-10T17:49+02:00,A16,R,22.4,2,speedlimit
2026-09-10T17:49+02:00,A15,L,64.67,1,lane_closed
2026-09-10T17:49+02:00,A16,R,51.84,1,speedlimit
2026-09-10T17:49+02:00,A4,L,57.975,2,speedlimit
2026-09-10T17:49+02:00,A13,L,10.3,2,speedlimit
2026-09-10T17:49+02:00,A4,R,30.1,2,speedlimit
2026-09-10T17:49+02:00,A4,R,28.58,2,speedlimit
2026-09-10T17:49+02:00,A16,m,40.845,1,speedlimit
2026-09-10T17:49+02:00,A15,m,94.725,1,speedlimit
2026-09-10T17:49+02:00,A4,L,63.0,3,speedlimit
2026-09-10T17:49+02:00,A4,R,43.085,3,speedlimit
2026-09-10T17:49+02:00,A4,L,63.19,3,speedlimit
2026-09-10T17:49+02:00,A16,R,31.74,3,speedlimit
2026-09-10T17:49+02:00,A38,L,21.058,1,speedlimit
2026-09-10T17:49+02:00,A16,L,68.535,1,speedlimit
2026-09-10T17:49+02:00,A20,R,26.93,2,speedlimit
2026-09-10T17:49+02:00,A15,R,84.475,3,speedlimit
2026-09-10T17:49+02:00,A16,R,42.24,1,speedlimit
2026-09-10T17:49+02:00,A20,L,30.9,3,speedlimit
2026-09-10T17:49+02:00,A13,L,18.8,3,speedlimit
2026-09-10T17:49+02:00,A4,L,46.27,4,speedlimit
2026-09-10T17:49+02:00,A20,L,46.045,1,speedlimit
2026-09-10T17:49+02:00,A13,L,10.3,4,speedlimit
2026-09-10T17:49+02:00,A20,L,37.8,1,speedlimit
2026-09-10T17:49+02:00,A20,R,28.8,1,speedlimit
2026-09-10T17:49+02:00,A4,L,61.555,1,speedlimit
2026-09-10T17:49+02:00,A16,R,40.4,2,speedlimit
2026-09-10T17:49+02:00,A16,R,26.075,4,speedlimit
2026-09-10T17:49+02:00,A4,L,36.36,1,speedlimit
2026-09-10T17:49+02:00,A16,b,32.5,1,speedlimit
2026-09-10T17:49+02:00,A4,L,57.05,2,speedlimit
2026-09-10T17:49+02:00,A15,L,70.95,4,speedlimit
2026-09-10T17:49+02:00,A16,L,68.535,3,speedlimit
2026-09-10T17:49+02:00,A4,L,71.376,1,speedlimit
2026-09-10T17:49+02:00,A16,L,16.48,1,speedlimit
2026-09-10T17:49+02:00,A4,L,42.19,3,speedlimit
2026-09-10T17:49+02:00,A20,u,23.65,2,speedlimit
2026-09-10T17:49+02:00,A4,R,49.33,1,speedlimit
2026-09-10T17:49+02:00,A4,R,30.76,3,speedlimit
2026-09-10T17:49+02:00,A15,L,45.86,3,speedlimit
2026-09-10T17:49+02:00,A16,R,16.6,5,speedlimit
2026-09-10T17:49+02:00,A13,L,18.8,1,speedlimit
2026-09-10T17:49+02:00,A4,h,46.4,2,speedlimit
2026-09-10T17:49+02:00,A4,R,44.56,3,speedlimit
2026-09-10T17:49+02:00,A15,R,83.55,1,speedlimit
2026-09-10T17:49+02:00,A20,L,39.515,2,speedlimit
2026-09-10T17:49+02:00,A15,L,46.758,1,speedlimit
2026-09-10T17:49+02:00,A13,R,16.2,2,speedlimit
2026-09-10T17:49+02:00,A16,L,15.73,1,speedlimit
2026-09-10T17:49+02:00,A16,L,29.37,3,speedlimit
2026-09-10T17:49+02:00,A4,L,72.061,1,speedlimit
2026-09-10T17:49+02:00,A16,R,40.93,2,speedlimit
2026-09-10T17:49+02:00,A29,R,11.95,1,speedlimit
2026-09-10T17:49+02:00,A16,L,14.768,1,speedlimit
2026-09-10T17:49+02:00,A4,R,33.8,2,speedlimit
2026-09-10T17:49+02:00,A16,L,26.05,3,speedlimit
2026-09-10T17:49+02:00,A4,R,52.598,1,speedlimit
2026-09-10T17:49+02:00,A4,L,45.28,2,speedlimit
2026-09-10T17:49+02:00,A20,L,31.4,3,speedlimit
2026-09-10T17:49+02:00,A16,R,31.25,3,speedlimit
2026-09-10T17:49+02:00,A4,L,57.05,1,speedlimit
2026-09-10T17:49+02:00,A20,R,40.2,2,speedlimit
2026-09-10T17:49+02:00,A16,R,22.4,1,speedlimit
2026-09-10T17:49+02:00,A4,R,29.02,1,speedlimit
2026-09-10T17:49+02:00,A16,R,17.036,3,speedlimit
2026-09-10T17:49+02:00,A16,L,27.6,2,speedlimit
2026-09-10T17:49+02:00,A16,L,14.768,3,speedlimit
2026-09-10T17:49+02:00,A20,L,30.196,4,lane_closed
2026-09-10T17:49+02:00,A4,L,37.53,2,speedlimit
2026-09-10T17:49+02:00,A16,m,39.675,3,speedlimit
2026-09-10T17:49+02:00,A13,L,3.82,1,speedlimit
2026-09-10T17:49+02:00,A20,L,48.2,1,speedlimit
2026-09-10T17:49+02:00,A4,R,43.385,3,speedlimit
2026-09-10T17:49+02:00,A4,L,44.01,1,speedlimit
2026-09-10T17:49+02:00,A16,L,24.82,2,speedlimit
2026-09-10T17:49+02:00,A16,R,17.759,2,speedlimit
2026-09-10T17:49+02:00,A4,n,71.376,1,speedlimit
2026-09-10T17:49+02:00,A4,L,51.458,1,speedlimit
2026-09-10T17:49+02:00,A13,R,18.2,2,speedlimit
2026-09-10T17:49+02:00,A15,n,61.78,2,speedlimit
2026-09-10T17:49+02:00,A13,L,12.0,5,speedlimit
2026-09-10T17:49+02:00,A13,L,10.3,3,speedlimit
2026-09-10T17:49+02:00,A16,x,18.543,3,speedlimit
2026-09-10T17:49+02:00,A4,R,10.16,3,speedlimit
2026-09-10T17:49+02:00,A13,L,17.8,1,speedlimit
2026-09-10T17:49+02:00,A20,L,40.2,1,speedlimit
2026-09-10T17:49+02:00,A16,L,38.73,3,speedlimit
2026-09-10T17:49+02:00,A20,R,29.8,1,speedlimit
2026-09-10T17:49+02:00,A29,R,12.5,2,speedlimit
2026-09-10T17:49+02:00,A20,R,31.26,2,speedlimit
2026-09-10T17:49+02:00,A4,L,50.253,4,speedlimit
2026-09-10T17:49+02:00,A4,R,43.385,1,speedlimit
2026-09-10T17:49+02:00,A15,m,58.46,1,speedlimit
2026-09-10T17:49+02:00,A16,R,20.5,1,speedlimit
2026-09-10T17:49+02:00,A16,R,19.862,3,speedlimit
2026-09-10T17:49+02:00,A4,L,62.885,1,speedlimit
2026-09-10T17:49+02:00,A16,R,26.96,2,speedlimit
2026-09-10T17:49+02:00,A20,R,25.7,1,speedlimit
2026-09-10T17:49+02:00,A20,L,38.91,1,speedlimit
2026-09-10T17:49+02:00,A15,m,59.11,3,speedlimit
2026-09-10T17:49+02:00,A16,L,39.25,2,speedlimit
2026-09-10T17:49+02:00,A16,L,25.682,1,speedlimit
2026-09-10T17:49+02:00,A15,R,80.89,1,speedlimit
2026-09-10T17:49+02:00,A20,R,39.515,3,speedlimit
2026-09-10T17:49+02:00,A4,L,72.061,2,speedlimit
2026-09-10T17:49+02:00,A4,L,57.975,1,speedlimit
2026-09-10T17:49+02:00,A16,R,21.9,3,speedlimit
2026-09-10T17:49+02:00,A4,R,29.02,3,speedlimit
2026-09-10T17:49+02:00,A15,y,62.635,2,speedlimit
2026-09-10T17:49+02:00,A16,L,14.768,2,speedlimit
2026-09-10T17:49+02:00,A4,R,46.65,1,speedlimit
2026-09-10T17:49+02:00,A4,L,61.98,2,speedlimit
2026-09-10T17:49+02:00,A20,R,31.26,3,speedlimit
2026-09-10T17:49+02:00,A20,L,46.4,2,speedlimit
2026-09-10T17:49+02:00,A4,L,41.6,3,speedlimit
2026-09-10T17:49+02:00,A15,L,70.95,2,speedlimit
2026-09-10T17:49+02:00,A20,R,26.64,3,speedlimit
2026-09-10T17:49+02:00,A20,R,26.64,4,speedlimit
2026-09-10T17:49+02:00,A4,R,30.1,1,speedlimit
2026-09-10T17:49+02:00,A20,R,38.91,1,speedlimit
2026-09-10T17:49+02:00,A16,L,41.96,2,speedlimit
2026-09-10T17:49+02:00,A4,L,62.468,1,speedlimit
2026-09-10T17:49+02:00,A20,R,26.4,1,speedlimit
2026-09-10T17:49+02:00,A13,R,17.1,1,speedlimit
2026-09-10T17:49+02:00,A15,k,70.5,1,speedlimit
2026-09-10T17:49+02:00,A4,L,37.53,4,speedlimit
2026-09-10T17:49+02:00,A16,m,40.39,1,speedlimit
2026-09-10T17:49+02:00,A4,R,47.51,2,speedlimit
2026-09-10T17:49+02:00,A16,L,17.299,2,speedlimit
2026-09-10T17:49+02:00,A15,R,82.1,1,speedlimit
2026-09-10T17:49+02:00,A15,R,80.6,3,speedlimit
2026-09-10T17:49+02:00,A15,R,82.1,2,speedlimit
2026-09-10T17:49+02:00,A20,R,29.5,3,speedlimit
2026-09-10T17:49+02:00,A16,R,26.075,2,speedlimit
2026-09-10T17:49+02:00,A16,R,27.695,2,speedlimit
2026-09-10T17:49+02:00,A20,L,47.0,2,speedlimit
2026-09-10T17:49+02:00,A16,L,24.82,4,speedlimit
2026-09-10T17:49+02:00,A20,R,37.8,3,speedlimit
2026-09-10T17:49+02:00,A29,R,12.865,3,speedlimit
2026-09-10T17:49+02:00,A20,L,47.8,2,speedlimit
2026-09-10T17:49+02:00,A16,x,24.905,2,speedlimit
2026-09-10T17:49+02:00,A16,x,20.5,2,speedlimit
2026-09-10T17:49+02:00,A16,R,32.76,3,speedlimit
2026-09-10T17:49+02:00,A16,R,30.71,4,speedlimit
2026-09-10T17:49+02:00,A13,L,13.7,4,lane_closed
2026-09-10T17:49+02:00,A15,L,63.56,2,speedlimit
2026-09-10T17:49+02:00,A20,L,47.0,1,speedlimit
2026-09-10T17:49+02:00,A20,R,41.6,2,speedlimit
2026-09-10T17:49+02:00,A13,L,3.82,2,speedlimit
2026-09-10T17:49+02:00,A13,L,14.2,4,lane_closed
2026-09-10T17:49+02:00,A15,L,45.86,1,speedlimit
2026-09-10T17:49+02:00,A4,L,0.493,1,speedlimit
2026-09-10T17:49+02:00,A4,h,46.4,1,speedlimit
2026-09-10T17:49+02:00,A15,R,83.1,1,speedlimit
2026-09-10T17:49+02:00,A16,R,31.74,2,speedlimit
2026-09-10T17:49+02:00,A16,L,42.61,2,speedlimit
2026-09-10T17:49+02:00,A4,R,52.598,3,speedlimit
2026-09-10T17:49+02:00,A16,L,26.99,1,speedlimit
2026-09-10T17:49+02:00,A4,L,47.51,1,speedlimit
2026-09-10T17:49+02:00,A4,L,44.62,3,speedlimit
2026-09-10T17:49+02:00,A20,L,40.985,2,speedlimit
2026-09-10T17:49+02:00,A16,R,40.93,3,speedlimit
2026-09-10T17:49+02:00,A4,R,49.84,3,speedlimit
2026-09-10T17:49+02:00,A20,t,29.6,1,speedlimit
2026-09-10T17:49+02:00,A4,L,70.611,5,speedlimit
2026-09-10T17:49+02:00,A4,L,62.755,3,speedlimit
2026-09-10T17:49+02:00,A4,R,11.286,5,speedlimit
2026-09-10T17:49+02:00,A16,r,23.918,4,speedlimit
2026-09-10T17:49+02:00,A16,L,36.99,3,speedlimit
2026-09-10T17:49+02:00,A4,L,62.755,2,speedlimit
2026-09-10T17:49+02:00,A15,L,65.685,4,speedlimit
2026-09-10T17:49+02:00,A20,R,23.27,1,speedlimit
2026-09-10T17:49+02:00,A16,L,25.682,3,speedlimit
2026-09-10T17:49+02:00,A20,R,29.8,4,speedlimit
2026-09-10T17:49+02:00,A15,g,59.55,1,speedlimit
2026-09-10T17:49+02:00,A20,L,40.2,3,speedlimit
2026-09-10T17:49+02:00,A16,r,23.65,1,speedlimit
2026-09-10T17:49+02:00,A4,R,46.35,4,speedlimit
2026-09-10T17:49+02:00,A4,L,8.14,3,speedlimit
2026-09-10T17:49+02:00,A20,L,46.4,1,speedlimit
2026-09-10T17:49+02:00,A4,m,43.975,1,speedlimit
2026-09-10T17:49+02:00,A4,L,36.36,2,speedlimit
2026-09-10T17:49+02:00,A13,R,18.7,2,speedlimit
2026-09-10T17:49+02:00,A4,L,49.37,2,speedlimit
2026-09-10T17:49+02:00,A16,y,23.535,3,speedlimit
2026-09-10T17:49+02:00,A4,R,30.76,2,speedlimit
2026-09-10T17:49+02:00,A20,R,27.488,1,speedlimit
2026-09-10T17:49+02:00,A15,L,46.614,2,speedlimit
2026-09-10T17:49+02:00,A16,R,51.08,3,speedlimit
2026-09-10T17:49+02:00,A29,R,10.94,1,speedlimit
2026-09-10T17:49+02:00,A4,R,32.85,1,speedlimit
2026-09-10T17:49+02:00,A4,L,47.51,4,speedlimit
2026-09-10T17:49+02:00,A15,n,61.39,2,speedlimit
2026-09-10T17:49+02:00,A15,m,59.11,1,speedlimit
2026-09-10T17:49+02:00,A16,R,42.24,4,speedlimit
2026-09-10T17:49+02:00,A16,L,14.46,2,speedlimit
2026-09-10T17:49+02:00,A20,R,29.5,2,speedlimit
2026-09-10T17:49+02:00,A29,R,10.94,2,speedlimit
2026-09-10T17:49+02:00,A20,L,27.2,2,speedlimit
2026-09-10T17:49+02:00,A16,R,32.518,1,speedlimit
2026-09-10T17:49+02:00,A4,R,35.48,2,speedlimit
2026-09-10T17:49+02:00,A16,R,16.6,4,speedlimit
2026-09-10T17:49+02:00,A29,R,12.865,1,speedlimit
2026-09-10T17:49+02:00,A4,R,43.975,1,speedlimit
2026-09-10T17:49+02:00,A13,R,18.963,1,speedlimit
2026-09-10T17:49+02:00,A4,n,71.771,1,speedlimit
2026-09-10T17:49+02:00,A29,R,11.3,1,speedlimit
2026-09-10T17:49+02:00,A15,n,62.25,1,speedlimit
2026-09-10T17:49+02:00,A13,L,17.1,1,speedlimit
2026-09-10T17:49+02:00,A4,R,33.17,3,speedlimit
2026-09-10T17:49+02:00,A15,R,61.63,3,speedlimit
2026-09-10T17:49+02:00,A16,R,31.25,1,speedlimit
2026-09-10T17:49+02:00,A20,L,31.88,3,speedlimit
2026-09-10T17:49+02:00,A20,L,45.61,2,speedlimit
2026-09-10T17:49+02:00,A20,R,23.27,3,speedlimit
2026-09-10T17:49+02:00,A16,R,66.81,1,speedlimit
2026-09-10T17:49+02:00,A13,L,11.77,2,speedlimit
2026-09-10T17:49+02:00,A13,L,12.7,2,speedlimit
2026-09-10T17:49+02:00,A4,L,47.05,1,speedlimit
2026-09-10T17:49+02:00,A16,L,16.935,4,speedlimit
2026-09-10T17:49+02:00,A13,L,17.1,4,speedlimit
2026-09-10T17:49+02:00,A4,L,42.775,4,speedlimit
2026-09-10T17:49+02:00,A16,R,27.48,1,speedlimit
2026-09-10T17:49+02:00,A4,R,52.018,1,speedlimit
2026-09-10T17:49+02:00,A16,r,24.32,1,speedlimit
2026-09-10T17:49+02:00,A13,R,16.655,2,speedlimit
2026-09-10T17:49+02:00,A15,R,82.1,3,speedlimit
2026-09-10T17:49+02:00,A13,L,15.55,5,lane_closed
2026-09-10T17:49+02:00,A16,y,23.075,2,speedlimit
2026-09-10T17:49+02:00,A4,m,45.146,3,speedlimit
2026-09-10T17:49+02:00,A4,R,51.388,1,speedlimit
2026-09-10T17:49+02:00,A16,L,24.03,1,speedlimit
2026-09-10T17:49+02:00,A4,L,61.98,3,speedlimit
2026-09-10T17:49+02:00,A4,L,47.05,2,speedlimit
2026-09-10T17:49+02:00,A4,L,62.3,3,speedlimit
2026-09-10T17:49+02:00,A15,L,47.07,1,speedlimit
2026-09-10T17:49+02:00,A16,R,52.44,3,speedlimit
2026-09-10T17:49+02:00,A15,R,85.78,1,speedlimit
2026-09-10T17:49+02:00,A16,y,24.3,1,speedlimit
2026-09-10T17:49+02:00,A15,m,58.65,2,speedlimit
2026-09-10T17:49+02:00,A4,m,44.85,1,speedlimit
2026-09-10T17:49+02:00,A16,x,21.5,3,speedlimit
2026-09-10T17:49+02:00,A16,R,27.48,4,speedlimit
2026-09-10T17:49+02:00,A16,d,15.73,1,speedlimit
2026-09-10T17:49+02:00,A16,L,30.2,3,speedlimit
2026-09-10T17:49+02:00,A4,m,44.85,2,speedlimit
2026-09-10T17:49+02:00,A16,R,42.61,1,speedlimit
2026-09-10T17:49+02:00,A29,R,13.605,3,speedlimit
2026-09-10T17:49+02:00,A15,L,45.61,5,speedlimit
2026-09-10T17:49+02:00,A16,L,26.99,5,speedlimit
2026-09-10T17:49+02:00,A4,L,37.53,1,speedlimit
2026-09-10T17:49+02:00,A15,L,46.17,3,speedlimit
2026-09-10T17:49+02:00,A4,R,46.35,3,speedlimit
2026-09-10T17:49+02:00,A4,L,50.253,1,speedlimit
2026-09-10T17:49+02:00,A29,R,13.18,2,speedlimit
2026-09-10T17:49+02:00,A16,L,17.299,3,speedlimit
2026-09-10T17:49+02:00,A4,R,52.598,2,speedlimit
2026-09-10T17:49+02:00,A4,L,61.555,2,speedlimit
2026-09-10T17:49+02:00,A13,L,3.52,3,speedlimit
2026-09-10T17:49+02:00,A20,L,32.8,3,speedlimit
2026-09-10T17:49+02:00,A38,p,21.25,3,speedlimit
2026-09-10T17:49+02:00,A15,R,61.63,6,speedlimit
2026-09-10T17:49+02:00,A16,L,17.299,4,speedlimit
2026-09-10T17:49+02:00,A16,r,23.65,2,speedlimit
2026-09-10T17:49+02:00,A16,R,18.229,3,speedlimit
2026-09-10T17:49+02:00,A20,R,23.0,3,speedlimit
2026-09-10T17:49+02:00,A16,R,29.28,1,speedlimit
2026-09-10T17:49+02:00,A20,R,25.3,2,speedlimit
2026-09-10T17:49+02:00,A20,R,22.735,4,speedlimit
2026-09-10T17:49+02:00,A15,R,82.4,3,speedlimit
2026-09-10T17:49+02:00,A16,R,18.229,2,speedlimit
2026-09-10T17:49+02:00,A4,R,46.65,4,speedlimit
2026-09-10T17:49+02:00,A4,L,36.23,4,speedlimit
2026-09-10T17:49+02:00,A16,R,27.48,2,speedlimit
2026-09-10T17:49+02:00,A20,R,30.196,1,speedlimit
2026-09-10T17:49+02:00,A16,x,18.543,1,speedlimit
2026-09-10T17:49+02:00,A4,R,46.35,2,speedlimit
2026-09-10T17:49+02:00,A16,R,28.315,1,speedlimit
2026-09-10T17:49+02:00,A16,x,19.3,1,speedlimit
2026-09-10T17:49+02:00,A20,L,29.826,4,lane_closed
2026-09-10T17:49+02:00,A16,R,32.933,4,speedlimit
2026-09-10T17:49+02:00,A20,L,38.3,3,speedlimit
2026-09-10T17:49+02:00,A16,L,30.2,4,speedlimit
2026-09-10T17:49+02:00,A20,L,38.91,3,speedlimit
2026-09-10T17:49+02:00,A16,L,36.355,1,speedlimit
2026-09-10T17:49+02:00,A15,h,70.04,1,speedlimit
2026-09-10T17:49+02:00,A15,R,83.1,2,speedlimit
2026-09-10T17:49+02:00,A16,b,19.862,2,speedlimit
2026-09-10T17:49+02:00,A4,L,71.041,4,speedlimit
2026-09-10T17:49+02:00,A16,R,29.28,2,speedlimit
2026-09-10T17:49+02:00,A16,L,41.53,1,speedlimit
2026-09-10T17:49+02:00,A16,R,66.81,2,speedlimit
2026-09-10T17:49+02:00,A20,s,29.6,1,speedlimit
2026-09-10T17:49+02:00,A4,L,7.526,3,speedlimit
2026-09-10T17:49+02:00,A20,L,28.57,2,speedlimit
2026-09-10T17:49+02:00,A20,R,30.6,2,speedlimit
2026-09-10T17:49+02:00,A16,m,41.44,1,speedlimit
2026-09-10T17:49+02:00,A4,L,1.156,4,speedlimit
2026-09-10T17:49+02:00,A16,R,29.28,6,speedlimit
2026-09-10T17:49+02:00,A4,R,29.44,2,speedlimit
2026-09-10T17:49+02:00,A15,L,45.86,2,speedlimit
2026-09-10T17:49+02:00,A4,m,37.11,1,speedlimit
2026-09-10T17:49+02:00,A16,R,21.9,1,speedlimit
2026-09-10T17:49+02:00,A15,L,65.25,3,speedlimit
2026-09-10T17:49+02:00,A13,L,17.1,2,speedlimit
2026-09-10T17:49+02:00,A4,L,45.75,4,speedlimit
2026-09-10T17:49+02:00,A16,L,38.22,3,speedlimit
2026-09-10T17:49+02:00,A15,R,81.71,3,speedlimit
2026-09-10T17:49+02:00,A16,R,39.875,2,speedlimit
2026-09-10T17:49+02:00,A16,R,17.463,5,speedlimit
2026-09-10T17:49+02:00,A15,L,45.61,3,speedlimit
2026-09-10T17:49+02:00,A16,g,67.5,1,speedlimit
2026-09-10T17:49+02:00,A20,L,28.57,3,speedlimit
2026-09-10T17:49+02:00,A4,m,44.85,3,speedlimit
2026-09-10T17:49+02:00,A15,L,64.67,3,speedlimit
2026-09-10T17:49+02:00,A20,R,26.4,4,speedlimit
2026-09-10T17:49+02:00,A20,R,30.196,2,speedlimit
2026-09-10T17:49+02:00,A13,R,17.8,3,speedlimit
2026-09-10T17:49+02:00,A16,L,29.37,2,speedlimit
2026-09-10T17:49+02:00,A16,R,32.22,1,speedlimit
2026-09-10T17:49+02:00,A16,x,20.2,3,speedlimit
2026-09-10T17:49+02:00,A29,R,11.3,2,speedlimit
2026-09-10T17:49+02:00,A16,R,41.96,4,speedlimit
2026-09-10T17:49+02:00,A15,m,94.725,3,speedlimit
2026-09-10T17:49+02:00,A15,n,95.855,2,speedlimit
2026-09-10T17:49+02:00,A4,L,71.041,6,speedlimit
2026-09-10T17:49+02:00,A4,L,62.885,2,speedlimit
2026-09-10T18:49+02:00,A13,L,16.7,1,speedlimit
2026-09-10T18:49+02:00,A4,R,61.555,3,lane_closed
2026-09-10T18:49+02:00,A29,L,97.503,1,speedlimit
2026-09-10T18:49+02:00,A16,R,33.848,1,speedlimit
2026-09-10T18:49+02:00,A4,L,36.73,3,speedlimit
2026-09-10T18:49+02:00,A4,L,37.53,5,speedlimit
2026-09-10T18:49+02:00,A20,L,30.196,2,speedlimit
2026-09-10T18:49+02:00,A4,R,61.825,2,speedlimit
2026-09-10T18:49+02:00,A13,R,16.655,1,speedlimit
2026-09-10T18:49+02:00,A16,R,66.52,2,speedlimit
2026-09-10T18:49+02:00,A13,R,17.1,2,speedlimit
2026-09-10T18:49+02:00,A4,L,36.23,2,speedlimit
2026-09-10T18:49+02:00,A29,L,97.985,2,speedlimit
2026-09-10T18:49+02:00,A4,m,35.48,2,speedlimit
2026-09-10T18:49+02:00,A4,L,36.36,4,speedlimit
2026-09-10T18:49+02:00,A4,L,38.49,4,speedlimit
2026-09-10T18:49+02:00,A4,R,62.135,1,speedlimit
2026-09-10T18:49+02:00,A4,R,61.98,3,lane_closed
2026-09-10T18:49+02:00,A13,R,18.5,1,speedlimit
2026-09-10T18:49+02:00,A4,R,63.075,3,lane_closed
2026-09-10T18:49+02:00,A20,L,29.5,2,speedlimit
2026-09-10T18:49+02:00,A4,L,37.53,3,speedlimit
2026-09-10T18:49+02:00,A13,R,18.5,4,speedlimit
2026-09-10T18:49+02:00,A4,R,48.79,1,speedlimit
2026-09-10T18:49+02:00,A4,L,38.49,1,speedlimit
2026-09-10T18:49+02:00,A4,R,48.24,1,speedlimit
2026-09-10T18:49+02:00,A13,R,18.2,3,speedlimit
2026-09-10T18:49+02:00,A20,R,28.1,1,speedlimit
2026-09-10T18:49+02:00,A20,R,30.196,3,speedlimit
2026-09-10T18:49+02:00,A4,R,33.17,2,speedlimit
2026-09-10T18:49+02:00,A4,R,62.135,2,speedlimit
2026-09-10T18:49+02:00,A4,R,61.98,1,speedlimit
2026-09-10T18:49+02:00,A29,L,97.985,1,speedlimit
2026-09-10T18:49+02:00,A4,R,59.72,1,speedlimit
2026-09-10T18:49+02:00,A4,R,61.155,2,speedlimit
2026-09-10T18:49+02:00,A15,n,95.855,3,speedlimit
2026-09-10T18:49+02:00,A4,R,60.95,1,speedlimit
2026-09-10T18:49+02:00,A13,R,17.8,2,speedlimit
2026-09-10T18:49+02:00,A4,m,74.194,3,lane_closed
2026-09-10T18:49+02:00,A20,s,29.6,2,speedlimit
2026-09-10T18:49+02:00,A15,L,65.25,2,speedlimit
2026-09-10T18:49+02:00,A15,L,65.685,3,speedlimit
2026-09-10T18:49+02:00,A16,R,33.135,4,speedlimit
2026-09-10T18:49+02:00,A4,m,73.544,1,speedlimit
2026-09-10T18:49+02:00,A4,R,49.33,2,speedlimit
2026-09-10T18:49+02:00,A4,R,74.737,1,speedlimit
2026-09-10T18:49+02:00,A4,m,35.13,1,speedlimit
2026-09-10T18:49+02:00,A20,R,26.93,4,speedlimit
2026-09-10T18:49+02:00,A4,m,72.736,1,speedlimit
2026-09-10T18:49+02:00,A20,R,28.57,3,speedlimit
2026-09-10T18:49+02:00,A4,m,74.194,2,speedlimit
2026-09-10T18:49+02:00,A29,L,98.33,2,speedlimit
2026-09-10T18:49+02:00,A13,L,18.8,2,speedlimit
2026-09-10T18:49+02:00,A20,R,27.235,1,speedlimit
2026-09-10T18:49+02:00,A20,L,28.41,2,speedlimit
2026-09-10T18:49+02:00,A4,R,60.6,2,speedlimit
2026-09-10T18:49+02:00,A4,m,73.544,2,speedlimit
2026-09-10T18:49+02:00,A20,R,27.79,2,speedlimit
2026-09-10T18:49+02:00,A13,R,18.5,3,speedlimit
2026-09-10T18:49+02:00,A20,R,28.57,4,speedlimit
2026-09-10T18:49+02:00,A20,R,31.26,4,speedlimit
2026-09-10T18:49+02:00,A20,L,29.826,2,speedlimit
2026-09-10T18:49+02:00,A20,L,28.57,1,speedlimit
2026-09-10T18:49+02:00,A20,L,33.36,2,speedlimit
2026-09-10T18:49+02:00,A4,R,58.82,1,speedlimit
2026-09-10T18:49+02:00,A4,m,72.443,1,speedlimit
2026-09-10T18:49+02:00,A16,R,33.958,1,speedlimit
2026-09-10T18:49+02:00,A20,R,29.5,4,speedlimit
2026-09-10T18:49+02:00,A16,R,32.76,5,speedlimit
2026-09-10T18:49+02:00,A16,R,33.43,2,speedlimit
2026-09-10T18:49+02:00,A20,R,28.1,2,speedlimit
2026-09-10T18:49+02:00,A20,R,26.64,1,speedlimit
2026-09-10T18:49+02:00,A15,L,64.2,2,speedlimit
2026-09-10T18:49+02:00,A4,R,62.3,2,speedlimit
2026-09-10T18:49+02:00,A20,L,32.8,2,speedlimit
2026-09-10T18:49+02:00,A4,L,36.23,1,speedlimit
2026-09-10T18:49+02:00,A15,L,65.25,4,speedlimit
2026-09-10T18:49+02:00,A4,L,36.73,4,speedlimit
2026-09-10T18:49+02:00,A13,L,17.1,3,speedlimit
2026-09-10T18:49+02:00,A4,R,61.98,2,speedlimit
2026-09-10T18:49+02:00,A4,R,62.755,3,lane_closed
2026-09-10T18:49+02:00,A16,L,39.25,3,speedlimit
2026-09-10T18:49+02:00,A4,L,36.73,2,speedlimit
2026-09-10T18:49+02:00,A16,R,33.135,2,speedlimit
2026-09-10T18:49+02:00,A4,R,32.85,3,speedlimit
2026-09-10T18:49+02:00,A16,R,66.81,3,speedlimit
2026-09-10T18:49+02:00,A20,L,27.488,1,speedlimit
2026-09-10T18:49+02:00,A20,L,27.2,1,speedlimit
2026-09-10T18:49+02:00,A4,h,46.06,2,speedlimit
2026-09-10T18:49+02:00,A4,R,74.737,2,speedlimit
2026-09-10T18:49+02:00,A20,L,27.8,2,speedlimit
2026-09-10T18:49+02:00,A13,L,18.2,3,speedlimit
2026-09-10T18:49+02:00,A16,R,32.933,1,speedlimit
2026-09-10T18:49+02:00,A4,m,72.58,2,speedlimit
2026-09-10T18:49+02:00,A4,m,73.156,2,speedlimit
2026-09-10T18:49+02:00,A20,L,31.88,1,speedlimit
2026-09-10T18:49+02:00,A13,L,16.7,2,speedlimit
2026-09-10T18:49+02:00,A16,R,33.958,2,speedlimit
2026-09-10T18:49+02:00,A20,L,30.9,2,speedlimit
2026-09-10T18:49+02:00,A4,R,48.79,2,speedlimit
2026-09-10T18:49+02:00,A20,L,28.085,1,speedlimit
2026-09-10T18:49+02:00,A16,R,32.76,4,speedlimit
2026-09-10T18:49+02:00,A16,R,33.609,2,speedlimit
2026-09-10T18:49+02:00,A4,R,33.8,1,speedlimit
2026-09-10T18:49+02:00,A20,R,30.6,1,speedlimit
2026-09-10T18:49+02:00,A13,R,17.1,3,speedlimit
2026-09-10T18:49+02:00,A20,R,26.93,3,speedlimit
2026-09-10T18:49+02:00,A20,L,31.4,1,speedlimit
2026-09-10T18:49+02:00,A4,m,73.974,1,speedlimit
2026-09-10T18:49+02:00,A4,L,38.49,3,speedlimit
2026-09-10T18:49+02:00,A4,R,57.05,1,speedlimit
2026-09-10T18:49+02:00,A20,L,31.1,2,speedlimit
2026-09-10T18:49+02:00,A4,R,61.555,2,speedlimit
2026-09-10T18:49+02:00,A4,R,32.85,4,speedlimit
2026-09-10T18:49+02:00,A16,R,33.778,1,speedlimit
2026-09-10T18:49+02:00,A13,g,18.7,2,speedlimit
2026-09-10T18:49+02:00,A4,m,72.443,2,speedlimit
2026-09-10T18:49+02:00,A15,L,65.685,2,speedlimit
2026-09-10T18:49+02:00,A20,L,31.4,2,speedlimit
2026-09-10T18:49+02:00,A4,R,60.95,3,lane_closed_ahead
2026-09-10T18:49+02:00,A4,m,35.13,2,speedlimit
2026-09-10T18:49+02:00,A16,R,34.068,2,speedlimit
2026-09-10T18:49+02:00,A13,L,15.9,3,lane_closed
2026-09-10T18:49+02:00,A13,R,16.2,1,speedlimit
2026-09-10T18:49+02:00,A4,R,61.36,2,speedlimit
2026-09-10T18:49+02:00,A4,R,74.737,4,speedlimit
2026-09-10T18:49+02:00,A13,R,18.5,2,speedlimit
2026-09-10T18:49+02:00,A20,L,30.196,1,speedlimit
2026-09-10T18:49+02:00,A16,R,33.778,2,speedlimit
2026-09-10T18:49+02:00,A4,m,72.321,1,speedlimit
2026-09-10T18:49+02:00,A20,R,27.79,1,speedlimit
2026-09-10T18:49+02:00,A4,R,63.075,2,speedlimit
2026-09-10T18:49+02:00,A20,L,29.826,1,speedlimit
2026-09-10T18:49+02:00,A4,m,73.006,2,speedlimit
2026-09-10T18:49+02:00,A4,R,61.825,1,speedlimit
2026-09-10T18:49+02:00,A29,L,97.503,2,speedlimit
2026-09-10T18:49+02:00,A16,R,66.52,1,speedlimit
2026-09-10T18:49+02:00,A20,R,28.41,2,speedlimit
2026-09-10T18:49+02:00,A20,L,33.85,2,speedlimit
2026-09-10T18:49+02:00,A20,L,48.2,2,speedlimit
2026-09-10T18:49+02:00,A4,R,74.194,1,speedlimit
2026-09-10T18:49+02:00,A20,R,29.1,1,speedlimit
2026-09-10T18:49+02:00,A13,R,17.8,1,speedlimit
2026-09-10T18:49+02:00,A20,R,28.41,1,speedlimit
2026-09-10T18:49+02:00,A20,L,33.36,1,speedlimit
2026-09-10T18:49+02:00,A20,R,31.9,2,speedlimit
2026-09-10T18:49+02:00,A20,L,31.1,3,speedlimit
2026-09-10T18:49+02:00,A4,L,36.73,1,speedlimit
2026-09-10T18:49+02:00,A20,R,27.488,2,speedlimit
2026-09-10T18:49+02:00,A20,t,28.895,1,speedlimit
2026-09-10T18:49+02:00,A20,L,32.8,1,speedlimit
2026-09-10T18:49+02:00,A20,R,28.8,2,speedlimit
2026-09-10T18:49+02:00,A20,L,31.1,1,speedlimit
2026-09-10T18:49+02:00,A13,L,16.19,3,lane_closed
2026-09-10T18:49+02:00,A20,L,33.85,3,speedlimit
2026-09-10T18:49+02:00,A13,L,15.035,5,lane_closed
2026-09-10T18:49+02:00,A16,R,32.76,2,speedlimit
2026-09-10T18:49+02:00,A4,R,49.33,3,speedlimit
2026-09-10T18:49+02:00,A4,m,72.012,3,speedlimit
2026-09-10T18:49+02:00,A20,L,27.8,1,speedlimit
2026-09-10T18:49+02:00,A16,R,32.933,2,speedlimit
2026-09-10T18:49+02:00,A20,R,29.1,2,speedlimit
2026-09-10T18:49+02:00,A13,g,18.7,1,speedlimit
2026-09-10T18:49+02:00,A20,R,28.57,2,speedlimit
2026-09-10T18:49+02:00,A4,m,72.012,1,speedlimit
2026-09-10T18:49+02:00,A20,R,26.64,2,speedlimit
2026-09-10T18:49+02:00,A15,L,64.2,3,speedlimit
2026-09-10T18:49+02:00,A20,L,29.1,1,speedlimit
2026-09-10T18:49+02:00,A4,R,62.3,1,speedlimit
2026-09-10T18:49+02:00,A4,R,33.17,1,speedlimit
2026-09-10T18:49+02:00,A13,L,18.2,1,speedlimit
2026-09-10T18:49+02:00,A15,L,64.67,2,speedlimit
2026-09-10T18:49+02:00,A4,m,72.321,2,speedlimit
2026-09-10T18:49+02:00,A13,L,12.7,4,lane_closed
2026-09-10T18:49+02:00,A20,L,31.88,2,speedlimit
2026-09-10T18:49+02:00,A4,R,32.85,5,speedlimit
2026-09-10T18:49+02:00,A4,R,62.6,3,lane_closed
2026-09-10T18:49+02:00,A16,R,32.933,3,speedlimit
2026-09-10T18:49+02:00,A20,L,28.085,2,speedlimit
2026-09-10T18:49+02:00,A20,R,30.6,3,speedlimit
2026-09-10T18:49+02:00,A4,m,73.544,3,lane_closed
2026-09-10T18:49+02:00,A16,R,66.52,4,speedlimit
2026-09-10T18:49+02:00,A4,R,57.975,2,speedlimit
2026-09-10T18:49+02:00,A4,R,48.79,3,speedlimit
2026-09-10T18:49+02:00,A4,m,74.194,1,speedlimit
2026-09-10T18:49+02:00,A4,R,62.407,2,speedlimit
2026-09-10T18:49+02:00,A20,R,29.8,2,speedlimit
2026-09-10T18:49+02:00,A4,R,61.36,3,lane_closed
2026-09-10T18:49+02:00,A15,L,64.2,1,lane_closed
2026-09-10T18:49+02:00,A20,R,27.235,2,speedlimit
2026-09-10T18:49+02:00,A13,R,18.2,1,speedlimit
2026-09-10T18:49+02:00,A16,R,66.52,3,speedlimit
2026-09-10T18:49+02:00,A15,L,65.25,1,lane_closed_ahead
2026-09-10T18:49+02:00,A4,L,36.36,3,speedlimit
2026-09-10T18:49+02:00,A15,e,95.55,1,speedlimit
2026-09-10T18:49+02:00,A13,e,19.1,1,speedlimit
2026-09-10T18:49+02:00,A4,R,62.6,1,speedlimit
2026-09-10T18:49+02:00,A4,m,71.726,2,speedlimit
2026-09-10T18:49+02:00,A16,R,66.81,4,speedlimit
2026-09-10T18:49+02:00,A13,L,17.8,3,speedlimit
2026-09-10T18:49+02:00,A4,R,61.155,1,speedlimit
2026-09-10T18:49+02:00,A4,m,73.691,1,speedlimit
2026-09-10T18:49+02:00,A4,m,73.691,2,speedlimit
2026-09-10T18:49+02:00,A20,R,31.26,1,speedlimit
2026-09-10T18:49+02:00,A4,R,62.91,1,speedlimit
2026-09-10T18:49+02:00,A20,L,29.826,3,speedlimit
2026-09-10T18:49+02:00,A4,L,36.23,3,speedlimit
2026-09-10T18:49+02:00,A20,L,29.5,1,speedlimit
2026-09-10T18:49+02:00,A20,R,28.8,3,speedlimit
2026-09-10T18:49+02:00,A20,R,29.5,1,speedlimit
2026-09-10T18:49+02:00,A20,L,33.36,3,lane_closed_ahead
2026-09-10T18:49+02:00,A4,R,57.975,1,speedlimit
2026-09-10T18:49+02:00,A16,R,33.135,3,speedlimit
2026-09-10T18:49+02:00,A4,R,58.82,2,speedlimit
2026-09-10T18:49+02:00,A13,L,11.25,4,lane_closed
2026-09-10T18:49+02:00,A20,L,30.9,1,speedlimit
2026-09-10T18:49+02:00,A13,R,18.2,4,speedlimit
2026-09-10T18:49+02:00,A16,R,33.609,1,speedlimit
2026-09-10T18:49+02:00,A13,R,18.7,1,speedlimit
2026-09-10T18:49+02:00,A15,L,64.67,5,speedlimit
2026-09-10T18:49+02:00,A15,n,95.855,1,speedlimit
2026-09-10T18:49+02:00,A20,c,27.488,1,speedlimit
2026-09-10T18:49+02:00,A20,R,31.9,3,speedlimit
2026-09-10T18:49+02:00,A4,R,62.755,2,speedlimit
2026-09-10T18:49+02:00,A13,R,16.655,3,speedlimit
2026-09-10T18:49+02:00,A20,L,29.1,2,speedlimit
2026-09-10T18:49+02:00,A16,R,32.76,1,speedlimit
2026-09-10T18:49+02:00,A15,L,63.56,1,lane_closed
2026-09-10T18:49+02:00,A20,R,29.8,3,speedlimit
2026-09-10T18:49+02:00,A13,L,18.2,2,speedlimit
2026-09-10T18:49+02:00,A20,R,26.4,3,speedlimit
2026-09-10T18:49+02:00,A4,m,73.974,3,lane_closed
2026-09-10T18:49+02:00,A20,R,26.93,1,speedlimit
2026-09-10T18:49+02:00,A4,R,62.135,3,lane_closed
2026-09-10T18:49+02:00,A20,R,26.4,2,speedlimit
2026-09-10T18:49+02:00,A15,L,63.56,3,speedlimit
2026-09-10T18:49+02:00,A20,L,27.488,2,speedlimit
2026-09-10T18:49+02:00,A20,L,30.196,3,speedlimit
2026-09-10T18:49+02:00,A4,h,46.06,1,speedlimit
2026-09-10T18:49+02:00,A20,L,28.41,1,speedlimit
2026-09-10T18:49+02:00,A13,L,13.18,4,lane_closed
2026-09-10T18:49+02:00,A13,L,17.8,2,speedlimit
2026-09-10T18:49+02:00,A20,L,46.045,2,speedlimit
2026-09-10T18:49+02:00,A20,L,33.85,1,speedlimit
2026-09-10T18:49+02:00,A4,R,57.05,2,speedlimit
2026-09-10T18:49+02:00,A20,R,28.57,1,speedlimit
2026-09-10T18:49+02:00,A20,R,30.196,4,speedlimit
2026-09-10T18:49+02:00,A4,R,32.85,2,speedlimit
2026-09-10T18:49+02:00,A4,m,35.48,1,speedlimit
2026-09-10T18:49+02:00,A4,m,35.48,3,speedlimit
2026-09-10T18:49+02:00,A4,R,62.755,1,speedlimit
2026-09-10T18:49+02:00,A4,R,61.69,3,lane_closed
2026-09-10T18:49+02:00,A29,L,98.33,1,speedlimit
2026-09-10T18:49+02:00,A20,t,29.6,2,speedlimit
2026-09-10T18:49+02:00,A4,R,62.6,2,speedlimit
2026-09-10T18:49+02:00,A15,L,64.67,4,speedlimit
2026-09-10T18:49+02:00,A4,m,73.414,1,speedlimit
2026-09-10T18:49+02:00,A15,L,65.685,1,speedlimit
2026-09-10T18:49+02:00,A4,m,73.974,2,speedlimit
2026-09-10T18:49+02:00,A4,R,62.91,3,lane_closed
2026-09-10T18:49+02:00,A15,L,64.67,1,lane_closed
2026-09-10T18:49+02:00,A4,R,62.3,3,lane_closed
2026-09-10T18:49+02:00,A4,R,61.825,3,lane_closed
2026-09-10T18:49+02:00,A20,R,26.93,2,speedlimit
2026-09-10T18:49+02:00,A20,L,30.9,3,speedlimit
2026-09-10T18:49+02:00,A13,L,18.8,3,speedlimit
2026-09-10T18:49+02:00,A20,L,46.045,1,speedlimit
2026-09-10T18:49+02:00,A20,R,28.8,1,speedlimit
2026-09-10T18:49+02:00,A4,m,73.284,1,speedlimit
2026-09-10T18:49+02:00,A4,R,61.36,1,speedlimit
2026-09-10T18:49+02:00,A4,L,36.36,1,speedlimit
2026-09-10T18:49+02:00,A4,R,61.555,1,speedlimit
2026-09-10T18:49+02:00,A4,R,49.33,1,speedlimit
2026-09-10T18:49+02:00,A13,L,18.8,1,speedlimit
2026-09-10T18:49+02:00,A4,h,46.4,2,speedlimit
2026-09-10T18:49+02:00,A4,R,48.24,3,speedlimit
2026-09-10T18:49+02:00,A4,m,73.156,1,speedlimit
2026-09-10T18:49+02:00,A13,R,16.2,2,speedlimit
2026-09-10T18:49+02:00,A16,R,33.848,2,speedlimit
2026-09-10T18:49+02:00,A4,R,33.8,2,speedlimit
2026-09-10T18:49+02:00,A20,L,31.4,3,speedlimit
2026-09-10T18:49+02:00,A20,L,30.196,4,speedlimit
2026-09-10T18:49+02:00,A4,L,37.53,2,speedlimit
2026-09-10T18:49+02:00,A20,L,48.2,1,speedlimit
2026-09-10T18:49+02:00,A13,R,18.2,2,speedlimit
2026-09-10T18:49+02:00,A4,R,61.69,1,speedlimit
2026-09-10T18:49+02:00,A13,L,17.8,1,speedlimit
2026-09-10T18:49+02:00,A20,R,29.8,1,speedlimit
2026-09-10T18:49+02:00,A16,R,33.135,1,speedlimit
2026-09-10T18:49+02:00,A4,R,48.24,2,speedlimit
2026-09-10T18:49+02:00,A20,R,31.26,2,speedlimit
2026-09-10T18:49+02:00,A4,m,73.006,1,speedlimit
2026-09-10T18:49+02:00,A4,R,48.24,4,speedlimit
2026-09-10T18:49+02:00,A20,R,31.26,3,speedlimit
2026-09-10T18:49+02:00,A4,R,74.737,3,speedlimit
2026-09-10T18:49+02:00,A20,L,46.4,2,speedlimit
2026-09-10T18:49+02:00,A20,R,26.64,3,speedlimit
2026-09-10T18:49+02:00,A20,R,26.64,4,speedlimit
2026-09-10T18:49+02:00,A20,R,26.4,1,speedlimit
2026-09-10T18:49+02:00,A13,R,17.1,1,speedlimit
2026-09-10T18:49+02:00,A4,L,37.53,4,speedlimit
2026-09-10T18:49+02:00,A20,R,29.5,3,speedlimit
2026-09-10T18:49+02:00,A20,L,47.0,2,speedlimit
2026-09-10T18:49+02:00,A4,L,38.49,2,speedlimit
2026-09-10T18:49+02:00,A4,R,59.72,2,speedlimit
2026-09-10T18:49+02:00,A16,R,32.76,3,speedlimit
2026-09-10T18:49+02:00,A13,L,13.7,4,lane_closed
2026-09-10T18:49+02:00,A4,R,63.075,1,speedlimit
2026-09-10T18:49+02:00,A15,L,63.56,2,speedlimit
2026-09-10T18:49+02:00,A20,L,47.0,1,speedlimit
2026-09-10T18:49+02:00,A13,L,14.2,4,lane_closed
2026-09-10T18:49+02:00,A4,R,74.737,5,lane_closed
2026-09-10T18:49+02:00,A4,h,46.4,1,speedlimit
2026-09-10T18:49+02:00,A20,t,29.6,1,speedlimit
2026-09-10T18:49+02:00,A16,R,33.43,1,speedlimit
2026-09-10T18:49+02:00,A4,R,60.95,2,speedlimit
2026-09-10T18:49+02:00,A15,L,65.685,4,speedlimit
2026-09-10T18:49+02:00,A20,R,29.8,4,speedlimit
2026-09-10T18:49+02:00,A16,R,34.068,1,speedlimit
2026-09-10T18:49+02:00,A20,L,46.4,1,speedlimit
2026-09-10T18:49+02:00,A4,L,36.36,2,speedlimit
2026-09-10T18:49+02:00,A13,R,18.7,2,speedlimit
2026-09-10T18:49+02:00,A20,R,27.488,1,speedlimit
2026-09-10T18:49+02:00,A4,R,32.85,1,speedlimit
2026-09-10T18:49+02:00,A20,R,29.5,2,speedlimit
2026-09-10T18:49+02:00,A20,L,27.2,2,speedlimit
2026-09-10T18:49+02:00,A13,R,18.963,1,speedlimit
2026-09-10T18:49+02:00,A13,L,17.1,1,speedlimit
2026-09-10T18:49+02:00,A4,R,33.17,3,speedlimit
2026-09-10T18:49+02:00,A4,R,74.194,2,speedlimit
2026-09-10T18:49+02:00,A20,L,31.88,3,lane_closed
2026-09-10T18:49+02:00,A16,R,66.81,1,speedlimit
2026-09-10T18:49+02:00,A4,R,60.6,1,speedlimit
2026-09-10T18:49+02:00,A4,R,62.407,1,speedlimit
2026-09-10T18:49+02:00,A13,L,17.1,4,speedlimit
2026-09-10T18:49+02:00,A13,R,16.655,2,speedlimit
2026-09-10T18:49+02:00,A13,L,15.55,5,lane_closed
2026-09-10T18:49+02:00,A4,R,62.407,3,lane_closed
2026-09-10T18:49+02:00,A4,R,62.91,2,speedlimit
2026-09-10T18:49+02:00,A4,m,72.012,2,speedlimit
2026-09-10T18:49+02:00,A4,m,71.726,1,speedlimit
2026-09-10T18:49+02:00,A4,L,37.53,1,speedlimit
2026-09-10T18:49+02:00,A20,L,32.8,3,lane_closed
2026-09-10T18:49+02:00,A4,L,36.23,4,speedlimit
2026-09-10T18:49+02:00,A20,R,30.196,1,speedlimit
2026-09-10T18:49+02:00,A20,L,29.826,4,speedlimit
2026-09-10T18:49+02:00,A16,R,32.933,4,speedlimit
2026-09-10T18:49+02:00,A4,R,61.155,3,lane_closed
2026-09-10T18:49+02:00,A4,m,72.58,1,speedlimit
2026-09-10T18:49+02:00,A16,R,66.81,2,speedlimit
2026-09-10T18:49+02:00,A20,s,29.6,1,speedlimit
2026-09-10T18:49+02:00,A20,L,28.57,2,speedlimit
2026-09-10T18:49+02:00,A20,R,30.6,2,speedlimit
2026-09-10T18:49+02:00,A15,L,65.25,3,speedlimit
2026-09-10T18:49+02:00,A13,L,17.1,2,speedlimit
2026-09-10T18:49+02:00,A4,m,73.691,3,lane_closed
2026-09-10T18:49+02:00,A4,R,61.69,2,speedlimit
2026-09-10T18:49+02:00,A20,L,28.57,3,speedlimit
2026-09-10T18:49+02:00,A15,L,64.67,3,speedlimit
2026-09-10T18:49+02:00,A20,R,26.4,4,speedlimit
2026-09-10T18:49+02:00,A20,R,30.196,2,speedlimit
2026-09-10T18:49+02:00,A13,R,17.8,3,speedlimit
2026-09-10T18:49+02:00,A15,n,95.855,2,speedlimit
2026-09-10T19:49+02:00,A15,R,49.0,1,speedlimit
2026-09-10T19:49+02:00,A13,L,16.7,1,speedlimit
2026-09-10T19:49+02:00,A4,n,44.282,1,speedlimit
2026-09-10T19:49+02:00,A4,L,44.62,1,speedlimit
2026-09-10T19:49+02:00,A20,L,30.196,2,speedlimit
2026-09-10T19:49+02:00,A13,R,16.655,1,speedlimit
2026-09-10T19:49+02:00,A16,R,66.52,2,lane_closed
2026-09-10T19:49+02:00,A13,R,17.1,2,speedlimit
2026-09-10T19:49+02:00,A16,R,63.4,1,speedlimit
2026-09-10T19:49+02:00,A16,R,64.75,1,speedlimit
2026-09-10T19:49+02:00,A4,L,42.19,4,lane_closed
2026-09-10T19:49+02:00,A4,L,43.18,2,speedlimit
2026-09-10T19:49+02:00,A4,L,38.49,4,speedlimit
2026-09-10T19:49+02:00,A16,R,64.155,2,speedlimit
2026-09-10T19:49+02:00,A13,R,18.5,1,speedlimit
2026-09-10T19:49+02:00,A20,L,29.5,2,speedlimit
2026-09-10T19:49+02:00,A13,R,18.5,4,speedlimit
2026-09-10T19:49+02:00,A4,L,38.49,1,speedlimit
2026-09-10T19:49+02:00,A13,R,18.2,3,speedlimit
2026-09-10T19:49+02:00,A15,R,49.0,3,speedlimit
2026-09-10T19:49+02:00,A20,R,28.1,1,speedlimit
2026-09-10T19:49+02:00,A20,R,30.196,3,speedlimit
2026-09-10T19:49+02:00,A20,L,36.94,1,lane_closed
2026-09-10T19:49+02:00,A4,R,2.367,4,lane_closed
2026-09-10T19:49+02:00,A16,R,64.75,3,lane_closed
2026-09-10T19:49+02:00,A15,n,95.855,3,speedlimit
2026-09-10T19:49+02:00,A13,R,17.8,2,speedlimit
2026-09-10T19:49+02:00,A4,m,74.194,3,lane_closed
2026-09-10T19:49+02:00,A20,s,29.6,2,speedlimit
2026-09-10T19:49+02:00,A15,L,65.25,2,speedlimit
2026-09-10T19:49+02:00,A15,L,65.685,3,speedlimit
2026-09-10T19:49+02:00,A4,m,73.544,1,speedlimit
2026-09-10T19:49+02:00,A4,R,74.737,1,speedlimit
2026-09-10T19:49+02:00,A20,R,26.93,4,speedlimit
2026-09-10T19:49+02:00,A4,m,72.736,1,speedlimit
2026-09-10T19:49+02:00,A20,R,28.57,3,speedlimit
2026-09-10T19:49+02:00,A4,m,74.194,2,speedlimit
2026-09-10T19:49+02:00,A13,L,18.8,2,speedlimit
2026-09-10T19:49+02:00,A15,R,50.31,1,speedlimit
2026-09-10T19:49+02:00,A20,R,27.235,1,speedlimit
2026-09-10T19:49+02:00,A20,L,28.41,2,speedlimit
2026-09-10T19:49+02:00,A16,R,62.85,1,speedlimit
2026-09-10T19:49+02:00,A4,m,73.544,2,speedlimit
2026-09-10T19:49+02:00,A20,R,27.79,2,speedlimit
2026-09-10T19:49+02:00,A13,R,18.5,3,speedlimit
2026-09-10T19:49+02:00,A20,R,28.57,4,speedlimit
2026-09-10T19:49+02:00,A20,R,31.26,4,speedlimit
2026-09-10T19:49+02:00,A20,L,29.826,2,speedlimit
2026-09-10T19:49+02:00,A20,L,35.925,1,lane_closed_ahead
2026-09-10T19:49+02:00,A20,L,28.57,1,speedlimit
2026-09-10T19:49+02:00,A4,n,43.673,1,speedlimit
2026-09-10T19:49+02:00,A4,m,72.443,1,speedlimit
2026-09-10T19:49+02:00,A20,R,29.5,4,speedlimit
2026-09-10T19:49+02:00,A20,R,28.1,2,speedlimit
2026-09-10T19:49+02:00,A20,R,26.64,1,speedlimit
2026-09-10T19:49+02:00,A15,L,64.2,2,speedlimit
2026-09-10T19:49+02:00,A4,L,41.6,4,lane_closed
2026-09-10T19:49+02:00,A20,L,32.8,2,speedlimit
2026-09-10T19:49+02:00,A15,L,65.25,4,speedlimit
2026-09-10T19:49+02:00,A13,L,17.1,3,speedlimit
2026-09-10T19:49+02:00,A16,R,66.22,2,lane_closed
2026-09-10T19:49+02:00,A16,R,62.85,4,speedlimit
2026-09-10T19:49+02:00,A16,L,39.25,3,speedlimit
2026-09-10T19:49+02:00,A20,L,36.625,1,lane_closed_ahead
2026-09-10T19:49+02:00,A16,R,66.81,3,lane_closed
2026-09-10T19:49+02:00,A20,L,27.488,1,speedlimit
2026-09-10T19:49+02:00,A20,L,27.2,1,speedlimit
2026-09-10T19:49+02:00,A4,h,46.06,2,speedlimit
2026-09-10T19:49+02:00,A4,R,74.737,2,speedlimit
2026-09-10T19:49+02:00,A20,L,27.8,2,speedlimit
2026-09-10T19:49+02:00,A16,R,64.75,2,lane_closed_ahead
2026-09-10T19:49+02:00,A13,L,18.2,3,speedlimit
2026-09-10T19:49+02:00,A4,m,72.58,2,speedlimit
2026-09-10T19:49+02:00,A4,m,73.156,2,speedlimit
2026-09-10T19:49+02:00,A20,L,31.88,1,speedlimit
2026-09-10T19:49+02:00,A13,L,16.7,2,speedlimit
2026-09-10T19:49+02:00,A20,L,30.9,2,speedlimit
2026-09-10T19:49+02:00,A4,n,44.282,3,speedlimit
2026-09-10T19:49+02:00,A20,L,28.085,1,speedlimit
2026-09-10T19:49+02:00,A20,R,30.6,1,speedlimit
2026-09-10T19:49+02:00,A13,R,17.1,3,speedlimit
2026-09-10T19:49+02:00,A4,L,44.01,3,speedlimit
2026-09-10T19:49+02:00,A20,R,26.93,3,speedlimit
2026-09-10T19:49+02:00,A20,L,31.4,1,speedlimit
2026-09-10T19:49+02:00,A4,m,73.974,1,speedlimit
2026-09-10T19:49+02:00,A4,L,38.49,3,speedlimit
2026-09-10T19:49+02:00,A4,L,42.775,2,speedlimit
2026-09-10T19:49+02:00,A20,L,31.1,2,speedlimit
2026-09-10T19:49+02:00,A13,g,18.7,2,speedlimit
2026-09-10T19:49+02:00,A4,m,72.443,2,speedlimit
2026-09-10T19:49+02:00,A15,L,65.685,2,speedlimit
2026-09-10T19:49+02:00,A20,L,31.4,2,speedlimit
2026-09-10T19:49+02:00,A4,n,43.673,2,speedlimit
2026-09-10T19:49+02:00,A13,L,15.9,3,lane_closed
2026-09-10T19:49+02:00,A15,R,75.075,1,speedlimit
2026-09-10T19:49+02:00,A13,R,16.2,1,speedlimit
2026-09-10T19:49+02:00,A4,R,74.737,4,speedlimit
2026-09-10T19:49+02:00,A15,R,49.99,2,speedlimit
2026-09-10T19:49+02:00,A13,R,18.5,2,speedlimit
2026-09-10T19:49+02:00,A20,L,30.196,1,speedlimit
2026-09-10T19:49+02:00,A4,m,72.321,1,speedlimit
2026-09-10T19:49+02:00,A4,L,44.01,2,speedlimit
2026-09-10T19:49+02:00,A20,R,27.79,1,speedlimit
2026-09-10T19:49+02:00,A20,L,29.826,1,speedlimit
2026-09-10T19:49+02:00,A4,m,73.006,2,speedlimit
2026-09-10T19:49+02:00,A16,R,66.52,1,speedlimit
2026-09-10T19:49+02:00,A20,R,28.41,2,speedlimit
2026-09-10T19:49+02:00,A4,n,44.282,4,speedlimit
2026-09-10T19:49+02:00,A4,L,42.775,3,lane_closed_ahead
2026-09-10T19:49+02:00,A4,R,74.194,1,speedlimit
2026-09-10T19:49+02:00,A20,R,29.1,1,speedlimit
2026-09-10T19:49+02:00,A13,R,17.8,1,speedlimit
2026-09-10T19:49+02:00,A20,R,28.41,1,speedlimit
2026-09-10T19:49+02:00,A20,R,31.9,2,speedlimit
2026-09-10T19:49+02:00,A16,R,62.85,3,speedlimit
2026-09-10T19:49+02:00,A20,L,31.1,3,speedlimit
2026-09-10T19:49+02:00,A16,R,64.155,1,speedlimit
2026-09-10T19:49+02:00,A15,R,49.61,2,speedlimit
2026-09-10T19:49+02:00,A20,R,27.488,2,speedlimit
2026-09-10T19:49+02:00,A20,t,28.895,1,speedlimit
2026-09-10T19:49+02:00,A20,L,32.8,1,speedlimit
2026-09-10T19:49+02:00,A20,R,28.8,2,speedlimit
2026-09-10T19:49+02:00,A15,R,75.075,3,speedlimit
2026-09-10T19:49+02:00,A20,L,31.1,1,speedlimit
2026-09-10T19:49+02:00,A13,L,16.19,3,lane_closed
2026-09-10T19:49+02:00,A13,L,15.035,5,lane_closed
2026-09-10T19:49+02:00,A4,m,72.012,3,speedlimit
2026-09-10T19:49+02:00,A20,L,27.8,1,speedlimit
2026-09-10T19:49+02:00,A20,R,29.1,2,speedlimit
2026-09-10T19:49+02:00,A13,g,18.7,1,speedlimit
2026-09-10T19:49+02:00,A20,R,28.57,2,speedlimit
2026-09-10T19:49+02:00,A4,m,72.012,1,speedlimit
2026-09-10T19:49+02:00,A4,L,44.62,2,speedlimit
2026-09-10T19:49+02:00,A20,R,26.64,2,speedlimit
2026-09-10T19:49+02:00,A4,L,41.6,1,speedlimit
2026-09-10T19:49+02:00,A15,L,64.2,3,speedlimit
2026-09-10T19:49+02:00,A20,L,29.1,1,speedlimit
2026-09-10T19:49+02:00,A13,L,18.2,1,speedlimit
2026-09-10T19:49+02:00,A15,L,64.67,2,speedlimit
2026-09-10T19:49+02:00,A4,m,72.321,2,speedlimit
2026-09-10T19:49+02:00,A13,L,12.7,4,lane_closed
2026-09-10T19:49+02:00,A16,R,63.4,2,speedlimit
2026-09-10T19:49+02:00,A20,L,31.88,2,speedlimit
2026-09-10T19:49+02:00,A20,L,28.085,2,speedlimit
2026-09-10T19:49+02:00,A16,R,62.85,2,speedlimit
2026-09-10T19:49+02:00,A20,R,30.6,3,speedlimit
2026-09-10T19:49+02:00,A4,m,73.544,3,lane_closed
2026-09-10T19:49+02:00,A20,L,35.52,1,lane_closed_ahead
2026-09-10T19:49+02:00,A16,R,66.52,4,lane_closed
2026-09-10T19:49+02:00,A4,m,74.194,1,speedlimit
2026-09-10T19:49+02:00,A20,R,29.8,2,speedlimit
2026-09-10T19:49+02:00,A15,L,64.2,1,lane_closed
2026-09-10T19:49+02:00,A20,R,27.235,2,speedlimit
2026-09-10T19:49+02:00,A4,L,43.18,1,speedlimit
2026-09-10T19:49+02:00,A20,L,37.3,1,lane_closed
2026-09-10T19:49+02:00,A13,R,18.2,1,speedlimit
2026-09-10T19:49+02:00,A16,R,66.52,3,lane_closed
2026-09-10T19:49+02:00,A15,L,65.25,1,lane_closed_ahead
2026-09-10T19:49+02:00,A15,e,95.55,1,speedlimit
2026-09-10T19:49+02:00,A13,e,19.1,1,speedlimit
2026-09-10T19:49+02:00,A4,m,71.726,2,speedlimit
2026-09-10T19:49+02:00,A16,R,65.52,1,speedlimit
2026-09-10T19:49+02:00,A16,R,66.81,4,lane_closed
2026-09-10T19:49+02:00,A13,L,17.8,3,speedlimit
2026-09-10T19:49+02:00,A15,R,49.61,3,speedlimit
2026-09-10T19:49+02:00,A4,L,41.6,2,speedlimit
2026-09-10T19:49+02:00,A4,m,73.691,1,speedlimit
2026-09-10T19:49+02:00,A4,m,73.691,2,speedlimit
2026-09-10T19:49+02:00,A20,R,31.26,1,speedlimit
2026-09-10T19:49+02:00,A4,L,42.775,1,speedlimit
2026-09-10T19:49+02:00,A15,R,50.31,2,speedlimit
2026-09-10T19:49+02:00,A20,L,29.826,3,speedlimit
2026-09-10T19:49+02:00,A4,L,42.19,2,speedlimit
2026-09-10T19:49+02:00,A4,h,45.58,3,lane_closed
2026-09-10T19:49+02:00,A20,L,29.5,1,speedlimit
2026-09-10T19:49+02:00,A20,R,28.8,3,speedlimit
2026-09-10T19:49+02:00,A20,R,29.5,1,speedlimit
2026-09-10T19:49+02:00,A13,L,11.25,4,lane_closed
2026-09-10T19:49+02:00,A20,L,30.9,1,speedlimit
2026-09-10T19:49+02:00,A4,L,43.18,4,lane_closed_ahead
2026-09-10T19:49+02:00,A13,R,18.2,4,speedlimit
2026-09-10T19:49+02:00,A13,R,18.7,1,speedlimit
2026-09-10T19:49+02:00,A15,L,64.67,5,speedlimit
2026-09-10T19:49+02:00,A15,R,75.375,3,speedlimit
2026-09-10T19:49+02:00,A15,n,95.855,1,speedlimit
2026-09-10T19:49+02:00,A20,c,27.488,1,speedlimit
2026-09-10T19:49+02:00,A20,R,31.9,3,speedlimit
2026-09-10T19:49+02:00,A13,R,16.655,3,speedlimit
2026-09-10T19:49+02:00,A20,L,29.1,2,speedlimit
2026-09-10T19:49+02:00,A15,L,63.56,1,lane_closed
2026-09-10T19:49+02:00,A16,R,63.4,3,speedlimit
2026-09-10T19:49+02:00,A20,R,29.8,3,speedlimit
2026-09-10T19:49+02:00,A13,L,18.2,2,speedlimit
2026-09-10T19:49+02:00,A20,R,26.4,3,speedlimit
2026-09-10T19:49+02:00,A4,m,73.974,3,lane_closed
2026-09-10T19:49+02:00,A20,R,26.93,1,speedlimit
2026-09-10T19:49+02:00,A20,R,26.4,2,speedlimit
2026-09-10T19:49+02:00,A15,L,63.56,3,speedlimit
2026-09-10T19:49+02:00,A15,R,75.375,4,speedlimit
2026-09-10T19:49+02:00,A20,L,27.488,2,speedlimit
2026-09-10T19:49+02:00,A20,L,30.196,3,speedlimit
2026-09-10T19:49+02:00,A4,h,46.06,1,speedlimit
2026-09-10T19:49+02:00,A4,L,42.19,1,speedlimit
2026-09-10T19:49+02:00,A16,g,67.5,2,lane_closed
2026-09-10T19:49+02:00,A15,R,49.61,1,speedlimit
2026-09-10T19:49+02:00,A20,L,28.41,1,speedlimit
2026-09-10T19:49+02:00,A13,L,13.18,4,lane_closed
2026-09-10T19:49+02:00,A13,L,17.8,2,speedlimit
2026-09-10T19:49+02:00,A20,R,28.57,1,speedlimit
2026-09-10T19:49+02:00,A20,R,30.196,4,speedlimit
2026-09-10T19:49+02:00,A15,R,75.375,2,speedlimit
2026-09-10T19:49+02:00,A20,t,29.6,2,speedlimit
2026-09-10T19:49+02:00,A20,L,38.3,1,lane_closed_ahead
2026-09-10T19:49+02:00,A15,L,64.67,4,speedlimit
2026-09-10T19:49+02:00,A15,R,49.0,2,speedlimit
2026-09-10T19:49+02:00,A4,m,73.414,1,speedlimit
2026-09-10T19:49+02:00,A15,L,65.685,1,speedlimit
2026-09-10T19:49+02:00,A4,m,73.974,2,speedlimit
2026-09-10T19:49+02:00,A15,L,64.67,1,lane_closed
2026-09-10T19:49+02:00,A15,R,75.375,1,speedlimit
2026-09-10T19:49+02:00,A20,R,26.93,2,speedlimit
2026-09-10T19:49+02:00,A20,L,30.9,3,speedlimit
2026-09-10T19:49+02:00,A13,L,18.8,3,speedlimit
2026-09-10T19:49+02:00,A20,L,37.8,1,lane_closed
2026-09-10T19:49+02:00,A20,R,28.8,1,speedlimit
2026-09-10T19:49+02:00,A4,m,73.284,1,speedlimit
2026-09-10T19:49+02:00,A4,L,42.19,3,lane_closed
2026-09-10T19:49+02:00,A13,L,18.8,1,speedlimit
2026-09-10T19:49+02:00,A4,h,46.4,2,speedlimit
2026-09-10T19:49+02:00,A4,m,73.156,1,speedlimit
2026-09-10T19:49+02:00,A13,R,16.2,2,speedlimit
2026-09-10T19:49+02:00,A16,R,65.52,2,lane_closed
2026-09-10T19:49+02:00,A20,L,31.4,3,speedlimit
2026-09-10T19:49+02:00,A16,R,66.22,3,lane_closed
2026-09-10T19:49+02:00,A20,L,30.196,4,speedlimit
2026-09-10T19:49+02:00,A15,R,49.99,1,speedlimit
2026-09-10T19:49+02:00,A4,L,44.01,1,speedlimit
2026-09-10T19:49+02:00,A13,R,18.2,2,speedlimit
2026-09-10T19:49+02:00,A13,L,17.8,1,speedlimit
2026-09-10T19:49+02:00,A20,R,29.8,1,speedlimit
2026-09-10T19:49+02:00,A20,R,31.26,2,speedlimit
2026-09-10T19:49+02:00,A16,R,65.52,3,lane_closed
2026-09-10T19:49+02:00,A4,m,73.006,1,speedlimit
2026-09-10T19:49+02:00,A20,R,31.26,3,speedlimit
2026-09-10T19:49+02:00,A4,R,74.737,3,speedlimit
2026-09-10T19:49+02:00,A4,L,41.6,3,lane_closed
2026-09-10T19:49+02:00,A20,R,26.64,3,speedlimit
2026-09-10T19:49+02:00,A20,R,26.64,4,speedlimit
2026-09-10T19:49+02:00,A20,R,26.4,1,speedlimit
2026-09-10T19:49+02:00,A13,R,17.1,1,speedlimit
2026-09-10T19:49+02:00,A20,R,29.5,3,speedlimit
2026-09-10T19:49+02:00,A4,L,38.49,2,speedlimit
2026-09-10T19:49+02:00,A13,L,13.7,4,lane_closed
2026-09-10T19:49+02:00,A15,L,63.56,2,speedlimit
2026-09-10T19:49+02:00,A13,L,14.2,4,lane_closed
2026-09-10T19:49+02:00,A4,R,74.737,5,lane_closed
2026-09-10T19:49+02:00,A4,h,46.4,1,speedlimit
2026-09-10T19:49+02:00,A4,L,44.62,3,speedlimit
2026-09-10T19:49+02:00,A20,t,29.6,1,speedlimit
2026-09-10T19:49+02:00,A15,L,65.685,4,speedlimit
2026-09-10T19:49+02:00,A20,R,29.8,4,speedlimit
2026-09-10T19:49+02:00,A13,R,18.7,2,speedlimit
2026-09-10T19:49+02:00,A20,R,27.488,1,speedlimit
2026-09-10T19:49+02:00,A20,R,29.5,2,speedlimit
2026-09-10T19:49+02:00,A20,L,27.2,2,speedlimit
2026-09-10T19:49+02:00,A13,R,18.963,1,speedlimit
2026-09-10T19:49+02:00,A13,L,17.1,1,speedlimit
2026-09-10T19:49+02:00,A4,R,74.194,2,speedlimit
2026-09-10T19:49+02:00,A20,L,31.88,3,speedlimit
2026-09-10T19:49+02:00,A16,R,66.22,1,speedlimit
2026-09-10T19:49+02:00,A16,R,66.81,1,speedlimit
2026-09-10T19:49+02:00,A13,L,17.1,4,speedlimit
2026-09-10T19:49+02:00,A4,L,42.775,4,lane_closed
2026-09-10T19:49+02:00,A13,R,16.655,2,speedlimit
2026-09-10T19:49+02:00,A13,L,15.55,5,lane_closed
2026-09-10T19:49+02:00,A4,n,44.282,2,speedlimit
2026-09-10T19:49+02:00,A4,m,72.012,2,speedlimit
2026-09-10T19:49+02:00,A4,m,71.726,1,speedlimit
2026-09-10T19:49+02:00,A15,R,75.075,2,speedlimit
2026-09-10T19:49+02:00,A15,R,75.075,4,speedlimit
2026-09-10T19:49+02:00,A20,L,32.8,3,speedlimit
2026-09-10T19:49+02:00,A16,R,64.155,3,lane_closed_ahead
2026-09-10T19:49+02:00,A20,R,30.196,1,speedlimit
2026-09-10T19:49+02:00,A20,L,29.826,4,speedlimit
2026-09-10T19:49+02:00,A4,m,72.58,1,speedlimit
2026-09-10T19:49+02:00,A16,R,66.81,2,lane_closed
2026-09-10T19:49+02:00,A20,s,29.6,1,speedlimit
2026-09-10T19:49+02:00,A20,L,28.57,2,speedlimit
2026-09-10T19:49+02:00,A20,R,30.6,2,speedlimit
2026-09-10T19:49+02:00,A15,L,65.25,3,speedlimit
2026-09-10T19:49+02:00,A13,L,17.1,2,speedlimit
2026-09-10T19:49+02:00,A4,m,73.691,3,lane_closed
2026-09-10T19:49+02:00,A16,g,67.5,1,lane_closed
2026-09-10T19:49+02:00,A20,L,28.57,3,speedlimit
2026-09-10T19:49+02:00,A15,L,64.67,3,speedlimit
2026-09-10T19:49+02:00,A20,R,26.4,4,speedlimit
2026-09-10T19:49+02:00,A20,R,30.196,2,speedlimit
2026-09-10T19:49+02:00,A13,R,17.8,3,speedlimit
2026-09-10T19:49+02:00,A4,L,43.18,3,speedlimit
2026-09-10T19:49+02:00,A15,n,95.855,2,speedlimit
2026-09-10T20:48+02:00,A13,L,16.7,1,speedlimit
2026-09-10T20:48+02:00,A16,R,52.95,4,speedlimit
2026-09-10T20:48+02:00,A15,L,60.62,4,lane_closed
2026-09-10T20:48+02:00,A15,h,60.62,1,lane_closed
2026-09-10T20:48+02:00,A16,R,52.95,3,speedlimit
2026-09-10T20:48+02:00,A20,L,30.196,2,speedlimit
2026-09-10T20:48+02:00,A13,R,16.655,1,speedlimit
2026-09-10T20:48+02:00,A16,R,66.52,2,lane_closed
2026-09-10T20:48+02:00,A15,L,61.39,1,speedlimit
2026-09-10T20:48+02:00,A13,R,17.1,2,speedlimit
2026-09-10T20:48+02:00,A16,R,63.4,1,speedlimit
2026-09-10T20:48+02:00,A16,R,64.75,1,speedlimit
2026-09-10T20:48+02:00,A4,L,42.19,4,lane_closed
2026-09-10T20:48+02:00,A15,n,61.78,3,speedlimit
2026-09-10T20:48+02:00,A4,R,21.7,3,speedlimit
2026-09-10T20:48+02:00,A4,L,43.18,2,speedlimit
2026-09-10T20:48+02:00,A4,L,38.49,4,speedlimit
2026-09-10T20:48+02:00,A15,L,62.768,3,speedlimit
2026-09-10T20:48+02:00,A15,h,61.01,1,lane_closed
2026-09-10T20:48+02:00,A15,y,62.635,3,speedlimit
2026-09-10T20:48+02:00,A16,R,64.155,2,speedlimit
2026-09-10T20:48+02:00,A13,R,18.5,1,speedlimit
2026-09-10T20:48+02:00,A4,R,21.7,2,speedlimit
2026-09-10T20:48+02:00,A20,L,29.5,2,speedlimit
2026-09-10T20:48+02:00,A13,R,18.5,4,speedlimit
2026-09-10T20:48+02:00,A15,L,70.35,4,speedlimit
2026-09-10T20:48+02:00,A4,L,38.49,1,speedlimit
2026-09-10T20:48+02:00,A13,R,18.2,3,speedlimit
2026-09-10T20:48+02:00,A15,h,60.62,2,speedlimit
2026-09-10T20:48+02:00,A20,R,28.1,1,speedlimit
2026-09-10T20:48+02:00,A20,R,30.196,3,speedlimit
2026-09-10T20:48+02:00,A20,L,36.94,1,lane_closed
2026-09-10T20:48+02:00,A4,R,2.367,4,lane_closed
2026-09-10T20:48+02:00,A20,R,18.25,1,speedlimit
2026-09-10T20:48+02:00,A4,f,7.841,2,speedlimit
2026-09-10T20:48+02:00,A16,R,64.75,3,lane_closed
2026-09-10T20:48+02:00,A15,n,95.855,3,speedlimit
2026-09-10T20:48+02:00,A16,L,28.74,4,speedlimit
2026-09-10T20:48+02:00,A13,R,17.8,2,speedlimit
2026-09-10T20:48+02:00,A15,L,62.43,4,lane_closed
2026-09-10T20:48+02:00,A4,e,75.875,2,speedlimit
2026-09-10T20:48+02:00,A4,f,7.4,2,speedlimit
2026-09-10T20:48+02:00,A20,s,29.6,2,speedlimit
2026-09-10T20:48+02:00,A15,L,65.25,2,speedlimit
2026-09-10T20:48+02:00,A15,L,65.685,3,speedlimit
2026-09-10T20:48+02:00,A16,L,27.95,1,lane_closed
2026-09-10T20:48+02:00,A15,x,46.135,3,speedlimit
2026-09-10T20:48+02:00,A15,y,63.3,1,speedlimit
2026-09-10T20:48+02:00,A20,R,26.93,4,speedlimit
2026-09-10T20:48+02:00,A16,L,29.02,2,lane_closed
2026-09-10T20:48+02:00,A20,R,28.57,3,speedlimit
2026-09-10T20:48+02:00,A15,L,70.95,3,speedlimit
2026-09-10T20:48+02:00,A4,R,20.95,3,speedlimit
2026-09-10T20:48+02:00,A4,L,2.447,4,lane_closed
2026-09-10T20:48+02:00,A13,L,18.8,2,speedlimit
2026-09-10T20:48+02:00,A20,R,27.235,1,speedlimit
2026-09-10T20:48+02:00,A15,L,62.768,4,lane_closed_ahead
2026-09-10T20:48+02:00,A20,L,28.41,2,speedlimit
2026-09-10T20:48+02:00,A15,n,62.25,2,speedlimit
2026-09-10T20:48+02:00,A20,R,27.79,2,speedlimit
2026-09-10T20:48+02:00,A13,R,18.5,3,speedlimit
2026-09-10T20:48+02:00,A20,R,28.57,4,speedlimit
2026-09-10T20:48+02:00,A20,R,31.26,4,speedlimit
2026-09-10T20:48+02:00,A20,L,29.826,2,speedlimit
2026-09-10T20:48+02:00,A20,L,35.925,1,lane_closed
2026-09-10T20:48+02:00,A20,L,28.57,1,speedlimit
2026-09-10T20:48+02:00,A4,n,43.673,1,speedlimit
2026-09-10T20:48+02:00,A16,L,27.95,3,speedlimit
2026-09-10T20:48+02:00,A20,R,29.5,4,speedlimit
2026-09-10T20:48+02:00,A15,L,62.768,1,speedlimit
2026-09-10T20:48+02:00,A15,x,46.135,1,speedlimit
2026-09-10T20:48+02:00,A20,R,17.9,2,speedlimit
2026-09-10T20:48+02:00,A20,R,28.1,2,speedlimit
2026-09-10T20:48+02:00,A20,R,26.64,1,speedlimit
2026-09-10T20:48+02:00,A15,L,64.2,2,speedlimit
2026-09-10T20:48+02:00,A4,L,41.6,4,lane_closed
2026-09-10T20:48+02:00,A20,L,32.8,2,speedlimit
2026-09-10T20:48+02:00,A16,L,30.73,4,speedlimit
2026-09-10T20:48+02:00,A15,L,65.25,4,speedlimit
2026-09-10T20:48+02:00,A13,L,17.1,3,speedlimit
2026-09-10T20:48+02:00,A16,R,66.22,2,lane_closed
2026-09-10T20:48+02:00,A15,L,70.35,2,speedlimit
2026-09-10T20:48+02:00,A16,R,52.44,2,speedlimit
2026-09-10T20:48+02:00,A16,L,39.25,3,speedlimit
2026-09-10T20:48+02:00,A20,L,36.625,1,lane_closed
2026-09-10T20:48+02:00,A4,e,75.52,2,speedlimit
2026-09-10T20:48+02:00,A16,R,66.81,3,lane_closed
2026-09-10T20:48+02:00,A20,L,27.488,1,speedlimit
2026-09-10T20:48+02:00,A20,L,27.2,1,speedlimit
2026-09-10T20:48+02:00,A4,h,46.06,2,speedlimit
2026-09-10T20:48+02:00,A15,L,62.43,1,speedlimit
2026-09-10T20:48+02:00,A20,L,27.8,2,speedlimit
2026-09-10T20:48+02:00,A16,R,64.75,2,lane_closed_ahead
2026-09-10T20:48+02:00,A15,L,70.655,3,speedlimit
2026-09-10T20:48+02:00,A15,L,71.42,4,speedlimit
2026-09-10T20:48+02:00,A13,L,18.2,3,speedlimit
2026-09-10T20:48+02:00,A16,L,31.425,4,speedlimit
2026-09-10T20:48+02:00,A20,L,31.88,1,speedlimit
2026-09-10T20:48+02:00,A16,L,29.37,4,speedlimit
2026-09-10T20:48+02:00,A13,L,16.7,2,speedlimit
2026-09-10T20:48+02:00,A20,L,30.9,2,speedlimit
2026-09-10T20:48+02:00,A15,L,70.655,2,speedlimit
2026-09-10T20:48+02:00,A4,f,7.5,1,speedlimit
2026-09-10T20:48+02:00,A20,L,28.085,1,speedlimit
2026-09-10T20:48+02:00,A20,R,17.9,1,speedlimit
2026-09-10T20:48+02:00,A15,L,71.9,2,speedlimit
2026-09-10T20:48+02:00,A20,R,30.6,1,speedlimit
2026-09-10T20:48+02:00,A13,R,17.1,3,speedlimit
2026-09-10T20:48+02:00,A20,R,26.93,3,speedlimit
2026-09-10T20:48+02:00,A15,n,61.39,3,speedlimit
2026-09-10T20:48+02:00,A20,L,31.4,1,speedlimit
2026-09-10T20:48+02:00,A16,L,30.2,1,lane_closed
2026-09-10T20:48+02:00,A4,L,38.49,3,speedlimit
2026-09-10T20:48+02:00,A4,L,42.775,2,speedlimit
2026-09-10T20:48+02:00,A15,L,70.35,1,lane_closed
2026-09-10T20:48+02:00,A20,L,31.1,2,speedlimit
2026-09-10T20:48+02:00,A13,g,18.7,2,speedlimit
2026-09-10T20:48+02:00,A15,L,65.685,2,speedlimit
2026-09-10T20:48+02:00,A15,L,61.01,3,speedlimit
2026-09-10T20:48+02:00,A20,L,31.4,2,speedlimit
2026-09-10T20:48+02:00,A15,L,71.42,3,speedlimit
2026-09-10T20:48+02:00,A4,n,43.673,2,speedlimit
2026-09-10T20:48+02:00,A15,L,62.43,3,speedlimit
2026-09-10T20:48+02:00,A4,f,7.4,1,speedlimit
2026-09-10T20:48+02:00,A13,L,15.9,3,lane_closed
2026-09-10T20:48+02:00,A16,L,30.2,2,lane_closed_ahead
2026-09-10T20:48+02:00,A15,h,61.01,2,speedlimit
2026-09-10T20:48+02:00,A15,n,61.39,1,lane_closed
2026-09-10T20:48+02:00,A15,y,62.82,2,speedlimit
2026-09-10T20:48+02:00,A13,R,16.2,1,speedlimit
2026-09-10T20:48+02:00,A15,y,63.3,2,speedlimit
2026-09-10T20:48+02:00,A15,L,70.35,3,speedlimit
2026-09-10T20:48+02:00,A15,L,71.9,3,speedlimit
2026-09-10T20:48+02:00,A15,L,70.655,1,lane_closed
2026-09-10T20:48+02:00,A13,R,18.5,2,speedlimit
2026-09-10T20:48+02:00,A20,L,30.196,1,speedlimit
2026-09-10T20:48+02:00,A4,R,20.95,2,speedlimit
2026-09-10T20:48+02:00,A4,R,21.35,1,speedlimit
2026-09-10T20:48+02:00,A20,R,27.79,1,speedlimit
2026-09-10T20:48+02:00,A16,R,52.95,2,speedlimit
2026-09-10T20:48+02:00,A20,L,29.826,1,speedlimit
2026-09-10T20:48+02:00,A16,L,31.425,2,speedlimit
2026-09-10T20:48+02:00,A16,R,66.52,1,speedlimit
2026-09-10T20:48+02:00,A20,R,28.41,2,speedlimit
2026-09-10T20:48+02:00,A4,L,42.775,3,lane_closed_ahead
2026-09-10T20:48+02:00,A15,y,62.82,3,speedlimit
2026-09-10T20:48+02:00,A4,R,21.35,3,speedlimit
2026-09-10T20:48+02:00,A20,R,29.1,1,speedlimit
2026-09-10T20:48+02:00,A15,L,60.62,1,speedlimit
2026-09-10T20:48+02:00,A16,L,31.425,1,speedlimit
2026-09-10T20:48+02:00,A13,R,17.8,1,speedlimit
2026-09-10T20:48+02:00,A20,R,28.41,1,speedlimit
2026-09-10T20:48+02:00,A20,R,31.9,2,speedlimit
2026-09-10T20:48+02:00,A16,L,28.74,3,speedlimit
2026-09-10T20:48+02:00,A20,L,31.1,3,speedlimit
2026-09-10T20:48+02:00,A16,R,64.155,1,speedlimit
2026-09-10T20:48+02:00,A16,L,29.02,3,speedlimit
2026-09-10T20:48+02:00,A20,R,27.488,2,speedlimit
2026-09-10T20:48+02:00,A20,t,28.895,1,speedlimit
2026-09-10T20:48+02:00,A20,L,32.8,1,speedlimit
2026-09-10T20:48+02:00,A20,R,28.8,2,speedlimit
2026-09-10T20:48+02:00,A4,e,76.36,2,speedlimit
2026-09-10T20:48+02:00,A20,L,31.1,1,speedlimit
2026-09-10T20:48+02:00,A20,e,18.5,1,speedlimit
2026-09-10T20:48+02:00,A13,L,16.19,3,lane_closed
2026-09-10T20:48+02:00,A13,L,15.035,5,lane_closed
2026-09-10T20:48+02:00,A15,L,61.94,2,speedlimit
2026-09-10T20:48+02:00,A20,L,27.8,1,speedlimit
2026-09-10T20:48+02:00,A20,R,29.1,2,speedlimit
2026-09-10T20:48+02:00,A16,L,31.425,5,speedlimit
2026-09-10T20:48+02:00,A13,g,18.7,1,speedlimit
2026-09-10T20:48+02:00,A20,R,28.57,2,speedlimit
2026-09-10T20:48+02:00,A20,R,26.64,2,speedlimit
2026-09-10T20:48+02:00,A4,L,41.6,1,speedlimit
2026-09-10T20:48+02:00,A15,L,64.2,3,speedlimit
2026-09-10T20:48+02:00,A20,L,29.1,1,speedlimit
2026-09-10T20:48+02:00,A13,L,18.2,1,speedlimit
2026-09-10T20:48+02:00,A16,L,28.74,1,lane_closed
2026-09-10T20:48+02:00,A16,L,29.37,5,speedlimit
2026-09-10T20:48+02:00,A15,L,64.67,2,speedlimit
2026-09-10T20:48+02:00,A13,L,12.7,4,lane_closed
2026-09-10T20:48+02:00,A16,R,63.4,2,speedlimit
2026-09-10T20:48+02:00,A20,L,31.88,2,speedlimit
2026-09-10T20:48+02:00,A16,L,28.74,2,lane_closed
2026-09-10T20:48+02:00,A20,L,28.085,2,speedlimit
2026-09-10T20:48+02:00,A4,e,76.36,1,speedlimit
2026-09-10T20:48+02:00,A15,x,46.135,2,speedlimit
2026-09-10T20:48+02:00,A20,R,30.6,3,speedlimit
2026-09-10T20:48+02:00,A20,L,35.52,1,lane_closed
2026-09-10T20:48+02:00,A16,R,66.52,4,lane_closed
2026-09-10T20:48+02:00,A20,R,29.8,2,speedlimit
2026-09-10T20:48+02:00,A16,L,29.02,4,speedlimit
2026-09-10T20:48+02:00,A15,L,64.2,1,lane_closed
2026-09-10T20:48+02:00,A20,R,27.235,2,speedlimit
2026-09-10T20:48+02:00,A4,L,43.18,1,speedlimit
2026-09-10T20:48+02:00,A16,R,52.44,4,speedlimit
2026-09-10T20:48+02:00,A20,L,37.3,1,lane_closed
2026-09-10T20:48+02:00,A13,R,18.2,1,speedlimit
2026-09-10T20:48+02:00,A16,R,66.52,3,lane_closed
2026-09-10T20:48+02:00,A16,L,30.73,1,lane_closed_ahead
2026-09-10T20:48+02:00,A15,L,65.25,1,lane_closed_ahead
2026-09-10T20:48+02:00,A20,R,18.25,2,speedlimit
2026-09-10T20:48+02:00,A4,f,7.841,4,speedlimit
2026-09-10T20:48+02:00,A15,e,95.55,1,speedlimit
2026-09-10T20:48+02:00,A13,e,19.1,1,speedlimit
2026-09-10T20:48+02:00,A4,R,20.95,1,speedlimit
2026-09-10T20:48+02:00,A16,R,65.52,1,speedlimit
2026-09-10T20:48+02:00,A16,R,66.81,4,lane_closed
2026-09-10T20:48+02:00,A16,L,30.73,2,speedlimit
2026-09-10T20:48+02:00,A13,L,17.8,3,speedlimit
2026-09-10T20:48+02:00,A4,f,7.841,3,speedlimit
2026-09-10T20:48+02:00,A4,L,41.6,2,speedlimit
2026-09-10T20:48+02:00,A16,L,29.37,1,lane_closed
2026-09-10T20:48+02:00,A4,e,75.68,3,speedlimit
2026-09-10T20:48+02:00,A20,R,31.26,1,speedlimit
2026-09-10T20:48+02:00,A4,e,75.68,1,speedlimit
2026-09-10T20:48+02:00,A4,L,42.775,1,speedlimit
2026-09-10T20:48+02:00,A16,L,31.425,3,speedlimit
2026-09-10T20:48+02:00,A15,L,70.95,1,lane_closed
2026-09-10T20:48+02:00,A20,L,29.826,3,speedlimit
2026-09-10T20:48+02:00,A4,L,42.19,2,speedlimit
2026-09-10T20:48+02:00,A4,h,45.58,3,lane_closed
2026-09-10T20:48+02:00,A20,L,29.5,1,speedlimit
2026-09-10T20:48+02:00,A20,R,28.8,3,speedlimit
2026-09-10T20:48+02:00,A20,R,29.5,1,speedlimit
2026-09-10T20:48+02:00,A13,L,11.25,4,lane_closed
2026-09-10T20:48+02:00,A20,L,30.9,1,speedlimit
2026-09-10T20:48+02:00,A4,L,43.18,4,lane_closed_ahead
2026-09-10T20:48+02:00,A13,R,18.2,4,speedlimit
2026-09-10T20:48+02:00,A15,r,45.853,2,speedlimit
2026-09-10T20:48+02:00,A15,L,61.01,1,speedlimit
2026-09-10T20:48+02:00,A13,R,18.7,1,speedlimit
2026-09-10T20:48+02:00,A15,L,64.67,5,speedlimit
2026-09-10T20:48+02:00,A15,n,95.855,1,speedlimit
2026-09-10T20:48+02:00,A20,c,27.488,1,speedlimit
2026-09-10T20:48+02:00,A20,R,31.9,3,speedlimit
2026-09-10T20:48+02:00,A13,R,16.655,3,speedlimit
2026-09-10T20:48+02:00,A15,y,62.82,1,lane_closed_ahead
2026-09-10T20:48+02:00,A20,L,29.1,2,speedlimit
2026-09-10T20:48+02:00,A15,L,63.56,1,lane_closed
2026-09-10T20:48+02:00,A16,R,63.4,3,speedlimit
2026-09-10T20:48+02:00,A20,R,29.8,3,speedlimit
2026-09-10T20:48+02:00,A13,L,18.2,2,speedlimit
2026-09-10T20:48+02:00,A20,R,26.4,3,speedlimit
2026-09-10T20:48+02:00,A20,R,26.93,1,speedlimit
2026-09-10T20:48+02:00,A16,L,30.73,3,speedlimit
2026-09-10T20:48+02:00,A15,y,62.635,1,lane_closed
2026-09-10T20:48+02:00,A15,L,61.39,2,speedlimit
2026-09-10T20:48+02:00,A4,e,75.52,1,speedlimit
2026-09-10T20:48+02:00,A20,R,26.4,2,speedlimit
2026-09-10T20:48+02:00,A15,L,62.768,2,speedlimit
2026-09-10T20:48+02:00,A15,L,63.56,3,speedlimit
2026-09-10T20:48+02:00,A20,L,27.488,2,speedlimit
2026-09-10T20:48+02:00,A15,n,61.78,1,lane_closed
2026-09-10T20:48+02:00,A20,L,30.196,3,speedlimit
2026-09-10T20:48+02:00,A4,h,46.06,1,speedlimit
2026-09-10T20:48+02:00,A4,L,42.19,1,speedlimit
2026-09-10T20:48+02:00,A16,g,67.5,2,lane_closed
2026-09-10T20:48+02:00,A15,L,61.94,1,speedlimit
2026-09-10T20:48+02:00,A20,L,28.41,1,speedlimit
2026-09-10T20:48+02:00,A13,L,13.18,4,lane_closed
2026-09-10T20:48+02:00,A4,e,75.875,1,speedlimit
2026-09-10T20:48+02:00,A13,L,17.8,2,speedlimit
2026-09-10T20:48+02:00,A15,x,45.853,1,speedlimit
2026-09-10T20:48+02:00,A20,R,28.57,1,speedlimit
2026-09-10T20:48+02:00,A20,R,30.196,4,speedlimit
2026-09-10T20:48+02:00,A20,t,29.6,2,speedlimit
2026-09-10T20:48+02:00,A20,L,38.3,1,lane_closed_ahead
2026-09-10T20:48+02:00,A15,L,64.67,4,speedlimit
2026-09-10T20:48+02:00,A15,L,71.42,1,lane_closed_ahead
2026-09-10T20:48+02:00,A15,L,65.685,1,speedlimit
2026-09-10T20:48+02:00,A15,L,64.67,1,lane_closed
2026-09-10T20:48+02:00,A15,r,45.853,1,speedlimit
2026-09-10T20:48+02:00,A20,R,26.93,2,speedlimit
2026-09-10T20:48+02:00,A20,L,30.9,3,speedlimit
2026-09-10T20:48+02:00,A13,L,18.8,3,speedlimit
2026-09-10T20:48+02:00,A20,L,37.8,1,lane_closed
2026-09-10T20:48+02:00,A20,R,28.8,1,speedlimit
2026-09-10T20:48+02:00,A15,L,70.95,4,speedlimit
2026-09-10T20:48+02:00,A4,L,42.19,3,lane_closed
2026-09-10T20:48+02:00,A15,L,61.39,3,speedlimit
2026-09-10T20:48+02:00,A16,L,29.02,1,lane_closed
2026-09-10T20:48+02:00,A15,L,60.62,2,speedlimit
2026-09-10T20:48+02:00,A16,r,25.0,1,speedlimit
2026-09-10T20:48+02:00,A13,L,18.8,1,speedlimit
2026-09-10T20:48+02:00,A15,L,71.9,1,speedlimit
2026-09-10T20:48+02:00,A4,h,46.4,2,speedlimit
2026-09-10T20:48+02:00,A13,R,16.2,2,speedlimit
2026-09-10T20:48+02:00,A16,L,29.37,3,speedlimit
2026-09-10T20:48+02:00,A16,R,65.52,2,lane_closed
2026-09-10T20:48+02:00,A20,L,31.4,3,speedlimit
2026-09-10T20:48+02:00,A15,L,61.01,2,speedlimit
2026-09-10T20:48+02:00,A15,L,62.43,2,speedlimit
2026-09-10T20:48+02:00,A16,R,66.22,3,lane_closed
2026-09-10T20:48+02:00,A20,L,30.196,4,speedlimit
2026-09-10T20:48+02:00,A15,L,71.42,2,speedlimit
2026-09-10T20:48+02:00,A13,R,18.2,2,speedlimit
2026-09-10T20:48+02:00,A15,n,61.78,2,speedlimit
2026-09-10T20:48+02:00,A15,d,48.05,1,speedlimit
2026-09-10T20:48+02:00,A13,L,17.8,1,speedlimit
2026-09-10T20:48+02:00,A20,R,29.8,1,speedlimit
2026-09-10T20:48+02:00,A20,R,31.26,2,speedlimit
2026-09-10T20:48+02:00,A15,L,61.94,3,speedlimit
2026-09-10T20:48+02:00,A4,f,7.5,2,speedlimit
2026-09-10T20:48+02:00,A16,R,65.52,3,lane_closed
2026-09-10T20:48+02:00,A15,y,62.635,2,speedlimit
2026-09-10T20:48+02:00,A20,R,31.26,3,speedlimit
2026-09-10T20:48+02:00,A4,L,41.6,3,lane_closed
2026-09-10T20:48+02:00,A15,L,70.95,2,speedlimit
2026-09-10T20:48+02:00,A20,R,26.64,3,speedlimit
2026-09-10T20:48+02:00,A20,R,26.64,4,speedlimit
2026-09-10T20:48+02:00,A20,R,26.4,1,speedlimit
2026-09-10T20:48+02:00,A13,R,17.1,1,speedlimit
2026-09-10T20:48+02:00,A4,R,21.7,1,speedlimit
2026-09-10T20:48+02:00,A20,R,29.5,3,speedlimit
2026-09-10T20:48+02:00,A4,L,38.49,2,speedlimit
2026-09-10T20:48+02:00,A13,L,13.7,4,lane_closed
2026-09-10T20:48+02:00,A15,L,63.56,2,speedlimit
2026-09-10T20:48+02:00,A13,L,14.2,4,lane_closed
2026-09-10T20:48+02:00,A4,h,46.4,1,speedlimit
2026-09-10T20:48+02:00,A20,t,29.6,1,speedlimit
2026-09-10T20:48+02:00,A15,L,65.685,4,speedlimit
2026-09-10T20:48+02:00,A20,R,29.8,4,speedlimit
2026-09-10T20:48+02:00,A13,R,18.7,2,speedlimit
2026-09-10T20:48+02:00,A20,R,27.488,1,speedlimit
2026-09-10T20:48+02:00,A15,n,61.39,2,speedlimit
2026-09-10T20:48+02:00,A20,R,29.5,2,speedlimit
2026-09-10T20:48+02:00,A20,L,27.2,2,speedlimit
2026-09-10T20:48+02:00,A13,R,18.963,1,speedlimit
2026-09-10T20:48+02:00,A15,n,62.25,1,lane_closed
2026-09-10T20:48+02:00,A13,L,17.1,1,speedlimit
2026-09-10T20:48+02:00,A15,L,61.39,4,lane_closed
2026-09-10T20:48+02:00,A20,L,31.88,3,speedlimit
2026-09-10T20:48+02:00,A16,L,28.74,5,speedlimit
2026-09-10T20:48+02:00,A16,R,66.81,1,speedlimit
2026-09-10T20:48+02:00,A13,L,17.1,4,speedlimit
2026-09-10T20:48+02:00,A4,L,42.775,4,lane_closed
2026-09-10T20:48+02:00,A13,R,16.655,2,speedlimit
2026-09-10T20:48+02:00,A13,L,15.55,5,lane_closed
2026-09-10T20:48+02:00,A4,e,75.52,3,speedlimit
2026-09-10T20:48+02:00,A16,R,52.44,3,speedlimit
2026-09-10T20:48+02:00,A15,L,60.62,3,speedlimit
2026-09-10T20:48+02:00,A16,L,30.2,3,speedlimit
2026-09-10T20:48+02:00,A4,R,21.35,2,speedlimit
2026-09-10T20:48+02:00,A20,L,32.8,3,speedlimit
2026-09-10T20:48+02:00,A16,R,64.155,3,lane_closed_ahead
2026-09-10T20:48+02:00,A16,L,29.02,5,speedlimit
2026-09-10T20:48+02:00,A20,R,30.196,1,speedlimit
2026-09-10T20:48+02:00,A15,L,61.94,4,lane_closed
2026-09-10T20:48+02:00,A16,R,52.95,1,speedlimit
2026-09-10T20:48+02:00,A20,L,29.826,4,speedlimit
2026-09-10T20:48+02:00,A16,L,30.2,4,speedlimit
2026-09-10T20:48+02:00,A15,L,61.01,4,lane_closed
2026-09-10T20:48+02:00,A16,R,66.81,2,lane_closed
2026-09-10T20:48+02:00,A4,e,75.68,2,speedlimit
2026-09-10T20:48+02:00,A20,s,29.6,1,speedlimit
2026-09-10T20:48+02:00,A20,L,28.57,2,speedlimit
2026-09-10T20:48+02:00,A20,R,30.6,2,speedlimit
2026-09-10T20:48+02:00,A16,L,27.95,2,lane_closed
2026-09-10T20:48+02:00,A15,L,65.25,3,speedlimit
2026-09-10T20:48+02:00,A13,L,17.1,2,speedlimit
2026-09-10T20:48+02:00,A16,g,67.5,1,lane_closed
2026-09-10T20:48+02:00,A20,L,28.57,3,speedlimit
2026-09-10T20:48+02:00,A15,L,64.67,3,speedlimit
2026-09-10T20:48+02:00,A20,R,26.4,4,speedlimit
2026-09-10T20:48+02:00,A20,R,30.196,2,speedlimit
2026-09-10T20:48+02:00,A13,R,17.8,3,speedlimit
2026-09-10T20:48+02:00,A16,L,29.37,2,lane_closed
2026-09-10T20:48+02:00,A4,L,43.18,3,speedlimit
2026-09-10T20:48+02:00,A15,n,95.855,2,speedlimit
